R3 [P1] parallel_read done: row_size=3092296 total_rows=12369181
R0 [P1] parallel_read done: row_size=3092295 total_rows=12369181
R1 [P1] parallel_read done: row_size=3092295 total_rows=12369181
R2 [P1] parallel_read done: row_size=3092295 total_rows=12369181
R0 [P1] allgather done
R1 [P1] allgather done
R3 [P1] allgather done
R2 [P1] allgather done
R3 [P1] entity arrays + dedup done: g_size=12369181 l_size=12369181
R2 [P1] entity arrays + dedup done: g_size=12369181 l_size=12369181
R3 [P1] initial HT built: ht_rows=33554432
R2 [P1] initial HT built: ht_rows=33554432
R1 [P1] entity arrays + dedup done: g_size=12369181 l_size=12369181
R0 [P1] entity arrays + dedup done: g_size=12369181 l_size=12369181
R3 [P1] step 0: seed join done, temp_l_size=11783640
R1 [P1] initial HT built: ht_rows=33554432
R0 [P1] initial HT built: ht_rows=33554432
R2 [P1] step 0: g_rev join done, temp_g_rev_size=11783640
R3 [P1] step 0: seed dedup done, l_size=11754517
R2 [P1] step 0: g_rev dedup done, g_rev_size=11754517
R0 [P1] step 0: g_rev join done, temp_g_rev_size=11783640
R1 [P1] step 0: seed join done, temp_l_size=11783640
R3 [P1] step 0: g_rev join done, temp_g_rev_size=11783640
R0 [P1] step 0: g_rev dedup done, g_rev_size=11754517
R1 [P1] step 0: seed dedup done, l_size=11754517
R2 [P1] step 0: g squared, g_size=11754517 ht_rows=33554432
R3 [P1] step 0: g_rev dedup done, g_rev_size=11754517
R1 [P1] step 0: g_rev join done, temp_g_rev_size=11783640
R0 [P1] step 0: g squared, g_size=11754517 ht_rows=33554432
R2 [P1] step 1: seed join done, temp_l_size=11274409
R3 [P1] step 0: g squared, g_size=11754517 ht_rows=33554432
R0 [P1] step 1: g_rev join done, temp_g_rev_size=10793770
R2 [P1] step 1: seed dedup done, l_size=11248504
R1 [P1] step 0: g_rev dedup done, g_rev_size=11754517
R3 [P1] step 1: seed join done, temp_l_size=10793770
R2 [P1] step 1: g_rev join done, temp_g_rev_size=10793770
R0 [P1] step 1: g_rev dedup done, g_rev_size=10760737
R1 [P1] step 0: g squared, g_size=11754517 ht_rows=33554432
R2 [P1] step 1: g_rev dedup done, g_rev_size=10760737
R3 [P1] step 1: seed dedup done, l_size=10760737
R1 [P1] step 1: g_rev join done, temp_g_rev_size=10793770
R3 [P1] step 1: g_rev join done, temp_g_rev_size=10793770
R0 [P1] step 1: g squared, g_size=10760737 ht_rows=33554432
R2 [P1] step 1: g squared, g_size=10760737 ht_rows=33554432
R1 [P1] step 1: g_rev dedup done, g_rev_size=10760737
R0 [P1] partition filter done: gk_fwd=2689332 gk_rev=2690450
Rank 0 Phase 1: 0.3048s | seed_size=12369181 (length 1), g^k_size=10760737
R2 [P1] partition filter done: gk_fwd=2688440 gk_rev=2689788
Rank 2 Phase 1: 0.2757s | seed_size=11248504 (length 3), g^k_size=10760737
R3 [P1] step 1: g_rev dedup done, g_rev_size=10760737
R0 [P2] dedup full done: full_size=2690450
R0 [P2] delta copy done: delta_size=2690450
R2 [P2] dedup full done: full_size=2689788
R0 [P2] HT built: gk_fwd_size=2689332 ht_rows=8388608
R2 [P2] delta copy done: delta_size=2689788
R2 [P2] HT built: gk_fwd_size=2688440 ht_rows=8388608
R1 [P1] step 1: g squared, g_size=10760737 ht_rows=33554432
R3 [P1] step 1: g squared, g_size=10760737 ht_rows=33554432
R1 [P1] partition filter done: gk_fwd=2691686 gk_rev=2689730
Rank 1 Phase 1: 0.3126s | seed_size=11754517 (length 2), g^k_size=10760737
R3 [P1] partition filter done: gk_fwd=2691279 gk_rev=2690769
Rank 3 Phase 1: 0.2718s | seed_size=10760737 (length 4), g^k_size=10760737
R1 [P2] dedup full done: full_size=2689730
R1 [P2] delta copy done: delta_size=2689730
R1 [P2] HT built: gk_fwd_size=2691686 ht_rows=8388608
R3 [P2] dedup full done: full_size=2690769
R3 [P2] delta copy done: delta_size=2690769
R3 [P2] HT built: gk_fwd_size=2691279 ht_rows=8388608
R0 [P2] entering loop: global_full_size=10760737
R1 [P2] entering loop: global_full_size=10760737
R2 [P2] entering loop: global_full_size=10760737
R2 [P2] iter 0: PRE-JOIN GPU mem: 84.4GB free / 85.1GB total | delta_size=2689788 full_size=2689788
R3 [P2] entering loop: global_full_size=10760737
R3 [P2] iter 0: PRE-JOIN GPU mem: 84.4GB free / 85.1GB total | delta_size=2690769 full_size=2690769
R0 [P2] iter 0: PRE-JOIN GPU mem: 84.4GB free / 85.1GB total | delta_size=2690450 full_size=2690450
R1 [P2] iter 0: PRE-JOIN GPU mem: 84.4GB free / 85.1GB total | delta_size=2689730 full_size=2689730
R0 [P2] iter 0: join done, raw=2245770 result_size=2243831
R1 [P2] iter 0: join done, raw=2247235 result_size=2245216
R3 [P2] iter 0: join done, raw=2246681 result_size=2244616
R2 [P2] iter 0: join done, raw=2244058 result_size=2242075
R0 [P2] iter 0: split done, delta_size=2244331
R2 [P2] iter 0: split done, delta_size=2243132
R3 [P2] iter 0: split done, delta_size=2244676
R1 [P2] iter 0: split done, delta_size=2243599
R0 [P2] iter 0: dedup done, delta_size=2238516
R3 [P2] iter 0: dedup done, delta_size=2238829
R2 [P2] iter 0: dedup done, delta_size=2237453
R0 [P2] iter 0: subtract done, delta_size=2221965
R1 [P2] iter 0: dedup done, delta_size=2237761
R3 [P2] iter 0: subtract done, delta_size=2222189
R2 [P2] iter 0: subtract done, delta_size=2220853
R1 [P2] iter 0: subtract done, delta_size=2221368
R0 [P2] iter 0: merge done, full_size=4912415
R2 [P2] iter 0: merge done, full_size=4910641
R3 [P2] iter 0: merge done, full_size=4912958
R0 [P2] iter 1 done: global_full_size=19647112
R1 [P2] iter 0: merge done, full_size=4911098
R1 [P2] iter 1 done: global_full_size=19647112
R2 [P2] iter 1 done: global_full_size=19647112
R3 [P2] iter 1 done: global_full_size=19647112
R0 [P2] iter 1: PRE-JOIN GPU mem: 84.4GB free / 85.1GB total | delta_size=2221965 full_size=4912415
R1 [P2] iter 1: PRE-JOIN GPU mem: 84.4GB free / 85.1GB total | delta_size=2221368 full_size=4911098
R2 [P2] iter 1: PRE-JOIN GPU mem: 84.4GB free / 85.1GB total | delta_size=2220853 full_size=4910641
R3 [P2] iter 1: PRE-JOIN GPU mem: 84.4GB free / 85.1GB total | delta_size=2222189 full_size=4912958
R2 [P2] iter 1: join done, raw=1859974 result_size=1858067
R0 [P2] iter 1: join done, raw=1861511 result_size=1859594
R1 [P2] iter 1: join done, raw=1862959 result_size=1860957
R3 [P2] iter 1: join done, raw=1862713 result_size=1860749
R1 [P2] iter 1: split done, delta_size=1859184
R2 [P2] iter 1: split done, delta_size=1859276
R0 [P2] iter 1: split done, delta_size=1860294
R3 [P2] iter 1: split done, delta_size=1860613
R1 [P2] iter 1: dedup done, delta_size=1853654
R2 [P2] iter 1: dedup done, delta_size=1853797
R1 [P2] iter 1: subtract done, delta_size=1831908
R0 [P2] iter 1: dedup done, delta_size=1854678
R2 [P2] iter 1: subtract done, delta_size=1831842
R3 [P2] iter 1: dedup done, delta_size=1854935
R0 [P2] iter 1: subtract done, delta_size=1832743
R1 [P2] iter 1: merge done, full_size=6743006
R3 [P2] iter 1: subtract done, delta_size=1833126
R2 [P2] iter 1: merge done, full_size=6742483
R0 [P2] iter 1: merge done, full_size=6745158
R0 [P2] iter 2 done: global_full_size=26976731
R1 [P2] iter 2 done: global_full_size=26976731
R2 [P2] iter 2 done: global_full_size=26976731
R3 [P2] iter 1: merge done, full_size=6746084
R3 [P2] iter 2 done: global_full_size=26976731
R0 [P2] iter 2: PRE-JOIN GPU mem: 84.4GB free / 85.1GB total | delta_size=1832743 full_size=6745158
R1 [P2] iter 2: PRE-JOIN GPU mem: 84.4GB free / 85.1GB total | delta_size=1831908 full_size=6743006
R2 [P2] iter 2: PRE-JOIN GPU mem: 84.4GB free / 85.1GB total | delta_size=1831842 full_size=6742483
R3 [P2] iter 2: PRE-JOIN GPU mem: 84.4GB free / 85.1GB total | delta_size=1833126 full_size=6746084
R1 [P2] iter 2: join done, raw=1550147 result_size=1548526
R0 [P2] iter 2: join done, raw=1548607 result_size=1546988
R3 [P2] iter 2: join done, raw=1550823 result_size=1549145
R2 [P2] iter 2: join done, raw=1547688 result_size=1546062
R2 [P2] iter 2: split done, delta_size=1546994
R0 [P2] iter 2: split done, delta_size=1548128
R3 [P2] iter 2: split done, delta_size=1549007
R1 [P2] iter 2: split done, delta_size=1546592
R3 [P2] iter 2: dedup done, delta_size=1544260
R2 [P2] iter 2: dedup done, delta_size=1542391
R0 [P2] iter 2: dedup done, delta_size=1543423
R1 [P2] iter 2: dedup done, delta_size=1542053
R3 [P2] iter 2: subtract done, delta_size=1522702
R2 [P2] iter 2: subtract done, delta_size=1520603
R0 [P2] iter 2: subtract done, delta_size=1521682
R1 [P2] iter 2: subtract done, delta_size=1520594
R3 [P2] iter 2: merge done, full_size=8268786
R2 [P2] iter 2: merge done, full_size=8263086
R1 [P2] iter 2: merge done, full_size=8263600
R0 [P2] iter 2: merge done, full_size=8266840
R0 [P2] iter 3 done: global_full_size=33062312
R1 [P2] iter 3 done: global_full_size=33062312
R2 [P2] iter 3 done: global_full_size=33062312
R3 [P2] iter 3 done: global_full_size=33062312
R3 [P2] iter 3: PRE-JOIN GPU mem: 84.4GB free / 85.1GB total | delta_size=1522702 full_size=8268786
R0 [P2] iter 3: PRE-JOIN GPU mem: 84.4GB free / 85.1GB total | delta_size=1521682 full_size=8266840
R1 [P2] iter 3: PRE-JOIN GPU mem: 84.4GB free / 85.1GB total | delta_size=1520594 full_size=8263600
R2 [P2] iter 3: PRE-JOIN GPU mem: 84.4GB free / 85.1GB total | delta_size=1520603 full_size=8263086
R0 [P2] iter 3: join done, raw=1297160 result_size=1295869
R2 [P2] iter 3: join done, raw=1297604 result_size=1296311
R1 [P2] iter 3: join done, raw=1298843 result_size=1297524
R3 [P2] iter 3: join done, raw=1300816 result_size=1299516
R1 [P2] iter 3: split done, delta_size=1296163
R3 [P2] iter 3: split done, delta_size=1297672
R0 [P2] iter 3: split done, delta_size=1298094
R2 [P2] iter 3: split done, delta_size=1297291
R3 [P2] iter 3: dedup done, delta_size=1293922
R1 [P2] iter 3: dedup done, delta_size=1292549
R0 [P2] iter 3: dedup done, delta_size=1294269
R2 [P2] iter 3: dedup done, delta_size=1293639
R3 [P2] iter 3: subtract done, delta_size=1274790
R1 [P2] iter 3: subtract done, delta_size=1273563
R0 [P2] iter 3: subtract done, delta_size=1274999
R2 [P2] iter 3: subtract done, delta_size=1274149
R3 [P2] iter 3: merge done, full_size=9543576
R1 [P2] iter 3: merge done, full_size=9537163
R0 [P2] iter 3: merge done, full_size=9541839
R0 [P2] iter 4 done: global_full_size=38159813
R1 [P2] iter 4 done: global_full_size=38159813
R2 [P2] iter 3: merge done, full_size=9537235
R2 [P2] iter 4 done: global_full_size=38159813
R3 [P2] iter 4 done: global_full_size=38159813
R0 [P2] iter 4: PRE-JOIN GPU mem: 84.4GB free / 85.1GB total | delta_size=1274999 full_size=9541839
R2 [P2] iter 4: PRE-JOIN GPU mem: 84.4GB free / 85.1GB total | delta_size=1274149 full_size=9537235
R1 [P2] iter 4: PRE-JOIN GPU mem: 84.4GB free / 85.1GB total | delta_size=1273563 full_size=9537163
R3 [P2] iter 4: PRE-JOIN GPU mem: 84.4GB free / 85.1GB total | delta_size=1274790 full_size=9543576
R1 [P2] iter 4: join done, raw=1098173 result_size=1097126
R2 [P2] iter 4: join done, raw=1097806 result_size=1096777
R0 [P2] iter 4: join done, raw=1096960 result_size=1095986
R3 [P2] iter 4: join done, raw=1098872 result_size=1097829
R1 [P2] iter 4: split done, delta_size=1096200
R2 [P2] iter 4: split done, delta_size=1096669
R0 [P2] iter 4: split done, delta_size=1096822
R3 [P2] iter 4: split done, delta_size=1098027
R1 [P2] iter 4: dedup done, delta_size=1093305
R1 [P2] iter 4: subtract done, delta_size=1077190
R0 [P2] iter 4: dedup done, delta_size=1093754
R2 [P2] iter 4: dedup done, delta_size=1093768
R3 [P2] iter 4: dedup done, delta_size=1095020
R1 [P2] iter 4: merge done, full_size=10614353
R0 [P2] iter 4: subtract done, delta_size=1077212
R2 [P2] iter 4: subtract done, delta_size=1077253
R3 [P2] iter 4: subtract done, delta_size=1078655
R0 [P2] iter 4: merge done, full_size=10619051
R2 [P2] iter 4: merge done, full_size=10614488
R0 [P2] iter 5 done: global_full_size=42470123
R1 [P2] iter 5 done: global_full_size=42470123
R2 [P2] iter 5 done: global_full_size=42470123
R3 [P2] iter 4: merge done, full_size=10622231
R3 [P2] iter 5 done: global_full_size=42470123
R0 [P2] iter 5: PRE-JOIN GPU mem: 84.4GB free / 85.1GB total | delta_size=1077212 full_size=10619051
R1 [P2] iter 5: PRE-JOIN GPU mem: 84.4GB free / 85.1GB total | delta_size=1077190 full_size=10614353
R2 [P2] iter 5: PRE-JOIN GPU mem: 84.4GB free / 85.1GB total | delta_size=1077253 full_size=10614488
R3 [P2] iter 5: PRE-JOIN GPU mem: 84.4GB free / 85.1GB total | delta_size=1078655 full_size=10622231
R0 [P2] iter 5: join done, raw=934439 result_size=933682
R1 [P2] iter 5: join done, raw=936374 result_size=935542
R2 [P2] iter 5: join done, raw=935034 result_size=934233
R3 [P2] iter 5: join done, raw=937238 result_size=936362
R3 [P2] iter 5: split done, delta_size=934889
R1 [P2] iter 5: split done, delta_size=934764
R2 [P2] iter 5: split done, delta_size=935094
R0 [P2] iter 5: split done, delta_size=935072
R3 [P2] iter 5: dedup done, delta_size=932566
R3 [P2] iter 5: subtract done, delta_size=918802
R1 [P2] iter 5: dedup done, delta_size=932477
R2 [P2] iter 5: dedup done, delta_size=932808
R0 [P2] iter 5: dedup done, delta_size=932658
R1 [P2] iter 5: subtract done, delta_size=918715
R3 [P2] iter 5: merge done, full_size=11541033
R0 [P2] iter 5: subtract done, delta_size=918669
R2 [P2] iter 5: subtract done, delta_size=918857
R1 [P2] iter 5: merge done, full_size=11533068
R0 [P2] iter 5: merge done, full_size=11537720
R0 [P2] iter 6 done: global_full_size=46145166
R1 [P2] iter 6 done: global_full_size=46145166
R2 [P2] iter 5: merge done, full_size=11533345
R2 [P2] iter 6 done: global_full_size=46145166
R3 [P2] iter 6 done: global_full_size=46145166
R0 [P2] iter 6: PRE-JOIN GPU mem: 84.4GB free / 85.1GB total | delta_size=918669 full_size=11537720
R1 [P2] iter 6: PRE-JOIN GPU mem: 84.4GB free / 85.1GB total | delta_size=918715 full_size=11533068
R2 [P2] iter 6: PRE-JOIN GPU mem: 84.4GB free / 85.1GB total | delta_size=918857 full_size=11533345
R3 [P2] iter 6: PRE-JOIN GPU mem: 84.4GB free / 85.1GB total | delta_size=918802 full_size=11541033
R0 [P2] iter 6: join done, raw=803076 result_size=802480
R2 [P2] iter 6: join done, raw=803337 result_size=802717
R3 [P2] iter 6: join done, raw=804788 result_size=804083
R1 [P2] iter 6: join done, raw=805071 result_size=804408
R2 [P2] iter 6: split done, delta_size=803645
R3 [P2] iter 6: split done, delta_size=803431
R0 [P2] iter 6: split done, delta_size=803998
R1 [P2] iter 6: split done, delta_size=802614
R0 [P2] iter 6: dedup done, delta_size=802106
R3 [P2] iter 6: dedup done, delta_size=801568
R2 [P2] iter 6: dedup done, delta_size=801838
R1 [P2] iter 6: dedup done, delta_size=800819
R3 [P2] iter 6: subtract done, delta_size=790019
R0 [P2] iter 6: subtract done, delta_size=790318
R2 [P2] iter 6: subtract done, delta_size=790009
R1 [P2] iter 6: subtract done, delta_size=789375
R1 [P2] iter 6: merge done, full_size=12322443
R3 [P2] iter 6: merge done, full_size=12331052
R0 [P2] iter 6: merge done, full_size=12328038
R0 [P2] iter 7 done: global_full_size=49304887
R1 [P2] iter 7 done: global_full_size=49304887
R2 [P2] iter 6: merge done, full_size=12323354
R2 [P2] iter 7 done: global_full_size=49304887
R3 [P2] iter 7 done: global_full_size=49304887
R0 [P2] iter 7: PRE-JOIN GPU mem: 84.4GB free / 85.1GB total | delta_size=790318 full_size=12328038
R1 [P2] iter 7: PRE-JOIN GPU mem: 84.4GB free / 85.1GB total | delta_size=789375 full_size=12322443
R2 [P2] iter 7: PRE-JOIN GPU mem: 84.4GB free / 85.1GB total | delta_size=790009 full_size=12323354
R3 [P2] iter 7: PRE-JOIN GPU mem: 84.4GB free / 85.1GB total | delta_size=790019 full_size=12331052
R3 [P2] iter 7: join done, raw=697808 result_size=697238
R1 [P2] iter 7: join done, raw=696409 result_size=695872
R2 [P2] iter 7: join done, raw=695631 result_size=695150
R0 [P2] iter 7: join done, raw=695650 result_size=695185
R1 [P2] iter 7: split done, delta_size=695235
R3 [P2] iter 7: split done, delta_size=696052
R0 [P2] iter 7: split done, delta_size=695638
R2 [P2] iter 7: split done, delta_size=696520
R0 [P2] iter 7: dedup done, delta_size=694142
R1 [P2] iter 7: dedup done, delta_size=693840
R2 [P2] iter 7: dedup done, delta_size=695098
R3 [P2] iter 7: dedup done, delta_size=694585
R0 [P2] iter 7: subtract done, delta_size=684496
R1 [P2] iter 7: subtract done, delta_size=684340
R2 [P2] iter 7: subtract done, delta_size=685238
R3 [P2] iter 7: subtract done, delta_size=684886
R1 [P2] iter 7: merge done, full_size=13006783
R0 [P2] iter 7: merge done, full_size=13012534
R3 [P2] iter 7: merge done, full_size=13015938
R2 [P2] iter 7: merge done, full_size=13008592
R0 [P2] iter 8 done: global_full_size=52043847
R1 [P2] iter 8 done: global_full_size=52043847
R2 [P2] iter 8 done: global_full_size=52043847
R3 [P2] iter 8 done: global_full_size=52043847
R0 [P2] iter 8: PRE-JOIN GPU mem: 84.4GB free / 85.1GB total | delta_size=684496 full_size=13012534
R1 [P2] iter 8: PRE-JOIN GPU mem: 84.4GB free / 85.1GB total | delta_size=684340 full_size=13006783
R2 [P2] iter 8: PRE-JOIN GPU mem: 84.4GB free / 85.1GB total | delta_size=685238 full_size=13008592
R3 [P2] iter 8: PRE-JOIN GPU mem: 84.4GB free / 85.1GB total | delta_size=684886 full_size=13015938
R2 [P2] iter 8: join done, raw=607432 result_size=607051
R0 [P2] iter 8: join done, raw=606389 result_size=606029
R3 [P2] iter 8: join done, raw=608257 result_size=607802
R1 [P2] iter 8: join done, raw=607343 result_size=606915
R3 [P2] iter 8: split done, delta_size=607223
R1 [P2] iter 8: split done, delta_size=606760
R0 [P2] iter 8: split done, delta_size=606566
R2 [P2] iter 8: split done, delta_size=607248
R3 [P2] iter 8: dedup done, delta_size=606050
R0 [P2] iter 8: dedup done, delta_size=605354
R1 [P2] iter 8: dedup done, delta_size=605637
R2 [P2] iter 8: dedup done, delta_size=606084
R3 [P2] iter 8: subtract done, delta_size=597919
R0 [P2] iter 8: subtract done, delta_size=597323
R2 [P2] iter 8: subtract done, delta_size=597834
R1 [P2] iter 8: subtract done, delta_size=597672
R3 [P2] iter 8: merge done, full_size=13613857
R0 [P2] iter 8: merge done, full_size=13609857
R2 [P2] iter 8: merge done, full_size=13606426
R0 [P2] iter 9 done: global_full_size=54434595
R1 [P2] iter 8: merge done, full_size=13604455
R1 [P2] iter 9 done: global_full_size=54434595
R2 [P2] iter 9 done: global_full_size=54434595
R3 [P2] iter 9 done: global_full_size=54434595
R0 [P2] iter 9: PRE-JOIN GPU mem: 84.4GB free / 85.1GB total | delta_size=597323 full_size=13609857
R1 [P2] iter 9: PRE-JOIN GPU mem: 84.4GB free / 85.1GB total | delta_size=597672 full_size=13604455
R2 [P2] iter 9: PRE-JOIN GPU mem: 84.4GB free / 85.1GB total | delta_size=597834 full_size=13606426
R3 [P2] iter 9: PRE-JOIN GPU mem: 84.4GB free / 85.1GB total | delta_size=597919 full_size=13613857
R1 [P2] iter 9: join done, raw=533135 result_size=532774
R2 [P2] iter 9: join done, raw=532581 result_size=532276
R0 [P2] iter 9: join done, raw=531414 result_size=531120
R3 [P2] iter 9: join done, raw=533557 result_size=533172
R3 [P2] iter 9: split done, delta_size=532620
R0 [P2] iter 9: split done, delta_size=532024
R1 [P2] iter 9: split done, delta_size=532207
R2 [P2] iter 9: split done, delta_size=532491
R3 [P2] iter 9: dedup done, delta_size=531641
R1 [P2] iter 9: dedup done, delta_size=531320
R0 [P2] iter 9: dedup done, delta_size=531029
R1 [P2] iter 9: subtract done, delta_size=524668
R2 [P2] iter 9: dedup done, delta_size=531556
R3 [P2] iter 9: subtract done, delta_size=524918
R0 [P2] iter 9: subtract done, delta_size=524318
R2 [P2] iter 9: subtract done, delta_size=524649
R3 [P2] iter 9: merge done, full_size=14138775
R1 [P2] iter 9: merge done, full_size=14129123
R0 [P2] iter 9: merge done, full_size=14134175
R0 [P2] iter 10 done: global_full_size=56533148
R1 [P2] iter 10 done: global_full_size=56533148
R2 [P2] iter 9: merge done, full_size=14131075
R2 [P2] iter 10 done: global_full_size=56533148
R2 [P2] iter 10: PRE-JOIN GPU mem: 84.4GB free / 85.1GB total | delta_size=524649 full_size=14131075
R3 [P2] iter 10 done: global_full_size=56533148
R0 [P2] iter 10: PRE-JOIN GPU mem: 84.4GB free / 85.1GB total | delta_size=524318 full_size=14134175
R1 [P2] iter 10: PRE-JOIN GPU mem: 84.4GB free / 85.1GB total | delta_size=524668 full_size=14129123
R3 [P2] iter 10: PRE-JOIN GPU mem: 84.4GB free / 85.1GB total | delta_size=524918 full_size=14138775
R0 [P2] iter 10: join done, raw=468763 result_size=468510
R2 [P2] iter 10: join done, raw=469826 result_size=469569
R1 [P2] iter 10: join done, raw=470493 result_size=470209
R3 [P2] iter 10: join done, raw=470821 result_size=470506
R3 [P2] iter 10: split done, delta_size=469936
R2 [P2] iter 10: split done, delta_size=469721
R0 [P2] iter 10: split done, delta_size=469584
R1 [P2] iter 10: split done, delta_size=469553
R3 [P2] iter 10: dedup done, delta_size=469128
R2 [P2] iter 10: dedup done, delta_size=468928
R1 [P2] iter 10: dedup done, delta_size=468820
R0 [P2] iter 10: dedup done, delta_size=468769
R3 [P2] iter 10: subtract done, delta_size=463413
R2 [P2] iter 10: subtract done, delta_size=463107
R0 [P2] iter 10: subtract done, delta_size=463042
R1 [P2] iter 10: subtract done, delta_size=463143
R3 [P2] iter 10: merge done, full_size=14602188
R2 [P2] iter 10: merge done, full_size=14594182
R0 [P2] iter 10: merge done, full_size=14597217
R0 [P2] iter 11 done: global_full_size=58385853
R1 [P2] iter 10: merge done, full_size=14592266
R1 [P2] iter 11 done: global_full_size=58385853
R2 [P2] iter 11 done: global_full_size=58385853
R3 [P2] iter 11 done: global_full_size=58385853
R0 [P2] iter 11: PRE-JOIN GPU mem: 84.4GB free / 85.1GB total | delta_size=463042 full_size=14597217
R1 [P2] iter 11: PRE-JOIN GPU mem: 84.4GB free / 85.1GB total | delta_size=463143 full_size=14592266
R2 [P2] iter 11: PRE-JOIN GPU mem: 84.4GB free / 85.1GB total | delta_size=463107 full_size=14594182
R3 [P2] iter 11: PRE-JOIN GPU mem: 84.4GB free / 85.1GB total | delta_size=463413 full_size=14602188
R0 [P2] iter 11: join done, raw=415878 result_size=415672
R1 [P2] iter 11: join done, raw=416848 result_size=416608
R2 [P2] iter 11: join done, raw=416566 result_size=416351
R3 [P2] iter 11: join done, raw=417483 result_size=417218
R2 [P2] iter 11: split done, delta_size=416356
R3 [P2] iter 11: split done, delta_size=416685
R1 [P2] iter 11: split done, delta_size=416375
R0 [P2] iter 11: split done, delta_size=416433
R2 [P2] iter 11: dedup done, delta_size=415691
R3 [P2] iter 11: dedup done, delta_size=415998
R0 [P2] iter 11: dedup done, delta_size=415767
R1 [P2] iter 11: dedup done, delta_size=415759
R0 [P2] iter 11: subtract done, delta_size=410899
R2 [P2] iter 11: subtract done, delta_size=410764
R3 [P2] iter 11: subtract done, delta_size=411170
R1 [P2] iter 11: subtract done, delta_size=410915
R0 [P2] iter 11: merge done, full_size=15008116
R2 [P2] iter 11: merge done, full_size=15004946
R1 [P2] iter 11: merge done, full_size=15003181
R0 [P2] iter 12 done: global_full_size=60029601
R0 [P2] iter 12: PRE-JOIN GPU mem: 84.4GB free / 85.1GB total | delta_size=410899 full_size=15008116
R1 [P2] iter 12 done: global_full_size=60029601
R1 [P2] iter 12: PRE-JOIN GPU mem: 84.4GB free / 85.1GB total | delta_size=410915 full_size=15003181
R2 [P2] iter 12 done: global_full_size=60029601
R2 [P2] iter 12: PRE-JOIN GPU mem: 84.4GB free / 85.1GB total | delta_size=410764 full_size=15004946
R3 [P2] iter 11: merge done, full_size=15013358
R3 [P2] iter 12 done: global_full_size=60029601
R3 [P2] iter 12: PRE-JOIN GPU mem: 84.4GB free / 85.1GB total | delta_size=411170 full_size=15013358
R3 [P2] iter 12: join done, raw=371707 result_size=371482
R0 [P2] iter 12: join done, raw=370660 result_size=370484
R2 [P2] iter 12: join done, raw=370987 result_size=370807
R1 [P2] iter 12: join done, raw=371115 result_size=370913
R3 [P2] iter 12: split done, delta_size=370589
R0 [P2] iter 12: split done, delta_size=371052
R1 [P2] iter 12: split done, delta_size=371164
R2 [P2] iter 12: split done, delta_size=370881
R3 [P2] iter 12: dedup done, delta_size=369983
R1 [P2] iter 12: dedup done, delta_size=370631
R2 [P2] iter 12: dedup done, delta_size=370315
R0 [P2] iter 12: dedup done, delta_size=370465
R3 [P2] iter 12: subtract done, delta_size=365850
R2 [P2] iter 12: subtract done, delta_size=366199
R1 [P2] iter 12: subtract done, delta_size=366521
R0 [P2] iter 12: subtract done, delta_size=366236
R3 [P2] iter 12: merge done, full_size=15379208
R0 [P2] iter 12: merge done, full_size=15374352
R1 [P2] iter 12: merge done, full_size=15369702
R0 [P2] iter 13 done: global_full_size=61494407
R1 [P2] iter 13 done: global_full_size=61494407
R2 [P2] iter 12: merge done, full_size=15371145
R2 [P2] iter 13 done: global_full_size=61494407
R3 [P2] iter 13 done: global_full_size=61494407
R0 [P2] iter 13: PRE-JOIN GPU mem: 84.3GB free / 85.1GB total | delta_size=366236 full_size=15374352
R1 [P2] iter 13: PRE-JOIN GPU mem: 84.4GB free / 85.1GB total | delta_size=366521 full_size=15369702
R2 [P2] iter 13: PRE-JOIN GPU mem: 84.4GB free / 85.1GB total | delta_size=366199 full_size=15371145
R3 [P2] iter 13: PRE-JOIN GPU mem: 84.4GB free / 85.1GB total | delta_size=365850 full_size=15379208
R0 [P2] iter 13: join done, raw=331674 result_size=331527
R1 [P2] iter 13: join done, raw=332313 result_size=332145
R3 [P2] iter 13: join done, raw=331978 result_size=331786
R2 [P2] iter 13: join done, raw=332214 result_size=332058
R3 [P2] iter 13: split done, delta_size=331411
R1 [P2] iter 13: split done, delta_size=332038
R0 [P2] iter 13: split done, delta_size=332249
R2 [P2] iter 13: split done, delta_size=331818
R1 [P2] iter 13: dedup done, delta_size=331573
R3 [P2] iter 13: dedup done, delta_size=330886
R0 [P2] iter 13: dedup done, delta_size=331727
R2 [P2] iter 13: dedup done, delta_size=331334
R1 [P2] iter 13: subtract done, delta_size=328049
R3 [P2] iter 13: subtract done, delta_size=327350
R0 [P2] iter 13: subtract done, delta_size=328115
R2 [P2] iter 13: subtract done, delta_size=327836
R1 [P2] iter 13: merge done, full_size=15697751
R3 [P2] iter 13: merge done, full_size=15706558
R0 [P2] iter 13: merge done, full_size=15702467
R0 [P2] iter 14 done: global_full_size=62805757
R1 [P2] iter 14 done: global_full_size=62805757
R2 [P2] iter 13: merge done, full_size=15698981
R2 [P2] iter 14 done: global_full_size=62805757
R3 [P2] iter 14 done: global_full_size=62805757
R0 [P2] iter 14: PRE-JOIN GPU mem: 84.3GB free / 85.1GB total | delta_size=328115 full_size=15702467
R1 [P2] iter 14: PRE-JOIN GPU mem: 84.4GB free / 85.1GB total | delta_size=328049 full_size=15697751
R2 [P2] iter 14: PRE-JOIN GPU mem: 84.4GB free / 85.1GB total | delta_size=327836 full_size=15698981
R3 [P2] iter 14: PRE-JOIN GPU mem: 84.4GB free / 85.1GB total | delta_size=327350 full_size=15706558
R2 [P2] iter 14: join done, raw=298448 result_size=298307
R3 [P2] iter 14: join done, raw=297914 result_size=297754
R0 [P2] iter 14: join done, raw=298044 result_size=297912
R1 [P2] iter 14: join done, raw=298056 result_size=297920
R2 [P2] iter 14: split done, delta_size=297703
R0 [P2] iter 14: split done, delta_size=298576
R1 [P2] iter 14: split done, delta_size=298117
R3 [P2] iter 14: split done, delta_size=297497
R2 [P2] iter 14: dedup done, delta_size=297296
R3 [P2] iter 14: dedup done, delta_size=297061
R1 [P2] iter 14: dedup done, delta_size=297728
R0 [P2] iter 14: dedup done, delta_size=298137
R1 [P2] iter 14: subtract done, delta_size=294675
R2 [P2] iter 14: subtract done, delta_size=294313
R3 [P2] iter 14: subtract done, delta_size=294046
R0 [P2] iter 14: subtract done, delta_size=295029
R1 [P2] iter 14: merge done, full_size=15992426
R2 [P2] iter 14: merge done, full_size=15993294
R3 [P2] iter 14: merge done, full_size=16000604
R0 [P2] iter 14: merge done, full_size=15997496
R0 [P2] iter 15 done: global_full_size=63983820
R1 [P2] iter 15 done: global_full_size=63983820
R2 [P2] iter 15 done: global_full_size=63983820
R2 [P2] iter 15: PRE-JOIN GPU mem: 84.4GB free / 85.1GB total | delta_size=294313 full_size=15993294
R3 [P2] iter 15 done: global_full_size=63983820
R0 [P2] iter 15: PRE-JOIN GPU mem: 84.3GB free / 85.1GB total | delta_size=295029 full_size=15997496
R1 [P2] iter 15: PRE-JOIN GPU mem: 84.3GB free / 85.1GB total | delta_size=294675 full_size=15992426
R3 [P2] iter 15: PRE-JOIN GPU mem: 84.4GB free / 85.1GB total | delta_size=294046 full_size=16000604
R0 [P2] iter 15: join done, raw=268405 result_size=268289
R1 [P2] iter 15: join done, raw=268226 result_size=268111
R2 [P2] iter 15: join done, raw=268398 result_size=268278
R3 [P2] iter 15: join done, raw=268342 result_size=268210
R3 [P2] iter 15: split done, delta_size=267732
R1 [P2] iter 15: split done, delta_size=268548
R0 [P2] iter 15: split done, delta_size=268747
R2 [P2] iter 15: split done, delta_size=267861
R1 [P2] iter 15: dedup done, delta_size=268216
R3 [P2] iter 15: dedup done, delta_size=267372
R0 [P2] iter 15: dedup done, delta_size=268387
R2 [P2] iter 15: dedup done, delta_size=267527
R3 [P2] iter 15: subtract done, delta_size=264776
R1 [P2] iter 15: subtract done, delta_size=265569
R0 [P2] iter 15: subtract done, delta_size=265689
R2 [P2] iter 15: subtract done, delta_size=264974
R1 [P2] iter 15: merge done, full_size=16257995
R3 [P2] iter 15: merge done, full_size=16265380
R0 [P2] iter 15: merge done, full_size=16263185
R0 [P2] iter 16 done: global_full_size=65044828
R2 [P2] iter 15: merge done, full_size=16258268
R2 [P2] iter 16 done: global_full_size=65044828
R1 [P2] iter 16 done: global_full_size=65044828
R3 [P2] iter 16 done: global_full_size=65044828
R0 [P2] iter 16: PRE-JOIN GPU mem: 84.3GB free / 85.1GB total | delta_size=265689 full_size=16263185
R1 [P2] iter 16: PRE-JOIN GPU mem: 84.3GB free / 85.1GB total | delta_size=265569 full_size=16257995
R2 [P2] iter 16: PRE-JOIN GPU mem: 84.3GB free / 85.1GB total | delta_size=264974 full_size=16258268
R3 [P2] iter 16: PRE-JOIN GPU mem: 84.4GB free / 85.1GB total | delta_size=264776 full_size=16265380
R0 [P2] iter 16: join done, raw=242423 result_size=242320
R2 [P2] iter 16: join done, raw=242280 result_size=242175
R1 [P2] iter 16: join done, raw=242377 result_size=242276
R3 [P2] iter 16: join done, raw=242461 result_size=242356
R0 [P2] iter 16: split done, delta_size=242798
R1 [P2] iter 16: split done, delta_size=242439
R3 [P2] iter 16: split done, delta_size=242013
R2 [P2] iter 16: split done, delta_size=241877
R0 [P2] iter 16: dedup done, delta_size=242503
R1 [P2] iter 16: dedup done, delta_size=242169
R3 [P2] iter 16: dedup done, delta_size=241718
R2 [P2] iter 16: dedup done, delta_size=241594
R0 [P2] iter 16: subtract done, delta_size=240174
R1 [P2] iter 16: subtract done, delta_size=239877
R3 [P2] iter 16: subtract done, delta_size=239497
R2 [P2] iter 16: subtract done, delta_size=239410
R1 [P2] iter 16: merge done, full_size=16497872
R0 [P2] iter 16: merge done, full_size=16503359
R3 [P2] iter 16: merge done, full_size=16504877
R0 [P2] iter 17 done: global_full_size=66003786
R1 [P2] iter 17 done: global_full_size=66003786
R2 [P2] iter 16: merge done, full_size=16497678
R2 [P2] iter 17 done: global_full_size=66003786
R3 [P2] iter 17 done: global_full_size=66003786
R0 [P2] iter 17: PRE-JOIN GPU mem: 84.3GB free / 85.1GB total | delta_size=240174 full_size=16503359
R1 [P2] iter 17: PRE-JOIN GPU mem: 84.3GB free / 85.1GB total | delta_size=239877 full_size=16497872
R2 [P2] iter 17: PRE-JOIN GPU mem: 84.4GB free / 85.1GB total | delta_size=239410 full_size=16497678
R3 [P2] iter 17: PRE-JOIN GPU mem: 84.4GB free / 85.1GB total | delta_size=239497 full_size=16504877
R2 [P2] iter 17: join done, raw=219568 result_size=219472
R1 [P2] iter 17: join done, raw=219510 result_size=219424
R0 [P2] iter 17: join done, raw=219601 result_size=219517
R3 [P2] iter 17: join done, raw=219795 result_size=219706
R3 [P2] iter 17: split done, delta_size=219371
R1 [P2] iter 17: split done, delta_size=219667
R0 [P2] iter 17: split done, delta_size=220064
R2 [P2] iter 17: split done, delta_size=219017
R3 [P2] iter 17: dedup done, delta_size=219108
R0 [P2] iter 17: dedup done, delta_size=219810
R1 [P2] iter 17: dedup done, delta_size=219445
R2 [P2] iter 17: dedup done, delta_size=218782
R3 [P2] iter 17: subtract done, delta_size=217158
R0 [P2] iter 17: subtract done, delta_size=217787
R1 [P2] iter 17: subtract done, delta_size=217453
R2 [P2] iter 17: subtract done, delta_size=216961
R3 [P2] iter 17: merge done, full_size=16722035
R1 [P2] iter 17: merge done, full_size=16715325
R0 [P2] iter 17: merge done, full_size=16721146
R0 [P2] iter 18 done: global_full_size=66873145
R1 [P2] iter 18 done: global_full_size=66873145
R2 [P2] iter 17: merge done, full_size=16714639
R2 [P2] iter 18 done: global_full_size=66873145
R3 [P2] iter 18 done: global_full_size=66873145
R0 [P2] iter 18: PRE-JOIN GPU mem: 84.3GB free / 85.1GB total | delta_size=217787 full_size=16721146
R2 [P2] iter 18: PRE-JOIN GPU mem: 84.3GB free / 85.1GB total | delta_size=216961 full_size=16714639
R1 [P2] iter 18: PRE-JOIN GPU mem: 84.3GB free / 85.1GB total | delta_size=217453 full_size=16715325
R3 [P2] iter 18: PRE-JOIN GPU mem: 84.4GB free / 85.1GB total | delta_size=217158 full_size=16722035
R3 [P2] iter 18: join done, raw=199788 result_size=199710
R0 [P2] iter 18: join done, raw=199533 result_size=199462
R2 [P2] iter 18: join done, raw=199561 result_size=199476
R1 [P2] iter 18: join done, raw=199544 result_size=199468
R3 [P2] iter 18: split done, delta_size=199323
R1 [P2] iter 18: split done, delta_size=199530
R2 [P2] iter 18: split done, delta_size=199145
R0 [P2] iter 18: split done, delta_size=200118
R3 [P2] iter 18: dedup done, delta_size=199086
R1 [P2] iter 18: dedup done, delta_size=199343
R0 [P2] iter 18: dedup done, delta_size=199891
R2 [P2] iter 18: dedup done, delta_size=198940
R3 [P2] iter 18: subtract done, delta_size=197376
R0 [P2] iter 18: subtract done, delta_size=198130
R1 [P2] iter 18: subtract done, delta_size=197600
R2 [P2] iter 18: subtract done, delta_size=197343
R3 [P2] iter 18: merge done, full_size=16919411
R0 [P2] iter 18: merge done, full_size=16919276
R1 [P2] iter 18: merge done, full_size=16912925
R0 [P2] iter 19 done: global_full_size=67663594
R1 [P2] iter 19 done: global_full_size=67663594
R2 [P2] iter 18: merge done, full_size=16911982
R2 [P2] iter 19 done: global_full_size=67663594
R3 [P2] iter 19 done: global_full_size=67663594
R0 [P2] iter 19: PRE-JOIN GPU mem: 84.3GB free / 85.1GB total | delta_size=198130 full_size=16919276
R1 [P2] iter 19: PRE-JOIN GPU mem: 84.3GB free / 85.1GB total | delta_size=197600 full_size=16912925
R2 [P2] iter 19: PRE-JOIN GPU mem: 84.3GB free / 85.1GB total | delta_size=197343 full_size=16911982
R3 [P2] iter 19: PRE-JOIN GPU mem: 84.4GB free / 85.1GB total | delta_size=197376 full_size=16919411
R0 [P2] iter 19: join done, raw=181930 result_size=181872
R2 [P2] iter 19: join done, raw=181611 result_size=181534
R3 [P2] iter 19: join done, raw=181713 result_size=181644
R1 [P2] iter 19: join done, raw=181831 result_size=181761
R3 [P2] iter 19: split done, delta_size=181419
R0 [P2] iter 19: split done, delta_size=182352
R1 [P2] iter 19: split done, delta_size=181707
R2 [P2] iter 19: split done, delta_size=181333
R3 [P2] iter 19: dedup done, delta_size=181212
R1 [P2] iter 19: dedup done, delta_size=181544
R2 [P2] iter 19: dedup done, delta_size=181151
R0 [P2] iter 19: dedup done, delta_size=182144
R3 [P2] iter 19: subtract done, delta_size=179685
R1 [P2] iter 19: subtract done, delta_size=180023
R2 [P2] iter 19: subtract done, delta_size=179737
R0 [P2] iter 19: subtract done, delta_size=180592
R3 [P2] iter 19: merge done, full_size=17099096
R2 [P2] iter 19: merge done, full_size=17091719
R1 [P2] iter 19: merge done, full_size=17092948
R0 [P2] iter 19: merge done, full_size=17099868
R0 [P2] iter 20 done: global_full_size=68383631
R1 [P2] iter 20 done: global_full_size=68383631
R2 [P2] iter 20 done: global_full_size=68383631
R3 [P2] iter 20 done: global_full_size=68383631
R0 [P2] iter 20: PRE-JOIN GPU mem: 84.3GB free / 85.1GB total | delta_size=180592 full_size=17099868
R1 [P2] iter 20: PRE-JOIN GPU mem: 84.3GB free / 85.1GB total | delta_size=180023 full_size=17092948
R2 [P2] iter 20: PRE-JOIN GPU mem: 84.3GB free / 85.1GB total | delta_size=179737 full_size=17091719
R3 [P2] iter 20: PRE-JOIN GPU mem: 84.3GB free / 85.1GB total | delta_size=179685 full_size=17099096
R1 [P2] iter 20: join done, raw=166018 result_size=165954
R0 [P2] iter 20: join done, raw=165948 result_size=165893
R3 [P2] iter 20: join done, raw=165720 result_size=165666
R2 [P2] iter 20: join done, raw=165731 result_size=165666
R3 [P2] iter 20: split done, delta_size=165496
R0 [P2] iter 20: split done, delta_size=166357
R1 [P2] iter 20: split done, delta_size=165789
R2 [P2] iter 20: split done, delta_size=165537
R3 [P2] iter 20: dedup done, delta_size=165330
R0 [P2] iter 20: dedup done, delta_size=166185
R1 [P2] iter 20: dedup done, delta_size=165646
R2 [P2] iter 20: dedup done, delta_size=165373
R3 [P2] iter 20: subtract done, delta_size=164012
R0 [P2] iter 20: subtract done, delta_size=164832
R1 [P2] iter 20: subtract done, delta_size=164295
R2 [P2] iter 20: subtract done, delta_size=164144
R3 [P2] iter 20: merge done, full_size=17263108
R0 [P2] iter 20: merge done, full_size=17264700
R1 [P2] iter 20: merge done, full_size=17257243
R0 [P2] iter 21 done: global_full_size=69040914
R1 [P2] iter 21 done: global_full_size=69040914
R2 [P2] iter 20: merge done, full_size=17255863
R2 [P2] iter 21 done: global_full_size=69040914
R3 [P2] iter 21 done: global_full_size=69040914
R0 [P2] iter 21: PRE-JOIN GPU mem: 84.3GB free / 85.1GB total | delta_size=164832 full_size=17264700
R2 [P2] iter 21: PRE-JOIN GPU mem: 84.3GB free / 85.1GB total | delta_size=164144 full_size=17255863
R1 [P2] iter 21: PRE-JOIN GPU mem: 84.3GB free / 85.1GB total | delta_size=164295 full_size=17257243
R3 [P2] iter 21: PRE-JOIN GPU mem: 84.3GB free / 85.1GB total | delta_size=164012 full_size=17263108
R2 [P2] iter 21: join done, raw=151595 result_size=151541
R3 [P2] iter 21: join done, raw=151525 result_size=151479
R0 [P2] iter 21: join done, raw=151925 result_size=151873
R1 [P2] iter 21: join done, raw=151787 result_size=151733
R3 [P2] iter 21: split done, delta_size=151476
R0 [P2] iter 21: split done, delta_size=152285
R2 [P2] iter 21: split done, delta_size=151113
R1 [P2] iter 21: split done, delta_size=151752
R3 [P2] iter 21: dedup done, delta_size=151341
R3 [P2] iter 21: subtract done, delta_size=150180
R2 [P2] iter 21: dedup done, delta_size=150965
R0 [P2] iter 21: dedup done, delta_size=152127
R1 [P2] iter 21: dedup done, delta_size=151620
R3 [P2] iter 21: merge done, full_size=17413288
R2 [P2] iter 21: subtract done, delta_size=149868
R0 [P2] iter 21: subtract done, delta_size=150926
R1 [P2] iter 21: subtract done, delta_size=150417
R2 [P2] iter 21: merge done, full_size=17405731
R0 [P2] iter 21: merge done, full_size=17415626
R0 [P2] iter 22 done: global_full_size=69642305
R1 [P2] iter 21: merge done, full_size=17407660
R1 [P2] iter 22 done: global_full_size=69642305
R2 [P2] iter 22 done: global_full_size=69642305
R3 [P2] iter 22 done: global_full_size=69642305
R0 [P2] iter 22: PRE-JOIN GPU mem: 84.3GB free / 85.1GB total | delta_size=150926 full_size=17415626
R1 [P2] iter 22: PRE-JOIN GPU mem: 84.3GB free / 85.1GB total | delta_size=150417 full_size=17407660
R2 [P2] iter 22: PRE-JOIN GPU mem: 84.3GB free / 85.1GB total | delta_size=149868 full_size=17405731
R3 [P2] iter 22: PRE-JOIN GPU mem: 84.3GB free / 85.1GB total | delta_size=150180 full_size=17413288
R1 [P2] iter 22: join done, raw=139439 result_size=139388
R2 [P2] iter 22: join done, raw=138762 result_size=138716
R0 [P2] iter 22: join done, raw=139519 result_size=139474
R3 [P2] iter 22: join done, raw=139097 result_size=139056
R3 [P2] iter 22: split done, delta_size=138959
R2 [P2] iter 22: split done, delta_size=138781
R0 [P2] iter 22: split done, delta_size=139696
R1 [P2] iter 22: split done, delta_size=139198
R3 [P2] iter 22: dedup done, delta_size=138840
R2 [P2] iter 22: dedup done, delta_size=138643
R3 [P2] iter 22: subtract done, delta_size=137794
R0 [P2] iter 22: dedup done, delta_size=139553
R2 [P2] iter 22: subtract done, delta_size=137671
R1 [P2] iter 22: dedup done, delta_size=139075
R0 [P2] iter 22: subtract done, delta_size=138464
R1 [P2] iter 22: subtract done, delta_size=137997
R3 [P2] iter 22: merge done, full_size=17551082
R2 [P2] iter 22: merge done, full_size=17543402
R1 [P2] iter 22: merge done, full_size=17545657
R0 [P2] iter 22: merge done, full_size=17554090
R0 [P2] iter 23 done: global_full_size=70194231
R1 [P2] iter 23 done: global_full_size=70194231
R2 [P2] iter 23 done: global_full_size=70194231
R3 [P2] iter 23 done: global_full_size=70194231
R0 [P2] iter 23: PRE-JOIN GPU mem: 84.3GB free / 85.1GB total | delta_size=138464 full_size=17554090
R1 [P2] iter 23: PRE-JOIN GPU mem: 84.3GB free / 85.1GB total | delta_size=137997 full_size=17545657
R2 [P2] iter 23: PRE-JOIN GPU mem: 84.3GB free / 85.1GB total | delta_size=137671 full_size=17543402
R3 [P2] iter 23: PRE-JOIN GPU mem: 84.3GB free / 85.1GB total | delta_size=137794 full_size=17551082
R0 [P2] iter 23: join done, raw=128115 result_size=128077
R3 [P2] iter 23: join done, raw=127797 result_size=127760
R2 [P2] iter 23: join done, raw=127670 result_size=127627
R1 [P2] iter 23: join done, raw=128067 result_size=128019
R2 [P2] iter 23: split done, delta_size=127499
R2 [P2] iter 23: dedup done, delta_size=127377
R3 [P2] iter 23: split done, delta_size=127707
R1 [P2] iter 23: split done, delta_size=127787
R0 [P2] iter 23: split done, delta_size=128490
R2 [P2] iter 23: subtract done, delta_size=126505
R3 [P2] iter 23: dedup done, delta_size=127600
R1 [P2] iter 23: dedup done, delta_size=127669
R3 [P2] iter 23: subtract done, delta_size=126653
R0 [P2] iter 23: dedup done, delta_size=128360
R1 [P2] iter 23: subtract done, delta_size=126706
R0 [P2] iter 23: subtract done, delta_size=127391
R2 [P2] iter 23: merge done, full_size=17669907
R3 [P2] iter 23: merge done, full_size=17677735
R1 [P2] iter 23: merge done, full_size=17672363
R0 [P2] iter 23: merge done, full_size=17681481
R0 [P2] iter 24 done: global_full_size=70701486
R1 [P2] iter 24 done: global_full_size=70701486
R2 [P2] iter 24 done: global_full_size=70701486
R3 [P2] iter 24 done: global_full_size=70701486
R0 [P2] iter 24: PRE-JOIN GPU mem: 84.3GB free / 85.1GB total | delta_size=127391 full_size=17681481
R1 [P2] iter 24: PRE-JOIN GPU mem: 84.3GB free / 85.1GB total | delta_size=126706 full_size=17672363
R2 [P2] iter 24: PRE-JOIN GPU mem: 84.3GB free / 85.1GB total | delta_size=126505 full_size=17669907
R3 [P2] iter 24: PRE-JOIN GPU mem: 84.3GB free / 85.1GB total | delta_size=126653 full_size=17677735
R0 [P2] iter 24: join done, raw=118127 result_size=118091
R2 [P2] iter 24: join done, raw=117417 result_size=117377
R1 [P2] iter 24: join done, raw=117749 result_size=117705
R3 [P2] iter 24: join done, raw=117585 result_size=117549
R1 [P2] iter 24: split done, delta_size=117653
R0 [P2] iter 24: split done, delta_size=118310
R1 [P2] iter 24: dedup done, delta_size=117544
R0 [P2] iter 24: dedup done, delta_size=118191
R2 [P2] iter 24: split done, delta_size=117308
R1 [P2] iter 24: subtract done, delta_size=116675
R0 [P2] iter 24: subtract done, delta_size=117321
R2 [P2] iter 24: dedup done, delta_size=117201
R3 [P2] iter 24: split done, delta_size=117451
R2 [P2] iter 24: subtract done, delta_size=116431
R3 [P2] iter 24: dedup done, delta_size=117355
R1 [P2] iter 24: merge done, full_size=17789038
R3 [P2] iter 24: subtract done, delta_size=116491
R0 [P2] iter 24: merge done, full_size=17798802
R2 [P2] iter 24: merge done, full_size=17786338
R0 [P2] iter 25 done: global_full_size=71168404
R1 [P2] iter 25 done: global_full_size=71168404
R2 [P2] iter 25 done: global_full_size=71168404
R3 [P2] iter 24: merge done, full_size=17794226
R3 [P2] iter 25 done: global_full_size=71168404
R0 [P2] iter 25: PRE-JOIN GPU mem: 84.3GB free / 85.1GB total | delta_size=117321 full_size=17798802
R1 [P2] iter 25: PRE-JOIN GPU mem: 84.3GB free / 85.1GB total | delta_size=116675 full_size=17789038
R2 [P2] iter 25: PRE-JOIN GPU mem: 84.3GB free / 85.1GB total | delta_size=116431 full_size=17786338
R3 [P2] iter 25: PRE-JOIN GPU mem: 84.3GB free / 85.1GB total | delta_size=116491 full_size=17794226
R0 [P2] iter 25: join done, raw=108925 result_size=108890
R1 [P2] iter 25: join done, raw=108544 result_size=108501
R3 [P2] iter 25: join done, raw=108495 result_size=108461
R2 [P2] iter 25: join done, raw=108227 result_size=108189
R3 [P2] iter 25: split done, delta_size=108413
R1 [P2] iter 25: split done, delta_size=108460
R3 [P2] iter 25: dedup done, delta_size=108327
R0 [P2] iter 25: split done, delta_size=108992
R1 [P2] iter 25: dedup done, delta_size=108368
R0 [P2] iter 25: dedup done, delta_size=108883
R3 [P2] iter 25: subtract done, delta_size=107525
R1 [P2] iter 25: subtract done, delta_size=107582
R2 [P2] iter 25: split done, delta_size=108176
R0 [P2] iter 25: subtract done, delta_size=108099
R2 [P2] iter 25: dedup done, delta_size=108074
R3 [P2] iter 25: merge done, full_size=17901751
R1 [P2] iter 25: merge done, full_size=17896620
R2 [P2] iter 25: subtract done, delta_size=107373
R0 [P2] iter 25: merge done, full_size=17906901
R0 [P2] iter 26 done: global_full_size=71598983
R1 [P2] iter 26 done: global_full_size=71598983
R2 [P2] iter 25: merge done, full_size=17893711
R2 [P2] iter 26 done: global_full_size=71598983
R3 [P2] iter 26 done: global_full_size=71598983
R2 [P2] iter 26: PRE-JOIN GPU mem: 84.3GB free / 85.1GB total | delta_size=107373 full_size=17893711
R0 [P2] iter 26: PRE-JOIN GPU mem: 84.3GB free / 85.1GB total | delta_size=108099 full_size=17906901
R1 [P2] iter 26: PRE-JOIN GPU mem: 84.3GB free / 85.1GB total | delta_size=107582 full_size=17896620
R3 [P2] iter 26: PRE-JOIN GPU mem: 84.3GB free / 85.1GB total | delta_size=107525 full_size=17901751
R2 [P2] iter 26: join done, raw=99995 result_size=99961
R0 [P2] iter 26: join done, raw=100570 result_size=100539
R1 [P2] iter 26: join done, raw=100157 result_size=100116
R3 [P2] iter 26: join done, raw=100142 result_size=100109
R0 [P2] iter 26: split done, delta_size=100610
R2 [P2] iter 26: split done, delta_size=99799
R0 [P2] iter 26: dedup done, delta_size=100509
R3 [P2] iter 26: split done, delta_size=100109
R2 [P2] iter 26: dedup done, delta_size=99700
R0 [P2] iter 26: subtract done, delta_size=99808
R3 [P2] iter 26: dedup done, delta_size=100031
R1 [P2] iter 26: split done, delta_size=100207
R2 [P2] iter 26: subtract done, delta_size=99069
R3 [P2] iter 26: subtract done, delta_size=99299
R1 [P2] iter 26: dedup done, delta_size=100123
R0 [P2] iter 26: merge done, full_size=18006709
R1 [P2] iter 26: subtract done, delta_size=99412
R2 [P2] iter 26: merge done, full_size=17992780
R3 [P2] iter 26: merge done, full_size=18001050
R0 [P2] iter 27 done: global_full_size=71996571
R1 [P2] iter 26: merge done, full_size=17996032
R1 [P2] iter 27 done: global_full_size=71996571
R2 [P2] iter 27 done: global_full_size=71996571
R3 [P2] iter 27 done: global_full_size=71996571
R1 [P2] iter 27: PRE-JOIN GPU mem: 84.3GB free / 85.1GB total | delta_size=99412 full_size=17996032
R0 [P2] iter 27: PRE-JOIN GPU mem: 84.3GB free / 85.1GB total | delta_size=99808 full_size=18006709
R2 [P2] iter 27: PRE-JOIN GPU mem: 84.3GB free / 85.1GB total | delta_size=99069 full_size=17992780
R3 [P2] iter 27: PRE-JOIN GPU mem: 84.3GB free / 85.1GB total | delta_size=99299 full_size=18001050
R0 [P2] iter 27: join done, raw=92943 result_size=92913
R1 [P2] iter 27: join done, raw=92684 result_size=92644
R2 [P2] iter 27: join done, raw=92314 result_size=92280
R3 [P2] iter 27: join done, raw=92566 result_size=92533
R3 [P2] iter 27: split done, delta_size=92581
R1 [P2] iter 27: split done, delta_size=92590
R3 [P2] iter 27: dedup done, delta_size=92508
R0 [P2] iter 27: split done, delta_size=92934
R1 [P2] iter 27: dedup done, delta_size=92509
R2 [P2] iter 27: split done, delta_size=92265
R0 [P2] iter 27: dedup done, delta_size=92842
R3 [P2] iter 27: subtract done, delta_size=91833
R1 [P2] iter 27: subtract done, delta_size=91840
R2 [P2] iter 27: dedup done, delta_size=92173
R0 [P2] iter 27: subtract done, delta_size=92197
R3 [P2] iter 27: merge done, full_size=18092883
R2 [P2] iter 27: subtract done, delta_size=91594
R1 [P2] iter 27: merge done, full_size=18087872
R0 [P2] iter 27: merge done, full_size=18098906
R0 [P2] iter 28 done: global_full_size=72364035
R1 [P2] iter 28 done: global_full_size=72364035
R2 [P2] iter 27: merge done, full_size=18084374
R2 [P2] iter 28 done: global_full_size=72364035
R3 [P2] iter 28 done: global_full_size=72364035
R0 [P2] iter 28: PRE-JOIN GPU mem: 84.3GB free / 85.1GB total | delta_size=92197 full_size=18098906
R1 [P2] iter 28: PRE-JOIN GPU mem: 84.3GB free / 85.1GB total | delta_size=91840 full_size=18087872
R2 [P2] iter 28: PRE-JOIN GPU mem: 84.3GB free / 85.1GB total | delta_size=91594 full_size=18084374
R3 [P2] iter 28: PRE-JOIN GPU mem: 84.3GB free / 85.1GB total | delta_size=91833 full_size=18092883
R0 [P2] iter 28: join done, raw=85872 result_size=85842
R2 [P2] iter 28: join done, raw=85387 result_size=85355
R1 [P2] iter 28: join done, raw=85642 result_size=85606
R3 [P2] iter 28: join done, raw=85726 result_size=85695
R0 [P2] iter 28: split done, delta_size=86026
R0 [P2] iter 28: dedup done, delta_size=85942
R2 [P2] iter 28: split done, delta_size=85335
R0 [P2] iter 28: subtract done, delta_size=85349
R2 [P2] iter 28: dedup done, delta_size=85250
R3 [P2] iter 28: split done, delta_size=85527
R1 [P2] iter 28: split done, delta_size=85610
R3 [P2] iter 28: dedup done, delta_size=85460
R2 [P2] iter 28: subtract done, delta_size=84732
R1 [P2] iter 28: dedup done, delta_size=85529
R3 [P2] iter 28: subtract done, delta_size=84865
R0 [P2] iter 28: merge done, full_size=18184255
R1 [P2] iter 28: subtract done, delta_size=84910
R2 [P2] iter 28: merge done, full_size=18169106
R3 [P2] iter 28: merge done, full_size=18177748
R0 [P2] iter 29 done: global_full_size=72703891
R1 [P2] iter 28: merge done, full_size=18172782
R1 [P2] iter 29 done: global_full_size=72703891
R2 [P2] iter 29 done: global_full_size=72703891
R3 [P2] iter 29 done: global_full_size=72703891
R0 [P2] iter 29: PRE-JOIN GPU mem: 84.3GB free / 85.1GB total | delta_size=85349 full_size=18184255
R1 [P2] iter 29: PRE-JOIN GPU mem: 84.3GB free / 85.1GB total | delta_size=84910 full_size=18172782
R2 [P2] iter 29: PRE-JOIN GPU mem: 84.3GB free / 85.1GB total | delta_size=84732 full_size=18169106
R3 [P2] iter 29: PRE-JOIN GPU mem: 84.3GB free / 85.1GB total | delta_size=84865 full_size=18177748
R3 [P2] iter 29: join done, raw=79274 result_size=79242
R1 [P2] iter 29: join done, raw=79146 result_size=79111
R0 [P2] iter 29: join done, raw=79579 result_size=79551
R2 [P2] iter 29: join done, raw=79003 result_size=78974
R2 [P2] iter 29: split done, delta_size=78959
R2 [P2] iter 29: dedup done, delta_size=78878
R3 [P2] iter 29: split done, delta_size=79073
R1 [P2] iter 29: split done, delta_size=79276
R3 [P2] iter 29: dedup done, delta_size=79009
R2 [P2] iter 29: subtract done, delta_size=78400
R1 [P2] iter 29: dedup done, delta_size=79201
R3 [P2] iter 29: subtract done, delta_size=78465
R0 [P2] iter 29: split done, delta_size=79570
R1 [P2] iter 29: subtract done, delta_size=78625
R0 [P2] iter 29: dedup done, delta_size=79492
R2 [P2] iter 29: merge done, full_size=18247506
R0 [P2] iter 29: subtract done, delta_size=78954
R3 [P2] iter 29: merge done, full_size=18256213
R1 [P2] iter 29: merge done, full_size=18251407
R0 [P2] iter 29: merge done, full_size=18263209
R0 [P2] iter 30 done: global_full_size=73018335
R1 [P2] iter 30 done: global_full_size=73018335
R2 [P2] iter 30 done: global_full_size=73018335
R3 [P2] iter 30 done: global_full_size=73018335
R0 [P2] iter 30: PRE-JOIN GPU mem: 84.3GB free / 85.1GB total | delta_size=78954 full_size=18263209
R1 [P2] iter 30: PRE-JOIN GPU mem: 84.3GB free / 85.1GB total | delta_size=78625 full_size=18251407
R2 [P2] iter 30: PRE-JOIN GPU mem: 84.3GB free / 85.1GB total | delta_size=78400 full_size=18247506
R3 [P2] iter 30: PRE-JOIN GPU mem: 84.3GB free / 85.1GB total | delta_size=78465 full_size=18256213
R2 [P2] iter 30: join done, raw=73015 result_size=72988
R1 [P2] iter 30: join done, raw=73283 result_size=73250
R0 [P2] iter 30: join done, raw=73695 result_size=73669
R3 [P2] iter 30: join done, raw=73329 result_size=73303
R1 [P2] iter 30: split done, delta_size=73312
R1 [P2] iter 30: dedup done, delta_size=73241
R0 [P2] iter 30: split done, delta_size=73684
R1 [P2] iter 30: subtract done, delta_size=72718
R0 [P2] iter 30: dedup done, delta_size=73608
R2 [P2] iter 30: split done, delta_size=73085
R0 [P2] iter 30: subtract done, delta_size=73113
R2 [P2] iter 30: dedup done, delta_size=73007
R3 [P2] iter 30: split done, delta_size=73129
R1 [P2] iter 30: merge done, full_size=18324125
R3 [P2] iter 30: dedup done, delta_size=73066
R2 [P2] iter 30: subtract done, delta_size=72573
R3 [P2] iter 30: subtract done, delta_size=72578
R0 [P2] iter 30: merge done, full_size=18336322
R2 [P2] iter 30: merge done, full_size=18320079
R0 [P2] iter 31 done: global_full_size=73309317
R1 [P2] iter 31 done: global_full_size=73309317
R2 [P2] iter 31 done: global_full_size=73309317
R3 [P2] iter 30: merge done, full_size=18328791
R3 [P2] iter 31 done: global_full_size=73309317
R0 [P2] iter 31: PRE-JOIN GPU mem: 84.3GB free / 85.1GB total | delta_size=73113 full_size=18336322
R1 [P2] iter 31: PRE-JOIN GPU mem: 84.3GB free / 85.1GB total | delta_size=72718 full_size=18324125
R2 [P2] iter 31: PRE-JOIN GPU mem: 84.3GB free / 85.1GB total | delta_size=72573 full_size=18320079
R3 [P2] iter 31: PRE-JOIN GPU mem: 84.3GB free / 85.1GB total | delta_size=72578 full_size=18328791
R0 [P2] iter 31: join done, raw=68392 result_size=68368
R2 [P2] iter 31: join done, raw=67658 result_size=67632
R3 [P2] iter 31: join done, raw=67900 result_size=67878
R1 [P2] iter 31: join done, raw=67864 result_size=67832
R0 [P2] iter 31: split done, delta_size=68223
R0 [P2] iter 31: dedup done, delta_size=68150
R2 [P2] iter 31: split done, delta_size=67815
R0 [P2] iter 31: subtract done, delta_size=67696
R2 [P2] iter 31: dedup done, delta_size=67740
R3 [P2] iter 31: split done, delta_size=67745
R3 [P2] iter 31: dedup done, delta_size=67685
R1 [P2] iter 31: split done, delta_size=67927
R2 [P2] iter 31: subtract done, delta_size=67343
R1 [P2] iter 31: dedup done, delta_size=67860
R3 [P2] iter 31: subtract done, delta_size=67245
R0 [P2] iter 31: merge done, full_size=18404018
R1 [P2] iter 31: subtract done, delta_size=67382
R2 [P2] iter 31: merge done, full_size=18387422
R3 [P2] iter 31: merge done, full_size=18396036
R0 [P2] iter 32 done: global_full_size=73578983
R1 [P2] iter 31: merge done, full_size=18391507
R1 [P2] iter 32 done: global_full_size=73578983
R2 [P2] iter 32 done: global_full_size=73578983
R3 [P2] iter 32 done: global_full_size=73578983
R0 [P2] iter 32: PRE-JOIN GPU mem: 84.3GB free / 85.1GB total | delta_size=67696 full_size=18404018
R1 [P2] iter 32: PRE-JOIN GPU mem: 84.3GB free / 85.1GB total | delta_size=67382 full_size=18391507
R2 [P2] iter 32: PRE-JOIN GPU mem: 84.3GB free / 85.1GB total | delta_size=67343 full_size=18387422
R3 [P2] iter 32: PRE-JOIN GPU mem: 84.3GB free / 85.1GB total | delta_size=67245 full_size=18396036
R1 [P2] iter 32: join done, raw=63019 result_size=62990
R0 [P2] iter 32: join done, raw=63407 result_size=63385
R3 [P2] iter 32: join done, raw=63054 result_size=63035
R2 [P2] iter 32: join done, raw=62872 result_size=62849
R0 [P2] iter 32: split done, delta_size=63371
R0 [P2] iter 32: dedup done, delta_size=63310
R2 [P2] iter 32: split done, delta_size=62971
R0 [P2] iter 32: subtract done, delta_size=62893
R2 [P2] iter 32: dedup done, delta_size=62905
R3 [P2] iter 32: split done, delta_size=62904
R3 [P2] iter 32: dedup done, delta_size=62848
R1 [P2] iter 32: split done, delta_size=63013
R2 [P2] iter 32: subtract done, delta_size=62543
R1 [P2] iter 32: dedup done, delta_size=62954
R3 [P2] iter 32: subtract done, delta_size=62449
R1 [P2] iter 32: subtract done, delta_size=62527
R3 [P2] iter 32: merge done, full_size=18458485
R2 [P2] iter 32: merge done, full_size=18449965
R0 [P2] iter 32: merge done, full_size=18466911
R0 [P2] iter 33 done: global_full_size=73829395
R1 [P2] iter 32: merge done, full_size=18454034
R1 [P2] iter 33 done: global_full_size=73829395
R2 [P2] iter 33 done: global_full_size=73829395
R3 [P2] iter 33 done: global_full_size=73829395
R0 [P2] iter 33: PRE-JOIN GPU mem: 84.3GB free / 85.1GB total | delta_size=62893 full_size=18466911
R1 [P2] iter 33: PRE-JOIN GPU mem: 84.3GB free / 85.1GB total | delta_size=62527 full_size=18454034
R2 [P2] iter 33: PRE-JOIN GPU mem: 84.3GB free / 85.1GB total | delta_size=62543 full_size=18449965
R3 [P2] iter 33: PRE-JOIN GPU mem: 84.3GB free / 85.1GB total | delta_size=62449 full_size=18458485
R1 [P2] iter 33: join done, raw=58535 result_size=58507
R2 [P2] iter 33: join done, raw=58432 result_size=58410
R3 [P2] iter 33: join done, raw=58629 result_size=58612
R0 [P2] iter 33: join done, raw=58892 result_size=58871
R2 [P2] iter 33: split done, delta_size=58598
R0 [P2] iter 33: split done, delta_size=58892
R2 [P2] iter 33: dedup done, delta_size=58534
R3 [P2] iter 33: split done, delta_size=58361
R0 [P2] iter 33: dedup done, delta_size=58835
R1 [P2] iter 33: split done, delta_size=58549
R3 [P2] iter 33: dedup done, delta_size=58313
R1 [P2] iter 33: dedup done, delta_size=58493
R2 [P2] iter 33: subtract done, delta_size=58201
R0 [P2] iter 33: subtract done, delta_size=58459
R3 [P2] iter 33: subtract done, delta_size=57938
R1 [P2] iter 33: subtract done, delta_size=58101
R2 [P2] iter 33: merge done, full_size=18508166
R0 [P2] iter 33: merge done, full_size=18525370
R3 [P2] iter 33: merge done, full_size=18516423
R0 [P2] iter 34 done: global_full_size=74062094
R1 [P2] iter 33: merge done, full_size=18512135
R1 [P2] iter 34 done: global_full_size=74062094
R2 [P2] iter 34 done: global_full_size=74062094
R3 [P2] iter 34 done: global_full_size=74062094
R1 [P2] iter 34: PRE-JOIN GPU mem: 84.3GB free / 85.1GB total | delta_size=58101 full_size=18512135
R2 [P2] iter 34: PRE-JOIN GPU mem: 84.3GB free / 85.1GB total | delta_size=58201 full_size=18508166
R0 [P2] iter 34: PRE-JOIN GPU mem: 84.3GB free / 85.1GB total | delta_size=58459 full_size=18525370
R3 [P2] iter 34: PRE-JOIN GPU mem: 84.3GB free / 85.1GB total | delta_size=57938 full_size=18516423
R1 [P2] iter 34: join done, raw=54393 result_size=54369
R2 [P2] iter 34: join done, raw=54359 result_size=54340
R3 [P2] iter 34: join done, raw=54429 result_size=54416
R0 [P2] iter 34: join done, raw=54805 result_size=54784
R2 [P2] iter 34: split done, delta_size=54406
R0 [P2] iter 34: split done, delta_size=54770
R3 [P2] iter 34: split done, delta_size=54336
R2 [P2] iter 34: dedup done, delta_size=54348
R0 [P2] iter 34: dedup done, delta_size=54721
R3 [P2] iter 34: dedup done, delta_size=54294
R1 [P2] iter 34: split done, delta_size=54397
R1 [P2] iter 34: dedup done, delta_size=54351
R2 [P2] iter 34: subtract done, delta_size=54041
R3 [P2] iter 34: subtract done, delta_size=53941
R0 [P2] iter 34: subtract done, delta_size=54367
R1 [P2] iter 34: subtract done, delta_size=53982
R3 [P2] iter 34: merge done, full_size=18570364
R2 [P2] iter 34: merge done, full_size=18562207
R1 [P2] iter 34: merge done, full_size=18566117
R0 [P2] iter 34: merge done, full_size=18579737
R0 [P2] iter 35 done: global_full_size=74278425
R1 [P2] iter 35 done: global_full_size=74278425
R2 [P2] iter 35 done: global_full_size=74278425
R3 [P2] iter 35 done: global_full_size=74278425
R0 [P2] iter 35: PRE-JOIN GPU mem: 84.3GB free / 85.1GB total | delta_size=54367 full_size=18579737
R1 [P2] iter 35: PRE-JOIN GPU mem: 84.3GB free / 85.1GB total | delta_size=53982 full_size=18566117
R3 [P2] iter 35: PRE-JOIN GPU mem: 84.3GB free / 85.1GB total | delta_size=53941 full_size=18570364
R2 [P2] iter 35: PRE-JOIN GPU mem: 84.3GB free / 85.1GB total | delta_size=54041 full_size=18562207
R0 [P2] iter 35: join done, raw=50985 result_size=50964
R1 [P2] iter 35: join done, raw=50579 result_size=50556
R2 [P2] iter 35: join done, raw=50511 result_size=50492
R3 [P2] iter 35: join done, raw=50710 result_size=50697
R1 [P2] iter 35: split done, delta_size=50707
R0 [P2] iter 35: split done, delta_size=50914
R1 [P2] iter 35: dedup done, delta_size=50661
R0 [P2] iter 35: dedup done, delta_size=50868
R1 [P2] iter 35: subtract done, delta_size=50325
R0 [P2] iter 35: subtract done, delta_size=50558
R3 [P2] iter 35: split done, delta_size=50580
R2 [P2] iter 35: split done, delta_size=50508
R3 [P2] iter 35: dedup done, delta_size=50541
R2 [P2] iter 35: dedup done, delta_size=50453
R3 [P2] iter 35: subtract done, delta_size=50229
R2 [P2] iter 35: subtract done, delta_size=50173
R3 [P2] iter 35: merge done, full_size=18620593
R1 [P2] iter 35: merge done, full_size=18616442
R0 [P2] iter 35: merge done, full_size=18630295
R0 [P2] iter 36 done: global_full_size=74479710
R1 [P2] iter 36 done: global_full_size=74479710
R2 [P2] iter 35: merge done, full_size=18612380
R2 [P2] iter 36 done: global_full_size=74479710
R3 [P2] iter 36 done: global_full_size=74479710
R0 [P2] iter 36: PRE-JOIN GPU mem: 84.3GB free / 85.1GB total | delta_size=50558 full_size=18630295
R1 [P2] iter 36: PRE-JOIN GPU mem: 84.3GB free / 85.1GB total | delta_size=50325 full_size=18616442
R2 [P2] iter 36: PRE-JOIN GPU mem: 84.3GB free / 85.1GB total | delta_size=50173 full_size=18612380
R3 [P2] iter 36: PRE-JOIN GPU mem: 84.3GB free / 85.1GB total | delta_size=50229 full_size=18620593
R1 [P2] iter 36: join done, raw=47195 result_size=47173
R2 [P2] iter 36: join done, raw=46985 result_size=46967
R3 [P2] iter 36: join done, raw=47286 result_size=47274
R0 [P2] iter 36: join done, raw=47466 result_size=47445
R2 [P2] iter 36: split done, delta_size=47060
R2 [P2] iter 36: dedup done, delta_size=47008
R2 [P2] iter 36: subtract done, delta_size=46746
R3 [P2] iter 36: split done, delta_size=47176
R1 [P2] iter 36: split done, delta_size=47190
R3 [P2] iter 36: dedup done, delta_size=47144
R1 [P2] iter 36: dedup done, delta_size=47145
R0 [P2] iter 36: split done, delta_size=47433
R0 [P2] iter 36: dedup done, delta_size=47390
R3 [P2] iter 36: subtract done, delta_size=46863
R1 [P2] iter 36: subtract done, delta_size=46837
R0 [P2] iter 36: subtract done, delta_size=47108
R2 [P2] iter 36: merge done, full_size=18659126
R1 [P2] iter 36: merge done, full_size=18663279
R3 [P2] iter 36: merge done, full_size=18667456
R0 [P2] iter 36: merge done, full_size=18677403
R0 [P2] iter 37 done: global_full_size=74667264
R1 [P2] iter 37 done: global_full_size=74667264
R2 [P2] iter 37 done: global_full_size=74667264
R3 [P2] iter 37 done: global_full_size=74667264
R0 [P2] iter 37: PRE-JOIN GPU mem: 84.3GB free / 85.1GB total | delta_size=47108 full_size=18677403
R1 [P2] iter 37: PRE-JOIN GPU mem: 84.3GB free / 85.1GB total | delta_size=46837 full_size=18663279
R2 [P2] iter 37: PRE-JOIN GPU mem: 84.3GB free / 85.1GB total | delta_size=46746 full_size=18659126
R3 [P2] iter 37: PRE-JOIN GPU mem: 84.3GB free / 85.1GB total | delta_size=46863 full_size=18667456
R1 [P2] iter 37: join done, raw=43971 result_size=43949
R2 [P2] iter 37: join done, raw=43818 result_size=43801
R3 [P2] iter 37: join done, raw=44189 result_size=44177
R0 [P2] iter 37: join done, raw=44258 result_size=44237
R2 [P2] iter 37: split done, delta_size=44014
R2 [P2] iter 37: dedup done, delta_size=43964
R0 [P2] iter 37: split done, delta_size=44214
R0 [P2] iter 37: dedup done, delta_size=44174
R1 [P2] iter 37: split done, delta_size=43987
R2 [P2] iter 37: subtract done, delta_size=43727
R1 [P2] iter 37: dedup done, delta_size=43945
R0 [P2] iter 37: subtract done, delta_size=43914
R3 [P2] iter 37: split done, delta_size=43949
R1 [P2] iter 37: subtract done, delta_size=43666
R3 [P2] iter 37: dedup done, delta_size=43918
R3 [P2] iter 37: subtract done, delta_size=43668
R2 [P2] iter 37: merge done, full_size=18702853
R0 [P2] iter 37: merge done, full_size=18721317
R3 [P2] iter 37: merge done, full_size=18711124
R0 [P2] iter 38 done: global_full_size=74842239
R1 [P2] iter 37: merge done, full_size=18706945
R1 [P2] iter 38 done: global_full_size=74842239
R2 [P2] iter 38 done: global_full_size=74842239
R3 [P2] iter 38 done: global_full_size=74842239
R0 [P2] iter 38: PRE-JOIN GPU mem: 84.3GB free / 85.1GB total | delta_size=43914 full_size=18721317
R1 [P2] iter 38: PRE-JOIN GPU mem: 84.3GB free / 85.1GB total | delta_size=43666 full_size=18706945
R2 [P2] iter 38: PRE-JOIN GPU mem: 84.3GB free / 85.1GB total | delta_size=43727 full_size=18702853
R3 [P2] iter 38: PRE-JOIN GPU mem: 84.3GB free / 85.1GB total | delta_size=43668 full_size=18711124
R0 [P2] iter 38: join done, raw=41285 result_size=41264
R1 [P2] iter 38: join done, raw=40964 result_size=40942
R2 [P2] iter 38: join done, raw=41029 result_size=41013
R3 [P2] iter 38: join done, raw=41155 result_size=41144
R2 [P2] iter 38: split done, delta_size=40971
R2 [P2] iter 38: dedup done, delta_size=40925
R2 [P2] iter 38: subtract done, delta_size=40709
R3 [P2] iter 38: split done, delta_size=41029
R0 [P2] iter 38: split done, delta_size=41371
R3 [P2] iter 38: dedup done, delta_size=40999
R0 [P2] iter 38: dedup done, delta_size=41333
R1 [P2] iter 38: split done, delta_size=40992
R1 [P2] iter 38: dedup done, delta_size=40953
R3 [P2] iter 38: subtract done, delta_size=40761
R0 [P2] iter 38: subtract done, delta_size=41090
R1 [P2] iter 38: subtract done, delta_size=40689
R3 [P2] iter 38: merge done, full_size=18751885
R2 [P2] iter 38: merge done, full_size=18743562
R1 [P2] iter 38: merge done, full_size=18747634
R0 [P2] iter 38: merge done, full_size=18762407
R0 [P2] iter 39 done: global_full_size=75005488
R1 [P2] iter 39 done: global_full_size=75005488
R2 [P2] iter 39 done: global_full_size=75005488
R3 [P2] iter 39 done: global_full_size=75005488
R0 [P2] iter 39: PRE-JOIN GPU mem: 84.3GB free / 85.1GB total | delta_size=41090 full_size=18762407
R1 [P2] iter 39: PRE-JOIN GPU mem: 84.3GB free / 85.1GB total | delta_size=40689 full_size=18747634
R2 [P2] iter 39: PRE-JOIN GPU mem: 84.3GB free / 85.1GB total | delta_size=40709 full_size=18743562
R3 [P2] iter 39: PRE-JOIN GPU mem: 84.3GB free / 85.1GB total | delta_size=40761 full_size=18751885
R0 [P2] iter 39: join done, raw=38700 result_size=38684
R1 [P2] iter 39: join done, raw=38190 result_size=38174
R2 [P2] iter 39: join done, raw=38240 result_size=38225
R3 [P2] iter 39: join done, raw=38507 result_size=38496
R1 [P2] iter 39: split done, delta_size=38215
R0 [P2] iter 39: split done, delta_size=38614
R1 [P2] iter 39: dedup done, delta_size=38179
R0 [P2] iter 39: dedup done, delta_size=38580
R1 [P2] iter 39: subtract done, delta_size=37939
R0 [P2] iter 39: subtract done, delta_size=38354
R3 [P2] iter 39: split done, delta_size=38473
R2 [P2] iter 39: split done, delta_size=38277
R3 [P2] iter 39: dedup done, delta_size=38445
R2 [P2] iter 39: dedup done, delta_size=38238
R3 [P2] iter 39: subtract done, delta_size=38223
R2 [P2] iter 39: subtract done, delta_size=38031
R1 [P2] iter 39: merge done, full_size=18785573
R0 [P2] iter 39: merge done, full_size=18800761
R3 [P2] iter 39: merge done, full_size=18790108
R0 [P2] iter 40 done: global_full_size=75158035
R1 [P2] iter 40 done: global_full_size=75158035
R2 [P2] iter 39: merge done, full_size=18781593
R2 [P2] iter 40 done: global_full_size=75158035
R3 [P2] iter 40 done: global_full_size=75158035
R0 [P2] iter 40: PRE-JOIN GPU mem: 84.3GB free / 85.1GB total | delta_size=38354 full_size=18800761
R2 [P2] iter 40: PRE-JOIN GPU mem: 84.3GB free / 85.1GB total | delta_size=38031 full_size=18781593
R3 [P2] iter 40: PRE-JOIN GPU mem: 84.3GB free / 85.1GB total | delta_size=38223 full_size=18790108
R1 [P2] iter 40: PRE-JOIN GPU mem: 84.3GB free / 85.1GB total | delta_size=37939 full_size=18785573
R2 [P2] iter 40: join done, raw=35759 result_size=35745
R3 [P2] iter 40: join done, raw=36106 result_size=36098
R0 [P2] iter 40: join done, raw=36199 result_size=36183
R1 [P2] iter 40: join done, raw=35621 result_size=35606
R3 [P2] iter 40: split done, delta_size=36036
R3 [P2] iter 40: dedup done, delta_size=36009
R2 [P2] iter 40: split done, delta_size=35845
R2 [P2] iter 40: dedup done, delta_size=35809
R3 [P2] iter 40: subtract done, delta_size=35797
R1 [P2] iter 40: split done, delta_size=35693
R2 [P2] iter 40: subtract done, delta_size=35616
R1 [P2] iter 40: dedup done, delta_size=35659
R0 [P2] iter 40: split done, delta_size=36058
R0 [P2] iter 40: dedup done, delta_size=36026
R3 [P2] iter 40: merge done, full_size=18825905
R1 [P2] iter 40: subtract done, delta_size=35441
R0 [P2] iter 40: subtract done, delta_size=35819
R2 [P2] iter 40: merge done, full_size=18817209
R1 [P2] iter 40: merge done, full_size=18821014
R0 [P2] iter 40: merge done, full_size=18836580
R0 [P2] iter 41 done: global_full_size=75300708
R1 [P2] iter 41 done: global_full_size=75300708
R2 [P2] iter 41 done: global_full_size=75300708
R3 [P2] iter 41 done: global_full_size=75300708
R0 [P2] iter 41: PRE-JOIN GPU mem: 84.3GB free / 85.1GB total | delta_size=35819 full_size=18836580
R1 [P2] iter 41: PRE-JOIN GPU mem: 84.3GB free / 85.1GB total | delta_size=35441 full_size=18821014
R2 [P2] iter 41: PRE-JOIN GPU mem: 84.3GB free / 85.1GB total | delta_size=35616 full_size=18817209
R3 [P2] iter 41: PRE-JOIN GPU mem: 84.3GB free / 85.1GB total | delta_size=35797 full_size=18825905
R0 [P2] iter 41: join done, raw=33794 result_size=33778
R1 [P2] iter 41: join done, raw=33217 result_size=33202
R2 [P2] iter 41: join done, raw=33513 result_size=33500
R3 [P2] iter 41: join done, raw=33832 result_size=33824
R1 [P2] iter 41: split done, delta_size=33370
R1 [P2] iter 41: dedup done, delta_size=33338
R0 [P2] iter 41: split done, delta_size=33688
R0 [P2] iter 41: dedup done, delta_size=33656
R1 [P2] iter 41: subtract done, delta_size=33134
R3 [P2] iter 41: split done, delta_size=33782
R0 [P2] iter 41: subtract done, delta_size=33467
R3 [P2] iter 41: dedup done, delta_size=33755
R2 [P2] iter 41: split done, delta_size=33464
R2 [P2] iter 41: dedup done, delta_size=33430
R3 [P2] iter 41: subtract done, delta_size=33563
R1 [P2] iter 41: merge done, full_size=18854148
R2 [P2] iter 41: subtract done, delta_size=33255
R0 [P2] iter 41: merge done, full_size=18870047
R3 [P2] iter 41: merge done, full_size=18859468
R0 [P2] iter 42 done: global_full_size=75434127
R1 [P2] iter 42 done: global_full_size=75434127
R2 [P2] iter 41: merge done, full_size=18850464
R2 [P2] iter 42 done: global_full_size=75434127
R3 [P2] iter 42 done: global_full_size=75434127
R0 [P2] iter 42: PRE-JOIN GPU mem: 84.3GB free / 85.1GB total | delta_size=33467 full_size=18870047
R1 [P2] iter 42: PRE-JOIN GPU mem: 84.3GB free / 85.1GB total | delta_size=33134 full_size=18854148
R2 [P2] iter 42: PRE-JOIN GPU mem: 84.3GB free / 85.1GB total | delta_size=33255 full_size=18850464
R3 [P2] iter 42: PRE-JOIN GPU mem: 84.3GB free / 85.1GB total | delta_size=33563 full_size=18859468
R0 [P2] iter 42: join done, raw=31557 result_size=31541
R1 [P2] iter 42: join done, raw=31124 result_size=31109
R2 [P2] iter 42: join done, raw=31346 result_size=31334
R3 [P2] iter 42: join done, raw=31698 result_size=31692
R2 [P2] iter 42: split done, delta_size=31334
R2 [P2] iter 42: dedup done, delta_size=31303
R1 [P2] iter 42: split done, delta_size=31206
R2 [P2] iter 42: subtract done, delta_size=31141
R1 [P2] iter 42: dedup done, delta_size=31177
R0 [P2] iter 42: split done, delta_size=31505
R0 [P2] iter 42: dedup done, delta_size=31476
R1 [P2] iter 42: subtract done, delta_size=30989
R3 [P2] iter 42: split done, delta_size=31631
R0 [P2] iter 42: subtract done, delta_size=31308
R3 [P2] iter 42: dedup done, delta_size=31609
R2 [P2] iter 42: merge done, full_size=18881605
R3 [P2] iter 42: subtract done, delta_size=31430
R1 [P2] iter 42: merge done, full_size=18885137
R0 [P2] iter 42: merge done, full_size=18901355
R0 [P2] iter 43 done: global_full_size=75558995
R1 [P2] iter 43 done: global_full_size=75558995
R2 [P2] iter 43 done: global_full_size=75558995
R3 [P2] iter 42: merge done, full_size=18890898
R3 [P2] iter 43 done: global_full_size=75558995
R0 [P2] iter 43: PRE-JOIN GPU mem: 84.3GB free / 85.1GB total | delta_size=31308 full_size=18901355
R1 [P2] iter 43: PRE-JOIN GPU mem: 84.3GB free / 85.1GB total | delta_size=30989 full_size=18885137
R2 [P2] iter 43: PRE-JOIN GPU mem: 84.3GB free / 85.1GB total | delta_size=31141 full_size=18881605
R3 [P2] iter 43: PRE-JOIN GPU mem: 84.3GB free / 85.1GB total | delta_size=31430 full_size=18890898
R1 [P2] iter 43: join done, raw=29141 result_size=29127
R3 [P2] iter 43: join done, raw=29642 result_size=29637
R0 [P2] iter 43: join done, raw=29559 result_size=29544
R2 [P2] iter 43: join done, raw=29363 result_size=29351
R0 [P2] iter 43: split done, delta_size=29503
R0 [P2] iter 43: dedup done, delta_size=29476
R3 [P2] iter 43: split done, delta_size=29585
R0 [P2] iter 43: subtract done, delta_size=29325
R3 [P2] iter 43: dedup done, delta_size=29564
R2 [P2] iter 43: split done, delta_size=29337
R2 [P2] iter 43: dedup done, delta_size=29307
R3 [P2] iter 43: subtract done, delta_size=29413
R1 [P2] iter 43: split done, delta_size=29234
R2 [P2] iter 43: subtract done, delta_size=29154
R1 [P2] iter 43: dedup done, delta_size=29205
R0 [P2] iter 43: merge done, full_size=18930680
R1 [P2] iter 43: subtract done, delta_size=29033
R3 [P2] iter 43: merge done, full_size=18920311
R2 [P2] iter 43: merge done, full_size=18910759
R0 [P2] iter 44 done: global_full_size=75675920
R1 [P2] iter 43: merge done, full_size=18914170
R1 [P2] iter 44 done: global_full_size=75675920
R2 [P2] iter 44 done: global_full_size=75675920
R3 [P2] iter 44 done: global_full_size=75675920
R0 [P2] iter 44: PRE-JOIN GPU mem: 84.3GB free / 85.1GB total | delta_size=29325 full_size=18930680
R1 [P2] iter 44: PRE-JOIN GPU mem: 84.3GB free / 85.1GB total | delta_size=29033 full_size=18914170
R2 [P2] iter 44: PRE-JOIN GPU mem: 84.3GB free / 85.1GB total | delta_size=29154 full_size=18910759
R3 [P2] iter 44: PRE-JOIN GPU mem: 84.3GB free / 85.1GB total | delta_size=29413 full_size=18920311
R0 [P2] iter 44: join done, raw=27658 result_size=27643
R1 [P2] iter 44: join done, raw=27326 result_size=27312
R2 [P2] iter 44: join done, raw=27498 result_size=27488
R3 [P2] iter 44: join done, raw=27702 result_size=27697
R3 [P2] iter 44: split done, delta_size=27656
R3 [P2] iter 44: dedup done, delta_size=27635
R2 [P2] iter 44: split done, delta_size=27465
R2 [P2] iter 44: dedup done, delta_size=27438
R3 [P2] iter 44: subtract done, delta_size=27498
R1 [P2] iter 44: split done, delta_size=27355
R2 [P2] iter 44: subtract done, delta_size=27302
R1 [P2] iter 44: dedup done, delta_size=27327
R0 [P2] iter 44: split done, delta_size=27664
R0 [P2] iter 44: dedup done, delta_size=27640
R1 [P2] iter 44: subtract done, delta_size=27177
R3 [P2] iter 44: merge done, full_size=18947809
R0 [P2] iter 44: subtract done, delta_size=27504
R2 [P2] iter 44: merge done, full_size=18938061
R1 [P2] iter 44: merge done, full_size=18941347
R0 [P2] iter 44: merge done, full_size=18958184
R0 [P2] iter 45 done: global_full_size=75785401
R1 [P2] iter 45 done: global_full_size=75785401
R2 [P2] iter 45 done: global_full_size=75785401
R3 [P2] iter 45 done: global_full_size=75785401
R0 [P2] iter 45: PRE-JOIN GPU mem: 84.3GB free / 85.1GB total | delta_size=27504 full_size=18958184
R1 [P2] iter 45: PRE-JOIN GPU mem: 84.3GB free / 85.1GB total | delta_size=27177 full_size=18941347
R2 [P2] iter 45: PRE-JOIN GPU mem: 84.3GB free / 85.1GB total | delta_size=27302 full_size=18938061
R3 [P2] iter 45: PRE-JOIN GPU mem: 84.3GB free / 85.1GB total | delta_size=27498 full_size=18947809
R0 [P2] iter 45: join done, raw=25949 result_size=25935
R1 [P2] iter 45: join done, raw=25638 result_size=25626
R2 [P2] iter 45: join done, raw=25826 result_size=25816
R3 [P2] iter 45: join done, raw=25899 result_size=25894
R1 [P2] iter 45: split done, delta_size=25657
R1 [P2] iter 45: dedup done, delta_size=25633
R0 [P2] iter 45: split done, delta_size=25866
R0 [P2] iter 45: dedup done, delta_size=25845
R1 [P2] iter 45: subtract done, delta_size=25495
R3 [P2] iter 45: split done, delta_size=25958
R0 [P2] iter 45: subtract done, delta_size=25721
R3 [P2] iter 45: dedup done, delta_size=25937
R2 [P2] iter 45: split done, delta_size=25790
R2 [P2] iter 45: dedup done, delta_size=25764
R3 [P2] iter 45: subtract done, delta_size=25810
R1 [P2] iter 45: merge done, full_size=18966842
R2 [P2] iter 45: subtract done, delta_size=25643
R0 [P2] iter 45: merge done, full_size=18983905
R3 [P2] iter 45: merge done, full_size=18973619
R0 [P2] iter 46 done: global_full_size=75888070
R1 [P2] iter 46 done: global_full_size=75888070
R2 [P2] iter 45: merge done, full_size=18963704
R2 [P2] iter 46 done: global_full_size=75888070
R3 [P2] iter 46 done: global_full_size=75888070
R2 [P2] iter 46: PRE-JOIN GPU mem: 84.3GB free / 85.1GB total | delta_size=25643 full_size=18963704
R0 [P2] iter 46: PRE-JOIN GPU mem: 84.3GB free / 85.1GB total | delta_size=25721 full_size=18983905
R1 [P2] iter 46: PRE-JOIN GPU mem: 84.3GB free / 85.1GB total | delta_size=25495 full_size=18966842
R3 [P2] iter 46: PRE-JOIN GPU mem: 84.3GB free / 85.1GB total | delta_size=25810 full_size=18973619
R0 [P2] iter 46: join done, raw=24323 result_size=24312
R1 [P2] iter 46: join done, raw=24072 result_size=24061
R2 [P2] iter 46: join done, raw=24281 result_size=24271
R3 [P2] iter 46: join done, raw=24341 result_size=24337
R3 [P2] iter 46: split done, delta_size=24354
R3 [P2] iter 46: dedup done, delta_size=24334
R2 [P2] iter 46: split done, delta_size=24264
R2 [P2] iter 46: dedup done, delta_size=24239
R3 [P2] iter 46: subtract done, delta_size=24216
R1 [P2] iter 46: split done, delta_size=24061
R2 [P2] iter 46: subtract done, delta_size=24126
R1 [P2] iter 46: dedup done, delta_size=24044
R0 [P2] iter 46: split done, delta_size=24302
R0 [P2] iter 46: dedup done, delta_size=24288
R1 [P2] iter 46: subtract done, delta_size=23918
R3 [P2] iter 46: merge done, full_size=18997835
R0 [P2] iter 46: subtract done, delta_size=24180
R2 [P2] iter 46: merge done, full_size=18987830
R1 [P2] iter 46: merge done, full_size=18990760
R0 [P2] iter 46: merge done, full_size=19008085
R0 [P2] iter 47 done: global_full_size=75984510
R1 [P2] iter 47 done: global_full_size=75984510
R2 [P2] iter 47 done: global_full_size=75984510
R3 [P2] iter 47 done: global_full_size=75984510
R0 [P2] iter 47: PRE-JOIN GPU mem: 84.3GB free / 85.1GB total | delta_size=24180 full_size=19008085
R1 [P2] iter 47: PRE-JOIN GPU mem: 84.3GB free / 85.1GB total | delta_size=23918 full_size=18990760
R2 [P2] iter 47: PRE-JOIN GPU mem: 84.3GB free / 85.1GB total | delta_size=24126 full_size=18987830
R3 [P2] iter 47: PRE-JOIN GPU mem: 84.3GB free / 85.1GB total | delta_size=24216 full_size=18997835
R0 [P2] iter 47: join done, raw=22905 result_size=22896
R1 [P2] iter 47: join done, raw=22564 result_size=22555
R2 [P2] iter 47: join done, raw=22842 result_size=22833
R3 [P2] iter 47: join done, raw=22880 result_size=22876
R1 [P2] iter 47: split done, delta_size=22652
R1 [P2] iter 47: dedup done, delta_size=22641
R0 [P2] iter 47: split done, delta_size=22864
R0 [P2] iter 47: dedup done, delta_size=22850
R1 [P2] iter 47: subtract done, delta_size=22534
R3 [P2] iter 47: split done, delta_size=22826
R0 [P2] iter 47: subtract done, delta_size=22756
R3 [P2] iter 47: dedup done, delta_size=22811
R2 [P2] iter 47: split done, delta_size=22818
R2 [P2] iter 47: dedup done, delta_size=22796
R3 [P2] iter 47: subtract done, delta_size=22704
R1 [P2] iter 47: merge done, full_size=19013294
R2 [P2] iter 47: subtract done, delta_size=22691
R0 [P2] iter 47: merge done, full_size=19030841
R2 [P2] iter 47: merge done, full_size=19010521
R0 [P2] iter 48 done: global_full_size=76075195
R1 [P2] iter 48 done: global_full_size=76075195
R2 [P2] iter 48 done: global_full_size=76075195
R3 [P2] iter 47: merge done, full_size=19020539
R3 [P2] iter 48 done: global_full_size=76075195
R0 [P2] iter 48: PRE-JOIN GPU mem: 84.3GB free / 85.1GB total | delta_size=22756 full_size=19030841
R2 [P2] iter 48: PRE-JOIN GPU mem: 84.3GB free / 85.1GB total | delta_size=22691 full_size=19010521
R1 [P2] iter 48: PRE-JOIN GPU mem: 84.3GB free / 85.1GB total | delta_size=22534 full_size=19013294
R3 [P2] iter 48: PRE-JOIN GPU mem: 84.3GB free / 85.1GB total | delta_size=22704 full_size=19020539
R0 [P2] iter 48: join done, raw=21547 result_size=21541
R1 [P2] iter 48: join done, raw=21209 result_size=21203
R2 [P2] iter 48: join done, raw=21487 result_size=21479
R3 [P2] iter 48: join done, raw=21422 result_size=21419
R3 [P2] iter 48: split done, delta_size=21459
R3 [P2] iter 48: dedup done, delta_size=21444
R2 [P2] iter 48: split done, delta_size=21415
R2 [P2] iter 48: dedup done, delta_size=21397
R3 [P2] iter 48: subtract done, delta_size=21354
R1 [P2] iter 48: split done, delta_size=21280
R2 [P2] iter 48: subtract done, delta_size=21302
R1 [P2] iter 48: dedup done, delta_size=21272
R0 [P2] iter 48: split done, delta_size=21488
R0 [P2] iter 48: dedup done, delta_size=21475
R1 [P2] iter 48: subtract done, delta_size=21179
R3 [P2] iter 48: merge done, full_size=19041893
R0 [P2] iter 48: subtract done, delta_size=21389
R2 [P2] iter 48: merge done, full_size=19031823
R1 [P2] iter 48: merge done, full_size=19034473
R0 [P2] iter 48: merge done, full_size=19052230
R0 [P2] iter 49 done: global_full_size=76160419
R1 [P2] iter 49 done: global_full_size=76160419
R2 [P2] iter 49 done: global_full_size=76160419
R3 [P2] iter 49 done: global_full_size=76160419
R0 [P2] iter 49: PRE-JOIN GPU mem: 84.3GB free / 85.1GB total | delta_size=21389 full_size=19052230
R1 [P2] iter 49: PRE-JOIN GPU mem: 84.3GB free / 85.1GB total | delta_size=21179 full_size=19034473
R2 [P2] iter 49: PRE-JOIN GPU mem: 84.3GB free / 85.1GB total | delta_size=21302 full_size=19031823
R3 [P2] iter 49: PRE-JOIN GPU mem: 84.3GB free / 85.1GB total | delta_size=21354 full_size=19041893
R0 [P2] iter 49: join done, raw=20307 result_size=20303
R1 [P2] iter 49: join done, raw=19921 result_size=19915
R2 [P2] iter 49: join done, raw=20231 result_size=20223
R3 [P2] iter 49: join done, raw=20105 result_size=20102
R1 [P2] iter 49: split done, delta_size=20019
R1 [P2] iter 49: dedup done, delta_size=20011
R0 [P2] iter 49: split done, delta_size=20179
R0 [P2] iter 49: dedup done, delta_size=20167
R1 [P2] iter 49: subtract done, delta_size=19927
R3 [P2] iter 49: split done, delta_size=20190
R0 [P2] iter 49: subtract done, delta_size=20093
R3 [P2] iter 49: dedup done, delta_size=20179
R2 [P2] iter 49: split done, delta_size=20155
R2 [P2] iter 49: dedup done, delta_size=20140
R3 [P2] iter 49: subtract done, delta_size=20101
R1 [P2] iter 49: merge done, full_size=19054400
R2 [P2] iter 49: subtract done, delta_size=20058
R0 [P2] iter 49: merge done, full_size=19072323
R3 [P2] iter 49: merge done, full_size=19061994
R0 [P2] iter 50 done: global_full_size=76240598
R1 [P2] iter 50 done: global_full_size=76240598
R2 [P2] iter 49: merge done, full_size=19051881
R2 [P2] iter 50 done: global_full_size=76240598
R3 [P2] iter 50 done: global_full_size=76240598
R0 [P2] iter 50: PRE-JOIN GPU mem: 84.3GB free / 85.1GB total | delta_size=20093 full_size=19072323
R1 [P2] iter 50: PRE-JOIN GPU mem: 84.3GB free / 85.1GB total | delta_size=19927 full_size=19054400
R2 [P2] iter 50: PRE-JOIN GPU mem: 84.3GB free / 85.1GB total | delta_size=20058 full_size=19051881
R3 [P2] iter 50: PRE-JOIN GPU mem: 84.3GB free / 85.1GB total | delta_size=20101 full_size=19061994
R0 [P2] iter 50: join done, raw=19052 result_size=19049
R1 [P2] iter 50: join done, raw=18720 result_size=18714
R2 [P2] iter 50: join done, raw=19086 result_size=19079
R3 [P2] iter 50: join done, raw=18937 result_size=18934
R3 [P2] iter 50: split done, delta_size=19005
R3 [P2] iter 50: dedup done, delta_size=18995
R2 [P2] iter 50: split done, delta_size=18940
R2 [P2] iter 50: dedup done, delta_size=18925
R3 [P2] iter 50: subtract done, delta_size=18928
R1 [P2] iter 50: split done, delta_size=18836
R2 [P2] iter 50: subtract done, delta_size=18851
R1 [P2] iter 50: dedup done, delta_size=18829
R0 [P2] iter 50: split done, delta_size=18995
R0 [P2] iter 50: dedup done, delta_size=18982
R1 [P2] iter 50: subtract done, delta_size=18755
R3 [P2] iter 50: merge done, full_size=19080922
R0 [P2] iter 50: subtract done, delta_size=18909
R2 [P2] iter 50: merge done, full_size=19070732
R1 [P2] iter 50: merge done, full_size=19073155
R0 [P2] iter 50: merge done, full_size=19091232
R0 [P2] iter 51 done: global_full_size=76316041
R1 [P2] iter 51 done: global_full_size=76316041
R2 [P2] iter 51 done: global_full_size=76316041
R3 [P2] iter 51 done: global_full_size=76316041
R0 [P2] iter 51: PRE-JOIN GPU mem: 84.3GB free / 85.1GB total | delta_size=18909 full_size=19091232
R1 [P2] iter 51: PRE-JOIN GPU mem: 84.3GB free / 85.1GB total | delta_size=18755 full_size=19073155
R2 [P2] iter 51: PRE-JOIN GPU mem: 84.3GB free / 85.1GB total | delta_size=18851 full_size=19070732
R3 [P2] iter 51: PRE-JOIN GPU mem: 84.3GB free / 85.1GB total | delta_size=18928 full_size=19080922
R0 [P2] iter 51: join done, raw=17905 result_size=17903
R1 [P2] iter 51: join done, raw=17649 result_size=17643
R2 [P2] iter 51: join done, raw=17952 result_size=17947
R3 [P2] iter 51: join done, raw=17842 result_size=17839
R1 [P2] iter 51: split done, delta_size=17694
R1 [P2] iter 51: dedup done, delta_size=17687
R0 [P2] iter 51: split done, delta_size=17936
R0 [P2] iter 51: dedup done, delta_size=17925
R1 [P2] iter 51: subtract done, delta_size=17615
R3 [P2] iter 51: split done, delta_size=17895
R0 [P2] iter 51: subtract done, delta_size=17858
R3 [P2] iter 51: dedup done, delta_size=17886
R2 [P2] iter 51: split done, delta_size=17807
R2 [P2] iter 51: dedup done, delta_size=17794
R3 [P2] iter 51: subtract done, delta_size=17826
R1 [P2] iter 51: merge done, full_size=19090770
R2 [P2] iter 51: subtract done, delta_size=17730
R0 [P2] iter 51: merge done, full_size=19109090
R3 [P2] iter 51: merge done, full_size=19098748
R0 [P2] iter 52 done: global_full_size=76387070
R1 [P2] iter 52 done: global_full_size=76387070
R2 [P2] iter 51: merge done, full_size=19088462
R2 [P2] iter 52 done: global_full_size=76387070
R3 [P2] iter 52 done: global_full_size=76387070
R0 [P2] iter 52: PRE-JOIN GPU mem: 84.3GB free / 85.1GB total | delta_size=17858 full_size=19109090
R1 [P2] iter 52: PRE-JOIN GPU mem: 84.3GB free / 85.1GB total | delta_size=17615 full_size=19090770
R2 [P2] iter 52: PRE-JOIN GPU mem: 84.3GB free / 85.1GB total | delta_size=17730 full_size=19088462
R3 [P2] iter 52: PRE-JOIN GPU mem: 84.3GB free / 85.1GB total | delta_size=17826 full_size=19098748
R0 [P2] iter 52: join done, raw=16985 result_size=16983
R1 [P2] iter 52: join done, raw=16622 result_size=16616
R2 [P2] iter 52: join done, raw=16905 result_size=16901
R3 [P2] iter 52: join done, raw=16833 result_size=16832
R3 [P2] iter 52: split done, delta_size=16896
R3 [P2] iter 52: dedup done, delta_size=16887
R2 [P2] iter 52: split done, delta_size=16818
R2 [P2] iter 52: dedup done, delta_size=16805
R3 [P2] iter 52: subtract done, delta_size=16829
R1 [P2] iter 52: split done, delta_size=16723
R2 [P2] iter 52: subtract done, delta_size=16742
R1 [P2] iter 52: dedup done, delta_size=16716
R0 [P2] iter 52: split done, delta_size=16895
R0 [P2] iter 52: dedup done, delta_size=16884
R1 [P2] iter 52: subtract done, delta_size=16649
R3 [P2] iter 52: merge done, full_size=19115577
R0 [P2] iter 52: subtract done, delta_size=16822
R2 [P2] iter 52: merge done, full_size=19105204
R1 [P2] iter 52: merge done, full_size=19107419
R0 [P2] iter 52: merge done, full_size=19125912
R0 [P2] iter 53 done: global_full_size=76454112
R1 [P2] iter 53 done: global_full_size=76454112
R2 [P2] iter 53 done: global_full_size=76454112
R3 [P2] iter 53 done: global_full_size=76454112
R0 [P2] iter 53: PRE-JOIN GPU mem: 84.3GB free / 85.1GB total | delta_size=16822 full_size=19125912
R1 [P2] iter 53: PRE-JOIN GPU mem: 84.3GB free / 85.1GB total | delta_size=16649 full_size=19107419
R2 [P2] iter 53: PRE-JOIN GPU mem: 84.3GB free / 85.1GB total | delta_size=16742 full_size=19105204
R3 [P2] iter 53: PRE-JOIN GPU mem: 84.3GB free / 85.1GB total | delta_size=16829 full_size=19115577
R0 [P2] iter 53: join done, raw=15986 result_size=15984
R1 [P2] iter 53: join done, raw=15734 result_size=15729
R2 [P2] iter 53: join done, raw=15960 result_size=15956
R3 [P2] iter 53: join done, raw=15868 result_size=15868
R2 [P2] iter 53: split done, delta_size=15884
R2 [P2] iter 53: dedup done, delta_size=15871
R1 [P2] iter 53: split done, delta_size=15791
R2 [P2] iter 53: subtract done, delta_size=15807
R1 [P2] iter 53: dedup done, delta_size=15784
R0 [P2] iter 53: split done, delta_size=15972
R0 [P2] iter 53: dedup done, delta_size=15961
R1 [P2] iter 53: subtract done, delta_size=15718
R3 [P2] iter 53: split done, delta_size=15890
R0 [P2] iter 53: subtract done, delta_size=15903
R3 [P2] iter 53: dedup done, delta_size=15883
R2 [P2] iter 53: merge done, full_size=19121011
R3 [P2] iter 53: subtract done, delta_size=15829
R1 [P2] iter 53: merge done, full_size=19123137
R0 [P2] iter 53: merge done, full_size=19141815
R0 [P2] iter 54 done: global_full_size=76517369
R1 [P2] iter 54 done: global_full_size=76517369
R2 [P2] iter 54 done: global_full_size=76517369
R3 [P2] iter 53: merge done, full_size=19131406
R3 [P2] iter 54 done: global_full_size=76517369
R0 [P2] iter 54: PRE-JOIN GPU mem: 84.3GB free / 85.1GB total | delta_size=15903 full_size=19141815
R1 [P2] iter 54: PRE-JOIN GPU mem: 84.3GB free / 85.1GB total | delta_size=15718 full_size=19123137
R2 [P2] iter 54: PRE-JOIN GPU mem: 84.3GB free / 85.1GB total | delta_size=15807 full_size=19121011
R3 [P2] iter 54: PRE-JOIN GPU mem: 84.3GB free / 85.1GB total | delta_size=15829 full_size=19131406
R0 [P2] iter 54: join done, raw=15115 result_size=15113
R1 [P2] iter 54: join done, raw=14861 result_size=14857
R3 [P2] iter 54: join done, raw=14956 result_size=14956
R2 [P2] iter 54: join done, raw=15092 result_size=15089
R1 [P2] iter 54: split done, delta_size=14908
R1 [P2] iter 54: dedup done, delta_size=14902
R0 [P2] iter 54: split done, delta_size=15091
R0 [P2] iter 54: dedup done, delta_size=15080
R1 [P2] iter 54: subtract done, delta_size=14841
R3 [P2] iter 54: split done, delta_size=15045
R0 [P2] iter 54: subtract done, delta_size=15025
R3 [P2] iter 54: dedup done, delta_size=15039
R2 [P2] iter 54: split done, delta_size=14971
R2 [P2] iter 54: dedup done, delta_size=14960
R3 [P2] iter 54: subtract done, delta_size=14988
R1 [P2] iter 54: merge done, full_size=19137978
R2 [P2] iter 54: subtract done, delta_size=14897
R0 [P2] iter 54: merge done, full_size=19156840
R3 [P2] iter 54: merge done, full_size=19146394
R0 [P2] iter 55 done: global_full_size=76577120
R1 [P2] iter 55 done: global_full_size=76577120
R2 [P2] iter 54: merge done, full_size=19135908
R2 [P2] iter 55 done: global_full_size=76577120
R3 [P2] iter 55 done: global_full_size=76577120
R0 [P2] iter 55: PRE-JOIN GPU mem: 84.3GB free / 85.1GB total | delta_size=15025 full_size=19156840
R1 [P2] iter 55: PRE-JOIN GPU mem: 84.3GB free / 85.1GB total | delta_size=14841 full_size=19137978
R2 [P2] iter 55: PRE-JOIN GPU mem: 84.3GB free / 85.1GB total | delta_size=14897 full_size=19135908
R3 [P2] iter 55: PRE-JOIN GPU mem: 84.3GB free / 85.1GB total | delta_size=14988 full_size=19146394
R0 [P2] iter 55: join done, raw=14280 result_size=14278
R1 [P2] iter 55: join done, raw=14022 result_size=14018
R2 [P2] iter 55: join done, raw=14216 result_size=14214
R3 [P2] iter 55: join done, raw=14142 result_size=14142
R0 [P2] iter 55: split done, delta_size=14262
R0 [P2] iter 55: dedup done, delta_size=14253
R3 [P2] iter 55: split done, delta_size=14187
R0 [P2] iter 55: subtract done, delta_size=14200
R3 [P2] iter 55: dedup done, delta_size=14182
R2 [P2] iter 55: split done, delta_size=14174
R2 [P2] iter 55: dedup done, delta_size=14164
R3 [P2] iter 55: subtract done, delta_size=14131
R1 [P2] iter 55: split done, delta_size=14029
R2 [P2] iter 55: subtract done, delta_size=14104
R1 [P2] iter 55: dedup done, delta_size=14024
R0 [P2] iter 55: merge done, full_size=19171040
R1 [P2] iter 55: subtract done, delta_size=13963
R3 [P2] iter 55: merge done, full_size=19160525
R2 [P2] iter 55: merge done, full_size=19150012
R0 [P2] iter 56 done: global_full_size=76633518
R1 [P2] iter 55: merge done, full_size=19151941
R1 [P2] iter 56 done: global_full_size=76633518
R2 [P2] iter 56 done: global_full_size=76633518
R3 [P2] iter 56 done: global_full_size=76633518
R0 [P2] iter 56: PRE-JOIN GPU mem: 84.3GB free / 85.1GB total | delta_size=14200 full_size=19171040
R1 [P2] iter 56: PRE-JOIN GPU mem: 84.3GB free / 85.1GB total | delta_size=13963 full_size=19151941
R2 [P2] iter 56: PRE-JOIN GPU mem: 84.3GB free / 85.1GB total | delta_size=14104 full_size=19150012
R3 [P2] iter 56: PRE-JOIN GPU mem: 84.3GB free / 85.1GB total | delta_size=14131 full_size=19160525
R1 [P2] iter 56: join done, raw=13212 result_size=13208
R0 [P2] iter 56: join done, raw=13555 result_size=13553
R2 [P2] iter 56: join done, raw=13470 result_size=13468
R3 [P2] iter 56: join done, raw=13375 result_size=13375
R2 [P2] iter 56: split done, delta_size=13426
R2 [P2] iter 56: dedup done, delta_size=13416
R1 [P2] iter 56: split done, delta_size=13254
R2 [P2] iter 56: subtract done, delta_size=13354
R1 [P2] iter 56: dedup done, delta_size=13249
R0 [P2] iter 56: split done, delta_size=13485
R0 [P2] iter 56: dedup done, delta_size=13476
R1 [P2] iter 56: subtract done, delta_size=13192
R3 [P2] iter 56: split done, delta_size=13439
R0 [P2] iter 56: subtract done, delta_size=13423
R3 [P2] iter 56: dedup done, delta_size=13434
R2 [P2] iter 56: merge done, full_size=19163366
R3 [P2] iter 56: subtract done, delta_size=13384
R1 [P2] iter 56: merge done, full_size=19165133
R0 [P2] iter 56: merge done, full_size=19184463
R0 [P2] iter 57 done: global_full_size=76686871
R1 [P2] iter 57 done: global_full_size=76686871
R2 [P2] iter 57 done: global_full_size=76686871
R3 [P2] iter 56: merge done, full_size=19173909
R3 [P2] iter 57 done: global_full_size=76686871
R0 [P2] iter 57: PRE-JOIN GPU mem: 84.3GB free / 85.1GB total | delta_size=13423 full_size=19184463
R3 [P2] iter 57: PRE-JOIN GPU mem: 84.3GB free / 85.1GB total | delta_size=13384 full_size=19173909
R1 [P2] iter 57: PRE-JOIN GPU mem: 84.3GB free / 85.1GB total | delta_size=13192 full_size=19165133
R2 [P2] iter 57: PRE-JOIN GPU mem: 84.3GB free / 85.1GB total | delta_size=13354 full_size=19163366
R0 [P2] iter 57: join done, raw=12827 result_size=12825
R1 [P2] iter 57: join done, raw=12485 result_size=12481
R2 [P2] iter 57: join done, raw=12785 result_size=12783
R3 [P2] iter 57: join done, raw=12720 result_size=12720
R0 [P2] iter 57: split done, delta_size=12770
R0 [P2] iter 57: dedup done, delta_size=12761
R3 [P2] iter 57: split done, delta_size=12751
R0 [P2] iter 57: subtract done, delta_size=12707
R3 [P2] iter 57: dedup done, delta_size=12746
R2 [P2] iter 57: split done, delta_size=12735
R2 [P2] iter 57: dedup done, delta_size=12725
R3 [P2] iter 57: subtract done, delta_size=12699
R1 [P2] iter 57: split done, delta_size=12553
R2 [P2] iter 57: subtract done, delta_size=12663
R1 [P2] iter 57: dedup done, delta_size=12548
R0 [P2] iter 57: merge done, full_size=19197170
R1 [P2] iter 57: subtract done, delta_size=12491
R3 [P2] iter 57: merge done, full_size=19186608
R2 [P2] iter 57: merge done, full_size=19176029
R0 [P2] iter 58 done: global_full_size=76737431
R1 [P2] iter 57: merge done, full_size=19177624
R1 [P2] iter 58 done: global_full_size=76737431
R2 [P2] iter 58 done: global_full_size=76737431
R3 [P2] iter 58 done: global_full_size=76737431
R0 [P2] iter 58: PRE-JOIN GPU mem: 84.3GB free / 85.1GB total | delta_size=12707 full_size=19197170
R1 [P2] iter 58: PRE-JOIN GPU mem: 84.3GB free / 85.1GB total | delta_size=12491 full_size=19177624
R2 [P2] iter 58: PRE-JOIN GPU mem: 84.3GB free / 85.1GB total | delta_size=12663 full_size=19176029
R3 [P2] iter 58: PRE-JOIN GPU mem: 84.3GB free / 85.1GB total | delta_size=12699 full_size=19186608
R0 [P2] iter 58: join done, raw=12119 result_size=12117
R1 [P2] iter 58: join done, raw=11827 result_size=11823
R3 [P2] iter 58: join done, raw=12089 result_size=12089
R2 [P2] iter 58: join done, raw=12148 result_size=12146
R2 [P2] iter 58: split done, delta_size=12041
R2 [P2] iter 58: dedup done, delta_size=12031
R1 [P2] iter 58: split done, delta_size=11905
R2 [P2] iter 58: subtract done, delta_size=11972
R1 [P2] iter 58: dedup done, delta_size=11899
R0 [P2] iter 58: split done, delta_size=12149
R0 [P2] iter 58: dedup done, delta_size=12139
R1 [P2] iter 58: subtract done, delta_size=11844
R3 [P2] iter 58: split done, delta_size=12080
R0 [P2] iter 58: subtract done, delta_size=12091
R3 [P2] iter 58: dedup done, delta_size=12075
R2 [P2] iter 58: merge done, full_size=19188001
R3 [P2] iter 58: subtract done, delta_size=12027
R1 [P2] iter 58: merge done, full_size=19189468
R0 [P2] iter 58: merge done, full_size=19209261
R0 [P2] iter 59 done: global_full_size=76785365
R1 [P2] iter 59 done: global_full_size=76785365
R2 [P2] iter 59 done: global_full_size=76785365
R3 [P2] iter 58: merge done, full_size=19198635
R3 [P2] iter 59 done: global_full_size=76785365
R0 [P2] iter 59: PRE-JOIN GPU mem: 84.3GB free / 85.1GB total | delta_size=12091 full_size=19209261
R1 [P2] iter 59: PRE-JOIN GPU mem: 84.3GB free / 85.1GB total | delta_size=11844 full_size=19189468
R3 [P2] iter 59: PRE-JOIN GPU mem: 84.3GB free / 85.1GB total | delta_size=12027 full_size=19198635
R2 [P2] iter 59: PRE-JOIN GPU mem: 84.3GB free / 85.1GB total | delta_size=11972 full_size=19188001
R0 [P2] iter 59: join done, raw=11541 result_size=11539
R1 [P2] iter 59: join done, raw=11218 result_size=11214
R3 [P2] iter 59: join done, raw=11438 result_size=11438
R2 [P2] iter 59: join done, raw=11494 result_size=11492
R0 [P2] iter 59: split done, delta_size=11531
R0 [P2] iter 59: dedup done, delta_size=11521
R3 [P2] iter 59: split done, delta_size=11428
R0 [P2] iter 59: subtract done, delta_size=11473
R3 [P2] iter 59: dedup done, delta_size=11423
R2 [P2] iter 59: split done, delta_size=11393
R2 [P2] iter 59: dedup done, delta_size=11383
R3 [P2] iter 59: subtract done, delta_size=11377
R1 [P2] iter 59: split done, delta_size=11331
R2 [P2] iter 59: subtract done, delta_size=11327
R1 [P2] iter 59: dedup done, delta_size=11324
R0 [P2] iter 59: merge done, full_size=19220734
R1 [P2] iter 59: subtract done, delta_size=11272
R3 [P2] iter 59: merge done, full_size=19210012
R2 [P2] iter 59: merge done, full_size=19199328
R0 [P2] iter 60 done: global_full_size=76830814
R1 [P2] iter 59: merge done, full_size=19200740
R1 [P2] iter 60 done: global_full_size=76830814
R2 [P2] iter 60 done: global_full_size=76830814
R3 [P2] iter 60 done: global_full_size=76830814
R0 [P2] iter 60: PRE-JOIN GPU mem: 84.3GB free / 85.1GB total | delta_size=11473 full_size=19220734
R1 [P2] iter 60: PRE-JOIN GPU mem: 84.3GB free / 85.1GB total | delta_size=11272 full_size=19200740
R2 [P2] iter 60: PRE-JOIN GPU mem: 84.3GB free / 85.1GB total | delta_size=11327 full_size=19199328
R3 [P2] iter 60: PRE-JOIN GPU mem: 84.3GB free / 85.1GB total | delta_size=11377 full_size=19210012
R0 [P2] iter 60: join done, raw=10951 result_size=10949
R1 [P2] iter 60: join done, raw=10660 result_size=10656
R2 [P2] iter 60: join done, raw=10856 result_size=10854
R3 [P2] iter 60: join done, raw=10804 result_size=10804
R2 [P2] iter 60: split done, delta_size=10813
R2 [P2] iter 60: dedup done, delta_size=10804
R1 [P2] iter 60: split done, delta_size=10715
R2 [P2] iter 60: subtract done, delta_size=10753
R1 [P2] iter 60: dedup done, delta_size=10710
R0 [P2] iter 60: split done, delta_size=10880
R0 [P2] iter 60: dedup done, delta_size=10871
R1 [P2] iter 60: subtract done, delta_size=10661
R3 [P2] iter 60: split done, delta_size=10855
R0 [P2] iter 60: subtract done, delta_size=10826
R3 [P2] iter 60: dedup done, delta_size=10850
R2 [P2] iter 60: merge done, full_size=19210081
R3 [P2] iter 60: subtract done, delta_size=10808
R1 [P2] iter 60: merge done, full_size=19211401
R0 [P2] iter 60: merge done, full_size=19231560
R0 [P2] iter 61 done: global_full_size=76873862
R1 [P2] iter 61 done: global_full_size=76873862
R2 [P2] iter 61 done: global_full_size=76873862
R3 [P2] iter 60: merge done, full_size=19220820
R3 [P2] iter 61 done: global_full_size=76873862
R0 [P2] iter 61: PRE-JOIN GPU mem: 84.3GB free / 85.1GB total | delta_size=10826 full_size=19231560
R1 [P2] iter 61: PRE-JOIN GPU mem: 84.3GB free / 85.1GB total | delta_size=10661 full_size=19211401
R2 [P2] iter 61: PRE-JOIN GPU mem: 84.3GB free / 85.1GB total | delta_size=10753 full_size=19210081
R3 [P2] iter 61: PRE-JOIN GPU mem: 84.3GB free / 85.1GB total | delta_size=10808 full_size=19220820
R0 [P2] iter 61: join done, raw=10339 result_size=10337
R1 [P2] iter 61: join done, raw=10104 result_size=10100
R2 [P2] iter 61: join done, raw=10326 result_size=10324
R3 [P2] iter 61: join done, raw=10279 result_size=10279
R1 [P2] iter 61: split done, delta_size=10159
R1 [P2] iter 61: dedup done, delta_size=10155
R0 [P2] iter 61: split done, delta_size=10306
R0 [P2] iter 61: dedup done, delta_size=10297
R1 [P2] iter 61: subtract done, delta_size=10106
R3 [P2] iter 61: split done, delta_size=10309
R0 [P2] iter 61: subtract done, delta_size=10252
R3 [P2] iter 61: dedup done, delta_size=10304
R2 [P2] iter 61: split done, delta_size=10266
R2 [P2] iter 61: dedup done, delta_size=10258
R3 [P2] iter 61: subtract done, delta_size=10263
R1 [P2] iter 61: merge done, full_size=19221507
R2 [P2] iter 61: subtract done, delta_size=10208
R0 [P2] iter 61: merge done, full_size=19241812
R3 [P2] iter 61: merge done, full_size=19231083
R0 [P2] iter 62 done: global_full_size=76914691
R1 [P2] iter 62 done: global_full_size=76914691
R2 [P2] iter 61: merge done, full_size=19220289
R2 [P2] iter 62 done: global_full_size=76914691
R3 [P2] iter 62 done: global_full_size=76914691
R0 [P2] iter 62: PRE-JOIN GPU mem: 84.3GB free / 85.1GB total | delta_size=10252 full_size=19241812
R1 [P2] iter 62: PRE-JOIN GPU mem: 84.3GB free / 85.1GB total | delta_size=10106 full_size=19221507
R2 [P2] iter 62: PRE-JOIN GPU mem: 84.3GB free / 85.1GB total | delta_size=10208 full_size=19220289
R3 [P2] iter 62: PRE-JOIN GPU mem: 84.3GB free / 85.1GB total | delta_size=10263 full_size=19231083
R0 [P2] iter 62: join done, raw=9810 result_size=9808
R1 [P2] iter 62: join done, raw=9582 result_size=9578
R2 [P2] iter 62: join done, raw=9837 result_size=9835
R3 [P2] iter 62: join done, raw=9771 result_size=9771
R3 [P2] iter 62: split done, delta_size=9780
R3 [P2] iter 62: dedup done, delta_size=9775
R2 [P2] iter 62: split done, delta_size=9753
R2 [P2] iter 62: dedup done, delta_size=9745
R3 [P2] iter 62: subtract done, delta_size=9738
R1 [P2] iter 62: split done, delta_size=9669
R2 [P2] iter 62: subtract done, delta_size=9696
R1 [P2] iter 62: dedup done, delta_size=9665
R0 [P2] iter 62: split done, delta_size=9790
R0 [P2] iter 62: dedup done, delta_size=9781
R1 [P2] iter 62: subtract done, delta_size=9620
R3 [P2] iter 62: merge done, full_size=19240821
R0 [P2] iter 62: subtract done, delta_size=9736
R2 [P2] iter 62: merge done, full_size=19229985
R1 [P2] iter 62: merge done, full_size=19231127
R0 [P2] iter 62: merge done, full_size=19251548
R0 [P2] iter 63 done: global_full_size=76953481
R1 [P2] iter 63 done: global_full_size=76953481
R2 [P2] iter 63 done: global_full_size=76953481
R3 [P2] iter 63 done: global_full_size=76953481
R0 [P2] iter 63: PRE-JOIN GPU mem: 84.3GB free / 85.1GB total | delta_size=9736 full_size=19251548
R1 [P2] iter 63: PRE-JOIN GPU mem: 84.3GB free / 85.1GB total | delta_size=9620 full_size=19231127
R2 [P2] iter 63: PRE-JOIN GPU mem: 84.3GB free / 85.1GB total | delta_size=9696 full_size=19229985
R3 [P2] iter 63: PRE-JOIN GPU mem: 84.3GB free / 85.1GB total | delta_size=9738 full_size=19240821
R0 [P2] iter 63: join done, raw=9331 result_size=9329
R1 [P2] iter 63: join done, raw=9131 result_size=9127
R2 [P2] iter 63: join done, raw=9345 result_size=9343
R3 [P2] iter 63: join done, raw=9296 result_size=9296
R1 [P2] iter 63: split done, delta_size=9180
R1 [P2] iter 63: dedup done, delta_size=9176
R0 [P2] iter 63: split done, delta_size=9305
R0 [P2] iter 63: dedup done, delta_size=9296
R1 [P2] iter 63: subtract done, delta_size=9131
R3 [P2] iter 63: split done, delta_size=9308
R0 [P2] iter 63: subtract done, delta_size=9254
R3 [P2] iter 63: dedup done, delta_size=9303
R2 [P2] iter 63: split done, delta_size=9302
R2 [P2] iter 63: dedup done, delta_size=9294
R3 [P2] iter 63: subtract done, delta_size=9266
R1 [P2] iter 63: merge done, full_size=19240258
R2 [P2] iter 63: subtract done, delta_size=9247
R0 [P2] iter 63: merge done, full_size=19260802
R3 [P2] iter 63: merge done, full_size=19250087
R0 [P2] iter 64 done: global_full_size=76990379
R1 [P2] iter 64 done: global_full_size=76990379
R2 [P2] iter 63: merge done, full_size=19239232
R2 [P2] iter 64 done: global_full_size=76990379
R3 [P2] iter 64 done: global_full_size=76990379
R0 [P2] iter 64: PRE-JOIN GPU mem: 84.3GB free / 85.1GB total | delta_size=9254 full_size=19260802
R1 [P2] iter 64: PRE-JOIN GPU mem: 84.3GB free / 85.1GB total | delta_size=9131 full_size=19240258
R2 [P2] iter 64: PRE-JOIN GPU mem: 84.3GB free / 85.1GB total | delta_size=9247 full_size=19239232
R3 [P2] iter 64: PRE-JOIN GPU mem: 84.3GB free / 85.1GB total | delta_size=9266 full_size=19250087
R0 [P2] iter 64: join done, raw=8849 result_size=8847
R1 [P2] iter 64: join done, raw=8639 result_size=8635
R2 [P2] iter 64: join done, raw=8905 result_size=8903
R3 [P2] iter 64: join done, raw=8837 result_size=8837
R0 [P2] iter 64: split done, delta_size=8848
R0 [P2] iter 64: dedup done, delta_size=8839
R3 [P2] iter 64: split done, delta_size=8851
R0 [P2] iter 64: subtract done, delta_size=8797
R3 [P2] iter 64: dedup done, delta_size=8846
R2 [P2] iter 64: split done, delta_size=8819
R2 [P2] iter 64: dedup done, delta_size=8811
R3 [P2] iter 64: subtract done, delta_size=8810
R1 [P2] iter 64: split done, delta_size=8704
R2 [P2] iter 64: subtract done, delta_size=8765
R1 [P2] iter 64: dedup done, delta_size=8700
R0 [P2] iter 64: merge done, full_size=19269599
R1 [P2] iter 64: subtract done, delta_size=8656
R3 [P2] iter 64: merge done, full_size=19258897
R2 [P2] iter 64: merge done, full_size=19247997
R0 [P2] iter 65 done: global_full_size=77025407
R1 [P2] iter 64: merge done, full_size=19248914
R1 [P2] iter 65 done: global_full_size=77025407
R2 [P2] iter 65 done: global_full_size=77025407
R3 [P2] iter 65 done: global_full_size=77025407
R0 [P2] iter 65: PRE-JOIN GPU mem: 84.3GB free / 85.1GB total | delta_size=8797 full_size=19269599
R1 [P2] iter 65: PRE-JOIN GPU mem: 84.3GB free / 85.1GB total | delta_size=8656 full_size=19248914
R2 [P2] iter 65: PRE-JOIN GPU mem: 84.3GB free / 85.1GB total | delta_size=8765 full_size=19247997
R3 [P2] iter 65: PRE-JOIN GPU mem: 84.3GB free / 85.1GB total | delta_size=8810 full_size=19258897
R1 [P2] iter 65: join done, raw=8175 result_size=8172
R0 [P2] iter 65: join done, raw=8413 result_size=8411
R2 [P2] iter 65: join done, raw=8436 result_size=8434
R3 [P2] iter 65: join done, raw=8408 result_size=8408
R2 [P2] iter 65: split done, delta_size=8368
R2 [P2] iter 65: dedup done, delta_size=8360
R1 [P2] iter 65: split done, delta_size=8273
R2 [P2] iter 65: subtract done, delta_size=8314
R1 [P2] iter 65: dedup done, delta_size=8269
R0 [P2] iter 65: split done, delta_size=8381
R0 [P2] iter 65: dedup done, delta_size=8372
R1 [P2] iter 65: subtract done, delta_size=8225
R3 [P2] iter 65: split done, delta_size=8403
R0 [P2] iter 65: subtract done, delta_size=8331
R3 [P2] iter 65: dedup done, delta_size=8398
R2 [P2] iter 65: merge done, full_size=19256311
R3 [P2] iter 65: subtract done, delta_size=8364
R1 [P2] iter 65: merge done, full_size=19257139
R0 [P2] iter 65: merge done, full_size=19277930
R0 [P2] iter 66 done: global_full_size=77058641
R1 [P2] iter 66 done: global_full_size=77058641
R2 [P2] iter 66 done: global_full_size=77058641
R3 [P2] iter 65: merge done, full_size=19267261
R3 [P2] iter 66 done: global_full_size=77058641
R0 [P2] iter 66: PRE-JOIN GPU mem: 84.3GB free / 85.1GB total | delta_size=8331 full_size=19277930
R1 [P2] iter 66: PRE-JOIN GPU mem: 84.3GB free / 85.1GB total | delta_size=8225 full_size=19257139
R2 [P2] iter 66: PRE-JOIN GPU mem: 84.3GB free / 85.1GB total | delta_size=8314 full_size=19256311
R3 [P2] iter 66: PRE-JOIN GPU mem: 84.3GB free / 85.1GB total | delta_size=8364 full_size=19267261
R0 [P2] iter 66: join done, raw=7960 result_size=7958
R1 [P2] iter 66: join done, raw=7752 result_size=7749
R2 [P2] iter 66: join done, raw=8015 result_size=8013
R3 [P2] iter 66: join done, raw=7980 result_size=7980
R0 [P2] iter 66: split done, delta_size=7959
R1 [P2] iter 66: split done, delta_size=7847
R2 [P2] iter 66: split done, delta_size=7914
R3 [P2] iter 66: split done, delta_size=7980
R0 [P2] iter 66: dedup done, delta_size=7950
R1 [P2] iter 66: dedup done, delta_size=7843
R2 [P2] iter 66: dedup done, delta_size=7907
R3 [P2] iter 66: dedup done, delta_size=7975
R1 [P2] iter 66: subtract done, delta_size=7799
R2 [P2] iter 66: subtract done, delta_size=7861
R3 [P2] iter 66: subtract done, delta_size=7940
R0 [P2] iter 66: subtract done, delta_size=7912
R3 [P2] iter 66: merge done, full_size=19275201
R0 [P2] iter 66: merge done, full_size=19285842
R2 [P2] iter 66: merge done, full_size=19264172
R0 [P2] iter 67 done: global_full_size=77090153
R1 [P2] iter 66: merge done, full_size=19264938
R1 [P2] iter 67 done: global_full_size=77090153
R2 [P2] iter 67 done: global_full_size=77090153
R3 [P2] iter 67 done: global_full_size=77090153
R0 [P2] iter 67: PRE-JOIN GPU mem: 84.3GB free / 85.1GB total | delta_size=7912 full_size=19285842
R1 [P2] iter 67: PRE-JOIN GPU mem: 84.3GB free / 85.1GB total | delta_size=7799 full_size=19264938
R2 [P2] iter 67: PRE-JOIN GPU mem: 84.3GB free / 85.1GB total | delta_size=7861 full_size=19264172
R3 [P2] iter 67: PRE-JOIN GPU mem: 84.3GB free / 85.1GB total | delta_size=7940 full_size=19275201
R0 [P2] iter 67: join done, raw=7560 result_size=7558
R1 [P2] iter 67: join done, raw=7330 result_size=7327
R2 [P2] iter 67: join done, raw=7598 result_size=7596
R3 [P2] iter 67: join done, raw=7568 result_size=7568
R0 [P2] iter 67: split done, delta_size=7555
R1 [P2] iter 67: split done, delta_size=7410
R2 [P2] iter 67: split done, delta_size=7495
R3 [P2] iter 67: split done, delta_size=7589
R0 [P2] iter 67: dedup done, delta_size=7546
R1 [P2] iter 67: dedup done, delta_size=7406
R2 [P2] iter 67: dedup done, delta_size=7488
R3 [P2] iter 67: dedup done, delta_size=7584
R0 [P2] iter 67: subtract done, delta_size=7509
R1 [P2] iter 67: subtract done, delta_size=7363
R2 [P2] iter 67: subtract done, delta_size=7443
R3 [P2] iter 67: subtract done, delta_size=7550
R3 [P2] iter 67: merge done, full_size=19282751
R1 [P2] iter 67: merge done, full_size=19272301
R0 [P2] iter 67: merge done, full_size=19293351
R0 [P2] iter 68 done: global_full_size=77120018
R1 [P2] iter 68 done: global_full_size=77120018
R2 [P2] iter 67: merge done, full_size=19271615
R2 [P2] iter 68 done: global_full_size=77120018
R3 [P2] iter 68 done: global_full_size=77120018
R0 [P2] iter 68: PRE-JOIN GPU mem: 84.3GB free / 85.1GB total | delta_size=7509 full_size=19293351
R1 [P2] iter 68: PRE-JOIN GPU mem: 84.3GB free / 85.1GB total | delta_size=7363 full_size=19272301
R2 [P2] iter 68: PRE-JOIN GPU mem: 84.3GB free / 85.1GB total | delta_size=7443 full_size=19271615
R3 [P2] iter 68: PRE-JOIN GPU mem: 84.3GB free / 85.1GB total | delta_size=7550 full_size=19282751
R0 [P2] iter 68: join done, raw=7169 result_size=7167
R1 [P2] iter 68: join done, raw=6932 result_size=6929
R2 [P2] iter 68: join done, raw=7195 result_size=7195
R3 [P2] iter 68: join done, raw=7186 result_size=7186
R0 [P2] iter 68: split done, delta_size=7147
R1 [P2] iter 68: split done, delta_size=7073
R2 [P2] iter 68: split done, delta_size=7081
R3 [P2] iter 68: split done, delta_size=7176
R0 [P2] iter 68: dedup done, delta_size=7138
R1 [P2] iter 68: dedup done, delta_size=7069
R2 [P2] iter 68: dedup done, delta_size=7074
R3 [P2] iter 68: dedup done, delta_size=7171
R0 [P2] iter 68: subtract done, delta_size=7104
R1 [P2] iter 68: subtract done, delta_size=7028
R2 [P2] iter 68: subtract done, delta_size=7029
R3 [P2] iter 68: subtract done, delta_size=7138
R0 [P2] iter 68: merge done, full_size=19300455
R2 [P2] iter 68: merge done, full_size=19278644
R3 [P2] iter 68: merge done, full_size=19289889
R0 [P2] iter 69 done: global_full_size=77148317
R1 [P2] iter 68: merge done, full_size=19279329
R1 [P2] iter 69 done: global_full_size=77148317
R2 [P2] iter 69 done: global_full_size=77148317
R3 [P2] iter 69 done: global_full_size=77148317
R0 [P2] iter 69: PRE-JOIN GPU mem: 84.3GB free / 85.1GB total | delta_size=7104 full_size=19300455
R1 [P2] iter 69: PRE-JOIN GPU mem: 84.3GB free / 85.1GB total | delta_size=7028 full_size=19279329
R2 [P2] iter 69: PRE-JOIN GPU mem: 84.3GB free / 85.1GB total | delta_size=7029 full_size=19278644
R3 [P2] iter 69: PRE-JOIN GPU mem: 84.3GB free / 85.1GB total | delta_size=7138 full_size=19289889
R0 [P2] iter 69: join done, raw=6801 result_size=6799
R1 [P2] iter 69: join done, raw=6603 result_size=6599
R3 [P2] iter 69: join done, raw=6797 result_size=6797
R2 [P2] iter 69: join done, raw=6795 result_size=6795
R0 [P2] iter 69: split done, delta_size=6759
R1 [P2] iter 69: split done, delta_size=6721
R2 [P2] iter 69: split done, delta_size=6734
R3 [P2] iter 69: split done, delta_size=6776
R0 [P2] iter 69: dedup done, delta_size=6752
R1 [P2] iter 69: dedup done, delta_size=6717
R2 [P2] iter 69: dedup done, delta_size=6728
R3 [P2] iter 69: dedup done, delta_size=6771
R0 [P2] iter 69: subtract done, delta_size=6722
R1 [P2] iter 69: subtract done, delta_size=6680
R2 [P2] iter 69: subtract done, delta_size=6686
R3 [P2] iter 69: subtract done, delta_size=6740
R3 [P2] iter 69: merge done, full_size=19296629
R1 [P2] iter 69: merge done, full_size=19286009
R0 [P2] iter 69: merge done, full_size=19307177
R0 [P2] iter 70 done: global_full_size=77175145
R1 [P2] iter 70 done: global_full_size=77175145
R2 [P2] iter 69: merge done, full_size=19285330
R2 [P2] iter 70 done: global_full_size=77175145
R3 [P2] iter 70 done: global_full_size=77175145
R0 [P2] iter 70: PRE-JOIN GPU mem: 84.3GB free / 85.1GB total | delta_size=6722 full_size=19307177
R2 [P2] iter 70: PRE-JOIN GPU mem: 84.3GB free / 85.1GB total | delta_size=6686 full_size=19285330
R1 [P2] iter 70: PRE-JOIN GPU mem: 84.3GB free / 85.1GB total | delta_size=6680 full_size=19286009
R3 [P2] iter 70: PRE-JOIN GPU mem: 84.3GB free / 85.1GB total | delta_size=6740 full_size=19296629
R0 [P2] iter 70: join done, raw=6419 result_size=6417
R1 [P2] iter 70: join done, raw=6273 result_size=6269
R2 [P2] iter 70: join done, raw=6452 result_size=6452
R3 [P2] iter 70: join done, raw=6437 result_size=6437
R0 [P2] iter 70: split done, delta_size=6434
R1 [P2] iter 70: split done, delta_size=6326
R2 [P2] iter 70: split done, delta_size=6396
R3 [P2] iter 70: split done, delta_size=6419
R0 [P2] iter 70: dedup done, delta_size=6428
R1 [P2] iter 70: dedup done, delta_size=6323
R2 [P2] iter 70: dedup done, delta_size=6390
R3 [P2] iter 70: dedup done, delta_size=6414
R0 [P2] iter 70: subtract done, delta_size=6400
R1 [P2] iter 70: subtract done, delta_size=6286
R2 [P2] iter 70: subtract done, delta_size=6354
R3 [P2] iter 70: subtract done, delta_size=6386
R1 [P2] iter 70: merge done, full_size=19292295
R3 [P2] iter 70: merge done, full_size=19303015
R2 [P2] iter 70: merge done, full_size=19291684
R0 [P2] iter 70: merge done, full_size=19313577
R0 [P2] iter 71 done: global_full_size=77200571
R1 [P2] iter 71 done: global_full_size=77200571
R2 [P2] iter 71 done: global_full_size=77200571
R3 [P2] iter 71 done: global_full_size=77200571
R0 [P2] iter 71: PRE-JOIN GPU mem: 84.3GB free / 85.1GB total | delta_size=6400 full_size=19313577
R1 [P2] iter 71: PRE-JOIN GPU mem: 84.3GB free / 85.1GB total | delta_size=6286 full_size=19292295
R2 [P2] iter 71: PRE-JOIN GPU mem: 84.3GB free / 85.1GB total | delta_size=6354 full_size=19291684
R3 [P2] iter 71: PRE-JOIN GPU mem: 84.3GB free / 85.1GB total | delta_size=6386 full_size=19303015
R0 [P2] iter 71: join done, raw=6130 result_size=6128
R1 [P2] iter 71: join done, raw=5944 result_size=5940
R2 [P2] iter 71: join done, raw=6137 result_size=6137
R3 [P2] iter 71: join done, raw=6112 result_size=6112
R0 [P2] iter 71: split done, delta_size=6117
R1 [P2] iter 71: split done, delta_size=6032
R2 [P2] iter 71: split done, delta_size=6083
R3 [P2] iter 71: split done, delta_size=6085
R0 [P2] iter 71: dedup done, delta_size=6112
R1 [P2] iter 71: dedup done, delta_size=6029
R2 [P2] iter 71: dedup done, delta_size=6077
R3 [P2] iter 71: dedup done, delta_size=6080
R0 [P2] iter 71: subtract done, delta_size=6084
R1 [P2] iter 71: subtract done, delta_size=5995
R2 [P2] iter 71: subtract done, delta_size=6044
R3 [P2] iter 71: subtract done, delta_size=6054
R0 [P2] iter 71: merge done, full_size=19319661
R2 [P2] iter 71: merge done, full_size=19297728
R3 [P2] iter 71: merge done, full_size=19309069
R0 [P2] iter 72 done: global_full_size=77224748
R1 [P2] iter 71: merge done, full_size=19298290
R1 [P2] iter 72 done: global_full_size=77224748
R2 [P2] iter 72 done: global_full_size=77224748
R3 [P2] iter 72 done: global_full_size=77224748
R0 [P2] iter 72: PRE-JOIN GPU mem: 84.3GB free / 85.1GB total | delta_size=6084 full_size=19319661
R1 [P2] iter 72: PRE-JOIN GPU mem: 84.3GB free / 85.1GB total | delta_size=5995 full_size=19298290
R2 [P2] iter 72: PRE-JOIN GPU mem: 84.3GB free / 85.1GB total | delta_size=6044 full_size=19297728
R3 [P2] iter 72: PRE-JOIN GPU mem: 84.3GB free / 85.1GB total | delta_size=6054 full_size=19309069
R0 [P2] iter 72: join done, raw=5823 result_size=5821
R1 [P2] iter 72: join done, raw=5666 result_size=5663
R2 [P2] iter 72: join done, raw=5833 result_size=5833
R3 [P2] iter 72: join done, raw=5786 result_size=5786
R0 [P2] iter 72: split done, delta_size=5818
R1 [P2] iter 72: split done, delta_size=5742
R2 [P2] iter 72: split done, delta_size=5766
R3 [P2] iter 72: split done, delta_size=5777
R0 [P2] iter 72: dedup done, delta_size=5813
R1 [P2] iter 72: dedup done, delta_size=5739
R2 [P2] iter 72: dedup done, delta_size=5760
R3 [P2] iter 72: dedup done, delta_size=5772
R1 [P2] iter 72: subtract done, delta_size=5708
R2 [P2] iter 72: subtract done, delta_size=5730
R3 [P2] iter 72: subtract done, delta_size=5748
R0 [P2] iter 72: subtract done, delta_size=5788
R3 [P2] iter 72: merge done, full_size=19314817
R0 [P2] iter 72: merge done, full_size=19325449
R1 [P2] iter 72: merge done, full_size=19303998
R0 [P2] iter 73 done: global_full_size=77247722
R1 [P2] iter 73 done: global_full_size=77247722
R2 [P2] iter 72: merge done, full_size=19303458
R2 [P2] iter 73 done: global_full_size=77247722
R3 [P2] iter 73 done: global_full_size=77247722
R0 [P2] iter 73: PRE-JOIN GPU mem: 84.3GB free / 85.1GB total | delta_size=5788 full_size=19325449
R1 [P2] iter 73: PRE-JOIN GPU mem: 84.3GB free / 85.1GB total | delta_size=5708 full_size=19303998
R2 [P2] iter 73: PRE-JOIN GPU mem: 84.3GB free / 85.1GB total | delta_size=5730 full_size=19303458
R3 [P2] iter 73: PRE-JOIN GPU mem: 84.3GB free / 85.1GB total | delta_size=5748 full_size=19314817
R0 [P2] iter 73: join done, raw=5547 result_size=5545
R3 [P2] iter 73: join done, raw=5498 result_size=5498
R1 [P2] iter 73: join done, raw=5395 result_size=5392
R2 [P2] iter 73: join done, raw=5548 result_size=5548
R0 [P2] iter 73: split done, delta_size=5543
R1 [P2] iter 73: split done, delta_size=5464
R2 [P2] iter 73: split done, delta_size=5493
R3 [P2] iter 73: split done, delta_size=5483
R0 [P2] iter 73: dedup done, delta_size=5538
R1 [P2] iter 73: dedup done, delta_size=5461
R2 [P2] iter 73: dedup done, delta_size=5487
R3 [P2] iter 73: dedup done, delta_size=5478
R0 [P2] iter 73: subtract done, delta_size=5515
R1 [P2] iter 73: subtract done, delta_size=5433
R2 [P2] iter 73: subtract done, delta_size=5459
R3 [P2] iter 73: subtract done, delta_size=5454
R3 [P2] iter 73: merge done, full_size=19320271
R0 [P2] iter 73: merge done, full_size=19330964
R1 [P2] iter 73: merge done, full_size=19309431
R0 [P2] iter 74 done: global_full_size=77269583
R1 [P2] iter 74 done: global_full_size=77269583
R2 [P2] iter 73: merge done, full_size=19308917
R2 [P2] iter 74 done: global_full_size=77269583
R3 [P2] iter 74 done: global_full_size=77269583
R0 [P2] iter 74: PRE-JOIN GPU mem: 84.3GB free / 85.1GB total | delta_size=5515 full_size=19330964
R1 [P2] iter 74: PRE-JOIN GPU mem: 84.3GB free / 85.1GB total | delta_size=5433 full_size=19309431
R2 [P2] iter 74: PRE-JOIN GPU mem: 84.3GB free / 85.1GB total | delta_size=5459 full_size=19308917
R3 [P2] iter 74: PRE-JOIN GPU mem: 84.3GB free / 85.1GB total | delta_size=5454 full_size=19320271
R0 [P2] iter 74: join done, raw=5292 result_size=5290
R1 [P2] iter 74: join done, raw=5137 result_size=5134
R3 [P2] iter 74: join done, raw=5218 result_size=5218
R2 [P2] iter 74: join done, raw=5287 result_size=5287
R1 [P2] iter 74: split done, delta_size=5208
R2 [P2] iter 74: split done, delta_size=5239
R3 [P2] iter 74: split done, delta_size=5194
R0 [P2] iter 74: split done, delta_size=5288
R1 [P2] iter 74: dedup done, delta_size=5205
R2 [P2] iter 74: dedup done, delta_size=5233
R0 [P2] iter 74: dedup done, delta_size=5283
R3 [P2] iter 74: dedup done, delta_size=5189
R0 [P2] iter 74: subtract done, delta_size=5262
R1 [P2] iter 74: subtract done, delta_size=5178
R2 [P2] iter 74: subtract done, delta_size=5207
R3 [P2] iter 74: subtract done, delta_size=5166
R2 [P2] iter 74: merge done, full_size=19314124
R1 [P2] iter 74: merge done, full_size=19314609
R3 [P2] iter 74: merge done, full_size=19325437
R0 [P2] iter 74: merge done, full_size=19336226
R0 [P2] iter 75 done: global_full_size=77290396
R1 [P2] iter 75 done: global_full_size=77290396
R2 [P2] iter 75 done: global_full_size=77290396
R3 [P2] iter 75 done: global_full_size=77290396
R0 [P2] iter 75: PRE-JOIN GPU mem: 84.3GB free / 85.1GB total | delta_size=5262 full_size=19336226
R1 [P2] iter 75: PRE-JOIN GPU mem: 84.3GB free / 85.1GB total | delta_size=5178 full_size=19314609
R2 [P2] iter 75: PRE-JOIN GPU mem: 84.3GB free / 85.1GB total | delta_size=5207 full_size=19314124
R3 [P2] iter 75: PRE-JOIN GPU mem: 84.3GB free / 85.1GB total | delta_size=5166 full_size=19325437
R0 [P2] iter 75: join done, raw=5047 result_size=5045
R1 [P2] iter 75: join done, raw=4889 result_size=4886
R3 [P2] iter 75: join done, raw=4947 result_size=4947
R2 [P2] iter 75: join done, raw=5058 result_size=5058
R0 [P2] iter 75: split done, delta_size=5040
R1 [P2] iter 75: split done, delta_size=4957
R2 [P2] iter 75: split done, delta_size=4988
R3 [P2] iter 75: split done, delta_size=4951
R0 [P2] iter 75: dedup done, delta_size=5036
R1 [P2] iter 75: dedup done, delta_size=4954
R2 [P2] iter 75: dedup done, delta_size=4982
R3 [P2] iter 75: dedup done, delta_size=4946
R1 [P2] iter 75: subtract done, delta_size=4928
R3 [P2] iter 75: subtract done, delta_size=4923
R0 [P2] iter 75: subtract done, delta_size=5016
R2 [P2] iter 75: subtract done, delta_size=4955
R3 [P2] iter 75: merge done, full_size=19330360
R1 [P2] iter 75: merge done, full_size=19319537
R0 [P2] iter 75: merge done, full_size=19341242
R0 [P2] iter 76 done: global_full_size=77310218
R1 [P2] iter 76 done: global_full_size=77310218
R2 [P2] iter 75: merge done, full_size=19319079
R2 [P2] iter 76 done: global_full_size=77310218
R3 [P2] iter 76 done: global_full_size=77310218
R0 [P2] iter 76: PRE-JOIN GPU mem: 84.3GB free / 85.1GB total | delta_size=5016 full_size=19341242
R1 [P2] iter 76: PRE-JOIN GPU mem: 84.3GB free / 85.1GB total | delta_size=4928 full_size=19319537
R2 [P2] iter 76: PRE-JOIN GPU mem: 84.3GB free / 85.1GB total | delta_size=4955 full_size=19319079
R3 [P2] iter 76: PRE-JOIN GPU mem: 84.3GB free / 85.1GB total | delta_size=4923 full_size=19330360
R0 [P2] iter 76: join done, raw=4817 result_size=4815
R1 [P2] iter 76: join done, raw=4666 result_size=4663
R2 [P2] iter 76: join done, raw=4813 result_size=4813
R3 [P2] iter 76: join done, raw=4692 result_size=4692
R0 [P2] iter 76: split done, delta_size=4800
R1 [P2] iter 76: split done, delta_size=4749
R2 [P2] iter 76: split done, delta_size=4720
R3 [P2] iter 76: split done, delta_size=4714
R0 [P2] iter 76: dedup done, delta_size=4796
R2 [P2] iter 76: dedup done, delta_size=4714
R3 [P2] iter 76: dedup done, delta_size=4709
R1 [P2] iter 76: dedup done, delta_size=4746
R0 [P2] iter 76: subtract done, delta_size=4780
R2 [P2] iter 76: subtract done, delta_size=4689
R3 [P2] iter 76: subtract done, delta_size=4688
R1 [P2] iter 76: subtract done, delta_size=4721
R3 [P2] iter 76: merge done, full_size=19335048
R0 [P2] iter 76: merge done, full_size=19346022
R2 [P2] iter 76: merge done, full_size=19323768
R0 [P2] iter 77 done: global_full_size=77329096
R1 [P2] iter 76: merge done, full_size=19324258
R1 [P2] iter 77 done: global_full_size=77329096
R2 [P2] iter 77 done: global_full_size=77329096
R3 [P2] iter 77 done: global_full_size=77329096
R0 [P2] iter 77: PRE-JOIN GPU mem: 84.3GB free / 85.1GB total | delta_size=4780 full_size=19346022
R1 [P2] iter 77: PRE-JOIN GPU mem: 84.3GB free / 85.1GB total | delta_size=4721 full_size=19324258
R3 [P2] iter 77: PRE-JOIN GPU mem: 84.3GB free / 85.1GB total | delta_size=4688 full_size=19335048
R2 [P2] iter 77: PRE-JOIN GPU mem: 84.3GB free / 85.1GB total | delta_size=4689 full_size=19323768
R0 [P2] iter 77: join done, raw=4577 result_size=4575
R1 [P2] iter 77: join done, raw=4442 result_size=4439
R3 [P2] iter 77: join done, raw=4473 result_size=4473
R2 [P2] iter 77: join done, raw=4553 result_size=4553
R0 [P2] iter 77: split done, delta_size=4547
R1 [P2] iter 77: split done, delta_size=4513
R2 [P2] iter 77: split done, delta_size=4491
R3 [P2] iter 77: split done, delta_size=4489
R0 [P2] iter 77: dedup done, delta_size=4543
R1 [P2] iter 77: dedup done, delta_size=4510
R2 [P2] iter 77: dedup done, delta_size=4485
R3 [P2] iter 77: dedup done, delta_size=4484
R0 [P2] iter 77: subtract done, delta_size=4528
R1 [P2] iter 77: subtract done, delta_size=4486
R3 [P2] iter 77: subtract done, delta_size=4464
R2 [P2] iter 77: subtract done, delta_size=4460
R3 [P2] iter 77: merge done, full_size=19339512
R0 [P2] iter 77: merge done, full_size=19350550
R1 [P2] iter 77: merge done, full_size=19328744
R0 [P2] iter 78 done: global_full_size=77347034
R1 [P2] iter 78 done: global_full_size=77347034
R2 [P2] iter 77: merge done, full_size=19328228
R2 [P2] iter 78 done: global_full_size=77347034
R3 [P2] iter 78 done: global_full_size=77347034
R0 [P2] iter 78: PRE-JOIN GPU mem: 84.3GB free / 85.1GB total | delta_size=4528 full_size=19350550
R1 [P2] iter 78: PRE-JOIN GPU mem: 84.3GB free / 85.1GB total | delta_size=4486 full_size=19328744
R2 [P2] iter 78: PRE-JOIN GPU mem: 84.3GB free / 85.1GB total | delta_size=4460 full_size=19328228
R3 [P2] iter 78: PRE-JOIN GPU mem: 84.3GB free / 85.1GB total | delta_size=4464 full_size=19339512
R0 [P2] iter 78: join done, raw=4327 result_size=4325
R1 [P2] iter 78: join done, raw=4224 result_size=4221
R2 [P2] iter 78: join done, raw=4335 result_size=4335
R3 [P2] iter 78: join done, raw=4260 result_size=4260
R0 [P2] iter 78: split done, delta_size=4318
R1 [P2] iter 78: split done, delta_size=4282
R2 [P2] iter 78: split done, delta_size=4274
R3 [P2] iter 78: split done, delta_size=4267
R0 [P2] iter 78: dedup done, delta_size=4314
R1 [P2] iter 78: dedup done, delta_size=4279
R2 [P2] iter 78: dedup done, delta_size=4268
R3 [P2] iter 78: dedup done, delta_size=4262
R0 [P2] iter 78: subtract done, delta_size=4301
R1 [P2] iter 78: subtract done, delta_size=4256
R2 [P2] iter 78: subtract done, delta_size=4246
R3 [P2] iter 78: subtract done, delta_size=4245
R3 [P2] iter 78: merge done, full_size=19343757
R1 [P2] iter 78: merge done, full_size=19333000
R2 [P2] iter 78: merge done, full_size=19332474
R0 [P2] iter 78: merge done, full_size=19354851
R0 [P2] iter 79 done: global_full_size=77364082
R1 [P2] iter 79 done: global_full_size=77364082
R2 [P2] iter 79 done: global_full_size=77364082
R3 [P2] iter 79 done: global_full_size=77364082
R0 [P2] iter 79: PRE-JOIN GPU mem: 84.3GB free / 85.1GB total | delta_size=4301 full_size=19354851
R1 [P2] iter 79: PRE-JOIN GPU mem: 84.3GB free / 85.1GB total | delta_size=4256 full_size=19333000
R2 [P2] iter 79: PRE-JOIN GPU mem: 84.3GB free / 85.1GB total | delta_size=4246 full_size=19332474
R3 [P2] iter 79: PRE-JOIN GPU mem: 84.3GB free / 85.1GB total | delta_size=4245 full_size=19343757
R1 [P2] iter 79: join done, raw=4004 result_size=4002
R3 [P2] iter 79: join done, raw=4034 result_size=4034
R0 [P2] iter 79: join done, raw=4097 result_size=4095
R2 [P2] iter 79: join done, raw=4106 result_size=4106
R0 [P2] iter 79: split done, delta_size=4096
R1 [P2] iter 79: split done, delta_size=4047
R2 [P2] iter 79: split done, delta_size=4061
R3 [P2] iter 79: split done, delta_size=4033
R0 [P2] iter 79: dedup done, delta_size=4094
R1 [P2] iter 79: dedup done, delta_size=4045
R2 [P2] iter 79: dedup done, delta_size=4056
R3 [P2] iter 79: dedup done, delta_size=4029
R0 [P2] iter 79: subtract done, delta_size=4081
R2 [P2] iter 79: subtract done, delta_size=4035
R3 [P2] iter 79: subtract done, delta_size=4016
R1 [P2] iter 79: subtract done, delta_size=4023
R3 [P2] iter 79: merge done, full_size=19347773
R2 [P2] iter 79: merge done, full_size=19336509
R1 [P2] iter 79: merge done, full_size=19337023
R0 [P2] iter 79: merge done, full_size=19358932
R0 [P2] iter 80 done: global_full_size=77380237
R1 [P2] iter 80 done: global_full_size=77380237
R2 [P2] iter 80 done: global_full_size=77380237
R3 [P2] iter 80 done: global_full_size=77380237
R0 [P2] iter 80: PRE-JOIN GPU mem: 84.3GB free / 85.1GB total | delta_size=4081 full_size=19358932
R1 [P2] iter 80: PRE-JOIN GPU mem: 84.3GB free / 85.1GB total | delta_size=4023 full_size=19337023
R2 [P2] iter 80: PRE-JOIN GPU mem: 84.3GB free / 85.1GB total | delta_size=4035 full_size=19336509
R3 [P2] iter 80: PRE-JOIN GPU mem: 84.3GB free / 85.1GB total | delta_size=4016 full_size=19347773
R0 [P2] iter 80: join done, raw=3899 result_size=3897
R1 [P2] iter 80: join done, raw=3806 result_size=3804
R2 [P2] iter 80: join done, raw=3909 result_size=3909
R3 [P2] iter 80: join done, raw=3847 result_size=3847
R0 [P2] iter 80: split done, delta_size=3907
R1 [P2] iter 80: split done, delta_size=3837
R2 [P2] iter 80: split done, delta_size=3865
R3 [P2] iter 80: split done, delta_size=3848
R1 [P2] iter 80: dedup done, delta_size=3835
R2 [P2] iter 80: dedup done, delta_size=3862
R0 [P2] iter 80: dedup done, delta_size=3905
R3 [P2] iter 80: dedup done, delta_size=3844
R1 [P2] iter 80: subtract done, delta_size=3818
R2 [P2] iter 80: subtract done, delta_size=3845
R3 [P2] iter 80: subtract done, delta_size=3831
R0 [P2] iter 80: subtract done, delta_size=3893
R2 [P2] iter 80: merge done, full_size=19340354
R1 [P2] iter 80: merge done, full_size=19340841
R0 [P2] iter 80: merge done, full_size=19362825
R0 [P2] iter 81 done: global_full_size=77395624
R1 [P2] iter 81 done: global_full_size=77395624
R2 [P2] iter 81 done: global_full_size=77395624
R3 [P2] iter 80: merge done, full_size=19351604
R3 [P2] iter 81 done: global_full_size=77395624
R0 [P2] iter 81: PRE-JOIN GPU mem: 84.3GB free / 85.1GB total | delta_size=3893 full_size=19362825
R1 [P2] iter 81: PRE-JOIN GPU mem: 84.3GB free / 85.1GB total | delta_size=3818 full_size=19340841
R2 [P2] iter 81: PRE-JOIN GPU mem: 84.3GB free / 85.1GB total | delta_size=3845 full_size=19340354
R3 [P2] iter 81: PRE-JOIN GPU mem: 84.3GB free / 85.1GB total | delta_size=3831 full_size=19351604
R1 [P2] iter 81: join done, raw=3626 result_size=3625
R2 [P2] iter 81: join done, raw=3730 result_size=3730
R3 [P2] iter 81: join done, raw=3684 result_size=3684
R0 [P2] iter 81: join done, raw=3718 result_size=3716
R0 [P2] iter 81: split done, delta_size=3727
R1 [P2] iter 81: split done, delta_size=3677
R2 [P2] iter 81: split done, delta_size=3682
R3 [P2] iter 81: split done, delta_size=3669
R1 [P2] iter 81: dedup done, delta_size=3675
R2 [P2] iter 81: dedup done, delta_size=3679
R3 [P2] iter 81: dedup done, delta_size=3665
R0 [P2] iter 81: dedup done, delta_size=3726
R1 [P2] iter 81: subtract done, delta_size=3659
R2 [P2] iter 81: subtract done, delta_size=3664
R3 [P2] iter 81: subtract done, delta_size=3654
R0 [P2] iter 81: subtract done, delta_size=3716
R1 [P2] iter 81: merge done, full_size=19344500
R2 [P2] iter 81: merge done, full_size=19344018
R3 [P2] iter 81: merge done, full_size=19355258
R0 [P2] iter 81: merge done, full_size=19366541
R0 [P2] iter 82 done: global_full_size=77410317
R1 [P2] iter 82 done: global_full_size=77410317
R2 [P2] iter 82 done: global_full_size=77410317
R3 [P2] iter 82 done: global_full_size=77410317
R0 [P2] iter 82: PRE-JOIN GPU mem: 84.3GB free / 85.1GB total | delta_size=3716 full_size=19366541
R1 [P2] iter 82: PRE-JOIN GPU mem: 84.3GB free / 85.1GB total | delta_size=3659 full_size=19344500
R2 [P2] iter 82: PRE-JOIN GPU mem: 84.3GB free / 85.1GB total | delta_size=3664 full_size=19344018
R3 [P2] iter 82: PRE-JOIN GPU mem: 84.3GB free / 85.1GB total | delta_size=3654 full_size=19355258
R3 [P2] iter 82: join done, raw=3530 result_size=3530
R1 [P2] iter 82: join done, raw=3493 result_size=3493
R2 [P2] iter 82: join done, raw=3563 result_size=3563
R0 [P2] iter 82: join done, raw=3553 result_size=3552
R0 [P2] iter 82: split done, delta_size=3562
R3 [P2] iter 82: split done, delta_size=3522
R1 [P2] iter 82: split done, delta_size=3529
R2 [P2] iter 82: split done, delta_size=3525
R3 [P2] iter 82: dedup done, delta_size=3520
R0 [P2] iter 82: dedup done, delta_size=3561
R1 [P2] iter 82: dedup done, delta_size=3528
R2 [P2] iter 82: dedup done, delta_size=3523
R0 [P2] iter 82: subtract done, delta_size=3553
R3 [P2] iter 82: subtract done, delta_size=3510
R1 [P2] iter 82: subtract done, delta_size=3515
R2 [P2] iter 82: subtract done, delta_size=3509
R3 [P2] iter 82: merge done, full_size=19358768
R0 [P2] iter 82: merge done, full_size=19370094
R1 [P2] iter 82: merge done, full_size=19348015
R0 [P2] iter 83 done: global_full_size=77424404
R1 [P2] iter 83 done: global_full_size=77424404
R2 [P2] iter 82: merge done, full_size=19347527
R2 [P2] iter 83 done: global_full_size=77424404
R3 [P2] iter 83 done: global_full_size=77424404
R0 [P2] iter 83: PRE-JOIN GPU mem: 84.3GB free / 85.1GB total | delta_size=3553 full_size=19370094
R1 [P2] iter 83: PRE-JOIN GPU mem: 84.3GB free / 85.1GB total | delta_size=3515 full_size=19348015
R2 [P2] iter 83: PRE-JOIN GPU mem: 84.3GB free / 85.1GB total | delta_size=3509 full_size=19347527
R3 [P2] iter 83: PRE-JOIN GPU mem: 84.3GB free / 85.1GB total | delta_size=3510 full_size=19358768
R3 [P2] iter 83: join done, raw=3385 result_size=3385
R0 [P2] iter 83: join done, raw=3399 result_size=3398
R1 [P2] iter 83: join done, raw=3338 result_size=3338
R2 [P2] iter 83: join done, raw=3418 result_size=3418
R0 [P2] iter 83: split done, delta_size=3419
R1 [P2] iter 83: split done, delta_size=3373
R2 [P2] iter 83: split done, delta_size=3365
R3 [P2] iter 83: split done, delta_size=3382
R1 [P2] iter 83: dedup done, delta_size=3372
R3 [P2] iter 83: dedup done, delta_size=3380
R0 [P2] iter 83: dedup done, delta_size=3418
R2 [P2] iter 83: dedup done, delta_size=3363
R0 [P2] iter 83: subtract done, delta_size=3412
R1 [P2] iter 83: subtract done, delta_size=3359
R2 [P2] iter 83: subtract done, delta_size=3349
R3 [P2] iter 83: subtract done, delta_size=3370
R1 [P2] iter 83: merge done, full_size=19351374
R3 [P2] iter 83: merge done, full_size=19362138
R2 [P2] iter 83: merge done, full_size=19350876
R0 [P2] iter 83: merge done, full_size=19373506
R0 [P2] iter 84 done: global_full_size=77437894
R1 [P2] iter 84 done: global_full_size=77437894
R2 [P2] iter 84 done: global_full_size=77437894
R3 [P2] iter 84 done: global_full_size=77437894
R0 [P2] iter 84: PRE-JOIN GPU mem: 84.3GB free / 85.1GB total | delta_size=3412 full_size=19373506
R1 [P2] iter 84: PRE-JOIN GPU mem: 84.3GB free / 85.1GB total | delta_size=3359 full_size=19351374
R2 [P2] iter 84: PRE-JOIN GPU mem: 84.3GB free / 85.1GB total | delta_size=3349 full_size=19350876
R3 [P2] iter 84: PRE-JOIN GPU mem: 84.3GB free / 85.1GB total | delta_size=3370 full_size=19362138
R0 [P2] iter 84: join done, raw=3263 result_size=3262
R3 [P2] iter 84: join done, raw=3246 result_size=3246
R1 [P2] iter 84: join done, raw=3184 result_size=3184
R2 [P2] iter 84: join done, raw=3255 result_size=3255
R0 [P2] iter 84: split done, delta_size=3279
R1 [P2] iter 84: split done, delta_size=3223
R2 [P2] iter 84: split done, delta_size=3222
R3 [P2] iter 84: split done, delta_size=3223
R0 [P2] iter 84: dedup done, delta_size=3278
R1 [P2] iter 84: dedup done, delta_size=3222
R2 [P2] iter 84: dedup done, delta_size=3220
R3 [P2] iter 84: dedup done, delta_size=3221
R0 [P2] iter 84: subtract done, delta_size=3272
R1 [P2] iter 84: subtract done, delta_size=3210
R2 [P2] iter 84: subtract done, delta_size=3207
R3 [P2] iter 84: subtract done, delta_size=3211
R1 [P2] iter 84: merge done, full_size=19354584
R2 [P2] iter 84: merge done, full_size=19354083
R0 [P2] iter 84: merge done, full_size=19376778
R0 [P2] iter 85 done: global_full_size=77450794
R1 [P2] iter 85 done: global_full_size=77450794
R2 [P2] iter 85 done: global_full_size=77450794
R3 [P2] iter 84: merge done, full_size=19365349
R3 [P2] iter 85 done: global_full_size=77450794
R0 [P2] iter 85: PRE-JOIN GPU mem: 84.3GB free / 85.1GB total | delta_size=3272 full_size=19376778
R1 [P2] iter 85: PRE-JOIN GPU mem: 84.3GB free / 85.1GB total | delta_size=3210 full_size=19354584
R2 [P2] iter 85: PRE-JOIN GPU mem: 84.3GB free / 85.1GB total | delta_size=3207 full_size=19354083
R3 [P2] iter 85: PRE-JOIN GPU mem: 84.3GB free / 85.1GB total | delta_size=3211 full_size=19365349
R0 [P2] iter 85: join done, raw=3134 result_size=3133
R1 [P2] iter 85: join done, raw=3048 result_size=3048
R2 [P2] iter 85: join done, raw=3115 result_size=3115
R3 [P2] iter 85: join done, raw=3104 result_size=3104
R0 [P2] iter 85: split done, delta_size=3139
R1 [P2] iter 85: split done, delta_size=3095
R2 [P2] iter 85: split done, delta_size=3076
R3 [P2] iter 85: split done, delta_size=3090
R0 [P2] iter 85: dedup done, delta_size=3138
R3 [P2] iter 85: dedup done, delta_size=3088
R1 [P2] iter 85: dedup done, delta_size=3095
R2 [P2] iter 85: dedup done, delta_size=3074
R0 [P2] iter 85: subtract done, delta_size=3132
R1 [P2] iter 85: subtract done, delta_size=3083
R2 [P2] iter 85: subtract done, delta_size=3061
R3 [P2] iter 85: subtract done, delta_size=3079
R3 [P2] iter 85: merge done, full_size=19368428
R0 [P2] iter 85: merge done, full_size=19379910
R2 [P2] iter 85: merge done, full_size=19357144
R0 [P2] iter 86 done: global_full_size=77463149
R1 [P2] iter 85: merge done, full_size=19357667
R1 [P2] iter 86 done: global_full_size=77463149
R2 [P2] iter 86 done: global_full_size=77463149
R3 [P2] iter 86 done: global_full_size=77463149
R0 [P2] iter 86: PRE-JOIN GPU mem: 84.3GB free / 85.1GB total | delta_size=3132 full_size=19379910
R1 [P2] iter 86: PRE-JOIN GPU mem: 84.3GB free / 85.1GB total | delta_size=3083 full_size=19357667
R2 [P2] iter 86: PRE-JOIN GPU mem: 84.3GB free / 85.1GB total | delta_size=3061 full_size=19357144
R3 [P2] iter 86: PRE-JOIN GPU mem: 84.3GB free / 85.1GB total | delta_size=3079 full_size=19368428
R0 [P2] iter 86: join done, raw=3001 result_size=3001
R1 [P2] iter 86: join done, raw=2917 result_size=2917
R3 [P2] iter 86: join done, raw=2978 result_size=2978
R2 [P2] iter 86: join done, raw=2969 result_size=2969
R0 [P2] iter 86: split done, delta_size=2999
R1 [P2] iter 86: split done, delta_size=2965
R2 [P2] iter 86: split done, delta_size=2936
R3 [P2] iter 86: split done, delta_size=2965
R0 [P2] iter 86: dedup done, delta_size=2998
R1 [P2] iter 86: dedup done, delta_size=2965
R2 [P2] iter 86: dedup done, delta_size=2935
R3 [P2] iter 86: dedup done, delta_size=2963
R0 [P2] iter 86: subtract done, delta_size=2992
R1 [P2] iter 86: subtract done, delta_size=2953
R2 [P2] iter 86: subtract done, delta_size=2922
R3 [P2] iter 86: subtract done, delta_size=2954
R0 [P2] iter 86: merge done, full_size=19382902
R2 [P2] iter 86: merge done, full_size=19360066
R3 [P2] iter 86: merge done, full_size=19371382
R0 [P2] iter 87 done: global_full_size=77474970
R1 [P2] iter 86: merge done, full_size=19360620
R1 [P2] iter 87 done: global_full_size=77474970
R2 [P2] iter 87 done: global_full_size=77474970
R3 [P2] iter 87 done: global_full_size=77474970
R0 [P2] iter 87: PRE-JOIN GPU mem: 84.3GB free / 85.1GB total | delta_size=2992 full_size=19382902
R1 [P2] iter 87: PRE-JOIN GPU mem: 84.3GB free / 85.1GB total | delta_size=2953 full_size=19360620
R2 [P2] iter 87: PRE-JOIN GPU mem: 84.3GB free / 85.1GB total | delta_size=2922 full_size=19360066
R3 [P2] iter 87: PRE-JOIN GPU mem: 84.3GB free / 85.1GB total | delta_size=2954 full_size=19371382
R0 [P2] iter 87: join done, raw=2866 result_size=2866
R3 [P2] iter 87: join done, raw=2857 result_size=2857
R1 [P2] iter 87: join done, raw=2787 result_size=2787
R2 [P2] iter 87: join done, raw=2826 result_size=2826
R0 [P2] iter 87: split done, delta_size=2862
R1 [P2] iter 87: split done, delta_size=2830
R2 [P2] iter 87: split done, delta_size=2814
R3 [P2] iter 87: split done, delta_size=2830
R0 [P2] iter 87: dedup done, delta_size=2861
R1 [P2] iter 87: dedup done, delta_size=2830
R2 [P2] iter 87: dedup done, delta_size=2813
R3 [P2] iter 87: dedup done, delta_size=2828
R1 [P2] iter 87: subtract done, delta_size=2816
R3 [P2] iter 87: subtract done, delta_size=2818
R0 [P2] iter 87: subtract done, delta_size=2854
R2 [P2] iter 87: subtract done, delta_size=2799
R0 [P2] iter 87: merge done, full_size=19385756
R3 [P2] iter 87: merge done, full_size=19374200
R1 [P2] iter 87: merge done, full_size=19363436
R0 [P2] iter 88 done: global_full_size=77486257
R0 [P2] iter 88: PRE-JOIN GPU mem: 84.3GB free / 85.1GB total | delta_size=2854 full_size=19385756
R1 [P2] iter 88 done: global_full_size=77486257
R1 [P2] iter 88: PRE-JOIN GPU mem: 84.3GB free / 85.1GB total | delta_size=2816 full_size=19363436
R2 [P2] iter 87: merge done, full_size=19362865
R2 [P2] iter 88 done: global_full_size=77486257
R2 [P2] iter 88: PRE-JOIN GPU mem: 84.3GB free / 85.1GB total | delta_size=2799 full_size=19362865
R3 [P2] iter 88 done: global_full_size=77486257
R3 [P2] iter 88: PRE-JOIN GPU mem: 84.3GB free / 85.1GB total | delta_size=2818 full_size=19374200
R0 [P2] iter 88: join done, raw=2725 result_size=2725
R1 [P2] iter 88: join done, raw=2653 result_size=2653
R3 [P2] iter 88: join done, raw=2716 result_size=2716
R2 [P2] iter 88: join done, raw=2711 result_size=2711
R0 [P2] iter 88: split done, delta_size=2720
R1 [P2] iter 88: split done, delta_size=2703
R2 [P2] iter 88: split done, delta_size=2681
R3 [P2] iter 88: split done, delta_size=2701
R0 [P2] iter 88: dedup done, delta_size=2720
R1 [P2] iter 88: dedup done, delta_size=2703
R2 [P2] iter 88: dedup done, delta_size=2680
R3 [P2] iter 88: dedup done, delta_size=2699
R0 [P2] iter 88: subtract done, delta_size=2712
R1 [P2] iter 88: subtract done, delta_size=2690
R2 [P2] iter 88: subtract done, delta_size=2666
R3 [P2] iter 88: subtract done, delta_size=2688
R3 [P2] iter 88: merge done, full_size=19376888
R2 [P2] iter 88: merge done, full_size=19365531
R1 [P2] iter 88: merge done, full_size=19366126
R0 [P2] iter 88: merge done, full_size=19388468
R0 [P2] iter 89 done: global_full_size=77497013
R1 [P2] iter 89 done: global_full_size=77497013
R2 [P2] iter 89 done: global_full_size=77497013
R3 [P2] iter 89 done: global_full_size=77497013
R0 [P2] iter 89: PRE-JOIN GPU mem: 84.3GB free / 85.1GB total | delta_size=2712 full_size=19388468
R1 [P2] iter 89: PRE-JOIN GPU mem: 84.3GB free / 85.1GB total | delta_size=2690 full_size=19366126
R2 [P2] iter 89: PRE-JOIN GPU mem: 84.3GB free / 85.1GB total | delta_size=2666 full_size=19365531
R3 [P2] iter 89: PRE-JOIN GPU mem: 84.3GB free / 85.1GB total | delta_size=2688 full_size=19376888
R0 [P2] iter 89: join done, raw=2591 result_size=2591
R1 [P2] iter 89: join done, raw=2526 result_size=2526
R3 [P2] iter 89: join done, raw=2600 result_size=2600
R2 [P2] iter 89: join done, raw=2590 result_size=2590
R0 [P2] iter 89: split done, delta_size=2575
R1 [P2] iter 89: split done, delta_size=2581
R2 [P2] iter 89: split done, delta_size=2556
R3 [P2] iter 89: split done, delta_size=2595
R0 [P2] iter 89: dedup done, delta_size=2575
R1 [P2] iter 89: dedup done, delta_size=2581
R2 [P2] iter 89: dedup done, delta_size=2555
R3 [P2] iter 89: dedup done, delta_size=2593
R0 [P2] iter 89: subtract done, delta_size=2569
R1 [P2] iter 89: subtract done, delta_size=2568
R2 [P2] iter 89: subtract done, delta_size=2542
R3 [P2] iter 89: subtract done, delta_size=2583
R1 [P2] iter 89: merge done, full_size=19368694
R0 [P2] iter 89: merge done, full_size=19391037
R2 [P2] iter 89: merge done, full_size=19368073
R0 [P2] iter 90 done: global_full_size=77507275
R1 [P2] iter 90 done: global_full_size=77507275
R2 [P2] iter 90 done: global_full_size=77507275
R3 [P2] iter 89: merge done, full_size=19379471
R3 [P2] iter 90 done: global_full_size=77507275
R0 [P2] iter 90: PRE-JOIN GPU mem: 84.3GB free / 85.1GB total | delta_size=2569 full_size=19391037
R1 [P2] iter 90: PRE-JOIN GPU mem: 84.3GB free / 85.1GB total | delta_size=2568 full_size=19368694
R2 [P2] iter 90: PRE-JOIN GPU mem: 84.3GB free / 85.1GB total | delta_size=2542 full_size=19368073
R3 [P2] iter 90: PRE-JOIN GPU mem: 84.3GB free / 85.1GB total | delta_size=2583 full_size=19379471
R0 [P2] iter 90: join done, raw=2444 result_size=2444
R1 [P2] iter 90: join done, raw=2406 result_size=2406
R3 [P2] iter 90: join done, raw=2502 result_size=2502
R2 [P2] iter 90: join done, raw=2465 result_size=2465
R0 [P2] iter 90: split done, delta_size=2455
R1 [P2] iter 90: split done, delta_size=2451
R2 [P2] iter 90: split done, delta_size=2424
R3 [P2] iter 90: split done, delta_size=2487
R0 [P2] iter 90: dedup done, delta_size=2455
R1 [P2] iter 90: dedup done, delta_size=2451
R2 [P2] iter 90: dedup done, delta_size=2423
R3 [P2] iter 90: dedup done, delta_size=2486
R0 [P2] iter 90: subtract done, delta_size=2449
R1 [P2] iter 90: subtract done, delta_size=2440
R2 [P2] iter 90: subtract done, delta_size=2411
R3 [P2] iter 90: subtract done, delta_size=2477
R1 [P2] iter 90: merge done, full_size=19371134
R0 [P2] iter 90: merge done, full_size=19393486
R2 [P2] iter 90: merge done, full_size=19370484
R0 [P2] iter 91 done: global_full_size=77517052
R1 [P2] iter 91 done: global_full_size=77517052
R2 [P2] iter 91 done: global_full_size=77517052
R3 [P2] iter 90: merge done, full_size=19381948
R3 [P2] iter 91 done: global_full_size=77517052
R0 [P2] iter 91: PRE-JOIN GPU mem: 84.3GB free / 85.1GB total | delta_size=2449 full_size=19393486
R1 [P2] iter 91: PRE-JOIN GPU mem: 84.3GB free / 85.1GB total | delta_size=2440 full_size=19371134
R2 [P2] iter 91: PRE-JOIN GPU mem: 84.3GB free / 85.1GB total | delta_size=2411 full_size=19370484
R3 [P2] iter 91: PRE-JOIN GPU mem: 84.3GB free / 85.1GB total | delta_size=2477 full_size=19381948
R0 [P2] iter 91: join done, raw=2338 result_size=2338
R1 [P2] iter 91: join done, raw=2291 result_size=2291
R2 [P2] iter 91: join done, raw=2345 result_size=2345
R3 [P2] iter 91: join done, raw=2405 result_size=2405
R0 [P2] iter 91: split done, delta_size=2328
R1 [P2] iter 91: split done, delta_size=2346
R2 [P2] iter 91: split done, delta_size=2314
R3 [P2] iter 91: split done, delta_size=2391
R0 [P2] iter 91: dedup done, delta_size=2328
R1 [P2] iter 91: dedup done, delta_size=2346
R3 [P2] iter 91: dedup done, delta_size=2390
R2 [P2] iter 91: dedup done, delta_size=2313
R0 [P2] iter 91: subtract done, delta_size=2322
R3 [P2] iter 91: subtract done, delta_size=2382
R1 [P2] iter 91: subtract done, delta_size=2335
R2 [P2] iter 91: subtract done, delta_size=2301
R2 [P2] iter 91: merge done, full_size=19372785
R3 [P2] iter 91: merge done, full_size=19384330
R1 [P2] iter 91: merge done, full_size=19373469
R0 [P2] iter 91: merge done, full_size=19395808
R0 [P2] iter 92 done: global_full_size=77526392
R1 [P2] iter 92 done: global_full_size=77526392
R2 [P2] iter 92 done: global_full_size=77526392
R3 [P2] iter 92 done: global_full_size=77526392
R0 [P2] iter 92: PRE-JOIN GPU mem: 84.3GB free / 85.1GB total | delta_size=2322 full_size=19395808
R1 [P2] iter 92: PRE-JOIN GPU mem: 84.3GB free / 85.1GB total | delta_size=2335 full_size=19373469
R2 [P2] iter 92: PRE-JOIN GPU mem: 84.3GB free / 85.1GB total | delta_size=2301 full_size=19372785
R3 [P2] iter 92: PRE-JOIN GPU mem: 84.3GB free / 85.1GB total | delta_size=2382 full_size=19384330
R0 [P2] iter 92: join done, raw=2216 result_size=2216
R1 [P2] iter 92: join done, raw=2205 result_size=2205
R2 [P2] iter 92: join done, raw=2235 result_size=2235
R3 [P2] iter 92: join done, raw=2312 result_size=2312
R0 [P2] iter 92: split done, delta_size=2232
R1 [P2] iter 92: split done, delta_size=2245
R2 [P2] iter 92: split done, delta_size=2213
R3 [P2] iter 92: split done, delta_size=2278
R0 [P2] iter 92: dedup done, delta_size=2232
R1 [P2] iter 92: dedup done, delta_size=2245
R2 [P2] iter 92: dedup done, delta_size=2212
R3 [P2] iter 92: dedup done, delta_size=2277
R0 [P2] iter 92: subtract done, delta_size=2226
R1 [P2] iter 92: subtract done, delta_size=2234
R3 [P2] iter 92: subtract done, delta_size=2270
R2 [P2] iter 92: subtract done, delta_size=2203
R0 [P2] iter 92: merge done, full_size=19398034
R1 [P2] iter 92: merge done, full_size=19375703
R3 [P2] iter 92: merge done, full_size=19386600
R0 [P2] iter 93 done: global_full_size=77535325
R1 [P2] iter 93 done: global_full_size=77535325
R2 [P2] iter 92: merge done, full_size=19374988
R2 [P2] iter 93 done: global_full_size=77535325
R3 [P2] iter 93 done: global_full_size=77535325
R0 [P2] iter 93: PRE-JOIN GPU mem: 84.3GB free / 85.1GB total | delta_size=2226 full_size=19398034
R2 [P2] iter 93: PRE-JOIN GPU mem: 84.3GB free / 85.1GB total | delta_size=2203 full_size=19374988
R1 [P2] iter 93: PRE-JOIN GPU mem: 84.3GB free / 85.1GB total | delta_size=2234 full_size=19375703
R3 [P2] iter 93: PRE-JOIN GPU mem: 84.3GB free / 85.1GB total | delta_size=2270 full_size=19386600
R0 [P2] iter 93: join done, raw=2114 result_size=2114
R1 [P2] iter 93: join done, raw=2109 result_size=2109
R2 [P2] iter 93: join done, raw=2136 result_size=2136
R3 [P2] iter 93: join done, raw=2194 result_size=2194
R0 [P2] iter 93: split done, delta_size=2127
R1 [P2] iter 93: split done, delta_size=2152
R2 [P2] iter 93: split done, delta_size=2109
R3 [P2] iter 93: split done, delta_size=2165
R0 [P2] iter 93: dedup done, delta_size=2127
R1 [P2] iter 93: dedup done, delta_size=2152
R2 [P2] iter 93: dedup done, delta_size=2108
R3 [P2] iter 93: dedup done, delta_size=2164
R0 [P2] iter 93: subtract done, delta_size=2121
R1 [P2] iter 93: subtract done, delta_size=2142
R2 [P2] iter 93: subtract done, delta_size=2101
R3 [P2] iter 93: subtract done, delta_size=2158
R2 [P2] iter 93: merge done, full_size=19377089
R0 [P2] iter 93: merge done, full_size=19400155
R1 [P2] iter 93: merge done, full_size=19377845
R0 [P2] iter 94 done: global_full_size=77543847
R2 [P2] iter 94 done: global_full_size=77543847
R3 [P2] iter 93: merge done, full_size=19388758
R3 [P2] iter 94 done: global_full_size=77543847
R1 [P2] iter 94 done: global_full_size=77543847
R0 [P2] iter 94: PRE-JOIN GPU mem: 84.3GB free / 85.1GB total | delta_size=2121 full_size=19400155
R1 [P2] iter 94: PRE-JOIN GPU mem: 84.3GB free / 85.1GB total | delta_size=2142 full_size=19377845
R2 [P2] iter 94: PRE-JOIN GPU mem: 84.3GB free / 85.1GB total | delta_size=2101 full_size=19377089
R3 [P2] iter 94: PRE-JOIN GPU mem: 84.3GB free / 85.1GB total | delta_size=2158 full_size=19388758
R0 [P2] iter 94: join done, raw=2010 result_size=2010
R1 [P2] iter 94: join done, raw=2014 result_size=2014
R2 [P2] iter 94: join done, raw=2037 result_size=2037
R3 [P2] iter 94: join done, raw=2086 result_size=2086
R0 [P2] iter 94: split done, delta_size=2020
R1 [P2] iter 94: split done, delta_size=2068
R2 [P2] iter 94: split done, delta_size=2004
R3 [P2] iter 94: split done, delta_size=2055
R0 [P2] iter 94: dedup done, delta_size=2020
R2 [P2] iter 94: dedup done, delta_size=2004
R1 [P2] iter 94: dedup done, delta_size=2068
R3 [P2] iter 94: dedup done, delta_size=2054
R0 [P2] iter 94: subtract done, delta_size=2014
R2 [P2] iter 94: subtract done, delta_size=1998
R1 [P2] iter 94: subtract done, delta_size=2059
R3 [P2] iter 94: subtract done, delta_size=2048
R2 [P2] iter 94: merge done, full_size=19379087
R3 [P2] iter 94: merge done, full_size=19390806
R1 [P2] iter 94: merge done, full_size=19379904
R0 [P2] iter 94: merge done, full_size=19402169
R0 [P2] iter 95 done: global_full_size=77551966
R1 [P2] iter 95 done: global_full_size=77551966
R2 [P2] iter 95 done: global_full_size=77551966
R3 [P2] iter 95 done: global_full_size=77551966
R0 [P2] iter 95: PRE-JOIN GPU mem: 84.3GB free / 85.1GB total | delta_size=2014 full_size=19402169
R1 [P2] iter 95: PRE-JOIN GPU mem: 84.3GB free / 85.1GB total | delta_size=2059 full_size=19379904
R2 [P2] iter 95: PRE-JOIN GPU mem: 84.3GB free / 85.1GB total | delta_size=1998 full_size=19379087
R3 [P2] iter 95: PRE-JOIN GPU mem: 84.3GB free / 85.1GB total | delta_size=2048 full_size=19390806
R0 [P2] iter 95: join done, raw=1913 result_size=1913
R1 [P2] iter 95: join done, raw=1932 result_size=1932
R2 [P2] iter 95: join done, raw=1931 result_size=1931
R3 [P2] iter 95: join done, raw=1985 result_size=1985
R0 [P2] iter 95: split done, delta_size=1923
R1 [P2] iter 95: split done, delta_size=1955
R2 [P2] iter 95: split done, delta_size=1911
R3 [P2] iter 95: split done, delta_size=1972
R0 [P2] iter 95: dedup done, delta_size=1923
R1 [P2] iter 95: dedup done, delta_size=1955
R2 [P2] iter 95: dedup done, delta_size=1911
R3 [P2] iter 95: dedup done, delta_size=1971
R0 [P2] iter 95: subtract done, delta_size=1917
R1 [P2] iter 95: subtract done, delta_size=1946
R2 [P2] iter 95: subtract done, delta_size=1905
R3 [P2] iter 95: subtract done, delta_size=1966
R2 [P2] iter 95: merge done, full_size=19380992
R3 [P2] iter 95: merge done, full_size=19392772
R0 [P2] iter 95: merge done, full_size=19404086
R1 [P2] iter 95: merge done, full_size=19381850
R1 [P2] iter 96 done: global_full_size=77559700
R0 [P2] iter 96 done: global_full_size=77559700
R2 [P2] iter 96 done: global_full_size=77559700
R3 [P2] iter 96 done: global_full_size=77559700
R0 [P2] iter 96: PRE-JOIN GPU mem: 84.3GB free / 85.1GB total | delta_size=1917 full_size=19404086
R1 [P2] iter 96: PRE-JOIN GPU mem: 84.3GB free / 85.1GB total | delta_size=1946 full_size=19381850
R3 [P2] iter 96: PRE-JOIN GPU mem: 84.3GB free / 85.1GB total | delta_size=1966 full_size=19392772
R2 [P2] iter 96: PRE-JOIN GPU mem: 84.3GB free / 85.1GB total | delta_size=1905 full_size=19380992
R0 [P2] iter 96: join done, raw=1829 result_size=1829
R1 [P2] iter 96: join done, raw=1822 result_size=1822
R2 [P2] iter 96: join done, raw=1847 result_size=1847
R3 [P2] iter 96: join done, raw=1902 result_size=1902
R0 [P2] iter 96: split done, delta_size=1835
R1 [P2] iter 96: split done, delta_size=1857
R2 [P2] iter 96: split done, delta_size=1829
R3 [P2] iter 96: split done, delta_size=1879
R0 [P2] iter 96: dedup done, delta_size=1835
R2 [P2] iter 96: dedup done, delta_size=1829
R3 [P2] iter 96: dedup done, delta_size=1878
R1 [P2] iter 96: dedup done, delta_size=1857
R0 [P2] iter 96: subtract done, delta_size=1829
R2 [P2] iter 96: subtract done, delta_size=1823
R1 [P2] iter 96: subtract done, delta_size=1848
R3 [P2] iter 96: subtract done, delta_size=1873
R0 [P2] iter 96: merge done, full_size=19405915
R1 [P2] iter 96: merge done, full_size=19383698
R2 [P2] iter 96: merge done, full_size=19382815
R0 [P2] iter 97 done: global_full_size=77567073
R1 [P2] iter 97 done: global_full_size=77567073
R2 [P2] iter 97 done: global_full_size=77567073
R3 [P2] iter 96: merge done, full_size=19394645
R3 [P2] iter 97 done: global_full_size=77567073
R2 [P2] iter 97: PRE-JOIN GPU mem: 84.3GB free / 85.1GB total | delta_size=1823 full_size=19382815
R0 [P2] iter 97: PRE-JOIN GPU mem: 84.3GB free / 85.1GB total | delta_size=1829 full_size=19405915
R1 [P2] iter 97: PRE-JOIN GPU mem: 84.3GB free / 85.1GB total | delta_size=1848 full_size=19383698
R3 [P2] iter 97: PRE-JOIN GPU mem: 84.3GB free / 85.1GB total | delta_size=1873 full_size=19394645
R0 [P2] iter 97: join done, raw=1740 result_size=1740
R1 [P2] iter 97: join done, raw=1741 result_size=1741
R2 [P2] iter 97: join done, raw=1772 result_size=1772
R3 [P2] iter 97: join done, raw=1811 result_size=1811
R0 [P2] iter 97: split done, delta_size=1751
R1 [P2] iter 97: split done, delta_size=1775
R2 [P2] iter 97: split done, delta_size=1743
R3 [P2] iter 97: split done, delta_size=1795
R0 [P2] iter 97: dedup done, delta_size=1751
R1 [P2] iter 97: dedup done, delta_size=1775
R2 [P2] iter 97: dedup done, delta_size=1743
R3 [P2] iter 97: dedup done, delta_size=1794
R0 [P2] iter 97: subtract done, delta_size=1746
R1 [P2] iter 97: subtract done, delta_size=1767
R2 [P2] iter 97: subtract done, delta_size=1737
R3 [P2] iter 97: subtract done, delta_size=1789
R1 [P2] iter 97: merge done, full_size=19385465
R3 [P2] iter 97: merge done, full_size=19396434
R2 [P2] iter 97: merge done, full_size=19384552
R0 [P2] iter 97: merge done, full_size=19407661
R0 [P2] iter 98 done: global_full_size=77574112
R1 [P2] iter 98 done: global_full_size=77574112
R2 [P2] iter 98 done: global_full_size=77574112
R3 [P2] iter 98 done: global_full_size=77574112
R0 [P2] iter 98: PRE-JOIN GPU mem: 84.3GB free / 85.1GB total | delta_size=1746 full_size=19407661
R1 [P2] iter 98: PRE-JOIN GPU mem: 84.3GB free / 85.1GB total | delta_size=1767 full_size=19385465
R2 [P2] iter 98: PRE-JOIN GPU mem: 84.3GB free / 85.1GB total | delta_size=1737 full_size=19384552
R3 [P2] iter 98: PRE-JOIN GPU mem: 84.3GB free / 85.1GB total | delta_size=1789 full_size=19396434
R0 [P2] iter 98: join done, raw=1660 result_size=1660
R1 [P2] iter 98: join done, raw=1667 result_size=1667
R2 [P2] iter 98: join done, raw=1684 result_size=1684
R3 [P2] iter 98: join done, raw=1731 result_size=1731
R0 [P2] iter 98: split done, delta_size=1679
R1 [P2] iter 98: split done, delta_size=1685
R2 [P2] iter 98: split done, delta_size=1667
R3 [P2] iter 98: split done, delta_size=1711
R0 [P2] iter 98: dedup done, delta_size=1679
R1 [P2] iter 98: dedup done, delta_size=1685
R2 [P2] iter 98: dedup done, delta_size=1667
R3 [P2] iter 98: dedup done, delta_size=1710
R0 [P2] iter 98: subtract done, delta_size=1675
R1 [P2] iter 98: subtract done, delta_size=1681
R3 [P2] iter 98: subtract done, delta_size=1706
R2 [P2] iter 98: subtract done, delta_size=1661
R1 [P2] iter 98: merge done, full_size=19387146
R0 [P2] iter 98: merge done, full_size=19409336
R2 [P2] iter 98: merge done, full_size=19386213
R3 [P2] iter 98: merge done, full_size=19398140
R3 [P2] iter 99 done: global_full_size=77580835
R0 [P2] iter 99 done: global_full_size=77580835
R1 [P2] iter 99 done: global_full_size=77580835
R2 [P2] iter 99 done: global_full_size=77580835
R0 [P2] iter 99: PRE-JOIN GPU mem: 84.3GB free / 85.1GB total | delta_size=1675 full_size=19409336
R1 [P2] iter 99: PRE-JOIN GPU mem: 84.3GB free / 85.1GB total | delta_size=1681 full_size=19387146
R2 [P2] iter 99: PRE-JOIN GPU mem: 84.3GB free / 85.1GB total | delta_size=1661 full_size=19386213
R3 [P2] iter 99: PRE-JOIN GPU mem: 84.3GB free / 85.1GB total | delta_size=1706 full_size=19398140
R0 [P2] iter 99: join done, raw=1598 result_size=1598
R2 [P2] iter 99: join done, raw=1612 result_size=1612
R3 [P2] iter 99: join done, raw=1656 result_size=1656
R1 [P2] iter 99: join done, raw=1586 result_size=1586
R0 [P2] iter 99: split done, delta_size=1615
R1 [P2] iter 99: split done, delta_size=1612
R2 [P2] iter 99: split done, delta_size=1587
R3 [P2] iter 99: split done, delta_size=1638
R0 [P2] iter 99: dedup done, delta_size=1615
R1 [P2] iter 99: dedup done, delta_size=1612
R2 [P2] iter 99: dedup done, delta_size=1587
R3 [P2] iter 99: dedup done, delta_size=1637
R0 [P2] iter 99: subtract done, delta_size=1613
R1 [P2] iter 99: subtract done, delta_size=1608
R2 [P2] iter 99: subtract done, delta_size=1583
R3 [P2] iter 99: subtract done, delta_size=1634
R0 [P2] iter 99: merge done, full_size=19410949
R1 [P2] iter 99: merge done, full_size=19388754
R2 [P2] iter 99: merge done, full_size=19387796
R0 [P2] iter 100 done: global_full_size=77587273
R1 [P2] iter 100 done: global_full_size=77587273
R2 [P2] iter 100 done: global_full_size=77587273
R3 [P2] iter 99: merge done, full_size=19399774
R3 [P2] iter 100 done: global_full_size=77587273
R0 [P2] iter 100: PRE-JOIN GPU mem: 84.3GB free / 85.1GB total | delta_size=1613 full_size=19410949
R1 [P2] iter 100: PRE-JOIN GPU mem: 84.3GB free / 85.1GB total | delta_size=1608 full_size=19388754
R3 [P2] iter 100: PRE-JOIN GPU mem: 84.3GB free / 85.1GB total | delta_size=1634 full_size=19399774
R2 [P2] iter 100: PRE-JOIN GPU mem: 84.3GB free / 85.1GB total | delta_size=1583 full_size=19387796
R0 [P2] iter 100: join done, raw=1543 result_size=1543
R1 [P2] iter 100: join done, raw=1520 result_size=1520
R3 [P2] iter 100: join done, raw=1585 result_size=1585
R2 [P2] iter 100: join done, raw=1535 result_size=1535
R0 [P2] iter 100: split done, delta_size=1550
R1 [P2] iter 100: split done, delta_size=1547
R2 [P2] iter 100: split done, delta_size=1522
R3 [P2] iter 100: split done, delta_size=1564
R1 [P2] iter 100: dedup done, delta_size=1547
R2 [P2] iter 100: dedup done, delta_size=1522
R3 [P2] iter 100: dedup done, delta_size=1563
R0 [P2] iter 100: dedup done, delta_size=1550
R3 [P2] iter 100: subtract done, delta_size=1560
R1 [P2] iter 100: subtract done, delta_size=1544
R2 [P2] iter 100: subtract done, delta_size=1518
R0 [P2] iter 100: subtract done, delta_size=1548
R1 [P2] iter 100: merge done, full_size=19390298
R3 [P2] iter 100: merge done, full_size=19401334
R2 [P2] iter 100: merge done, full_size=19389314
R0 [P2] iter 100: merge done, full_size=19412497
R0 [P2] iter 101 done: global_full_size=77593443
R1 [P2] iter 101 done: global_full_size=77593443
R2 [P2] iter 101 done: global_full_size=77593443
R3 [P2] iter 101 done: global_full_size=77593443
R0 [P2] iter 101: PRE-JOIN GPU mem: 84.3GB free / 85.1GB total | delta_size=1548 full_size=19412497
R1 [P2] iter 101: PRE-JOIN GPU mem: 84.3GB free / 85.1GB total | delta_size=1544 full_size=19390298
R2 [P2] iter 101: PRE-JOIN GPU mem: 84.3GB free / 85.1GB total | delta_size=1518 full_size=19389314
R3 [P2] iter 101: PRE-JOIN GPU mem: 84.3GB free / 85.1GB total | delta_size=1560 full_size=19401334
R0 [P2] iter 101: join done, raw=1484 result_size=1484
R1 [P2] iter 101: join done, raw=1460 result_size=1460
R2 [P2] iter 101: join done, raw=1462 result_size=1462
R3 [P2] iter 101: join done, raw=1513 result_size=1513
R0 [P2] iter 101: split done, delta_size=1483
R1 [P2] iter 101: split done, delta_size=1493
R2 [P2] iter 101: split done, delta_size=1451
R3 [P2] iter 101: split done, delta_size=1492
R0 [P2] iter 101: dedup done, delta_size=1483
R1 [P2] iter 101: dedup done, delta_size=1493
R2 [P2] iter 101: dedup done, delta_size=1451
R3 [P2] iter 101: dedup done, delta_size=1491
R0 [P2] iter 101: subtract done, delta_size=1481
R1 [P2] iter 101: subtract done, delta_size=1490
R2 [P2] iter 101: subtract done, delta_size=1448
R3 [P2] iter 101: subtract done, delta_size=1488
R0 [P2] iter 101: merge done, full_size=19413978
R2 [P2] iter 101: merge done, full_size=19390762
R1 [P2] iter 101: merge done, full_size=19391788
R0 [P2] iter 102 done: global_full_size=77599350
R1 [P2] iter 102 done: global_full_size=77599350
R2 [P2] iter 102 done: global_full_size=77599350
R3 [P2] iter 101: merge done, full_size=19402822
R3 [P2] iter 102 done: global_full_size=77599350
R0 [P2] iter 102: PRE-JOIN GPU mem: 84.3GB free / 85.1GB total | delta_size=1481 full_size=19413978
R2 [P2] iter 102: PRE-JOIN GPU mem: 84.3GB free / 85.1GB total | delta_size=1448 full_size=19390762
R1 [P2] iter 102: PRE-JOIN GPU mem: 84.3GB free / 85.1GB total | delta_size=1490 full_size=19391788
R3 [P2] iter 102: PRE-JOIN GPU mem: 84.3GB free / 85.1GB total | delta_size=1488 full_size=19402822
R0 [P2] iter 102: join done, raw=1422 result_size=1422
R1 [P2] iter 102: join done, raw=1410 result_size=1410
R2 [P2] iter 102: join done, raw=1402 result_size=1402
R3 [P2] iter 102: join done, raw=1435 result_size=1435
R0 [P2] iter 102: split done, delta_size=1412
R1 [P2] iter 102: split done, delta_size=1441
R2 [P2] iter 102: split done, delta_size=1387
R3 [P2] iter 102: split done, delta_size=1429
R0 [P2] iter 102: dedup done, delta_size=1412
R1 [P2] iter 102: dedup done, delta_size=1441
R2 [P2] iter 102: dedup done, delta_size=1387
R3 [P2] iter 102: dedup done, delta_size=1428
R0 [P2] iter 102: subtract done, delta_size=1410
R1 [P2] iter 102: subtract done, delta_size=1438
R2 [P2] iter 102: subtract done, delta_size=1385
R3 [P2] iter 102: subtract done, delta_size=1425
R0 [P2] iter 102: merge done, full_size=19415388
R3 [P2] iter 102: merge done, full_size=19404247
R1 [P2] iter 102: merge done, full_size=19393226
R2 [P2] iter 102: merge done, full_size=19392147
R2 [P2] iter 103 done: global_full_size=77605008
R0 [P2] iter 103 done: global_full_size=77605008
R1 [P2] iter 103 done: global_full_size=77605008
R3 [P2] iter 103 done: global_full_size=77605008
R0 [P2] iter 103: PRE-JOIN GPU mem: 84.3GB free / 85.1GB total | delta_size=1410 full_size=19415388
R1 [P2] iter 103: PRE-JOIN GPU mem: 84.3GB free / 85.1GB total | delta_size=1438 full_size=19393226
R2 [P2] iter 103: PRE-JOIN GPU mem: 84.3GB free / 85.1GB total | delta_size=1385 full_size=19392147
R3 [P2] iter 103: PRE-JOIN GPU mem: 84.3GB free / 85.1GB total | delta_size=1425 full_size=19404247
R0 [P2] iter 103: join done, raw=1358 result_size=1358
R1 [P2] iter 103: join done, raw=1363 result_size=1363
R2 [P2] iter 103: join done, raw=1342 result_size=1342
R3 [P2] iter 103: join done, raw=1372 result_size=1372
R0 [P2] iter 103: split done, delta_size=1356
R1 [P2] iter 103: split done, delta_size=1386
R2 [P2] iter 103: split done, delta_size=1322
R3 [P2] iter 103: split done, delta_size=1371
R0 [P2] iter 103: dedup done, delta_size=1356
R1 [P2] iter 103: dedup done, delta_size=1386
R2 [P2] iter 103: dedup done, delta_size=1322
R3 [P2] iter 103: dedup done, delta_size=1370
R0 [P2] iter 103: subtract done, delta_size=1354
R1 [P2] iter 103: subtract done, delta_size=1383
R2 [P2] iter 103: subtract done, delta_size=1321
R3 [P2] iter 103: subtract done, delta_size=1367
R1 [P2] iter 103: merge done, full_size=19394609
R3 [P2] iter 103: merge done, full_size=19405614
R0 [P2] iter 103: merge done, full_size=19416742
R2 [P2] iter 103: merge done, full_size=19393468
R2 [P2] iter 104 done: global_full_size=77610433
R0 [P2] iter 104 done: global_full_size=77610433
R1 [P2] iter 104 done: global_full_size=77610433
R3 [P2] iter 104 done: global_full_size=77610433
R0 [P2] iter 104: PRE-JOIN GPU mem: 84.3GB free / 85.1GB total | delta_size=1354 full_size=19416742
R1 [P2] iter 104: PRE-JOIN GPU mem: 84.3GB free / 85.1GB total | delta_size=1383 full_size=19394609
R2 [P2] iter 104: PRE-JOIN GPU mem: 84.3GB free / 85.1GB total | delta_size=1321 full_size=19393468
R3 [P2] iter 104: PRE-JOIN GPU mem: 84.3GB free / 85.1GB total | delta_size=1367 full_size=19405614
R0 [P2] iter 104: join done, raw=1302 result_size=1302
R1 [P2] iter 104: join done, raw=1309 result_size=1309
R2 [P2] iter 104: join done, raw=1279 result_size=1279
R3 [P2] iter 104: join done, raw=1316 result_size=1316
R0 [P2] iter 104: split done, delta_size=1296
R1 [P2] iter 104: split done, delta_size=1323
R2 [P2] iter 104: split done, delta_size=1269
R3 [P2] iter 104: split done, delta_size=1318
R0 [P2] iter 104: dedup done, delta_size=1296
R1 [P2] iter 104: dedup done, delta_size=1323
R2 [P2] iter 104: dedup done, delta_size=1269
R3 [P2] iter 104: dedup done, delta_size=1317
R0 [P2] iter 104: subtract done, delta_size=1294
R1 [P2] iter 104: subtract done, delta_size=1320
R2 [P2] iter 104: subtract done, delta_size=1268
R3 [P2] iter 104: subtract done, delta_size=1314
R0 [P2] iter 104: merge done, full_size=19418036
R2 [P2] iter 104: merge done, full_size=19394736
R1 [P2] iter 104: merge done, full_size=19395929
R0 [P2] iter 105 done: global_full_size=77615629
R1 [P2] iter 105 done: global_full_size=77615629
R2 [P2] iter 105 done: global_full_size=77615629
R3 [P2] iter 104: merge done, full_size=19406928
R3 [P2] iter 105 done: global_full_size=77615629
R0 [P2] iter 105: PRE-JOIN GPU mem: 84.3GB free / 85.1GB total | delta_size=1294 full_size=19418036
R2 [P2] iter 105: PRE-JOIN GPU mem: 84.3GB free / 85.1GB total | delta_size=1268 full_size=19394736
R1 [P2] iter 105: PRE-JOIN GPU mem: 84.3GB free / 85.1GB total | delta_size=1320 full_size=19395929
R3 [P2] iter 105: PRE-JOIN GPU mem: 84.3GB free / 85.1GB total | delta_size=1314 full_size=19406928
R0 [P2] iter 105: join done, raw=1240 result_size=1240
R1 [P2] iter 105: join done, raw=1255 result_size=1255
R2 [P2] iter 105: join done, raw=1223 result_size=1223
R3 [P2] iter 105: join done, raw=1267 result_size=1267
R0 [P2] iter 105: split done, delta_size=1242
R1 [P2] iter 105: split done, delta_size=1265
R2 [P2] iter 105: split done, delta_size=1214
R3 [P2] iter 105: split done, delta_size=1264
R0 [P2] iter 105: dedup done, delta_size=1242
R1 [P2] iter 105: dedup done, delta_size=1265
R2 [P2] iter 105: dedup done, delta_size=1214
R3 [P2] iter 105: dedup done, delta_size=1263
R0 [P2] iter 105: subtract done, delta_size=1241
R1 [P2] iter 105: subtract done, delta_size=1263
R2 [P2] iter 105: subtract done, delta_size=1213
R3 [P2] iter 105: subtract done, delta_size=1260
R1 [P2] iter 105: merge done, full_size=19397192
R3 [P2] iter 105: merge done, full_size=19408188
R0 [P2] iter 105: merge done, full_size=19419277
R2 [P2] iter 105: merge done, full_size=19395949
R0 [P2] iter 106 done: global_full_size=77620606
R1 [P2] iter 106 done: global_full_size=77620606
R2 [P2] iter 106 done: global_full_size=77620606
R3 [P2] iter 106 done: global_full_size=77620606
R0 [P2] iter 106: PRE-JOIN GPU mem: 84.3GB free / 85.1GB total | delta_size=1241 full_size=19419277
R1 [P2] iter 106: PRE-JOIN GPU mem: 84.3GB free / 85.1GB total | delta_size=1263 full_size=19397192
R2 [P2] iter 106: PRE-JOIN GPU mem: 84.3GB free / 85.1GB total | delta_size=1213 full_size=19395949
R3 [P2] iter 106: PRE-JOIN GPU mem: 84.3GB free / 85.1GB total | delta_size=1260 full_size=19408188
R0 [P2] iter 106: join done, raw=1187 result_size=1187
R1 [P2] iter 106: join done, raw=1203 result_size=1203
R2 [P2] iter 106: join done, raw=1168 result_size=1168
R3 [P2] iter 106: join done, raw=1216 result_size=1216
R0 [P2] iter 106: split done, delta_size=1195
R1 [P2] iter 106: split done, delta_size=1207
R2 [P2] iter 106: split done, delta_size=1162
R3 [P2] iter 106: split done, delta_size=1210
R0 [P2] iter 106: dedup done, delta_size=1195
R1 [P2] iter 106: dedup done, delta_size=1207
R2 [P2] iter 106: dedup done, delta_size=1162
R3 [P2] iter 106: dedup done, delta_size=1209
R0 [P2] iter 106: subtract done, delta_size=1194
R1 [P2] iter 106: subtract done, delta_size=1205
R2 [P2] iter 106: subtract done, delta_size=1161
R3 [P2] iter 106: subtract done, delta_size=1206
R3 [P2] iter 106: merge done, full_size=19409394
R2 [P2] iter 106: merge done, full_size=19397110
R1 [P2] iter 106: merge done, full_size=19398397
R0 [P2] iter 106: merge done, full_size=19420471
R0 [P2] iter 107 done: global_full_size=77625372
R1 [P2] iter 107 done: global_full_size=77625372
R2 [P2] iter 107 done: global_full_size=77625372
R3 [P2] iter 107 done: global_full_size=77625372
R0 [P2] iter 107: PRE-JOIN GPU mem: 84.3GB free / 85.1GB total | delta_size=1194 full_size=19420471
R2 [P2] iter 107: PRE-JOIN GPU mem: 84.3GB free / 85.1GB total | delta_size=1161 full_size=19397110
R1 [P2] iter 107: PRE-JOIN GPU mem: 84.3GB free / 85.1GB total | delta_size=1205 full_size=19398397
R3 [P2] iter 107: PRE-JOIN GPU mem: 84.3GB free / 85.1GB total | delta_size=1206 full_size=19409394
R0 [P2] iter 107: join done, raw=1144 result_size=1144
R1 [P2] iter 107: join done, raw=1149 result_size=1149
R2 [P2] iter 107: join done, raw=1124 result_size=1124
R3 [P2] iter 107: join done, raw=1170 result_size=1170
R0 [P2] iter 107: split done, delta_size=1163
R1 [P2] iter 107: split done, delta_size=1158
R2 [P2] iter 107: split done, delta_size=1112
R3 [P2] iter 107: split done, delta_size=1154
R0 [P2] iter 107: dedup done, delta_size=1163
R1 [P2] iter 107: dedup done, delta_size=1158
R2 [P2] iter 107: dedup done, delta_size=1112
R3 [P2] iter 107: dedup done, delta_size=1153
R0 [P2] iter 107: subtract done, delta_size=1162
R1 [P2] iter 107: subtract done, delta_size=1156
R2 [P2] iter 107: subtract done, delta_size=1111
R3 [P2] iter 107: subtract done, delta_size=1150
R0 [P2] iter 107: merge done, full_size=19421633
R3 [P2] iter 107: merge done, full_size=19410544
R1 [P2] iter 107: merge done, full_size=19399553
R2 [P2] iter 107: merge done, full_size=19398221
R2 [P2] iter 108 done: global_full_size=77629951
R0 [P2] iter 108 done: global_full_size=77629951
R1 [P2] iter 108 done: global_full_size=77629951
R3 [P2] iter 108 done: global_full_size=77629951
R0 [P2] iter 108: PRE-JOIN GPU mem: 84.3GB free / 85.1GB total | delta_size=1162 full_size=19421633
R1 [P2] iter 108: PRE-JOIN GPU mem: 84.3GB free / 85.1GB total | delta_size=1156 full_size=19399553
R2 [P2] iter 108: PRE-JOIN GPU mem: 84.3GB free / 85.1GB total | delta_size=1111 full_size=19398221
R3 [P2] iter 108: PRE-JOIN GPU mem: 84.3GB free / 85.1GB total | delta_size=1150 full_size=19410544
R0 [P2] iter 108: join done, raw=1113 result_size=1113
R1 [P2] iter 108: join done, raw=1105 result_size=1105
R2 [P2] iter 108: join done, raw=1078 result_size=1078
R3 [P2] iter 108: join done, raw=1115 result_size=1115
R0 [P2] iter 108: split done, delta_size=1120
R1 [P2] iter 108: split done, delta_size=1120
R2 [P2] iter 108: split done, delta_size=1072
R3 [P2] iter 108: split done, delta_size=1099
R0 [P2] iter 108: dedup done, delta_size=1120
R1 [P2] iter 108: dedup done, delta_size=1120
R2 [P2] iter 108: dedup done, delta_size=1072
R3 [P2] iter 108: dedup done, delta_size=1098
R0 [P2] iter 108: subtract done, delta_size=1119
R1 [P2] iter 108: subtract done, delta_size=1118
R2 [P2] iter 108: subtract done, delta_size=1071
R3 [P2] iter 108: subtract done, delta_size=1095
R1 [P2] iter 108: merge done, full_size=19400671
R3 [P2] iter 108: merge done, full_size=19411639
R2 [P2] iter 108: merge done, full_size=19399292
R0 [P2] iter 108: merge done, full_size=19422752
R0 [P2] iter 109 done: global_full_size=77634354
R1 [P2] iter 109 done: global_full_size=77634354
R2 [P2] iter 109 done: global_full_size=77634354
R3 [P2] iter 109 done: global_full_size=77634354
R0 [P2] iter 109: PRE-JOIN GPU mem: 84.3GB free / 85.1GB total | delta_size=1119 full_size=19422752
R1 [P2] iter 109: PRE-JOIN GPU mem: 84.3GB free / 85.1GB total | delta_size=1118 full_size=19400671
R2 [P2] iter 109: PRE-JOIN GPU mem: 84.3GB free / 85.1GB total | delta_size=1071 full_size=19399292
R3 [P2] iter 109: PRE-JOIN GPU mem: 84.3GB free / 85.1GB total | delta_size=1095 full_size=19411639
R0 [P2] iter 109: join done, raw=1072 result_size=1072
R1 [P2] iter 109: join done, raw=1069 result_size=1069
R2 [P2] iter 109: join done, raw=1035 result_size=1035
R3 [P2] iter 109: join done, raw=1062 result_size=1062
R0 [P2] iter 109: split done, delta_size=1072
R1 [P2] iter 109: split done, delta_size=1072
R2 [P2] iter 109: split done, delta_size=1030
R3 [P2] iter 109: split done, delta_size=1064
R0 [P2] iter 109: dedup done, delta_size=1072
R1 [P2] iter 109: dedup done, delta_size=1072
R2 [P2] iter 109: dedup done, delta_size=1030
R3 [P2] iter 109: dedup done, delta_size=1063
R0 [P2] iter 109: subtract done, delta_size=1071
R1 [P2] iter 109: subtract done, delta_size=1071
R2 [P2] iter 109: subtract done, delta_size=1029
R3 [P2] iter 109: subtract done, delta_size=1060
R3 [P2] iter 109: merge done, full_size=19412699
R0 [P2] iter 109: merge done, full_size=19423823
R1 [P2] iter 109: merge done, full_size=19401742
R2 [P2] iter 109: merge done, full_size=19400321
R2 [P2] iter 110 done: global_full_size=77638585
R0 [P2] iter 110 done: global_full_size=77638585
R1 [P2] iter 110 done: global_full_size=77638585
R3 [P2] iter 110 done: global_full_size=77638585
R0 [P2] iter 110: PRE-JOIN GPU mem: 84.3GB free / 85.1GB total | delta_size=1071 full_size=19423823
R1 [P2] iter 110: PRE-JOIN GPU mem: 84.3GB free / 85.1GB total | delta_size=1071 full_size=19401742
R2 [P2] iter 110: PRE-JOIN GPU mem: 84.3GB free / 85.1GB total | delta_size=1029 full_size=19400321
R3 [P2] iter 110: PRE-JOIN GPU mem: 84.3GB free / 85.1GB total | delta_size=1060 full_size=19412699
R0 [P2] iter 110: join done, raw=1024 result_size=1024
R1 [P2] iter 110: join done, raw=1022 result_size=1022
R2 [P2] iter 110: join done, raw=996 result_size=996
R3 [P2] iter 110: join done, raw=1030 result_size=1030
R0 [P2] iter 110: split done, delta_size=1037
R1 [P2] iter 110: split done, delta_size=1039
R2 [P2] iter 110: split done, delta_size=984
R3 [P2] iter 110: split done, delta_size=1012
R0 [P2] iter 110: dedup done, delta_size=1037
R1 [P2] iter 110: dedup done, delta_size=1039
R2 [P2] iter 110: dedup done, delta_size=984
R3 [P2] iter 110: dedup done, delta_size=1011
R0 [P2] iter 110: subtract done, delta_size=1036
R1 [P2] iter 110: subtract done, delta_size=1038
R2 [P2] iter 110: subtract done, delta_size=983
R3 [P2] iter 110: subtract done, delta_size=1008
R0 [P2] iter 110: merge done, full_size=19424859
R3 [P2] iter 110: merge done, full_size=19413707
R2 [P2] iter 110: merge done, full_size=19401304
R0 [P2] iter 111 done: global_full_size=77642650
R1 [P2] iter 110: merge done, full_size=19402780
R1 [P2] iter 111 done: global_full_size=77642650
R2 [P2] iter 111 done: global_full_size=77642650
R3 [P2] iter 111 done: global_full_size=77642650
R0 [P2] iter 111: PRE-JOIN GPU mem: 84.3GB free / 85.1GB total | delta_size=1036 full_size=19424859
R1 [P2] iter 111: PRE-JOIN GPU mem: 84.3GB free / 85.1GB total | delta_size=1038 full_size=19402780
R2 [P2] iter 111: PRE-JOIN GPU mem: 84.3GB free / 85.1GB total | delta_size=983 full_size=19401304
R3 [P2] iter 111: PRE-JOIN GPU mem: 84.3GB free / 85.1GB total | delta_size=1008 full_size=19413707
R0 [P2] iter 111: join done, raw=987 result_size=987
R1 [P2] iter 111: join done, raw=983 result_size=983
R2 [P2] iter 111: join done, raw=950 result_size=950
R3 [P2] iter 111: join done, raw=976 result_size=976
R0 [P2] iter 111: split done, delta_size=997
R1 [P2] iter 111: split done, delta_size=995
R2 [P2] iter 111: split done, delta_size=953
R3 [P2] iter 111: split done, delta_size=951
R0 [P2] iter 111: dedup done, delta_size=997
R1 [P2] iter 111: dedup done, delta_size=995
R2 [P2] iter 111: dedup done, delta_size=953
R3 [P2] iter 111: dedup done, delta_size=951
R0 [P2] iter 111: subtract done, delta_size=996
R1 [P2] iter 111: subtract done, delta_size=994
R2 [P2] iter 111: subtract done, delta_size=952
R3 [P2] iter 111: subtract done, delta_size=948
R0 [P2] iter 111: merge done, full_size=19425855
R1 [P2] iter 111: merge done, full_size=19403774
R2 [P2] iter 111: merge done, full_size=19402256
R0 [P2] iter 112 done: global_full_size=77646540
R1 [P2] iter 112 done: global_full_size=77646540
R3 [P2] iter 111: merge done, full_size=19414655
R3 [P2] iter 112 done: global_full_size=77646540
R2 [P2] iter 112 done: global_full_size=77646540
R0 [P2] iter 112: PRE-JOIN GPU mem: 84.3GB free / 85.1GB total | delta_size=996 full_size=19425855
R1 [P2] iter 112: PRE-JOIN GPU mem: 84.3GB free / 85.1GB total | delta_size=994 full_size=19403774
R2 [P2] iter 112: PRE-JOIN GPU mem: 84.3GB free / 85.1GB total | delta_size=952 full_size=19402256
R3 [P2] iter 112: PRE-JOIN GPU mem: 84.3GB free / 85.1GB total | delta_size=948 full_size=19414655
R0 [P2] iter 112: join done, raw=950 result_size=950
R1 [P2] iter 112: join done, raw=949 result_size=949
R2 [P2] iter 112: join done, raw=923 result_size=923
R3 [P2] iter 112: join done, raw=927 result_size=927
R0 [P2] iter 112: split done, delta_size=962
R1 [P2] iter 112: split done, delta_size=955
R2 [P2] iter 112: split done, delta_size=927
R3 [P2] iter 112: split done, delta_size=905
R0 [P2] iter 112: dedup done, delta_size=962
R1 [P2] iter 112: dedup done, delta_size=955
R2 [P2] iter 112: dedup done, delta_size=927
R3 [P2] iter 112: dedup done, delta_size=905
R0 [P2] iter 112: subtract done, delta_size=961
R1 [P2] iter 112: subtract done, delta_size=954
R2 [P2] iter 112: subtract done, delta_size=926
R3 [P2] iter 112: subtract done, delta_size=902
R3 [P2] iter 112: merge done, full_size=19415557
R2 [P2] iter 112: merge done, full_size=19403182
R1 [P2] iter 112: merge done, full_size=19404728
R0 [P2] iter 112: merge done, full_size=19426816
R0 [P2] iter 113 done: global_full_size=77650283
R1 [P2] iter 113 done: global_full_size=77650283
R2 [P2] iter 113 done: global_full_size=77650283
R3 [P2] iter 113 done: global_full_size=77650283
R0 [P2] iter 113: PRE-JOIN GPU mem: 84.3GB free / 85.1GB total | delta_size=961 full_size=19426816
R1 [P2] iter 113: PRE-JOIN GPU mem: 84.3GB free / 85.1GB total | delta_size=954 full_size=19404728
R2 [P2] iter 113: PRE-JOIN GPU mem: 84.3GB free / 85.1GB total | delta_size=926 full_size=19403182
R3 [P2] iter 113: PRE-JOIN GPU mem: 84.3GB free / 85.1GB total | delta_size=902 full_size=19415557
R1 [P2] iter 113: join done, raw=914 result_size=914
R2 [P2] iter 113: join done, raw=898 result_size=898
R3 [P2] iter 113: join done, raw=881 result_size=881
R0 [P2] iter 113: join done, raw=920 result_size=920
R0 [P2] iter 113: split done, delta_size=925
R1 [P2] iter 113: split done, delta_size=922
R2 [P2] iter 113: split done, delta_size=889
R3 [P2] iter 113: split done, delta_size=877
R0 [P2] iter 113: dedup done, delta_size=925
R1 [P2] iter 113: dedup done, delta_size=922
R2 [P2] iter 113: dedup done, delta_size=889
R3 [P2] iter 113: dedup done, delta_size=877
R0 [P2] iter 113: subtract done, delta_size=924
R1 [P2] iter 113: subtract done, delta_size=921
R2 [P2] iter 113: subtract done, delta_size=888
R3 [P2] iter 113: subtract done, delta_size=874
R3 [P2] iter 113: merge done, full_size=19416431
R0 [P2] iter 113: merge done, full_size=19427740
R2 [P2] iter 113: merge done, full_size=19404070
R1 [P2] iter 113: merge done, full_size=19405649
R1 [P2] iter 114 done: global_full_size=77653890
R0 [P2] iter 114 done: global_full_size=77653890
R2 [P2] iter 114 done: global_full_size=77653890
R3 [P2] iter 114 done: global_full_size=77653890
R0 [P2] iter 114: PRE-JOIN GPU mem: 84.3GB free / 85.1GB total | delta_size=924 full_size=19427740
R1 [P2] iter 114: PRE-JOIN GPU mem: 84.3GB free / 85.1GB total | delta_size=921 full_size=19405649
R2 [P2] iter 114: PRE-JOIN GPU mem: 84.3GB free / 85.1GB total | delta_size=888 full_size=19404070
R3 [P2] iter 114: PRE-JOIN GPU mem: 84.3GB free / 85.1GB total | delta_size=874 full_size=19416431
R0 [P2] iter 114: join done, raw=887 result_size=887
R1 [P2] iter 114: join done, raw=881 result_size=881
R2 [P2] iter 114: join done, raw=864 result_size=864
R3 [P2] iter 114: join done, raw=854 result_size=854
R0 [P2] iter 114: split done, delta_size=892
R1 [P2] iter 114: split done, delta_size=884
R2 [P2] iter 114: split done, delta_size=862
R3 [P2] iter 114: split done, delta_size=848
R0 [P2] iter 114: dedup done, delta_size=892
R1 [P2] iter 114: dedup done, delta_size=884
R2 [P2] iter 114: dedup done, delta_size=862
R3 [P2] iter 114: dedup done, delta_size=848
R1 [P2] iter 114: subtract done, delta_size=883
R2 [P2] iter 114: subtract done, delta_size=861
R3 [P2] iter 114: subtract done, delta_size=845
R0 [P2] iter 114: subtract done, delta_size=891
R1 [P2] iter 114: merge done, full_size=19406532
R3 [P2] iter 114: merge done, full_size=19417276
R0 [P2] iter 114: merge done, full_size=19428631
R2 [P2] iter 114: merge done, full_size=19404931
R2 [P2] iter 115 done: global_full_size=77657370
R0 [P2] iter 115 done: global_full_size=77657370
R1 [P2] iter 115 done: global_full_size=77657370
R3 [P2] iter 115 done: global_full_size=77657370
R0 [P2] iter 115: PRE-JOIN GPU mem: 84.3GB free / 85.1GB total | delta_size=891 full_size=19428631
R1 [P2] iter 115: PRE-JOIN GPU mem: 84.3GB free / 85.1GB total | delta_size=883 full_size=19406532
R2 [P2] iter 115: PRE-JOIN GPU mem: 84.3GB free / 85.1GB total | delta_size=861 full_size=19404931
R3 [P2] iter 115: PRE-JOIN GPU mem: 84.3GB free / 85.1GB total | delta_size=845 full_size=19417276
R0 [P2] iter 115: join done, raw=856 result_size=856
R1 [P2] iter 115: join done, raw=850 result_size=850
R2 [P2] iter 115: join done, raw=837 result_size=837
R3 [P2] iter 115: join done, raw=823 result_size=823
R0 [P2] iter 115: split done, delta_size=860
R1 [P2] iter 115: split done, delta_size=852
R2 [P2] iter 115: split done, delta_size=835
R3 [P2] iter 115: split done, delta_size=819
R0 [P2] iter 115: dedup done, delta_size=860
R1 [P2] iter 115: dedup done, delta_size=852
R2 [P2] iter 115: dedup done, delta_size=835
R3 [P2] iter 115: dedup done, delta_size=819
R0 [P2] iter 115: subtract done, delta_size=859
R1 [P2] iter 115: subtract done, delta_size=851
R2 [P2] iter 115: subtract done, delta_size=834
R3 [P2] iter 115: subtract done, delta_size=816
R1 [P2] iter 115: merge done, full_size=19407383
R3 [P2] iter 115: merge done, full_size=19418092
R2 [P2] iter 115: merge done, full_size=19405765
R0 [P2] iter 115: merge done, full_size=19429490
R0 [P2] iter 116 done: global_full_size=77660730
R1 [P2] iter 116 done: global_full_size=77660730
R2 [P2] iter 116 done: global_full_size=77660730
R3 [P2] iter 116 done: global_full_size=77660730
R0 [P2] iter 116: PRE-JOIN GPU mem: 84.3GB free / 85.1GB total | delta_size=859 full_size=19429490
R1 [P2] iter 116: PRE-JOIN GPU mem: 84.3GB free / 85.1GB total | delta_size=851 full_size=19407383
R2 [P2] iter 116: PRE-JOIN GPU mem: 84.3GB free / 85.1GB total | delta_size=834 full_size=19405765
R3 [P2] iter 116: PRE-JOIN GPU mem: 84.3GB free / 85.1GB total | delta_size=816 full_size=19418092
R0 [P2] iter 116: join done, raw=828 result_size=828
R1 [P2] iter 116: join done, raw=819 result_size=819
R2 [P2] iter 116: join done, raw=811 result_size=811
R3 [P2] iter 116: join done, raw=797 result_size=797
R0 [P2] iter 116: split done, delta_size=842
R1 [P2] iter 116: split done, delta_size=817
R2 [P2] iter 116: split done, delta_size=801
R3 [P2] iter 116: split done, delta_size=795
R0 [P2] iter 116: dedup done, delta_size=842
R1 [P2] iter 116: dedup done, delta_size=817
R2 [P2] iter 116: dedup done, delta_size=801
R3 [P2] iter 116: dedup done, delta_size=795
R0 [P2] iter 116: subtract done, delta_size=841
R1 [P2] iter 116: subtract done, delta_size=816
R2 [P2] iter 116: subtract done, delta_size=801
R3 [P2] iter 116: subtract done, delta_size=793
R0 [P2] iter 116: merge done, full_size=19430331
R3 [P2] iter 116: merge done, full_size=19418885
R2 [P2] iter 116: merge done, full_size=19406566
R0 [P2] iter 117 done: global_full_size=77663981
R1 [P2] iter 116: merge done, full_size=19408199
R1 [P2] iter 117 done: global_full_size=77663981
R2 [P2] iter 117 done: global_full_size=77663981
R3 [P2] iter 117 done: global_full_size=77663981
R1 [P2] iter 117: PRE-JOIN GPU mem: 84.3GB free / 85.1GB total | delta_size=816 full_size=19408199
R0 [P2] iter 117: PRE-JOIN GPU mem: 84.3GB free / 85.1GB total | delta_size=841 full_size=19430331
R2 [P2] iter 117: PRE-JOIN GPU mem: 84.3GB free / 85.1GB total | delta_size=801 full_size=19406566
R3 [P2] iter 117: PRE-JOIN GPU mem: 84.3GB free / 85.1GB total | delta_size=793 full_size=19418885
R1 [P2] iter 117: join done, raw=786 result_size=786
R2 [P2] iter 117: join done, raw=780 result_size=780
R0 [P2] iter 117: join done, raw=811 result_size=811
R3 [P2] iter 117: join done, raw=775 result_size=775
R0 [P2] iter 117: split done, delta_size=813
R1 [P2] iter 117: split done, delta_size=789
R2 [P2] iter 117: split done, delta_size=785
R3 [P2] iter 117: split done, delta_size=765
R0 [P2] iter 117: dedup done, delta_size=813
R1 [P2] iter 117: dedup done, delta_size=789
R2 [P2] iter 117: dedup done, delta_size=785
R3 [P2] iter 117: dedup done, delta_size=765
R0 [P2] iter 117: subtract done, delta_size=812
R1 [P2] iter 117: subtract done, delta_size=788
R2 [P2] iter 117: subtract done, delta_size=785
R3 [P2] iter 117: subtract done, delta_size=763
R1 [P2] iter 117: merge done, full_size=19408987
R3 [P2] iter 117: merge done, full_size=19419648
R0 [P2] iter 117: merge done, full_size=19431143
R0 [P2] iter 118 done: global_full_size=77667129
R2 [P2] iter 117: merge done, full_size=19407351
R2 [P2] iter 118 done: global_full_size=77667129
R1 [P2] iter 118 done: global_full_size=77667129
R3 [P2] iter 118 done: global_full_size=77667129
R0 [P2] iter 118: PRE-JOIN GPU mem: 84.3GB free / 85.1GB total | delta_size=812 full_size=19431143
R2 [P2] iter 118: PRE-JOIN GPU mem: 84.3GB free / 85.1GB total | delta_size=785 full_size=19407351
R1 [P2] iter 118: PRE-JOIN GPU mem: 84.3GB free / 85.1GB total | delta_size=788 full_size=19408987
R3 [P2] iter 118: PRE-JOIN GPU mem: 84.3GB free / 85.1GB total | delta_size=763 full_size=19419648
R0 [P2] iter 118: join done, raw=783 result_size=783
R1 [P2] iter 118: join done, raw=760 result_size=760
R2 [P2] iter 118: join done, raw=765 result_size=765
R3 [P2] iter 118: join done, raw=749 result_size=749
R0 [P2] iter 118: split done, delta_size=790
R1 [P2] iter 118: split done, delta_size=766
R2 [P2] iter 118: split done, delta_size=760
R3 [P2] iter 118: split done, delta_size=741
R0 [P2] iter 118: dedup done, delta_size=790
R1 [P2] iter 118: dedup done, delta_size=766
R2 [P2] iter 118: dedup done, delta_size=760
R3 [P2] iter 118: dedup done, delta_size=741
R0 [P2] iter 118: subtract done, delta_size=789
R1 [P2] iter 118: subtract done, delta_size=765
R2 [P2] iter 118: subtract done, delta_size=760
R3 [P2] iter 118: subtract done, delta_size=739
R0 [P2] iter 118: merge done, full_size=19431932
R3 [P2] iter 118: merge done, full_size=19420387
R2 [P2] iter 118: merge done, full_size=19408111
R1 [P2] iter 118: merge done, full_size=19409752
R1 [P2] iter 119 done: global_full_size=77670182
R0 [P2] iter 119 done: global_full_size=77670182
R2 [P2] iter 119 done: global_full_size=77670182
R3 [P2] iter 119 done: global_full_size=77670182
R0 [P2] iter 119: PRE-JOIN GPU mem: 84.3GB free / 85.1GB total | delta_size=789 full_size=19431932
R1 [P2] iter 119: PRE-JOIN GPU mem: 84.3GB free / 85.1GB total | delta_size=765 full_size=19409752
R2 [P2] iter 119: PRE-JOIN GPU mem: 84.3GB free / 85.1GB total | delta_size=760 full_size=19408111
R3 [P2] iter 119: PRE-JOIN GPU mem: 84.3GB free / 85.1GB total | delta_size=739 full_size=19420387
R0 [P2] iter 119: join done, raw=762 result_size=762
R1 [P2] iter 119: join done, raw=737 result_size=737
R2 [P2] iter 119: join done, raw=740 result_size=740
R3 [P2] iter 119: join done, raw=726 result_size=726
R0 [P2] iter 119: split done, delta_size=757
R1 [P2] iter 119: split done, delta_size=746
R2 [P2] iter 119: split done, delta_size=746
R3 [P2] iter 119: split done, delta_size=716
R0 [P2] iter 119: dedup done, delta_size=757
R1 [P2] iter 119: dedup done, delta_size=746
R2 [P2] iter 119: dedup done, delta_size=746
R3 [P2] iter 119: dedup done, delta_size=716
R1 [P2] iter 119: subtract done, delta_size=746
R3 [P2] iter 119: subtract done, delta_size=714
R0 [P2] iter 119: subtract done, delta_size=757
R2 [P2] iter 119: subtract done, delta_size=746
R3 [P2] iter 119: merge done, full_size=19421101
R2 [P2] iter 119: merge done, full_size=19408857
R1 [P2] iter 119: merge done, full_size=19410498
R0 [P2] iter 119: merge done, full_size=19432689
R0 [P2] iter 120 done: global_full_size=77673145
R1 [P2] iter 120 done: global_full_size=77673145
R2 [P2] iter 120 done: global_full_size=77673145
R3 [P2] iter 120 done: global_full_size=77673145
R0 [P2] iter 120: PRE-JOIN GPU mem: 84.3GB free / 85.1GB total | delta_size=757 full_size=19432689
R1 [P2] iter 120: PRE-JOIN GPU mem: 84.3GB free / 85.1GB total | delta_size=746 full_size=19410498
R2 [P2] iter 120: PRE-JOIN GPU mem: 84.3GB free / 85.1GB total | delta_size=746 full_size=19408857
R3 [P2] iter 120: PRE-JOIN GPU mem: 84.3GB free / 85.1GB total | delta_size=714 full_size=19421101
R0 [P2] iter 120: join done, raw=731 result_size=731
R1 [P2] iter 120: join done, raw=721 result_size=721
R2 [P2] iter 120: join done, raw=726 result_size=726
R3 [P2] iter 120: join done, raw=703 result_size=703
R0 [P2] iter 120: split done, delta_size=737
R1 [P2] iter 120: split done, delta_size=719
R2 [P2] iter 120: split done, delta_size=727
R3 [P2] iter 120: split done, delta_size=698
R0 [P2] iter 120: dedup done, delta_size=737
R1 [P2] iter 120: dedup done, delta_size=719
R2 [P2] iter 120: dedup done, delta_size=727
R3 [P2] iter 120: dedup done, delta_size=698
R0 [P2] iter 120: subtract done, delta_size=737
R1 [P2] iter 120: subtract done, delta_size=719
R2 [P2] iter 120: subtract done, delta_size=727
R3 [P2] iter 120: subtract done, delta_size=696
R3 [P2] iter 120: merge done, full_size=19421797
R2 [P2] iter 120: merge done, full_size=19409584
R1 [P2] iter 120: merge done, full_size=19411217
R0 [P2] iter 120: merge done, full_size=19433426
R0 [P2] iter 121 done: global_full_size=77676024
R1 [P2] iter 121 done: global_full_size=77676024
R2 [P2] iter 121 done: global_full_size=77676024
R3 [P2] iter 121 done: global_full_size=77676024
R0 [P2] iter 121: PRE-JOIN GPU mem: 84.3GB free / 85.1GB total | delta_size=737 full_size=19433426
R1 [P2] iter 121: PRE-JOIN GPU mem: 84.3GB free / 85.1GB total | delta_size=719 full_size=19411217
R2 [P2] iter 121: PRE-JOIN GPU mem: 84.3GB free / 85.1GB total | delta_size=727 full_size=19409584
R3 [P2] iter 121: PRE-JOIN GPU mem: 84.3GB free / 85.1GB total | delta_size=696 full_size=19421797
R0 [P2] iter 121: join done, raw=707 result_size=707
R1 [P2] iter 121: join done, raw=694 result_size=694
R2 [P2] iter 121: join done, raw=707 result_size=707
R3 [P2] iter 121: join done, raw=684 result_size=684
R0 [P2] iter 121: split done, delta_size=712
R1 [P2] iter 121: split done, delta_size=695
R2 [P2] iter 121: split done, delta_size=708
R3 [P2] iter 121: split done, delta_size=677
R0 [P2] iter 121: dedup done, delta_size=712
R1 [P2] iter 121: dedup done, delta_size=695
R2 [P2] iter 121: dedup done, delta_size=708
R3 [P2] iter 121: dedup done, delta_size=677
R0 [P2] iter 121: subtract done, delta_size=712
R1 [P2] iter 121: subtract done, delta_size=695
R2 [P2] iter 121: subtract done, delta_size=708
R3 [P2] iter 121: subtract done, delta_size=675
R3 [P2] iter 121: merge done, full_size=19422472
R1 [P2] iter 121: merge done, full_size=19411912
R2 [P2] iter 121: merge done, full_size=19410292
R0 [P2] iter 121: merge done, full_size=19434138
R0 [P2] iter 122 done: global_full_size=77678814
R1 [P2] iter 122 done: global_full_size=77678814
R2 [P2] iter 122 done: global_full_size=77678814
R3 [P2] iter 122 done: global_full_size=77678814
R0 [P2] iter 122: PRE-JOIN GPU mem: 84.3GB free / 85.1GB total | delta_size=712 full_size=19434138
R2 [P2] iter 122: PRE-JOIN GPU mem: 84.3GB free / 85.1GB total | delta_size=708 full_size=19410292
R1 [P2] iter 122: PRE-JOIN GPU mem: 84.3GB free / 85.1GB total | delta_size=695 full_size=19411912
R3 [P2] iter 122: PRE-JOIN GPU mem: 84.3GB free / 85.1GB total | delta_size=675 full_size=19422472
R0 [P2] iter 122: join done, raw=680 result_size=680
R1 [P2] iter 122: join done, raw=673 result_size=673
R2 [P2] iter 122: join done, raw=689 result_size=689
R3 [P2] iter 122: join done, raw=662 result_size=662
R0 [P2] iter 122: split done, delta_size=687
R1 [P2] iter 122: split done, delta_size=676
R2 [P2] iter 122: split done, delta_size=685
R3 [P2] iter 122: split done, delta_size=656
R0 [P2] iter 122: dedup done, delta_size=687
R1 [P2] iter 122: dedup done, delta_size=676
R2 [P2] iter 122: dedup done, delta_size=685
R3 [P2] iter 122: dedup done, delta_size=656
R0 [P2] iter 122: subtract done, delta_size=687
R1 [P2] iter 122: subtract done, delta_size=676
R2 [P2] iter 122: subtract done, delta_size=685
R3 [P2] iter 122: subtract done, delta_size=654
R0 [P2] iter 122: merge done, full_size=19434825
R3 [P2] iter 122: merge done, full_size=19423126
R1 [P2] iter 122: merge done, full_size=19412588
R2 [P2] iter 122: merge done, full_size=19410977
R2 [P2] iter 123 done: global_full_size=77681516
R0 [P2] iter 123 done: global_full_size=77681516
R1 [P2] iter 123 done: global_full_size=77681516
R3 [P2] iter 123 done: global_full_size=77681516
R0 [P2] iter 123: PRE-JOIN GPU mem: 84.3GB free / 85.1GB total | delta_size=687 full_size=19434825
R2 [P2] iter 123: PRE-JOIN GPU mem: 84.3GB free / 85.1GB total | delta_size=685 full_size=19410977
R1 [P2] iter 123: PRE-JOIN GPU mem: 84.3GB free / 85.1GB total | delta_size=676 full_size=19412588
R3 [P2] iter 123: PRE-JOIN GPU mem: 84.3GB free / 85.1GB total | delta_size=654 full_size=19423126
R0 [P2] iter 123: join done, raw=660 result_size=660
R1 [P2] iter 123: join done, raw=657 result_size=657
R2 [P2] iter 123: join done, raw=668 result_size=668
R3 [P2] iter 123: join done, raw=643 result_size=643
R0 [P2] iter 123: split done, delta_size=670
R1 [P2] iter 123: split done, delta_size=654
R2 [P2] iter 123: split done, delta_size=664
R3 [P2] iter 123: split done, delta_size=640
R0 [P2] iter 123: dedup done, delta_size=670
R1 [P2] iter 123: dedup done, delta_size=654
R2 [P2] iter 123: dedup done, delta_size=664
R3 [P2] iter 123: dedup done, delta_size=640
R0 [P2] iter 123: subtract done, delta_size=670
R3 [P2] iter 123: subtract done, delta_size=638
R1 [P2] iter 123: subtract done, delta_size=654
R2 [P2] iter 123: subtract done, delta_size=664
R3 [P2] iter 123: merge done, full_size=19423764
R0 [P2] iter 123: merge done, full_size=19435495
R1 [P2] iter 123: merge done, full_size=19413242
R0 [P2] iter 124 done: global_full_size=77684142
R2 [P2] iter 123: merge done, full_size=19411641
R2 [P2] iter 124 done: global_full_size=77684142
R1 [P2] iter 124 done: global_full_size=77684142
R3 [P2] iter 124 done: global_full_size=77684142
R0 [P2] iter 124: PRE-JOIN GPU mem: 84.3GB free / 85.1GB total | delta_size=670 full_size=19435495
R2 [P2] iter 124: PRE-JOIN GPU mem: 84.3GB free / 85.1GB total | delta_size=664 full_size=19411641
R1 [P2] iter 124: PRE-JOIN GPU mem: 84.3GB free / 85.1GB total | delta_size=654 full_size=19413242
R3 [P2] iter 124: PRE-JOIN GPU mem: 84.3GB free / 85.1GB total | delta_size=638 full_size=19423764
R0 [P2] iter 124: join done, raw=644 result_size=644
R2 [P2] iter 124: join done, raw=647 result_size=647
R1 [P2] iter 124: join done, raw=636 result_size=636
R3 [P2] iter 124: join done, raw=627 result_size=627
R0 [P2] iter 124: split done, delta_size=657
R1 [P2] iter 124: split done, delta_size=636
R2 [P2] iter 124: split done, delta_size=642
R3 [P2] iter 124: split done, delta_size=619
R0 [P2] iter 124: dedup done, delta_size=657
R1 [P2] iter 124: dedup done, delta_size=636
R2 [P2] iter 124: dedup done, delta_size=642
R3 [P2] iter 124: dedup done, delta_size=619
R0 [P2] iter 124: subtract done, delta_size=657
R2 [P2] iter 124: subtract done, delta_size=642
R3 [P2] iter 124: subtract done, delta_size=617
R1 [P2] iter 124: subtract done, delta_size=636
R0 [P2] iter 124: merge done, full_size=19436152
R2 [P2] iter 124: merge done, full_size=19412283
R3 [P2] iter 124: merge done, full_size=19424381
R0 [P2] iter 125 done: global_full_size=77686694
R1 [P2] iter 124: merge done, full_size=19413878
R1 [P2] iter 125 done: global_full_size=77686694
R2 [P2] iter 125 done: global_full_size=77686694
R3 [P2] iter 125 done: global_full_size=77686694
R0 [P2] iter 125: PRE-JOIN GPU mem: 84.3GB free / 85.1GB total | delta_size=657 full_size=19436152
R2 [P2] iter 125: PRE-JOIN GPU mem: 84.3GB free / 85.1GB total | delta_size=642 full_size=19412283
R3 [P2] iter 125: PRE-JOIN GPU mem: 84.3GB free / 85.1GB total | delta_size=617 full_size=19424381
R1 [P2] iter 125: PRE-JOIN GPU mem: 84.3GB free / 85.1GB total | delta_size=636 full_size=19413878
R0 [P2] iter 125: join done, raw=632 result_size=632
R3 [P2] iter 125: join done, raw=605 result_size=605
R1 [P2] iter 125: join done, raw=619 result_size=619
R2 [P2] iter 125: join done, raw=626 result_size=626
R0 [P2] iter 125: split done, delta_size=641
R1 [P2] iter 125: split done, delta_size=619
R2 [P2] iter 125: split done, delta_size=619
R3 [P2] iter 125: split done, delta_size=603
R0 [P2] iter 125: dedup done, delta_size=641
R1 [P2] iter 125: dedup done, delta_size=619
R2 [P2] iter 125: dedup done, delta_size=619
R3 [P2] iter 125: dedup done, delta_size=603
R0 [P2] iter 125: subtract done, delta_size=641
R2 [P2] iter 125: subtract done, delta_size=619
R3 [P2] iter 125: subtract done, delta_size=601
R1 [P2] iter 125: subtract done, delta_size=619
R3 [P2] iter 125: merge done, full_size=19424982
R2 [P2] iter 125: merge done, full_size=19412902
R0 [P2] iter 125: merge done, full_size=19436793
R0 [P2] iter 126 done: global_full_size=77689174
R1 [P2] iter 125: merge done, full_size=19414497
R1 [P2] iter 126 done: global_full_size=77689174
R2 [P2] iter 126 done: global_full_size=77689174
R3 [P2] iter 126 done: global_full_size=77689174
R0 [P2] iter 126: PRE-JOIN GPU mem: 84.3GB free / 85.1GB total | delta_size=641 full_size=19436793
R1 [P2] iter 126: PRE-JOIN GPU mem: 84.3GB free / 85.1GB total | delta_size=619 full_size=19414497
R2 [P2] iter 126: PRE-JOIN GPU mem: 84.3GB free / 85.1GB total | delta_size=619 full_size=19412902
R3 [P2] iter 126: PRE-JOIN GPU mem: 84.3GB free / 85.1GB total | delta_size=601 full_size=19424982
R0 [P2] iter 126: join done, raw=617 result_size=617
R1 [P2] iter 126: join done, raw=603 result_size=603
R2 [P2] iter 126: join done, raw=603 result_size=603
R3 [P2] iter 126: join done, raw=589 result_size=589
R0 [P2] iter 126: split done, delta_size=626
R1 [P2] iter 126: split done, delta_size=602
R2 [P2] iter 126: split done, delta_size=597
R3 [P2] iter 126: split done, delta_size=587
R1 [P2] iter 126: dedup done, delta_size=602
R2 [P2] iter 126: dedup done, delta_size=597
R3 [P2] iter 126: dedup done, delta_size=587
R0 [P2] iter 126: dedup done, delta_size=626
R0 [P2] iter 126: subtract done, delta_size=626
R1 [P2] iter 126: subtract done, delta_size=602
R2 [P2] iter 126: subtract done, delta_size=597
R3 [P2] iter 126: subtract done, delta_size=585
R1 [P2] iter 126: merge done, full_size=19415099
R0 [P2] iter 126: merge done, full_size=19437419
R3 [P2] iter 126: merge done, full_size=19425567
R2 [P2] iter 126: merge done, full_size=19413499
R0 [P2] iter 127 done: global_full_size=77691584
R1 [P2] iter 127 done: global_full_size=77691584
R2 [P2] iter 127 done: global_full_size=77691584
R3 [P2] iter 127 done: global_full_size=77691584
R0 [P2] iter 127: PRE-JOIN GPU mem: 84.3GB free / 85.1GB total | delta_size=626 full_size=19437419
R2 [P2] iter 127: PRE-JOIN GPU mem: 84.3GB free / 85.1GB total | delta_size=597 full_size=19413499
R1 [P2] iter 127: PRE-JOIN GPU mem: 84.3GB free / 85.1GB total | delta_size=602 full_size=19415099
R3 [P2] iter 127: PRE-JOIN GPU mem: 84.3GB free / 85.1GB total | delta_size=585 full_size=19425567
R1 [P2] iter 127: join done, raw=586 result_size=586
R2 [P2] iter 127: join done, raw=582 result_size=582
R0 [P2] iter 127: join done, raw=601 result_size=601
R3 [P2] iter 127: join done, raw=573 result_size=573
R0 [P2] iter 127: split done, delta_size=611
R1 [P2] iter 127: split done, delta_size=587
R2 [P2] iter 127: split done, delta_size=574
R3 [P2] iter 127: split done, delta_size=570
R0 [P2] iter 127: dedup done, delta_size=611
R1 [P2] iter 127: dedup done, delta_size=587
R2 [P2] iter 127: dedup done, delta_size=574
R3 [P2] iter 127: dedup done, delta_size=570
R1 [P2] iter 127: subtract done, delta_size=587
R2 [P2] iter 127: subtract done, delta_size=574
R3 [P2] iter 127: subtract done, delta_size=568
R0 [P2] iter 127: subtract done, delta_size=611
R3 [P2] iter 127: merge done, full_size=19426135
R1 [P2] iter 127: merge done, full_size=19415686
R2 [P2] iter 127: merge done, full_size=19414073
R0 [P2] iter 127: merge done, full_size=19438030
R0 [P2] iter 128 done: global_full_size=77693924
R1 [P2] iter 128 done: global_full_size=77693924
R2 [P2] iter 128 done: global_full_size=77693924
R3 [P2] iter 128 done: global_full_size=77693924
R0 [P2] iter 128: PRE-JOIN GPU mem: 84.3GB free / 85.1GB total | delta_size=611 full_size=19438030
R2 [P2] iter 128: PRE-JOIN GPU mem: 84.3GB free / 85.1GB total | delta_size=574 full_size=19414073
R3 [P2] iter 128: PRE-JOIN GPU mem: 84.3GB free / 85.1GB total | delta_size=568 full_size=19426135
R1 [P2] iter 128: PRE-JOIN GPU mem: 84.3GB free / 85.1GB total | delta_size=587 full_size=19415686
R0 [P2] iter 128: join done, raw=583 result_size=583
R1 [P2] iter 128: join done, raw=572 result_size=572
R2 [P2] iter 128: join done, raw=556 result_size=556
R3 [P2] iter 128: join done, raw=555 result_size=555
R0 [P2] iter 128: split done, delta_size=586
R1 [P2] iter 128: split done, delta_size=571
R2 [P2] iter 128: split done, delta_size=556
R3 [P2] iter 128: split done, delta_size=553
R0 [P2] iter 128: dedup done, delta_size=586
R1 [P2] iter 128: dedup done, delta_size=571
R2 [P2] iter 128: dedup done, delta_size=556
R3 [P2] iter 128: dedup done, delta_size=553
R0 [P2] iter 128: subtract done, delta_size=586
R1 [P2] iter 128: subtract done, delta_size=571
R2 [P2] iter 128: subtract done, delta_size=556
R3 [P2] iter 128: subtract done, delta_size=552
R1 [P2] iter 128: merge done, full_size=19416257
R0 [P2] iter 128: merge done, full_size=19438616
R2 [P2] iter 128: merge done, full_size=19414629
R0 [P2] iter 129 done: global_full_size=77696189
R1 [P2] iter 129 done: global_full_size=77696189
R2 [P2] iter 129 done: global_full_size=77696189
R3 [P2] iter 128: merge done, full_size=19426687
R3 [P2] iter 129 done: global_full_size=77696189
R0 [P2] iter 129: PRE-JOIN GPU mem: 84.3GB free / 85.1GB total | delta_size=586 full_size=19438616
R1 [P2] iter 129: PRE-JOIN GPU mem: 84.3GB free / 85.1GB total | delta_size=571 full_size=19416257
R2 [P2] iter 129: PRE-JOIN GPU mem: 84.3GB free / 85.1GB total | delta_size=556 full_size=19414629
R3 [P2] iter 129: PRE-JOIN GPU mem: 84.3GB free / 85.1GB total | delta_size=552 full_size=19426687
R0 [P2] iter 129: join done, raw=562 result_size=562
R1 [P2] iter 129: join done, raw=564 result_size=564
R2 [P2] iter 129: join done, raw=543 result_size=543
R3 [P2] iter 129: join done, raw=542 result_size=542
R1 [P2] iter 129: split done, delta_size=557
R2 [P2] iter 129: split done, delta_size=546
R3 [P2] iter 129: split done, delta_size=537
R0 [P2] iter 129: split done, delta_size=571
R1 [P2] iter 129: dedup done, delta_size=557
R2 [P2] iter 129: dedup done, delta_size=546
R0 [P2] iter 129: dedup done, delta_size=571
R3 [P2] iter 129: dedup done, delta_size=537
R1 [P2] iter 129: subtract done, delta_size=557
R2 [P2] iter 129: subtract done, delta_size=545
R0 [P2] iter 129: subtract done, delta_size=571
R3 [P2] iter 129: subtract done, delta_size=536
R0 [P2] iter 129: merge done, full_size=19439187
R1 [P2] iter 129: merge done, full_size=19416814
R2 [P2] iter 129: merge done, full_size=19415174
R0 [P2] iter 130 done: global_full_size=77698398
R1 [P2] iter 130 done: global_full_size=77698398
R2 [P2] iter 130 done: global_full_size=77698398
R3 [P2] iter 129: merge done, full_size=19427223
R3 [P2] iter 130 done: global_full_size=77698398
R0 [P2] iter 130: PRE-JOIN GPU mem: 84.3GB free / 85.1GB total | delta_size=571 full_size=19439187
R1 [P2] iter 130: PRE-JOIN GPU mem: 84.3GB free / 85.1GB total | delta_size=557 full_size=19416814
R2 [P2] iter 130: PRE-JOIN GPU mem: 84.3GB free / 85.1GB total | delta_size=545 full_size=19415174
R3 [P2] iter 130: PRE-JOIN GPU mem: 84.3GB free / 85.1GB total | delta_size=536 full_size=19427223
R0 [P2] iter 130: join done, raw=547 result_size=547
R1 [P2] iter 130: join done, raw=551 result_size=551
R3 [P2] iter 130: join done, raw=528 result_size=528
R2 [P2] iter 130: join done, raw=537 result_size=537
R1 [P2] iter 130: split done, delta_size=546
R3 [P2] iter 130: split done, delta_size=527
R0 [P2] iter 130: split done, delta_size=558
R2 [P2] iter 130: split done, delta_size=532
R1 [P2] iter 130: dedup done, delta_size=546
R3 [P2] iter 130: dedup done, delta_size=527
R0 [P2] iter 130: dedup done, delta_size=558
R2 [P2] iter 130: dedup done, delta_size=532
R0 [P2] iter 130: subtract done, delta_size=558
R1 [P2] iter 130: subtract done, delta_size=546
R3 [P2] iter 130: subtract done, delta_size=526
R2 [P2] iter 130: subtract done, delta_size=531
R1 [P2] iter 130: merge done, full_size=19417360
R3 [P2] iter 130: merge done, full_size=19427749
R2 [P2] iter 130: merge done, full_size=19415705
R0 [P2] iter 130: merge done, full_size=19439745
R0 [P2] iter 131 done: global_full_size=77700559
R1 [P2] iter 131 done: global_full_size=77700559
R2 [P2] iter 131 done: global_full_size=77700559
R3 [P2] iter 131 done: global_full_size=77700559
R1 [P2] iter 131: PRE-JOIN GPU mem: 84.3GB free / 85.1GB total | delta_size=546 full_size=19417360
R2 [P2] iter 131: PRE-JOIN GPU mem: 84.3GB free / 85.1GB total | delta_size=531 full_size=19415705
R3 [P2] iter 131: PRE-JOIN GPU mem: 84.3GB free / 85.1GB total | delta_size=526 full_size=19427749
R0 [P2] iter 131: PRE-JOIN GPU mem: 84.3GB free / 85.1GB total | delta_size=558 full_size=19439745
R1 [P2] iter 131: join done, raw=541 result_size=541
R2 [P2] iter 131: join done, raw=524 result_size=524
R0 [P2] iter 131: join done, raw=533 result_size=533
R3 [P2] iter 131: join done, raw=520 result_size=520
R0 [P2] iter 131: split done, delta_size=548
R1 [P2] iter 131: split done, delta_size=532
R2 [P2] iter 131: split done, delta_size=521
R3 [P2] iter 131: split done, delta_size=517
R0 [P2] iter 131: dedup done, delta_size=548
R1 [P2] iter 131: dedup done, delta_size=532
R2 [P2] iter 131: dedup done, delta_size=521
R3 [P2] iter 131: dedup done, delta_size=517
R0 [P2] iter 131: subtract done, delta_size=548
R1 [P2] iter 131: subtract done, delta_size=532
R2 [P2] iter 131: subtract done, delta_size=520
R3 [P2] iter 131: subtract done, delta_size=516
R0 [P2] iter 131: merge done, full_size=19440293
R1 [P2] iter 131: merge done, full_size=19417892
R2 [P2] iter 131: merge done, full_size=19416225
R0 [P2] iter 132 done: global_full_size=77702675
R1 [P2] iter 132 done: global_full_size=77702675
R3 [P2] iter 131: merge done, full_size=19428265
R3 [P2] iter 132 done: global_full_size=77702675
R2 [P2] iter 132 done: global_full_size=77702675
R0 [P2] iter 132: PRE-JOIN GPU mem: 84.3GB free / 85.1GB total | delta_size=548 full_size=19440293
R1 [P2] iter 132: PRE-JOIN GPU mem: 84.3GB free / 85.1GB total | delta_size=532 full_size=19417892
R2 [P2] iter 132: PRE-JOIN GPU mem: 84.3GB free / 85.1GB total | delta_size=520 full_size=19416225
R3 [P2] iter 132: PRE-JOIN GPU mem: 84.3GB free / 85.1GB total | delta_size=516 full_size=19428265
R0 [P2] iter 132: join done, raw=523 result_size=523
R2 [P2] iter 132: join done, raw=512 result_size=512
R1 [P2] iter 132: join done, raw=525 result_size=525
R3 [P2] iter 132: join done, raw=510 result_size=510
R1 [P2] iter 132: split done, delta_size=512
R2 [P2] iter 132: split done, delta_size=513
R0 [P2] iter 132: split done, delta_size=537
R3 [P2] iter 132: split done, delta_size=508
R2 [P2] iter 132: dedup done, delta_size=513
R0 [P2] iter 132: dedup done, delta_size=537
R1 [P2] iter 132: dedup done, delta_size=512
R3 [P2] iter 132: dedup done, delta_size=508
R1 [P2] iter 132: subtract done, delta_size=512
R2 [P2] iter 132: subtract done, delta_size=512
R3 [P2] iter 132: subtract done, delta_size=507
R0 [P2] iter 132: subtract done, delta_size=537
R2 [P2] iter 132: merge done, full_size=19416737
R3 [P2] iter 132: merge done, full_size=19428772
R1 [P2] iter 132: merge done, full_size=19418404
R0 [P2] iter 132: merge done, full_size=19440830
R0 [P2] iter 133 done: global_full_size=77704743
R1 [P2] iter 133 done: global_full_size=77704743
R2 [P2] iter 133 done: global_full_size=77704743
R3 [P2] iter 133 done: global_full_size=77704743
R1 [P2] iter 133: PRE-JOIN GPU mem: 84.3GB free / 85.1GB total | delta_size=512 full_size=19418404
R2 [P2] iter 133: PRE-JOIN GPU mem: 84.3GB free / 85.1GB total | delta_size=512 full_size=19416737
R0 [P2] iter 133: PRE-JOIN GPU mem: 84.3GB free / 85.1GB total | delta_size=537 full_size=19440830
R3 [P2] iter 133: PRE-JOIN GPU mem: 84.3GB free / 85.1GB total | delta_size=507 full_size=19428772
R1 [P2] iter 133: join done, raw=505 result_size=505
R2 [P2] iter 133: join done, raw=505 result_size=505
R0 [P2] iter 133: join done, raw=510 result_size=510
R3 [P2] iter 133: join done, raw=501 result_size=501
R0 [P2] iter 133: split done, delta_size=526
R1 [P2] iter 133: split done, delta_size=493
R2 [P2] iter 133: split done, delta_size=503
R3 [P2] iter 133: split done, delta_size=499
R0 [P2] iter 133: dedup done, delta_size=526
R1 [P2] iter 133: dedup done, delta_size=493
R2 [P2] iter 133: dedup done, delta_size=503
R3 [P2] iter 133: dedup done, delta_size=499
R0 [P2] iter 133: subtract done, delta_size=526
R1 [P2] iter 133: subtract done, delta_size=493
R2 [P2] iter 133: subtract done, delta_size=502
R3 [P2] iter 133: subtract done, delta_size=499
R1 [P2] iter 133: merge done, full_size=19418897
R3 [P2] iter 133: merge done, full_size=19429271
R0 [P2] iter 133: merge done, full_size=19441356
R2 [P2] iter 133: merge done, full_size=19417239
R0 [P2] iter 134 done: global_full_size=77706763
R1 [P2] iter 134 done: global_full_size=77706763
R2 [P2] iter 134 done: global_full_size=77706763
R3 [P2] iter 134 done: global_full_size=77706763
R0 [P2] iter 134: PRE-JOIN GPU mem: 84.3GB free / 85.1GB total | delta_size=526 full_size=19441356
R1 [P2] iter 134: PRE-JOIN GPU mem: 84.3GB free / 85.1GB total | delta_size=493 full_size=19418897
R2 [P2] iter 134: PRE-JOIN GPU mem: 84.3GB free / 85.1GB total | delta_size=502 full_size=19417239
R3 [P2] iter 134: PRE-JOIN GPU mem: 84.3GB free / 85.1GB total | delta_size=499 full_size=19429271
R3 [P2] iter 134: join done, raw=493 result_size=493
R0 [P2] iter 134: join done, raw=499 result_size=499
R1 [P2] iter 134: join done, raw=485 result_size=485
R2 [P2] iter 134: join done, raw=498 result_size=498
R1 [P2] iter 134: split done, delta_size=481
R2 [P2] iter 134: split done, delta_size=489
R3 [P2] iter 134: split done, delta_size=489
R0 [P2] iter 134: split done, delta_size=516
R0 [P2] iter 134: dedup done, delta_size=516
R1 [P2] iter 134: dedup done, delta_size=481
R2 [P2] iter 134: dedup done, delta_size=489
R3 [P2] iter 134: dedup done, delta_size=489
R0 [P2] iter 134: subtract done, delta_size=516
R1 [P2] iter 134: subtract done, delta_size=481
R3 [P2] iter 134: subtract done, delta_size=489
R2 [P2] iter 134: subtract done, delta_size=488
R1 [P2] iter 134: merge done, full_size=19419378
R3 [P2] iter 134: merge done, full_size=19429760
R0 [P2] iter 134: merge done, full_size=19441872
R0 [P2] iter 135 done: global_full_size=77708737
R2 [P2] iter 134: merge done, full_size=19417727
R2 [P2] iter 135 done: global_full_size=77708737
R3 [P2] iter 135 done: global_full_size=77708737
R1 [P2] iter 135 done: global_full_size=77708737
R0 [P2] iter 135: PRE-JOIN GPU mem: 84.3GB free / 85.1GB total | delta_size=516 full_size=19441872
R1 [P2] iter 135: PRE-JOIN GPU mem: 84.3GB free / 85.1GB total | delta_size=481 full_size=19419378
R3 [P2] iter 135: PRE-JOIN GPU mem: 84.3GB free / 85.1GB total | delta_size=489 full_size=19429760
R2 [P2] iter 135: PRE-JOIN GPU mem: 84.3GB free / 85.1GB total | delta_size=488 full_size=19417727
R0 [P2] iter 135: join done, raw=491 result_size=491
R1 [P2] iter 135: join done, raw=474 result_size=474
R3 [P2] iter 135: join done, raw=484 result_size=484
R2 [P2] iter 135: join done, raw=481 result_size=481
R0 [P2] iter 135: split done, delta_size=502
R1 [P2] iter 135: split done, delta_size=472
R2 [P2] iter 135: split done, delta_size=478
R3 [P2] iter 135: split done, delta_size=478
R0 [P2] iter 135: dedup done, delta_size=502
R1 [P2] iter 135: dedup done, delta_size=472
R2 [P2] iter 135: dedup done, delta_size=478
R3 [P2] iter 135: dedup done, delta_size=478
R1 [P2] iter 135: subtract done, delta_size=472
R2 [P2] iter 135: subtract done, delta_size=477
R3 [P2] iter 135: subtract done, delta_size=478
R0 [P2] iter 135: subtract done, delta_size=502
R3 [P2] iter 135: merge done, full_size=19430238
R1 [P2] iter 135: merge done, full_size=19419850
R2 [P2] iter 135: merge done, full_size=19418204
R0 [P2] iter 135: merge done, full_size=19442374
R0 [P2] iter 136 done: global_full_size=77710666
R2 [P2] iter 136 done: global_full_size=77710666
R1 [P2] iter 136 done: global_full_size=77710666
R3 [P2] iter 136 done: global_full_size=77710666
R0 [P2] iter 136: PRE-JOIN GPU mem: 84.3GB free / 85.1GB total | delta_size=502 full_size=19442374
R2 [P2] iter 136: PRE-JOIN GPU mem: 84.3GB free / 85.1GB total | delta_size=477 full_size=19418204
R3 [P2] iter 136: PRE-JOIN GPU mem: 84.3GB free / 85.1GB total | delta_size=478 full_size=19430238
R1 [P2] iter 136: PRE-JOIN GPU mem: 84.3GB free / 85.1GB total | delta_size=472 full_size=19419850
R0 [P2] iter 136: join done, raw=478 result_size=478
R2 [P2] iter 136: join done, raw=469 result_size=469
R3 [P2] iter 136: join done, raw=473 result_size=473
R1 [P2] iter 136: join done, raw=465 result_size=465
R0 [P2] iter 136: split done, delta_size=493
R1 [P2] iter 136: split done, delta_size=462
R2 [P2] iter 136: split done, delta_size=462
R3 [P2] iter 136: split done, delta_size=468
R0 [P2] iter 136: dedup done, delta_size=493
R1 [P2] iter 136: dedup done, delta_size=462
R2 [P2] iter 136: dedup done, delta_size=462
R3 [P2] iter 136: dedup done, delta_size=468
R0 [P2] iter 136: subtract done, delta_size=493
R1 [P2] iter 136: subtract done, delta_size=462
R2 [P2] iter 136: subtract done, delta_size=461
R3 [P2] iter 136: subtract done, delta_size=468
R2 [P2] iter 136: merge done, full_size=19418665
R1 [P2] iter 136: merge done, full_size=19420312
R0 [P2] iter 136: merge done, full_size=19442867
R0 [P2] iter 137 done: global_full_size=77712550
R1 [P2] iter 137 done: global_full_size=77712550
R2 [P2] iter 137 done: global_full_size=77712550
R3 [P2] iter 136: merge done, full_size=19430706
R3 [P2] iter 137 done: global_full_size=77712550
R0 [P2] iter 137: PRE-JOIN GPU mem: 84.3GB free / 85.1GB total | delta_size=493 full_size=19442867
R2 [P2] iter 137: PRE-JOIN GPU mem: 84.3GB free / 85.1GB total | delta_size=461 full_size=19418665
R3 [P2] iter 137: PRE-JOIN GPU mem: 84.3GB free / 85.1GB total | delta_size=468 full_size=19430706
R1 [P2] iter 137: PRE-JOIN GPU mem: 84.3GB free / 85.1GB total | delta_size=462 full_size=19420312
R3 [P2] iter 137: join done, raw=460 result_size=460
R1 [P2] iter 137: join done, raw=449 result_size=449
R2 [P2] iter 137: join done, raw=454 result_size=454
R0 [P2] iter 137: join done, raw=469 result_size=469
R0 [P2] iter 137: split done, delta_size=482
R1 [P2] iter 137: split done, delta_size=450
R2 [P2] iter 137: split done, delta_size=443
R3 [P2] iter 137: split done, delta_size=457
R0 [P2] iter 137: dedup done, delta_size=482
R2 [P2] iter 137: dedup done, delta_size=443
R3 [P2] iter 137: dedup done, delta_size=457
R1 [P2] iter 137: dedup done, delta_size=450
R0 [P2] iter 137: subtract done, delta_size=482
R2 [P2] iter 137: subtract done, delta_size=442
R3 [P2] iter 137: subtract done, delta_size=457
R1 [P2] iter 137: subtract done, delta_size=450
R3 [P2] iter 137: merge done, full_size=19431163
R2 [P2] iter 137: merge done, full_size=19419107
R0 [P2] iter 137: merge done, full_size=19443349
R0 [P2] iter 138 done: global_full_size=77714381
R1 [P2] iter 137: merge done, full_size=19420762
R1 [P2] iter 138 done: global_full_size=77714381
R2 [P2] iter 138 done: global_full_size=77714381
R3 [P2] iter 138 done: global_full_size=77714381
R0 [P2] iter 138: PRE-JOIN GPU mem: 84.3GB free / 85.1GB total | delta_size=482 full_size=19443349
R1 [P2] iter 138: PRE-JOIN GPU mem: 84.3GB free / 85.1GB total | delta_size=450 full_size=19420762
R2 [P2] iter 138: PRE-JOIN GPU mem: 84.3GB free / 85.1GB total | delta_size=442 full_size=19419107
R3 [P2] iter 138: PRE-JOIN GPU mem: 84.3GB free / 85.1GB total | delta_size=457 full_size=19431163
R0 [P2] iter 138: join done, raw=459 result_size=459
R1 [P2] iter 138: join done, raw=441 result_size=441
R2 [P2] iter 138: join done, raw=440 result_size=440
R3 [P2] iter 138: join done, raw=450 result_size=450
R0 [P2] iter 138: split done, delta_size=466
R1 [P2] iter 138: split done, delta_size=443
R2 [P2] iter 138: split done, delta_size=434
R3 [P2] iter 138: split done, delta_size=447
R0 [P2] iter 138: dedup done, delta_size=466
R1 [P2] iter 138: dedup done, delta_size=443
R2 [P2] iter 138: dedup done, delta_size=434
R3 [P2] iter 138: dedup done, delta_size=447
R0 [P2] iter 138: subtract done, delta_size=466
R1 [P2] iter 138: subtract done, delta_size=443
R2 [P2] iter 138: subtract done, delta_size=433
R3 [P2] iter 138: subtract done, delta_size=447
R0 [P2] iter 138: merge done, full_size=19443815
R2 [P2] iter 138: merge done, full_size=19419540
R1 [P2] iter 138: merge done, full_size=19421205
R0 [P2] iter 139 done: global_full_size=77716170
R1 [P2] iter 139 done: global_full_size=77716170
R2 [P2] iter 139 done: global_full_size=77716170
R3 [P2] iter 138: merge done, full_size=19431610
R3 [P2] iter 139 done: global_full_size=77716170
R0 [P2] iter 139: PRE-JOIN GPU mem: 84.3GB free / 85.1GB total | delta_size=466 full_size=19443815
R1 [P2] iter 139: PRE-JOIN GPU mem: 84.3GB free / 85.1GB total | delta_size=443 full_size=19421205
R2 [P2] iter 139: PRE-JOIN GPU mem: 84.3GB free / 85.1GB total | delta_size=433 full_size=19419540
R3 [P2] iter 139: PRE-JOIN GPU mem: 84.3GB free / 85.1GB total | delta_size=447 full_size=19431610
R0 [P2] iter 139: join done, raw=443 result_size=443
R3 [P2] iter 139: join done, raw=439 result_size=439
R1 [P2] iter 139: join done, raw=434 result_size=434
R2 [P2] iter 139: join done, raw=430 result_size=430
R0 [P2] iter 139: split done, delta_size=460
R1 [P2] iter 139: split done, delta_size=432
R2 [P2] iter 139: split done, delta_size=421
R3 [P2] iter 139: split done, delta_size=433
R0 [P2] iter 139: dedup done, delta_size=460
R1 [P2] iter 139: dedup done, delta_size=432
R2 [P2] iter 139: dedup done, delta_size=421
R3 [P2] iter 139: dedup done, delta_size=433
R0 [P2] iter 139: subtract done, delta_size=460
R1 [P2] iter 139: subtract done, delta_size=432
R2 [P2] iter 139: subtract done, delta_size=420
R3 [P2] iter 139: subtract done, delta_size=433
R0 [P2] iter 139: merge done, full_size=19444275
R2 [P2] iter 139: merge done, full_size=19419960
R1 [P2] iter 139: merge done, full_size=19421637
R0 [P2] iter 140 done: global_full_size=77717915
R1 [P2] iter 140 done: global_full_size=77717915
R2 [P2] iter 140 done: global_full_size=77717915
R3 [P2] iter 139: merge done, full_size=19432043
R3 [P2] iter 140 done: global_full_size=77717915
R0 [P2] iter 140: PRE-JOIN GPU mem: 84.3GB free / 85.1GB total | delta_size=460 full_size=19444275
R1 [P2] iter 140: PRE-JOIN GPU mem: 84.3GB free / 85.1GB total | delta_size=432 full_size=19421637
R2 [P2] iter 140: PRE-JOIN GPU mem: 84.3GB free / 85.1GB total | delta_size=420 full_size=19419960
R3 [P2] iter 140: PRE-JOIN GPU mem: 84.3GB free / 85.1GB total | delta_size=433 full_size=19432043
R0 [P2] iter 140: join done, raw=437 result_size=437
R1 [P2] iter 140: join done, raw=424 result_size=424
R3 [P2] iter 140: join done, raw=425 result_size=425
R2 [P2] iter 140: join done, raw=417 result_size=417
R0 [P2] iter 140: split done, delta_size=442
R1 [P2] iter 140: split done, delta_size=424
R2 [P2] iter 140: split done, delta_size=412
R3 [P2] iter 140: split done, delta_size=425
R0 [P2] iter 140: dedup done, delta_size=442
R1 [P2] iter 140: dedup done, delta_size=424
R2 [P2] iter 140: dedup done, delta_size=412
R3 [P2] iter 140: dedup done, delta_size=425
R0 [P2] iter 140: subtract done, delta_size=442
R1 [P2] iter 140: subtract done, delta_size=424
R2 [P2] iter 140: subtract done, delta_size=411
R3 [P2] iter 140: subtract done, delta_size=425
R0 [P2] iter 140: merge done, full_size=19444717
R2 [P2] iter 140: merge done, full_size=19420371
R1 [P2] iter 140: merge done, full_size=19422061
R2 [P2] iter 141 done: global_full_size=77719617
R3 [P2] iter 140: merge done, full_size=19432468
R3 [P2] iter 141 done: global_full_size=77719617
R0 [P2] iter 141 done: global_full_size=77719617
R1 [P2] iter 141 done: global_full_size=77719617
R0 [P2] iter 141: PRE-JOIN GPU mem: 84.3GB free / 85.1GB total | delta_size=442 full_size=19444717
R1 [P2] iter 141: PRE-JOIN GPU mem: 84.3GB free / 85.1GB total | delta_size=424 full_size=19422061
R2 [P2] iter 141: PRE-JOIN GPU mem: 84.3GB free / 85.1GB total | delta_size=411 full_size=19420371
R3 [P2] iter 141: PRE-JOIN GPU mem: 84.3GB free / 85.1GB total | delta_size=425 full_size=19432468
R0 [P2] iter 141: join done, raw=421 result_size=421
R1 [P2] iter 141: join done, raw=414 result_size=414
R2 [P2] iter 141: join done, raw=407 result_size=407
R3 [P2] iter 141: join done, raw=417 result_size=417
R0 [P2] iter 141: split done, delta_size=429
R1 [P2] iter 141: split done, delta_size=407
R2 [P2] iter 141: split done, delta_size=403
R3 [P2] iter 141: split done, delta_size=420
R0 [P2] iter 141: dedup done, delta_size=429
R1 [P2] iter 141: dedup done, delta_size=407
R2 [P2] iter 141: dedup done, delta_size=403
R3 [P2] iter 141: dedup done, delta_size=420
R1 [P2] iter 141: subtract done, delta_size=407
R2 [P2] iter 141: subtract done, delta_size=402
R3 [P2] iter 141: subtract done, delta_size=420
R0 [P2] iter 141: subtract done, delta_size=429
R1 [P2] iter 141: merge done, full_size=19422468
R3 [P2] iter 141: merge done, full_size=19432888
R2 [P2] iter 141: merge done, full_size=19420773
R0 [P2] iter 141: merge done, full_size=19445146
R0 [P2] iter 142 done: global_full_size=77721275
R1 [P2] iter 142 done: global_full_size=77721275
R2 [P2] iter 142 done: global_full_size=77721275
R3 [P2] iter 142 done: global_full_size=77721275
R0 [P2] iter 142: PRE-JOIN GPU mem: 84.3GB free / 85.1GB total | delta_size=429 full_size=19445146
R1 [P2] iter 142: PRE-JOIN GPU mem: 84.3GB free / 85.1GB total | delta_size=407 full_size=19422468
R2 [P2] iter 142: PRE-JOIN GPU mem: 84.3GB free / 85.1GB total | delta_size=402 full_size=19420773
R3 [P2] iter 142: PRE-JOIN GPU mem: 84.3GB free / 85.1GB total | delta_size=420 full_size=19432888
R0 [P2] iter 142: join done, raw=410 result_size=410
R2 [P2] iter 142: join done, raw=398 result_size=398
R1 [P2] iter 142: join done, raw=397 result_size=397
R3 [P2] iter 142: join done, raw=411 result_size=411
R0 [P2] iter 142: split done, delta_size=418
R2 [P2] iter 142: split done, delta_size=395
R3 [P2] iter 142: split done, delta_size=408
R1 [P2] iter 142: split done, delta_size=395
R0 [P2] iter 142: dedup done, delta_size=418
R1 [P2] iter 142: dedup done, delta_size=395
R2 [P2] iter 142: dedup done, delta_size=395
R3 [P2] iter 142: dedup done, delta_size=408
R0 [P2] iter 142: subtract done, delta_size=418
R1 [P2] iter 142: subtract done, delta_size=395
R2 [P2] iter 142: subtract done, delta_size=394
R3 [P2] iter 142: subtract done, delta_size=408
R1 [P2] iter 142: merge done, full_size=19422863
R3 [P2] iter 142: merge done, full_size=19433296
R2 [P2] iter 142: merge done, full_size=19421167
R0 [P2] iter 142: merge done, full_size=19445564
R0 [P2] iter 143 done: global_full_size=77722890
R1 [P2] iter 143 done: global_full_size=77722890
R2 [P2] iter 143 done: global_full_size=77722890
R3 [P2] iter 143 done: global_full_size=77722890
R0 [P2] iter 143: PRE-JOIN GPU mem: 84.3GB free / 85.1GB total | delta_size=418 full_size=19445564
R1 [P2] iter 143: PRE-JOIN GPU mem: 84.3GB free / 85.1GB total | delta_size=395 full_size=19422863
R2 [P2] iter 143: PRE-JOIN GPU mem: 84.3GB free / 85.1GB total | delta_size=394 full_size=19421167
R3 [P2] iter 143: PRE-JOIN GPU mem: 84.3GB free / 85.1GB total | delta_size=408 full_size=19433296
R0 [P2] iter 143: join done, raw=398 result_size=398
R2 [P2] iter 143: join done, raw=391 result_size=391
R3 [P2] iter 143: join done, raw=398 result_size=398
R1 [P2] iter 143: join done, raw=386 result_size=386
R0 [P2] iter 143: split done, delta_size=402
R1 [P2] iter 143: split done, delta_size=386
R2 [P2] iter 143: split done, delta_size=385
R3 [P2] iter 143: split done, delta_size=400
R0 [P2] iter 143: dedup done, delta_size=402
R2 [P2] iter 143: dedup done, delta_size=385
R3 [P2] iter 143: dedup done, delta_size=400
R1 [P2] iter 143: dedup done, delta_size=386
R0 [P2] iter 143: subtract done, delta_size=402
R2 [P2] iter 143: subtract done, delta_size=384
R3 [P2] iter 143: subtract done, delta_size=400
R1 [P2] iter 143: subtract done, delta_size=386
R0 [P2] iter 143: merge done, full_size=19445966
R2 [P2] iter 143: merge done, full_size=19421551
R3 [P2] iter 143: merge done, full_size=19433696
R0 [P2] iter 144 done: global_full_size=77724462
R1 [P2] iter 143: merge done, full_size=19423249
R1 [P2] iter 144 done: global_full_size=77724462
R2 [P2] iter 144 done: global_full_size=77724462
R3 [P2] iter 144 done: global_full_size=77724462
R0 [P2] iter 144: PRE-JOIN GPU mem: 84.3GB free / 85.1GB total | delta_size=402 full_size=19445966
R1 [P2] iter 144: PRE-JOIN GPU mem: 84.3GB free / 85.1GB total | delta_size=386 full_size=19423249
R2 [P2] iter 144: PRE-JOIN GPU mem: 84.3GB free / 85.1GB total | delta_size=384 full_size=19421551
R3 [P2] iter 144: PRE-JOIN GPU mem: 84.3GB free / 85.1GB total | delta_size=400 full_size=19433696
R0 [P2] iter 144: join done, raw=387 result_size=387
R1 [P2] iter 144: join done, raw=377 result_size=377
R2 [P2] iter 144: join done, raw=383 result_size=383
R3 [P2] iter 144: join done, raw=390 result_size=390
R0 [P2] iter 144: split done, delta_size=394
R1 [P2] iter 144: split done, delta_size=378
R2 [P2] iter 144: split done, delta_size=376
R3 [P2] iter 144: split done, delta_size=389
R0 [P2] iter 144: dedup done, delta_size=394
R1 [P2] iter 144: dedup done, delta_size=378
R2 [P2] iter 144: dedup done, delta_size=376
R3 [P2] iter 144: dedup done, delta_size=389
R0 [P2] iter 144: subtract done, delta_size=394
R1 [P2] iter 144: subtract done, delta_size=378
R2 [P2] iter 144: subtract done, delta_size=375
R3 [P2] iter 144: subtract done, delta_size=389
R1 [P2] iter 144: merge done, full_size=19423627
R3 [P2] iter 144: merge done, full_size=19434085
R0 [P2] iter 144: merge done, full_size=19446360
R0 [P2] iter 145 done: global_full_size=77725998
R1 [P2] iter 145 done: global_full_size=77725998
R2 [P2] iter 144: merge done, full_size=19421926
R2 [P2] iter 145 done: global_full_size=77725998
R3 [P2] iter 145 done: global_full_size=77725998
R1 [P2] iter 145: PRE-JOIN GPU mem: 84.3GB free / 85.1GB total | delta_size=378 full_size=19423627
R0 [P2] iter 145: PRE-JOIN GPU mem: 84.3GB free / 85.1GB total | delta_size=394 full_size=19446360
R2 [P2] iter 145: PRE-JOIN GPU mem: 84.3GB free / 85.1GB total | delta_size=375 full_size=19421926
R3 [P2] iter 145: PRE-JOIN GPU mem: 84.3GB free / 85.1GB total | delta_size=389 full_size=19434085
R0 [P2] iter 145: join done, raw=380 result_size=380
R1 [P2] iter 145: join done, raw=370 result_size=370
R2 [P2] iter 145: join done, raw=374 result_size=374
R3 [P2] iter 145: join done, raw=379 result_size=379
R0 [P2] iter 145: split done, delta_size=386
R1 [P2] iter 145: split done, delta_size=369
R2 [P2] iter 145: split done, delta_size=371
R3 [P2] iter 145: split done, delta_size=377
R0 [P2] iter 145: dedup done, delta_size=386
R1 [P2] iter 145: dedup done, delta_size=369
R2 [P2] iter 145: dedup done, delta_size=371
R3 [P2] iter 145: dedup done, delta_size=377
R1 [P2] iter 145: subtract done, delta_size=369
R2 [P2] iter 145: subtract done, delta_size=370
R3 [P2] iter 145: subtract done, delta_size=377
R0 [P2] iter 145: subtract done, delta_size=386
R3 [P2] iter 145: merge done, full_size=19434462
R1 [P2] iter 145: merge done, full_size=19423996
R2 [P2] iter 145: merge done, full_size=19422296
R0 [P2] iter 145: merge done, full_size=19446746
R0 [P2] iter 146 done: global_full_size=77727500
R1 [P2] iter 146 done: global_full_size=77727500
R2 [P2] iter 146 done: global_full_size=77727500
R3 [P2] iter 146 done: global_full_size=77727500
R0 [P2] iter 146: PRE-JOIN GPU mem: 84.3GB free / 85.1GB total | delta_size=386 full_size=19446746
R1 [P2] iter 146: PRE-JOIN GPU mem: 84.3GB free / 85.1GB total | delta_size=369 full_size=19423996
R2 [P2] iter 146: PRE-JOIN GPU mem: 84.3GB free / 85.1GB total | delta_size=370 full_size=19422296
R3 [P2] iter 146: PRE-JOIN GPU mem: 84.3GB free / 85.1GB total | delta_size=377 full_size=19434462
R0 [P2] iter 146: join done, raw=372 result_size=372
R1 [P2] iter 146: join done, raw=361 result_size=361
R2 [P2] iter 146: join done, raw=369 result_size=369
R3 [P2] iter 146: join done, raw=369 result_size=369
R0 [P2] iter 146: split done, delta_size=374
R1 [P2] iter 146: split done, delta_size=361
R2 [P2] iter 146: split done, delta_size=363
R3 [P2] iter 146: split done, delta_size=373
R0 [P2] iter 146: dedup done, delta_size=374
R1 [P2] iter 146: dedup done, delta_size=361
R2 [P2] iter 146: dedup done, delta_size=363
R3 [P2] iter 146: dedup done, delta_size=373
R0 [P2] iter 146: subtract done, delta_size=374
R1 [P2] iter 146: subtract done, delta_size=361
R2 [P2] iter 146: subtract done, delta_size=362
R3 [P2] iter 146: subtract done, delta_size=373
R0 [P2] iter 146: merge done, full_size=19447120
R3 [P2] iter 146: merge done, full_size=19434835
R1 [P2] iter 146: merge done, full_size=19424357
R2 [P2] iter 146: merge done, full_size=19422658
R2 [P2] iter 147 done: global_full_size=77728970
R0 [P2] iter 147 done: global_full_size=77728970
R1 [P2] iter 147 done: global_full_size=77728970
R3 [P2] iter 147 done: global_full_size=77728970
R0 [P2] iter 147: PRE-JOIN GPU mem: 84.3GB free / 85.1GB total | delta_size=374 full_size=19447120
R1 [P2] iter 147: PRE-JOIN GPU mem: 84.3GB free / 85.1GB total | delta_size=361 full_size=19424357
R2 [P2] iter 147: PRE-JOIN GPU mem: 84.3GB free / 85.1GB total | delta_size=362 full_size=19422658
R3 [P2] iter 147: PRE-JOIN GPU mem: 84.3GB free / 85.1GB total | delta_size=373 full_size=19434835
R0 [P2] iter 147: join done, raw=360 result_size=360
R1 [P2] iter 147: join done, raw=353 result_size=353
R2 [P2] iter 147: join done, raw=361 result_size=361
R3 [P2] iter 147: join done, raw=365 result_size=365
R0 [P2] iter 147: split done, delta_size=365
R1 [P2] iter 147: split done, delta_size=355
R2 [P2] iter 147: split done, delta_size=349
R3 [P2] iter 147: split done, delta_size=370
R0 [P2] iter 147: dedup done, delta_size=365
R1 [P2] iter 147: dedup done, delta_size=355
R2 [P2] iter 147: dedup done, delta_size=349
R3 [P2] iter 147: dedup done, delta_size=370
R0 [P2] iter 147: subtract done, delta_size=365
R1 [P2] iter 147: subtract done, delta_size=355
R2 [P2] iter 147: subtract done, delta_size=348
R3 [P2] iter 147: subtract done, delta_size=370
R1 [P2] iter 147: merge done, full_size=19424712
R3 [P2] iter 147: merge done, full_size=19435205
R0 [P2] iter 147: merge done, full_size=19447485
R2 [P2] iter 147: merge done, full_size=19423006
R2 [P2] iter 148 done: global_full_size=77730408
R0 [P2] iter 148 done: global_full_size=77730408
R1 [P2] iter 148 done: global_full_size=77730408
R3 [P2] iter 148 done: global_full_size=77730408
R0 [P2] iter 148: PRE-JOIN GPU mem: 84.3GB free / 85.1GB total | delta_size=365 full_size=19447485
R1 [P2] iter 148: PRE-JOIN GPU mem: 84.3GB free / 85.1GB total | delta_size=355 full_size=19424712
R2 [P2] iter 148: PRE-JOIN GPU mem: 84.3GB free / 85.1GB total | delta_size=348 full_size=19423006
R3 [P2] iter 148: PRE-JOIN GPU mem: 84.3GB free / 85.1GB total | delta_size=370 full_size=19435205
R0 [P2] iter 148: join done, raw=351 result_size=351
R1 [P2] iter 148: join done, raw=347 result_size=347
R2 [P2] iter 148: join done, raw=347 result_size=347
R3 [P2] iter 148: join done, raw=362 result_size=362
R0 [P2] iter 148: split done, delta_size=362
R1 [P2] iter 148: split done, delta_size=350
R2 [P2] iter 148: split done, delta_size=339
R3 [P2] iter 148: split done, delta_size=356
R0 [P2] iter 148: dedup done, delta_size=362
R1 [P2] iter 148: dedup done, delta_size=350
R2 [P2] iter 148: dedup done, delta_size=339
R3 [P2] iter 148: dedup done, delta_size=356
R0 [P2] iter 148: subtract done, delta_size=362
R1 [P2] iter 148: subtract done, delta_size=350
R2 [P2] iter 148: subtract done, delta_size=338
R3 [P2] iter 148: subtract done, delta_size=356
R2 [P2] iter 148: merge done, full_size=19423344
R1 [P2] iter 148: merge done, full_size=19425062
R3 [P2] iter 148: merge done, full_size=19435561
R0 [P2] iter 148: merge done, full_size=19447847
R0 [P2] iter 149 done: global_full_size=77731814
R1 [P2] iter 149 done: global_full_size=77731814
R2 [P2] iter 149 done: global_full_size=77731814
R3 [P2] iter 149 done: global_full_size=77731814
R0 [P2] iter 149: PRE-JOIN GPU mem: 84.3GB free / 85.1GB total | delta_size=362 full_size=19447847
R1 [P2] iter 149: PRE-JOIN GPU mem: 84.3GB free / 85.1GB total | delta_size=350 full_size=19425062
R2 [P2] iter 149: PRE-JOIN GPU mem: 84.3GB free / 85.1GB total | delta_size=338 full_size=19423344
R3 [P2] iter 149: PRE-JOIN GPU mem: 84.3GB free / 85.1GB total | delta_size=356 full_size=19435561
R0 [P2] iter 149: join done, raw=348 result_size=348
R1 [P2] iter 149: join done, raw=339 result_size=339
R2 [P2] iter 149: join done, raw=337 result_size=337
R3 [P2] iter 149: join done, raw=348 result_size=348
R0 [P2] iter 149: split done, delta_size=354
R1 [P2] iter 149: split done, delta_size=337
R2 [P2] iter 149: split done, delta_size=331
R3 [P2] iter 149: split done, delta_size=350
R0 [P2] iter 149: dedup done, delta_size=354
R1 [P2] iter 149: dedup done, delta_size=337
R2 [P2] iter 149: dedup done, delta_size=331
R3 [P2] iter 149: dedup done, delta_size=350
R1 [P2] iter 149: subtract done, delta_size=337
R2 [P2] iter 149: subtract done, delta_size=331
R3 [P2] iter 149: subtract done, delta_size=350
R0 [P2] iter 149: subtract done, delta_size=354
R3 [P2] iter 149: merge done, full_size=19435911
R2 [P2] iter 149: merge done, full_size=19423675
R0 [P2] iter 149: merge done, full_size=19448201
R0 [P2] iter 150 done: global_full_size=77733186
R1 [P2] iter 149: merge done, full_size=19425399
R1 [P2] iter 150 done: global_full_size=77733186
R2 [P2] iter 150 done: global_full_size=77733186
R3 [P2] iter 150 done: global_full_size=77733186
R0 [P2] iter 150: PRE-JOIN GPU mem: 84.3GB free / 85.1GB total | delta_size=354 full_size=19448201
R1 [P2] iter 150: PRE-JOIN GPU mem: 84.3GB free / 85.1GB total | delta_size=337 full_size=19425399
R2 [P2] iter 150: PRE-JOIN GPU mem: 84.3GB free / 85.1GB total | delta_size=331 full_size=19423675
R3 [P2] iter 150: PRE-JOIN GPU mem: 84.3GB free / 85.1GB total | delta_size=350 full_size=19435911
R0 [P2] iter 150: join done, raw=340 result_size=340
R1 [P2] iter 150: join done, raw=326 result_size=326
R2 [P2] iter 150: join done, raw=327 result_size=327
R3 [P2] iter 150: join done, raw=342 result_size=342
R0 [P2] iter 150: split done, delta_size=342
R1 [P2] iter 150: split done, delta_size=325
R2 [P2] iter 150: split done, delta_size=324
R3 [P2] iter 150: split done, delta_size=344
R0 [P2] iter 150: dedup done, delta_size=342
R1 [P2] iter 150: dedup done, delta_size=325
R2 [P2] iter 150: dedup done, delta_size=324
R3 [P2] iter 150: dedup done, delta_size=344
R0 [P2] iter 150: subtract done, delta_size=342
R1 [P2] iter 150: subtract done, delta_size=325
R2 [P2] iter 150: subtract done, delta_size=324
R3 [P2] iter 150: subtract done, delta_size=344
R1 [P2] iter 150: merge done, full_size=19425724
R2 [P2] iter 150: merge done, full_size=19423999
R3 [P2] iter 150: merge done, full_size=19436255
R0 [P2] iter 150: merge done, full_size=19448543
R0 [P2] iter 151 done: global_full_size=77734521
R1 [P2] iter 151 done: global_full_size=77734521
R2 [P2] iter 151 done: global_full_size=77734521
R3 [P2] iter 151 done: global_full_size=77734521
R0 [P2] iter 151: PRE-JOIN GPU mem: 84.3GB free / 85.1GB total | delta_size=342 full_size=19448543
R1 [P2] iter 151: PRE-JOIN GPU mem: 84.3GB free / 85.1GB total | delta_size=325 full_size=19425724
R2 [P2] iter 151: PRE-JOIN GPU mem: 84.3GB free / 85.1GB total | delta_size=324 full_size=19423999
R3 [P2] iter 151: PRE-JOIN GPU mem: 84.3GB free / 85.1GB total | delta_size=344 full_size=19436255
R0 [P2] iter 151: join done, raw=331 result_size=331
R1 [P2] iter 151: join done, raw=315 result_size=315
R2 [P2] iter 151: join done, raw=321 result_size=321
R3 [P2] iter 151: join done, raw=336 result_size=336
R0 [P2] iter 151: split done, delta_size=336
R1 [P2] iter 151: split done, delta_size=319
R2 [P2] iter 151: split done, delta_size=317
R3 [P2] iter 151: split done, delta_size=331
R0 [P2] iter 151: dedup done, delta_size=336
R1 [P2] iter 151: dedup done, delta_size=319
R2 [P2] iter 151: dedup done, delta_size=317
R3 [P2] iter 151: dedup done, delta_size=331
R0 [P2] iter 151: subtract done, delta_size=336
R1 [P2] iter 151: subtract done, delta_size=319
R2 [P2] iter 151: subtract done, delta_size=317
R3 [P2] iter 151: subtract done, delta_size=331
R1 [P2] iter 151: merge done, full_size=19426043
R2 [P2] iter 151: merge done, full_size=19424316
R3 [P2] iter 151: merge done, full_size=19436586
R0 [P2] iter 151: merge done, full_size=19448879
R0 [P2] iter 152 done: global_full_size=77735824
R1 [P2] iter 152 done: global_full_size=77735824
R2 [P2] iter 152 done: global_full_size=77735824
R3 [P2] iter 152 done: global_full_size=77735824
R0 [P2] iter 152: PRE-JOIN GPU mem: 84.3GB free / 85.1GB total | delta_size=336 full_size=19448879
R1 [P2] iter 152: PRE-JOIN GPU mem: 84.3GB free / 85.1GB total | delta_size=319 full_size=19426043
R2 [P2] iter 152: PRE-JOIN GPU mem: 84.3GB free / 85.1GB total | delta_size=317 full_size=19424316
R3 [P2] iter 152: PRE-JOIN GPU mem: 84.3GB free / 85.1GB total | delta_size=331 full_size=19436586
R0 [P2] iter 152: join done, raw=325 result_size=325
R1 [P2] iter 152: join done, raw=309 result_size=309
R2 [P2] iter 152: join done, raw=314 result_size=314
R3 [P2] iter 152: join done, raw=323 result_size=323
R0 [P2] iter 152: split done, delta_size=332
R1 [P2] iter 152: split done, delta_size=307
R2 [P2] iter 152: split done, delta_size=311
R3 [P2] iter 152: split done, delta_size=321
R0 [P2] iter 152: dedup done, delta_size=332
R1 [P2] iter 152: dedup done, delta_size=307
R2 [P2] iter 152: dedup done, delta_size=311
R3 [P2] iter 152: dedup done, delta_size=321
R0 [P2] iter 152: subtract done, delta_size=332
R1 [P2] iter 152: subtract done, delta_size=307
R2 [P2] iter 152: subtract done, delta_size=311
R3 [P2] iter 152: subtract done, delta_size=321
R2 [P2] iter 152: merge done, full_size=19424627
R3 [P2] iter 152: merge done, full_size=19436907
R0 [P2] iter 152: merge done, full_size=19449211
R1 [P2] iter 152: merge done, full_size=19426350
R1 [P2] iter 153 done: global_full_size=77737095
R0 [P2] iter 153 done: global_full_size=77737095
R2 [P2] iter 153 done: global_full_size=77737095
R3 [P2] iter 153 done: global_full_size=77737095
R0 [P2] iter 153: PRE-JOIN GPU mem: 84.3GB free / 85.1GB total | delta_size=332 full_size=19449211
R1 [P2] iter 153: PRE-JOIN GPU mem: 84.3GB free / 85.1GB total | delta_size=307 full_size=19426350
R2 [P2] iter 153: PRE-JOIN GPU mem: 84.3GB free / 85.1GB total | delta_size=311 full_size=19424627
R3 [P2] iter 153: PRE-JOIN GPU mem: 84.3GB free / 85.1GB total | delta_size=321 full_size=19436907
R0 [P2] iter 153: join done, raw=320 result_size=320
R1 [P2] iter 153: join done, raw=297 result_size=297
R2 [P2] iter 153: join done, raw=307 result_size=307
R3 [P2] iter 153: join done, raw=313 result_size=313
R0 [P2] iter 153: split done, delta_size=318
R1 [P2] iter 153: split done, delta_size=301
R2 [P2] iter 153: split done, delta_size=304
R3 [P2] iter 153: split done, delta_size=314
R0 [P2] iter 153: dedup done, delta_size=318
R1 [P2] iter 153: dedup done, delta_size=301
R2 [P2] iter 153: dedup done, delta_size=304
R3 [P2] iter 153: dedup done, delta_size=314
R0 [P2] iter 153: subtract done, delta_size=318
R1 [P2] iter 153: subtract done, delta_size=301
R2 [P2] iter 153: subtract done, delta_size=304
R3 [P2] iter 153: subtract done, delta_size=314
R3 [P2] iter 153: merge done, full_size=19437221
R1 [P2] iter 153: merge done, full_size=19426651
R2 [P2] iter 153: merge done, full_size=19424931
R0 [P2] iter 153: merge done, full_size=19449529
R0 [P2] iter 154 done: global_full_size=77738332
R1 [P2] iter 154 done: global_full_size=77738332
R2 [P2] iter 154 done: global_full_size=77738332
R3 [P2] iter 154 done: global_full_size=77738332
R0 [P2] iter 154: PRE-JOIN GPU mem: 84.3GB free / 85.1GB total | delta_size=318 full_size=19449529
R1 [P2] iter 154: PRE-JOIN GPU mem: 84.3GB free / 85.1GB total | delta_size=301 full_size=19426651
R2 [P2] iter 154: PRE-JOIN GPU mem: 84.3GB free / 85.1GB total | delta_size=304 full_size=19424931
R3 [P2] iter 154: PRE-JOIN GPU mem: 84.3GB free / 85.1GB total | delta_size=314 full_size=19437221
R0 [P2] iter 154: join done, raw=309 result_size=309
R1 [P2] iter 154: join done, raw=292 result_size=292
R2 [P2] iter 154: join done, raw=302 result_size=302
R3 [P2] iter 154: join done, raw=306 result_size=306
R0 [P2] iter 154: split done, delta_size=310
R1 [P2] iter 154: split done, delta_size=293
R2 [P2] iter 154: split done, delta_size=296
R3 [P2] iter 154: split done, delta_size=310
R0 [P2] iter 154: dedup done, delta_size=310
R1 [P2] iter 154: dedup done, delta_size=293
R2 [P2] iter 154: dedup done, delta_size=296
R3 [P2] iter 154: dedup done, delta_size=310
R0 [P2] iter 154: subtract done, delta_size=310
R1 [P2] iter 154: subtract done, delta_size=293
R2 [P2] iter 154: subtract done, delta_size=296
R3 [P2] iter 154: subtract done, delta_size=310
R3 [P2] iter 154: merge done, full_size=19437531
R0 [P2] iter 154: merge done, full_size=19449839
R2 [P2] iter 154: merge done, full_size=19425227
R1 [P2] iter 154: merge done, full_size=19426944
R1 [P2] iter 155 done: global_full_size=77739541
R0 [P2] iter 155 done: global_full_size=77739541
R2 [P2] iter 155 done: global_full_size=77739541
R3 [P2] iter 155 done: global_full_size=77739541
R0 [P2] iter 155: PRE-JOIN GPU mem: 84.3GB free / 85.1GB total | delta_size=310 full_size=19449839
R1 [P2] iter 155: PRE-JOIN GPU mem: 84.3GB free / 85.1GB total | delta_size=293 full_size=19426944
R2 [P2] iter 155: PRE-JOIN GPU mem: 84.3GB free / 85.1GB total | delta_size=296 full_size=19425227
R3 [P2] iter 155: PRE-JOIN GPU mem: 84.3GB free / 85.1GB total | delta_size=310 full_size=19437531
R0 [P2] iter 155: join done, raw=301 result_size=301
R1 [P2] iter 155: join done, raw=284 result_size=284
R2 [P2] iter 155: join done, raw=294 result_size=294
R3 [P2] iter 155: join done, raw=302 result_size=302
R0 [P2] iter 155: split done, delta_size=304
R1 [P2] iter 155: split done, delta_size=289
R2 [P2] iter 155: split done, delta_size=286
R3 [P2] iter 155: split done, delta_size=302
R0 [P2] iter 155: dedup done, delta_size=304
R1 [P2] iter 155: dedup done, delta_size=289
R2 [P2] iter 155: dedup done, delta_size=286
R3 [P2] iter 155: dedup done, delta_size=302
R0 [P2] iter 155: subtract done, delta_size=304
R1 [P2] iter 155: subtract done, delta_size=289
R2 [P2] iter 155: subtract done, delta_size=286
R3 [P2] iter 155: subtract done, delta_size=302
R3 [P2] iter 155: merge done, full_size=19437833
R0 [P2] iter 155: merge done, full_size=19450143
R2 [P2] iter 155: merge done, full_size=19425513
R0 [P2] iter 156 done: global_full_size=77740722
R1 [P2] iter 155: merge done, full_size=19427233
R1 [P2] iter 156 done: global_full_size=77740722
R2 [P2] iter 156 done: global_full_size=77740722
R3 [P2] iter 156 done: global_full_size=77740722
R0 [P2] iter 156: PRE-JOIN GPU mem: 84.3GB free / 85.1GB total | delta_size=304 full_size=19450143
R1 [P2] iter 156: PRE-JOIN GPU mem: 84.3GB free / 85.1GB total | delta_size=289 full_size=19427233
R2 [P2] iter 156: PRE-JOIN GPU mem: 84.3GB free / 85.1GB total | delta_size=286 full_size=19425513
R3 [P2] iter 156: PRE-JOIN GPU mem: 84.3GB free / 85.1GB total | delta_size=302 full_size=19437833
R0 [P2] iter 156: join done, raw=295 result_size=295
R1 [P2] iter 156: join done, raw=280 result_size=280
R2 [P2] iter 156: join done, raw=284 result_size=284
R3 [P2] iter 156: join done, raw=294 result_size=294
R0 [P2] iter 156: split done, delta_size=300
R1 [P2] iter 156: split done, delta_size=277
R2 [P2] iter 156: split done, delta_size=280
R3 [P2] iter 156: split done, delta_size=296
R0 [P2] iter 156: dedup done, delta_size=300
R1 [P2] iter 156: dedup done, delta_size=277
R2 [P2] iter 156: dedup done, delta_size=280
R3 [P2] iter 156: dedup done, delta_size=296
R0 [P2] iter 156: subtract done, delta_size=300
R1 [P2] iter 156: subtract done, delta_size=277
R2 [P2] iter 156: subtract done, delta_size=280
R3 [P2] iter 156: subtract done, delta_size=296
R3 [P2] iter 156: merge done, full_size=19438129
R1 [P2] iter 156: merge done, full_size=19427510
R0 [P2] iter 156: merge done, full_size=19450443
R0 [P2] iter 157 done: global_full_size=77741875
R2 [P2] iter 156: merge done, full_size=19425793
R2 [P2] iter 157 done: global_full_size=77741875
R1 [P2] iter 157 done: global_full_size=77741875
R3 [P2] iter 157 done: global_full_size=77741875
R0 [P2] iter 157: PRE-JOIN GPU mem: 84.3GB free / 85.1GB total | delta_size=300 full_size=19450443
R1 [P2] iter 157: PRE-JOIN GPU mem: 84.3GB free / 85.1GB total | delta_size=277 full_size=19427510
R2 [P2] iter 157: PRE-JOIN GPU mem: 84.3GB free / 85.1GB total | delta_size=280 full_size=19425793
R3 [P2] iter 157: PRE-JOIN GPU mem: 84.3GB free / 85.1GB total | delta_size=296 full_size=19438129
R0 [P2] iter 157: join done, raw=291 result_size=291
R1 [P2] iter 157: join done, raw=268 result_size=268
R2 [P2] iter 157: join done, raw=278 result_size=278
R3 [P2] iter 157: join done, raw=288 result_size=288
R0 [P2] iter 157: split done, delta_size=294
R1 [P2] iter 157: split done, delta_size=268
R2 [P2] iter 157: split done, delta_size=276
R3 [P2] iter 157: split done, delta_size=287
R0 [P2] iter 157: dedup done, delta_size=294
R1 [P2] iter 157: dedup done, delta_size=268
R2 [P2] iter 157: dedup done, delta_size=276
R3 [P2] iter 157: dedup done, delta_size=287
R0 [P2] iter 157: subtract done, delta_size=294
R1 [P2] iter 157: subtract done, delta_size=268
R2 [P2] iter 157: subtract done, delta_size=276
R3 [P2] iter 157: subtract done, delta_size=287
R3 [P2] iter 157: merge done, full_size=19438416
R2 [P2] iter 157: merge done, full_size=19426069
R0 [P2] iter 157: merge done, full_size=19450737
R0 [P2] iter 158 done: global_full_size=77743000
R1 [P2] iter 157: merge done, full_size=19427778
R1 [P2] iter 158 done: global_full_size=77743000
R2 [P2] iter 158 done: global_full_size=77743000
R3 [P2] iter 158 done: global_full_size=77743000
R0 [P2] iter 158: PRE-JOIN GPU mem: 84.3GB free / 85.1GB total | delta_size=294 full_size=19450737
R1 [P2] iter 158: PRE-JOIN GPU mem: 84.3GB free / 85.1GB total | delta_size=268 full_size=19427778
R2 [P2] iter 158: PRE-JOIN GPU mem: 84.3GB free / 85.1GB total | delta_size=276 full_size=19426069
R3 [P2] iter 158: PRE-JOIN GPU mem: 84.3GB free / 85.1GB total | delta_size=287 full_size=19438416
R0 [P2] iter 158: join done, raw=285 result_size=285
R1 [P2] iter 158: join done, raw=259 result_size=259
R2 [P2] iter 158: join done, raw=274 result_size=274
R3 [P2] iter 158: join done, raw=279 result_size=279
R0 [P2] iter 158: split done, delta_size=284
R1 [P2] iter 158: split done, delta_size=264
R2 [P2] iter 158: split done, delta_size=270
R3 [P2] iter 158: split done, delta_size=279
R0 [P2] iter 158: dedup done, delta_size=284
R1 [P2] iter 158: dedup done, delta_size=264
R2 [P2] iter 158: dedup done, delta_size=270
R3 [P2] iter 158: dedup done, delta_size=279
R0 [P2] iter 158: subtract done, delta_size=284
R1 [P2] iter 158: subtract done, delta_size=264
R2 [P2] iter 158: subtract done, delta_size=270
R3 [P2] iter 158: subtract done, delta_size=279
R0 [P2] iter 158: merge done, full_size=19451021
R1 [P2] iter 158: merge done, full_size=19428042
R2 [P2] iter 158: merge done, full_size=19426339
R0 [P2] iter 159 done: global_full_size=77744097
R3 [P2] iter 158: merge done, full_size=19438695
R3 [P2] iter 159 done: global_full_size=77744097
R1 [P2] iter 159 done: global_full_size=77744097
R2 [P2] iter 159 done: global_full_size=77744097
R0 [P2] iter 159: PRE-JOIN GPU mem: 84.3GB free / 85.1GB total | delta_size=284 full_size=19451021
R1 [P2] iter 159: PRE-JOIN GPU mem: 84.3GB free / 85.1GB total | delta_size=264 full_size=19428042
R2 [P2] iter 159: PRE-JOIN GPU mem: 84.3GB free / 85.1GB total | delta_size=270 full_size=19426339
R3 [P2] iter 159: PRE-JOIN GPU mem: 84.3GB free / 85.1GB total | delta_size=279 full_size=19438695
R0 [P2] iter 159: join done, raw=275 result_size=275
R1 [P2] iter 159: join done, raw=255 result_size=255
R2 [P2] iter 159: join done, raw=268 result_size=268
R3 [P2] iter 159: join done, raw=271 result_size=271
R0 [P2] iter 159: split done, delta_size=273
R1 [P2] iter 159: split done, delta_size=256
R2 [P2] iter 159: split done, delta_size=264
R3 [P2] iter 159: split done, delta_size=276
R0 [P2] iter 159: dedup done, delta_size=273
R1 [P2] iter 159: dedup done, delta_size=256
R2 [P2] iter 159: dedup done, delta_size=264
R3 [P2] iter 159: dedup done, delta_size=276
R0 [P2] iter 159: subtract done, delta_size=273
R1 [P2] iter 159: subtract done, delta_size=256
R2 [P2] iter 159: subtract done, delta_size=264
R3 [P2] iter 159: subtract done, delta_size=276
R1 [P2] iter 159: merge done, full_size=19428298
R3 [P2] iter 159: merge done, full_size=19438971
R0 [P2] iter 159: merge done, full_size=19451294
R2 [P2] iter 159: merge done, full_size=19426603
R2 [P2] iter 160 done: global_full_size=77745166
R0 [P2] iter 160 done: global_full_size=77745166
R1 [P2] iter 160 done: global_full_size=77745166
R3 [P2] iter 160 done: global_full_size=77745166
R0 [P2] iter 160: PRE-JOIN GPU mem: 84.3GB free / 85.1GB total | delta_size=273 full_size=19451294
R1 [P2] iter 160: PRE-JOIN GPU mem: 84.3GB free / 85.1GB total | delta_size=256 full_size=19428298
R2 [P2] iter 160: PRE-JOIN GPU mem: 84.3GB free / 85.1GB total | delta_size=264 full_size=19426603
R3 [P2] iter 160: PRE-JOIN GPU mem: 84.3GB free / 85.1GB total | delta_size=276 full_size=19438971
R0 [P2] iter 160: join done, raw=265 result_size=265
R1 [P2] iter 160: join done, raw=246 result_size=246
R2 [P2] iter 160: join done, raw=262 result_size=262
R3 [P2] iter 160: join done, raw=268 result_size=268
R0 [P2] iter 160: split done, delta_size=269
R1 [P2] iter 160: split done, delta_size=251
R2 [P2] iter 160: split done, delta_size=258
R3 [P2] iter 160: split done, delta_size=263
R0 [P2] iter 160: dedup done, delta_size=269
R1 [P2] iter 160: dedup done, delta_size=251
R2 [P2] iter 160: dedup done, delta_size=258
R3 [P2] iter 160: dedup done, delta_size=263
R0 [P2] iter 160: subtract done, delta_size=269
R1 [P2] iter 160: subtract done, delta_size=251
R2 [P2] iter 160: subtract done, delta_size=258
R3 [P2] iter 160: subtract done, delta_size=263
R3 [P2] iter 160: merge done, full_size=19439234
R1 [P2] iter 160: merge done, full_size=19428549
R2 [P2] iter 160: merge done, full_size=19426861
R0 [P2] iter 160: merge done, full_size=19451563
R0 [P2] iter 161 done: global_full_size=77746207
R1 [P2] iter 161 done: global_full_size=77746207
R2 [P2] iter 161 done: global_full_size=77746207
R3 [P2] iter 161 done: global_full_size=77746207
R0 [P2] iter 161: PRE-JOIN GPU mem: 84.3GB free / 85.1GB total | delta_size=269 full_size=19451563
R1 [P2] iter 161: PRE-JOIN GPU mem: 84.3GB free / 85.1GB total | delta_size=251 full_size=19428549
R2 [P2] iter 161: PRE-JOIN GPU mem: 84.3GB free / 85.1GB total | delta_size=258 full_size=19426861
R3 [P2] iter 161: PRE-JOIN GPU mem: 84.3GB free / 85.1GB total | delta_size=263 full_size=19439234
R0 [P2] iter 161: join done, raw=261 result_size=261
R2 [P2] iter 161: join done, raw=257 result_size=257
R1 [P2] iter 161: join done, raw=242 result_size=242
R3 [P2] iter 161: join done, raw=257 result_size=257
R0 [P2] iter 161: split done, delta_size=259
R1 [P2] iter 161: split done, delta_size=246
R2 [P2] iter 161: split done, delta_size=251
R3 [P2] iter 161: split done, delta_size=261
R0 [P2] iter 161: dedup done, delta_size=259
R1 [P2] iter 161: dedup done, delta_size=246
R2 [P2] iter 161: dedup done, delta_size=251
R3 [P2] iter 161: dedup done, delta_size=261
R1 [P2] iter 161: subtract done, delta_size=246
R2 [P2] iter 161: subtract done, delta_size=251
R3 [P2] iter 161: subtract done, delta_size=261
R0 [P2] iter 161: subtract done, delta_size=259
R1 [P2] iter 161: merge done, full_size=19428795
R0 [P2] iter 161: merge done, full_size=19451822
R2 [P2] iter 161: merge done, full_size=19427112
R3 [P2] iter 161: merge done, full_size=19439495
R3 [P2] iter 162 done: global_full_size=77747224
R0 [P2] iter 162 done: global_full_size=77747224
R1 [P2] iter 162 done: global_full_size=77747224
R2 [P2] iter 162 done: global_full_size=77747224
R0 [P2] iter 162: PRE-JOIN GPU mem: 84.3GB free / 85.1GB total | delta_size=259 full_size=19451822
R2 [P2] iter 162: PRE-JOIN GPU mem: 84.3GB free / 85.1GB total | delta_size=251 full_size=19427112
R3 [P2] iter 162: PRE-JOIN GPU mem: 84.3GB free / 85.1GB total | delta_size=261 full_size=19439495
R1 [P2] iter 162: PRE-JOIN GPU mem: 84.3GB free / 85.1GB total | delta_size=246 full_size=19428795
R0 [P2] iter 162: join done, raw=251 result_size=251
R1 [P2] iter 162: join done, raw=237 result_size=237
R2 [P2] iter 162: join done, raw=249 result_size=249
R3 [P2] iter 162: join done, raw=255 result_size=255
R0 [P2] iter 162: split done, delta_size=251
R1 [P2] iter 162: split done, delta_size=239
R2 [P2] iter 162: split done, delta_size=248
R3 [P2] iter 162: split done, delta_size=254
R0 [P2] iter 162: dedup done, delta_size=251
R1 [P2] iter 162: dedup done, delta_size=239
R2 [P2] iter 162: dedup done, delta_size=248
R3 [P2] iter 162: dedup done, delta_size=254
R0 [P2] iter 162: subtract done, delta_size=251
R1 [P2] iter 162: subtract done, delta_size=239
R2 [P2] iter 162: subtract done, delta_size=248
R3 [P2] iter 162: subtract done, delta_size=254
R3 [P2] iter 162: merge done, full_size=19439749
R1 [P2] iter 162: merge done, full_size=19429034
R0 [P2] iter 162: merge done, full_size=19452073
R2 [P2] iter 162: merge done, full_size=19427360
R2 [P2] iter 163 done: global_full_size=77748216
R0 [P2] iter 163 done: global_full_size=77748216
R1 [P2] iter 163 done: global_full_size=77748216
R3 [P2] iter 163 done: global_full_size=77748216
R2 [P2] iter 163: PRE-JOIN GPU mem: 84.3GB free / 85.1GB total | delta_size=248 full_size=19427360
R0 [P2] iter 163: PRE-JOIN GPU mem: 84.3GB free / 85.1GB total | delta_size=251 full_size=19452073
R1 [P2] iter 163: PRE-JOIN GPU mem: 84.3GB free / 85.1GB total | delta_size=239 full_size=19429034
R3 [P2] iter 163: PRE-JOIN GPU mem: 84.3GB free / 85.1GB total | delta_size=254 full_size=19439749
R0 [P2] iter 163: join done, raw=244 result_size=244
R1 [P2] iter 163: join done, raw=230 result_size=230
R2 [P2] iter 163: join done, raw=246 result_size=246
R3 [P2] iter 163: join done, raw=248 result_size=248
R0 [P2] iter 163: split done, delta_size=241
R1 [P2] iter 163: split done, delta_size=236
R2 [P2] iter 163: split done, delta_size=244
R3 [P2] iter 163: split done, delta_size=247
R0 [P2] iter 163: dedup done, delta_size=241
R1 [P2] iter 163: dedup done, delta_size=236
R2 [P2] iter 163: dedup done, delta_size=244
R3 [P2] iter 163: dedup done, delta_size=247
R0 [P2] iter 163: subtract done, delta_size=241
R1 [P2] iter 163: subtract done, delta_size=236
R2 [P2] iter 163: subtract done, delta_size=244
R3 [P2] iter 163: subtract done, delta_size=247
R3 [P2] iter 163: merge done, full_size=19439996
R0 [P2] iter 163: merge done, full_size=19452314
R1 [P2] iter 163: merge done, full_size=19429270
R2 [P2] iter 163: merge done, full_size=19427604
R2 [P2] iter 164 done: global_full_size=77749184
R0 [P2] iter 164 done: global_full_size=77749184
R1 [P2] iter 164 done: global_full_size=77749184
R3 [P2] iter 164 done: global_full_size=77749184
R0 [P2] iter 164: PRE-JOIN GPU mem: 84.3GB free / 85.1GB total | delta_size=241 full_size=19452314
R1 [P2] iter 164: PRE-JOIN GPU mem: 84.3GB free / 85.1GB total | delta_size=236 full_size=19429270
R2 [P2] iter 164: PRE-JOIN GPU mem: 84.3GB free / 85.1GB total | delta_size=244 full_size=19427604
R3 [P2] iter 164: PRE-JOIN GPU mem: 84.3GB free / 85.1GB total | delta_size=247 full_size=19439996
R0 [P2] iter 164: join done, raw=234 result_size=234
R1 [P2] iter 164: join done, raw=227 result_size=227
R2 [P2] iter 164: join done, raw=242 result_size=242
R3 [P2] iter 164: join done, raw=241 result_size=241
R0 [P2] iter 164: split done, delta_size=233
R1 [P2] iter 164: split done, delta_size=232
R2 [P2] iter 164: split done, delta_size=235
R3 [P2] iter 164: split done, delta_size=244
R0 [P2] iter 164: dedup done, delta_size=233
R1 [P2] iter 164: dedup done, delta_size=232
R2 [P2] iter 164: dedup done, delta_size=235
R3 [P2] iter 164: dedup done, delta_size=244
R0 [P2] iter 164: subtract done, delta_size=233
R1 [P2] iter 164: subtract done, delta_size=232
R2 [P2] iter 164: subtract done, delta_size=235
R3 [P2] iter 164: subtract done, delta_size=244
R0 [P2] iter 164: merge done, full_size=19452547
R2 [P2] iter 164: merge done, full_size=19427839
R3 [P2] iter 164: merge done, full_size=19440240
R1 [P2] iter 164: merge done, full_size=19429502
R1 [P2] iter 165 done: global_full_size=77750128
R0 [P2] iter 165 done: global_full_size=77750128
R2 [P2] iter 165 done: global_full_size=77750128
R3 [P2] iter 165 done: global_full_size=77750128
R0 [P2] iter 165: PRE-JOIN GPU mem: 84.3GB free / 85.1GB total | delta_size=233 full_size=19452547
R1 [P2] iter 165: PRE-JOIN GPU mem: 84.3GB free / 85.1GB total | delta_size=232 full_size=19429502
R2 [P2] iter 165: PRE-JOIN GPU mem: 84.3GB free / 85.1GB total | delta_size=235 full_size=19427839
R3 [P2] iter 165: PRE-JOIN GPU mem: 84.3GB free / 85.1GB total | delta_size=244 full_size=19440240
R0 [P2] iter 165: join done, raw=226 result_size=226
R1 [P2] iter 165: join done, raw=223 result_size=223
R2 [P2] iter 165: join done, raw=233 result_size=233
R3 [P2] iter 165: join done, raw=238 result_size=238
R0 [P2] iter 165: split done, delta_size=230
R1 [P2] iter 165: split done, delta_size=226
R2 [P2] iter 165: split done, delta_size=230
R3 [P2] iter 165: split done, delta_size=234
R0 [P2] iter 165: dedup done, delta_size=230
R1 [P2] iter 165: dedup done, delta_size=226
R2 [P2] iter 165: dedup done, delta_size=230
R3 [P2] iter 165: dedup done, delta_size=234
R0 [P2] iter 165: subtract done, delta_size=230
R1 [P2] iter 165: subtract done, delta_size=226
R2 [P2] iter 165: subtract done, delta_size=230
R3 [P2] iter 165: subtract done, delta_size=234
R2 [P2] iter 165: merge done, full_size=19428069
R0 [P2] iter 165: merge done, full_size=19452777
R3 [P2] iter 165: merge done, full_size=19440474
R0 [P2] iter 166 done: global_full_size=77751048
R1 [P2] iter 165: merge done, full_size=19429728
R1 [P2] iter 166 done: global_full_size=77751048
R2 [P2] iter 166 done: global_full_size=77751048
R3 [P2] iter 166 done: global_full_size=77751048
R0 [P2] iter 166: PRE-JOIN GPU mem: 84.3GB free / 85.1GB total | delta_size=230 full_size=19452777
R1 [P2] iter 166: PRE-JOIN GPU mem: 84.3GB free / 85.1GB total | delta_size=226 full_size=19429728
R2 [P2] iter 166: PRE-JOIN GPU mem: 84.3GB free / 85.1GB total | delta_size=230 full_size=19428069
R3 [P2] iter 166: PRE-JOIN GPU mem: 84.3GB free / 85.1GB total | delta_size=234 full_size=19440474
R0 [P2] iter 166: join done, raw=223 result_size=223
R1 [P2] iter 166: join done, raw=217 result_size=217
R2 [P2] iter 166: join done, raw=228 result_size=228
R3 [P2] iter 166: join done, raw=228 result_size=228
R0 [P2] iter 166: split done, delta_size=225
R1 [P2] iter 166: split done, delta_size=220
R2 [P2] iter 166: split done, delta_size=226
R3 [P2] iter 166: split done, delta_size=225
R0 [P2] iter 166: dedup done, delta_size=225
R1 [P2] iter 166: dedup done, delta_size=220
R2 [P2] iter 166: dedup done, delta_size=226
R3 [P2] iter 166: dedup done, delta_size=225
R0 [P2] iter 166: subtract done, delta_size=225
R1 [P2] iter 166: subtract done, delta_size=220
R2 [P2] iter 166: subtract done, delta_size=226
R3 [P2] iter 166: subtract done, delta_size=225
R3 [P2] iter 166: merge done, full_size=19440699
R1 [P2] iter 166: merge done, full_size=19429948
R0 [P2] iter 166: merge done, full_size=19453002
R2 [P2] iter 166: merge done, full_size=19428295
R2 [P2] iter 167 done: global_full_size=77751944
R0 [P2] iter 167 done: global_full_size=77751944
R1 [P2] iter 167 done: global_full_size=77751944
R3 [P2] iter 167 done: global_full_size=77751944
R0 [P2] iter 167: PRE-JOIN GPU mem: 84.3GB free / 85.1GB total | delta_size=225 full_size=19453002
R2 [P2] iter 167: PRE-JOIN GPU mem: 84.3GB free / 85.1GB total | delta_size=226 full_size=19428295
R1 [P2] iter 167: PRE-JOIN GPU mem: 84.3GB free / 85.1GB total | delta_size=220 full_size=19429948
R3 [P2] iter 167: PRE-JOIN GPU mem: 84.3GB free / 85.1GB total | delta_size=225 full_size=19440699
R0 [P2] iter 167: join done, raw=218 result_size=218
R2 [P2] iter 167: join done, raw=224 result_size=224
R3 [P2] iter 167: join done, raw=219 result_size=219
R1 [P2] iter 167: join done, raw=211 result_size=211
R0 [P2] iter 167: split done, delta_size=218
R1 [P2] iter 167: split done, delta_size=211
R2 [P2] iter 167: split done, delta_size=223
R3 [P2] iter 167: split done, delta_size=220
R0 [P2] iter 167: dedup done, delta_size=218
R1 [P2] iter 167: dedup done, delta_size=211
R2 [P2] iter 167: dedup done, delta_size=223
R3 [P2] iter 167: dedup done, delta_size=220
R0 [P2] iter 167: subtract done, delta_size=218
R1 [P2] iter 167: subtract done, delta_size=211
R2 [P2] iter 167: subtract done, delta_size=223
R3 [P2] iter 167: subtract done, delta_size=220
R3 [P2] iter 167: merge done, full_size=19440919
R0 [P2] iter 167: merge done, full_size=19453220
R1 [P2] iter 167: merge done, full_size=19430159
R2 [P2] iter 167: merge done, full_size=19428518
R2 [P2] iter 168 done: global_full_size=77752816
R0 [P2] iter 168 done: global_full_size=77752816
R1 [P2] iter 168 done: global_full_size=77752816
R3 [P2] iter 168 done: global_full_size=77752816
R0 [P2] iter 168: PRE-JOIN GPU mem: 84.3GB free / 85.1GB total | delta_size=218 full_size=19453220
R1 [P2] iter 168: PRE-JOIN GPU mem: 84.3GB free / 85.1GB total | delta_size=211 full_size=19430159
R2 [P2] iter 168: PRE-JOIN GPU mem: 84.3GB free / 85.1GB total | delta_size=223 full_size=19428518
R3 [P2] iter 168: PRE-JOIN GPU mem: 84.3GB free / 85.1GB total | delta_size=220 full_size=19440919
R0 [P2] iter 168: join done, raw=211 result_size=211
R1 [P2] iter 168: join done, raw=202 result_size=202
R2 [P2] iter 168: join done, raw=221 result_size=221
R3 [P2] iter 168: join done, raw=214 result_size=214
R0 [P2] iter 168: split done, delta_size=211
R1 [P2] iter 168: split done, delta_size=204
R2 [P2] iter 168: split done, delta_size=218
R3 [P2] iter 168: split done, delta_size=215
R0 [P2] iter 168: dedup done, delta_size=211
R1 [P2] iter 168: dedup done, delta_size=204
R2 [P2] iter 168: dedup done, delta_size=218
R3 [P2] iter 168: dedup done, delta_size=215
R0 [P2] iter 168: subtract done, delta_size=211
R1 [P2] iter 168: subtract done, delta_size=204
R3 [P2] iter 168: subtract done, delta_size=215
R2 [P2] iter 168: subtract done, delta_size=218
R3 [P2] iter 168: merge done, full_size=19441134
R1 [P2] iter 168: merge done, full_size=19430363
R0 [P2] iter 168: merge done, full_size=19453431
R2 [P2] iter 168: merge done, full_size=19428736
R2 [P2] iter 169 done: global_full_size=77753664
R0 [P2] iter 169 done: global_full_size=77753664
R1 [P2] iter 169 done: global_full_size=77753664
R3 [P2] iter 169 done: global_full_size=77753664
R0 [P2] iter 169: PRE-JOIN GPU mem: 84.3GB free / 85.1GB total | delta_size=211 full_size=19453431
R1 [P2] iter 169: PRE-JOIN GPU mem: 84.3GB free / 85.1GB total | delta_size=204 full_size=19430363
R2 [P2] iter 169: PRE-JOIN GPU mem: 84.3GB free / 85.1GB total | delta_size=218 full_size=19428736
R3 [P2] iter 169: PRE-JOIN GPU mem: 84.3GB free / 85.1GB total | delta_size=215 full_size=19441134
R0 [P2] iter 169: join done, raw=204 result_size=204
R1 [P2] iter 169: join done, raw=196 result_size=196
R2 [P2] iter 169: join done, raw=216 result_size=216
R3 [P2] iter 169: join done, raw=210 result_size=210
R0 [P2] iter 169: split done, delta_size=207
R1 [P2] iter 169: split done, delta_size=200
R2 [P2] iter 169: split done, delta_size=214
R3 [P2] iter 169: split done, delta_size=205
R0 [P2] iter 169: dedup done, delta_size=207
R1 [P2] iter 169: dedup done, delta_size=200
R2 [P2] iter 169: dedup done, delta_size=214
R3 [P2] iter 169: dedup done, delta_size=205
R0 [P2] iter 169: subtract done, delta_size=207
R1 [P2] iter 169: subtract done, delta_size=200
R2 [P2] iter 169: subtract done, delta_size=214
R3 [P2] iter 169: subtract done, delta_size=205
R1 [P2] iter 169: merge done, full_size=19430563
R2 [P2] iter 169: merge done, full_size=19428950
R3 [P2] iter 169: merge done, full_size=19441339
R0 [P2] iter 169: merge done, full_size=19453638
R0 [P2] iter 170 done: global_full_size=77754490
R1 [P2] iter 170 done: global_full_size=77754490
R2 [P2] iter 170 done: global_full_size=77754490
R3 [P2] iter 170 done: global_full_size=77754490
R0 [P2] iter 170: PRE-JOIN GPU mem: 84.3GB free / 85.1GB total | delta_size=207 full_size=19453638
R2 [P2] iter 170: PRE-JOIN GPU mem: 84.3GB free / 85.1GB total | delta_size=214 full_size=19428950
R1 [P2] iter 170: PRE-JOIN GPU mem: 84.3GB free / 85.1GB total | delta_size=200 full_size=19430563
R3 [P2] iter 170: PRE-JOIN GPU mem: 84.3GB free / 85.1GB total | delta_size=205 full_size=19441339
R0 [P2] iter 170: join done, raw=201 result_size=201
R1 [P2] iter 170: join done, raw=192 result_size=192
R2 [P2] iter 170: join done, raw=212 result_size=212
R3 [P2] iter 170: join done, raw=200 result_size=200
R0 [P2] iter 170: split done, delta_size=201
R1 [P2] iter 170: split done, delta_size=196
R2 [P2] iter 170: split done, delta_size=206
R3 [P2] iter 170: split done, delta_size=202
R0 [P2] iter 170: dedup done, delta_size=201
R1 [P2] iter 170: dedup done, delta_size=196
R2 [P2] iter 170: dedup done, delta_size=206
R3 [P2] iter 170: dedup done, delta_size=202
R0 [P2] iter 170: subtract done, delta_size=201
R2 [P2] iter 170: subtract done, delta_size=206
R3 [P2] iter 170: subtract done, delta_size=202
R1 [P2] iter 170: subtract done, delta_size=196
R0 [P2] iter 170: merge done, full_size=19453839
R2 [P2] iter 170: merge done, full_size=19429156
R3 [P2] iter 170: merge done, full_size=19441541
R0 [P2] iter 171 done: global_full_size=77755295
R1 [P2] iter 170: merge done, full_size=19430759
R1 [P2] iter 171 done: global_full_size=77755295
R2 [P2] iter 171 done: global_full_size=77755295
R3 [P2] iter 171 done: global_full_size=77755295
R0 [P2] iter 171: PRE-JOIN GPU mem: 84.3GB free / 85.1GB total | delta_size=201 full_size=19453839
R1 [P2] iter 171: PRE-JOIN GPU mem: 84.3GB free / 85.1GB total | delta_size=196 full_size=19430759
R2 [P2] iter 171: PRE-JOIN GPU mem: 84.3GB free / 85.1GB total | delta_size=206 full_size=19429156
R3 [P2] iter 171: PRE-JOIN GPU mem: 84.3GB free / 85.1GB total | delta_size=202 full_size=19441541
R0 [P2] iter 171: join done, raw=195 result_size=195
R1 [P2] iter 171: join done, raw=189 result_size=189
R2 [P2] iter 171: join done, raw=204 result_size=204
R3 [P2] iter 171: join done, raw=197 result_size=197
R0 [P2] iter 171: split done, delta_size=194
R1 [P2] iter 171: split done, delta_size=189
R2 [P2] iter 171: split done, delta_size=203
R3 [P2] iter 171: split done, delta_size=199
R0 [P2] iter 171: dedup done, delta_size=194
R1 [P2] iter 171: dedup done, delta_size=189
R2 [P2] iter 171: dedup done, delta_size=203
R3 [P2] iter 171: dedup done, delta_size=199
R0 [P2] iter 171: subtract done, delta_size=194
R1 [P2] iter 171: subtract done, delta_size=189
R3 [P2] iter 171: subtract done, delta_size=199
R2 [P2] iter 171: subtract done, delta_size=203
R1 [P2] iter 171: merge done, full_size=19430948
R3 [P2] iter 171: merge done, full_size=19441740
R0 [P2] iter 171: merge done, full_size=19454033
R0 [P2] iter 172 done: global_full_size=77756080
R2 [P2] iter 171: merge done, full_size=19429359
R2 [P2] iter 172 done: global_full_size=77756080
R3 [P2] iter 172 done: global_full_size=77756080
R1 [P2] iter 172 done: global_full_size=77756080
R0 [P2] iter 172: PRE-JOIN GPU mem: 84.3GB free / 85.1GB total | delta_size=194 full_size=19454033
R1 [P2] iter 172: PRE-JOIN GPU mem: 84.3GB free / 85.1GB total | delta_size=189 full_size=19430948
R2 [P2] iter 172: PRE-JOIN GPU mem: 84.3GB free / 85.1GB total | delta_size=203 full_size=19429359
R3 [P2] iter 172: PRE-JOIN GPU mem: 84.3GB free / 85.1GB total | delta_size=199 full_size=19441740
R0 [P2] iter 172: join done, raw=188 result_size=188
R1 [P2] iter 172: join done, raw=182 result_size=182
R2 [P2] iter 172: join done, raw=201 result_size=201
R3 [P2] iter 172: join done, raw=194 result_size=194
R0 [P2] iter 172: split done, delta_size=189
R1 [P2] iter 172: split done, delta_size=180
R2 [P2] iter 172: split done, delta_size=202
R3 [P2] iter 172: split done, delta_size=194
R0 [P2] iter 172: dedup done, delta_size=189
R1 [P2] iter 172: dedup done, delta_size=180
R2 [P2] iter 172: dedup done, delta_size=202
R3 [P2] iter 172: dedup done, delta_size=194
R2 [P2] iter 172: subtract done, delta_size=202
R3 [P2] iter 172: subtract done, delta_size=194
R0 [P2] iter 172: subtract done, delta_size=189
R1 [P2] iter 172: subtract done, delta_size=180
R2 [P2] iter 172: merge done, full_size=19429561
R3 [P2] iter 172: merge done, full_size=19441934
R1 [P2] iter 172: merge done, full_size=19431128
R0 [P2] iter 172: merge done, full_size=19454222
R0 [P2] iter 173 done: global_full_size=77756845
R1 [P2] iter 173 done: global_full_size=77756845
R2 [P2] iter 173 done: global_full_size=77756845
R3 [P2] iter 173 done: global_full_size=77756845
R0 [P2] iter 173: PRE-JOIN GPU mem: 84.3GB free / 85.1GB total | delta_size=189 full_size=19454222
R1 [P2] iter 173: PRE-JOIN GPU mem: 84.3GB free / 85.1GB total | delta_size=180 full_size=19431128
R2 [P2] iter 173: PRE-JOIN GPU mem: 84.3GB free / 85.1GB total | delta_size=202 full_size=19429561
R3 [P2] iter 173: PRE-JOIN GPU mem: 84.3GB free / 85.1GB total | delta_size=194 full_size=19441934
R0 [P2] iter 173: join done, raw=183 result_size=183
R1 [P2] iter 173: join done, raw=173 result_size=173
R2 [P2] iter 173: join done, raw=200 result_size=200
R3 [P2] iter 173: join done, raw=189 result_size=189
R0 [P2] iter 173: split done, delta_size=184
R1 [P2] iter 173: split done, delta_size=174
R2 [P2] iter 173: split done, delta_size=198
R3 [P2] iter 173: split done, delta_size=189
R0 [P2] iter 173: dedup done, delta_size=184
R1 [P2] iter 173: dedup done, delta_size=174
R2 [P2] iter 173: dedup done, delta_size=198
R3 [P2] iter 173: dedup done, delta_size=189
R0 [P2] iter 173: subtract done, delta_size=184
R1 [P2] iter 173: subtract done, delta_size=174
R2 [P2] iter 173: subtract done, delta_size=198
R3 [P2] iter 173: subtract done, delta_size=189
R0 [P2] iter 173: merge done, full_size=19454406
R2 [P2] iter 173: merge done, full_size=19429759
R1 [P2] iter 173: merge done, full_size=19431302
R0 [P2] iter 174 done: global_full_size=77757590
R1 [P2] iter 174 done: global_full_size=77757590
R3 [P2] iter 173: merge done, full_size=19442123
R3 [P2] iter 174 done: global_full_size=77757590
R2 [P2] iter 174 done: global_full_size=77757590
R0 [P2] iter 174: PRE-JOIN GPU mem: 84.3GB free / 85.1GB total | delta_size=184 full_size=19454406
R1 [P2] iter 174: PRE-JOIN GPU mem: 84.3GB free / 85.1GB total | delta_size=174 full_size=19431302
R2 [P2] iter 174: PRE-JOIN GPU mem: 84.3GB free / 85.1GB total | delta_size=198 full_size=19429759
R3 [P2] iter 174: PRE-JOIN GPU mem: 84.3GB free / 85.1GB total | delta_size=189 full_size=19442123
R0 [P2] iter 174: join done, raw=178 result_size=178
R1 [P2] iter 174: join done, raw=167 result_size=167
R2 [P2] iter 174: join done, raw=196 result_size=196
R3 [P2] iter 174: join done, raw=184 result_size=184
R0 [P2] iter 174: split done, delta_size=176
R1 [P2] iter 174: split done, delta_size=170
R2 [P2] iter 174: split done, delta_size=194
R3 [P2] iter 174: split done, delta_size=185
R0 [P2] iter 174: dedup done, delta_size=176
R1 [P2] iter 174: dedup done, delta_size=170
R2 [P2] iter 174: dedup done, delta_size=194
R3 [P2] iter 174: dedup done, delta_size=185
R0 [P2] iter 174: subtract done, delta_size=176
R1 [P2] iter 174: subtract done, delta_size=170
R3 [P2] iter 174: subtract done, delta_size=185
R2 [P2] iter 174: subtract done, delta_size=194
R1 [P2] iter 174: merge done, full_size=19431472
R3 [P2] iter 174: merge done, full_size=19442308
R0 [P2] iter 174: merge done, full_size=19454582
R2 [P2] iter 174: merge done, full_size=19429953
R2 [P2] iter 175 done: global_full_size=77758315
R0 [P2] iter 175 done: global_full_size=77758315
R1 [P2] iter 175 done: global_full_size=77758315
R3 [P2] iter 175 done: global_full_size=77758315
R0 [P2] iter 175: PRE-JOIN GPU mem: 84.3GB free / 85.1GB total | delta_size=176 full_size=19454582
R2 [P2] iter 175: PRE-JOIN GPU mem: 84.3GB free / 85.1GB total | delta_size=194 full_size=19429953
R3 [P2] iter 175: PRE-JOIN GPU mem: 84.3GB free / 85.1GB total | delta_size=185 full_size=19442308
R1 [P2] iter 175: PRE-JOIN GPU mem: 84.3GB free / 85.1GB total | delta_size=170 full_size=19431472
R0 [P2] iter 175: join done, raw=170 result_size=170
R2 [P2] iter 175: join done, raw=192 result_size=192
R3 [P2] iter 175: join done, raw=180 result_size=180
R1 [P2] iter 175: join done, raw=163 result_size=163
R0 [P2] iter 175: split done, delta_size=171
R1 [P2] iter 175: split done, delta_size=166
R2 [P2] iter 175: split done, delta_size=189
R3 [P2] iter 175: split done, delta_size=179
R0 [P2] iter 175: dedup done, delta_size=171
R1 [P2] iter 175: dedup done, delta_size=166
R2 [P2] iter 175: dedup done, delta_size=189
R3 [P2] iter 175: dedup done, delta_size=179
R0 [P2] iter 175: subtract done, delta_size=171
R2 [P2] iter 175: subtract done, delta_size=189
R1 [P2] iter 175: subtract done, delta_size=166
R3 [P2] iter 175: subtract done, delta_size=179
R2 [P2] iter 175: merge done, full_size=19430142
R1 [P2] iter 175: merge done, full_size=19431638
R0 [P2] iter 175: merge done, full_size=19454753
R3 [P2] iter 175: merge done, full_size=19442487
R3 [P2] iter 176 done: global_full_size=77759020
R0 [P2] iter 176 done: global_full_size=77759020
R1 [P2] iter 176 done: global_full_size=77759020
R2 [P2] iter 176 done: global_full_size=77759020
R1 [P2] iter 176: PRE-JOIN GPU mem: 84.3GB free / 85.1GB total | delta_size=166 full_size=19431638
R0 [P2] iter 176: PRE-JOIN GPU mem: 84.3GB free / 85.1GB total | delta_size=171 full_size=19454753
R2 [P2] iter 176: PRE-JOIN GPU mem: 84.3GB free / 85.1GB total | delta_size=189 full_size=19430142
R3 [P2] iter 176: PRE-JOIN GPU mem: 84.3GB free / 85.1GB total | delta_size=179 full_size=19442487
R1 [P2] iter 176: join done, raw=159 result_size=159
R0 [P2] iter 176: join done, raw=165 result_size=165
R2 [P2] iter 176: join done, raw=187 result_size=187
R3 [P2] iter 176: join done, raw=174 result_size=174
R0 [P2] iter 176: split done, delta_size=166
R1 [P2] iter 176: split done, delta_size=160
R2 [P2] iter 176: split done, delta_size=184
R3 [P2] iter 176: split done, delta_size=175
R0 [P2] iter 176: dedup done, delta_size=166
R1 [P2] iter 176: dedup done, delta_size=160
R2 [P2] iter 176: dedup done, delta_size=184
R3 [P2] iter 176: dedup done, delta_size=175
R0 [P2] iter 176: subtract done, delta_size=166
R1 [P2] iter 176: subtract done, delta_size=160
R2 [P2] iter 176: subtract done, delta_size=184
R3 [P2] iter 176: subtract done, delta_size=175
R3 [P2] iter 176: merge done, full_size=19442662
R2 [P2] iter 176: merge done, full_size=19430326
R1 [P2] iter 176: merge done, full_size=19431798
R0 [P2] iter 176: merge done, full_size=19454919
R0 [P2] iter 177 done: global_full_size=77759705
R1 [P2] iter 177 done: global_full_size=77759705
R2 [P2] iter 177 done: global_full_size=77759705
R3 [P2] iter 177 done: global_full_size=77759705
R0 [P2] iter 177: PRE-JOIN GPU mem: 84.3GB free / 85.1GB total | delta_size=166 full_size=19454919
R1 [P2] iter 177: PRE-JOIN GPU mem: 84.3GB free / 85.1GB total | delta_size=160 full_size=19431798
R2 [P2] iter 177: PRE-JOIN GPU mem: 84.3GB free / 85.1GB total | delta_size=184 full_size=19430326
R3 [P2] iter 177: PRE-JOIN GPU mem: 84.3GB free / 85.1GB total | delta_size=175 full_size=19442662
R0 [P2] iter 177: join done, raw=160 result_size=160
R1 [P2] iter 177: join done, raw=153 result_size=153
R2 [P2] iter 177: join done, raw=182 result_size=182
R3 [P2] iter 177: join done, raw=170 result_size=170
R1 [P2] iter 177: split done, delta_size=155
R2 [P2] iter 177: split done, delta_size=179
R0 [P2] iter 177: split done, delta_size=162
R3 [P2] iter 177: split done, delta_size=169
R1 [P2] iter 177: dedup done, delta_size=155
R2 [P2] iter 177: dedup done, delta_size=179
R0 [P2] iter 177: dedup done, delta_size=162
R3 [P2] iter 177: dedup done, delta_size=169
R1 [P2] iter 177: subtract done, delta_size=155
R2 [P2] iter 177: subtract done, delta_size=179
R0 [P2] iter 177: subtract done, delta_size=162
R3 [P2] iter 177: subtract done, delta_size=169
R0 [P2] iter 177: merge done, full_size=19455081
R1 [P2] iter 177: merge done, full_size=19431953
R2 [P2] iter 177: merge done, full_size=19430505
R0 [P2] iter 178 done: global_full_size=77760370
R1 [P2] iter 178 done: global_full_size=77760370
R2 [P2] iter 178 done: global_full_size=77760370
R3 [P2] iter 177: merge done, full_size=19442831
R3 [P2] iter 178 done: global_full_size=77760370
R0 [P2] iter 178: PRE-JOIN GPU mem: 84.3GB free / 85.1GB total | delta_size=162 full_size=19455081
R1 [P2] iter 178: PRE-JOIN GPU mem: 84.3GB free / 85.1GB total | delta_size=155 full_size=19431953
R2 [P2] iter 178: PRE-JOIN GPU mem: 84.3GB free / 85.1GB total | delta_size=179 full_size=19430505
R3 [P2] iter 178: PRE-JOIN GPU mem: 84.3GB free / 85.1GB total | delta_size=169 full_size=19442831
R0 [P2] iter 178: join done, raw=156 result_size=156
R1 [P2] iter 178: join done, raw=148 result_size=148
R2 [P2] iter 178: join done, raw=176 result_size=176
R3 [P2] iter 178: join done, raw=164 result_size=164
R0 [P2] iter 178: split done, delta_size=157
R1 [P2] iter 178: split done, delta_size=148
R2 [P2] iter 178: split done, delta_size=175
R3 [P2] iter 178: split done, delta_size=164
R0 [P2] iter 178: dedup done, delta_size=157
R3 [P2] iter 178: dedup done, delta_size=164
R1 [P2] iter 178: dedup done, delta_size=148
R2 [P2] iter 178: dedup done, delta_size=175
R0 [P2] iter 178: subtract done, delta_size=157
R2 [P2] iter 178: subtract done, delta_size=175
R3 [P2] iter 178: subtract done, delta_size=164
R1 [P2] iter 178: subtract done, delta_size=148
R3 [P2] iter 178: merge done, full_size=19442995
R1 [P2] iter 178: merge done, full_size=19432101
R0 [P2] iter 178: merge done, full_size=19455238
R0 [P2] iter 179 done: global_full_size=77761014
R2 [P2] iter 178: merge done, full_size=19430680
R2 [P2] iter 179 done: global_full_size=77761014
R1 [P2] iter 179 done: global_full_size=77761014
R3 [P2] iter 179 done: global_full_size=77761014
R0 [P2] iter 179: PRE-JOIN GPU mem: 84.3GB free / 85.1GB total | delta_size=157 full_size=19455238
R1 [P2] iter 179: PRE-JOIN GPU mem: 84.3GB free / 85.1GB total | delta_size=148 full_size=19432101
R2 [P2] iter 179: PRE-JOIN GPU mem: 84.3GB free / 85.1GB total | delta_size=175 full_size=19430680
R3 [P2] iter 179: PRE-JOIN GPU mem: 84.3GB free / 85.1GB total | delta_size=164 full_size=19442995
R0 [P2] iter 179: join done, raw=151 result_size=151
R1 [P2] iter 179: join done, raw=140 result_size=140
R2 [P2] iter 179: join done, raw=173 result_size=173
R3 [P2] iter 179: join done, raw=159 result_size=159
R0 [P2] iter 179: split done, delta_size=151
R1 [P2] iter 179: split done, delta_size=143
R2 [P2] iter 179: split done, delta_size=169
R3 [P2] iter 179: split done, delta_size=160
R0 [P2] iter 179: dedup done, delta_size=151
R1 [P2] iter 179: dedup done, delta_size=143
R3 [P2] iter 179: dedup done, delta_size=160
R2 [P2] iter 179: dedup done, delta_size=169
R0 [P2] iter 179: subtract done, delta_size=151
R1 [P2] iter 179: subtract done, delta_size=143
R2 [P2] iter 179: subtract done, delta_size=169
R3 [P2] iter 179: subtract done, delta_size=160
R3 [P2] iter 179: merge done, full_size=19443155
R2 [P2] iter 179: merge done, full_size=19430849
R1 [P2] iter 179: merge done, full_size=19432244
R0 [P2] iter 179: merge done, full_size=19455389
R0 [P2] iter 180 done: global_full_size=77761637
R1 [P2] iter 180 done: global_full_size=77761637
R2 [P2] iter 180 done: global_full_size=77761637
R3 [P2] iter 180 done: global_full_size=77761637
R0 [P2] iter 180: PRE-JOIN GPU mem: 84.3GB free / 85.1GB total | delta_size=151 full_size=19455389
R1 [P2] iter 180: PRE-JOIN GPU mem: 84.3GB free / 85.1GB total | delta_size=143 full_size=19432244
R3 [P2] iter 180: PRE-JOIN GPU mem: 84.3GB free / 85.1GB total | delta_size=160 full_size=19443155
R2 [P2] iter 180: PRE-JOIN GPU mem: 84.3GB free / 85.1GB total | delta_size=169 full_size=19430849
R0 [P2] iter 180: join done, raw=145 result_size=145
R1 [P2] iter 180: join done, raw=135 result_size=135
R3 [P2] iter 180: join done, raw=155 result_size=155
R2 [P2] iter 180: join done, raw=168 result_size=168
R0 [P2] iter 180: split done, delta_size=148
R1 [P2] iter 180: split done, delta_size=135
R2 [P2] iter 180: split done, delta_size=165
R3 [P2] iter 180: split done, delta_size=155
R0 [P2] iter 180: dedup done, delta_size=148
R1 [P2] iter 180: dedup done, delta_size=135
R2 [P2] iter 180: dedup done, delta_size=165
R3 [P2] iter 180: dedup done, delta_size=155
R0 [P2] iter 180: subtract done, delta_size=148
R1 [P2] iter 180: subtract done, delta_size=135
R2 [P2] iter 180: subtract done, delta_size=165
R3 [P2] iter 180: subtract done, delta_size=155
R1 [P2] iter 180: merge done, full_size=19432379
R0 [P2] iter 180: merge done, full_size=19455537
R3 [P2] iter 180: merge done, full_size=19443310
R0 [P2] iter 181 done: global_full_size=77762240
R1 [P2] iter 181 done: global_full_size=77762240
R2 [P2] iter 180: merge done, full_size=19431014
R2 [P2] iter 181 done: global_full_size=77762240
R3 [P2] iter 181 done: global_full_size=77762240
R0 [P2] iter 181: PRE-JOIN GPU mem: 84.3GB free / 85.1GB total | delta_size=148 full_size=19455537
R2 [P2] iter 181: PRE-JOIN GPU mem: 84.3GB free / 85.1GB total | delta_size=165 full_size=19431014
R3 [P2] iter 181: PRE-JOIN GPU mem: 84.3GB free / 85.1GB total | delta_size=155 full_size=19443310
R1 [P2] iter 181: PRE-JOIN GPU mem: 84.3GB free / 85.1GB total | delta_size=135 full_size=19432379
R0 [P2] iter 181: join done, raw=142 result_size=142
R1 [P2] iter 181: join done, raw=127 result_size=127
R2 [P2] iter 181: join done, raw=164 result_size=164
R3 [P2] iter 181: join done, raw=150 result_size=150
R0 [P2] iter 181: split done, delta_size=145
R1 [P2] iter 181: split done, delta_size=130
R2 [P2] iter 181: split done, delta_size=156
R3 [P2] iter 181: split done, delta_size=152
R0 [P2] iter 181: dedup done, delta_size=145
R1 [P2] iter 181: dedup done, delta_size=130
R2 [P2] iter 181: dedup done, delta_size=156
R3 [P2] iter 181: dedup done, delta_size=152
R0 [P2] iter 181: subtract done, delta_size=145
R2 [P2] iter 181: subtract done, delta_size=156
R1 [P2] iter 181: subtract done, delta_size=130
R3 [P2] iter 181: subtract done, delta_size=152
R3 [P2] iter 181: merge done, full_size=19443462
R0 [P2] iter 181: merge done, full_size=19455682
R2 [P2] iter 181: merge done, full_size=19431170
R1 [P2] iter 181: merge done, full_size=19432509
R0 [P2] iter 182 done: global_full_size=77762823
R1 [P2] iter 182 done: global_full_size=77762823
R2 [P2] iter 182 done: global_full_size=77762823
R3 [P2] iter 182 done: global_full_size=77762823
R0 [P2] iter 182: PRE-JOIN GPU mem: 84.3GB free / 85.1GB total | delta_size=145 full_size=19455682
R2 [P2] iter 182: PRE-JOIN GPU mem: 84.3GB free / 85.1GB total | delta_size=156 full_size=19431170
R3 [P2] iter 182: PRE-JOIN GPU mem: 84.3GB free / 85.1GB total | delta_size=152 full_size=19443462
R1 [P2] iter 182: PRE-JOIN GPU mem: 84.3GB free / 85.1GB total | delta_size=130 full_size=19432509
R0 [P2] iter 182: join done, raw=139 result_size=139
R3 [P2] iter 182: join done, raw=147 result_size=147
R2 [P2] iter 182: join done, raw=155 result_size=155
R1 [P2] iter 182: join done, raw=122 result_size=122
R0 [P2] iter 182: split done, delta_size=142
R2 [P2] iter 182: split done, delta_size=151
R3 [P2] iter 182: split done, delta_size=147
R1 [P2] iter 182: split done, delta_size=123
R0 [P2] iter 182: dedup done, delta_size=142
R2 [P2] iter 182: dedup done, delta_size=151
R3 [P2] iter 182: dedup done, delta_size=147
R1 [P2] iter 182: dedup done, delta_size=123
R0 [P2] iter 182: subtract done, delta_size=142
R2 [P2] iter 182: subtract done, delta_size=151
R3 [P2] iter 182: subtract done, delta_size=147
R1 [P2] iter 182: subtract done, delta_size=123
R2 [P2] iter 182: merge done, full_size=19431321
R3 [P2] iter 182: merge done, full_size=19443609
R0 [P2] iter 182: merge done, full_size=19455824
R1 [P2] iter 182: merge done, full_size=19432632
R1 [P2] iter 183 done: global_full_size=77763386
R0 [P2] iter 183 done: global_full_size=77763386
R2 [P2] iter 183 done: global_full_size=77763386
R3 [P2] iter 183 done: global_full_size=77763386
R0 [P2] iter 183: PRE-JOIN GPU mem: 84.3GB free / 85.1GB total | delta_size=142 full_size=19455824
R1 [P2] iter 183: PRE-JOIN GPU mem: 84.3GB free / 85.1GB total | delta_size=123 full_size=19432632
R2 [P2] iter 183: PRE-JOIN GPU mem: 84.3GB free / 85.1GB total | delta_size=151 full_size=19431321
R3 [P2] iter 183: PRE-JOIN GPU mem: 84.3GB free / 85.1GB total | delta_size=147 full_size=19443609
R0 [P2] iter 183: join done, raw=136 result_size=136
R1 [P2] iter 183: join done, raw=115 result_size=115
R2 [P2] iter 183: join done, raw=150 result_size=150
R3 [P2] iter 183: join done, raw=142 result_size=142
R0 [P2] iter 183: split done, delta_size=138
R1 [P2] iter 183: split done, delta_size=117
R2 [P2] iter 183: split done, delta_size=147
R3 [P2] iter 183: split done, delta_size=141
R0 [P2] iter 183: dedup done, delta_size=138
R1 [P2] iter 183: dedup done, delta_size=117
R2 [P2] iter 183: dedup done, delta_size=147
R3 [P2] iter 183: dedup done, delta_size=141
R0 [P2] iter 183: subtract done, delta_size=138
R1 [P2] iter 183: subtract done, delta_size=117
R2 [P2] iter 183: subtract done, delta_size=147
R3 [P2] iter 183: subtract done, delta_size=141
R0 [P2] iter 183: merge done, full_size=19455962
R1 [P2] iter 183: merge done, full_size=19432749
R3 [P2] iter 183: merge done, full_size=19443750
R0 [P2] iter 184 done: global_full_size=77763929
R1 [P2] iter 184 done: global_full_size=77763929
R2 [P2] iter 183: merge done, full_size=19431468
R2 [P2] iter 184 done: global_full_size=77763929
R3 [P2] iter 184 done: global_full_size=77763929
R0 [P2] iter 184: PRE-JOIN GPU mem: 84.3GB free / 85.1GB total | delta_size=138 full_size=19455962
R1 [P2] iter 184: PRE-JOIN GPU mem: 84.3GB free / 85.1GB total | delta_size=117 full_size=19432749
R2 [P2] iter 184: PRE-JOIN GPU mem: 84.3GB free / 85.1GB total | delta_size=147 full_size=19431468
R3 [P2] iter 184: PRE-JOIN GPU mem: 84.3GB free / 85.1GB total | delta_size=141 full_size=19443750
R0 [P2] iter 184: join done, raw=132 result_size=132
R1 [P2] iter 184: join done, raw=109 result_size=109
R2 [P2] iter 184: join done, raw=146 result_size=146
R3 [P2] iter 184: join done, raw=136 result_size=136
R0 [P2] iter 184: split done, delta_size=136
R1 [P2] iter 184: split done, delta_size=115
R2 [P2] iter 184: split done, delta_size=139
R3 [P2] iter 184: split done, delta_size=133
R0 [P2] iter 184: dedup done, delta_size=136
R1 [P2] iter 184: dedup done, delta_size=115
R2 [P2] iter 184: dedup done, delta_size=139
R3 [P2] iter 184: dedup done, delta_size=133
R0 [P2] iter 184: subtract done, delta_size=136
R1 [P2] iter 184: subtract done, delta_size=115
R2 [P2] iter 184: subtract done, delta_size=139
R3 [P2] iter 184: subtract done, delta_size=133
R1 [P2] iter 184: merge done, full_size=19432864
R3 [P2] iter 184: merge done, full_size=19443883
R2 [P2] iter 184: merge done, full_size=19431607
R0 [P2] iter 184: merge done, full_size=19456098
R0 [P2] iter 185 done: global_full_size=77764452
R1 [P2] iter 185 done: global_full_size=77764452
R2 [P2] iter 185 done: global_full_size=77764452
R3 [P2] iter 185 done: global_full_size=77764452
R0 [P2] iter 185: PRE-JOIN GPU mem: 84.3GB free / 85.1GB total | delta_size=136 full_size=19456098
R1 [P2] iter 185: PRE-JOIN GPU mem: 84.3GB free / 85.1GB total | delta_size=115 full_size=19432864
R2 [P2] iter 185: PRE-JOIN GPU mem: 84.3GB free / 85.1GB total | delta_size=139 full_size=19431607
R3 [P2] iter 185: PRE-JOIN GPU mem: 84.3GB free / 85.1GB total | delta_size=133 full_size=19443883
R0 [P2] iter 185: join done, raw=130 result_size=130
R1 [P2] iter 185: join done, raw=107 result_size=107
R2 [P2] iter 185: join done, raw=138 result_size=138
R3 [P2] iter 185: join done, raw=128 result_size=128
R0 [P2] iter 185: split done, delta_size=132
R1 [P2] iter 185: split done, delta_size=111
R2 [P2] iter 185: split done, delta_size=129
R3 [P2] iter 185: split done, delta_size=131
R0 [P2] iter 185: dedup done, delta_size=132
R1 [P2] iter 185: dedup done, delta_size=111
R3 [P2] iter 185: dedup done, delta_size=131
R2 [P2] iter 185: dedup done, delta_size=129
R1 [P2] iter 185: subtract done, delta_size=111
R0 [P2] iter 185: subtract done, delta_size=132
R2 [P2] iter 185: subtract done, delta_size=129
R3 [P2] iter 185: subtract done, delta_size=131
R1 [P2] iter 185: merge done, full_size=19432975
R0 [P2] iter 185: merge done, full_size=19456230
R3 [P2] iter 185: merge done, full_size=19444014
R0 [P2] iter 186 done: global_full_size=77764955
R1 [P2] iter 186 done: global_full_size=77764955
R2 [P2] iter 185: merge done, full_size=19431736
R2 [P2] iter 186 done: global_full_size=77764955
R3 [P2] iter 186 done: global_full_size=77764955
R0 [P2] iter 186: PRE-JOIN GPU mem: 84.3GB free / 85.1GB total | delta_size=132 full_size=19456230
R1 [P2] iter 186: PRE-JOIN GPU mem: 84.3GB free / 85.1GB total | delta_size=111 full_size=19432975
R2 [P2] iter 186: PRE-JOIN GPU mem: 84.3GB free / 85.1GB total | delta_size=129 full_size=19431736
R3 [P2] iter 186: PRE-JOIN GPU mem: 84.3GB free / 85.1GB total | delta_size=131 full_size=19444014
R0 [P2] iter 186: join done, raw=126 result_size=126
R1 [P2] iter 186: join done, raw=103 result_size=103
R2 [P2] iter 186: join done, raw=127 result_size=127
R3 [P2] iter 186: join done, raw=126 result_size=126
R0 [P2] iter 186: split done, delta_size=128
R1 [P2] iter 186: split done, delta_size=105
R2 [P2] iter 186: split done, delta_size=121
R3 [P2] iter 186: split done, delta_size=128
R1 [P2] iter 186: dedup done, delta_size=105
R2 [P2] iter 186: dedup done, delta_size=121
R3 [P2] iter 186: dedup done, delta_size=128
R0 [P2] iter 186: dedup done, delta_size=128
R1 [P2] iter 186: subtract done, delta_size=105
R3 [P2] iter 186: subtract done, delta_size=128
R0 [P2] iter 186: subtract done, delta_size=128
R2 [P2] iter 186: subtract done, delta_size=121
R3 [P2] iter 186: merge done, full_size=19444142
R1 [P2] iter 186: merge done, full_size=19433080
R0 [P2] iter 186: merge done, full_size=19456358
R0 [P2] iter 187 done: global_full_size=77765437
R1 [P2] iter 187 done: global_full_size=77765437
R2 [P2] iter 186: merge done, full_size=19431857
R2 [P2] iter 187 done: global_full_size=77765437
R3 [P2] iter 187 done: global_full_size=77765437
R0 [P2] iter 187: PRE-JOIN GPU mem: 84.3GB free / 85.1GB total | delta_size=128 full_size=19456358
R2 [P2] iter 187: PRE-JOIN GPU mem: 84.3GB free / 85.1GB total | delta_size=121 full_size=19431857
R3 [P2] iter 187: PRE-JOIN GPU mem: 84.3GB free / 85.1GB total | delta_size=128 full_size=19444142
R1 [P2] iter 187: PRE-JOIN GPU mem: 84.3GB free / 85.1GB total | delta_size=105 full_size=19433080
R0 [P2] iter 187: join done, raw=122 result_size=122
R3 [P2] iter 187: join done, raw=124 result_size=124
R1 [P2] iter 187: join done, raw=98 result_size=98
R2 [P2] iter 187: join done, raw=120 result_size=120
R0 [P2] iter 187: split done, delta_size=124
R1 [P2] iter 187: split done, delta_size=96
R3 [P2] iter 187: split done, delta_size=124
R2 [P2] iter 187: split done, delta_size=120
R0 [P2] iter 187: dedup done, delta_size=124
R1 [P2] iter 187: dedup done, delta_size=96
R3 [P2] iter 187: dedup done, delta_size=124
R2 [P2] iter 187: dedup done, delta_size=120
R0 [P2] iter 187: subtract done, delta_size=124
R1 [P2] iter 187: subtract done, delta_size=96
R3 [P2] iter 187: subtract done, delta_size=124
R2 [P2] iter 187: subtract done, delta_size=120
R3 [P2] iter 187: merge done, full_size=19444266
R1 [P2] iter 187: merge done, full_size=19433176
R2 [P2] iter 187: merge done, full_size=19431977
R0 [P2] iter 187: merge done, full_size=19456482
R0 [P2] iter 188 done: global_full_size=77765901
R1 [P2] iter 188 done: global_full_size=77765901
R2 [P2] iter 188 done: global_full_size=77765901
R3 [P2] iter 188 done: global_full_size=77765901
R0 [P2] iter 188: PRE-JOIN GPU mem: 84.3GB free / 85.1GB total | delta_size=124 full_size=19456482
R1 [P2] iter 188: PRE-JOIN GPU mem: 84.3GB free / 85.1GB total | delta_size=96 full_size=19433176
R2 [P2] iter 188: PRE-JOIN GPU mem: 84.3GB free / 85.1GB total | delta_size=120 full_size=19431977
R3 [P2] iter 188: PRE-JOIN GPU mem: 84.3GB free / 85.1GB total | delta_size=124 full_size=19444266
R0 [P2] iter 188: join done, raw=117 result_size=117
R1 [P2] iter 188: join done, raw=91 result_size=91
R2 [P2] iter 188: join done, raw=119 result_size=119
R3 [P2] iter 188: join done, raw=120 result_size=120
R0 [P2] iter 188: split done, delta_size=119
R1 [P2] iter 188: split done, delta_size=92
R2 [P2] iter 188: split done, delta_size=116
R3 [P2] iter 188: split done, delta_size=120
R0 [P2] iter 188: dedup done, delta_size=119
R1 [P2] iter 188: dedup done, delta_size=92
R2 [P2] iter 188: dedup done, delta_size=116
R3 [P2] iter 188: dedup done, delta_size=120
R0 [P2] iter 188: subtract done, delta_size=119
R1 [P2] iter 188: subtract done, delta_size=92
R2 [P2] iter 188: subtract done, delta_size=116
R3 [P2] iter 188: subtract done, delta_size=120
R3 [P2] iter 188: merge done, full_size=19444386
R2 [P2] iter 188: merge done, full_size=19432093
R1 [P2] iter 188: merge done, full_size=19433268
R0 [P2] iter 188: merge done, full_size=19456601
R0 [P2] iter 189 done: global_full_size=77766348
R1 [P2] iter 189 done: global_full_size=77766348
R2 [P2] iter 189 done: global_full_size=77766348
R3 [P2] iter 189 done: global_full_size=77766348
R0 [P2] iter 189: PRE-JOIN GPU mem: 84.3GB free / 85.1GB total | delta_size=119 full_size=19456601
R1 [P2] iter 189: PRE-JOIN GPU mem: 84.3GB free / 85.1GB total | delta_size=92 full_size=19433268
R2 [P2] iter 189: PRE-JOIN GPU mem: 84.3GB free / 85.1GB total | delta_size=116 full_size=19432093
R3 [P2] iter 189: PRE-JOIN GPU mem: 84.3GB free / 85.1GB total | delta_size=120 full_size=19444386
R0 [P2] iter 189: join done, raw=111 result_size=111
R1 [P2] iter 189: join done, raw=88 result_size=88
R2 [P2] iter 189: join done, raw=112 result_size=112
R3 [P2] iter 189: join done, raw=117 result_size=117
R0 [P2] iter 189: split done, delta_size=114
R1 [P2] iter 189: split done, delta_size=91
R2 [P2] iter 189: split done, delta_size=111
R3 [P2] iter 189: split done, delta_size=112
R0 [P2] iter 189: dedup done, delta_size=114
R1 [P2] iter 189: dedup done, delta_size=91
R2 [P2] iter 189: dedup done, delta_size=111
R3 [P2] iter 189: dedup done, delta_size=112
R1 [P2] iter 189: subtract done, delta_size=91
R2 [P2] iter 189: subtract done, delta_size=111
R3 [P2] iter 189: subtract done, delta_size=112
R0 [P2] iter 189: subtract done, delta_size=114
R3 [P2] iter 189: merge done, full_size=19444498
R1 [P2] iter 189: merge done, full_size=19433359
R2 [P2] iter 189: merge done, full_size=19432204
R0 [P2] iter 189: merge done, full_size=19456715
R0 [P2] iter 190 done: global_full_size=77766776
R1 [P2] iter 190 done: global_full_size=77766776
R2 [P2] iter 190 done: global_full_size=77766776
R3 [P2] iter 190 done: global_full_size=77766776
R0 [P2] iter 190: PRE-JOIN GPU mem: 84.3GB free / 85.1GB total | delta_size=114 full_size=19456715
R2 [P2] iter 190: PRE-JOIN GPU mem: 84.3GB free / 85.1GB total | delta_size=111 full_size=19432204
R3 [P2] iter 190: PRE-JOIN GPU mem: 84.3GB free / 85.1GB total | delta_size=112 full_size=19444498
R1 [P2] iter 190: PRE-JOIN GPU mem: 84.3GB free / 85.1GB total | delta_size=91 full_size=19433359
R0 [P2] iter 190: join done, raw=108 result_size=108
R2 [P2] iter 190: join done, raw=107 result_size=107
R1 [P2] iter 190: join done, raw=87 result_size=87
R3 [P2] iter 190: join done, raw=110 result_size=110
R0 [P2] iter 190: split done, delta_size=111
R1 [P2] iter 190: split done, delta_size=88
R2 [P2] iter 190: split done, delta_size=107
R3 [P2] iter 190: split done, delta_size=106
R0 [P2] iter 190: dedup done, delta_size=111
R1 [P2] iter 190: dedup done, delta_size=88
R2 [P2] iter 190: dedup done, delta_size=107
R3 [P2] iter 190: dedup done, delta_size=106
R0 [P2] iter 190: subtract done, delta_size=111
R1 [P2] iter 190: subtract done, delta_size=88
R2 [P2] iter 190: subtract done, delta_size=107
R3 [P2] iter 190: subtract done, delta_size=106
R3 [P2] iter 190: merge done, full_size=19444604
R2 [P2] iter 190: merge done, full_size=19432311
R1 [P2] iter 190: merge done, full_size=19433447
R0 [P2] iter 190: merge done, full_size=19456826
R0 [P2] iter 191 done: global_full_size=77767188
R1 [P2] iter 191 done: global_full_size=77767188
R2 [P2] iter 191 done: global_full_size=77767188
R3 [P2] iter 191 done: global_full_size=77767188
R0 [P2] iter 191: PRE-JOIN GPU mem: 84.3GB free / 85.1GB total | delta_size=111 full_size=19456826
R2 [P2] iter 191: PRE-JOIN GPU mem: 84.3GB free / 85.1GB total | delta_size=107 full_size=19432311
R3 [P2] iter 191: PRE-JOIN GPU mem: 84.3GB free / 85.1GB total | delta_size=106 full_size=19444604
R1 [P2] iter 191: PRE-JOIN GPU mem: 84.3GB free / 85.1GB total | delta_size=88 full_size=19433447
R3 [P2] iter 191: join done, raw=104 result_size=104
R1 [P2] iter 191: join done, raw=84 result_size=84
R2 [P2] iter 191: join done, raw=103 result_size=103
R0 [P2] iter 191: join done, raw=105 result_size=105
R0 [P2] iter 191: split done, delta_size=108
R1 [P2] iter 191: split done, delta_size=80
R2 [P2] iter 191: split done, delta_size=105
R3 [P2] iter 191: split done, delta_size=103
R1 [P2] iter 191: dedup done, delta_size=80
R3 [P2] iter 191: dedup done, delta_size=103
R0 [P2] iter 191: dedup done, delta_size=108
R2 [P2] iter 191: dedup done, delta_size=105
R1 [P2] iter 191: subtract done, delta_size=80
R3 [P2] iter 191: subtract done, delta_size=103
R0 [P2] iter 191: subtract done, delta_size=108
R2 [P2] iter 191: subtract done, delta_size=105
R1 [P2] iter 191: merge done, full_size=19433527
R3 [P2] iter 191: merge done, full_size=19444707
R2 [P2] iter 191: merge done, full_size=19432416
R0 [P2] iter 191: merge done, full_size=19456934
R0 [P2] iter 192 done: global_full_size=77767584
R1 [P2] iter 192 done: global_full_size=77767584
R2 [P2] iter 192 done: global_full_size=77767584
R3 [P2] iter 192 done: global_full_size=77767584
R0 [P2] iter 192: PRE-JOIN GPU mem: 84.3GB free / 85.1GB total | delta_size=108 full_size=19456934
R2 [P2] iter 192: PRE-JOIN GPU mem: 84.3GB free / 85.1GB total | delta_size=105 full_size=19432416
R3 [P2] iter 192: PRE-JOIN GPU mem: 84.3GB free / 85.1GB total | delta_size=103 full_size=19444707
R1 [P2] iter 192: PRE-JOIN GPU mem: 84.3GB free / 85.1GB total | delta_size=80 full_size=19433527
R0 [P2] iter 192: join done, raw=102 result_size=102
R2 [P2] iter 192: join done, raw=101 result_size=101
R3 [P2] iter 192: join done, raw=101 result_size=101
R1 [P2] iter 192: join done, raw=76 result_size=76
R0 [P2] iter 192: split done, delta_size=101
R1 [P2] iter 192: split done, delta_size=78
R2 [P2] iter 192: split done, delta_size=100
R3 [P2] iter 192: split done, delta_size=101
R0 [P2] iter 192: dedup done, delta_size=101
R1 [P2] iter 192: dedup done, delta_size=78
R2 [P2] iter 192: dedup done, delta_size=100
R3 [P2] iter 192: dedup done, delta_size=101
R1 [P2] iter 192: subtract done, delta_size=78
R3 [P2] iter 192: subtract done, delta_size=101
R0 [P2] iter 192: subtract done, delta_size=101
R2 [P2] iter 192: subtract done, delta_size=100
R3 [P2] iter 192: merge done, full_size=19444808
R1 [P2] iter 192: merge done, full_size=19433605
R0 [P2] iter 192: merge done, full_size=19457035
R0 [P2] iter 193 done: global_full_size=77767964
R1 [P2] iter 193 done: global_full_size=77767964
R2 [P2] iter 192: merge done, full_size=19432516
R2 [P2] iter 193 done: global_full_size=77767964
R3 [P2] iter 193 done: global_full_size=77767964
R0 [P2] iter 193: PRE-JOIN GPU mem: 84.3GB free / 85.1GB total | delta_size=101 full_size=19457035
R1 [P2] iter 193: PRE-JOIN GPU mem: 84.3GB free / 85.1GB total | delta_size=78 full_size=19433605
R3 [P2] iter 193: PRE-JOIN GPU mem: 84.3GB free / 85.1GB total | delta_size=101 full_size=19444808
R2 [P2] iter 193: PRE-JOIN GPU mem: 84.3GB free / 85.1GB total | delta_size=100 full_size=19432516
R0 [P2] iter 193: join done, raw=95 result_size=95
R1 [P2] iter 193: join done, raw=74 result_size=74
R3 [P2] iter 193: join done, raw=99 result_size=99
R2 [P2] iter 193: join done, raw=96 result_size=96
R0 [P2] iter 193: split done, delta_size=100
R1 [P2] iter 193: split done, delta_size=75
R3 [P2] iter 193: split done, delta_size=96
R2 [P2] iter 193: split done, delta_size=93
R0 [P2] iter 193: dedup done, delta_size=100
R1 [P2] iter 193: dedup done, delta_size=75
R3 [P2] iter 193: dedup done, delta_size=96
R2 [P2] iter 193: dedup done, delta_size=93
R0 [P2] iter 193: subtract done, delta_size=100
R1 [P2] iter 193: subtract done, delta_size=75
R3 [P2] iter 193: subtract done, delta_size=96
R2 [P2] iter 193: subtract done, delta_size=93
R3 [P2] iter 193: merge done, full_size=19444904
R1 [P2] iter 193: merge done, full_size=19433680
R0 [P2] iter 193: merge done, full_size=19457135
R0 [P2] iter 194 done: global_full_size=77768328
R1 [P2] iter 194 done: global_full_size=77768328
R2 [P2] iter 193: merge done, full_size=19432609
R2 [P2] iter 194 done: global_full_size=77768328
R3 [P2] iter 194 done: global_full_size=77768328
R0 [P2] iter 194: PRE-JOIN GPU mem: 84.3GB free / 85.1GB total | delta_size=100 full_size=19457135
R2 [P2] iter 194: PRE-JOIN GPU mem: 84.3GB free / 85.1GB total | delta_size=93 full_size=19432609
R3 [P2] iter 194: PRE-JOIN GPU mem: 84.3GB free / 85.1GB total | delta_size=96 full_size=19444904
R1 [P2] iter 194: PRE-JOIN GPU mem: 84.3GB free / 85.1GB total | delta_size=75 full_size=19433680
R0 [P2] iter 194: join done, raw=94 result_size=94
R2 [P2] iter 194: join done, raw=89 result_size=89
R3 [P2] iter 194: join done, raw=93 result_size=93
R1 [P2] iter 194: join done, raw=73 result_size=73
R0 [P2] iter 194: split done, delta_size=92
R1 [P2] iter 194: split done, delta_size=73
R2 [P2] iter 194: split done, delta_size=91
R3 [P2] iter 194: split done, delta_size=93
R1 [P2] iter 194: dedup done, delta_size=73
R2 [P2] iter 194: dedup done, delta_size=91
R3 [P2] iter 194: dedup done, delta_size=93
R0 [P2] iter 194: dedup done, delta_size=92
R1 [P2] iter 194: subtract done, delta_size=73
R2 [P2] iter 194: subtract done, delta_size=91
R3 [P2] iter 194: subtract done, delta_size=93
R0 [P2] iter 194: subtract done, delta_size=92
R2 [P2] iter 194: merge done, full_size=19432700
R1 [P2] iter 194: merge done, full_size=19433753
R3 [P2] iter 194: merge done, full_size=19444997
R0 [P2] iter 194: merge done, full_size=19457227
R0 [P2] iter 195 done: global_full_size=77768677
R1 [P2] iter 195 done: global_full_size=77768677
R2 [P2] iter 195 done: global_full_size=77768677
R3 [P2] iter 195 done: global_full_size=77768677
R0 [P2] iter 195: PRE-JOIN GPU mem: 84.3GB free / 85.1GB total | delta_size=92 full_size=19457227
R2 [P2] iter 195: PRE-JOIN GPU mem: 84.3GB free / 85.1GB total | delta_size=91 full_size=19432700
R3 [P2] iter 195: PRE-JOIN GPU mem: 84.3GB free / 85.1GB total | delta_size=93 full_size=19444997
R1 [P2] iter 195: PRE-JOIN GPU mem: 84.3GB free / 85.1GB total | delta_size=73 full_size=19433753
R0 [P2] iter 195: join done, raw=87 result_size=87
R2 [P2] iter 195: join done, raw=88 result_size=88
R1 [P2] iter 195: join done, raw=72 result_size=72
R3 [P2] iter 195: join done, raw=90 result_size=90
R0 [P2] iter 195: split done, delta_size=87
R1 [P2] iter 195: split done, delta_size=68
R2 [P2] iter 195: split done, delta_size=89
R3 [P2] iter 195: split done, delta_size=93
R0 [P2] iter 195: dedup done, delta_size=87
R1 [P2] iter 195: dedup done, delta_size=68
R2 [P2] iter 195: dedup done, delta_size=89
R3 [P2] iter 195: dedup done, delta_size=93
R0 [P2] iter 195: subtract done, delta_size=87
R1 [P2] iter 195: subtract done, delta_size=68
R2 [P2] iter 195: subtract done, delta_size=89
R3 [P2] iter 195: subtract done, delta_size=93
R3 [P2] iter 195: merge done, full_size=19445090
R0 [P2] iter 195: merge done, full_size=19457314
R1 [P2] iter 195: merge done, full_size=19433821
R0 [P2] iter 196 done: global_full_size=77769014
R1 [P2] iter 196 done: global_full_size=77769014
R2 [P2] iter 195: merge done, full_size=19432789
R2 [P2] iter 196 done: global_full_size=77769014
R3 [P2] iter 196 done: global_full_size=77769014
R2 [P2] iter 196: PRE-JOIN GPU mem: 84.3GB free / 85.1GB total | delta_size=89 full_size=19432789
R0 [P2] iter 196: PRE-JOIN GPU mem: 84.3GB free / 85.1GB total | delta_size=87 full_size=19457314
R1 [P2] iter 196: PRE-JOIN GPU mem: 84.3GB free / 85.1GB total | delta_size=68 full_size=19433821
R3 [P2] iter 196: PRE-JOIN GPU mem: 84.3GB free / 85.1GB total | delta_size=93 full_size=19445090
R0 [P2] iter 196: join done, raw=82 result_size=82
R2 [P2] iter 196: join done, raw=86 result_size=86
R1 [P2] iter 196: join done, raw=67 result_size=67
R3 [P2] iter 196: join done, raw=90 result_size=90
R0 [P2] iter 196: split done, delta_size=85
R1 [P2] iter 196: split done, delta_size=66
R2 [P2] iter 196: split done, delta_size=85
R3 [P2] iter 196: split done, delta_size=89
R0 [P2] iter 196: dedup done, delta_size=85
R1 [P2] iter 196: dedup done, delta_size=66
R2 [P2] iter 196: dedup done, delta_size=85
R3 [P2] iter 196: dedup done, delta_size=89
R0 [P2] iter 196: subtract done, delta_size=85
R1 [P2] iter 196: subtract done, delta_size=66
R2 [P2] iter 196: subtract done, delta_size=85
R3 [P2] iter 196: subtract done, delta_size=89
R2 [P2] iter 196: merge done, full_size=19432874
R1 [P2] iter 196: merge done, full_size=19433887
R0 [P2] iter 196: merge done, full_size=19457399
R3 [P2] iter 196: merge done, full_size=19445179
R3 [P2] iter 197 done: global_full_size=77769339
R0 [P2] iter 197 done: global_full_size=77769339
R1 [P2] iter 197 done: global_full_size=77769339
R2 [P2] iter 197 done: global_full_size=77769339
R0 [P2] iter 197: PRE-JOIN GPU mem: 84.3GB free / 85.1GB total | delta_size=85 full_size=19457399
R2 [P2] iter 197: PRE-JOIN GPU mem: 84.3GB free / 85.1GB total | delta_size=85 full_size=19432874
R3 [P2] iter 197: PRE-JOIN GPU mem: 84.3GB free / 85.1GB total | delta_size=89 full_size=19445179
R1 [P2] iter 197: PRE-JOIN GPU mem: 84.3GB free / 85.1GB total | delta_size=66 full_size=19433887
R0 [P2] iter 197: join done, raw=80 result_size=80
R1 [P2] iter 197: join done, raw=65 result_size=65
R2 [P2] iter 197: join done, raw=82 result_size=82
R3 [P2] iter 197: join done, raw=86 result_size=86
R0 [P2] iter 197: split done, delta_size=82
R1 [P2] iter 197: split done, delta_size=63
R2 [P2] iter 197: split done, delta_size=82
R3 [P2] iter 197: split done, delta_size=86
R0 [P2] iter 197: dedup done, delta_size=82
R1 [P2] iter 197: dedup done, delta_size=63
R2 [P2] iter 197: dedup done, delta_size=82
R3 [P2] iter 197: dedup done, delta_size=86
R0 [P2] iter 197: subtract done, delta_size=82
R1 [P2] iter 197: subtract done, delta_size=63
R2 [P2] iter 197: subtract done, delta_size=82
R3 [P2] iter 197: subtract done, delta_size=86
R2 [P2] iter 197: merge done, full_size=19432956
R0 [P2] iter 197: merge done, full_size=19457481
R1 [P2] iter 197: merge done, full_size=19433950
R0 [P2] iter 198 done: global_full_size=77769652
R3 [P2] iter 197: merge done, full_size=19445265
R3 [P2] iter 198 done: global_full_size=77769652
R1 [P2] iter 198 done: global_full_size=77769652
R2 [P2] iter 198 done: global_full_size=77769652
R0 [P2] iter 198: PRE-JOIN GPU mem: 84.3GB free / 85.1GB total | delta_size=82 full_size=19457481
R1 [P2] iter 198: PRE-JOIN GPU mem: 84.3GB free / 85.1GB total | delta_size=63 full_size=19433950
R2 [P2] iter 198: PRE-JOIN GPU mem: 84.3GB free / 85.1GB total | delta_size=82 full_size=19432956
R3 [P2] iter 198: PRE-JOIN GPU mem: 84.3GB free / 85.1GB total | delta_size=86 full_size=19445265
R0 [P2] iter 198: join done, raw=77 result_size=77
R1 [P2] iter 198: join done, raw=62 result_size=62
R2 [P2] iter 198: join done, raw=79 result_size=79
R3 [P2] iter 198: join done, raw=83 result_size=83
R0 [P2] iter 198: split done, delta_size=80
R1 [P2] iter 198: split done, delta_size=59
R2 [P2] iter 198: split done, delta_size=78
R3 [P2] iter 198: split done, delta_size=84
R0 [P2] iter 198: dedup done, delta_size=80
R1 [P2] iter 198: dedup done, delta_size=59
R2 [P2] iter 198: dedup done, delta_size=78
R3 [P2] iter 198: dedup done, delta_size=84
R1 [P2] iter 198: subtract done, delta_size=59
R2 [P2] iter 198: subtract done, delta_size=78
R3 [P2] iter 198: subtract done, delta_size=84
R0 [P2] iter 198: subtract done, delta_size=80
R3 [P2] iter 198: merge done, full_size=19445349
R1 [P2] iter 198: merge done, full_size=19434009
R2 [P2] iter 198: merge done, full_size=19433034
R0 [P2] iter 198: merge done, full_size=19457561
R0 [P2] iter 199 done: global_full_size=77769953
R1 [P2] iter 199 done: global_full_size=77769953
R2 [P2] iter 199 done: global_full_size=77769953
R3 [P2] iter 199 done: global_full_size=77769953
R0 [P2] iter 199: PRE-JOIN GPU mem: 84.3GB free / 85.1GB total | delta_size=80 full_size=19457561
R1 [P2] iter 199: PRE-JOIN GPU mem: 84.3GB free / 85.1GB total | delta_size=59 full_size=19434009
R2 [P2] iter 199: PRE-JOIN GPU mem: 84.3GB free / 85.1GB total | delta_size=78 full_size=19433034
R3 [P2] iter 199: PRE-JOIN GPU mem: 84.3GB free / 85.1GB total | delta_size=84 full_size=19445349
R0 [P2] iter 199: join done, raw=75 result_size=75
R1 [P2] iter 199: join done, raw=58 result_size=58
R2 [P2] iter 199: join done, raw=75 result_size=75
R3 [P2] iter 199: join done, raw=81 result_size=81
R0 [P2] iter 199: split done, delta_size=75
R1 [P2] iter 199: split done, delta_size=56
R2 [P2] iter 199: split done, delta_size=76
R3 [P2] iter 199: split done, delta_size=82
R0 [P2] iter 199: dedup done, delta_size=75
R1 [P2] iter 199: dedup done, delta_size=56
R2 [P2] iter 199: dedup done, delta_size=76
R3 [P2] iter 199: dedup done, delta_size=82
R0 [P2] iter 199: subtract done, delta_size=75
R1 [P2] iter 199: subtract done, delta_size=56
R2 [P2] iter 199: subtract done, delta_size=76
R3 [P2] iter 199: subtract done, delta_size=82
R3 [P2] iter 199: merge done, full_size=19445431
R2 [P2] iter 199: merge done, full_size=19433110
R1 [P2] iter 199: merge done, full_size=19434065
R0 [P2] iter 199: merge done, full_size=19457636
R0 [P2] iter 200 done: global_full_size=77770242
R1 [P2] iter 200 done: global_full_size=77770242
R2 [P2] iter 200 done: global_full_size=77770242
R3 [P2] iter 200 done: global_full_size=77770242
R1 [P2] iter 200: PRE-JOIN GPU mem: 84.3GB free / 85.1GB total | delta_size=56 full_size=19434065
R2 [P2] iter 200: PRE-JOIN GPU mem: 84.3GB free / 85.1GB total | delta_size=76 full_size=19433110
R0 [P2] iter 200: PRE-JOIN GPU mem: 84.3GB free / 85.1GB total | delta_size=75 full_size=19457636
R3 [P2] iter 200: PRE-JOIN GPU mem: 84.3GB free / 85.1GB total | delta_size=82 full_size=19445431
R1 [P2] iter 200: join done, raw=55 result_size=55
R2 [P2] iter 200: join done, raw=73 result_size=73
R0 [P2] iter 200: join done, raw=71 result_size=71
R3 [P2] iter 200: join done, raw=79 result_size=79
R0 [P2] iter 200: split done, delta_size=73
R1 [P2] iter 200: split done, delta_size=55
R2 [P2] iter 200: split done, delta_size=72
R3 [P2] iter 200: split done, delta_size=78
R0 [P2] iter 200: dedup done, delta_size=73
R1 [P2] iter 200: dedup done, delta_size=55
R2 [P2] iter 200: dedup done, delta_size=72
R3 [P2] iter 200: dedup done, delta_size=78
R0 [P2] iter 200: subtract done, delta_size=73
R1 [P2] iter 200: subtract done, delta_size=55
R2 [P2] iter 200: subtract done, delta_size=72
R3 [P2] iter 200: subtract done, delta_size=78
R1 [P2] iter 200: merge done, full_size=19434120
R2 [P2] iter 200: merge done, full_size=19433182
R0 [P2] iter 200: merge done, full_size=19457709
R0 [P2] iter 201 done: global_full_size=77770520
R1 [P2] iter 201 done: global_full_size=77770520
R2 [P2] iter 201 done: global_full_size=77770520
R3 [P2] iter 200: merge done, full_size=19445509
R3 [P2] iter 201 done: global_full_size=77770520
R0 [P2] iter 201: PRE-JOIN GPU mem: 84.3GB free / 85.1GB total | delta_size=73 full_size=19457709
R1 [P2] iter 201: PRE-JOIN GPU mem: 84.3GB free / 85.1GB total | delta_size=55 full_size=19434120
R2 [P2] iter 201: PRE-JOIN GPU mem: 84.3GB free / 85.1GB total | delta_size=72 full_size=19433182
R3 [P2] iter 201: PRE-JOIN GPU mem: 84.3GB free / 85.1GB total | delta_size=78 full_size=19445509
R0 [P2] iter 201: join done, raw=70 result_size=70
R1 [P2] iter 201: join done, raw=55 result_size=55
R2 [P2] iter 201: join done, raw=68 result_size=68
R3 [P2] iter 201: join done, raw=73 result_size=73
R0 [P2] iter 201: split done, delta_size=69
R1 [P2] iter 201: split done, delta_size=52
R2 [P2] iter 201: split done, delta_size=69
R3 [P2] iter 201: split done, delta_size=76
R0 [P2] iter 201: dedup done, delta_size=69
R1 [P2] iter 201: dedup done, delta_size=52
R2 [P2] iter 201: dedup done, delta_size=69
R3 [P2] iter 201: dedup done, delta_size=76
R0 [P2] iter 201: subtract done, delta_size=69
R1 [P2] iter 201: subtract done, delta_size=52
R2 [P2] iter 201: subtract done, delta_size=69
R3 [P2] iter 201: subtract done, delta_size=76
R3 [P2] iter 201: merge done, full_size=19445585
R1 [P2] iter 201: merge done, full_size=19434172
R0 [P2] iter 201: merge done, full_size=19457778
R2 [P2] iter 201: merge done, full_size=19433251
R2 [P2] iter 202 done: global_full_size=77770786
R0 [P2] iter 202 done: global_full_size=77770786
R1 [P2] iter 202 done: global_full_size=77770786
R3 [P2] iter 202 done: global_full_size=77770786
R0 [P2] iter 202: PRE-JOIN GPU mem: 84.3GB free / 85.1GB total | delta_size=69 full_size=19457778
R2 [P2] iter 202: PRE-JOIN GPU mem: 84.3GB free / 85.1GB total | delta_size=69 full_size=19433251
R3 [P2] iter 202: PRE-JOIN GPU mem: 84.3GB free / 85.1GB total | delta_size=76 full_size=19445585
R1 [P2] iter 202: PRE-JOIN GPU mem: 84.3GB free / 85.1GB total | delta_size=52 full_size=19434172
R0 [P2] iter 202: join done, raw=66 result_size=66
R1 [P2] iter 202: join done, raw=52 result_size=52
R3 [P2] iter 202: join done, raw=71 result_size=71
R2 [P2] iter 202: join done, raw=65 result_size=65
R0 [P2] iter 202: split done, delta_size=69
R1 [P2] iter 202: split done, delta_size=46
R2 [P2] iter 202: split done, delta_size=67
R3 [P2] iter 202: split done, delta_size=72
R0 [P2] iter 202: dedup done, delta_size=69
R1 [P2] iter 202: dedup done, delta_size=46
R2 [P2] iter 202: dedup done, delta_size=67
R3 [P2] iter 202: dedup done, delta_size=72
R0 [P2] iter 202: subtract done, delta_size=69
R1 [P2] iter 202: subtract done, delta_size=46
R2 [P2] iter 202: subtract done, delta_size=67
R3 [P2] iter 202: subtract done, delta_size=72
R3 [P2] iter 202: merge done, full_size=19445657
R2 [P2] iter 202: merge done, full_size=19433318
R1 [P2] iter 202: merge done, full_size=19434218
R0 [P2] iter 202: merge done, full_size=19457847
R0 [P2] iter 203 done: global_full_size=77771040
R1 [P2] iter 203 done: global_full_size=77771040
R2 [P2] iter 203 done: global_full_size=77771040
R3 [P2] iter 203 done: global_full_size=77771040
R0 [P2] iter 203: PRE-JOIN GPU mem: 84.3GB free / 85.1GB total | delta_size=69 full_size=19457847
R1 [P2] iter 203: PRE-JOIN GPU mem: 84.3GB free / 85.1GB total | delta_size=46 full_size=19434218
R2 [P2] iter 203: PRE-JOIN GPU mem: 84.3GB free / 85.1GB total | delta_size=67 full_size=19433318
R3 [P2] iter 203: PRE-JOIN GPU mem: 84.3GB free / 85.1GB total | delta_size=72 full_size=19445657
R0 [P2] iter 203: join done, raw=66 result_size=66
R1 [P2] iter 203: join done, raw=46 result_size=46
R2 [P2] iter 203: join done, raw=64 result_size=64
R3 [P2] iter 203: join done, raw=68 result_size=68
R0 [P2] iter 203: split done, delta_size=64
R1 [P2] iter 203: split done, delta_size=44
R2 [P2] iter 203: split done, delta_size=64
R3 [P2] iter 203: split done, delta_size=72
R0 [P2] iter 203: dedup done, delta_size=64
R1 [P2] iter 203: dedup done, delta_size=44
R2 [P2] iter 203: dedup done, delta_size=64
R3 [P2] iter 203: dedup done, delta_size=72
R0 [P2] iter 203: subtract done, delta_size=64
R1 [P2] iter 203: subtract done, delta_size=44
R2 [P2] iter 203: subtract done, delta_size=64
R3 [P2] iter 203: subtract done, delta_size=72
R2 [P2] iter 203: merge done, full_size=19433382
R0 [P2] iter 203: merge done, full_size=19457911
R1 [P2] iter 203: merge done, full_size=19434262
R3 [P2] iter 203: merge done, full_size=19445729
R3 [P2] iter 204 done: global_full_size=77771284
R0 [P2] iter 204 done: global_full_size=77771284
R1 [P2] iter 204 done: global_full_size=77771284
R2 [P2] iter 204 done: global_full_size=77771284
R0 [P2] iter 204: PRE-JOIN GPU mem: 84.3GB free / 85.1GB total | delta_size=64 full_size=19457911
R1 [P2] iter 204: PRE-JOIN GPU mem: 84.3GB free / 85.1GB total | delta_size=44 full_size=19434262
R2 [P2] iter 204: PRE-JOIN GPU mem: 84.3GB free / 85.1GB total | delta_size=64 full_size=19433382
R3 [P2] iter 204: PRE-JOIN GPU mem: 84.3GB free / 85.1GB total | delta_size=72 full_size=19445729
R0 [P2] iter 204: join done, raw=62 result_size=62
R1 [P2] iter 204: join done, raw=44 result_size=44
R2 [P2] iter 204: join done, raw=62 result_size=62
R3 [P2] iter 204: join done, raw=68 result_size=68
R0 [P2] iter 204: split done, delta_size=62
R1 [P2] iter 204: split done, delta_size=43
R2 [P2] iter 204: split done, delta_size=62
R3 [P2] iter 204: split done, delta_size=69
R0 [P2] iter 204: dedup done, delta_size=62
R1 [P2] iter 204: dedup done, delta_size=43
R2 [P2] iter 204: dedup done, delta_size=62
R3 [P2] iter 204: dedup done, delta_size=69
R0 [P2] iter 204: subtract done, delta_size=62
R1 [P2] iter 204: subtract done, delta_size=43
R3 [P2] iter 204: subtract done, delta_size=69
R2 [P2] iter 204: subtract done, delta_size=62
R3 [P2] iter 204: merge done, full_size=19445798
R0 [P2] iter 204: merge done, full_size=19457973
R1 [P2] iter 204: merge done, full_size=19434305
R0 [P2] iter 205 done: global_full_size=77771520
R1 [P2] iter 205 done: global_full_size=77771520
R2 [P2] iter 204: merge done, full_size=19433444
R2 [P2] iter 205 done: global_full_size=77771520
R3 [P2] iter 205 done: global_full_size=77771520
R2 [P2] iter 205: PRE-JOIN GPU mem: 84.3GB free / 85.1GB total | delta_size=62 full_size=19433444
R0 [P2] iter 205: PRE-JOIN GPU mem: 84.3GB free / 85.1GB total | delta_size=62 full_size=19457973
R1 [P2] iter 205: PRE-JOIN GPU mem: 84.3GB free / 85.1GB total | delta_size=43 full_size=19434305
R3 [P2] iter 205: PRE-JOIN GPU mem: 84.3GB free / 85.1GB total | delta_size=69 full_size=19445798
R0 [P2] iter 205: join done, raw=60 result_size=60
R1 [P2] iter 205: join done, raw=43 result_size=43
R2 [P2] iter 205: join done, raw=60 result_size=60
R3 [P2] iter 205: join done, raw=65 result_size=65
R0 [P2] iter 205: split done, delta_size=59
R1 [P2] iter 205: split done, delta_size=41
R2 [P2] iter 205: split done, delta_size=61
R3 [P2] iter 205: split done, delta_size=67
R0 [P2] iter 205: dedup done, delta_size=59
R1 [P2] iter 205: dedup done, delta_size=41
R2 [P2] iter 205: dedup done, delta_size=61
R3 [P2] iter 205: dedup done, delta_size=67
R0 [P2] iter 205: subtract done, delta_size=59
R1 [P2] iter 205: subtract done, delta_size=41
R2 [P2] iter 205: subtract done, delta_size=61
R3 [P2] iter 205: subtract done, delta_size=67
R1 [P2] iter 205: merge done, full_size=19434346
R3 [P2] iter 205: merge done, full_size=19445865
R2 [P2] iter 205: merge done, full_size=19433505
R0 [P2] iter 205: merge done, full_size=19458032
R0 [P2] iter 206 done: global_full_size=77771748
R1 [P2] iter 206 done: global_full_size=77771748
R2 [P2] iter 206 done: global_full_size=77771748
R3 [P2] iter 206 done: global_full_size=77771748
R0 [P2] iter 206: PRE-JOIN GPU mem: 84.3GB free / 85.1GB total | delta_size=59 full_size=19458032
R2 [P2] iter 206: PRE-JOIN GPU mem: 84.3GB free / 85.1GB total | delta_size=61 full_size=19433505
R1 [P2] iter 206: PRE-JOIN GPU mem: 84.3GB free / 85.1GB total | delta_size=41 full_size=19434346
R3 [P2] iter 206: PRE-JOIN GPU mem: 84.3GB free / 85.1GB total | delta_size=67 full_size=19445865
R0 [P2] iter 206: join done, raw=57 result_size=57
R1 [P2] iter 206: join done, raw=41 result_size=41
R2 [P2] iter 206: join done, raw=59 result_size=59
R3 [P2] iter 206: join done, raw=63 result_size=63
R0 [P2] iter 206: split done, delta_size=57
R1 [P2] iter 206: split done, delta_size=39
R2 [P2] iter 206: split done, delta_size=59
R3 [P2] iter 206: split done, delta_size=65
R0 [P2] iter 206: dedup done, delta_size=57
R1 [P2] iter 206: dedup done, delta_size=39
R2 [P2] iter 206: dedup done, delta_size=59
R3 [P2] iter 206: dedup done, delta_size=65
R0 [P2] iter 206: subtract done, delta_size=57
R1 [P2] iter 206: subtract done, delta_size=39
R2 [P2] iter 206: subtract done, delta_size=59
R3 [P2] iter 206: subtract done, delta_size=65
R0 [P2] iter 206: merge done, full_size=19458089
R1 [P2] iter 206: merge done, full_size=19434385
R2 [P2] iter 206: merge done, full_size=19433564
R0 [P2] iter 207 done: global_full_size=77771968
R1 [P2] iter 207 done: global_full_size=77771968
R2 [P2] iter 207 done: global_full_size=77771968
R3 [P2] iter 206: merge done, full_size=19445930
R3 [P2] iter 207 done: global_full_size=77771968
R0 [P2] iter 207: PRE-JOIN GPU mem: 84.3GB free / 85.1GB total | delta_size=57 full_size=19458089
R2 [P2] iter 207: PRE-JOIN GPU mem: 84.3GB free / 85.1GB total | delta_size=59 full_size=19433564
R1 [P2] iter 207: PRE-JOIN GPU mem: 84.3GB free / 85.1GB total | delta_size=39 full_size=19434385
R3 [P2] iter 207: PRE-JOIN GPU mem: 84.3GB free / 85.1GB total | delta_size=65 full_size=19445930
R0 [P2] iter 207: join done, raw=54 result_size=54
R1 [P2] iter 207: join done, raw=39 result_size=39
R2 [P2] iter 207: join done, raw=57 result_size=57
R3 [P2] iter 207: join done, raw=61 result_size=61
R0 [P2] iter 207: split done, delta_size=56
R1 [P2] iter 207: split done, delta_size=36
R2 [P2] iter 207: split done, delta_size=55
R3 [P2] iter 207: split done, delta_size=64
R0 [P2] iter 207: dedup done, delta_size=56
R1 [P2] iter 207: dedup done, delta_size=36
R2 [P2] iter 207: dedup done, delta_size=55
R3 [P2] iter 207: dedup done, delta_size=64
R0 [P2] iter 207: subtract done, delta_size=56
R1 [P2] iter 207: subtract done, delta_size=36
R2 [P2] iter 207: subtract done, delta_size=55
R3 [P2] iter 207: subtract done, delta_size=64
R0 [P2] iter 207: merge done, full_size=19458145
R1 [P2] iter 207: merge done, full_size=19434421
R3 [P2] iter 207: merge done, full_size=19445994
R2 [P2] iter 207: merge done, full_size=19433619
R2 [P2] iter 208 done: global_full_size=77772179
R0 [P2] iter 208 done: global_full_size=77772179
R1 [P2] iter 208 done: global_full_size=77772179
R3 [P2] iter 208 done: global_full_size=77772179
R0 [P2] iter 208: PRE-JOIN GPU mem: 84.3GB free / 85.1GB total | delta_size=56 full_size=19458145
R1 [P2] iter 208: PRE-JOIN GPU mem: 84.3GB free / 85.1GB total | delta_size=36 full_size=19434421
R2 [P2] iter 208: PRE-JOIN GPU mem: 84.3GB free / 85.1GB total | delta_size=55 full_size=19433619
R3 [P2] iter 208: PRE-JOIN GPU mem: 84.3GB free / 85.1GB total | delta_size=64 full_size=19445994
R0 [P2] iter 208: join done, raw=53 result_size=53
R1 [P2] iter 208: join done, raw=36 result_size=36
R3 [P2] iter 208: join done, raw=60 result_size=60
R2 [P2] iter 208: join done, raw=54 result_size=54
R0 [P2] iter 208: split done, delta_size=54
R1 [P2] iter 208: split done, delta_size=34
R2 [P2] iter 208: split done, delta_size=54
R3 [P2] iter 208: split done, delta_size=61
R0 [P2] iter 208: dedup done, delta_size=54
R1 [P2] iter 208: dedup done, delta_size=34
R2 [P2] iter 208: dedup done, delta_size=54
R3 [P2] iter 208: dedup done, delta_size=61
R0 [P2] iter 208: subtract done, delta_size=54
R1 [P2] iter 208: subtract done, delta_size=34
R2 [P2] iter 208: subtract done, delta_size=54
R3 [P2] iter 208: subtract done, delta_size=61
R3 [P2] iter 208: merge done, full_size=19446055
R2 [P2] iter 208: merge done, full_size=19433673
R1 [P2] iter 208: merge done, full_size=19434455
R0 [P2] iter 208: merge done, full_size=19458199
R0 [P2] iter 209 done: global_full_size=77772382
R1 [P2] iter 209 done: global_full_size=77772382
R2 [P2] iter 209 done: global_full_size=77772382
R3 [P2] iter 209 done: global_full_size=77772382
R0 [P2] iter 209: PRE-JOIN GPU mem: 84.3GB free / 85.1GB total | delta_size=54 full_size=19458199
R1 [P2] iter 209: PRE-JOIN GPU mem: 84.3GB free / 85.1GB total | delta_size=34 full_size=19434455
R2 [P2] iter 209: PRE-JOIN GPU mem: 84.3GB free / 85.1GB total | delta_size=54 full_size=19433673
R3 [P2] iter 209: PRE-JOIN GPU mem: 84.3GB free / 85.1GB total | delta_size=61 full_size=19446055
R1 [P2] iter 209: join done, raw=34 result_size=34
R2 [P2] iter 209: join done, raw=53 result_size=53
R0 [P2] iter 209: join done, raw=51 result_size=51
R3 [P2] iter 209: join done, raw=57 result_size=57
R0 [P2] iter 209: split done, delta_size=53
R1 [P2] iter 209: split done, delta_size=33
R2 [P2] iter 209: split done, delta_size=52
R3 [P2] iter 209: split done, delta_size=57
R0 [P2] iter 209: dedup done, delta_size=53
R1 [P2] iter 209: dedup done, delta_size=33
R2 [P2] iter 209: dedup done, delta_size=52
R3 [P2] iter 209: dedup done, delta_size=57
R0 [P2] iter 209: subtract done, delta_size=53
R1 [P2] iter 209: subtract done, delta_size=33
R2 [P2] iter 209: subtract done, delta_size=52
R3 [P2] iter 209: subtract done, delta_size=57
R2 [P2] iter 209: merge done, full_size=19433725
R0 [P2] iter 209: merge done, full_size=19458252
R3 [P2] iter 209: merge done, full_size=19446112
R0 [P2] iter 210 done: global_full_size=77772577
R1 [P2] iter 209: merge done, full_size=19434488
R1 [P2] iter 210 done: global_full_size=77772577
R2 [P2] iter 210 done: global_full_size=77772577
R3 [P2] iter 210 done: global_full_size=77772577
R0 [P2] iter 210: PRE-JOIN GPU mem: 84.3GB free / 85.1GB total | delta_size=53 full_size=19458252
R1 [P2] iter 210: PRE-JOIN GPU mem: 84.3GB free / 85.1GB total | delta_size=33 full_size=19434488
R2 [P2] iter 210: PRE-JOIN GPU mem: 84.3GB free / 85.1GB total | delta_size=52 full_size=19433725
R3 [P2] iter 210: PRE-JOIN GPU mem: 84.3GB free / 85.1GB total | delta_size=57 full_size=19446112
R0 [P2] iter 210: join done, raw=50 result_size=50
R1 [P2] iter 210: join done, raw=33 result_size=33
R2 [P2] iter 210: join done, raw=51 result_size=51
R3 [P2] iter 210: join done, raw=53 result_size=53
R0 [P2] iter 210: split done, delta_size=51
R1 [P2] iter 210: split done, delta_size=33
R3 [P2] iter 210: split done, delta_size=53
R2 [P2] iter 210: split done, delta_size=50
R0 [P2] iter 210: dedup done, delta_size=51
R1 [P2] iter 210: dedup done, delta_size=33
R3 [P2] iter 210: dedup done, delta_size=53
R2 [P2] iter 210: dedup done, delta_size=50
R0 [P2] iter 210: subtract done, delta_size=51
R1 [P2] iter 210: subtract done, delta_size=33
R3 [P2] iter 210: subtract done, delta_size=53
R2 [P2] iter 210: subtract done, delta_size=50
R0 [P2] iter 210: merge done, full_size=19458303
R3 [P2] iter 210: merge done, full_size=19446165
R1 [P2] iter 210: merge done, full_size=19434521
R2 [P2] iter 210: merge done, full_size=19433775
R2 [P2] iter 211 done: global_full_size=77772764
R0 [P2] iter 211 done: global_full_size=77772764
R1 [P2] iter 211 done: global_full_size=77772764
R3 [P2] iter 211 done: global_full_size=77772764
R0 [P2] iter 211: PRE-JOIN GPU mem: 84.3GB free / 85.1GB total | delta_size=51 full_size=19458303
R1 [P2] iter 211: PRE-JOIN GPU mem: 84.3GB free / 85.1GB total | delta_size=33 full_size=19434521
R2 [P2] iter 211: PRE-JOIN GPU mem: 84.3GB free / 85.1GB total | delta_size=50 full_size=19433775
R3 [P2] iter 211: PRE-JOIN GPU mem: 84.3GB free / 85.1GB total | delta_size=53 full_size=19446165
R0 [P2] iter 211: join done, raw=48 result_size=48
R1 [P2] iter 211: join done, raw=33 result_size=33
R2 [P2] iter 211: join done, raw=49 result_size=49
R3 [P2] iter 211: join done, raw=49 result_size=49
R0 [P2] iter 211: split done, delta_size=49
R1 [P2] iter 211: split done, delta_size=30
R2 [P2] iter 211: split done, delta_size=47
R3 [P2] iter 211: split done, delta_size=53
R0 [P2] iter 211: dedup done, delta_size=49
R1 [P2] iter 211: dedup done, delta_size=30
R2 [P2] iter 211: dedup done, delta_size=47
R3 [P2] iter 211: dedup done, delta_size=53
R0 [P2] iter 211: subtract done, delta_size=49
R1 [P2] iter 211: subtract done, delta_size=30
R3 [P2] iter 211: subtract done, delta_size=53
R2 [P2] iter 211: subtract done, delta_size=47
R3 [P2] iter 211: merge done, full_size=19446218
R2 [P2] iter 211: merge done, full_size=19433822
R0 [P2] iter 211: merge done, full_size=19458352
R0 [P2] iter 212 done: global_full_size=77772943
R1 [P2] iter 211: merge done, full_size=19434551
R1 [P2] iter 212 done: global_full_size=77772943
R2 [P2] iter 212 done: global_full_size=77772943
R3 [P2] iter 212 done: global_full_size=77772943
R0 [P2] iter 212: PRE-JOIN GPU mem: 84.3GB free / 85.1GB total | delta_size=49 full_size=19458352
R1 [P2] iter 212: PRE-JOIN GPU mem: 84.3GB free / 85.1GB total | delta_size=30 full_size=19434551
R2 [P2] iter 212: PRE-JOIN GPU mem: 84.3GB free / 85.1GB total | delta_size=47 full_size=19433822
R3 [P2] iter 212: PRE-JOIN GPU mem: 84.3GB free / 85.1GB total | delta_size=53 full_size=19446218
R1 [P2] iter 212: join done, raw=30 result_size=30
R0 [P2] iter 212: join done, raw=46 result_size=46
R2 [P2] iter 212: join done, raw=46 result_size=46
R3 [P2] iter 212: join done, raw=49 result_size=49
R0 [P2] iter 212: split done, delta_size=46
R1 [P2] iter 212: split done, delta_size=29
R2 [P2] iter 212: split done, delta_size=45
R3 [P2] iter 212: split done, delta_size=51
R0 [P2] iter 212: dedup done, delta_size=46
R1 [P2] iter 212: dedup done, delta_size=29
R2 [P2] iter 212: dedup done, delta_size=45
R3 [P2] iter 212: dedup done, delta_size=51
R0 [P2] iter 212: subtract done, delta_size=46
R1 [P2] iter 212: subtract done, delta_size=29
R2 [P2] iter 212: subtract done, delta_size=45
R3 [P2] iter 212: subtract done, delta_size=51
R2 [P2] iter 212: merge done, full_size=19433867
R1 [P2] iter 212: merge done, full_size=19434580
R3 [P2] iter 212: merge done, full_size=19446269
R0 [P2] iter 212: merge done, full_size=19458398
R0 [P2] iter 213 done: global_full_size=77773114
R1 [P2] iter 213 done: global_full_size=77773114
R2 [P2] iter 213 done: global_full_size=77773114
R3 [P2] iter 213 done: global_full_size=77773114
R0 [P2] iter 213: PRE-JOIN GPU mem: 84.3GB free / 85.1GB total | delta_size=46 full_size=19458398
R2 [P2] iter 213: PRE-JOIN GPU mem: 84.3GB free / 85.1GB total | delta_size=45 full_size=19433867
R1 [P2] iter 213: PRE-JOIN GPU mem: 84.3GB free / 85.1GB total | delta_size=29 full_size=19434580
R3 [P2] iter 213: PRE-JOIN GPU mem: 84.3GB free / 85.1GB total | delta_size=51 full_size=19446269
R0 [P2] iter 213: join done, raw=43 result_size=43
R1 [P2] iter 213: join done, raw=29 result_size=29
R2 [P2] iter 213: join done, raw=44 result_size=44
R3 [P2] iter 213: join done, raw=47 result_size=47
R0 [P2] iter 213: split done, delta_size=45
R1 [P2] iter 213: split done, delta_size=27
R2 [P2] iter 213: split done, delta_size=42
R3 [P2] iter 213: split done, delta_size=49
R0 [P2] iter 213: dedup done, delta_size=45
R1 [P2] iter 213: dedup done, delta_size=27
R2 [P2] iter 213: dedup done, delta_size=42
R3 [P2] iter 213: dedup done, delta_size=49
R0 [P2] iter 213: subtract done, delta_size=45
R1 [P2] iter 213: subtract done, delta_size=27
R2 [P2] iter 213: subtract done, delta_size=42
R3 [P2] iter 213: subtract done, delta_size=49
R3 [P2] iter 213: merge done, full_size=19446318
R1 [P2] iter 213: merge done, full_size=19434607
R0 [P2] iter 213: merge done, full_size=19458443
R0 [P2] iter 214 done: global_full_size=77773277
R2 [P2] iter 213: merge done, full_size=19433909
R2 [P2] iter 214 done: global_full_size=77773277
R1 [P2] iter 214 done: global_full_size=77773277
R3 [P2] iter 214 done: global_full_size=77773277
R0 [P2] iter 214: PRE-JOIN GPU mem: 84.3GB free / 85.1GB total | delta_size=45 full_size=19458443
R1 [P2] iter 214: PRE-JOIN GPU mem: 84.3GB free / 85.1GB total | delta_size=27 full_size=19434607
R2 [P2] iter 214: PRE-JOIN GPU mem: 84.3GB free / 85.1GB total | delta_size=42 full_size=19433909
R3 [P2] iter 214: PRE-JOIN GPU mem: 84.3GB free / 85.1GB total | delta_size=49 full_size=19446318
R0 [P2] iter 214: join done, raw=42 result_size=42
R1 [P2] iter 214: join done, raw=27 result_size=27
R2 [P2] iter 214: join done, raw=41 result_size=41
R3 [P2] iter 214: join done, raw=45 result_size=45
R0 [P2] iter 214: split done, delta_size=41
R1 [P2] iter 214: split done, delta_size=25
R2 [P2] iter 214: split done, delta_size=41
R3 [P2] iter 214: split done, delta_size=48
R0 [P2] iter 214: dedup done, delta_size=41
R1 [P2] iter 214: dedup done, delta_size=25
R2 [P2] iter 214: dedup done, delta_size=41
R3 [P2] iter 214: dedup done, delta_size=48
R0 [P2] iter 214: subtract done, delta_size=41
R1 [P2] iter 214: subtract done, delta_size=25
R2 [P2] iter 214: subtract done, delta_size=41
R3 [P2] iter 214: subtract done, delta_size=48
R1 [P2] iter 214: merge done, full_size=19434632
R3 [P2] iter 214: merge done, full_size=19446366
R2 [P2] iter 214: merge done, full_size=19433950
R0 [P2] iter 214: merge done, full_size=19458484
R0 [P2] iter 215 done: global_full_size=77773432
R1 [P2] iter 215 done: global_full_size=77773432
R2 [P2] iter 215 done: global_full_size=77773432
R3 [P2] iter 215 done: global_full_size=77773432
R0 [P2] iter 215: PRE-JOIN GPU mem: 84.3GB free / 85.1GB total | delta_size=41 full_size=19458484
R1 [P2] iter 215: PRE-JOIN GPU mem: 84.3GB free / 85.1GB total | delta_size=25 full_size=19434632
R2 [P2] iter 215: PRE-JOIN GPU mem: 84.3GB free / 85.1GB total | delta_size=41 full_size=19433950
R3 [P2] iter 215: PRE-JOIN GPU mem: 84.3GB free / 85.1GB total | delta_size=48 full_size=19446366
R0 [P2] iter 215: join done, raw=38 result_size=38
R1 [P2] iter 215: join done, raw=25 result_size=25
R2 [P2] iter 215: join done, raw=40 result_size=40
R3 [P2] iter 215: join done, raw=44 result_size=44
R0 [P2] iter 215: split done, delta_size=39
R1 [P2] iter 215: split done, delta_size=24
R2 [P2] iter 215: split done, delta_size=37
R3 [P2] iter 215: split done, delta_size=47
R1 [P2] iter 215: dedup done, delta_size=24
R3 [P2] iter 215: dedup done, delta_size=47
R0 [P2] iter 215: dedup done, delta_size=39
R2 [P2] iter 215: dedup done, delta_size=37
R0 [P2] iter 215: subtract done, delta_size=39
R1 [P2] iter 215: subtract done, delta_size=24
R2 [P2] iter 215: subtract done, delta_size=37
R3 [P2] iter 215: subtract done, delta_size=47
R2 [P2] iter 215: merge done, full_size=19433987
R0 [P2] iter 215: merge done, full_size=19458523
R1 [P2] iter 215: merge done, full_size=19434656
R0 [P2] iter 216 done: global_full_size=77773579
R1 [P2] iter 216 done: global_full_size=77773579
R2 [P2] iter 216 done: global_full_size=77773579
R3 [P2] iter 215: merge done, full_size=19446413
R3 [P2] iter 216 done: global_full_size=77773579
R0 [P2] iter 216: PRE-JOIN GPU mem: 84.3GB free / 85.1GB total | delta_size=39 full_size=19458523
R1 [P2] iter 216: PRE-JOIN GPU mem: 84.3GB free / 85.1GB total | delta_size=24 full_size=19434656
R2 [P2] iter 216: PRE-JOIN GPU mem: 84.3GB free / 85.1GB total | delta_size=37 full_size=19433987
R3 [P2] iter 216: PRE-JOIN GPU mem: 84.3GB free / 85.1GB total | delta_size=47 full_size=19446413
R0 [P2] iter 216: join done, raw=36 result_size=36
R1 [P2] iter 216: join done, raw=24 result_size=24
R2 [P2] iter 216: join done, raw=36 result_size=36
R3 [P2] iter 216: join done, raw=43 result_size=43
R0 [P2] iter 216: split done, delta_size=35
R1 [P2] iter 216: split done, delta_size=22
R2 [P2] iter 216: split done, delta_size=35
R3 [P2] iter 216: split done, delta_size=47
R0 [P2] iter 216: dedup done, delta_size=35
R1 [P2] iter 216: dedup done, delta_size=22
R2 [P2] iter 216: dedup done, delta_size=35
R3 [P2] iter 216: dedup done, delta_size=47
R0 [P2] iter 216: subtract done, delta_size=35
R1 [P2] iter 216: subtract done, delta_size=22
R2 [P2] iter 216: subtract done, delta_size=35
R3 [P2] iter 216: subtract done, delta_size=47
R0 [P2] iter 216: merge done, full_size=19458558
R3 [P2] iter 216: merge done, full_size=19446460
R1 [P2] iter 216: merge done, full_size=19434678
R2 [P2] iter 216: merge done, full_size=19434022
R2 [P2] iter 217 done: global_full_size=77773718
R0 [P2] iter 217 done: global_full_size=77773718
R1 [P2] iter 217 done: global_full_size=77773718
R3 [P2] iter 217 done: global_full_size=77773718
R0 [P2] iter 217: PRE-JOIN GPU mem: 84.3GB free / 85.1GB total | delta_size=35 full_size=19458558
R1 [P2] iter 217: PRE-JOIN GPU mem: 84.3GB free / 85.1GB total | delta_size=22 full_size=19434678
R2 [P2] iter 217: PRE-JOIN GPU mem: 84.3GB free / 85.1GB total | delta_size=35 full_size=19434022
R3 [P2] iter 217: PRE-JOIN GPU mem: 84.3GB free / 85.1GB total | delta_size=47 full_size=19446460
R0 [P2] iter 217: join done, raw=32 result_size=32
R1 [P2] iter 217: join done, raw=22 result_size=22
R2 [P2] iter 217: join done, raw=34 result_size=34
R3 [P2] iter 217: join done, raw=43 result_size=43
R0 [P2] iter 217: split done, delta_size=34
R1 [P2] iter 217: split done, delta_size=20
R2 [P2] iter 217: split done, delta_size=34
R3 [P2] iter 217: split done, delta_size=43
R0 [P2] iter 217: dedup done, delta_size=34
R1 [P2] iter 217: dedup done, delta_size=20
R2 [P2] iter 217: dedup done, delta_size=34
R3 [P2] iter 217: dedup done, delta_size=43
R0 [P2] iter 217: subtract done, delta_size=34
R1 [P2] iter 217: subtract done, delta_size=20
R2 [P2] iter 217: subtract done, delta_size=34
R3 [P2] iter 217: subtract done, delta_size=43
R3 [P2] iter 217: merge done, full_size=19446503
R1 [P2] iter 217: merge done, full_size=19434698
R2 [P2] iter 217: merge done, full_size=19434056
R0 [P2] iter 217: merge done, full_size=19458592
R0 [P2] iter 218 done: global_full_size=77773849
R1 [P2] iter 218 done: global_full_size=77773849
R2 [P2] iter 218 done: global_full_size=77773849
R3 [P2] iter 218 done: global_full_size=77773849
R0 [P2] iter 218: PRE-JOIN GPU mem: 84.3GB free / 85.1GB total | delta_size=34 full_size=19458592
R2 [P2] iter 218: PRE-JOIN GPU mem: 84.3GB free / 85.1GB total | delta_size=34 full_size=19434056
R1 [P2] iter 218: PRE-JOIN GPU mem: 84.3GB free / 85.1GB total | delta_size=20 full_size=19434698
R3 [P2] iter 218: PRE-JOIN GPU mem: 84.3GB free / 85.1GB total | delta_size=43 full_size=19446503
R0 [P2] iter 218: join done, raw=31 result_size=31
R1 [P2] iter 218: join done, raw=20 result_size=20
R2 [P2] iter 218: join done, raw=33 result_size=33
R3 [P2] iter 218: join done, raw=39 result_size=39
R0 [P2] iter 218: split done, delta_size=32
R1 [P2] iter 218: split done, delta_size=20
R2 [P2] iter 218: split done, delta_size=31
R3 [P2] iter 218: split done, delta_size=40
R0 [P2] iter 218: dedup done, delta_size=32
R1 [P2] iter 218: dedup done, delta_size=20
R2 [P2] iter 218: dedup done, delta_size=31
R3 [P2] iter 218: dedup done, delta_size=40
R0 [P2] iter 218: subtract done, delta_size=32
R2 [P2] iter 218: subtract done, delta_size=31
R1 [P2] iter 218: subtract done, delta_size=20
R3 [P2] iter 218: subtract done, delta_size=40
R2 [P2] iter 218: merge done, full_size=19434087
R0 [P2] iter 218: merge done, full_size=19458624
R3 [P2] iter 218: merge done, full_size=19446543
R1 [P2] iter 218: merge done, full_size=19434718
R1 [P2] iter 219 done: global_full_size=77773972
R0 [P2] iter 219 done: global_full_size=77773972
R2 [P2] iter 219 done: global_full_size=77773972
R3 [P2] iter 219 done: global_full_size=77773972
R0 [P2] iter 219: PRE-JOIN GPU mem: 84.3GB free / 85.1GB total | delta_size=32 full_size=19458624
R1 [P2] iter 219: PRE-JOIN GPU mem: 84.3GB free / 85.1GB total | delta_size=20 full_size=19434718
R2 [P2] iter 219: PRE-JOIN GPU mem: 84.3GB free / 85.1GB total | delta_size=31 full_size=19434087
R3 [P2] iter 219: PRE-JOIN GPU mem: 84.3GB free / 85.1GB total | delta_size=40 full_size=19446543
R0 [P2] iter 219: join done, raw=29 result_size=29
R1 [P2] iter 219: join done, raw=20 result_size=20
R2 [P2] iter 219: join done, raw=30 result_size=30
R3 [P2] iter 219: join done, raw=36 result_size=36
R0 [P2] iter 219: split done, delta_size=31
R1 [P2] iter 219: split done, delta_size=19
R2 [P2] iter 219: split done, delta_size=29
R3 [P2] iter 219: split done, delta_size=36
R0 [P2] iter 219: dedup done, delta_size=31
R1 [P2] iter 219: dedup done, delta_size=19
R2 [P2] iter 219: dedup done, delta_size=29
R3 [P2] iter 219: dedup done, delta_size=36
R0 [P2] iter 219: subtract done, delta_size=31
R1 [P2] iter 219: subtract done, delta_size=19
R2 [P2] iter 219: subtract done, delta_size=29
R3 [P2] iter 219: subtract done, delta_size=36
R0 [P2] iter 219: merge done, full_size=19458655
R1 [P2] iter 219: merge done, full_size=19434737
R3 [P2] iter 219: merge done, full_size=19446579
R2 [P2] iter 219: merge done, full_size=19434116
R2 [P2] iter 220 done: global_full_size=77774087
R0 [P2] iter 220 done: global_full_size=77774087
R1 [P2] iter 220 done: global_full_size=77774087
R3 [P2] iter 220 done: global_full_size=77774087
R0 [P2] iter 220: PRE-JOIN GPU mem: 84.3GB free / 85.1GB total | delta_size=31 full_size=19458655
R1 [P2] iter 220: PRE-JOIN GPU mem: 84.3GB free / 85.1GB total | delta_size=19 full_size=19434737
R2 [P2] iter 220: PRE-JOIN GPU mem: 84.3GB free / 85.1GB total | delta_size=29 full_size=19434116
R3 [P2] iter 220: PRE-JOIN GPU mem: 84.3GB free / 85.1GB total | delta_size=36 full_size=19446579
R0 [P2] iter 220: join done, raw=28 result_size=28
R1 [P2] iter 220: join done, raw=19 result_size=19
R2 [P2] iter 220: join done, raw=28 result_size=28
R3 [P2] iter 220: join done, raw=32 result_size=32
R0 [P2] iter 220: split done, delta_size=29
R1 [P2] iter 220: split done, delta_size=17
R2 [P2] iter 220: split done, delta_size=28
R3 [P2] iter 220: split done, delta_size=33
R0 [P2] iter 220: dedup done, delta_size=29
R1 [P2] iter 220: dedup done, delta_size=17
R2 [P2] iter 220: dedup done, delta_size=28
R3 [P2] iter 220: dedup done, delta_size=33
R0 [P2] iter 220: subtract done, delta_size=29
R1 [P2] iter 220: subtract done, delta_size=17
R2 [P2] iter 220: subtract done, delta_size=28
R3 [P2] iter 220: subtract done, delta_size=33
R0 [P2] iter 220: merge done, full_size=19458684
R2 [P2] iter 220: merge done, full_size=19434144
R1 [P2] iter 220: merge done, full_size=19434754
R0 [P2] iter 221 done: global_full_size=77774194
R1 [P2] iter 221 done: global_full_size=77774194
R2 [P2] iter 221 done: global_full_size=77774194
R3 [P2] iter 220: merge done, full_size=19446612
R3 [P2] iter 221 done: global_full_size=77774194
R0 [P2] iter 221: PRE-JOIN GPU mem: 84.3GB free / 85.1GB total | delta_size=29 full_size=19458684
R1 [P2] iter 221: PRE-JOIN GPU mem: 84.3GB free / 85.1GB total | delta_size=17 full_size=19434754
R2 [P2] iter 221: PRE-JOIN GPU mem: 84.3GB free / 85.1GB total | delta_size=28 full_size=19434144
R3 [P2] iter 221: PRE-JOIN GPU mem: 84.3GB free / 85.1GB total | delta_size=33 full_size=19446612
R0 [P2] iter 221: join done, raw=25 result_size=25
R1 [P2] iter 221: join done, raw=17 result_size=17
R2 [P2] iter 221: join done, raw=27 result_size=27
R3 [P2] iter 221: join done, raw=29 result_size=29
R0 [P2] iter 221: split done, delta_size=28
R1 [P2] iter 221: split done, delta_size=16
R2 [P2] iter 221: split done, delta_size=26
R3 [P2] iter 221: split done, delta_size=28
R0 [P2] iter 221: dedup done, delta_size=28
R1 [P2] iter 221: dedup done, delta_size=16
R2 [P2] iter 221: dedup done, delta_size=26
R3 [P2] iter 221: dedup done, delta_size=28
R1 [P2] iter 221: subtract done, delta_size=16
R2 [P2] iter 221: subtract done, delta_size=26
R3 [P2] iter 221: subtract done, delta_size=28
R0 [P2] iter 221: subtract done, delta_size=28
R1 [P2] iter 221: merge done, full_size=19434770
R3 [P2] iter 221: merge done, full_size=19446640
R2 [P2] iter 221: merge done, full_size=19434170
R0 [P2] iter 221: merge done, full_size=19458712
R0 [P2] iter 222 done: global_full_size=77774292
R1 [P2] iter 222 done: global_full_size=77774292
R2 [P2] iter 222 done: global_full_size=77774292
R3 [P2] iter 222 done: global_full_size=77774292
R0 [P2] iter 222: PRE-JOIN GPU mem: 84.3GB free / 85.1GB total | delta_size=28 full_size=19458712
R1 [P2] iter 222: PRE-JOIN GPU mem: 84.3GB free / 85.1GB total | delta_size=16 full_size=19434770
R2 [P2] iter 222: PRE-JOIN GPU mem: 84.3GB free / 85.1GB total | delta_size=26 full_size=19434170
R3 [P2] iter 222: PRE-JOIN GPU mem: 84.3GB free / 85.1GB total | delta_size=28 full_size=19446640
R0 [P2] iter 222: join done, raw=25 result_size=25
R1 [P2] iter 222: join done, raw=16 result_size=16
R2 [P2] iter 222: join done, raw=25 result_size=25
R3 [P2] iter 222: join done, raw=24 result_size=24
R0 [P2] iter 222: split done, delta_size=25
R1 [P2] iter 222: split done, delta_size=16
R2 [P2] iter 222: split done, delta_size=24
R3 [P2] iter 222: split done, delta_size=25
R0 [P2] iter 222: dedup done, delta_size=25
R1 [P2] iter 222: dedup done, delta_size=16
R2 [P2] iter 222: dedup done, delta_size=24
R3 [P2] iter 222: dedup done, delta_size=25
R0 [P2] iter 222: subtract done, delta_size=25
R1 [P2] iter 222: subtract done, delta_size=16
R2 [P2] iter 222: subtract done, delta_size=24
R3 [P2] iter 222: subtract done, delta_size=25
R3 [P2] iter 222: merge done, full_size=19446665
R2 [P2] iter 222: merge done, full_size=19434194
R1 [P2] iter 222: merge done, full_size=19434786
R0 [P2] iter 222: merge done, full_size=19458737
R0 [P2] iter 223 done: global_full_size=77774382
R1 [P2] iter 223 done: global_full_size=77774382
R2 [P2] iter 223 done: global_full_size=77774382
R3 [P2] iter 223 done: global_full_size=77774382
R0 [P2] iter 223: PRE-JOIN GPU mem: 84.3GB free / 85.1GB total | delta_size=25 full_size=19458737
R1 [P2] iter 223: PRE-JOIN GPU mem: 84.3GB free / 85.1GB total | delta_size=16 full_size=19434786
R2 [P2] iter 223: PRE-JOIN GPU mem: 84.3GB free / 85.1GB total | delta_size=24 full_size=19434194
R3 [P2] iter 223: PRE-JOIN GPU mem: 84.3GB free / 85.1GB total | delta_size=25 full_size=19446665
R0 [P2] iter 223: join done, raw=22 result_size=22
R1 [P2] iter 223: join done, raw=16 result_size=16
R2 [P2] iter 223: join done, raw=23 result_size=23
R3 [P2] iter 223: join done, raw=21 result_size=21
R0 [P2] iter 223: split done, delta_size=24
R1 [P2] iter 223: split done, delta_size=13
R2 [P2] iter 223: split done, delta_size=22
R3 [P2] iter 223: split done, delta_size=23
R0 [P2] iter 223: dedup done, delta_size=24
R1 [P2] iter 223: dedup done, delta_size=13
R2 [P2] iter 223: dedup done, delta_size=22
R3 [P2] iter 223: dedup done, delta_size=23
R0 [P2] iter 223: subtract done, delta_size=24
R1 [P2] iter 223: subtract done, delta_size=13
R3 [P2] iter 223: subtract done, delta_size=23
R2 [P2] iter 223: subtract done, delta_size=22
R0 [P2] iter 223: merge done, full_size=19458761
R3 [P2] iter 223: merge done, full_size=19446688
R1 [P2] iter 223: merge done, full_size=19434799
R2 [P2] iter 223: merge done, full_size=19434216
R0 [P2] iter 224 done: global_full_size=77774464
R1 [P2] iter 224 done: global_full_size=77774464
R2 [P2] iter 224 done: global_full_size=77774464
R3 [P2] iter 224 done: global_full_size=77774464
R0 [P2] iter 224: PRE-JOIN GPU mem: 84.3GB free / 85.1GB total | delta_size=24 full_size=19458761
R2 [P2] iter 224: PRE-JOIN GPU mem: 84.3GB free / 85.1GB total | delta_size=22 full_size=19434216
R1 [P2] iter 224: PRE-JOIN GPU mem: 84.3GB free / 85.1GB total | delta_size=13 full_size=19434799
R3 [P2] iter 224: PRE-JOIN GPU mem: 84.3GB free / 85.1GB total | delta_size=23 full_size=19446688
R0 [P2] iter 224: join done, raw=21 result_size=21
R1 [P2] iter 224: join done, raw=13 result_size=13
R2 [P2] iter 224: join done, raw=21 result_size=21
R3 [P2] iter 224: join done, raw=19 result_size=19
R0 [P2] iter 224: split done, delta_size=21
R1 [P2] iter 224: split done, delta_size=11
R2 [P2] iter 224: split done, delta_size=21
R3 [P2] iter 224: split done, delta_size=21
R0 [P2] iter 224: dedup done, delta_size=21
R1 [P2] iter 224: dedup done, delta_size=11
R2 [P2] iter 224: dedup done, delta_size=21
R3 [P2] iter 224: dedup done, delta_size=21
R0 [P2] iter 224: subtract done, delta_size=21
R1 [P2] iter 224: subtract done, delta_size=11
R2 [P2] iter 224: subtract done, delta_size=21
R3 [P2] iter 224: subtract done, delta_size=21
R2 [P2] iter 224: merge done, full_size=19434237
R0 [P2] iter 224: merge done, full_size=19458782
R3 [P2] iter 224: merge done, full_size=19446709
R1 [P2] iter 224: merge done, full_size=19434810
R1 [P2] iter 225 done: global_full_size=77774538
R0 [P2] iter 225 done: global_full_size=77774538
R2 [P2] iter 225 done: global_full_size=77774538
R3 [P2] iter 225 done: global_full_size=77774538
R0 [P2] iter 225: PRE-JOIN GPU mem: 84.3GB free / 85.1GB total | delta_size=21 full_size=19458782
R1 [P2] iter 225: PRE-JOIN GPU mem: 84.3GB free / 85.1GB total | delta_size=11 full_size=19434810
R2 [P2] iter 225: PRE-JOIN GPU mem: 84.3GB free / 85.1GB total | delta_size=21 full_size=19434237
R3 [P2] iter 225: PRE-JOIN GPU mem: 84.3GB free / 85.1GB total | delta_size=21 full_size=19446709
R0 [P2] iter 225: join done, raw=18 result_size=18
R1 [P2] iter 225: join done, raw=11 result_size=11
R2 [P2] iter 225: join done, raw=20 result_size=20
R3 [P2] iter 225: join done, raw=17 result_size=17
R0 [P2] iter 225: split done, delta_size=16
R1 [P2] iter 225: split done, delta_size=11
R2 [P2] iter 225: split done, delta_size=20
R3 [P2] iter 225: split done, delta_size=19
R0 [P2] iter 225: dedup done, delta_size=16
R1 [P2] iter 225: dedup done, delta_size=11
R2 [P2] iter 225: dedup done, delta_size=20
R3 [P2] iter 225: dedup done, delta_size=19
R0 [P2] iter 225: subtract done, delta_size=16
R1 [P2] iter 225: subtract done, delta_size=11
R2 [P2] iter 225: subtract done, delta_size=20
R3 [P2] iter 225: subtract done, delta_size=19
R0 [P2] iter 225: merge done, full_size=19458798
R1 [P2] iter 225: merge done, full_size=19434821
R3 [P2] iter 225: merge done, full_size=19446728
R2 [P2] iter 225: merge done, full_size=19434257
R2 [P2] iter 226 done: global_full_size=77774604
R0 [P2] iter 226 done: global_full_size=77774604
R1 [P2] iter 226 done: global_full_size=77774604
R3 [P2] iter 226 done: global_full_size=77774604
R2 [P2] iter 226: PRE-JOIN GPU mem: 84.3GB free / 85.1GB total | delta_size=20 full_size=19434257
R0 [P2] iter 226: PRE-JOIN GPU mem: 84.3GB free / 85.1GB total | delta_size=16 full_size=19458798
R1 [P2] iter 226: PRE-JOIN GPU mem: 84.3GB free / 85.1GB total | delta_size=11 full_size=19434821
R3 [P2] iter 226: PRE-JOIN GPU mem: 84.3GB free / 85.1GB total | delta_size=19 full_size=19446728
R0 [P2] iter 226: join done, raw=13 result_size=13
R1 [P2] iter 226: join done, raw=11 result_size=11
R2 [P2] iter 226: join done, raw=19 result_size=19
R3 [P2] iter 226: join done, raw=15 result_size=15
R0 [P2] iter 226: split done, delta_size=14
R1 [P2] iter 226: split done, delta_size=10
R2 [P2] iter 226: split done, delta_size=17
R3 [P2] iter 226: split done, delta_size=17
R0 [P2] iter 226: dedup done, delta_size=14
R1 [P2] iter 226: dedup done, delta_size=10
R2 [P2] iter 226: dedup done, delta_size=17
R3 [P2] iter 226: dedup done, delta_size=17
R0 [P2] iter 226: subtract done, delta_size=14
R1 [P2] iter 226: subtract done, delta_size=10
R2 [P2] iter 226: subtract done, delta_size=17
R3 [P2] iter 226: subtract done, delta_size=17
R2 [P2] iter 226: merge done, full_size=19434274
R3 [P2] iter 226: merge done, full_size=19446745
R0 [P2] iter 226: merge done, full_size=19458812
R1 [P2] iter 226: merge done, full_size=19434831
R1 [P2] iter 227 done: global_full_size=77774662
R0 [P2] iter 227 done: global_full_size=77774662
R2 [P2] iter 227 done: global_full_size=77774662
R3 [P2] iter 227 done: global_full_size=77774662
R0 [P2] iter 227: PRE-JOIN GPU mem: 84.3GB free / 85.1GB total | delta_size=14 full_size=19458812
R1 [P2] iter 227: PRE-JOIN GPU mem: 84.3GB free / 85.1GB total | delta_size=10 full_size=19434831
R2 [P2] iter 227: PRE-JOIN GPU mem: 84.3GB free / 85.1GB total | delta_size=17 full_size=19434274
R3 [P2] iter 227: PRE-JOIN GPU mem: 84.3GB free / 85.1GB total | delta_size=17 full_size=19446745
R0 [P2] iter 227: join done, raw=11 result_size=11
R1 [P2] iter 227: join done, raw=10 result_size=10
R2 [P2] iter 227: join done, raw=16 result_size=16
R3 [P2] iter 227: join done, raw=13 result_size=13
R0 [P2] iter 227: split done, delta_size=12
R1 [P2] iter 227: split done, delta_size=6
R2 [P2] iter 227: split done, delta_size=15
R3 [P2] iter 227: split done, delta_size=17
R0 [P2] iter 227: dedup done, delta_size=12
R1 [P2] iter 227: dedup done, delta_size=6
R2 [P2] iter 227: dedup done, delta_size=15
R3 [P2] iter 227: dedup done, delta_size=17
R0 [P2] iter 227: subtract done, delta_size=12
R1 [P2] iter 227: subtract done, delta_size=6
R2 [P2] iter 227: subtract done, delta_size=15
R3 [P2] iter 227: subtract done, delta_size=17
R0 [P2] iter 227: merge done, full_size=19458824
R1 [P2] iter 227: merge done, full_size=19434837
R2 [P2] iter 227: merge done, full_size=19434289
R0 [P2] iter 228 done: global_full_size=77774712
R1 [P2] iter 228 done: global_full_size=77774712
R3 [P2] iter 227: merge done, full_size=19446762
R3 [P2] iter 228 done: global_full_size=77774712
R2 [P2] iter 228 done: global_full_size=77774712
R0 [P2] iter 228: PRE-JOIN GPU mem: 84.3GB free / 85.1GB total | delta_size=12 full_size=19458824
R1 [P2] iter 228: PRE-JOIN GPU mem: 84.3GB free / 85.1GB total | delta_size=6 full_size=19434837
R2 [P2] iter 228: PRE-JOIN GPU mem: 84.3GB free / 85.1GB total | delta_size=15 full_size=19434289
R3 [P2] iter 228: PRE-JOIN GPU mem: 84.3GB free / 85.1GB total | delta_size=17 full_size=19446762
R0 [P2] iter 228: join done, raw=9 result_size=9
R1 [P2] iter 228: join done, raw=6 result_size=6
R2 [P2] iter 228: join done, raw=14 result_size=14
R3 [P2] iter 228: join done, raw=13 result_size=13
R0 [P2] iter 228: split done, delta_size=11
R1 [P2] iter 228: split done, delta_size=5
R2 [P2] iter 228: split done, delta_size=11
R3 [P2] iter 228: split done, delta_size=15
R0 [P2] iter 228: dedup done, delta_size=11
R1 [P2] iter 228: dedup done, delta_size=5
R2 [P2] iter 228: dedup done, delta_size=11
R3 [P2] iter 228: dedup done, delta_size=15
R0 [P2] iter 228: subtract done, delta_size=11
R1 [P2] iter 228: subtract done, delta_size=5
R2 [P2] iter 228: subtract done, delta_size=11
R3 [P2] iter 228: subtract done, delta_size=15
R1 [P2] iter 228: merge done, full_size=19434842
R0 [P2] iter 228: merge done, full_size=19458835
R3 [P2] iter 228: merge done, full_size=19446777
R2 [P2] iter 228: merge done, full_size=19434300
R2 [P2] iter 229 done: global_full_size=77774754
R0 [P2] iter 229 done: global_full_size=77774754
R1 [P2] iter 229 done: global_full_size=77774754
R3 [P2] iter 229 done: global_full_size=77774754
R0 [P2] iter 229: PRE-JOIN GPU mem: 84.3GB free / 85.1GB total | delta_size=11 full_size=19458835
R1 [P2] iter 229: PRE-JOIN GPU mem: 84.3GB free / 85.1GB total | delta_size=5 full_size=19434842
R2 [P2] iter 229: PRE-JOIN GPU mem: 84.3GB free / 85.1GB total | delta_size=11 full_size=19434300
R3 [P2] iter 229: PRE-JOIN GPU mem: 84.3GB free / 85.1GB total | delta_size=15 full_size=19446777
R0 [P2] iter 229: join done, raw=8 result_size=8
R1 [P2] iter 229: join done, raw=5 result_size=5
R2 [P2] iter 229: join done, raw=10 result_size=10
R3 [P2] iter 229: join done, raw=11 result_size=11
R0 [P2] iter 229: split done, delta_size=10
R1 [P2] iter 229: split done, delta_size=4
R2 [P2] iter 229: split done, delta_size=8
R3 [P2] iter 229: split done, delta_size=12
R1 [P2] iter 229: dedup done, delta_size=4
R0 [P2] iter 229: dedup done, delta_size=10
R2 [P2] iter 229: dedup done, delta_size=8
R3 [P2] iter 229: dedup done, delta_size=12
R0 [P2] iter 229: subtract done, delta_size=10
R1 [P2] iter 229: subtract done, delta_size=4
R2 [P2] iter 229: subtract done, delta_size=8
R3 [P2] iter 229: subtract done, delta_size=12
R3 [P2] iter 229: merge done, full_size=19446789
R1 [P2] iter 229: merge done, full_size=19434846
R2 [P2] iter 229: merge done, full_size=19434308
R0 [P2] iter 229: merge done, full_size=19458845
R0 [P2] iter 230 done: global_full_size=77774788
R1 [P2] iter 230 done: global_full_size=77774788
R2 [P2] iter 230 done: global_full_size=77774788
R3 [P2] iter 230 done: global_full_size=77774788
R0 [P2] iter 230: PRE-JOIN GPU mem: 84.3GB free / 85.1GB total | delta_size=10 full_size=19458845
R1 [P2] iter 230: PRE-JOIN GPU mem: 84.3GB free / 85.1GB total | delta_size=4 full_size=19434846
R2 [P2] iter 230: PRE-JOIN GPU mem: 84.3GB free / 85.1GB total | delta_size=8 full_size=19434308
R3 [P2] iter 230: PRE-JOIN GPU mem: 84.3GB free / 85.1GB total | delta_size=12 full_size=19446789
R0 [P2] iter 230: join done, raw=8 result_size=8
R1 [P2] iter 230: join done, raw=4 result_size=4
R2 [P2] iter 230: join done, raw=7 result_size=7
R3 [P2] iter 230: join done, raw=10 result_size=10
R0 [P2] iter 230: split done, delta_size=9
R1 [P2] iter 230: split done, delta_size=4
R2 [P2] iter 230: split done, delta_size=6
R3 [P2] iter 230: split done, delta_size=10
R1 [P2] iter 230: dedup done, delta_size=4
R0 [P2] iter 230: dedup done, delta_size=9
R2 [P2] iter 230: dedup done, delta_size=6
R3 [P2] iter 230: dedup done, delta_size=10
R0 [P2] iter 230: subtract done, delta_size=9
R1 [P2] iter 230: subtract done, delta_size=4
R2 [P2] iter 230: subtract done, delta_size=6
R3 [P2] iter 230: subtract done, delta_size=10
R0 [P2] iter 230: merge done, full_size=19458854
R2 [P2] iter 230: merge done, full_size=19434314
R1 [P2] iter 230: merge done, full_size=19434850
R0 [P2] iter 231 done: global_full_size=77774817
R1 [P2] iter 231 done: global_full_size=77774817
R2 [P2] iter 231 done: global_full_size=77774817
R3 [P2] iter 230: merge done, full_size=19446799
R3 [P2] iter 231 done: global_full_size=77774817
R0 [P2] iter 231: PRE-JOIN GPU mem: 84.3GB free / 85.1GB total | delta_size=9 full_size=19458854
R1 [P2] iter 231: PRE-JOIN GPU mem: 84.3GB free / 85.1GB total | delta_size=4 full_size=19434850
R3 [P2] iter 231: PRE-JOIN GPU mem: 84.3GB free / 85.1GB total | delta_size=10 full_size=19446799
R2 [P2] iter 231: PRE-JOIN GPU mem: 84.3GB free / 85.1GB total | delta_size=6 full_size=19434314
R0 [P2] iter 231: join done, raw=7 result_size=7
R1 [P2] iter 231: join done, raw=4 result_size=4
R2 [P2] iter 231: join done, raw=6 result_size=6
R3 [P2] iter 231: join done, raw=8 result_size=8
R0 [P2] iter 231: split done, delta_size=6
R1 [P2] iter 231: split done, delta_size=4
R2 [P2] iter 231: split done, delta_size=5
R3 [P2] iter 231: split done, delta_size=10
R0 [P2] iter 231: dedup done, delta_size=6
R1 [P2] iter 231: dedup done, delta_size=4
R2 [P2] iter 231: dedup done, delta_size=5
R3 [P2] iter 231: dedup done, delta_size=10
R0 [P2] iter 231: subtract done, delta_size=6
R1 [P2] iter 231: subtract done, delta_size=4
R2 [P2] iter 231: subtract done, delta_size=5
R3 [P2] iter 231: subtract done, delta_size=10
R0 [P2] iter 231: merge done, full_size=19458860
R1 [P2] iter 231: merge done, full_size=19434854
R3 [P2] iter 231: merge done, full_size=19446809
R2 [P2] iter 231: merge done, full_size=19434319
R2 [P2] iter 232 done: global_full_size=77774842
R0 [P2] iter 232 done: global_full_size=77774842
R1 [P2] iter 232 done: global_full_size=77774842
R3 [P2] iter 232 done: global_full_size=77774842
R0 [P2] iter 232: PRE-JOIN GPU mem: 84.3GB free / 85.1GB total | delta_size=6 full_size=19458860
R2 [P2] iter 232: PRE-JOIN GPU mem: 84.3GB free / 85.1GB total | delta_size=5 full_size=19434319
R1 [P2] iter 232: PRE-JOIN GPU mem: 84.3GB free / 85.1GB total | delta_size=4 full_size=19434854
R3 [P2] iter 232: PRE-JOIN GPU mem: 84.3GB free / 85.1GB total | delta_size=10 full_size=19446809
R0 [P2] iter 232: join done, raw=4 result_size=4
R1 [P2] iter 232: join done, raw=4 result_size=4
R2 [P2] iter 232: join done, raw=5 result_size=5
R3 [P2] iter 232: join done, raw=8 result_size=8
R0 [P2] iter 232: split done, delta_size=3
R1 [P2] iter 232: split done, delta_size=4
R2 [P2] iter 232: split done, delta_size=5
R3 [P2] iter 232: split done, delta_size=9
R0 [P2] iter 232: dedup done, delta_size=3
R1 [P2] iter 232: dedup done, delta_size=4
R2 [P2] iter 232: dedup done, delta_size=5
R3 [P2] iter 232: dedup done, delta_size=9
R0 [P2] iter 232: subtract done, delta_size=3
R1 [P2] iter 232: subtract done, delta_size=4
R2 [P2] iter 232: subtract done, delta_size=5
R3 [P2] iter 232: subtract done, delta_size=9
R2 [P2] iter 232: merge done, full_size=19434324
R3 [P2] iter 232: merge done, full_size=19446818
R0 [P2] iter 232: merge done, full_size=19458863
R0 [P2] iter 233 done: global_full_size=77774863
R1 [P2] iter 232: merge done, full_size=19434858
R1 [P2] iter 233 done: global_full_size=77774863
R2 [P2] iter 233 done: global_full_size=77774863
R3 [P2] iter 233 done: global_full_size=77774863
R0 [P2] iter 233: PRE-JOIN GPU mem: 84.3GB free / 85.1GB total | delta_size=3 full_size=19458863
R1 [P2] iter 233: PRE-JOIN GPU mem: 84.3GB free / 85.1GB total | delta_size=4 full_size=19434858
R2 [P2] iter 233: PRE-JOIN GPU mem: 84.3GB free / 85.1GB total | delta_size=5 full_size=19434324
R3 [P2] iter 233: PRE-JOIN GPU mem: 84.3GB free / 85.1GB total | delta_size=9 full_size=19446818
R1 [P2] iter 233: join done, raw=4 result_size=4
R0 [P2] iter 233: join done, raw=1 result_size=1
R2 [P2] iter 233: join done, raw=5 result_size=5
R3 [P2] iter 233: join done, raw=7 result_size=7
R0 [P2] iter 233: split done, delta_size=2
R1 [P2] iter 233: split done, delta_size=3
R2 [P2] iter 233: split done, delta_size=4
R3 [P2] iter 233: split done, delta_size=8
R0 [P2] iter 233: dedup done, delta_size=2
R1 [P2] iter 233: dedup done, delta_size=3
R2 [P2] iter 233: dedup done, delta_size=4
R3 [P2] iter 233: dedup done, delta_size=8
R0 [P2] iter 233: subtract done, delta_size=2
R1 [P2] iter 233: subtract done, delta_size=3
R2 [P2] iter 233: subtract done, delta_size=4
R3 [P2] iter 233: subtract done, delta_size=8
R0 [P2] iter 233: merge done, full_size=19458865
R3 [P2] iter 233: merge done, full_size=19446826
R1 [P2] iter 233: merge done, full_size=19434861
R2 [P2] iter 233: merge done, full_size=19434328
R2 [P2] iter 234 done: global_full_size=77774880
R0 [P2] iter 234 done: global_full_size=77774880
R1 [P2] iter 234 done: global_full_size=77774880
R3 [P2] iter 234 done: global_full_size=77774880
R0 [P2] iter 234: PRE-JOIN GPU mem: 84.3GB free / 85.1GB total | delta_size=2 full_size=19458865
R2 [P2] iter 234: PRE-JOIN GPU mem: 84.3GB free / 85.1GB total | delta_size=4 full_size=19434328
R1 [P2] iter 234: PRE-JOIN GPU mem: 84.3GB free / 85.1GB total | delta_size=3 full_size=19434861
R3 [P2] iter 234: PRE-JOIN GPU mem: 84.3GB free / 85.1GB total | delta_size=8 full_size=19446826
R0 [P2] iter 234: join done, raw=0 result_size=0
R1 [P2] iter 234: join done, raw=3 result_size=3
R2 [P2] iter 234: join done, raw=4 result_size=4
R3 [P2] iter 234: join done, raw=6 result_size=6
R0 [P2] iter 234: split done, delta_size=2
R1 [P2] iter 234: split done, delta_size=3
R2 [P2] iter 234: split done, delta_size=3
R3 [P2] iter 234: split done, delta_size=5
R0 [P2] iter 234: dedup done, delta_size=2
R1 [P2] iter 234: dedup done, delta_size=3
R2 [P2] iter 234: dedup done, delta_size=3
R3 [P2] iter 234: dedup done, delta_size=5
R0 [P2] iter 234: subtract done, delta_size=2
R1 [P2] iter 234: subtract done, delta_size=3
R2 [P2] iter 234: subtract done, delta_size=3
R3 [P2] iter 234: subtract done, delta_size=5
R0 [P2] iter 234: merge done, full_size=19458867
R1 [P2] iter 234: merge done, full_size=19434864
R3 [P2] iter 234: merge done, full_size=19446831
R2 [P2] iter 234: merge done, full_size=19434331
R2 [P2] iter 235 done: global_full_size=77774893
R0 [P2] iter 235 done: global_full_size=77774893
R1 [P2] iter 235 done: global_full_size=77774893
R3 [P2] iter 235 done: global_full_size=77774893
R2 [P2] iter 235: PRE-JOIN GPU mem: 84.3GB free / 85.1GB total | delta_size=3 full_size=19434331
R0 [P2] iter 235: PRE-JOIN GPU mem: 84.3GB free / 85.1GB total | delta_size=2 full_size=19458867
R1 [P2] iter 235: PRE-JOIN GPU mem: 84.3GB free / 85.1GB total | delta_size=3 full_size=19434864
R3 [P2] iter 235: PRE-JOIN GPU mem: 84.3GB free / 85.1GB total | delta_size=5 full_size=19446831
R0 [P2] iter 235: join done, raw=0 result_size=0
R1 [P2] iter 235: join done, raw=3 result_size=3
R2 [P2] iter 235: join done, raw=3 result_size=3
R3 [P2] iter 235: join done, raw=3 result_size=3
R0 [P2] iter 235: split done, delta_size=2
R2 [P2] iter 235: split done, delta_size=1
R3 [P2] iter 235: split done, delta_size=4
R1 [P2] iter 235: split done, delta_size=2
R0 [P2] iter 235: dedup done, delta_size=2
R2 [P2] iter 235: dedup done, delta_size=1
R3 [P2] iter 235: dedup done, delta_size=4
R1 [P2] iter 235: dedup done, delta_size=2
R0 [P2] iter 235: subtract done, delta_size=2
R2 [P2] iter 235: subtract done, delta_size=1
R3 [P2] iter 235: subtract done, delta_size=4
R1 [P2] iter 235: subtract done, delta_size=2
R0 [P2] iter 235: merge done, full_size=19458869
R2 [P2] iter 235: merge done, full_size=19434332
R3 [P2] iter 235: merge done, full_size=19446835
R0 [P2] iter 236 done: global_full_size=77774902
R1 [P2] iter 235: merge done, full_size=19434866
R1 [P2] iter 236 done: global_full_size=77774902
R2 [P2] iter 236 done: global_full_size=77774902
R3 [P2] iter 236 done: global_full_size=77774902
R0 [P2] iter 236: PRE-JOIN GPU mem: 84.3GB free / 85.1GB total | delta_size=2 full_size=19458869
R1 [P2] iter 236: PRE-JOIN GPU mem: 84.3GB free / 85.1GB total | delta_size=2 full_size=19434866
R2 [P2] iter 236: PRE-JOIN GPU mem: 84.3GB free / 85.1GB total | delta_size=1 full_size=19434332
R3 [P2] iter 236: PRE-JOIN GPU mem: 84.3GB free / 85.1GB total | delta_size=4 full_size=19446835
R0 [P2] iter 236: join done, raw=0 result_size=0
R1 [P2] iter 236: join done, raw=2 result_size=2
R2 [P2] iter 236: join done, raw=1 result_size=1
R3 [P2] iter 236: join done, raw=2 result_size=2
R1 [P2] iter 236: split done, delta_size=0
R0 [P2] iter 236: split done, delta_size=2
R2 [P2] iter 236: split done, delta_size=1
R3 [P2] iter 236: split done, delta_size=2
R0 [P2] iter 236: dedup done, delta_size=2
R2 [P2] iter 236: dedup done, delta_size=1
R3 [P2] iter 236: dedup done, delta_size=2
R0 [P2] iter 236: subtract done, delta_size=2
R2 [P2] iter 236: subtract done, delta_size=1
R3 [P2] iter 236: subtract done, delta_size=2
R1 [P2] iter 236: dedup done, delta_size=0
R2 [P2] iter 236: merge done, full_size=19434333
R3 [P2] iter 236: merge done, full_size=19446837
R0 [P2] iter 236: merge done, full_size=19458871
R0 [P2] iter 237 done: global_full_size=77774907
R1 [P2] iter 236: subtract done, delta_size=0
R1 [P2] iter 237 done: global_full_size=77774907
R2 [P2] iter 237 done: global_full_size=77774907
R3 [P2] iter 237 done: global_full_size=77774907
R0 [P2] iter 237: PRE-JOIN GPU mem: 84.3GB free / 85.1GB total | delta_size=2 full_size=19458871
R2 [P2] iter 237: PRE-JOIN GPU mem: 84.3GB free / 85.1GB total | delta_size=1 full_size=19434333
R3 [P2] iter 237: PRE-JOIN GPU mem: 84.3GB free / 85.1GB total | delta_size=2 full_size=19446837
R1 [P2] iter 237: PRE-JOIN GPU mem: 84.3GB free / 85.1GB total | delta_size=0 full_size=19434866
R1 [P2] iter 237: join done, raw=0 result_size=0
R0 [P2] iter 237: join done, raw=0 result_size=0
R3 [P2] iter 237: join done, raw=0 result_size=0
R2 [P2] iter 237: join done, raw=1 result_size=1
R2 [P2] iter 237: split done, delta_size=0
R3 [P2] iter 237: split done, delta_size=1
R3 [P2] iter 237: dedup done, delta_size=1
R3 [P2] iter 237: subtract done, delta_size=1
R0 [P2] iter 237: split done, delta_size=0
R1 [P2] iter 237: split done, delta_size=0
R3 [P2] iter 237: merge done, full_size=19446838
R1 [P2] iter 237: dedup done, delta_size=0
R0 [P2] iter 237: dedup done, delta_size=0
R2 [P2] iter 237: dedup done, delta_size=0
R1 [P2] iter 237: subtract done, delta_size=0
R2 [P2] iter 237: subtract done, delta_size=0
R0 [P2] iter 237: subtract done, delta_size=0
R0 [P2] iter 238 done: global_full_size=77774908
R1 [P2] iter 238 done: global_full_size=77774908
R2 [P2] iter 238 done: global_full_size=77774908
R3 [P2] iter 238 done: global_full_size=77774908
R1 [P2] iter 238: PRE-JOIN GPU mem: 84.3GB free / 85.1GB total | delta_size=0 full_size=19434866
R2 [P2] iter 238: PRE-JOIN GPU mem: 84.3GB free / 85.1GB total | delta_size=0 full_size=19434333
R2 [P2] iter 238: join done, raw=0 result_size=0
R0 [P2] iter 238: PRE-JOIN GPU mem: 84.3GB free / 85.1GB total | delta_size=0 full_size=19458871
R0 [P2] iter 238: join done, raw=0 result_size=0
R1 [P2] iter 238: join done, raw=0 result_size=0
R3 [P2] iter 238: PRE-JOIN GPU mem: 84.3GB free / 85.1GB total | delta_size=1 full_size=19446838
R3 [P2] iter 238: join done, raw=0 result_size=0
R3 [P2] iter 238: split done, delta_size=0
R1 [P2] iter 238: split done, delta_size=0
R2 [P2] iter 238: split done, delta_size=0
R0 [P2] iter 238: split done, delta_size=0
R3 [P2] iter 238: dedup done, delta_size=0
R1 [P2] iter 238: dedup done, delta_size=0
R0 [P2] iter 238: dedup done, delta_size=0
R2 [P2] iter 238: dedup done, delta_size=0
R3 [P2] iter 238: subtract done, delta_size=0
R0 [P2] iter 238: subtract done, delta_size=0
R2 [P2] iter 238: subtract done, delta_size=0
R1 [P2] iter 238: subtract done, delta_size=0
R0 [P2] iter 239 done: global_full_size=77774908
R1 [P2] iter 239 done: global_full_size=77774908
R2 [P2] iter 239 done: global_full_size=77774908
R3 [P2] iter 239 done: global_full_size=77774908
R2 [P2→P3] GPU mem: 84.4GB free / 85.1GB total
R2 [P2→P3] Live allocations:
  full (TC(g^k) rev): 19434333 tuples = 0.2GB
  delta:              0 tuples = 0.0GB
  seed:               11248504 tuples = 0.1GB
R2 [P2→P3] Accounted: 0.2GB | Unaccounted: 0.5GB
R2 [P3] entering Phase 3: seed_size=11248504 full_size=19434333
R3 [P2→P3] GPU mem: 84.4GB free / 85.1GB total
R3 [P2→P3] Live allocations:
  full (TC(g^k) rev): 19446838 tuples = 0.2GB
  delta:              0 tuples = 0.0GB
  seed:               10760737 tuples = 0.1GB
R3 [P2→P3] Accounted: 0.2GB | Unaccounted: 0.5GB
R3 [P3] entering Phase 3: seed_size=10760737 full_size=19446838
Phase 2: 1.1639s | TC(g^k) = 77774908 tuples, 239 iterations
  Join: 0.1954s | Dedup: 0.0807s | Subtract: 0.1079s | Merge: 0.4531s | HT build: 0.0004s
  Comm: 0.1777s
R0 [P2→P3] GPU mem: 84.4GB free / 85.1GB total
R0 [P2→P3] Live allocations:
  full (TC(g^k) rev): 19458871 tuples = 0.2GB
  delta:              0 tuples = 0.0GB
  seed:               12369181 tuples = 0.1GB
R0 [P2→P3] Accounted: 0.3GB | Unaccounted: 0.5GB
R0 [P3] entering Phase 3: seed_size=12369181 full_size=19458871
R0 [P3] allgather counts done: total_seed_size=46132939
R1 [P2→P3] GPU mem: 84.4GB free / 85.1GB total
R1 [P2→P3] Live allocations:
  full (TC(g^k) rev): 19434866 tuples = 0.2GB
  delta:              0 tuples = 0.0GB
  seed:               11754517 tuples = 0.1GB
R1 [P2→P3] Accounted: 0.2GB | Unaccounted: 0.5GB
R1 [P3] entering Phase 3: seed_size=11754517 full_size=19434866
R1 [P3] allgather counts done: total_seed_size=46132939
R3 [P3] allgather counts done: total_seed_size=46132939
R2 [P3] allgather counts done: total_seed_size=46132939
R0 [P3] allgatherv seeds done
R1 [P3] allgatherv seeds done
R3 [P3] allgatherv seeds done
R2 [P3] allgatherv seeds done
R0 [P3] seed HT built: total_seed_size=46132939 seed_ht_rows=134217728 | GPU mem: 83.3GB free
  Live: full=0.2GB + delta=0.0GB + seed=0.1GB + seed_ht=1.1GB = 1.3GB | used=1.8GB
R1 [P3] seed HT built: total_seed_size=46132939 seed_ht_rows=134217728 | GPU mem: 83.3GB free
  Live: full=0.2GB + delta=0.0GB + seed=0.1GB + seed_ht=1.1GB = 1.3GB | used=1.8GB
R3 [P3] seed HT built: total_seed_size=46132939 seed_ht_rows=134217728 | GPU mem: 83.3GB free
  Live: full=0.2GB + delta=0.0GB + seed=0.1GB + seed_ht=1.1GB = 1.3GB | used=1.8GB
R1 [P3] reversed full in place: full_size=19434866
R0 [P3] reversed full in place: full_size=19458871
R3 [P3] reversed full in place: full_size=19446838
R0 [P3] PRE-JOIN GPU mem: 83.3GB free / 85.1GB total | probe_size=19458871 seed_ht_rows=134217728
R1 [P3] PRE-JOIN GPU mem: 83.3GB free / 85.1GB total | probe_size=19434866 seed_ht_rows=134217728
R2 [P3] seed HT built: total_seed_size=46132939 seed_ht_rows=134217728 | GPU mem: 83.3GB free
  Live: full=0.2GB + delta=0.0GB + seed=0.1GB + seed_ht=1.1GB = 1.3GB | used=1.8GB
R3 [P3] PRE-JOIN GPU mem: 83.3GB free / 85.1GB total | probe_size=19446838 seed_ht_rows=134217728
R2 [P3] reversed full in place: full_size=19434333
R2 [P3] PRE-JOIN GPU mem: 83.3GB free / 85.1GB total | probe_size=19434333 seed_ht_rows=134217728
R3 [P3] join raw=71137565 -> kept=67274277 (1.1x collapse)
R0 [P3] join raw=71186199 -> kept=67284645 (1.1x collapse)
R3 [P3] join done: extended_size=67274277 (0.5GB) | GPU mem: 83.8GB free
R2 [P3] join raw=71092009 -> kept=67203910 (1.1x collapse)
R1 [P3] join raw=71089373 -> kept=67197321 (1.1x collapse)
R0 [P3] join done: extended_size=67284645 (0.5GB) | GPU mem: 83.8GB free
R1 [P3] join done: extended_size=67197321 (0.5GB) | GPU mem: 83.8GB free
R2 [P3] join done: extended_size=67203910 (0.5GB) | GPU mem: 83.8GB free
R1 [P3] PRE-SPLIT GPU mem: 84.0GB free / 85.1GB total | extended_size=67197321 (0.5GB)
R3 [P3] PRE-SPLIT GPU mem: 84.0GB free / 85.1GB total | extended_size=67274277 (0.5GB)
R2 [P3] PRE-SPLIT GPU mem: 84.0GB free / 85.1GB total | extended_size=67203910 (0.5GB)
R0 [P3] PRE-SPLIT GPU mem: 84.0GB free / 85.1GB total | extended_size=67284645 (0.5GB)
R1 [P3] extended sorted & copied to host, GPU freed: 84.6GB free
R2 [P3] extended sorted & copied to host, GPU freed: 84.6GB free
R3 [P3] extended sorted & copied to host, GPU freed: 84.6GB free
R0 [P3] extended sorted & copied to host, GPU freed: 84.5GB free
R3 [P3] extended split done: ext_split_size=67274277
R0 [P3] extended split done: ext_split_size=67284645
R1 [P3] extended split done: ext_split_size=67197321
R2 [P3] extended split done: ext_split_size=67203910
R0 [P3] seed split done: seed_split_size=11533375
R2 [P3] seed split done: seed_split_size=11533156
R3 [P3] seed split done: seed_split_size=11535744
R1 [P3] seed split done: seed_split_size=11530664
R3 [P3] concat done: result_size=78810021 (seed=11535744 + ext=67274277)
R0 [P3] concat done: result_size=78818020 (seed=11533375 + ext=67284645)
R2 [P3] concat done: result_size=78737066 (seed=11533156 + ext=67203910)
R1 [P3] concat done: result_size=78727985 (seed=11530664 + ext=67197321)
R0 [P3] dedup done: result_size=78472101
R3 [P3] dedup done: result_size=78462754
R1 [P3] dedup done: result_size=78381870
R2 [P3] dedup done: result_size=78389267
Phase 1: 0.3048s | seed_size=12369181 (length 1), g^k_size=10760737
Phase 2: 1.1639s | TC(g^k) = 77774908 tuples, 239 iterations
  Join: 0.1954s | Dedup: 0.0807s | Subtract: 0.1079s | Merge: 0.4531s | HT build: 0.0004s
  Comm: 0.1777s
Phase 3: 0.6075s
  Join: 0.0433s | HT build: 0.0275s | Comm: 0.3764s | Dedup: 0.0355s | Kernels: 0.1084s
─────────────────────────────────────
Total: 2.0858s | TC size: 313705992
