R0 [P1] parallel_read done: row_size=10339 total_rows=165435
R12 [P1] parallel_read done: row_size=10339 total_rows=165435
R6 [P1] parallel_read done: row_size=10339 total_rows=165435
R10 [P1] parallel_read done: row_size=10340 total_rows=165435
R2 [P1] parallel_read done: row_size=10340 total_rows=165435
R15 [P1] parallel_read done: row_size=10340 total_rows=165435
R7 [P1] parallel_read done: row_size=10340 total_rows=165435
R9 [P1] parallel_read done: row_size=10339 total_rows=165435
R1 [P1] parallel_read done: row_size=10340 total_rows=165435
R14 [P1] parallel_read done: row_size=10340 total_rows=165435
R5 [P1] parallel_read done: row_size=10340 total_rows=165435
R11 [P1] parallel_read done: row_size=10340 total_rows=165435
R3 [P1] parallel_read done: row_size=10339 total_rows=165435
R13 [P1] parallel_read done: row_size=10340 total_rows=165435
R4 [P1] parallel_read done: row_size=10340 total_rows=165435
R8 [P1] parallel_read done: row_size=10340 total_rows=165435
R10 [P1] allgather done
R2 [P1] allgather done
R14 [P1] allgather done
R6 [P1] allgather done
R9 [P1] allgather done
R0 [P1] allgather done
R15 [P1] allgather done
R7 [P1] allgather done
R8 [P1] allgather done
R1 [P1] allgather done
R12 [P1] allgather done
R5 [P1] allgather done
R11 [P1] allgather done
R3 [P1] allgather done
R13 [P1] allgather done
R4 [P1] allgather done
R4 [P1] entity arrays + dedup done: g_size=165435 l_size=165435
R4 [P1] initial HT built: ht_rows=524288
R4 [P1] step 0: g_rev join done, temp_g_rev_size=206898
R4 [P1] step 0: g_rev dedup done, g_rev_size=203354
R4 [P1] step 0: g squared, g_size=203354 ht_rows=524288
R4 [P1] step 1: g_rev join done, temp_g_rev_size=319732
R4 [P1] step 1: g_rev dedup done, g_rev_size=305075
R4 [P1] step 1: g squared, g_size=305075 ht_rows=524288
R4 [P1] step 2: seed join done, temp_l_size=393524
R4 [P1] step 2: seed dedup done, l_size=376027
R4 [P1] step 2: g_rev join done, temp_g_rev_size=789207
R4 [P1] step 2: g_rev dedup done, g_rev_size=679183
R11 [P1] entity arrays + dedup done: g_size=165435 l_size=165435
R4 [P1] step 2: g squared, g_size=679183 ht_rows=2097152
R11 [P1] initial HT built: ht_rows=524288
R11 [P1] step 0: seed join done, temp_l_size=206898
R4 [P1] step 3: g_rev join done, temp_g_rev_size=4350784
R11 [P1] step 0: seed dedup done, l_size=203354
R11 [P1] step 0: g_rev join done, temp_g_rev_size=206898
R11 [P1] step 0: g_rev dedup done, g_rev_size=203354
R4 [P1] step 3: g_rev dedup done, g_rev_size=2458476
R11 [P1] step 0: g squared, g_size=203354 ht_rows=524288
R11 [P1] step 1: seed join done, temp_l_size=319732
R1 [P1] entity arrays + dedup done: g_size=165435 l_size=165435
R1 [P1] initial HT built: ht_rows=524288
R11 [P1] step 1: seed dedup done, l_size=305075
R1 [P1] step 0: seed join done, temp_l_size=206898
R0 [P1] entity arrays + dedup done: g_size=165435 l_size=165435
R11 [P1] step 1: g_rev join done, temp_g_rev_size=319732
R0 [P1] initial HT built: ht_rows=524288
R1 [P1] step 0: seed dedup done, l_size=203354
R11 [P1] step 1: g_rev dedup done, g_rev_size=305075
R1 [P1] step 0: g_rev join done, temp_g_rev_size=206898
R0 [P1] step 0: g_rev join done, temp_g_rev_size=206898
R11 [P1] step 1: g squared, g_size=305075 ht_rows=524288
R1 [P1] step 0: g_rev dedup done, g_rev_size=203354
R0 [P1] step 0: g_rev dedup done, g_rev_size=203354
R11 [P1] step 2: g_rev join done, temp_g_rev_size=789207
R1 [P1] step 0: g squared, g_size=203354 ht_rows=524288
R0 [P1] step 0: g squared, g_size=203354 ht_rows=524288
R11 [P1] step 2: g_rev dedup done, g_rev_size=679183
R4 [P1] step 3: g squared, g_size=2458476 ht_rows=4194304
R1 [P1] step 1: g_rev join done, temp_g_rev_size=319732
R0 [P1] step 1: g_rev join done, temp_g_rev_size=319732
R11 [P1] step 2: g squared, g_size=679183 ht_rows=2097152
R1 [P1] step 1: g_rev dedup done, g_rev_size=305075
R0 [P1] step 1: g_rev dedup done, g_rev_size=305075
R11 [P1] step 3: seed join done, temp_l_size=1829245
R9 [P1] entity arrays + dedup done: g_size=165435 l_size=165435
R1 [P1] step 1: g squared, g_size=305075 ht_rows=524288
R0 [P1] step 1: g squared, g_size=305075 ht_rows=524288
R9 [P1] initial HT built: ht_rows=524288
R11 [P1] step 3: seed dedup done, l_size=1367006
R9 [P1] step 0: seed join done, temp_l_size=206898
R1 [P1] step 2: g_rev join done, temp_g_rev_size=789207
R0 [P1] step 2: g_rev join done, temp_g_rev_size=789207
R9 [P1] step 0: seed dedup done, l_size=203354
R1 [P1] step 2: g_rev dedup done, g_rev_size=679183
R0 [P1] step 2: g_rev dedup done, g_rev_size=679183
R5 [P1] entity arrays + dedup done: g_size=165435 l_size=165435
R9 [P1] step 0: g_rev join done, temp_g_rev_size=206898
R11 [P1] step 3: g_rev join done, temp_g_rev_size=4350784
R1 [P1] step 2: g squared, g_size=679183 ht_rows=2097152
R0 [P1] step 2: g squared, g_size=679183 ht_rows=2097152
R9 [P1] step 0: g_rev dedup done, g_rev_size=203354
R8 [P1] entity arrays + dedup done: g_size=165435 l_size=165435
R10 [P1] entity arrays + dedup done: g_size=165435 l_size=165435
R8 [P1] initial HT built: ht_rows=524288
R10 [P1] initial HT built: ht_rows=524288
R1 [P1] step 3: g_rev join done, temp_g_rev_size=4350784
R9 [P1] step 0: g squared, g_size=203354 ht_rows=524288
R0 [P1] step 3: g_rev join done, temp_g_rev_size=4350784
R2 [P1] entity arrays + dedup done: g_size=165435 l_size=165435
R3 [P1] entity arrays + dedup done: g_size=165435 l_size=165435
R2 [P1] initial HT built: ht_rows=524288
R3 [P1] initial HT built: ht_rows=524288
R12 [P1] entity arrays + dedup done: g_size=165435 l_size=165435
R13 [P1] entity arrays + dedup done: g_size=165435 l_size=165435
R1 [P1] step 3: g_rev dedup done, g_rev_size=2458476
R2 [P1] step 0: g_rev join done, temp_g_rev_size=206898
R15 [P1] entity arrays + dedup done: g_size=165435 l_size=165435
R12 [P1] initial HT built: ht_rows=524288
R4 [P1] partition filter done: gk_fwd=152613 gk_rev=150813
Rank 4 Phase 1: 0.1733s | seed_size=376027 (length 5), g^k_size=2458476
R0 [P1] step 3: g_rev dedup done, g_rev_size=2458476
R3 [P1] step 0: seed join done, temp_l_size=206898
R13 [P1] initial HT built: ht_rows=524288
R5 [P1] initial HT built: ht_rows=524288
R14 [P1] entity arrays + dedup done: g_size=165435 l_size=165435
R8 [P1] step 0: g_rev join done, temp_g_rev_size=206898
R10 [P1] step 0: g_rev join done, temp_g_rev_size=206898
R11 [P1] step 3: g_rev dedup done, g_rev_size=2458476
R15 [P1] initial HT built: ht_rows=524288
R2 [P1] step 0: g_rev dedup done, g_rev_size=203354
R14 [P1] initial HT built: ht_rows=524288
R12 [P1] step 0: g_rev join done, temp_g_rev_size=206898
R3 [P1] step 0: seed dedup done, l_size=203354
R13 [P1] step 0: seed join done, temp_l_size=206898
R15 [P1] step 0: seed join done, temp_l_size=206898
R14 [P1] step 0: g_rev join done, temp_g_rev_size=206898
R12 [P1] step 0: g_rev dedup done, g_rev_size=203354
R3 [P1] step 0: g_rev join done, temp_g_rev_size=206898
R13 [P1] step 0: seed dedup done, l_size=203354
R2 [P1] step 0: g squared, g_size=203354 ht_rows=524288
R3 [P1] step 0: g_rev dedup done, g_rev_size=203354
R15 [P1] step 0: seed dedup done, l_size=203354
R14 [P1] step 0: g_rev dedup done, g_rev_size=203354
R2 [P1] step 1: seed join done, temp_l_size=255858
R13 [P1] step 0: g_rev join done, temp_g_rev_size=206898
R3 [P1] step 0: g squared, g_size=203354 ht_rows=524288
R2 [P1] step 1: seed dedup done, l_size=248868
R12 [P1] step 0: g squared, g_size=203354 ht_rows=524288
R15 [P1] step 0: g_rev join done, temp_g_rev_size=206898
R13 [P1] step 0: g_rev dedup done, g_rev_size=203354
R3 [P1] step 1: seed join done, temp_l_size=319732
R2 [P1] step 1: g_rev join done, temp_g_rev_size=319732
R14 [P1] step 0: g squared, g_size=203354 ht_rows=524288
R15 [P1] step 0: g_rev dedup done, g_rev_size=203354
R5 [P1] step 0: seed join done, temp_l_size=206898
R6 [P1] entity arrays + dedup done: g_size=165435 l_size=165435
R3 [P1] step 1: seed dedup done, l_size=305075
R7 [P1] entity arrays + dedup done: g_size=165435 l_size=165435
R2 [P1] step 1: g_rev dedup done, g_rev_size=305075
R4 [P2] dedup full done: full_size=150813
R12 [P1] step 1: g_rev join done, temp_g_rev_size=319732
R6 [P1] initial HT built: ht_rows=524288
R4 [P2] delta copy done: delta_size=150813
R7 [P1] initial HT built: ht_rows=524288
R3 [P1] step 1: g_rev join done, temp_g_rev_size=319732
R13 [P1] step 0: g squared, g_size=203354 ht_rows=524288
R14 [P1] step 1: seed join done, temp_l_size=255858
R0 [P1] step 3: g squared, g_size=2458476 ht_rows=4194304
R1 [P1] step 3: g squared, g_size=2458476 ht_rows=4194304
R5 [P1] step 0: seed dedup done, l_size=203354
R2 [P1] step 1: g squared, g_size=305075 ht_rows=524288
R6 [P1] step 0: g_rev join done, temp_g_rev_size=206898
R0 [P1] partition filter done: gk_fwd=154512 gk_rev=157194
Rank 0 Phase 1: 0.1518s | seed_size=165435 (length 1), g^k_size=2458476
R1 [P1] partition filter done: gk_fwd=155624 gk_rev=157169
Rank 1 Phase 1: 0.1755s | seed_size=203354 (length 2), g^k_size=2458476
R15 [P1] step 0: g squared, g_size=203354 ht_rows=524288
R7 [P1] step 0: seed join done, temp_l_size=206898
R12 [P1] step 1: g_rev dedup done, g_rev_size=305075
R4 [P2] HT built: gk_fwd_size=152613 ht_rows=262144
R3 [P1] step 1: g_rev dedup done, g_rev_size=305075
R5 [P1] step 0: g_rev join done, temp_g_rev_size=206898
R6 [P1] step 0: g_rev dedup done, g_rev_size=203354
R14 [P1] step 1: seed dedup done, l_size=248868
R0 [P2] dedup full done: full_size=157194
R13 [P1] step 1: g_rev join done, temp_g_rev_size=319732
R7 [P1] step 0: seed dedup done, l_size=203354
R1 [P2] dedup full done: full_size=157169
R2 [P1] step 2: g_rev join done, temp_g_rev_size=789207
R0 [P2] delta copy done: delta_size=157194
R5 [P1] step 0: g_rev dedup done, g_rev_size=203354
R1 [P2] delta copy done: delta_size=157169
R7 [P1] step 0: g_rev join done, temp_g_rev_size=206898
R15 [P1] step 1: seed join done, temp_l_size=319732
R12 [P1] step 1: g squared, g_size=305075 ht_rows=524288
R3 [P1] step 1: g squared, g_size=305075 ht_rows=524288
R2 [P1] step 2: g_rev dedup done, g_rev_size=679183
R6 [P1] step 0: g squared, g_size=203354 ht_rows=524288
R13 [P1] step 1: g_rev dedup done, g_rev_size=305075
R0 [P2] HT built: gk_fwd_size=154512 ht_rows=262144
R14 [P1] step 1: g_rev join done, temp_g_rev_size=319732
R7 [P1] step 0: g_rev dedup done, g_rev_size=203354
R1 [P2] HT built: gk_fwd_size=155624 ht_rows=262144
R15 [P1] step 1: seed dedup done, l_size=305075
R5 [P1] step 0: g squared, g_size=203354 ht_rows=524288
R6 [P1] step 1: seed join done, temp_l_size=255858
R12 [P1] step 2: seed join done, temp_l_size=393524
R3 [P1] step 2: g_rev join done, temp_g_rev_size=789207
R2 [P1] step 2: g squared, g_size=679183 ht_rows=2097152
R14 [P1] step 1: g_rev dedup done, g_rev_size=305075
R13 [P1] step 1: g squared, g_size=305075 ht_rows=524288
R7 [P1] step 0: g squared, g_size=203354 ht_rows=524288
R6 [P1] step 1: seed dedup done, l_size=248868
R3 [P1] step 2: g_rev dedup done, g_rev_size=679183
R5 [P1] step 1: g_rev join done, temp_g_rev_size=319732
R2 [P1] step 3: g_rev join done, temp_g_rev_size=4350784
R12 [P1] step 2: seed dedup done, l_size=376027
R15 [P1] step 1: g_rev join done, temp_g_rev_size=319732
R5 [P1] step 1: g_rev dedup done, g_rev_size=305075
R6 [P1] step 1: g_rev join done, temp_g_rev_size=319732
R7 [P1] step 1: seed join done, temp_l_size=319732
R3 [P1] step 2: g squared, g_size=679183 ht_rows=2097152
R14 [P1] step 1: g squared, g_size=305075 ht_rows=524288
R13 [P1] step 2: seed join done, temp_l_size=499135
R15 [P1] step 1: g_rev dedup done, g_rev_size=305075
R7 [P1] step 1: seed dedup done, l_size=305075
R6 [P1] step 1: g_rev dedup done, g_rev_size=305075
R3 [P1] step 3: g_rev join done, temp_g_rev_size=4350784
R5 [P1] step 1: g squared, g_size=305075 ht_rows=524288
R9 [P1] step 1: g_rev join done, temp_g_rev_size=319732
R12 [P1] step 2: g_rev join done, temp_g_rev_size=789207
R8 [P1] step 0: g_rev dedup done, g_rev_size=203354
R10 [P1] step 0: g_rev dedup done, g_rev_size=203354
R2 [P1] step 3: g_rev dedup done, g_rev_size=2458476
R14 [P1] step 2: seed join done, temp_l_size=628587
R13 [P1] step 2: seed dedup done, l_size=460476
R7 [P1] step 1: g_rev join done, temp_g_rev_size=319732
R6 [P1] step 1: g squared, g_size=305075 ht_rows=524288
R5 [P1] step 2: seed join done, temp_l_size=499135
R9 [P1] step 1: g_rev dedup done, g_rev_size=305075
R7 [P1] step 1: g_rev dedup done, g_rev_size=305075
R3 [P1] step 3: g_rev dedup done, g_rev_size=2458476
R12 [P1] step 2: g_rev dedup done, g_rev_size=679183
R8 [P1] step 0: g squared, g_size=203354 ht_rows=524288
R10 [P1] step 0: g squared, g_size=203354 ht_rows=524288
R15 [P1] step 1: g squared, g_size=305075 ht_rows=524288
R14 [P1] step 2: seed dedup done, l_size=560354
R13 [P1] step 2: g_rev join done, temp_g_rev_size=789207
R5 [P1] step 2: seed dedup done, l_size=460476
R6 [P1] step 2: seed join done, temp_l_size=628587
R10 [P1] step 1: seed join done, temp_l_size=255858
R9 [P1] step 1: g squared, g_size=305075 ht_rows=524288
R7 [P1] step 1: g squared, g_size=305075 ht_rows=524288
R8 [P1] step 1: g_rev join done, temp_g_rev_size=319732
R10 [P1] step 1: seed dedup done, l_size=248868
R5 [P1] step 2: g_rev join done, temp_g_rev_size=789207
R15 [P1] step 2: seed join done, temp_l_size=789207
R13 [P1] step 2: g_rev dedup done, g_rev_size=679183
R12 [P1] step 2: g squared, g_size=679183 ht_rows=2097152
R6 [P1] step 2: seed dedup done, l_size=560354
R8 [P1] step 1: g_rev dedup done, g_rev_size=305075
R14 [P1] step 2: g_rev join done, temp_g_rev_size=789207
R9 [P1] step 2: g_rev join done, temp_g_rev_size=789207
R7 [P1] step 2: seed join done, temp_l_size=789207
R10 [P1] step 1: g_rev join done, temp_g_rev_size=319732
R5 [P1] step 2: g_rev dedup done, g_rev_size=679183
R6 [P1] step 2: g_rev join done, temp_g_rev_size=789207
R9 [P1] step 2: g_rev dedup done, g_rev_size=679183
R8 [P1] step 1: g squared, g_size=305075 ht_rows=524288
R15 [P1] step 2: seed dedup done, l_size=679183
R2 [P1] step 3: g squared, g_size=2458476 ht_rows=4194304
R10 [P1] step 1: g_rev dedup done, g_rev_size=305075
R11 [P1] step 3: g squared, g_size=2458476 ht_rows=4194304
R14 [P1] step 2: g_rev dedup done, g_rev_size=679183
R12 [P1] step 3: seed join done, temp_l_size=2300401
R2 [P1] partition filter done: gk_fwd=153238 gk_rev=150833
Rank 2 Phase 1: 0.1634s | seed_size=248868 (length 3), g^k_size=2458476
R7 [P1] step 2: seed dedup done, l_size=679183
R13 [P1] step 2: g squared, g_size=679183 ht_rows=2097152
R2 [P2] dedup full done: full_size=150833
R2 [P2] delta copy done: delta_size=150833
R6 [P1] step 2: g_rev dedup done, g_rev_size=679183
R5 [P1] step 2: g squared, g_size=679183 ht_rows=2097152
R15 [P1] step 2: g_rev join done, temp_g_rev_size=789207
R8 [P1] step 2: g_rev join done, temp_g_rev_size=789207
R3 [P1] step 3: g squared, g_size=2458476 ht_rows=4194304
R9 [P1] step 2: g squared, g_size=679183 ht_rows=2097152
R7 [P1] step 2: g_rev join done, temp_g_rev_size=789207
R14 [P1] step 2: g squared, g_size=679183 ht_rows=2097152
R2 [P2] HT built: gk_fwd_size=153238 ht_rows=262144
R13 [P1] step 3: seed join done, temp_l_size=2869320
R10 [P1] step 1: g squared, g_size=305075 ht_rows=524288
R11 [P1] partition filter done: gk_fwd=151422 gk_rev=151296
Rank 11 Phase 1: 0.1577s | seed_size=1367006 (length 12), g^k_size=2458476
R12 [P1] step 3: seed dedup done, l_size=1599684
R3 [P1] partition filter done: gk_fwd=155404 gk_rev=156330
Rank 3 Phase 1: 0.1637s | seed_size=305075 (length 4), g^k_size=2458476
R8 [P1] step 2: g_rev dedup done, g_rev_size=679183
R6 [P1] step 2: g squared, g_size=679183 ht_rows=2097152
R15 [P1] step 2: g_rev dedup done, g_rev_size=679183
R7 [P1] step 2: g_rev dedup done, g_rev_size=679183
R3 [P2] dedup full done: full_size=156330
R5 [P1] step 3: g_rev join done, temp_g_rev_size=4350784
R9 [P1] step 3: seed join done, temp_l_size=1135503
R3 [P2] delta copy done: delta_size=156330
R11 [P2] dedup full done: full_size=151296
R11 [P2] delta copy done: delta_size=151296
R10 [P1] step 2: g_rev join done, temp_g_rev_size=789207
R14 [P1] step 3: seed join done, temp_l_size=3548418
R3 [P2] HT built: gk_fwd_size=155404 ht_rows=262144
R7 [P1] step 2: g squared, g_size=679183 ht_rows=2097152
R13 [P1] step 3: seed dedup done, l_size=1858711
R6 [P1] step 3: g_rev join done, temp_g_rev_size=4350784
R8 [P1] step 2: g squared, g_size=679183 ht_rows=2097152
R12 [P1] step 3: g_rev join done, temp_g_rev_size=4350784
R9 [P1] step 3: seed dedup done, l_size=976839
R10 [P1] step 2: g_rev dedup done, g_rev_size=679183
R11 [P2] HT built: gk_fwd_size=151422 ht_rows=262144
R15 [P1] step 2: g squared, g_size=679183 ht_rows=2097152
R5 [P1] step 3: g_rev dedup done, g_rev_size=2458476
R8 [P1] step 3: seed join done, temp_l_size=885574
R7 [P1] step 3: g_rev join done, temp_g_rev_size=4350784
R14 [P1] step 3: seed dedup done, l_size=2144699
R13 [P1] step 3: g_rev join done, temp_g_rev_size=4350784
R10 [P1] step 2: g squared, g_size=679183 ht_rows=2097152
R6 [P1] step 3: g_rev dedup done, g_rev_size=2458476
R9 [P1] step 3: g_rev join done, temp_g_rev_size=4350784
R15 [P1] step 3: seed join done, temp_l_size=4350784
R8 [P1] step 3: seed dedup done, l_size=817450
R12 [P1] step 3: g_rev dedup done, g_rev_size=2458476
R10 [P1] step 3: seed join done, temp_l_size=1445214
R7 [P1] step 3: g_rev dedup done, g_rev_size=2458476
R14 [P1] step 3: g_rev join done, temp_g_rev_size=4350784
R8 [P1] step 3: g_rev join done, temp_g_rev_size=4350784
R13 [P1] step 3: g_rev dedup done, g_rev_size=2458476
R9 [P1] step 3: g_rev dedup done, g_rev_size=2458476
R10 [P1] step 3: seed dedup done, l_size=1159773
R15 [P1] step 3: seed dedup done, l_size=2458476
R14 [P1] step 3: g_rev dedup done, g_rev_size=2458476
R8 [P1] step 3: g_rev dedup done, g_rev_size=2458476
R10 [P1] step 3: g_rev join done, temp_g_rev_size=4350784
R15 [P1] step 3: g_rev join done, temp_g_rev_size=4350784
R5 [P1] step 3: g squared, g_size=2458476 ht_rows=4194304
R5 [P1] partition filter done: gk_fwd=150736 gk_rev=151373
Rank 5 Phase 1: 0.2145s | seed_size=460476 (length 6), g^k_size=2458476
R6 [P1] step 3: g squared, g_size=2458476 ht_rows=4194304
R5 [P2] dedup full done: full_size=151373
R10 [P1] step 3: g_rev dedup done, g_rev_size=2458476
R12 [P1] step 3: g squared, g_size=2458476 ht_rows=4194304
R5 [P2] delta copy done: delta_size=151373
R15 [P1] step 3: g_rev dedup done, g_rev_size=2458476
R6 [P1] partition filter done: gk_fwd=159673 gk_rev=157644
Rank 6 Phase 1: 0.2075s | seed_size=560354 (length 7), g^k_size=2458476
R7 [P1] step 3: g squared, g_size=2458476 ht_rows=4194304
R6 [P2] dedup full done: full_size=157644
R5 [P2] HT built: gk_fwd_size=150736 ht_rows=262144
R12 [P1] partition filter done: gk_fwd=153121 gk_rev=155696
Rank 12 Phase 1: 0.1469s | seed_size=1599684 (length 13), g^k_size=2458476
R6 [P2] delta copy done: delta_size=157644
R7 [P1] partition filter done: gk_fwd=151251 gk_rev=153023
Rank 7 Phase 1: 0.2104s | seed_size=679183 (length 8), g^k_size=2458476
R13 [P1] step 3: g squared, g_size=2458476 ht_rows=4194304
R12 [P2] dedup full done: full_size=155696
R9 [P1] step 3: g squared, g_size=2458476 ht_rows=4194304
R12 [P2] delta copy done: delta_size=155696
R6 [P2] HT built: gk_fwd_size=159673 ht_rows=524288
R7 [P2] dedup full done: full_size=153023
R7 [P2] delta copy done: delta_size=153023
R13 [P1] partition filter done: gk_fwd=151426 gk_rev=148786
Rank 13 Phase 1: 0.1322s | seed_size=1858711 (length 14), g^k_size=2458476
R9 [P1] partition filter done: gk_fwd=157268 gk_rev=156263
Rank 9 Phase 1: 0.1577s | seed_size=976839 (length 10), g^k_size=2458476
R12 [P2] HT built: gk_fwd_size=153121 ht_rows=262144
R14 [P1] step 3: g squared, g_size=2458476 ht_rows=4194304
R8 [P1] step 3: g squared, g_size=2458476 ht_rows=4194304
R7 [P2] HT built: gk_fwd_size=151251 ht_rows=262144
R13 [P2] dedup full done: full_size=148786
R13 [P2] delta copy done: delta_size=148786
R9 [P2] dedup full done: full_size=156263
R9 [P2] delta copy done: delta_size=156263
R14 [P1] partition filter done: gk_fwd=152632 gk_rev=149056
Rank 14 Phase 1: 0.1468s | seed_size=2144699 (length 15), g^k_size=2458476
R8 [P1] partition filter done: gk_fwd=152538 gk_rev=157240
Rank 8 Phase 1: 0.1734s | seed_size=817450 (length 9), g^k_size=2458476
R13 [P2] HT built: gk_fwd_size=151426 ht_rows=262144
R14 [P2] dedup full done: full_size=149056
R8 [P2] dedup full done: full_size=157240
R14 [P2] delta copy done: delta_size=149056
R8 [P2] delta copy done: delta_size=157240
R10 [P1] step 3: g squared, g_size=2458476 ht_rows=4194304
R9 [P2] HT built: gk_fwd_size=157268 ht_rows=262144
R15 [P1] step 3: g squared, g_size=2458476 ht_rows=4194304
R8 [P2] HT built: gk_fwd_size=152538 ht_rows=262144
R14 [P2] HT built: gk_fwd_size=152632 ht_rows=262144
R10 [P1] partition filter done: gk_fwd=156552 gk_rev=155553
Rank 10 Phase 1: 0.1721s | seed_size=1159773 (length 11), g^k_size=2458476
R15 [P1] partition filter done: gk_fwd=150466 gk_rev=150207
Rank 15 Phase 1: 0.1381s | seed_size=2458476 (length 16), g^k_size=2458476
R10 [P2] dedup full done: full_size=155553
R10 [P2] delta copy done: delta_size=155553
R15 [P2] dedup full done: full_size=150207
R15 [P2] delta copy done: delta_size=150207
R10 [P2] HT built: gk_fwd_size=156552 ht_rows=262144
R15 [P2] HT built: gk_fwd_size=150466 ht_rows=262144
R12 [P2] entering loop: global_full_size=2458476
R8 [P2] entering loop: global_full_size=2458476
R0 [P2] entering loop: global_full_size=2458476
R13 [P2] entering loop: global_full_size=2458476
R4 [P2] entering loop: global_full_size=2458476
R9 [P2] entering loop: global_full_size=2458476
R1 [P2] entering loop: global_full_size=2458476
R14 [P2] entering loop: global_full_size=2458476
R5 [P2] entering loop: global_full_size=2458476
R10 [P2] entering loop: global_full_size=2458476
R2 [P2] entering loop: global_full_size=2458476
R15 [P2] entering loop: global_full_size=2458476
R6 [P2] entering loop: global_full_size=2458476
R11 [P2] entering loop: global_full_size=2458476
R3 [P2] entering loop: global_full_size=2458476
R12 [P2] iter 0: PRE-JOIN GPU mem: 84.6GB free / 85.1GB total | delta_size=155696 full_size=155696
R7 [P2] entering loop: global_full_size=2458476
R7 [P2] iter 0: PRE-JOIN GPU mem: 84.6GB free / 85.1GB total | delta_size=153023 full_size=153023
R0 [P2] iter 0: PRE-JOIN GPU mem: 84.6GB free / 85.1GB total | delta_size=157194 full_size=157194
R13 [P2] iter 0: PRE-JOIN GPU mem: 84.6GB free / 85.1GB total | delta_size=148786 full_size=148786
R5 [P2] iter 0: PRE-JOIN GPU mem: 84.6GB free / 85.1GB total | delta_size=151373 full_size=151373
R1 [P2] iter 0: PRE-JOIN GPU mem: 84.6GB free / 85.1GB total | delta_size=157169 full_size=157169
R14 [P2] iter 0: PRE-JOIN GPU mem: 84.6GB free / 85.1GB total | delta_size=149056 full_size=149056
R4 [P2] iter 0: PRE-JOIN GPU mem: 84.6GB free / 85.1GB total | delta_size=150813 full_size=150813
R2 [P2] iter 0: PRE-JOIN GPU mem: 84.6GB free / 85.1GB total | delta_size=150833 full_size=150833
R15 [P2] iter 0: PRE-JOIN GPU mem: 84.6GB free / 85.1GB total | delta_size=150207 full_size=150207
R6 [P2] iter 0: PRE-JOIN GPU mem: 84.6GB free / 85.1GB total | delta_size=157644 full_size=157644
R3 [P2] iter 0: PRE-JOIN GPU mem: 84.6GB free / 85.1GB total | delta_size=156330 full_size=156330
R8 [P2] iter 0: PRE-JOIN GPU mem: 84.6GB free / 85.1GB total | delta_size=157240 full_size=157240
R11 [P2] iter 0: PRE-JOIN GPU mem: 84.6GB free / 85.1GB total | delta_size=151296 full_size=151296
R9 [P2] iter 0: PRE-JOIN GPU mem: 84.6GB free / 85.1GB total | delta_size=156263 full_size=156263
R10 [P2] iter 0: PRE-JOIN GPU mem: 84.6GB free / 85.1GB total | delta_size=155553 full_size=155553
R7 [P2] iter 0: join done, raw=3656579 result_size=2635744
R0 [P2] iter 0: join done, raw=3757209 result_size=2654138
R15 [P2] iter 0: join done, raw=3660208 result_size=2587894
R14 [P2] iter 0: join done, raw=3737124 result_size=2607924
R3 [P2] iter 0: join done, raw=3898673 result_size=2755832
R6 [P2] iter 0: join done, raw=3921320 result_size=2695291
R1 [P2] iter 0: join done, raw=3868703 result_size=2733697
R5 [P2] iter 0: join done, raw=3647589 result_size=2605089
R2 [P2] iter 0: join done, raw=3848485 result_size=2687480
R12 [P2] iter 0: join done, raw=3823739 result_size=2659422
R13 [P2] iter 0: join done, raw=3740074 result_size=2651846
R4 [P2] iter 0: join done, raw=3777003 result_size=2644625
R8 [P2] iter 0: join done, raw=3910041 result_size=2717278
R10 [P2] iter 0: join done, raw=3879519 result_size=2711975
R11 [P2] iter 0: join done, raw=3638168 result_size=2626822
R9 [P2] iter 0: join done, raw=3904005 result_size=2715720
R13 [P2] iter 0: split done, delta_size=2561854
R12 [P2] iter 0: split done, delta_size=2714096
R5 [P2] iter 0: split done, delta_size=2645670
R10 [P2] iter 0: split done, delta_size=2644748
R6 [P2] iter 0: split done, delta_size=2732387
R4 [P2] iter 0: split done, delta_size=2613425
R14 [P2] iter 0: split done, delta_size=2618386
R11 [P2] iter 0: split done, delta_size=2603215
R15 [P2] iter 0: split done, delta_size=2622196
R7 [P2] iter 0: split done, delta_size=2698357
R8 [P2] iter 0: split done, delta_size=2704878
R2 [P2] iter 0: split done, delta_size=2607950
R9 [P2] iter 0: split done, delta_size=2736743
R3 [P2] iter 0: split done, delta_size=2675786
R1 [P2] iter 0: split done, delta_size=2745180
R13 [P2] iter 0: dedup done, delta_size=701700
R12 [P2] iter 0: dedup done, delta_size=729444
R10 [P2] iter 0: dedup done, delta_size=722085
R5 [P2] iter 0: dedup done, delta_size=716280
R13 [P2] iter 0: subtract done, delta_size=679010
R2 [P2] iter 0: dedup done, delta_size=700127
R6 [P2] iter 0: dedup done, delta_size=731163
R4 [P2] iter 0: dedup done, delta_size=703337
R2 [P2] iter 0: subtract done, delta_size=676161
R14 [P2] iter 0: dedup done, delta_size=705595
R15 [P2] iter 0: dedup done, delta_size=713177
R10 [P2] iter 0: subtract done, delta_size=698515
R12 [P2] iter 0: subtract done, delta_size=705806
R7 [P2] iter 0: dedup done, delta_size=722725
R0 [P2] iter 0: split done, delta_size=2765906
R5 [P2] iter 0: subtract done, delta_size=693180
R11 [P2] iter 0: dedup done, delta_size=716680
R1 [P2] iter 0: dedup done, delta_size=741176
R13 [P2] iter 0: merge done, full_size=827796
R6 [P2] iter 0: subtract done, delta_size=706703
R8 [P2] iter 0: dedup done, delta_size=727682
R4 [P2] iter 0: subtract done, delta_size=680309
R2 [P2] iter 0: merge done, full_size=826994
R3 [P2] iter 0: dedup done, delta_size=725185
R1 [P2] iter 0: subtract done, delta_size=716728
R9 [P2] iter 0: dedup done, delta_size=738939
R15 [P2] iter 0: subtract done, delta_size=690199
R14 [P2] iter 0: subtract done, delta_size=682810
R7 [P2] iter 0: subtract done, delta_size=699256
R10 [P2] iter 0: merge done, full_size=854068
R8 [P2] iter 0: subtract done, delta_size=702295
R1 [P2] iter 0: merge done, full_size=873897
R11 [P2] iter 0: subtract done, delta_size=693328
R3 [P2] iter 0: subtract done, delta_size=700748
R12 [P2] iter 0: merge done, full_size=861502
R9 [P2] iter 0: subtract done, delta_size=714909
R15 [P2] iter 0: merge done, full_size=840406
R14 [P2] iter 0: merge done, full_size=831866
R6 [P2] iter 0: merge done, full_size=864347
R3 [P2] iter 0: merge done, full_size=857078
R5 [P2] iter 0: merge done, full_size=844553
R4 [P2] iter 0: merge done, full_size=831122
R0 [P2] iter 0: dedup done, delta_size=737484
R11 [P2] iter 0: merge done, full_size=844624
R7 [P2] iter 0: merge done, full_size=852279
R8 [P2] iter 0: merge done, full_size=859535
R9 [P2] iter 0: merge done, full_size=871172
R0 [P2] iter 0: subtract done, delta_size=712915
R0 [P2] iter 0: merge done, full_size=870109
R12 [P2] iter 1 done: global_full_size=13611348
R13 [P2] iter 1 done: global_full_size=13611348
R0 [P2] iter 1 done: global_full_size=13611348
R14 [P2] iter 1 done: global_full_size=13611348
R4 [P2] iter 1 done: global_full_size=13611348
R8 [P2] iter 1 done: global_full_size=13611348
R1 [P2] iter 1 done: global_full_size=13611348
R15 [P2] iter 1 done: global_full_size=13611348
R5 [P2] iter 1 done: global_full_size=13611348
R9 [P2] iter 1 done: global_full_size=13611348
R2 [P2] iter 1 done: global_full_size=13611348
R12 [P2] iter 1: PRE-JOIN GPU mem: 84.6GB free / 85.1GB total | delta_size=705806 full_size=861502
R6 [P2] iter 1 done: global_full_size=13611348
R10 [P2] iter 1 done: global_full_size=13611348
R10 [P2] iter 1: PRE-JOIN GPU mem: 84.6GB free / 85.1GB total | delta_size=698515 full_size=854068
R3 [P2] iter 1 done: global_full_size=13611348
R13 [P2] iter 1: PRE-JOIN GPU mem: 84.6GB free / 85.1GB total | delta_size=679010 full_size=827796
R7 [P2] iter 1 done: global_full_size=13611348
R11 [P2] iter 1 done: global_full_size=13611348
R11 [P2] iter 1: PRE-JOIN GPU mem: 84.6GB free / 85.1GB total | delta_size=693328 full_size=844624
R0 [P2] iter 1: PRE-JOIN GPU mem: 84.6GB free / 85.1GB total | delta_size=712915 full_size=870109
R14 [P2] iter 1: PRE-JOIN GPU mem: 84.6GB free / 85.1GB total | delta_size=682810 full_size=831866
R4 [P2] iter 1: PRE-JOIN GPU mem: 84.6GB free / 85.1GB total | delta_size=680309 full_size=831122
R8 [P2] iter 1: PRE-JOIN GPU mem: 84.6GB free / 85.1GB total | delta_size=702295 full_size=859535
R1 [P2] iter 1: PRE-JOIN GPU mem: 84.6GB free / 85.1GB total | delta_size=716728 full_size=873897
R15 [P2] iter 1: PRE-JOIN GPU mem: 84.6GB free / 85.1GB total | delta_size=690199 full_size=840406
R5 [P2] iter 1: PRE-JOIN GPU mem: 84.6GB free / 85.1GB total | delta_size=693180 full_size=844553
R9 [P2] iter 1: PRE-JOIN GPU mem: 84.6GB free / 85.1GB total | delta_size=714909 full_size=871172
R2 [P2] iter 1: PRE-JOIN GPU mem: 84.6GB free / 85.1GB total | delta_size=676161 full_size=826994
R6 [P2] iter 1: PRE-JOIN GPU mem: 84.6GB free / 85.1GB total | delta_size=706703 full_size=864347
R3 [P2] iter 1: PRE-JOIN GPU mem: 84.6GB free / 85.1GB total | delta_size=700748 full_size=857078
R7 [P2] iter 1: PRE-JOIN GPU mem: 84.6GB free / 85.1GB total | delta_size=699256 full_size=852279
R1 [P2] iter 1: join done, raw=15847190 result_size=9360077
R0 [P2] iter 1: join done, raw=15337813 result_size=9102066
R2 [P2] iter 1: join done, raw=15524899 result_size=9124523
R5 [P2] iter 1: join done, raw=15110671 result_size=9075154
R6 [P2] iter 1: join done, raw=15856740 result_size=9166421
R3 [P2] iter 1: join done, raw=15692627 result_size=9275506
R14 [P2] iter 1: join done, raw=15152378 result_size=9056169
R7 [P2] iter 1: join done, raw=15289317 result_size=9143889
R12 [P2] iter 1: join done, raw=15481806 result_size=9165351
R15 [P2] iter 1: join done, raw=14864685 result_size=8859724
R4 [P2] iter 1: join done, raw=15434416 result_size=8903356
R8 [P2] iter 1: join done, raw=15437341 result_size=9115484
R10 [P2] iter 1: join done, raw=15604683 result_size=9178613
R11 [P2] iter 1: join done, raw=15065210 result_size=9092882
R9 [P2] iter 1: join done, raw=15991772 result_size=9287725
R13 [P2] iter 1: join done, raw=15252584 result_size=9020765
R2 [P2] iter 1: split done, delta_size=8788534
R8 [P2] iter 1: split done, delta_size=9242226
R9 [P2] iter 1: split done, delta_size=9379458
R4 [P2] iter 1: split done, delta_size=8890043
R3 [P2] iter 1: split done, delta_size=9219446
R0 [P2] iter 1: split done, delta_size=9395379
R1 [P2] iter 1: split done, delta_size=9398666
R5 [P2] iter 1: split done, delta_size=9144053
R11 [P2] iter 1: split done, delta_size=8971950
R13 [P2] iter 1: split done, delta_size=8801691
R6 [P2] iter 1: split done, delta_size=9259797
R10 [P2] iter 1: split done, delta_size=9238011
R7 [P2] iter 1: split done, delta_size=9133954
R15 [P2] iter 1: split done, delta_size=8903340
R2 [P2] iter 1: dedup done, delta_size=1645163
R2 [P2] iter 1: subtract done, delta_size=1318382
R14 [P2] iter 1: split done, delta_size=8882577
R12 [P2] iter 1: split done, delta_size=9278580
R4 [P2] iter 1: dedup done, delta_size=1668407
R2 [P2] iter 1: merge done, full_size=2145376
R8 [P2] iter 1: dedup done, delta_size=1730230
R4 [P2] iter 1: subtract done, delta_size=1341998
R9 [P2] iter 1: dedup done, delta_size=1751503
R8 [P2] iter 1: subtract done, delta_size=1390879
R5 [P2] iter 1: dedup done, delta_size=1715837
R0 [P2] iter 1: dedup done, delta_size=1746625
R3 [P2] iter 1: dedup done, delta_size=1732915
R1 [P2] iter 1: dedup done, delta_size=1755078
R0 [P2] iter 1: subtract done, delta_size=1399259
R11 [P2] iter 1: dedup done, delta_size=1702032
R1 [P2] iter 1: subtract done, delta_size=1408231
R4 [P2] iter 1: merge done, full_size=2173120
R9 [P2] iter 1: subtract done, delta_size=1405581
R3 [P2] iter 1: subtract done, delta_size=1394770
R5 [P2] iter 1: subtract done, delta_size=1381871
R13 [P2] iter 1: dedup done, delta_size=1672403
R0 [P2] iter 1: merge done, full_size=2269368
R1 [P2] iter 1: merge done, full_size=2282128
R11 [P2] iter 1: subtract done, delta_size=1369342
R13 [P2] iter 1: subtract done, delta_size=1345195
R3 [P2] iter 1: merge done, full_size=2251848
R6 [P2] iter 1: dedup done, delta_size=1731971
R8 [P2] iter 1: merge done, full_size=2250414
R9 [P2] iter 1: merge done, full_size=2276753
R5 [P2] iter 1: merge done, full_size=2226424
R7 [P2] iter 1: dedup done, delta_size=1705350
R13 [P2] iter 1: merge done, full_size=2172991
R6 [P2] iter 1: subtract done, delta_size=1393384
R10 [P2] iter 1: dedup done, delta_size=1727306
R11 [P2] iter 1: merge done, full_size=2213966
R7 [P2] iter 1: subtract done, delta_size=1368516
R15 [P2] iter 1: dedup done, delta_size=1702541
R10 [P2] iter 1: subtract done, delta_size=1391422
R6 [P2] iter 1: merge done, full_size=2257731
R14 [P2] iter 1: dedup done, delta_size=1669956
R10 [P2] iter 1: merge done, full_size=2245490
R7 [P2] iter 1: merge done, full_size=2220795
R15 [P2] iter 1: subtract done, delta_size=1369521
R12 [P2] iter 1: dedup done, delta_size=1737081
R14 [P2] iter 1: subtract done, delta_size=1340454
R15 [P2] iter 1: merge done, full_size=2209927
R12 [P2] iter 1: subtract done, delta_size=1393635
R14 [P2] iter 1: merge done, full_size=2172320
R12 [P2] iter 1: merge done, full_size=2255137
R12 [P2] iter 2 done: global_full_size=35623788
R13 [P2] iter 2 done: global_full_size=35623788
R4 [P2] iter 2 done: global_full_size=35623788
R8 [P2] iter 2 done: global_full_size=35623788
R0 [P2] iter 2 done: global_full_size=35623788
R14 [P2] iter 2 done: global_full_size=35623788
R5 [P2] iter 2 done: global_full_size=35623788
R9 [P2] iter 2 done: global_full_size=35623788
R1 [P2] iter 2 done: global_full_size=35623788
R15 [P2] iter 2 done: global_full_size=35623788
R6 [P2] iter 2 done: global_full_size=35623788
R10 [P2] iter 2 done: global_full_size=35623788
R2 [P2] iter 2 done: global_full_size=35623788
R12 [P2] iter 2: PRE-JOIN GPU mem: 84.5GB free / 85.1GB total | delta_size=1393635 full_size=2255137
R7 [P2] iter 2 done: global_full_size=35623788
R11 [P2] iter 2 done: global_full_size=35623788
R3 [P2] iter 2 done: global_full_size=35623788
R3 [P2] iter 2: PRE-JOIN GPU mem: 84.5GB free / 85.1GB total | delta_size=1394770 full_size=2251848
R13 [P2] iter 2: PRE-JOIN GPU mem: 84.5GB free / 85.1GB total | delta_size=1345195 full_size=2172991
R4 [P2] iter 2: PRE-JOIN GPU mem: 84.5GB free / 85.1GB total | delta_size=1341998 full_size=2173120
R8 [P2] iter 2: PRE-JOIN GPU mem: 84.5GB free / 85.1GB total | delta_size=1390879 full_size=2250414
R0 [P2] iter 2: PRE-JOIN GPU mem: 84.5GB free / 85.1GB total | delta_size=1399259 full_size=2269368
R14 [P2] iter 2: PRE-JOIN GPU mem: 84.5GB free / 85.1GB total | delta_size=1340454 full_size=2172320
R5 [P2] iter 2: PRE-JOIN GPU mem: 84.5GB free / 85.1GB total | delta_size=1381871 full_size=2226424
R9 [P2] iter 2: PRE-JOIN GPU mem: 84.5GB free / 85.1GB total | delta_size=1405581 full_size=2276753
R1 [P2] iter 2: PRE-JOIN GPU mem: 84.5GB free / 85.1GB total | delta_size=1408231 full_size=2282128
R15 [P2] iter 2: PRE-JOIN GPU mem: 84.5GB free / 85.1GB total | delta_size=1369521 full_size=2209927
R6 [P2] iter 2: PRE-JOIN GPU mem: 84.5GB free / 85.1GB total | delta_size=1393384 full_size=2257731
R10 [P2] iter 2: PRE-JOIN GPU mem: 84.5GB free / 85.1GB total | delta_size=1391422 full_size=2245490
R2 [P2] iter 2: PRE-JOIN GPU mem: 84.6GB free / 85.1GB total | delta_size=1318382 full_size=2145376
R7 [P2] iter 2: PRE-JOIN GPU mem: 84.5GB free / 85.1GB total | delta_size=1368516 full_size=2220795
R11 [P2] iter 2: PRE-JOIN GPU mem: 84.5GB free / 85.1GB total | delta_size=1369342 full_size=2213966
R0 [P2] iter 2: join done, raw=26594927 result_size=16250002
R2 [P2] iter 2: join done, raw=26520627 result_size=16064700
R1 [P2] iter 2: join done, raw=27485267 result_size=16360656
R7 [P2] iter 2: join done, raw=26328819 result_size=16057338
R11 [P2] iter 2: join done, raw=26342687 result_size=16070065
R5 [P2] iter 2: join done, raw=26485339 result_size=16147508
R3 [P2] iter 2: join done, raw=27108693 result_size=16340592
R10 [P2] iter 2: join done, raw=27254892 result_size=16029868
R15 [P2] iter 2: join done, raw=25643634 result_size=15808398
R14 [P2] iter 2: join done, raw=25873217 result_size=15932674
R13 [P2] iter 2: join done, raw=26316399 result_size=15990223
R4 [P2] iter 2: join done, raw=26105058 result_size=15605753
R6 [P2] iter 2: join done, raw=27178087 result_size=16164448
R8 [P2] iter 2: join done, raw=26781482 result_size=16200997
R12 [P2] iter 2: join done, raw=26852539 result_size=16330407
R9 [P2] iter 2: join done, raw=27559574 result_size=16373295
R2 [P2] iter 2: split done, delta_size=15513695
R1 [P2] iter 2: split done, delta_size=16471182
R8 [P2] iter 2: split done, delta_size=16401037
R10 [P2] iter 2: split done, delta_size=16450550
R3 [P2] iter 2: split done, delta_size=16396396
R14 [P2] iter 2: split done, delta_size=15505457
R5 [P2] iter 2: split done, delta_size=16086051
R12 [P2] iter 2: split done, delta_size=16386927
R4 [P2] iter 2: split done, delta_size=15660765
R9 [P2] iter 2: split done, delta_size=16443254
R0 [P2] iter 2: split done, delta_size=16483314
R11 [P2] iter 2: split done, delta_size=15959980
R6 [P2] iter 2: split done, delta_size=16372862
R7 [P2] iter 2: split done, delta_size=16215629
R2 [P2] iter 2: dedup done, delta_size=2718492
R2 [P2] iter 2: subtract done, delta_size=1829799
R15 [P2] iter 2: split done, delta_size=15684863
R13 [P2] iter 2: split done, delta_size=15694962
R2 [P2] iter 2: merge done, full_size=3975175
R1 [P2] iter 2: dedup done, delta_size=2884220
R1 [P2] iter 2: subtract done, delta_size=1940179
R1 [P2] iter 2: merge done, full_size=4222307
R8 [P2] iter 2: dedup done, delta_size=2883658
R10 [P2] iter 2: dedup done, delta_size=2865643
R3 [P2] iter 2: dedup done, delta_size=2879793
R8 [P2] iter 2: subtract done, delta_size=1952613
R14 [P2] iter 2: dedup done, delta_size=2752205
R3 [P2] iter 2: subtract done, delta_size=1941930
R14 [P2] iter 2: subtract done, delta_size=1858211
R10 [P2] iter 2: subtract done, delta_size=1933819
R12 [P2] iter 2: dedup done, delta_size=2885689
R5 [P2] iter 2: dedup done, delta_size=2833241
R3 [P2] iter 2: merge done, full_size=4193778
R0 [P2] iter 2: dedup done, delta_size=2870902
R4 [P2] iter 2: dedup done, delta_size=2779124
R14 [P2] iter 2: merge done, full_size=4030531
R12 [P2] iter 2: subtract done, delta_size=1953077
R9 [P2] iter 2: dedup done, delta_size=2885887
R8 [P2] iter 2: merge done, full_size=4203027
R0 [P2] iter 2: subtract done, delta_size=1925825
R5 [P2] iter 2: subtract done, delta_size=1913153
R10 [P2] iter 2: merge done, full_size=4179309
R0 [P2] iter 2: merge done, full_size=4195193
R12 [P2] iter 2: merge done, full_size=4208214
R9 [P2] iter 2: subtract done, delta_size=1946390
R11 [P2] iter 2: dedup done, delta_size=2838540
R4 [P2] iter 2: subtract done, delta_size=1882020
R11 [P2] iter 2: subtract done, delta_size=1922958
R7 [P2] iter 2: dedup done, delta_size=2833594
R9 [P2] iter 2: merge done, full_size=4223143
R6 [P2] iter 2: dedup done, delta_size=2875080
R15 [P2] iter 2: dedup done, delta_size=2810594
R5 [P2] iter 2: merge done, full_size=4139577
R11 [P2] iter 2: merge done, full_size=4136924
R13 [P2] iter 2: dedup done, delta_size=2788378
R4 [P2] iter 2: merge done, full_size=4055140
R6 [P2] iter 2: subtract done, delta_size=1945748
R7 [P2] iter 2: subtract done, delta_size=1914653
R15 [P2] iter 2: subtract done, delta_size=1897352
R13 [P2] iter 2: subtract done, delta_size=1886947
R7 [P2] iter 2: merge done, full_size=4135448
R6 [P2] iter 2: merge done, full_size=4203479
R15 [P2] iter 2: merge done, full_size=4107279
R13 [P2] iter 2: merge done, full_size=4059938
R12 [P2] iter 3 done: global_full_size=66268462
R4 [P2] iter 3 done: global_full_size=66268462
R13 [P2] iter 3 done: global_full_size=66268462
R5 [P2] iter 3 done: global_full_size=66268462
R8 [P2] iter 3 done: global_full_size=66268462
R0 [P2] iter 3 done: global_full_size=66268462
R14 [P2] iter 3 done: global_full_size=66268462
R6 [P2] iter 3 done: global_full_size=66268462
R9 [P2] iter 3 done: global_full_size=66268462
R1 [P2] iter 3 done: global_full_size=66268462
R15 [P2] iter 3 done: global_full_size=66268462
R7 [P2] iter 3 done: global_full_size=66268462
R10 [P2] iter 3 done: global_full_size=66268462
R2 [P2] iter 3 done: global_full_size=66268462
R13 [P2] iter 3: PRE-JOIN GPU mem: 84.5GB free / 85.1GB total | delta_size=1886947 full_size=4059938
R5 [P2] iter 3: PRE-JOIN GPU mem: 84.5GB free / 85.1GB total | delta_size=1913153 full_size=4139577
R11 [P2] iter 3 done: global_full_size=66268462
R11 [P2] iter 3: PRE-JOIN GPU mem: 84.5GB free / 85.1GB total | delta_size=1922958 full_size=4136924
R3 [P2] iter 3 done: global_full_size=66268462
R14 [P2] iter 3: PRE-JOIN GPU mem: 84.5GB free / 85.1GB total | delta_size=1858211 full_size=4030531
R7 [P2] iter 3: PRE-JOIN GPU mem: 84.5GB free / 85.1GB total | delta_size=1914653 full_size=4135448
R8 [P2] iter 3: PRE-JOIN GPU mem: 84.5GB free / 85.1GB total | delta_size=1952613 full_size=4203027
R0 [P2] iter 3: PRE-JOIN GPU mem: 84.5GB free / 85.1GB total | delta_size=1925825 full_size=4195193
R15 [P2] iter 3: PRE-JOIN GPU mem: 84.4GB free / 85.1GB total | delta_size=1897352 full_size=4107279
R4 [P2] iter 3: PRE-JOIN GPU mem: 84.5GB free / 85.1GB total | delta_size=1882020 full_size=4055140
R9 [P2] iter 3: PRE-JOIN GPU mem: 84.5GB free / 85.1GB total | delta_size=1946390 full_size=4223143
R2 [P2] iter 3: PRE-JOIN GPU mem: 84.5GB free / 85.1GB total | delta_size=1829799 full_size=3975175
R12 [P2] iter 3: PRE-JOIN GPU mem: 84.5GB free / 85.1GB total | delta_size=1953077 full_size=4208214
R6 [P2] iter 3: PRE-JOIN GPU mem: 84.5GB free / 85.1GB total | delta_size=1945748 full_size=4203479
R10 [P2] iter 3: PRE-JOIN GPU mem: 84.5GB free / 85.1GB total | delta_size=1933819 full_size=4179309
R3 [P2] iter 3: PRE-JOIN GPU mem: 84.5GB free / 85.1GB total | delta_size=1941930 full_size=4193778
R1 [P2] iter 3: PRE-JOIN GPU mem: 84.5GB free / 85.1GB total | delta_size=1940179 full_size=4222307
R2 [P2] iter 3: join done, raw=34334018 result_size=21334951
R0 [P2] iter 3: join done, raw=34143292 result_size=21388625
R5 [P2] iter 3: join done, raw=33819662 result_size=21295158
R7 [P2] iter 3: join done, raw=34198506 result_size=21342271
R4 [P2] iter 3: join done, raw=33642819 result_size=20868073
R1 [P2] iter 3: join done, raw=35586232 result_size=21680428
R3 [P2] iter 3: join done, raw=34792979 result_size=21535710
R6 [P2] iter 3: join done, raw=35387916 result_size=21477164
R15 [P2] iter 3: join done, raw=33094411 result_size=20892397
R14 [P2] iter 3: join done, raw=32335147 result_size=20875914
R9 [P2] iter 3: join done, raw=35148329 result_size=21695467
R10 [P2] iter 3: join done, raw=34783168 result_size=21162135
R11 [P2] iter 3: join done, raw=33613685 result_size=21259087
R8 [P2] iter 3: join done, raw=35003346 result_size=21571570
R12 [P2] iter 3: join done, raw=34742547 result_size=21689256
R13 [P2] iter 3: join done, raw=34670636 result_size=21355537
R8 [P2] iter 3: split done, delta_size=21841950
R2 [P2] iter 3: split done, delta_size=20504028
R13 [P2] iter 3: split done, delta_size=20738004
R5 [P2] iter 3: split done, delta_size=21315789
R4 [P2] iter 3: split done, delta_size=20673187
R9 [P2] iter 3: split done, delta_size=21669982
R3 [P2] iter 3: split done, delta_size=21630547
R11 [P2] iter 3: split done, delta_size=21406040
R0 [P2] iter 3: split done, delta_size=21563858
R1 [P2] iter 3: split done, delta_size=21832715
R10 [P2] iter 3: split done, delta_size=21902509
R15 [P2] iter 3: split done, delta_size=20708978
R6 [P2] iter 3: split done, delta_size=21778378
R14 [P2] iter 3: split done, delta_size=20523536
R7 [P2] iter 3: split done, delta_size=21492283
R12 [P2] iter 3: split done, delta_size=21841959
R8 [P2] iter 3: dedup done, delta_size=3852704
R13 [P2] iter 3: dedup done, delta_size=3718469
R13 [P2] iter 3: subtract done, delta_size=2303735
R4 [P2] iter 3: dedup done, delta_size=3699785
R2 [P2] iter 3: dedup done, delta_size=3627499
R2 [P2] iter 3: subtract done, delta_size=2234284
R5 [P2] iter 3: dedup done, delta_size=3785487
R4 [P2] iter 3: subtract done, delta_size=2296834
R13 [P2] iter 3: merge done, full_size=6363673
R5 [P2] iter 3: subtract done, delta_size=2350411
R2 [P2] iter 3: merge done, full_size=6209459
R4 [P2] iter 3: merge done, full_size=6351974
R3 [P2] iter 3: dedup done, delta_size=3841262
R5 [P2] iter 3: merge done, full_size=6489988
R0 [P2] iter 3: dedup done, delta_size=3810780
R0 [P2] iter 3: subtract done, delta_size=2340702
R3 [P2] iter 3: subtract done, delta_size=2375866
R15 [P2] iter 3: dedup done, delta_size=3754132
R1 [P2] iter 3: dedup done, delta_size=3847285
R1 [P2] iter 3: subtract done, delta_size=2379006
R15 [P2] iter 3: subtract done, delta_size=2336721
R6 [P2] iter 3: dedup done, delta_size=3846822
R0 [P2] iter 3: merge done, full_size=6535895
R3 [P2] iter 3: merge done, full_size=6569644
R1 [P2] iter 3: merge done, full_size=6601313
R6 [P2] iter 3: subtract done, delta_size=2384421
R15 [P2] iter 3: merge done, full_size=6444000
R14 [P2] iter 3: dedup done, delta_size=3678033
R6 [P2] iter 3: merge done, full_size=6587900
R14 [P2] iter 3: subtract done, delta_size=2280895
R7 [P2] iter 3: dedup done, delta_size=3793507
R7 [P2] iter 3: subtract done, delta_size=2350547
R14 [P2] iter 3: merge done, full_size=6311426
R7 [P2] iter 3: merge done, full_size=6485995
R12 [P2] iter 3: dedup done, delta_size=3853887
R12 [P2] iter 3: subtract done, delta_size=2385410
R9 [P2] iter 3: dedup done, delta_size=3846808
R12 [P2] iter 3: merge done, full_size=6593624
R8 [P2] iter 3: subtract done, delta_size=2377408
R11 [P2] iter 3: dedup done, delta_size=3831776
R9 [P2] iter 3: subtract done, delta_size=2378819
R10 [P2] iter 3: dedup done, delta_size=3840508
R11 [P2] iter 3: subtract done, delta_size=2374937
R8 [P2] iter 3: merge done, full_size=6580435
R10 [P2] iter 3: subtract done, delta_size=2377831
R9 [P2] iter 3: merge done, full_size=6601962
R11 [P2] iter 3: merge done, full_size=6511861
R10 [P2] iter 3: merge done, full_size=6557140
R12 [P2] iter 4 done: global_full_size=103796289
R13 [P2] iter 4 done: global_full_size=103796289
R14 [P2] iter 4 done: global_full_size=103796289
R0 [P2] iter 4 done: global_full_size=103796289
R15 [P2] iter 4 done: global_full_size=103796289
R4 [P2] iter 4 done: global_full_size=103796289
R8 [P2] iter 4 done: global_full_size=103796289
R1 [P2] iter 4 done: global_full_size=103796289
R12 [P2] iter 4: PRE-JOIN GPU mem: 84.4GB free / 85.1GB total | delta_size=2385410 full_size=6593624
R5 [P2] iter 4 done: global_full_size=103796289
R9 [P2] iter 4 done: global_full_size=103796289
R2 [P2] iter 4 done: global_full_size=103796289
R13 [P2] iter 4: PRE-JOIN GPU mem: 84.4GB free / 85.1GB total | delta_size=2303735 full_size=6363673
R6 [P2] iter 4 done: global_full_size=103796289
R10 [P2] iter 4 done: global_full_size=103796289
R10 [P2] iter 4: PRE-JOIN GPU mem: 84.4GB free / 85.1GB total | delta_size=2377831 full_size=6557140
R3 [P2] iter 4 done: global_full_size=103796289
R14 [P2] iter 4: PRE-JOIN GPU mem: 84.4GB free / 85.1GB total | delta_size=2280895 full_size=6311426
R7 [P2] iter 4 done: global_full_size=103796289
R11 [P2] iter 4 done: global_full_size=103796289
R0 [P2] iter 4: PRE-JOIN GPU mem: 84.4GB free / 85.1GB total | delta_size=2340702 full_size=6535895
R15 [P2] iter 4: PRE-JOIN GPU mem: 84.4GB free / 85.1GB total | delta_size=2336721 full_size=6444000
R4 [P2] iter 4: PRE-JOIN GPU mem: 84.4GB free / 85.1GB total | delta_size=2296834 full_size=6351974
R8 [P2] iter 4: PRE-JOIN GPU mem: 84.4GB free / 85.1GB total | delta_size=2377408 full_size=6580435
R1 [P2] iter 4: PRE-JOIN GPU mem: 84.4GB free / 85.1GB total | delta_size=2379006 full_size=6601313
R5 [P2] iter 4: PRE-JOIN GPU mem: 84.4GB free / 85.1GB total | delta_size=2350411 full_size=6489988
R9 [P2] iter 4: PRE-JOIN GPU mem: 84.4GB free / 85.1GB total | delta_size=2378819 full_size=6601962
R2 [P2] iter 4: PRE-JOIN GPU mem: 84.4GB free / 85.1GB total | delta_size=2234284 full_size=6209459
R6 [P2] iter 4: PRE-JOIN GPU mem: 84.4GB free / 85.1GB total | delta_size=2384421 full_size=6587900
R11 [P2] iter 4: PRE-JOIN GPU mem: 84.4GB free / 85.1GB total | delta_size=2374937 full_size=6511861
R3 [P2] iter 4: PRE-JOIN GPU mem: 84.4GB free / 85.1GB total | delta_size=2375866 full_size=6569644
R7 [P2] iter 4: PRE-JOIN GPU mem: 84.4GB free / 85.1GB total | delta_size=2350547 full_size=6485995
R0 [P2] iter 4: join done, raw=39718277 result_size=25231542
R11 [P2] iter 4: join done, raw=40576865 result_size=25453727
R2 [P2] iter 4: join done, raw=40497256 result_size=25313706
R14 [P2] iter 4: join done, raw=38166170 result_size=24660382
R4 [P2] iter 4: join done, raw=39700535 result_size=24849444
R3 [P2] iter 4: join done, raw=41105662 result_size=25572812
R5 [P2] iter 4: join done, raw=39936959 result_size=25337116
R15 [P2] iter 4: join done, raw=39382199 result_size=24909206
R13 [P2] iter 4: join done, raw=40787074 result_size=25329447
R8 [P2] iter 4: join done, raw=40896813 result_size=25436973
R1 [P2] iter 4: join done, raw=42556156 result_size=25738835
R9 [P2] iter 4: join done, raw=41560281 result_size=25742949
R7 [P2] iter 4: join done, raw=40265873 result_size=25330016
R10 [P2] iter 4: join done, raw=41182533 result_size=25068264
R6 [P2] iter 4: join done, raw=42077332 result_size=25752965
R12 [P2] iter 4: join done, raw=41219318 result_size=25643409
R15 [P2] iter 4: split done, delta_size=24645204
R2 [P2] iter 4: split done, delta_size=24254632
R13 [P2] iter 4: split done, delta_size=24566004
R4 [P2] iter 4: split done, delta_size=24279563
R6 [P2] iter 4: split done, delta_size=25977129
R10 [P2] iter 4: split done, delta_size=25974936
R11 [P2] iter 4: split done, delta_size=25473940
R5 [P2] iter 4: split done, delta_size=25463509
R9 [P2] iter 4: split done, delta_size=25705117
R14 [P2] iter 4: split done, delta_size=24479593
R7 [P2] iter 4: split done, delta_size=25418676
R8 [P2] iter 4: split done, delta_size=26070256
R12 [P2] iter 4: split done, delta_size=26133875
R1 [P2] iter 4: split done, delta_size=25840425
R0 [P2] iter 4: split done, delta_size=25498389
R3 [P2] iter 4: split done, delta_size=25589545
R15 [P2] iter 4: dedup done, delta_size=4514385
R15 [P2] iter 4: subtract done, delta_size=2695694
R2 [P2] iter 4: dedup done, delta_size=4341344
R15 [P2] iter 4: merge done, full_size=9139694
R2 [P2] iter 4: subtract done, delta_size=2560467
R13 [P2] iter 4: dedup done, delta_size=4453602
R4 [P2] iter 4: dedup done, delta_size=4423812
R2 [P2] iter 4: merge done, full_size=8769926
R13 [P2] iter 4: subtract done, delta_size=2639810
R4 [P2] iter 4: subtract done, delta_size=2627729
R6 [P2] iter 4: dedup done, delta_size=4629320
R13 [P2] iter 4: merge done, full_size=9003483
R6 [P2] iter 4: subtract done, delta_size=2735791
R10 [P2] iter 4: dedup done, delta_size=4613919
R4 [P2] iter 4: merge done, full_size=8979703
R11 [P2] iter 4: dedup done, delta_size=4600185
R10 [P2] iter 4: subtract done, delta_size=2726527
R14 [P2] iter 4: dedup done, delta_size=4420238
R11 [P2] iter 4: subtract done, delta_size=2717832
R6 [P2] iter 4: merge done, full_size=9323691
R5 [P2] iter 4: dedup done, delta_size=4546366
R14 [P2] iter 4: subtract done, delta_size=2615604
R7 [P2] iter 4: dedup done, delta_size=4546960
R9 [P2] iter 4: dedup done, delta_size=4607069
R5 [P2] iter 4: subtract done, delta_size=2698591
R10 [P2] iter 4: merge done, full_size=9283667
R14 [P2] iter 4: merge done, full_size=8927030
R11 [P2] iter 4: merge done, full_size=9229693
R8 [P2] iter 4: dedup done, delta_size=4645666
R7 [P2] iter 4: subtract done, delta_size=2698042
R12 [P2] iter 4: dedup done, delta_size=4637787
R9 [P2] iter 4: subtract done, delta_size=2717119
R5 [P2] iter 4: merge done, full_size=9188579
R12 [P2] iter 4: subtract done, delta_size=2744520
R8 [P2] iter 4: subtract done, delta_size=2744360
R7 [P2] iter 4: merge done, full_size=9184037
R9 [P2] iter 4: merge done, full_size=9319081
R12 [P2] iter 4: merge done, full_size=9338144
R8 [P2] iter 4: merge done, full_size=9324795
R0 [P2] iter 4: dedup done, delta_size=4556143
R0 [P2] iter 4: subtract done, delta_size=2691486
R1 [P2] iter 4: dedup done, delta_size=4580010
R1 [P2] iter 4: subtract done, delta_size=2698205
R3 [P2] iter 4: dedup done, delta_size=4575746
R0 [P2] iter 4: merge done, full_size=9227381
R1 [P2] iter 4: merge done, full_size=9299518
R3 [P2] iter 4: subtract done, delta_size=2700770
R3 [P2] iter 4: merge done, full_size=9270414
R12 [P2] iter 5 done: global_full_size=146808836
R4 [P2] iter 5 done: global_full_size=146808836
R0 [P2] iter 5 done: global_full_size=146808836
R13 [P2] iter 5 done: global_full_size=146808836
R5 [P2] iter 5 done: global_full_size=146808836
R8 [P2] iter 5 done: global_full_size=146808836
R1 [P2] iter 5 done: global_full_size=146808836
R14 [P2] iter 5 done: global_full_size=146808836
R6 [P2] iter 5 done: global_full_size=146808836
R9 [P2] iter 5 done: global_full_size=146808836
R2 [P2] iter 5 done: global_full_size=146808836
R15 [P2] iter 5 done: global_full_size=146808836
R7 [P2] iter 5 done: global_full_size=146808836
R10 [P2] iter 5 done: global_full_size=146808836
R3 [P2] iter 5 done: global_full_size=146808836
R3 [P2] iter 5: PRE-JOIN GPU mem: 84.4GB free / 85.1GB total | delta_size=2700770 full_size=9270414
R12 [P2] iter 5: PRE-JOIN GPU mem: 84.3GB free / 85.1GB total | delta_size=2744520 full_size=9338144
R4 [P2] iter 5: PRE-JOIN GPU mem: 84.4GB free / 85.1GB total | delta_size=2627729 full_size=8979703
R11 [P2] iter 5 done: global_full_size=146808836
R0 [P2] iter 5: PRE-JOIN GPU mem: 84.4GB free / 85.1GB total | delta_size=2691486 full_size=9227381
R13 [P2] iter 5: PRE-JOIN GPU mem: 84.3GB free / 85.1GB total | delta_size=2639810 full_size=9003483
R5 [P2] iter 5: PRE-JOIN GPU mem: 84.4GB free / 85.1GB total | delta_size=2698591 full_size=9188579
R8 [P2] iter 5: PRE-JOIN GPU mem: 84.3GB free / 85.1GB total | delta_size=2744360 full_size=9324795
R1 [P2] iter 5: PRE-JOIN GPU mem: 84.4GB free / 85.1GB total | delta_size=2698205 full_size=9299518
R14 [P2] iter 5: PRE-JOIN GPU mem: 84.3GB free / 85.1GB total | delta_size=2615604 full_size=8927030
R6 [P2] iter 5: PRE-JOIN GPU mem: 84.3GB free / 85.1GB total | delta_size=2735791 full_size=9323691
R9 [P2] iter 5: PRE-JOIN GPU mem: 84.3GB free / 85.1GB total | delta_size=2717119 full_size=9319081
R2 [P2] iter 5: PRE-JOIN GPU mem: 84.4GB free / 85.1GB total | delta_size=2560467 full_size=8769926
R15 [P2] iter 5: PRE-JOIN GPU mem: 84.3GB free / 85.1GB total | delta_size=2695694 full_size=9139694
R7 [P2] iter 5: PRE-JOIN GPU mem: 84.4GB free / 85.1GB total | delta_size=2698042 full_size=9184037
R10 [P2] iter 5: PRE-JOIN GPU mem: 84.3GB free / 85.1GB total | delta_size=2726527 full_size=9283667
R11 [P2] iter 5: PRE-JOIN GPU mem: 84.3GB free / 85.1GB total | delta_size=2717832 full_size=9229693
R0 [P2] iter 5: join done, raw=44653664 result_size=28495075
R14 [P2] iter 5: join done, raw=43179007 result_size=27881020
R15 [P2] iter 5: join done, raw=44866964 result_size=28279609
R4 [P2] iter 5: join done, raw=44270285 result_size=28006028
R2 [P2] iter 5: join done, raw=45253355 result_size=28425189
R3 [P2] iter 5: join done, raw=45687983 result_size=28585471
R13 [P2] iter 5: join done, raw=45692720 result_size=28507512
R5 [P2] iter 5: join done, raw=45137515 result_size=28641191
R7 [P2] iter 5: join done, raw=45540927 result_size=28618243
R1 [P2] iter 5: join done, raw=47148611 result_size=28668995
R12 [P2] iter 5: join done, raw=46415328 result_size=28887386
R6 [P2] iter 5: join done, raw=47542351 result_size=29181633
R9 [P2] iter 5: join done, raw=46377142 result_size=28878608
R8 [P2] iter 5: join done, raw=46319286 result_size=28897604
R10 [P2] iter 5: join done, raw=46251357 result_size=28299857
R11 [P2] iter 5: join done, raw=45289204 result_size=28658517
R1 [P2] iter 5: split done, delta_size=29062849
R15 [P2] iter 5: split done, delta_size=27774200
R13 [P2] iter 5: split done, delta_size=27848015
R11 [P2] iter 5: split done, delta_size=28541933
R14 [P2] iter 5: split done, delta_size=27740521
R10 [P2] iter 5: split done, delta_size=29188378
R0 [P2] iter 5: split done, delta_size=28891872
R2 [P2] iter 5: split done, delta_size=27179001
R12 [P2] iter 5: split done, delta_size=29621359
R8 [P2] iter 5: split done, delta_size=29801062
R1 [P2] iter 5: dedup done, delta_size=5193377
R9 [P2] iter 5: split done, delta_size=29053753
R1 [P2] iter 5: subtract done, delta_size=2981519
R1 [P2] iter 5: merge done, full_size=12281037
R15 [P2] iter 5: dedup done, delta_size=5158520
R13 [P2] iter 5: dedup done, delta_size=5082637
R3 [P2] iter 5: split done, delta_size=28464547
R4 [P2] iter 5: split done, delta_size=27397524
R15 [P2] iter 5: subtract done, delta_size=3020522
R13 [P2] iter 5: subtract done, delta_size=2944288
R7 [P2] iter 5: split done, delta_size=28495599
R11 [P2] iter 5: dedup done, delta_size=5218792
R15 [P2] iter 5: merge done, full_size=12160216
R14 [P2] iter 5: dedup done, delta_size=5041757
R13 [P2] iter 5: merge done, full_size=11947771
R6 [P2] iter 5: split done, delta_size=29141357
R10 [P2] iter 5: dedup done, delta_size=5248324
R11 [P2] iter 5: subtract done, delta_size=2993367
R14 [P2] iter 5: subtract done, delta_size=2909292
R5 [P2] iter 5: split done, delta_size=28709968
R0 [P2] iter 5: dedup done, delta_size=5195064
R10 [P2] iter 5: subtract done, delta_size=3026088
R0 [P2] iter 5: subtract done, delta_size=2989210
R14 [P2] iter 5: merge done, full_size=11836322
R11 [P2] iter 5: merge done, full_size=12223060
R0 [P2] iter 5: merge done, full_size=12216591
R10 [P2] iter 5: merge done, full_size=12309755
R2 [P2] iter 5: dedup done, delta_size=4922580
R2 [P2] iter 5: subtract done, delta_size=2816858
R2 [P2] iter 5: merge done, full_size=11586784
R12 [P2] iter 5: dedup done, delta_size=5295801
R8 [P2] iter 5: dedup done, delta_size=5333067
R12 [P2] iter 5: subtract done, delta_size=3062040
R8 [P2] iter 5: subtract done, delta_size=3074401
R12 [P2] iter 5: merge done, full_size=12400184
R8 [P2] iter 5: merge done, full_size=12399196
R9 [P2] iter 5: dedup done, delta_size=5264984
R9 [P2] iter 5: subtract done, delta_size=3038388
R9 [P2] iter 5: merge done, full_size=12357469
R3 [P2] iter 5: dedup done, delta_size=5150395
R4 [P2] iter 5: dedup done, delta_size=5040756
R3 [P2] iter 5: subtract done, delta_size=2967758
R4 [P2] iter 5: subtract done, delta_size=2930378
R3 [P2] iter 5: merge done, full_size=12238172
R7 [P2] iter 5: dedup done, delta_size=5164814
R4 [P2] iter 5: merge done, full_size=11910081
R7 [P2] iter 5: subtract done, delta_size=2990773
R6 [P2] iter 5: dedup done, delta_size=5246929
R5 [P2] iter 5: dedup done, delta_size=5173625
R7 [P2] iter 5: merge done, full_size=12174810
R6 [P2] iter 5: subtract done, delta_size=3029853
R5 [P2] iter 5: subtract done, delta_size=2975882
R6 [P2] iter 5: merge done, full_size=12353544
R5 [P2] iter 5: merge done, full_size=12164461
R12 [P2] iter 6 done: global_full_size=194559453
R13 [P2] iter 6 done: global_full_size=194559453
R14 [P2] iter 6 done: global_full_size=194559453
R4 [P2] iter 6 done: global_full_size=194559453
R8 [P2] iter 6 done: global_full_size=194559453
R0 [P2] iter 6 done: global_full_size=194559453
R15 [P2] iter 6 done: global_full_size=194559453
R5 [P2] iter 6 done: global_full_size=194559453
R9 [P2] iter 6 done: global_full_size=194559453
R1 [P2] iter 6 done: global_full_size=194559453
R1 [P2] iter 6: PRE-JOIN GPU mem: 84.3GB free / 85.1GB total | delta_size=2981519 full_size=12281037
R13 [P2] iter 6: PRE-JOIN GPU mem: 84.3GB free / 85.1GB total | delta_size=2944288 full_size=11947771
R6 [P2] iter 6 done: global_full_size=194559453
R10 [P2] iter 6 done: global_full_size=194559453
R2 [P2] iter 6 done: global_full_size=194559453
R2 [P2] iter 6: PRE-JOIN GPU mem: 84.3GB free / 85.1GB total | delta_size=2816858 full_size=11586784
R12 [P2] iter 6: PRE-JOIN GPU mem: 84.3GB free / 85.1GB total | delta_size=3062040 full_size=12400184
R7 [P2] iter 6 done: global_full_size=194559453
R11 [P2] iter 6 done: global_full_size=194559453
R3 [P2] iter 6 done: global_full_size=194559453
R3 [P2] iter 6: PRE-JOIN GPU mem: 84.3GB free / 85.1GB total | delta_size=2967758 full_size=12238172
R14 [P2] iter 6: PRE-JOIN GPU mem: 84.3GB free / 85.1GB total | delta_size=2909292 full_size=11836322
R4 [P2] iter 6: PRE-JOIN GPU mem: 84.3GB free / 85.1GB total | delta_size=2930378 full_size=11910081
R8 [P2] iter 6: PRE-JOIN GPU mem: 84.3GB free / 85.1GB total | delta_size=3074401 full_size=12399196
R0 [P2] iter 6: PRE-JOIN GPU mem: 84.3GB free / 85.1GB total | delta_size=2989210 full_size=12216591
R15 [P2] iter 6: PRE-JOIN GPU mem: 84.3GB free / 85.1GB total | delta_size=3020522 full_size=12160216
R5 [P2] iter 6: PRE-JOIN GPU mem: 84.3GB free / 85.1GB total | delta_size=2975882 full_size=12164461
R9 [P2] iter 6: PRE-JOIN GPU mem: 84.3GB free / 85.1GB total | delta_size=3038388 full_size=12357469
R6 [P2] iter 6: PRE-JOIN GPU mem: 84.3GB free / 85.1GB total | delta_size=3029853 full_size=12353544
R10 [P2] iter 6: PRE-JOIN GPU mem: 84.3GB free / 85.1GB total | delta_size=3026088 full_size=12309755
R7 [P2] iter 6: PRE-JOIN GPU mem: 84.3GB free / 85.1GB total | delta_size=2990773 full_size=12174810
R11 [P2] iter 6: PRE-JOIN GPU mem: 84.3GB free / 85.1GB total | delta_size=2993367 full_size=12223060
R0 [P2] iter 6: join done, raw=49137265 result_size=31350992
R11 [P2] iter 6: join done, raw=48866432 result_size=31201523
R14 [P2] iter 6: join done, raw=47314292 result_size=30610905
R15 [P2] iter 6: join done, raw=49553530 result_size=31317137
R5 [P2] iter 6: join done, raw=49024892 result_size=31276483
R4 [P2] iter 6: join done, raw=48692043 result_size=30628100
R10 [P2] iter 6: join done, raw=50188177 result_size=30990410
R2 [P2] iter 6: join done, raw=49003566 result_size=30906040
R13 [P2] iter 6: join done, raw=50250201 result_size=31303768
R3 [P2] iter 6: join done, raw=49090583 result_size=31188155
R9 [P2] iter 6: join done, raw=51120222 result_size=31681808
R7 [P2] iter 6: join done, raw=49588106 result_size=31261228
R6 [P2] iter 6: join done, raw=51951681 result_size=31978841
R1 [P2] iter 6: join done, raw=50730544 result_size=31200306
R12 [P2] iter 6: join done, raw=50527516 result_size=31756231
R8 [P2] iter 6: join done, raw=51105247 result_size=31956155
R15 [P2] iter 6: split done, delta_size=30521976
R14 [P2] iter 6: split done, delta_size=30670638
R5 [P2] iter 6: split done, delta_size=31334929
R2 [P2] iter 6: split done, delta_size=29508120
R12 [P2] iter 6: split done, delta_size=32452965
R1 [P2] iter 6: split done, delta_size=31524001
R6 [P2] iter 6: split done, delta_size=31752207
R0 [P2] iter 6: split done, delta_size=31812533
R13 [P2] iter 6: split done, delta_size=30747469
R4 [P2] iter 6: split done, delta_size=30373900
R3 [P2] iter 6: split done, delta_size=31028343
R10 [P2] iter 6: split done, delta_size=31916907
R7 [P2] iter 6: split done, delta_size=31032328
R11 [P2] iter 6: split done, delta_size=31127486
R9 [P2] iter 6: split done, delta_size=31916745
R8 [P2] iter 6: split done, delta_size=32887535
R15 [P2] iter 6: dedup done, delta_size=5660815
R2 [P2] iter 6: dedup done, delta_size=5365615
R15 [P2] iter 6: subtract done, delta_size=3238875
R5 [P2] iter 6: dedup done, delta_size=5653550
R14 [P2] iter 6: dedup done, delta_size=5557709
R5 [P2] iter 6: subtract done, delta_size=3175358
R2 [P2] iter 6: subtract done, delta_size=3001709
R14 [P2] iter 6: subtract done, delta_size=3133615
R12 [P2] iter 6: dedup done, delta_size=5802931
R2 [P2] iter 6: merge done, full_size=14588493
R1 [P2] iter 6: dedup done, delta_size=5654341
R5 [P2] iter 6: merge done, full_size=15339819
R15 [P2] iter 6: merge done, full_size=15399091
R6 [P2] iter 6: dedup done, delta_size=5706486
R1 [P2] iter 6: subtract done, delta_size=3168472
R12 [P2] iter 6: subtract done, delta_size=3263262
R0 [P2] iter 6: dedup done, delta_size=5709492
R1 [P2] iter 6: merge done, full_size=15449509
R13 [P2] iter 6: dedup done, delta_size=5589347
R14 [P2] iter 6: merge done, full_size=14969937
R0 [P2] iter 6: subtract done, delta_size=3204363
R6 [P2] iter 6: subtract done, delta_size=3217849
R4 [P2] iter 6: dedup done, delta_size=5558520
R12 [P2] iter 6: merge done, full_size=15663446
R3 [P2] iter 6: dedup done, delta_size=5623318
R13 [P2] iter 6: subtract done, delta_size=3158805
R0 [P2] iter 6: merge done, full_size=15420954
R3 [P2] iter 6: subtract done, delta_size=3180159
R10 [P2] iter 6: dedup done, delta_size=5735980
R4 [P2] iter 6: subtract done, delta_size=3150338
R13 [P2] iter 6: merge done, full_size=15106576
R6 [P2] iter 6: merge done, full_size=15571393
R7 [P2] iter 6: dedup done, delta_size=5624346
R3 [P2] iter 6: merge done, full_size=15418331
R7 [P2] iter 6: subtract done, delta_size=3173655
R4 [P2] iter 6: merge done, full_size=15060419
R10 [P2] iter 6: subtract done, delta_size=3224643
R11 [P2] iter 6: dedup done, delta_size=5713768
R7 [P2] iter 6: merge done, full_size=15348465
R11 [P2] iter 6: subtract done, delta_size=3214824
R9 [P2] iter 6: dedup done, delta_size=5792832
R8 [P2] iter 6: dedup done, delta_size=5853901
R10 [P2] iter 6: merge done, full_size=15534398
R11 [P2] iter 6: merge done, full_size=15437884
R9 [P2] iter 6: subtract done, delta_size=3261553
R8 [P2] iter 6: subtract done, delta_size=3272259
R9 [P2] iter 6: merge done, full_size=15619022
R8 [P2] iter 6: merge done, full_size=15671455
R0 [P2] iter 7 done: global_full_size=245599192
R1 [P2] iter 7 done: global_full_size=245599192
R2 [P2] iter 7 done: global_full_size=245599192
R3 [P2] iter 7 done: global_full_size=245599192
R0 [P2] iter 7: PRE-JOIN GPU mem: 84.3GB free / 85.1GB total | delta_size=3204363 full_size=15420954
R1 [P2] iter 7: PRE-JOIN GPU mem: 84.3GB free / 85.1GB total | delta_size=3168472 full_size=15449509
R2 [P2] iter 7: PRE-JOIN GPU mem: 84.3GB free / 85.1GB total | delta_size=3001709 full_size=14588493
R3 [P2] iter 7: PRE-JOIN GPU mem: 84.3GB free / 85.1GB total | delta_size=3180159 full_size=15418331
R12 [P2] iter 7 done: global_full_size=245599192
R4 [P2] iter 7 done: global_full_size=245599192
R8 [P2] iter 7 done: global_full_size=245599192
R13 [P2] iter 7 done: global_full_size=245599192
R5 [P2] iter 7 done: global_full_size=245599192
R9 [P2] iter 7 done: global_full_size=245599192
R14 [P2] iter 7 done: global_full_size=245599192
R6 [P2] iter 7 done: global_full_size=245599192
R10 [P2] iter 7 done: global_full_size=245599192
R15 [P2] iter 7 done: global_full_size=245599192
R7 [P2] iter 7 done: global_full_size=245599192
R7 [P2] iter 7: PRE-JOIN GPU mem: 84.3GB free / 85.1GB total | delta_size=3173655 full_size=15348465
R11 [P2] iter 7 done: global_full_size=245599192
R12 [P2] iter 7: PRE-JOIN GPU mem: 84.2GB free / 85.1GB total | delta_size=3263262 full_size=15663446
R4 [P2] iter 7: PRE-JOIN GPU mem: 84.3GB free / 85.1GB total | delta_size=3150338 full_size=15060419
R8 [P2] iter 7: PRE-JOIN GPU mem: 84.2GB free / 85.1GB total | delta_size=3272259 full_size=15671455
R13 [P2] iter 7: PRE-JOIN GPU mem: 84.3GB free / 85.1GB total | delta_size=3158805 full_size=15106576
R5 [P2] iter 7: PRE-JOIN GPU mem: 84.3GB free / 85.1GB total | delta_size=3175358 full_size=15339819
R9 [P2] iter 7: PRE-JOIN GPU mem: 84.3GB free / 85.1GB total | delta_size=3261553 full_size=15619022
R14 [P2] iter 7: PRE-JOIN GPU mem: 84.2GB free / 85.1GB total | delta_size=3133615 full_size=14969937
R6 [P2] iter 7: PRE-JOIN GPU mem: 84.3GB free / 85.1GB total | delta_size=3217849 full_size=15571393
R10 [P2] iter 7: PRE-JOIN GPU mem: 84.2GB free / 85.1GB total | delta_size=3224643 full_size=15534398
R15 [P2] iter 7: PRE-JOIN GPU mem: 84.2GB free / 85.1GB total | delta_size=3238875 full_size=15399091
R11 [P2] iter 7: PRE-JOIN GPU mem: 84.3GB free / 85.1GB total | delta_size=3214824 full_size=15437884
R11 [P2] iter 7: join done, raw=52390503 result_size=33262660
R10 [P2] iter 7: join done, raw=53284700 result_size=32872315
R7 [P2] iter 7: join done, raw=52037873 result_size=32928208
R9 [P2] iter 7: join done, raw=54711624 result_size=33683480
R8 [P2] iter 7: join done, raw=54414383 result_size=34013650
R4 [P2] iter 7: join done, raw=52851423 result_size=32753563
R5 [P2] iter 7: join done, raw=52200286 result_size=33288504
R6 [P2] iter 7: join done, raw=54602700 result_size=33835824
R0 [P2] iter 7: join done, raw=52517828 result_size=33343788
R1 [P2] iter 7: join done, raw=53655314 result_size=33101567
R2 [P2] iter 7: join done, raw=52058680 result_size=32716367
R3 [P2] iter 7: join done, raw=52278847 result_size=33421330
R13 [P2] iter 7: join done, raw=53579751 result_size=33307686
R12 [P2] iter 7: join done, raw=53567902 result_size=33835582
R14 [P2] iter 7: join done, raw=51405717 result_size=32815863
R15 [P2] iter 7: join done, raw=52809403 result_size=33261887
R12 [P2] iter 7: split done, delta_size=34198393
R13 [P2] iter 7: split done, delta_size=32560881
R11 [P2] iter 7: split done, delta_size=33182614
R10 [P2] iter 7: split done, delta_size=33914693
R15 [P2] iter 7: split done, delta_size=32723056
R6 [P2] iter 7: split done, delta_size=33718983
R7 [P2] iter 7: split done, delta_size=32813720
R0 [P2] iter 7: split done, delta_size=33914612
R4 [P2] iter 7: split done, delta_size=32698924
R14 [P2] iter 7: split done, delta_size=32739919
R2 [P2] iter 7: split done, delta_size=31294712
R8 [P2] iter 7: split done, delta_size=34917712
R1 [P2] iter 7: split done, delta_size=33331710
R5 [P2] iter 7: split done, delta_size=33398602
R9 [P2] iter 7: split done, delta_size=34033199
R3 [P2] iter 7: split done, delta_size=33000544
R12 [P2] iter 7: dedup done, delta_size=6156672
R13 [P2] iter 7: dedup done, delta_size=5943567
R12 [P2] iter 7: subtract done, delta_size=3397171
R13 [P2] iter 7: subtract done, delta_size=3289589
R11 [P2] iter 7: dedup done, delta_size=6106335
R12 [P2] iter 7: merge done, full_size=19060617
R13 [P2] iter 7: merge done, full_size=18396165
R11 [P2] iter 7: subtract done, delta_size=3383683
R11 [P2] iter 7: merge done, full_size=18821567
R15 [P2] iter 7: dedup done, delta_size=6082869
R10 [P2] iter 7: dedup done, delta_size=6099815
R15 [P2] iter 7: subtract done, delta_size=3423968
R7 [P2] iter 7: dedup done, delta_size=5945860
R10 [P2] iter 7: subtract done, delta_size=3358707
R15 [P2] iter 7: merge done, full_size=18823059
R6 [P2] iter 7: dedup done, delta_size=6079026
R7 [P2] iter 7: subtract done, delta_size=3280644
R10 [P2] iter 7: merge done, full_size=18893105
R6 [P2] iter 7: subtract done, delta_size=3375547
R4 [P2] iter 7: dedup done, delta_size=5995241
R0 [P2] iter 7: dedup done, delta_size=6099755
R7 [P2] iter 7: merge done, full_size=18629109
R14 [P2] iter 7: dedup done, delta_size=5934856
R0 [P2] iter 7: subtract done, delta_size=3354250
R6 [P2] iter 7: merge done, full_size=18946940
R4 [P2] iter 7: subtract done, delta_size=3341222
R0 [P2] iter 7: merge done, full_size=18775204
R14 [P2] iter 7: subtract done, delta_size=3265032
R4 [P2] iter 7: merge done, full_size=18401641
R14 [P2] iter 7: merge done, full_size=18234969
R2 [P2] iter 7: dedup done, delta_size=5708123
R5 [P2] iter 7: dedup done, delta_size=6044261
R1 [P2] iter 7: dedup done, delta_size=6027297
R2 [P2] iter 7: subtract done, delta_size=3144840
R5 [P2] iter 7: subtract done, delta_size=3348387
R1 [P2] iter 7: subtract done, delta_size=3328511
R5 [P2] iter 7: merge done, full_size=18688206
R2 [P2] iter 7: merge done, full_size=17733333
R1 [P2] iter 7: merge done, full_size=18778020
R3 [P2] iter 7: dedup done, delta_size=5995979
R3 [P2] iter 7: subtract done, delta_size=3333784
R3 [P2] iter 7: merge done, full_size=18752115
R8 [P2] iter 7: dedup done, delta_size=6235214
R9 [P2] iter 7: dedup done, delta_size=6203029
R8 [P2] iter 7: subtract done, delta_size=3421087
R9 [P2] iter 7: subtract done, delta_size=3432649
R8 [P2] iter 7: merge done, full_size=19092542
R9 [P2] iter 7: merge done, full_size=19051671
R8 [P2] iter 8 done: global_full_size=299078263
R9 [P2] iter 8 done: global_full_size=299078263
R0 [P2] iter 8 done: global_full_size=299078263
R10 [P2] iter 8 done: global_full_size=299078263
R11 [P2] iter 8 done: global_full_size=299078263
R1 [P2] iter 8 done: global_full_size=299078263
R9 [P2] iter 8: PRE-JOIN GPU mem: 84.2GB free / 85.1GB total | delta_size=3432649 full_size=19051671
R2 [P2] iter 8 done: global_full_size=299078263
R10 [P2] iter 8: PRE-JOIN GPU mem: 84.2GB free / 85.1GB total | delta_size=3358707 full_size=18893105
R3 [P2] iter 8 done: global_full_size=299078263
R8 [P2] iter 8: PRE-JOIN GPU mem: 84.2GB free / 85.1GB total | delta_size=3421087 full_size=19092542
R0 [P2] iter 8: PRE-JOIN GPU mem: 84.2GB free / 85.1GB total | delta_size=3354250 full_size=18775204
R11 [P2] iter 8: PRE-JOIN GPU mem: 84.2GB free / 85.1GB total | delta_size=3383683 full_size=18821567
R1 [P2] iter 8: PRE-JOIN GPU mem: 84.2GB free / 85.1GB total | delta_size=3328511 full_size=18778020
R2 [P2] iter 8: PRE-JOIN GPU mem: 84.2GB free / 85.1GB total | delta_size=3144840 full_size=17733333
R3 [P2] iter 8: PRE-JOIN GPU mem: 84.2GB free / 85.1GB total | delta_size=3333784 full_size=18752115
R4 [P2] iter 8 done: global_full_size=299078263
R5 [P2] iter 8 done: global_full_size=299078263
R6 [P2] iter 8 done: global_full_size=299078263
R7 [P2] iter 8 done: global_full_size=299078263
R5 [P2] iter 8: PRE-JOIN GPU mem: 84.2GB free / 85.1GB total | delta_size=3348387 full_size=18688206
R6 [P2] iter 8: PRE-JOIN GPU mem: 84.2GB free / 85.1GB total | delta_size=3375547 full_size=18946940
R7 [P2] iter 8: PRE-JOIN GPU mem: 84.2GB free / 85.1GB total | delta_size=3280644 full_size=18629109
R12 [P2] iter 8 done: global_full_size=299078263
R4 [P2] iter 8: PRE-JOIN GPU mem: 84.2GB free / 85.1GB total | delta_size=3341222 full_size=18401641
R13 [P2] iter 8 done: global_full_size=299078263
R14 [P2] iter 8 done: global_full_size=299078263
R15 [P2] iter 8 done: global_full_size=299078263
R12 [P2] iter 8: PRE-JOIN GPU mem: 84.2GB free / 85.1GB total | delta_size=3397171 full_size=19060617
R13 [P2] iter 8: PRE-JOIN GPU mem: 84.2GB free / 85.1GB total | delta_size=3289589 full_size=18396165
R14 [P2] iter 8: PRE-JOIN GPU mem: 84.2GB free / 85.1GB total | delta_size=3265032 full_size=18234969
R15 [P2] iter 8: PRE-JOIN GPU mem: 84.2GB free / 85.1GB total | delta_size=3423968 full_size=18823059
R0 [P2] iter 8: join done, raw=55872346 result_size=34815673
R7 [P2] iter 8: join done, raw=54442774 result_size=34260934
R5 [P2] iter 8: join done, raw=55858424 result_size=35082431
R14 [P2] iter 8: join done, raw=54347082 result_size=34137071
R4 [P2] iter 8: join done, raw=56336320 result_size=34452112
R13 [P2] iter 8: join done, raw=56579288 result_size=34673323
R2 [P2] iter 8: join done, raw=55158350 result_size=34099126
R3 [P2] iter 8: join done, raw=55947837 result_size=34999632
R1 [P2] iter 8: join done, raw=56684032 result_size=34630618
R6 [P2] iter 8: join done, raw=57977490 result_size=35369474
R15 [P2] iter 8: join done, raw=56983243 result_size=35137686
R12 [P2] iter 8: join done, raw=56676967 result_size=35406807
R11 [P2] iter 8: join done, raw=55852120 result_size=34931136
R10 [P2] iter 8: join done, raw=56377836 result_size=34273272
R9 [P2] iter 8: join done, raw=58421261 result_size=35317595
R8 [P2] iter 8: join done, raw=57393732 result_size=35614904
R3 [P2] iter 8: split done, delta_size=34722646
R2 [P2] iter 8: split done, delta_size=32838450
R0 [P2] iter 8: split done, delta_size=35608458
R1 [P2] iter 8: split done, delta_size=35064761
R13 [P2] iter 8: split done, delta_size=33845025
R5 [P2] iter 8: split done, delta_size=35025870
R9 [P2] iter 8: split done, delta_size=35612045
R11 [P2] iter 8: split done, delta_size=34874121
R8 [P2] iter 8: split done, delta_size=36763907
R4 [P2] iter 8: split done, delta_size=34434461
R6 [P2] iter 8: split done, delta_size=35142575
R10 [P2] iter 8: split done, delta_size=35427671
R15 [P2] iter 8: split done, delta_size=34328354
R7 [P2] iter 8: split done, delta_size=33846174
R14 [P2] iter 8: split done, delta_size=34069106
R2 [P2] iter 8: dedup done, delta_size=5983167
R12 [P2] iter 8: split done, delta_size=35598170
R3 [P2] iter 8: dedup done, delta_size=6291425
R2 [P2] iter 8: subtract done, delta_size=3251160
R3 [P2] iter 8: subtract done, delta_size=3445209
R2 [P2] iter 8: merge done, full_size=20984493
R13 [P2] iter 8: dedup done, delta_size=6179824
R0 [P2] iter 8: dedup done, delta_size=6355352
R5 [P2] iter 8: dedup done, delta_size=6332891
R1 [P2] iter 8: dedup done, delta_size=6349561
R13 [P2] iter 8: subtract done, delta_size=3362696
R3 [P2] iter 8: merge done, full_size=22197324
R0 [P2] iter 8: subtract done, delta_size=3433036
R9 [P2] iter 8: dedup done, delta_size=6492680
R1 [P2] iter 8: subtract done, delta_size=3460512
R5 [P2] iter 8: subtract done, delta_size=3442628
R0 [P2] iter 8: merge done, full_size=22208240
R13 [P2] iter 8: merge done, full_size=21758861
R9 [P2] iter 8: subtract done, delta_size=3527501
R1 [P2] iter 8: merge done, full_size=22238532
R5 [P2] iter 8: merge done, full_size=22130834
R11 [P2] iter 8: dedup done, delta_size=6419498
R9 [P2] iter 8: merge done, full_size=22579172
R4 [P2] iter 8: dedup done, delta_size=6326753
R11 [P2] iter 8: subtract done, delta_size=3504690
R8 [P2] iter 8: dedup done, delta_size=6534487
R4 [P2] iter 8: subtract done, delta_size=3453115
R6 [P2] iter 8: dedup done, delta_size=6327198
R10 [P2] iter 8: dedup done, delta_size=6365053
R8 [P2] iter 8: subtract done, delta_size=3532470
R11 [P2] iter 8: merge done, full_size=22326257
R10 [P2] iter 8: subtract done, delta_size=3438841
R4 [P2] iter 8: merge done, full_size=21854756
R6 [P2] iter 8: subtract done, delta_size=3464721
R8 [P2] iter 8: merge done, full_size=22625012
R15 [P2] iter 8: dedup done, delta_size=6373994
R10 [P2] iter 8: merge done, full_size=22331946
R6 [P2] iter 8: merge done, full_size=22411661
R7 [P2] iter 8: dedup done, delta_size=6141675
R15 [P2] iter 8: subtract done, delta_size=3511447
R7 [P2] iter 8: subtract done, delta_size=3346700
R15 [P2] iter 8: merge done, full_size=22334506
R7 [P2] iter 8: merge done, full_size=21975809
R14 [P2] iter 8: dedup done, delta_size=6170578
R14 [P2] iter 8: subtract done, delta_size=3336995
R12 [P2] iter 8: dedup done, delta_size=6408485
R14 [P2] iter 8: merge done, full_size=21571964
R12 [P2] iter 8: subtract done, delta_size=3488534
R12 [P2] iter 8: merge done, full_size=22549151
R12 [P2] iter 9 done: global_full_size=354078518
R0 [P2] iter 9 done: global_full_size=354078518
R13 [P2] iter 9 done: global_full_size=354078518
R1 [P2] iter 9 done: global_full_size=354078518
R1 [P2] iter 9: PRE-JOIN GPU mem: 84.2GB free / 85.1GB total | delta_size=3460512 full_size=22238532
R14 [P2] iter 9 done: global_full_size=354078518
R2 [P2] iter 9 done: global_full_size=354078518
R2 [P2] iter 9: PRE-JOIN GPU mem: 84.2GB free / 85.1GB total | delta_size=3251160 full_size=20984493
R15 [P2] iter 9 done: global_full_size=354078518
R3 [P2] iter 9 done: global_full_size=354078518
R3 [P2] iter 9: PRE-JOIN GPU mem: 84.2GB free / 85.1GB total | delta_size=3445209 full_size=22197324
R12 [P2] iter 9: PRE-JOIN GPU mem: 84.2GB free / 85.1GB total | delta_size=3488534 full_size=22549151
R0 [P2] iter 9: PRE-JOIN GPU mem: 84.2GB free / 85.1GB total | delta_size=3433036 full_size=22208240
R13 [P2] iter 9: PRE-JOIN GPU mem: 84.2GB free / 85.1GB total | delta_size=3362696 full_size=21758861
R14 [P2] iter 9: PRE-JOIN GPU mem: 84.2GB free / 85.1GB total | delta_size=3336995 full_size=21571964
R15 [P2] iter 9: PRE-JOIN GPU mem: 84.2GB free / 85.1GB total | delta_size=3511447 full_size=22334506
R4 [P2] iter 9 done: global_full_size=354078518
R8 [P2] iter 9 done: global_full_size=354078518
R5 [P2] iter 9 done: global_full_size=354078518
R9 [P2] iter 9 done: global_full_size=354078518
R6 [P2] iter 9 done: global_full_size=354078518
R6 [P2] iter 9: PRE-JOIN GPU mem: 84.2GB free / 85.1GB total | delta_size=3464721 full_size=22411661
R10 [P2] iter 9 done: global_full_size=354078518
R7 [P2] iter 9 done: global_full_size=354078518
R7 [P2] iter 9: PRE-JOIN GPU mem: 84.2GB free / 85.1GB total | delta_size=3346700 full_size=21975809
R11 [P2] iter 9 done: global_full_size=354078518
R4 [P2] iter 9: PRE-JOIN GPU mem: 84.2GB free / 85.1GB total | delta_size=3453115 full_size=21854756
R8 [P2] iter 9: PRE-JOIN GPU mem: 84.2GB free / 85.1GB total | delta_size=3532470 full_size=22625012
R5 [P2] iter 9: PRE-JOIN GPU mem: 84.2GB free / 85.1GB total | delta_size=3442628 full_size=22130834
R9 [P2] iter 9: PRE-JOIN GPU mem: 84.2GB free / 85.1GB total | delta_size=3527501 full_size=22579172
R10 [P2] iter 9: PRE-JOIN GPU mem: 84.2GB free / 85.1GB total | delta_size=3438841 full_size=22331946
R11 [P2] iter 9: PRE-JOIN GPU mem: 84.2GB free / 85.1GB total | delta_size=3504690 full_size=22326257
R0 [P2] iter 9: join done, raw=57765168 result_size=35779899
R14 [P2] iter 9: join done, raw=55547516 result_size=34866173
R6 [P2] iter 9: join done, raw=59829265 result_size=36358813
R2 [P2] iter 9: join done, raw=57374494 result_size=35300832
R11 [P2] iter 9: join done, raw=57913555 result_size=36094529
R10 [P2] iter 9: join done, raw=57815280 result_size=35017803
R13 [P2] iter 9: join done, raw=58715794 result_size=35769164
R3 [P2] iter 9: join done, raw=58386522 result_size=36090411
R1 [P2] iter 9: join done, raw=59217670 result_size=35864444
R5 [P2] iter 9: join done, raw=57466678 result_size=35900469
R8 [P2] iter 9: join done, raw=59334264 result_size=36731231
R7 [P2] iter 9: join done, raw=56380923 result_size=34962597
R4 [P2] iter 9: join done, raw=57885650 result_size=35453527
R15 [P2] iter 9: join done, raw=58731486 result_size=36025910
R12 [P2] iter 9: join done, raw=58685156 result_size=36525431
R9 [P2] iter 9: join done, raw=60911765 result_size=36359018
R2 [P2] iter 9: split done, delta_size=33875494
R13 [P2] iter 9: split done, delta_size=35021887
R10 [P2] iter 9: split done, delta_size=36330279
R14 [P2] iter 9: split done, delta_size=35010650
R5 [P2] iter 9: split done, delta_size=35946506
R12 [P2] iter 9: split done, delta_size=36548743
R8 [P2] iter 9: split done, delta_size=38028525
R6 [P2] iter 9: split done, delta_size=36203379
R4 [P2] iter 9: split done, delta_size=35265236
R7 [P2] iter 9: split done, delta_size=34529004
R11 [P2] iter 9: split done, delta_size=35863036
R15 [P2] iter 9: split done, delta_size=35195881
R9 [P2] iter 9: split done, delta_size=36764668
R3 [P2] iter 9: split done, delta_size=35749475
R1 [P2] iter 9: split done, delta_size=36100300
R0 [P2] iter 9: split done, delta_size=36667188
R13 [P2] iter 9: dedup done, delta_size=6355985
R10 [P2] iter 9: dedup done, delta_size=6480702
R13 [P2] iter 9: subtract done, delta_size=3411398
R10 [P2] iter 9: subtract done, delta_size=3434176
R13 [P2] iter 9: merge done, full_size=25170259
R14 [P2] iter 9: dedup done, delta_size=6317949
R10 [P2] iter 9: merge done, full_size=25766122
R14 [P2] iter 9: subtract done, delta_size=3368535
R5 [P2] iter 9: dedup done, delta_size=6473871
R12 [P2] iter 9: dedup done, delta_size=6562420
R14 [P2] iter 9: merge done, full_size=24940499
R8 [P2] iter 9: dedup done, delta_size=6681951
R12 [P2] iter 9: subtract done, delta_size=3513064
R5 [P2] iter 9: subtract done, delta_size=3445505
R4 [P2] iter 9: dedup done, delta_size=6472175
R8 [P2] iter 9: subtract done, delta_size=3529606
R11 [P2] iter 9: dedup done, delta_size=6591465
R12 [P2] iter 9: merge done, full_size=26062215
R5 [P2] iter 9: merge done, full_size=25576339
R7 [P2] iter 9: dedup done, delta_size=6225906
R6 [P2] iter 9: dedup done, delta_size=6477670
R4 [P2] iter 9: subtract done, delta_size=3460329
R8 [P2] iter 9: merge done, full_size=26154618
R11 [P2] iter 9: subtract done, delta_size=3521938
R7 [P2] iter 9: subtract done, delta_size=3337595
R15 [P2] iter 9: dedup done, delta_size=6537291
R6 [P2] iter 9: subtract done, delta_size=3497184
R11 [P2] iter 9: merge done, full_size=25848195
R4 [P2] iter 9: merge done, full_size=25315085
R15 [P2] iter 9: subtract done, delta_size=3536995
R7 [P2] iter 9: merge done, full_size=25313404
R6 [P2] iter 9: merge done, full_size=25908845
R15 [P2] iter 9: merge done, full_size=25871501
R9 [P2] iter 9: dedup done, delta_size=6648278
R9 [P2] iter 9: subtract done, delta_size=3554796
R2 [P2] iter 9: dedup done, delta_size=6157638
R9 [P2] iter 9: merge done, full_size=26133968
R0 [P2] iter 9: dedup done, delta_size=6483372
R0 [P2] iter 9: subtract done, delta_size=3443412
R2 [P2] iter 9: subtract done, delta_size=3282207
R0 [P2] iter 9: merge done, full_size=25651652
R2 [P2] iter 9: merge done, full_size=24266700
R1 [P2] iter 9: dedup done, delta_size=6539113
R3 [P2] iter 9: dedup done, delta_size=6473587
R1 [P2] iter 9: subtract done, delta_size=3494438
R3 [P2] iter 9: subtract done, delta_size=3482370
R1 [P2] iter 9: merge done, full_size=25732970
R3 [P2] iter 9: merge done, full_size=25679694
R12 [P2] iter 10 done: global_full_size=409392066
R4 [P2] iter 10 done: global_full_size=409392066
R8 [P2] iter 10 done: global_full_size=409392066
R13 [P2] iter 10 done: global_full_size=409392066
R5 [P2] iter 10 done: global_full_size=409392066
R9 [P2] iter 10 done: global_full_size=409392066
R0 [P2] iter 10 done: global_full_size=409392066
R0 [P2] iter 10: PRE-JOIN GPU mem: 84.1GB free / 85.1GB total | delta_size=3443412 full_size=25651652
R14 [P2] iter 10 done: global_full_size=409392066
R6 [P2] iter 10 done: global_full_size=409392066
R10 [P2] iter 10 done: global_full_size=409392066
R1 [P2] iter 10 done: global_full_size=409392066
R1 [P2] iter 10: PRE-JOIN GPU mem: 84.1GB free / 85.1GB total | delta_size=3494438 full_size=25732970
R15 [P2] iter 10 done: global_full_size=409392066
R7 [P2] iter 10 done: global_full_size=409392066
R7 [P2] iter 10: PRE-JOIN GPU mem: 84.2GB free / 85.1GB total | delta_size=3337595 full_size=25313404
R11 [P2] iter 10 done: global_full_size=409392066
R11 [P2] iter 10: PRE-JOIN GPU mem: 84.1GB free / 85.1GB total | delta_size=3521938 full_size=25848195
R2 [P2] iter 10 done: global_full_size=409392066
R2 [P2] iter 10: PRE-JOIN GPU mem: 84.2GB free / 85.1GB total | delta_size=3282207 full_size=24266700
R13 [P2] iter 10: PRE-JOIN GPU mem: 84.1GB free / 85.1GB total | delta_size=3411398 full_size=25170259
R4 [P2] iter 10: PRE-JOIN GPU mem: 84.2GB free / 85.1GB total | delta_size=3460329 full_size=25315085
R8 [P2] iter 10: PRE-JOIN GPU mem: 84.1GB free / 85.1GB total | delta_size=3529606 full_size=26154618
R3 [P2] iter 10 done: global_full_size=409392066
R3 [P2] iter 10: PRE-JOIN GPU mem: 84.1GB free / 85.1GB total | delta_size=3482370 full_size=25679694
R14 [P2] iter 10: PRE-JOIN GPU mem: 84.1GB free / 85.1GB total | delta_size=3368535 full_size=24940499
R5 [P2] iter 10: PRE-JOIN GPU mem: 84.1GB free / 85.1GB total | delta_size=3445505 full_size=25576339
R9 [P2] iter 10: PRE-JOIN GPU mem: 84.1GB free / 85.1GB total | delta_size=3554796 full_size=26133968
R15 [P2] iter 10: PRE-JOIN GPU mem: 84.1GB free / 85.1GB total | delta_size=3536995 full_size=25871501
R6 [P2] iter 10: PRE-JOIN GPU mem: 84.1GB free / 85.1GB total | delta_size=3497184 full_size=25908845
R10 [P2] iter 10: PRE-JOIN GPU mem: 84.1GB free / 85.1GB total | delta_size=3434176 full_size=25766122
R12 [P2] iter 10: PRE-JOIN GPU mem: 84.1GB free / 85.1GB total | delta_size=3513064 full_size=26062215
R10 [P2] iter 10: join done, raw=57329009 result_size=34728052
R7 [P2] iter 10: join done, raw=56051000 result_size=34641621
R0 [P2] iter 10: join done, raw=57899820 result_size=35822578
R14 [P2] iter 10: join done, raw=55854354 result_size=34919396
R5 [P2] iter 10: join done, raw=57457823 result_size=35620991
R4 [P2] iter 10: join done, raw=57420893 result_size=35332060
R11 [P2] iter 10: join done, raw=57405483 result_size=35920157
R8 [P2] iter 10: join done, raw=59026499 result_size=36625384
R2 [P2] iter 10: join done, raw=57768159 result_size=35572447
R15 [P2] iter 10: join done, raw=58506057 result_size=35985679
R6 [P2] iter 10: join done, raw=60329586 result_size=36496156
R12 [P2] iter 10: join done, raw=58676332 result_size=36548704
R1 [P2] iter 10: join done, raw=59483979 result_size=35891436
R3 [P2] iter 10: join done, raw=58848929 result_size=36201660
R13 [P2] iter 10: join done, raw=59560804 result_size=35860950
R9 [P2] iter 10: join done, raw=61470229 result_size=36458260
R5 [P2] iter 10: split done, delta_size=35890635
R13 [P2] iter 10: split done, delta_size=35298942
R4 [P2] iter 10: split done, delta_size=35228417
R0 [P2] iter 10: split done, delta_size=36632652
R6 [P2] iter 10: split done, delta_size=36093767
R11 [P2] iter 10: split done, delta_size=35581507
R3 [P2] iter 10: split done, delta_size=35708131
R2 [P2] iter 10: split done, delta_size=33895241
R10 [P2] iter 10: split done, delta_size=36267723
R15 [P2] iter 10: split done, delta_size=35295203
R7 [P2] iter 10: split done, delta_size=34563717
R1 [P2] iter 10: split done, delta_size=36234578
R14 [P2] iter 10: split done, delta_size=34977129
R12 [P2] iter 10: split done, delta_size=36463136
R5 [P2] iter 10: dedup done, delta_size=6449881
R5 [P2] iter 10: subtract done, delta_size=3365128
R13 [P2] iter 10: dedup done, delta_size=6339804
R5 [P2] iter 10: merge done, full_size=28941467
R13 [P2] iter 10: subtract done, delta_size=3322883
R13 [P2] iter 10: merge done, full_size=28493142
R4 [P2] iter 10: dedup done, delta_size=6446602
R0 [P2] iter 10: dedup done, delta_size=6445585
R6 [P2] iter 10: dedup done, delta_size=6442614
R4 [P2] iter 10: subtract done, delta_size=3375260
R0 [P2] iter 10: subtract done, delta_size=3343915
R4 [P2] iter 10: merge done, full_size=28690345
R6 [P2] iter 10: subtract done, delta_size=3404697
R0 [P2] iter 10: merge done, full_size=28995567
R2 [P2] iter 10: dedup done, delta_size=6147900
R3 [P2] iter 10: dedup done, delta_size=6463704
R15 [P2] iter 10: dedup done, delta_size=6536038
R6 [P2] iter 10: merge done, full_size=29313542
R7 [P2] iter 10: dedup done, delta_size=6195828
R2 [P2] iter 10: subtract done, delta_size=3215511
R3 [P2] iter 10: subtract done, delta_size=3407666
R15 [P2] iter 10: subtract done, delta_size=3465616
R7 [P2] iter 10: subtract done, delta_size=3280646
R2 [P2] iter 10: merge done, full_size=27482211
R1 [P2] iter 10: dedup done, delta_size=6553035
R3 [P2] iter 10: merge done, full_size=29087360
R1 [P2] iter 10: subtract done, delta_size=3419835
R7 [P2] iter 10: merge done, full_size=28594050
R15 [P2] iter 10: merge done, full_size=29337117
R1 [P2] iter 10: merge done, full_size=29152805
R14 [P2] iter 10: dedup done, delta_size=6304724
R12 [P2] iter 10: dedup done, delta_size=6534816
R14 [P2] iter 10: subtract done, delta_size=3286540
R12 [P2] iter 10: subtract done, delta_size=3416452
R14 [P2] iter 10: merge done, full_size=28227039
R12 [P2] iter 10: merge done, full_size=29478667
R8 [P2] iter 10: split done, delta_size=37830222
R9 [P2] iter 10: split done, delta_size=36664531
R11 [P2] iter 10: dedup done, delta_size=6537413
R11 [P2] iter 10: subtract done, delta_size=3417357
R11 [P2] iter 10: merge done, full_size=29265552
R10 [P2] iter 10: dedup done, delta_size=6438025
R9 [P2] iter 10: dedup done, delta_size=6589148
R8 [P2] iter 10: dedup done, delta_size=6602115
R10 [P2] iter 10: subtract done, delta_size=3346080
R9 [P2] iter 10: subtract done, delta_size=3441430
R8 [P2] iter 10: subtract done, delta_size=3385506
R10 [P2] iter 10: merge done, full_size=29112202
R8 [P2] iter 10: merge done, full_size=29540124
R9 [P2] iter 10: merge done, full_size=29575398
R8 [P2] iter 11 done: global_full_size=463286588
R0 [P2] iter 11 done: global_full_size=463286588
R12 [P2] iter 11 done: global_full_size=463286588
R4 [P2] iter 11 done: global_full_size=463286588
R9 [P2] iter 11 done: global_full_size=463286588
R1 [P2] iter 11 done: global_full_size=463286588
R13 [P2] iter 11 done: global_full_size=463286588
R5 [P2] iter 11 done: global_full_size=463286588
R10 [P2] iter 11 done: global_full_size=463286588
R2 [P2] iter 11 done: global_full_size=463286588
R14 [P2] iter 11 done: global_full_size=463286588
R6 [P2] iter 11 done: global_full_size=463286588
R11 [P2] iter 11 done: global_full_size=463286588
R3 [P2] iter 11 done: global_full_size=463286588
R3 [P2] iter 11: PRE-JOIN GPU mem: 84.1GB free / 85.1GB total | delta_size=3407666 full_size=29087360
R15 [P2] iter 11 done: global_full_size=463286588
R7 [P2] iter 11 done: global_full_size=463286588
R7 [P2] iter 11: PRE-JOIN GPU mem: 84.1GB free / 85.1GB total | delta_size=3280646 full_size=28594050
R8 [P2] iter 11: PRE-JOIN GPU mem: 84.1GB free / 85.1GB total | delta_size=3385506 full_size=29540124
R0 [P2] iter 11: PRE-JOIN GPU mem: 84.1GB free / 85.1GB total | delta_size=3343915 full_size=28995567
R12 [P2] iter 11: PRE-JOIN GPU mem: 84.1GB free / 85.1GB total | delta_size=3416452 full_size=29478667
R4 [P2] iter 11: PRE-JOIN GPU mem: 84.1GB free / 85.1GB total | delta_size=3375260 full_size=28690345
R9 [P2] iter 11: PRE-JOIN GPU mem: 84.1GB free / 85.1GB total | delta_size=3441430 full_size=29575398
R1 [P2] iter 11: PRE-JOIN GPU mem: 84.1GB free / 85.1GB total | delta_size=3419835 full_size=29152805
R13 [P2] iter 11: PRE-JOIN GPU mem: 84.1GB free / 85.1GB total | delta_size=3322883 full_size=28493142
R5 [P2] iter 11: PRE-JOIN GPU mem: 84.1GB free / 85.1GB total | delta_size=3365128 full_size=28941467
R10 [P2] iter 11: PRE-JOIN GPU mem: 84.1GB free / 85.1GB total | delta_size=3346080 full_size=29112202
R2 [P2] iter 11: PRE-JOIN GPU mem: 84.1GB free / 85.1GB total | delta_size=3215511 full_size=27482211
R14 [P2] iter 11: PRE-JOIN GPU mem: 84.1GB free / 85.1GB total | delta_size=3286540 full_size=28227039
R6 [P2] iter 11: PRE-JOIN GPU mem: 84.1GB free / 85.1GB total | delta_size=3404697 full_size=29313542
R11 [P2] iter 11: PRE-JOIN GPU mem: 84.1GB free / 85.1GB total | delta_size=3417357 full_size=29265552
R15 [P2] iter 11: PRE-JOIN GPU mem: 84.1GB free / 85.1GB total | delta_size=3465616 full_size=29337117
R11 [P2] iter 11: join done, raw=55652638 result_size=35024614
R7 [P2] iter 11: join done, raw=55038245 result_size=33922110
R10 [P2] iter 11: join done, raw=56517844 result_size=34171996
R0 [P2] iter 11: join done, raw=56431773 result_size=34957316
R14 [P2] iter 11: join done, raw=54887439 result_size=34142488
R8 [P2] iter 11: join done, raw=57102648 result_size=35492505
R4 [P2] iter 11: join done, raw=56062696 result_size=34380632
R15 [P2] iter 11: join done, raw=56927054 result_size=35147814
R9 [P2] iter 11: join done, raw=59791502 result_size=35337459
R5 [P2] iter 11: join done, raw=56411561 result_size=34818140
R6 [P2] iter 11: join done, raw=58913266 result_size=35560616
R13 [P2] iter 11: join done, raw=57977210 result_size=34906220
R12 [P2] iter 11: join done, raw=57327579 result_size=35734052
R1 [P2] iter 11: join done, raw=58268372 result_size=35110766
R3 [P2] iter 11: join done, raw=57348171 result_size=35322535
R2 [P2] iter 11: join done, raw=56672294 result_size=34902438
R2 [P2] iter 11: split done, delta_size=33197589
R4 [P2] iter 11: split done, delta_size=34320488
R5 [P2] iter 11: split done, delta_size=35062955
R3 [P2] iter 11: split done, delta_size=34779737
R1 [P2] iter 11: split done, delta_size=35482121
R8 [P2] iter 11: split done, delta_size=36891881
R0 [P2] iter 11: split done, delta_size=35802941
R11 [P2] iter 11: split done, delta_size=34601910
R6 [P2] iter 11: split done, delta_size=35157912
R9 [P2] iter 11: split done, delta_size=35790065
R10 [P2] iter 11: split done, delta_size=35330147
R7 [P2] iter 11: split done, delta_size=33903320
R13 [P2] iter 11: split done, delta_size=34591571
R2 [P2] iter 11: dedup done, delta_size=6005833
R2 [P2] iter 11: subtract done, delta_size=3098550
R2 [P2] iter 11: merge done, full_size=30580761
R4 [P2] iter 11: dedup done, delta_size=6283433
R5 [P2] iter 11: dedup done, delta_size=6297950
R3 [P2] iter 11: dedup done, delta_size=6296171
R4 [P2] iter 11: subtract done, delta_size=3245590
R5 [P2] iter 11: subtract done, delta_size=3234349
R1 [P2] iter 11: dedup done, delta_size=6422278
R3 [P2] iter 11: subtract done, delta_size=3259644
R0 [P2] iter 11: dedup done, delta_size=6280489
R1 [P2] iter 11: subtract done, delta_size=3296615
R4 [P2] iter 11: merge done, full_size=31935935
R3 [P2] iter 11: merge done, full_size=32347004
R5 [P2] iter 11: merge done, full_size=32175816
R8 [P2] iter 11: dedup done, delta_size=6399123
R0 [P2] iter 11: subtract done, delta_size=3208272
R1 [P2] iter 11: merge done, full_size=32449420
R8 [P2] iter 11: subtract done, delta_size=3238251
R11 [P2] iter 11: dedup done, delta_size=6362427
R0 [P2] iter 11: merge done, full_size=32203839
R6 [P2] iter 11: dedup done, delta_size=6282641
R11 [P2] iter 11: subtract done, delta_size=3294883
R6 [P2] iter 11: subtract done, delta_size=3296806
R12 [P2] iter 11: split done, delta_size=35349220
R9 [P2] iter 11: dedup done, delta_size=6384395
R14 [P2] iter 11: split done, delta_size=33916752
R7 [P2] iter 11: dedup done, delta_size=6059432
R15 [P2] iter 11: split done, delta_size=34753092
R6 [P2] iter 11: merge done, full_size=32610348
R8 [P2] iter 11: merge done, full_size=32778375
R10 [P2] iter 11: dedup done, delta_size=6267125
R11 [P2] iter 11: merge done, full_size=32560435
R9 [P2] iter 11: subtract done, delta_size=3274508
R7 [P2] iter 11: subtract done, delta_size=3153892
R10 [P2] iter 11: subtract done, delta_size=3208013
R7 [P2] iter 11: merge done, full_size=31747942
R9 [P2] iter 11: merge done, full_size=32849906
R10 [P2] iter 11: merge done, full_size=32320215
R13 [P2] iter 11: dedup done, delta_size=6180374
R13 [P2] iter 11: subtract done, delta_size=3188578
R15 [P2] iter 11: dedup done, delta_size=6390373
R12 [P2] iter 11: dedup done, delta_size=6351942
R14 [P2] iter 11: dedup done, delta_size=6129213
R13 [P2] iter 11: merge done, full_size=31681720
R15 [P2] iter 11: subtract done, delta_size=3316169
R14 [P2] iter 11: subtract done, delta_size=3145164
R12 [P2] iter 11: subtract done, delta_size=3279674
R15 [P2] iter 11: merge done, full_size=32653286
R14 [P2] iter 11: merge done, full_size=31372203
R12 [P2] iter 11: merge done, full_size=32758341
R12 [P2] iter 12 done: global_full_size=515025546
R0 [P2] iter 12 done: global_full_size=515025546
R13 [P2] iter 12 done: global_full_size=515025546
R14 [P2] iter 12 done: global_full_size=515025546
R4 [P2] iter 12 done: global_full_size=515025546
R8 [P2] iter 12 done: global_full_size=515025546
R1 [P2] iter 12 done: global_full_size=515025546
R15 [P2] iter 12 done: global_full_size=515025546
R5 [P2] iter 12 done: global_full_size=515025546
R9 [P2] iter 12 done: global_full_size=515025546
R2 [P2] iter 12 done: global_full_size=515025546
R12 [P2] iter 12: PRE-JOIN GPU mem: 84.1GB free / 85.1GB total | delta_size=3279674 full_size=32758341
R6 [P2] iter 12 done: global_full_size=515025546
R10 [P2] iter 12 done: global_full_size=515025546
R3 [P2] iter 12 done: global_full_size=515025546
R13 [P2] iter 12: PRE-JOIN GPU mem: 84.1GB free / 85.1GB total | delta_size=3188578 full_size=31681720
R7 [P2] iter 12 done: global_full_size=515025546
R11 [P2] iter 12 done: global_full_size=515025546
R0 [P2] iter 12: PRE-JOIN GPU mem: 84.1GB free / 85.1GB total | delta_size=3208272 full_size=32203839
R14 [P2] iter 12: PRE-JOIN GPU mem: 84.1GB free / 85.1GB total | delta_size=3145164 full_size=31372203
R4 [P2] iter 12: PRE-JOIN GPU mem: 84.1GB free / 85.1GB total | delta_size=3245590 full_size=31935935
R8 [P2] iter 12: PRE-JOIN GPU mem: 84.1GB free / 85.1GB total | delta_size=3238251 full_size=32778375
R1 [P2] iter 12: PRE-JOIN GPU mem: 84.1GB free / 85.1GB total | delta_size=3296615 full_size=32449420
R15 [P2] iter 12: PRE-JOIN GPU mem: 84.1GB free / 85.1GB total | delta_size=3316169 full_size=32653286
R5 [P2] iter 12: PRE-JOIN GPU mem: 84.1GB free / 85.1GB total | delta_size=3234349 full_size=32175816
R10 [P2] iter 12: PRE-JOIN GPU mem: 84.1GB free / 85.1GB total | delta_size=3208013 full_size=32320215
R2 [P2] iter 12: PRE-JOIN GPU mem: 84.1GB free / 85.1GB total | delta_size=3098550 full_size=30580761
R6 [P2] iter 12: PRE-JOIN GPU mem: 84.1GB free / 85.1GB total | delta_size=3296806 full_size=32610348
R11 [P2] iter 12: PRE-JOIN GPU mem: 84.1GB free / 85.1GB total | delta_size=3294883 full_size=32560435
R3 [P2] iter 12: PRE-JOIN GPU mem: 84.1GB free / 85.1GB total | delta_size=3259644 full_size=32347004
R7 [P2] iter 12: PRE-JOIN GPU mem: 84.1GB free / 85.1GB total | delta_size=3153892 full_size=31747942
R9 [P2] iter 12: PRE-JOIN GPU mem: 84.1GB free / 85.1GB total | delta_size=3274508 full_size=32849906
R14 [P2] iter 12: join done, raw=53533232 result_size=33185242
R15 [P2] iter 12: join done, raw=55057596 result_size=34002943
R7 [P2] iter 12: join done, raw=53462611 result_size=32879641
R0 [P2] iter 12: join done, raw=55211842 result_size=33969549
R12 [P2] iter 12: join done, raw=55478359 result_size=34465500
R13 [P2] iter 12: join done, raw=56494663 result_size=33766218
R4 [P2] iter 12: join done, raw=54302220 result_size=33249434
R5 [P2] iter 12: join done, raw=55128285 result_size=33812426
R2 [P2] iter 12: join done, raw=54956636 result_size=33792827
R6 [P2] iter 12: join done, raw=58068731 result_size=34708252
R1 [P2] iter 12: join done, raw=56864690 result_size=34191406
R3 [P2] iter 12: join done, raw=55630695 result_size=33994001
R11 [P2] iter 12: join done, raw=54272959 result_size=33985443
R9 [P2] iter 12: join done, raw=58158405 result_size=33962782
R8 [P2] iter 12: join done, raw=55367769 result_size=34142560
R10 [P2] iter 12: join done, raw=55493074 result_size=33245684
R4 [P2] iter 12: split done, delta_size=33272573
R5 [P2] iter 12: split done, delta_size=33943255
R13 [P2] iter 12: split done, delta_size=33495473
R6 [P2] iter 12: split done, delta_size=34393068
R11 [P2] iter 12: split done, delta_size=33326840
R7 [P2] iter 12: split done, delta_size=32866009
R10 [P2] iter 12: split done, delta_size=34217034
R14 [P2] iter 12: split done, delta_size=32528442
R8 [P2] iter 12: split done, delta_size=35605417
R12 [P2] iter 12: split done, delta_size=34215577
R15 [P2] iter 12: split done, delta_size=33671885
R2 [P2] iter 12: split done, delta_size=32032387
R9 [P2] iter 12: split done, delta_size=34777241
R3 [P2] iter 12: split done, delta_size=33734064
R4 [P2] iter 12: dedup done, delta_size=6025631
R13 [P2] iter 12: dedup done, delta_size=5920340
R4 [P2] iter 12: subtract done, delta_size=3076904
R5 [P2] iter 12: dedup done, delta_size=6026176
R13 [P2] iter 12: subtract done, delta_size=3009194
R6 [P2] iter 12: dedup done, delta_size=6066643
R4 [P2] iter 12: merge done, full_size=35012839
R13 [P2] iter 12: merge done, full_size=34690914
R5 [P2] iter 12: subtract done, delta_size=3046260
R7 [P2] iter 12: dedup done, delta_size=5824799
R11 [P2] iter 12: dedup done, delta_size=6087572
R6 [P2] iter 12: subtract done, delta_size=3148608
R10 [P2] iter 12: dedup done, delta_size=5996619
R7 [P2] iter 12: subtract done, delta_size=2994079
R11 [P2] iter 12: subtract done, delta_size=3092504
R5 [P2] iter 12: merge done, full_size=35222076
R0 [P2] iter 12: split done, delta_size=34939123
R6 [P2] iter 12: merge done, full_size=35758956
R1 [P2] iter 12: split done, delta_size=34335520
R10 [P2] iter 12: subtract done, delta_size=3026860
R14 [P2] iter 12: dedup done, delta_size=5849166
R7 [P2] iter 12: merge done, full_size=34742021
R11 [P2] iter 12: merge done, full_size=35652939
R8 [P2] iter 12: dedup done, delta_size=6125551
R10 [P2] iter 12: merge done, full_size=35347075
R14 [P2] iter 12: subtract done, delta_size=2965397
R15 [P2] iter 12: dedup done, delta_size=6135202
R12 [P2] iter 12: dedup done, delta_size=6092143
R8 [P2] iter 12: subtract done, delta_size=3043052
R2 [P2] iter 12: dedup done, delta_size=5758991
R9 [P2] iter 12: dedup done, delta_size=6114161
R14 [P2] iter 12: merge done, full_size=34337600
R3 [P2] iter 12: dedup done, delta_size=6033139
R15 [P2] iter 12: subtract done, delta_size=3133449
R12 [P2] iter 12: subtract done, delta_size=3102662
R8 [P2] iter 12: merge done, full_size=35821427
R2 [P2] iter 12: subtract done, delta_size=2919100
R2 [P2] iter 12: merge done, full_size=33499861
R9 [P2] iter 12: subtract done, delta_size=3099535
R3 [P2] iter 12: subtract done, delta_size=3070749
R15 [P2] iter 12: merge done, full_size=35786735
R12 [P2] iter 12: merge done, full_size=35861003
R9 [P2] iter 12: merge done, full_size=35949441
R3 [P2] iter 12: merge done, full_size=35417753
R1 [P2] iter 12: dedup done, delta_size=6178457
R0 [P2] iter 12: dedup done, delta_size=6044782
R1 [P2] iter 12: subtract done, delta_size=3129642
R0 [P2] iter 12: subtract done, delta_size=3044602
R1 [P2] iter 12: merge done, full_size=35579062
R0 [P2] iter 12: merge done, full_size=35248441
R0 [P2] iter 13 done: global_full_size=563928143
R1 [P2] iter 13 done: global_full_size=563928143
R12 [P2] iter 13 done: global_full_size=563928143
R2 [P2] iter 13 done: global_full_size=563928143
R13 [P2] iter 13 done: global_full_size=563928143
R3 [P2] iter 13 done: global_full_size=563928143
R14 [P2] iter 13 done: global_full_size=563928143
R0 [P2] iter 13: PRE-JOIN GPU mem: 84.1GB free / 85.1GB total | delta_size=3044602 full_size=35248441
R15 [P2] iter 13 done: global_full_size=563928143
R1 [P2] iter 13: PRE-JOIN GPU mem: 84.1GB free / 85.1GB total | delta_size=3129642 full_size=35579062
R12 [P2] iter 13: PRE-JOIN GPU mem: 84.1GB free / 85.1GB total | delta_size=3102662 full_size=35861003
R2 [P2] iter 13: PRE-JOIN GPU mem: 84.1GB free / 85.1GB total | delta_size=2919100 full_size=33499861
R13 [P2] iter 13: PRE-JOIN GPU mem: 84.1GB free / 85.1GB total | delta_size=3009194 full_size=34690914
R3 [P2] iter 13: PRE-JOIN GPU mem: 84.1GB free / 85.1GB total | delta_size=3070749 full_size=35417753
R14 [P2] iter 13: PRE-JOIN GPU mem: 84.1GB free / 85.1GB total | delta_size=2965397 full_size=34337600
R15 [P2] iter 13: PRE-JOIN GPU mem: 84.0GB free / 85.1GB total | delta_size=3133449 full_size=35786735
R4 [P2] iter 13 done: global_full_size=563928143
R8 [P2] iter 13 done: global_full_size=563928143
R5 [P2] iter 13 done: global_full_size=563928143
R9 [P2] iter 13 done: global_full_size=563928143
R6 [P2] iter 13 done: global_full_size=563928143
R10 [P2] iter 13 done: global_full_size=563928143
R7 [P2] iter 13 done: global_full_size=563928143
R7 [P2] iter 13: PRE-JOIN GPU mem: 84.1GB free / 85.1GB total | delta_size=2994079 full_size=34742021
R11 [P2] iter 13 done: global_full_size=563928143
R4 [P2] iter 13: PRE-JOIN GPU mem: 84.1GB free / 85.1GB total | delta_size=3076904 full_size=35012839
R8 [P2] iter 13: PRE-JOIN GPU mem: 84.1GB free / 85.1GB total | delta_size=3043052 full_size=35821427
R5 [P2] iter 13: PRE-JOIN GPU mem: 84.1GB free / 85.1GB total | delta_size=3046260 full_size=35222076
R9 [P2] iter 13: PRE-JOIN GPU mem: 84.1GB free / 85.1GB total | delta_size=3099535 full_size=35949441
R6 [P2] iter 13: PRE-JOIN GPU mem: 84.1GB free / 85.1GB total | delta_size=3148608 full_size=35758956
R10 [P2] iter 13: PRE-JOIN GPU mem: 84.1GB free / 85.1GB total | delta_size=3026860 full_size=35347075
R11 [P2] iter 13: PRE-JOIN GPU mem: 84.1GB free / 85.1GB total | delta_size=3092504 full_size=35652939
R7 [P2] iter 13: join done, raw=51751133 result_size=31486312
R0 [P2] iter 13: join done, raw=54170813 result_size=32734738
R2 [P2] iter 13: join done, raw=53275565 result_size=32249332
R5 [P2] iter 13: join done, raw=53511925 result_size=32383146
R14 [P2] iter 13: join done, raw=52553644 result_size=31843407
R3 [P2] iter 13: join done, raw=54623236 result_size=32633795
R11 [P2] iter 13: join done, raw=51869533 result_size=32384958
R15 [P2] iter 13: join done, raw=53619171 result_size=32573996
R4 [P2] iter 13: join done, raw=53575119 result_size=32115860
R1 [P2] iter 13: join done, raw=55017076 result_size=32686255
R12 [P2] iter 13: join done, raw=54418586 result_size=32962078
R8 [P2] iter 13: join done, raw=53742447 result_size=32550996
R10 [P2] iter 13: join done, raw=54215691 result_size=31966185
R13 [P2] iter 13: join done, raw=55125087 result_size=32242835
R9 [P2] iter 13: join done, raw=56906745 result_size=32359806
R6 [P2] iter 13: join done, raw=57644227 result_size=33286596
R1 [P2] iter 13: split done, delta_size=32787316
R2 [P2] iter 13: split done, delta_size=30357110
R14 [P2] iter 13: split done, delta_size=30725098
R0 [P2] iter 13: split done, delta_size=33748706
R10 [P2] iter 13: split done, delta_size=32699215
R11 [P2] iter 13: split done, delta_size=31712545
R8 [P2] iter 13: split done, delta_size=33802390
R3 [P2] iter 13: split done, delta_size=32687880
R12 [P2] iter 13: split done, delta_size=32828263
R7 [P2] iter 13: split done, delta_size=31388404
R5 [P2] iter 13: split done, delta_size=32473213
R4 [P2] iter 13: split done, delta_size=31918698
R6 [P2] iter 13: split done, delta_size=33233180
R13 [P2] iter 13: split done, delta_size=32279513
R2 [P2] iter 13: dedup done, delta_size=5398869
R15 [P2] iter 13: split done, delta_size=32356619
R1 [P2] iter 13: dedup done, delta_size=5817189
R2 [P2] iter 13: subtract done, delta_size=2721781
R1 [P2] iter 13: subtract done, delta_size=2916947
R2 [P2] iter 13: merge done, full_size=36221642
R1 [P2] iter 13: merge done, full_size=38496009
R14 [P2] iter 13: dedup done, delta_size=5468049
R14 [P2] iter 13: subtract done, delta_size=2753769
R0 [P2] iter 13: dedup done, delta_size=5736755
R14 [P2] iter 13: merge done, full_size=37091369
R0 [P2] iter 13: subtract done, delta_size=2880614
R0 [P2] iter 13: merge done, full_size=38129055
R3 [P2] iter 13: dedup done, delta_size=5706585
R12 [P2] iter 13: dedup done, delta_size=5718589
R7 [P2] iter 13: dedup done, delta_size=5472888
R3 [P2] iter 13: subtract done, delta_size=2890644
R12 [P2] iter 13: subtract done, delta_size=2881150
R7 [P2] iter 13: subtract done, delta_size=2783021
R3 [P2] iter 13: merge done, full_size=38308397
R5 [P2] iter 13: dedup done, delta_size=5662662
R12 [P2] iter 13: merge done, full_size=38742153
R4 [P2] iter 13: dedup done, delta_size=5699005
R7 [P2] iter 13: merge done, full_size=37525042
R5 [P2] iter 13: subtract done, delta_size=2843862
R6 [P2] iter 13: dedup done, delta_size=5758700
R4 [P2] iter 13: subtract done, delta_size=2890129
R13 [P2] iter 13: dedup done, delta_size=5585155
R15 [P2] iter 13: dedup done, delta_size=5777840
R5 [P2] iter 13: merge done, full_size=38065938
R6 [P2] iter 13: subtract done, delta_size=2959970
R4 [P2] iter 13: merge done, full_size=37902968
R13 [P2] iter 13: subtract done, delta_size=2825818
R15 [P2] iter 13: subtract done, delta_size=2930907
R6 [P2] iter 13: merge done, full_size=38718926
R13 [P2] iter 13: merge done, full_size=37516732
R15 [P2] iter 13: merge done, full_size=38717642
R10 [P2] iter 13: dedup done, delta_size=5630327
R9 [P2] iter 13: split done, delta_size=33462145
R11 [P2] iter 13: dedup done, delta_size=5695350
R10 [P2] iter 13: subtract done, delta_size=2815317
R11 [P2] iter 13: subtract done, delta_size=2870134
R10 [P2] iter 13: merge done, full_size=38162392
R8 [P2] iter 13: dedup done, delta_size=5721487
R9 [P2] iter 13: dedup done, delta_size=5761449
R11 [P2] iter 13: merge done, full_size=38523073
R8 [P2] iter 13: subtract done, delta_size=2820681
R9 [P2] iter 13: subtract done, delta_size=2899142
R8 [P2] iter 13: merge done, full_size=38642108
R9 [P2] iter 13: merge done, full_size=38848583
R4 [P2] iter 14 done: global_full_size=609612029
R8 [P2] iter 14 done: global_full_size=609612029
R0 [P2] iter 14 done: global_full_size=609612029
R12 [P2] iter 14 done: global_full_size=609612029
R5 [P2] iter 14 done: global_full_size=609612029
R9 [P2] iter 14 done: global_full_size=609612029
R1 [P2] iter 14 done: global_full_size=609612029
R13 [P2] iter 14 done: global_full_size=609612029
R6 [P2] iter 14 done: global_full_size=609612029
R10 [P2] iter 14 done: global_full_size=609612029
R2 [P2] iter 14 done: global_full_size=609612029
R14 [P2] iter 14 done: global_full_size=609612029
R7 [P2] iter 14 done: global_full_size=609612029
R7 [P2] iter 14: PRE-JOIN GPU mem: 84.1GB free / 85.1GB total | delta_size=2783021 full_size=37525042
R11 [P2] iter 14 done: global_full_size=609612029
R11 [P2] iter 14: PRE-JOIN GPU mem: 84.1GB free / 85.1GB total | delta_size=2870134 full_size=38523073
R3 [P2] iter 14 done: global_full_size=609612029
R3 [P2] iter 14: PRE-JOIN GPU mem: 84.1GB free / 85.1GB total | delta_size=2890644 full_size=38308397
R15 [P2] iter 14 done: global_full_size=609612029
R4 [P2] iter 14: PRE-JOIN GPU mem: 84.1GB free / 85.1GB total | delta_size=2890129 full_size=37902968
R8 [P2] iter 14: PRE-JOIN GPU mem: 84.1GB free / 85.1GB total | delta_size=2820681 full_size=38642108
R0 [P2] iter 14: PRE-JOIN GPU mem: 84.1GB free / 85.1GB total | delta_size=2880614 full_size=38129055
R12 [P2] iter 14: PRE-JOIN GPU mem: 84.0GB free / 85.1GB total | delta_size=2881150 full_size=38742153
R5 [P2] iter 14: PRE-JOIN GPU mem: 84.1GB free / 85.1GB total | delta_size=2843862 full_size=38065938
R9 [P2] iter 14: PRE-JOIN GPU mem: 84.1GB free / 85.1GB total | delta_size=2899142 full_size=38848583
R1 [P2] iter 14: PRE-JOIN GPU mem: 84.1GB free / 85.1GB total | delta_size=2916947 full_size=38496009
R13 [P2] iter 14: PRE-JOIN GPU mem: 84.1GB free / 85.1GB total | delta_size=2825818 full_size=37516732
R6 [P2] iter 14: PRE-JOIN GPU mem: 84.1GB free / 85.1GB total | delta_size=2959970 full_size=38718926
R10 [P2] iter 14: PRE-JOIN GPU mem: 84.1GB free / 85.1GB total | delta_size=2815317 full_size=38162392
R2 [P2] iter 14: PRE-JOIN GPU mem: 84.1GB free / 85.1GB total | delta_size=2721781 full_size=36221642
R14 [P2] iter 14: PRE-JOIN GPU mem: 84.1GB free / 85.1GB total | delta_size=2753769 full_size=37091369
R15 [P2] iter 14: PRE-JOIN GPU mem: 84.0GB free / 85.1GB total | delta_size=2930907 full_size=38717642
R7 [P2] iter 14: join done, raw=48236217 result_size=29239409
R11 [P2] iter 14: join done, raw=49090573 result_size=30431572
R10 [P2] iter 14: join done, raw=51329128 result_size=30029849
R5 [P2] iter 14: join done, raw=50674525 result_size=30194547
R8 [P2] iter 14: join done, raw=51184737 result_size=30453675
R14 [P2] iter 14: join done, raw=49779155 result_size=29856080
R15 [P2] iter 14: join done, raw=51240740 result_size=30593332
R4 [P2] iter 14: join done, raw=51851034 result_size=30502545
R9 [P2] iter 14: join done, raw=53439976 result_size=30286688
R12 [P2] iter 14: join done, raw=51737544 result_size=30932163
R13 [P2] iter 14: join done, raw=53002409 result_size=30489132
R6 [P2] iter 14: join done, raw=55302999 result_size=31315036
R0 [P2] iter 14: join done, raw=52563622 result_size=31075157
R2 [P2] iter 14: join done, raw=50348473 result_size=30315743
R1 [P2] iter 14: join done, raw=52393904 result_size=30727221
R3 [P2] iter 14: join done, raw=52529869 result_size=30812779
R2 [P2] iter 14: split done, delta_size=28353965
R10 [P2] iter 14: split done, delta_size=30607942
R12 [P2] iter 14: split done, delta_size=30729930
R6 [P2] iter 14: split done, delta_size=31333504
R4 [P2] iter 14: split done, delta_size=30268604
R14 [P2] iter 14: split done, delta_size=28727075
R13 [P2] iter 14: split done, delta_size=30345597
R5 [P2] iter 14: split done, delta_size=30552630
R7 [P2] iter 14: split done, delta_size=29333312
R2 [P2] iter 14: dedup done, delta_size=5021244
R8 [P2] iter 14: split done, delta_size=31459181
R3 [P2] iter 14: split done, delta_size=31066441
R11 [P2] iter 14: split done, delta_size=29678450
R2 [P2] iter 14: subtract done, delta_size=2518062
R10 [P2] iter 14: dedup done, delta_size=5228411
R2 [P2] iter 14: merge done, full_size=38739704
R1 [P2] iter 14: split done, delta_size=30779032
R10 [P2] iter 14: subtract done, delta_size=2582463
R15 [P2] iter 14: split done, delta_size=30548416
R12 [P2] iter 14: dedup done, delta_size=5307134
R0 [P2] iter 14: split done, delta_size=32026729
R9 [P2] iter 14: split done, delta_size=31444120
R10 [P2] iter 14: merge done, full_size=40744855
R12 [P2] iter 14: subtract done, delta_size=2653997
R6 [P2] iter 14: dedup done, delta_size=5403154
R4 [P2] iter 14: dedup done, delta_size=5372272
R14 [P2] iter 14: dedup done, delta_size=5082597
R6 [P2] iter 14: subtract done, delta_size=2750691
R12 [P2] iter 14: merge done, full_size=41396150
R13 [P2] iter 14: dedup done, delta_size=5202798
R4 [P2] iter 14: subtract done, delta_size=2707828
R14 [P2] iter 14: subtract done, delta_size=2549208
R6 [P2] iter 14: merge done, full_size=41469617
R13 [P2] iter 14: subtract done, delta_size=2598947
R14 [P2] iter 14: merge done, full_size=39640577
R4 [P2] iter 14: merge done, full_size=40610796
R13 [P2] iter 14: merge done, full_size=40115679
R7 [P2] iter 14: dedup done, delta_size=5091016
R5 [P2] iter 14: dedup done, delta_size=5297677
R3 [P2] iter 14: dedup done, delta_size=5369217
R11 [P2] iter 14: dedup done, delta_size=5279447
R7 [P2] iter 14: subtract done, delta_size=2565561
R8 [P2] iter 14: dedup done, delta_size=5289504
R3 [P2] iter 14: subtract done, delta_size=2676979
R5 [P2] iter 14: subtract done, delta_size=2653862
R11 [P2] iter 14: subtract done, delta_size=2636479
R8 [P2] iter 14: subtract done, delta_size=2586966
R3 [P2] iter 14: merge done, full_size=40985376
R1 [P2] iter 14: dedup done, delta_size=5428491
R7 [P2] iter 14: merge done, full_size=40090603
R5 [P2] iter 14: merge done, full_size=40719800
R11 [P2] iter 14: merge done, full_size=41159552
R8 [P2] iter 14: merge done, full_size=41229074
R1 [P2] iter 14: subtract done, delta_size=2708326
R15 [P2] iter 14: dedup done, delta_size=5394541
R0 [P2] iter 14: dedup done, delta_size=5387929
R1 [P2] iter 14: merge done, full_size=41204335
R9 [P2] iter 14: dedup done, delta_size=5372191
R0 [P2] iter 14: subtract done, delta_size=2670006
R15 [P2] iter 14: subtract done, delta_size=2704363
R0 [P2] iter 14: merge done, full_size=40799061
R9 [P2] iter 14: subtract done, delta_size=2665044
R9 [P2] iter 14: merge done, full_size=41513627
R15 [P2] iter 14: merge done, full_size=41422005
R0 [P2] iter 15 done: global_full_size=651840811
R4 [P2] iter 15 done: global_full_size=651840811
R8 [P2] iter 15 done: global_full_size=651840811
R1 [P2] iter 15 done: global_full_size=651840811
R5 [P2] iter 15 done: global_full_size=651840811
R5 [P2] iter 15: PRE-JOIN GPU mem: 84.1GB free / 85.1GB total | delta_size=2653862 full_size=40719800
R9 [P2] iter 15 done: global_full_size=651840811
R2 [P2] iter 15 done: global_full_size=651840811
R6 [P2] iter 15 done: global_full_size=651840811
R6 [P2] iter 15: PRE-JOIN GPU mem: 84.0GB free / 85.1GB total | delta_size=2750691 full_size=41469617
R10 [P2] iter 15 done: global_full_size=651840811
R3 [P2] iter 15 done: global_full_size=651840811
R7 [P2] iter 15 done: global_full_size=651840811
R7 [P2] iter 15: PRE-JOIN GPU mem: 84.1GB free / 85.1GB total | delta_size=2565561 full_size=40090603
R11 [P2] iter 15 done: global_full_size=651840811
R0 [P2] iter 15: PRE-JOIN GPU mem: 84.1GB free / 85.1GB total | delta_size=2670006 full_size=40799061
R4 [P2] iter 15: PRE-JOIN GPU mem: 84.1GB free / 85.1GB total | delta_size=2707828 full_size=40610796
R8 [P2] iter 15: PRE-JOIN GPU mem: 84.0GB free / 85.1GB total | delta_size=2586966 full_size=41229074
R1 [P2] iter 15: PRE-JOIN GPU mem: 84.1GB free / 85.1GB total | delta_size=2708326 full_size=41204335
R9 [P2] iter 15: PRE-JOIN GPU mem: 84.0GB free / 85.1GB total | delta_size=2665044 full_size=41513627
R2 [P2] iter 15: PRE-JOIN GPU mem: 84.1GB free / 85.1GB total | delta_size=2518062 full_size=38739704
R10 [P2] iter 15: PRE-JOIN GPU mem: 84.1GB free / 85.1GB total | delta_size=2582463 full_size=40744855
R3 [P2] iter 15: PRE-JOIN GPU mem: 84.1GB free / 85.1GB total | delta_size=2676979 full_size=40985376
R11 [P2] iter 15: PRE-JOIN GPU mem: 84.1GB free / 85.1GB total | delta_size=2636479 full_size=41159552
R12 [P2] iter 15 done: global_full_size=651840811
R12 [P2] iter 15: PRE-JOIN GPU mem: 84.0GB free / 85.1GB total | delta_size=2653997 full_size=41396150
R13 [P2] iter 15 done: global_full_size=651840811
R13 [P2] iter 15: PRE-JOIN GPU mem: 84.1GB free / 85.1GB total | delta_size=2598947 full_size=40115679
R14 [P2] iter 15 done: global_full_size=651840811
R14 [P2] iter 15: PRE-JOIN GPU mem: 84.1GB free / 85.1GB total | delta_size=2549208 full_size=39640577
R15 [P2] iter 15 done: global_full_size=651840811
R15 [P2] iter 15: PRE-JOIN GPU mem: 84.0GB free / 85.1GB total | delta_size=2704363 full_size=41422005
R11 [P2] iter 15: join done, raw=45078783 result_size=28076530
R2 [P2] iter 15: join done, raw=46549443 result_size=27959418
R0 [P2] iter 15: join done, raw=48586706 result_size=28788032
R8 [P2] iter 15: join done, raw=47458479 result_size=28036038
R10 [P2] iter 15: join done, raw=47548371 result_size=27745945
R1 [P2] iter 15: join done, raw=48813635 result_size=28517952
R9 [P2] iter 15: join done, raw=48399137 result_size=27761932
R3 [P2] iter 15: join done, raw=49161672 result_size=28540051
R7 [P2] iter 15: join done, raw=44201954 result_size=26769989
R6 [P2] iter 15: join done, raw=51337861 result_size=29007065
R4 [P2] iter 15: join done, raw=48816529 result_size=28547622
R5 [P2] iter 15: join done, raw=47219874 result_size=28106323
R13 [P2] iter 15: join done, raw=48667497 result_size=28120375
R12 [P2] iter 15: join done, raw=47988342 result_size=28580666
R14 [P2] iter 15: join done, raw=46140544 result_size=27546800
R15 [P2] iter 15: join done, raw=48047105 result_size=28365147
R11 [P2] iter 15: split done, delta_size=27247936
R13 [P2] iter 15: split done, delta_size=27924743
R9 [P2] iter 15: split done, delta_size=29149697
R2 [P2] iter 15: split done, delta_size=26357804
R6 [P2] iter 15: split done, delta_size=28923786
R4 [P2] iter 15: split done, delta_size=28243087
R10 [P2] iter 15: split done, delta_size=28078334
R14 [P2] iter 15: split done, delta_size=26443710
R7 [P2] iter 15: split done, delta_size=27072644
R5 [P2] iter 15: split done, delta_size=28389232
R12 [P2] iter 15: split done, delta_size=28397646
R8 [P2] iter 15: split done, delta_size=29021788
R15 [P2] iter 15: split done, delta_size=28348944
R3 [P2] iter 15: split done, delta_size=28930455
R1 [P2] iter 15: split done, delta_size=28416087
R0 [P2] iter 15: split done, delta_size=29523992
R11 [P2] iter 15: dedup done, delta_size=4812189
R13 [P2] iter 15: dedup done, delta_size=4751225
R11 [P2] iter 15: subtract done, delta_size=2376126
R13 [P2] iter 15: subtract done, delta_size=2345430
R2 [P2] iter 15: dedup done, delta_size=4631083
R11 [P2] iter 15: merge done, full_size=43535678
R9 [P2] iter 15: dedup done, delta_size=4938310
R13 [P2] iter 15: merge done, full_size=42461109
R2 [P2] iter 15: subtract done, delta_size=2292634
R10 [P2] iter 15: dedup done, delta_size=4772801
R14 [P2] iter 15: dedup done, delta_size=4649842
R9 [P2] iter 15: subtract done, delta_size=2420905
R10 [P2] iter 15: subtract done, delta_size=2344887
R14 [P2] iter 15: subtract done, delta_size=2300242
R4 [P2] iter 15: dedup done, delta_size=4980890
R6 [P2] iter 15: dedup done, delta_size=4963220
R7 [P2] iter 15: dedup done, delta_size=4670765
R8 [P2] iter 15: dedup done, delta_size=4828187
R12 [P2] iter 15: dedup done, delta_size=4851897
R5 [P2] iter 15: dedup done, delta_size=4883120
R9 [P2] iter 15: merge done, full_size=43934532
R10 [P2] iter 15: merge done, full_size=43089742
R4 [P2] iter 15: subtract done, delta_size=2483501
R6 [P2] iter 15: subtract done, delta_size=2490355
R14 [P2] iter 15: merge done, full_size=41940819
R15 [P2] iter 15: dedup done, delta_size=4952480
R8 [P2] iter 15: subtract done, delta_size=2349432
R12 [P2] iter 15: subtract done, delta_size=2403418
R7 [P2] iter 15: subtract done, delta_size=2327423
R5 [P2] iter 15: subtract done, delta_size=2424671
R15 [P2] iter 15: subtract done, delta_size=2447798
R4 [P2] iter 15: merge done, full_size=43094297
R8 [P2] iter 15: merge done, full_size=43578506
R12 [P2] iter 15: merge done, full_size=43799568
R6 [P2] iter 15: merge done, full_size=43959972
R7 [P2] iter 15: merge done, full_size=42418026
R5 [P2] iter 15: merge done, full_size=43144471
R15 [P2] iter 15: merge done, full_size=43869803
R2 [P2] iter 15: merge done, full_size=41032338
R1 [P2] iter 15: dedup done, delta_size=4997127
R3 [P2] iter 15: dedup done, delta_size=4951713
R0 [P2] iter 15: dedup done, delta_size=4959992
R1 [P2] iter 15: subtract done, delta_size=2476483
R0 [P2] iter 15: subtract done, delta_size=2428953
R3 [P2] iter 15: subtract done, delta_size=2443316
R1 [P2] iter 15: merge done, full_size=43680818
R0 [P2] iter 15: merge done, full_size=43228014
R3 [P2] iter 15: merge done, full_size=43428692
R4 [P2] iter 16 done: global_full_size=690196385
R12 [P2] iter 16 done: global_full_size=690196385
R5 [P2] iter 16 done: global_full_size=690196385
R8 [P2] iter 16 done: global_full_size=690196385
R13 [P2] iter 16 done: global_full_size=690196385
R6 [P2] iter 16 done: global_full_size=690196385
R9 [P2] iter 16 done: global_full_size=690196385
R14 [P2] iter 16 done: global_full_size=690196385
R7 [P2] iter 16 done: global_full_size=690196385
R10 [P2] iter 16 done: global_full_size=690196385
R0 [P2] iter 16 done: global_full_size=690196385
R0 [P2] iter 16: PRE-JOIN GPU mem: 84.1GB free / 85.1GB total | delta_size=2428953 full_size=43228014
R15 [P2] iter 16 done: global_full_size=690196385
R15 [P2] iter 16: PRE-JOIN GPU mem: 84.0GB free / 85.1GB total | delta_size=2447798 full_size=43869803
R5 [P2] iter 16: PRE-JOIN GPU mem: 84.1GB free / 85.1GB total | delta_size=2424671 full_size=43144471
R11 [P2] iter 16 done: global_full_size=690196385
R1 [P2] iter 16 done: global_full_size=690196385
R1 [P2] iter 16: PRE-JOIN GPU mem: 84.1GB free / 85.1GB total | delta_size=2476483 full_size=43680818
R12 [P2] iter 16: PRE-JOIN GPU mem: 84.0GB free / 85.1GB total | delta_size=2403418 full_size=43799568
R6 [P2] iter 16: PRE-JOIN GPU mem: 84.0GB free / 85.1GB total | delta_size=2490355 full_size=43959972
R8 [P2] iter 16: PRE-JOIN GPU mem: 84.1GB free / 85.1GB total | delta_size=2349432 full_size=43578506
R2 [P2] iter 16 done: global_full_size=690196385
R2 [P2] iter 16: PRE-JOIN GPU mem: 84.1GB free / 85.1GB total | delta_size=2292634 full_size=41032338
R13 [P2] iter 16: PRE-JOIN GPU mem: 84.1GB free / 85.1GB total | delta_size=2345430 full_size=42461109
R7 [P2] iter 16: PRE-JOIN GPU mem: 84.1GB free / 85.1GB total | delta_size=2327423 full_size=42418026
R9 [P2] iter 16: PRE-JOIN GPU mem: 84.0GB free / 85.1GB total | delta_size=2420905 full_size=43934532
R3 [P2] iter 16 done: global_full_size=690196385
R3 [P2] iter 16: PRE-JOIN GPU mem: 84.1GB free / 85.1GB total | delta_size=2443316 full_size=43428692
R14 [P2] iter 16: PRE-JOIN GPU mem: 84.1GB free / 85.1GB total | delta_size=2300242 full_size=41940819
R4 [P2] iter 16: PRE-JOIN GPU mem: 84.1GB free / 85.1GB total | delta_size=2483501 full_size=43094297
R10 [P2] iter 16: PRE-JOIN GPU mem: 84.1GB free / 85.1GB total | delta_size=2344887 full_size=43089742
R11 [P2] iter 16: PRE-JOIN GPU mem: 84.1GB free / 85.1GB total | delta_size=2376126 full_size=43535678
R7 [P2] iter 16: join done, raw=40380072 result_size=24150182
R2 [P2] iter 16: join done, raw=42486533 result_size=25236405
R11 [P2] iter 16: join done, raw=40630362 result_size=25239298
R1 [P2] iter 16: join done, raw=44686135 result_size=25920160
R14 [P2] iter 16: join done, raw=41680856 result_size=24882106
R5 [P2] iter 16: join done, raw=43354171 result_size=25517486
R0 [P2] iter 16: join done, raw=44545426 result_size=26107406
R4 [P2] iter 16: join done, raw=44477718 result_size=26012378
R10 [P2] iter 16: join done, raw=43402741 result_size=25146806
R8 [P2] iter 16: join done, raw=43440939 result_size=25429763
R3 [P2] iter 16: join done, raw=45604610 result_size=25998387
R6 [P2] iter 16: join done, raw=46447483 result_size=26069381
R15 [P2] iter 16: join done, raw=43977882 result_size=25611055
R12 [P2] iter 16: join done, raw=43951586 result_size=25999394
R9 [P2] iter 16: join done, raw=44054715 result_size=25221249
R13 [P2] iter 16: join done, raw=44295264 result_size=25450240
R11 [P2] iter 16: split done, delta_size=24497214
R15 [P2] iter 16: split done, delta_size=25803679
R13 [P2] iter 16: split done, delta_size=25216520
R9 [P2] iter 16: split done, delta_size=26265604
R2 [P2] iter 16: split done, delta_size=23898530
R10 [P2] iter 16: split done, delta_size=25390688
R8 [P2] iter 16: split done, delta_size=26389094
R14 [P2] iter 16: split done, delta_size=23944626
R5 [P2] iter 16: split done, delta_size=25658423
R6 [P2] iter 16: split done, delta_size=26278701
R1 [P2] iter 16: split done, delta_size=25529505
R4 [P2] iter 16: split done, delta_size=25803767
R12 [P2] iter 16: split done, delta_size=25726699
R7 [P2] iter 16: split done, delta_size=24577167
R0 [P2] iter 16: split done, delta_size=26669977
R3 [P2] iter 16: split done, delta_size=26341502
R11 [P2] iter 16: dedup done, delta_size=4273339
R15 [P2] iter 16: dedup done, delta_size=4426226
R11 [P2] iter 16: subtract done, delta_size=2059648
R13 [P2] iter 16: dedup done, delta_size=4224753
R2 [P2] iter 16: dedup done, delta_size=4141565
R9 [P2] iter 16: dedup done, delta_size=4386329
R15 [P2] iter 16: subtract done, delta_size=2120624
R2 [P2] iter 16: subtract done, delta_size=1977781
R10 [P2] iter 16: dedup done, delta_size=4247897
R13 [P2] iter 16: subtract done, delta_size=2024328
R11 [P2] iter 16: merge done, full_size=45595326
R9 [P2] iter 16: subtract done, delta_size=2080224
R2 [P2] iter 16: merge done, full_size=43010119
R8 [P2] iter 16: dedup done, delta_size=4313076
R14 [P2] iter 16: dedup done, delta_size=4142363
R15 [P2] iter 16: merge done, full_size=45990427
R10 [P2] iter 16: subtract done, delta_size=2027904
R13 [P2] iter 16: merge done, full_size=44485437
R1 [P2] iter 16: dedup done, delta_size=4449683
R9 [P2] iter 16: merge done, full_size=46014756
R8 [P2] iter 16: subtract done, delta_size=2042379
R14 [P2] iter 16: subtract done, delta_size=1998801
R1 [P2] iter 16: subtract done, delta_size=2150135
R10 [P2] iter 16: merge done, full_size=45117646
R12 [P2] iter 16: dedup done, delta_size=4299984
R8 [P2] iter 16: merge done, full_size=45620885
R14 [P2] iter 16: merge done, full_size=43939620
R1 [P2] iter 16: merge done, full_size=45830953
R0 [P2] iter 16: dedup done, delta_size=4440498
R12 [P2] iter 16: subtract done, delta_size=2061712
R3 [P2] iter 16: dedup done, delta_size=4447536
R0 [P2] iter 16: subtract done, delta_size=2111777
R5 [P2] iter 16: dedup done, delta_size=4350879
R12 [P2] iter 16: merge done, full_size=45861280
R4 [P2] iter 16: dedup done, delta_size=4474576
R0 [P2] iter 16: merge done, full_size=45339791
R3 [P2] iter 16: subtract done, delta_size=2133088
R6 [P2] iter 16: dedup done, delta_size=4436242
R5 [P2] iter 16: subtract done, delta_size=2089210
R7 [P2] iter 16: dedup done, delta_size=4171234
R4 [P2] iter 16: subtract done, delta_size=2166181
R6 [P2] iter 16: subtract done, delta_size=2154663
R3 [P2] iter 16: merge done, full_size=45561780
R5 [P2] iter 16: merge done, full_size=45233681
R7 [P2] iter 16: subtract done, delta_size=2020211
R4 [P2] iter 16: merge done, full_size=45260478
R6 [P2] iter 16: merge done, full_size=46114635
R7 [P2] iter 16: merge done, full_size=44438237
R12 [P2] iter 17 done: global_full_size=723415051
R13 [P2] iter 17 done: global_full_size=723415051
R4 [P2] iter 17 done: global_full_size=723415051
R14 [P2] iter 17 done: global_full_size=723415051
R0 [P2] iter 17 done: global_full_size=723415051
R15 [P2] iter 17 done: global_full_size=723415051
R5 [P2] iter 17 done: global_full_size=723415051
R8 [P2] iter 17 done: global_full_size=723415051
R1 [P2] iter 17 done: global_full_size=723415051
R6 [P2] iter 17 done: global_full_size=723415051
R9 [P2] iter 17 done: global_full_size=723415051
R2 [P2] iter 17 done: global_full_size=723415051
R7 [P2] iter 17 done: global_full_size=723415051
R10 [P2] iter 17 done: global_full_size=723415051
R3 [P2] iter 17 done: global_full_size=723415051
R3 [P2] iter 17: PRE-JOIN GPU mem: 84.1GB free / 85.1GB total | delta_size=2133088 full_size=45561780
R5 [P2] iter 17: PRE-JOIN GPU mem: 84.1GB free / 85.1GB total | delta_size=2089210 full_size=45233681
R11 [P2] iter 17 done: global_full_size=723415051
R0 [P2] iter 17: PRE-JOIN GPU mem: 84.1GB free / 85.1GB total | delta_size=2111777 full_size=45339791
R6 [P2] iter 17: PRE-JOIN GPU mem: 84.1GB free / 85.1GB total | delta_size=2154663 full_size=46114635
R8 [P2] iter 17: PRE-JOIN GPU mem: 84.1GB free / 85.1GB total | delta_size=2042379 full_size=45620885
R1 [P2] iter 17: PRE-JOIN GPU mem: 84.1GB free / 85.1GB total | delta_size=2150135 full_size=45830953
R12 [P2] iter 17: PRE-JOIN GPU mem: 84.0GB free / 85.1GB total | delta_size=2061712 full_size=45861280
R7 [P2] iter 17: PRE-JOIN GPU mem: 84.1GB free / 85.1GB total | delta_size=2020211 full_size=44438237
R9 [P2] iter 17: PRE-JOIN GPU mem: 84.1GB free / 85.1GB total | delta_size=2080224 full_size=46014756
R2 [P2] iter 17: PRE-JOIN GPU mem: 84.1GB free / 85.1GB total | delta_size=1977781 full_size=43010119
R13 [P2] iter 17: PRE-JOIN GPU mem: 84.1GB free / 85.1GB total | delta_size=2024328 full_size=44485437
R4 [P2] iter 17: PRE-JOIN GPU mem: 84.1GB free / 85.1GB total | delta_size=2166181 full_size=45260478
R10 [P2] iter 17: PRE-JOIN GPU mem: 84.1GB free / 85.1GB total | delta_size=2027904 full_size=45117646
R14 [P2] iter 17: PRE-JOIN GPU mem: 84.1GB free / 85.1GB total | delta_size=1998801 full_size=43939620
R11 [P2] iter 17: PRE-JOIN GPU mem: 84.1GB free / 85.1GB total | delta_size=2059648 full_size=45595326
R15 [P2] iter 17: PRE-JOIN GPU mem: 84.0GB free / 85.1GB total | delta_size=2120624 full_size=45990427
R7 [P2] iter 17: join done, raw=35492008 result_size=21002776
R11 [P2] iter 17: join done, raw=35472595 result_size=21844883
R8 [P2] iter 17: join done, raw=38036790 result_size=22160607
R10 [P2] iter 17: join done, raw=37725197 result_size=21707008
R5 [P2] iter 17: join done, raw=37857438 result_size=22084387
R0 [P2] iter 17: join done, raw=38792564 result_size=22675745
R9 [P2] iter 17: join done, raw=38688332 result_size=21716805
R4 [P2] iter 17: join done, raw=38908195 result_size=22594479
R2 [P2] iter 17: join done, raw=37510370 result_size=22037377
R6 [P2] iter 17: join done, raw=41010885 result_size=22601298
R1 [P2] iter 17: join done, raw=39341114 result_size=22671780
R3 [P2] iter 17: join done, raw=40412950 result_size=22769424
R15 [P2] iter 17: join done, raw=38616142 result_size=22263210
R13 [P2] iter 17: join done, raw=39053144 result_size=22079829
R14 [P2] iter 17: join done, raw=36710688 result_size=21550637
R12 [P2] iter 17: join done, raw=38681050 result_size=22593247
R5 [P2] iter 17: split done, delta_size=22279397
R11 [P2] iter 17: split done, delta_size=21243684
R13 [P2] iter 17: split done, delta_size=21953968
R8 [P2] iter 17: split done, delta_size=22814729
R4 [P2] iter 17: split done, delta_size=22417184
R10 [P2] iter 17: split done, delta_size=22065511
R6 [P2] iter 17: split done, delta_size=22818950
R7 [P2] iter 17: split done, delta_size=21511719
R14 [P2] iter 17: split done, delta_size=20830767
R9 [P2] iter 17: split done, delta_size=22653659
R2 [P2] iter 17: split done, delta_size=20840860
R3 [P2] iter 17: split done, delta_size=22990867
R1 [P2] iter 17: split done, delta_size=22121001
R12 [P2] iter 17: split done, delta_size=22326556
R0 [P2] iter 17: split done, delta_size=23017011
R15 [P2] iter 17: split done, delta_size=22467629
R11 [P2] iter 17: dedup done, delta_size=3665967
R13 [P2] iter 17: dedup done, delta_size=3658996
R11 [P2] iter 17: subtract done, delta_size=1726272
R8 [P2] iter 17: dedup done, delta_size=3698783
R10 [P2] iter 17: dedup done, delta_size=3672756
R13 [P2] iter 17: subtract done, delta_size=1725182
R14 [P2] iter 17: dedup done, delta_size=3579833
R4 [P2] iter 17: dedup done, delta_size=3870324
R2 [P2] iter 17: dedup done, delta_size=3595755
R5 [P2] iter 17: dedup done, delta_size=3770536
R11 [P2] iter 17: merge done, full_size=47321598
R8 [P2] iter 17: subtract done, delta_size=1702416
R7 [P2] iter 17: dedup done, delta_size=3620806
R10 [P2] iter 17: subtract done, delta_size=1730549
R6 [P2] iter 17: dedup done, delta_size=3838355
R13 [P2] iter 17: merge done, full_size=46210619
R9 [P2] iter 17: dedup done, delta_size=3771985
R14 [P2] iter 17: subtract done, delta_size=1692127
R4 [P2] iter 17: subtract done, delta_size=1832732
R5 [P2] iter 17: subtract done, delta_size=1791129
R2 [P2] iter 17: subtract done, delta_size=1685061
R3 [P2] iter 17: dedup done, delta_size=3874171
R7 [P2] iter 17: subtract done, delta_size=1716975
R8 [P2] iter 17: merge done, full_size=47323301
R6 [P2] iter 17: subtract done, delta_size=1813495
R1 [P2] iter 17: dedup done, delta_size=3825854
R12 [P2] iter 17: dedup done, delta_size=3707213
R10 [P2] iter 17: merge done, full_size=46848195
R9 [P2] iter 17: subtract done, delta_size=1752511
R0 [P2] iter 17: dedup done, delta_size=3817753
R15 [P2] iter 17: dedup done, delta_size=3827095
R5 [P2] iter 17: merge done, full_size=47024810
R2 [P2] iter 17: merge done, full_size=44695180
R1 [P2] iter 17: subtract done, delta_size=1816732
R14 [P2] iter 17: merge done, full_size=45631747
R4 [P2] iter 17: merge done, full_size=47093210
R3 [P2] iter 17: subtract done, delta_size=1827882
R12 [P2] iter 17: subtract done, delta_size=1751329
R0 [P2] iter 17: subtract done, delta_size=1779370
R7 [P2] iter 17: merge done, full_size=46155212
R9 [P2] iter 17: merge done, full_size=47767267
R6 [P2] iter 17: merge done, full_size=47928130
R15 [P2] iter 17: subtract done, delta_size=1795726
R1 [P2] iter 17: merge done, full_size=47647685
R0 [P2] iter 17: merge done, full_size=47119161
R12 [P2] iter 17: merge done, full_size=47612609
R3 [P2] iter 17: merge done, full_size=47389662
R15 [P2] iter 17: merge done, full_size=47786153
R12 [P2] iter 18 done: global_full_size=751554539
R13 [P2] iter 18 done: global_full_size=751554539
R8 [P2] iter 18 done: global_full_size=751554539
R14 [P2] iter 18 done: global_full_size=751554539
R4 [P2] iter 18 done: global_full_size=751554539
R9 [P2] iter 18 done: global_full_size=751554539
R9 [P2] iter 18: PRE-JOIN GPU mem: 84.1GB free / 85.1GB total | delta_size=1752511 full_size=47767267
R15 [P2] iter 18 done: global_full_size=751554539
R5 [P2] iter 18 done: global_full_size=751554539
R10 [P2] iter 18 done: global_full_size=751554539
R10 [P2] iter 18: PRE-JOIN GPU mem: 84.1GB free / 85.1GB total | delta_size=1730549 full_size=46848195
R0 [P2] iter 18 done: global_full_size=751554539
R12 [P2] iter 18: PRE-JOIN GPU mem: 84.1GB free / 85.1GB total | delta_size=1751329 full_size=47612609
R6 [P2] iter 18 done: global_full_size=751554539
R11 [P2] iter 18 done: global_full_size=751554539
R11 [P2] iter 18: PRE-JOIN GPU mem: 84.1GB free / 85.1GB total | delta_size=1726272 full_size=47321598
R1 [P2] iter 18 done: global_full_size=751554539
R13 [P2] iter 18: PRE-JOIN GPU mem: 84.1GB free / 85.1GB total | delta_size=1725182 full_size=46210619
R7 [P2] iter 18 done: global_full_size=751554539
R8 [P2] iter 18: PRE-JOIN GPU mem: 84.1GB free / 85.1GB total | delta_size=1702416 full_size=47323301
R2 [P2] iter 18 done: global_full_size=751554539
R14 [P2] iter 18: PRE-JOIN GPU mem: 84.1GB free / 85.1GB total | delta_size=1692127 full_size=45631747
R4 [P2] iter 18: PRE-JOIN GPU mem: 84.1GB free / 85.1GB total | delta_size=1832732 full_size=47093210
R3 [P2] iter 18 done: global_full_size=751554539
R3 [P2] iter 18: PRE-JOIN GPU mem: 84.1GB free / 85.1GB total | delta_size=1827882 full_size=47389662
R15 [P2] iter 18: PRE-JOIN GPU mem: 84.0GB free / 85.1GB total | delta_size=1795726 full_size=47786153
R5 [P2] iter 18: PRE-JOIN GPU mem: 84.1GB free / 85.1GB total | delta_size=1791129 full_size=47024810
R0 [P2] iter 18: PRE-JOIN GPU mem: 84.1GB free / 85.1GB total | delta_size=1779370 full_size=47119161
R6 [P2] iter 18: PRE-JOIN GPU mem: 84.1GB free / 85.1GB total | delta_size=1813495 full_size=47928130
R1 [P2] iter 18: PRE-JOIN GPU mem: 84.1GB free / 85.1GB total | delta_size=1816732 full_size=47647685
R7 [P2] iter 18: PRE-JOIN GPU mem: 84.1GB free / 85.1GB total | delta_size=1716975 full_size=46155212
R2 [P2] iter 18: PRE-JOIN GPU mem: 84.1GB free / 85.1GB total | delta_size=1685061 full_size=44695180
R14 [P2] iter 18: join done, raw=32321691 result_size=18644793
R7 [P2] iter 18: join done, raw=31486766 result_size=18223162
R11 [P2] iter 18: join done, raw=31118525 result_size=18683626
R0 [P2] iter 18: join done, raw=34039327 result_size=19380856
R2 [P2] iter 18: join done, raw=33700793 result_size=19147356
R8 [P2] iter 18: join done, raw=33456498 result_size=19032564
R10 [P2] iter 18: join done, raw=33776196 result_size=18998768
R1 [P2] iter 18: join done, raw=34941459 result_size=19608533
R15 [P2] iter 18: join done, raw=34380065 result_size=19369331
R12 [P2] iter 18: join done, raw=34502382 result_size=19587602
R3 [P2] iter 18: join done, raw=36460338 result_size=19818559
R9 [P2] iter 18: join done, raw=34080986 result_size=18685727
R13 [P2] iter 18: join done, raw=34968727 result_size=19194364
R5 [P2] iter 18: join done, raw=34087643 result_size=19283719
R4 [P2] iter 18: join done, raw=34445517 result_size=19530279
R6 [P2] iter 18: join done, raw=36318366 result_size=19418175
R2 [P2] iter 18: split done, delta_size=18156296
R1 [P2] iter 18: split done, delta_size=19044872
R8 [P2] iter 18: split done, delta_size=19644535
R11 [P2] iter 18: split done, delta_size=18108813
R0 [P2] iter 18: split done, delta_size=19830501
R13 [P2] iter 18: split done, delta_size=18992025
R3 [P2] iter 18: split done, delta_size=19995582
R10 [P2] iter 18: split done, delta_size=19116210
R4 [P2] iter 18: split done, delta_size=19257000
R5 [P2] iter 18: split done, delta_size=19588968
R9 [P2] iter 18: split done, delta_size=19594415
R15 [P2] iter 18: split done, delta_size=19488189
R2 [P2] iter 18: dedup done, delta_size=3057567
R1 [P2] iter 18: dedup done, delta_size=3220383
R12 [P2] iter 18: split done, delta_size=19437997
R14 [P2] iter 18: split done, delta_size=17933754
R2 [P2] iter 18: subtract done, delta_size=1381501
R1 [P2] iter 18: subtract done, delta_size=1488513
R6 [P2] iter 18: split done, delta_size=19703967
R1 [P2] iter 18: merge done, full_size=49136198
R8 [P2] iter 18: dedup done, delta_size=3112920
R11 [P2] iter 18: dedup done, delta_size=3073070
R7 [P2] iter 18: split done, delta_size=18714290
R2 [P2] iter 18: merge done, full_size=46076681
R0 [P2] iter 18: dedup done, delta_size=3219604
R13 [P2] iter 18: dedup done, delta_size=3088510
R8 [P2] iter 18: subtract done, delta_size=1386378
R11 [P2] iter 18: subtract done, delta_size=1402407
R0 [P2] iter 18: subtract done, delta_size=1461688
R3 [P2] iter 18: dedup done, delta_size=3298603
R13 [P2] iter 18: subtract done, delta_size=1403625
R8 [P2] iter 18: merge done, full_size=48709679
R0 [P2] iter 18: merge done, full_size=48580849
R10 [P2] iter 18: dedup done, delta_size=3108087
R3 [P2] iter 18: subtract done, delta_size=1513186
R11 [P2] iter 18: merge done, full_size=48724005
R9 [P2] iter 18: dedup done, delta_size=3187994
R13 [P2] iter 18: merge done, full_size=47614244
R10 [P2] iter 18: subtract done, delta_size=1420589
R3 [P2] iter 18: merge done, full_size=48902848
R15 [P2] iter 18: dedup done, delta_size=3246556
R9 [P2] iter 18: subtract done, delta_size=1437107
R14 [P2] iter 18: dedup done, delta_size=3020387
R12 [P2] iter 18: dedup done, delta_size=3151813
R10 [P2] iter 18: merge done, full_size=48268784
R15 [P2] iter 18: subtract done, delta_size=1480442
R9 [P2] iter 18: merge done, full_size=49204374
R14 [P2] iter 18: subtract done, delta_size=1378476
R12 [P2] iter 18: subtract done, delta_size=1446233
R4 [P2] iter 18: dedup done, delta_size=3252337
R5 [P2] iter 18: dedup done, delta_size=3225836
R15 [P2] iter 18: merge done, full_size=49266595
R14 [P2] iter 18: merge done, full_size=47010223
R4 [P2] iter 18: subtract done, delta_size=1488102
R12 [P2] iter 18: merge done, full_size=49058842
R5 [P2] iter 18: subtract done, delta_size=1490579
R6 [P2] iter 18: dedup done, delta_size=3240926
R4 [P2] iter 18: merge done, full_size=48581312
R7 [P2] iter 18: dedup done, delta_size=3077186
R5 [P2] iter 18: merge done, full_size=48515389
R6 [P2] iter 18: subtract done, delta_size=1486810
R7 [P2] iter 18: subtract done, delta_size=1406398
R6 [P2] iter 18: merge done, full_size=49414940
R7 [P2] iter 18: merge done, full_size=47561610
R12 [P2] iter 19 done: global_full_size=774626573
R13 [P2] iter 19 done: global_full_size=774626573
R14 [P2] iter 19 done: global_full_size=774626573
R4 [P2] iter 19 done: global_full_size=774626573
R0 [P2] iter 19 done: global_full_size=774626573
R15 [P2] iter 19 done: global_full_size=774626573
R5 [P2] iter 19 done: global_full_size=774626573
R8 [P2] iter 19 done: global_full_size=774626573
R1 [P2] iter 19 done: global_full_size=774626573
R13 [P2] iter 19: PRE-JOIN GPU mem: 84.1GB free / 85.1GB total | delta_size=1403625 full_size=47614244
R6 [P2] iter 19 done: global_full_size=774626573
R9 [P2] iter 19 done: global_full_size=774626573
R2 [P2] iter 19 done: global_full_size=774626573
R14 [P2] iter 19: PRE-JOIN GPU mem: 84.1GB free / 85.1GB total | delta_size=1378476 full_size=47010223
R7 [P2] iter 19 done: global_full_size=774626573
R7 [P2] iter 19: PRE-JOIN GPU mem: 84.1GB free / 85.1GB total | delta_size=1406398 full_size=47561610
R10 [P2] iter 19 done: global_full_size=774626573
R3 [P2] iter 19 done: global_full_size=774626573
R3 [P2] iter 19: PRE-JOIN GPU mem: 84.1GB free / 85.1GB total | delta_size=1513186 full_size=48902848
R12 [P2] iter 19: PRE-JOIN GPU mem: 84.1GB free / 85.1GB total | delta_size=1446233 full_size=49058842
R4 [P2] iter 19: PRE-JOIN GPU mem: 84.1GB free / 85.1GB total | delta_size=1488102 full_size=48581312
R11 [P2] iter 19 done: global_full_size=774626573
R0 [P2] iter 19: PRE-JOIN GPU mem: 84.1GB free / 85.1GB total | delta_size=1461688 full_size=48580849
R15 [P2] iter 19: PRE-JOIN GPU mem: 84.1GB free / 85.1GB total | delta_size=1480442 full_size=49266595
R5 [P2] iter 19: PRE-JOIN GPU mem: 84.1GB free / 85.1GB total | delta_size=1490579 full_size=48515389
R8 [P2] iter 19: PRE-JOIN GPU mem: 84.1GB free / 85.1GB total | delta_size=1386378 full_size=48709679
R1 [P2] iter 19: PRE-JOIN GPU mem: 84.1GB free / 85.1GB total | delta_size=1488513 full_size=49136198
R6 [P2] iter 19: PRE-JOIN GPU mem: 84.1GB free / 85.1GB total | delta_size=1486810 full_size=49414940
R9 [P2] iter 19: PRE-JOIN GPU mem: 84.1GB free / 85.1GB total | delta_size=1437107 full_size=49204374
R2 [P2] iter 19: PRE-JOIN GPU mem: 84.1GB free / 85.1GB total | delta_size=1381501 full_size=46076681
R10 [P2] iter 19: PRE-JOIN GPU mem: 84.1GB free / 85.1GB total | delta_size=1420589 full_size=48268784
R11 [P2] iter 19: PRE-JOIN GPU mem: 84.1GB free / 85.1GB total | delta_size=1402407 full_size=48724005
R7 [P2] iter 19: join done, raw=25638424 result_size=14775638
R0 [P2] iter 19: join done, raw=27822193 result_size=15664742
R11 [P2] iter 19: join done, raw=25110543 result_size=15023456
R8 [P2] iter 19: join done, raw=26924309 result_size=15326391
R5 [P2] iter 19: join done, raw=27900191 result_size=15752822
R2 [P2] iter 19: join done, raw=27258907 result_size=15507968
R1 [P2] iter 19: join done, raw=28558432 result_size=15983879
R14 [P2] iter 19: join done, raw=25931967 result_size=15055234
R13 [P2] iter 19: join done, raw=28301566 result_size=15505458
R4 [P2] iter 19: join done, raw=27675047 result_size=15644070
R10 [P2] iter 19: join done, raw=27215484 result_size=15297264
R15 [P2] iter 19: join done, raw=27993462 result_size=15727579
R6 [P2] iter 19: join done, raw=29457290 result_size=15836642
R9 [P2] iter 19: join done, raw=27792655 result_size=15157515
R3 [P2] iter 19: join done, raw=30049149 result_size=16195892
R12 [P2] iter 19: join done, raw=27888836 result_size=15821208
R2 [P2] iter 19: split done, delta_size=14649247
R8 [P2] iter 19: split done, delta_size=15870888
R11 [P2] iter 19: split done, delta_size=14643107
R10 [P2] iter 19: split done, delta_size=15544838
R5 [P2] iter 19: split done, delta_size=15876816
R9 [P2] iter 19: split done, delta_size=15914669
R0 [P2] iter 19: split done, delta_size=16070636
R4 [P2] iter 19: split done, delta_size=15531824
R6 [P2] iter 19: split done, delta_size=15966474
R3 [P2] iter 19: split done, delta_size=16140553
R1 [P2] iter 19: split done, delta_size=15468343
R7 [P2] iter 19: split done, delta_size=15324521
R2 [P2] iter 19: dedup done, delta_size=2469630
R2 [P2] iter 19: subtract done, delta_size=1069249
R8 [P2] iter 19: dedup done, delta_size=2515687
R11 [P2] iter 19: dedup done, delta_size=2480869
R13 [P2] iter 19: split done, delta_size=15361731
R12 [P2] iter 19: split done, delta_size=15829423
R15 [P2] iter 19: split done, delta_size=15702130
R14 [P2] iter 19: split done, delta_size=14380558
R2 [P2] iter 19: merge done, full_size=47145930
R10 [P2] iter 19: dedup done, delta_size=2520602
R8 [P2] iter 19: subtract done, delta_size=1073984
R5 [P2] iter 19: dedup done, delta_size=2611826
R9 [P2] iter 19: dedup done, delta_size=2585019
R11 [P2] iter 19: subtract done, delta_size=1089520
R0 [P2] iter 19: dedup done, delta_size=2602382
R10 [P2] iter 19: subtract done, delta_size=1108712
R5 [P2] iter 19: subtract done, delta_size=1142242
R0 [P2] iter 19: subtract done, delta_size=1127126
R8 [P2] iter 19: merge done, full_size=49783663
R3 [P2] iter 19: dedup done, delta_size=2677987
R1 [P2] iter 19: dedup done, delta_size=2598609
R4 [P2] iter 19: dedup done, delta_size=2625830
R9 [P2] iter 19: subtract done, delta_size=1125762
R7 [P2] iter 19: dedup done, delta_size=2525185
R6 [P2] iter 19: dedup done, delta_size=2630306
R11 [P2] iter 19: merge done, full_size=49813525
R1 [P2] iter 19: subtract done, delta_size=1156650
R0 [P2] iter 19: merge done, full_size=49707975
R10 [P2] iter 19: merge done, full_size=49377496
R3 [P2] iter 19: subtract done, delta_size=1160296
R5 [P2] iter 19: merge done, full_size=49657631
R4 [P2] iter 19: subtract done, delta_size=1153411
R7 [P2] iter 19: subtract done, delta_size=1119432
R6 [P2] iter 19: subtract done, delta_size=1155878
R9 [P2] iter 19: merge done, full_size=50330136
R1 [P2] iter 19: merge done, full_size=50292848
R3 [P2] iter 19: merge done, full_size=50063144
R4 [P2] iter 19: merge done, full_size=49734723
R7 [P2] iter 19: merge done, full_size=48681042
R6 [P2] iter 19: merge done, full_size=50570818
R14 [P2] iter 19: dedup done, delta_size=2432102
R12 [P2] iter 19: dedup done, delta_size=2568985
R13 [P2] iter 19: dedup done, delta_size=2505324
R15 [P2] iter 19: dedup done, delta_size=2625074
R14 [P2] iter 19: subtract done, delta_size=1062101
R13 [P2] iter 19: subtract done, delta_size=1090661
R15 [P2] iter 19: subtract done, delta_size=1146591
R12 [P2] iter 19: subtract done, delta_size=1135939
R13 [P2] iter 19: merge done, full_size=48704905
R14 [P2] iter 19: merge done, full_size=48072324
R15 [P2] iter 19: merge done, full_size=50413186
R12 [P2] iter 19: merge done, full_size=50194781
R12 [P2] iter 20 done: global_full_size=792544127
R0 [P2] iter 20 done: global_full_size=792544127
R13 [P2] iter 20 done: global_full_size=792544127
R4 [P2] iter 20 done: global_full_size=792544127
R1 [P2] iter 20 done: global_full_size=792544127
R14 [P2] iter 20 done: global_full_size=792544127
R5 [P2] iter 20 done: global_full_size=792544127
R8 [P2] iter 20 done: global_full_size=792544127
R2 [P2] iter 20 done: global_full_size=792544127
R15 [P2] iter 20 done: global_full_size=792544127
R6 [P2] iter 20 done: global_full_size=792544127
R9 [P2] iter 20 done: global_full_size=792544127
R3 [P2] iter 20 done: global_full_size=792544127
R14 [P2] iter 20: PRE-JOIN GPU mem: 84.1GB free / 85.1GB total | delta_size=1062101 full_size=48072324
R7 [P2] iter 20 done: global_full_size=792544127
R7 [P2] iter 20: PRE-JOIN GPU mem: 84.1GB free / 85.1GB total | delta_size=1119432 full_size=48681042
R10 [P2] iter 20 done: global_full_size=792544127
R0 [P2] iter 20: PRE-JOIN GPU mem: 84.1GB free / 85.1GB total | delta_size=1127126 full_size=49707975
R12 [P2] iter 20: PRE-JOIN GPU mem: 84.1GB free / 85.1GB total | delta_size=1135939 full_size=50194781
R4 [P2] iter 20: PRE-JOIN GPU mem: 84.1GB free / 85.1GB total | delta_size=1153411 full_size=49734723
R11 [P2] iter 20 done: global_full_size=792544127
R1 [P2] iter 20: PRE-JOIN GPU mem: 84.1GB free / 85.1GB total | delta_size=1156650 full_size=50292848
R13 [P2] iter 20: PRE-JOIN GPU mem: 84.1GB free / 85.1GB total | delta_size=1090661 full_size=48704905
R5 [P2] iter 20: PRE-JOIN GPU mem: 84.1GB free / 85.1GB total | delta_size=1142242 full_size=49657631
R8 [P2] iter 20: PRE-JOIN GPU mem: 84.1GB free / 85.1GB total | delta_size=1073984 full_size=49783663
R2 [P2] iter 20: PRE-JOIN GPU mem: 84.1GB free / 85.1GB total | delta_size=1069249 full_size=47145930
R15 [P2] iter 20: PRE-JOIN GPU mem: 84.1GB free / 85.1GB total | delta_size=1146591 full_size=50413186
R6 [P2] iter 20: PRE-JOIN GPU mem: 84.1GB free / 85.1GB total | delta_size=1155878 full_size=50570818
R9 [P2] iter 20: PRE-JOIN GPU mem: 84.1GB free / 85.1GB total | delta_size=1125762 full_size=50330136
R3 [P2] iter 20: PRE-JOIN GPU mem: 84.1GB free / 85.1GB total | delta_size=1160296 full_size=50063144
R10 [P2] iter 20: PRE-JOIN GPU mem: 84.1GB free / 85.1GB total | delta_size=1108712 full_size=49377496
R11 [P2] iter 20: PRE-JOIN GPU mem: 84.1GB free / 85.1GB total | delta_size=1089520 full_size=49813525
R14 [P2] iter 20: join done, raw=20340631 result_size=11955963
R13 [P2] iter 20: join done, raw=21941714 result_size=12294337
R12 [P2] iter 20: join done, raw=22130270 result_size=12644775
R15 [P2] iter 20: join done, raw=21822057 result_size=12540135
R4 [P2] iter 20: join done, raw=21417871 result_size=12289702
R7 [P2] iter 20: join done, raw=20739114 result_size=11873432
R5 [P2] iter 20: join done, raw=21336580 result_size=12422847
R6 [P2] iter 20: join done, raw=23020612 result_size=12670150
R0 [P2] iter 20: join done, raw=21345572 result_size=12303831
R1 [P2] iter 20: join done, raw=22331114 result_size=12551028
R2 [P2] iter 20: join done, raw=21555479 result_size=12348656
R3 [P2] iter 20: join done, raw=23402311 result_size=12825504
R8 [P2] iter 20: join done, raw=21052705 result_size=12176778
R9 [P2] iter 20: join done, raw=22182733 result_size=12187276
R11 [P2] iter 20: join done, raw=19609582 result_size=11816525
R10 [P2] iter 20: join done, raw=21468040 result_size=12067030
R2 [P2] iter 20: split done, delta_size=11695052
R4 [P2] iter 20: split done, delta_size=12331999
R8 [P2] iter 20: split done, delta_size=12581132
R11 [P2] iter 20: split done, delta_size=11628041
R6 [P2] iter 20: split done, delta_size=12689181
R0 [P2] iter 20: split done, delta_size=12747168
R14 [P2] iter 20: split done, delta_size=11310965
R5 [P2] iter 20: split done, delta_size=12494944
R9 [P2] iter 20: split done, delta_size=12738683
R10 [P2] iter 20: split done, delta_size=12340137
R13 [P2] iter 20: split done, delta_size=12137822
R1 [P2] iter 20: split done, delta_size=12478269
R7 [P2] iter 20: split done, delta_size=12276119
R3 [P2] iter 20: split done, delta_size=12713226
R15 [P2] iter 20: split done, delta_size=12340963
R12 [P2] iter 20: split done, delta_size=12464268
R2 [P2] iter 20: dedup done, delta_size=1956327
R4 [P2] iter 20: dedup done, delta_size=2079283
R2 [P2] iter 20: subtract done, delta_size=847163
R11 [P2] iter 20: dedup done, delta_size=1972164
R8 [P2] iter 20: dedup done, delta_size=1994882
R0 [P2] iter 20: dedup done, delta_size=2058580
R6 [P2] iter 20: dedup done, delta_size=2090152
R14 [P2] iter 20: dedup done, delta_size=1926525
R4 [P2] iter 20: subtract done, delta_size=909617
R2 [P2] iter 20: merge done, full_size=47993093
R13 [P2] iter 20: dedup done, delta_size=1986095
R5 [P2] iter 20: dedup done, delta_size=2061017
R11 [P2] iter 20: subtract done, delta_size=868697
R8 [P2] iter 20: subtract done, delta_size=856587
R0 [P2] iter 20: subtract done, delta_size=893766
R10 [P2] iter 20: dedup done, delta_size=1993694
R1 [P2] iter 20: dedup done, delta_size=2085926
R7 [P2] iter 20: dedup done, delta_size=2019806
R9 [P2] iter 20: dedup done, delta_size=2056301
R14 [P2] iter 20: subtract done, delta_size=840602
R6 [P2] iter 20: subtract done, delta_size=926152
R3 [P2] iter 20: dedup done, delta_size=2105566
R1 [P2] iter 20: subtract done, delta_size=932952
R4 [P2] iter 20: merge done, full_size=50644340
R5 [P2] iter 20: subtract done, delta_size=904795
R13 [P2] iter 20: subtract done, delta_size=864892
R7 [P2] iter 20: subtract done, delta_size=888258
R0 [P2] iter 20: merge done, full_size=50601741
R11 [P2] iter 20: merge done, full_size=50682222
R15 [P2] iter 20: dedup done, delta_size=2069290
R12 [P2] iter 20: dedup done, delta_size=2033694
R9 [P2] iter 20: subtract done, delta_size=894289
R3 [P2] iter 20: subtract done, delta_size=909418
R10 [P2] iter 20: subtract done, delta_size=877301
R6 [P2] iter 20: merge done, full_size=51496970
R14 [P2] iter 20: merge done, full_size=48912926
R8 [P2] iter 20: merge done, full_size=50640250
R1 [P2] iter 20: merge done, full_size=51225800
R13 [P2] iter 20: merge done, full_size=49569797
R5 [P2] iter 20: merge done, full_size=50562426
R7 [P2] iter 20: merge done, full_size=49569300
R15 [P2] iter 20: subtract done, delta_size=907799
R3 [P2] iter 20: merge done, full_size=50972562
R12 [P2] iter 20: subtract done, delta_size=896189
R10 [P2] iter 20: merge done, full_size=50254797
R9 [P2] iter 20: merge done, full_size=51224425
R15 [P2] iter 20: merge done, full_size=51320985
R12 [P2] iter 20: merge done, full_size=51090970
R12 [P2] iter 21 done: global_full_size=806762604
R13 [P2] iter 21 done: global_full_size=806762604
R8 [P2] iter 21 done: global_full_size=806762604
R14 [P2] iter 21 done: global_full_size=806762604
R9 [P2] iter 21 done: global_full_size=806762604
R15 [P2] iter 21 done: global_full_size=806762604
R4 [P2] iter 21 done: global_full_size=806762604
R10 [P2] iter 21 done: global_full_size=806762604
R0 [P2] iter 21 done: global_full_size=806762604
R12 [P2] iter 21: PRE-JOIN GPU mem: 84.1GB free / 85.1GB total | delta_size=896189 full_size=51090970
R5 [P2] iter 21 done: global_full_size=806762604
R5 [P2] iter 21: PRE-JOIN GPU mem: 84.1GB free / 85.1GB total | delta_size=904795 full_size=50562426
R11 [P2] iter 21 done: global_full_size=806762604
R1 [P2] iter 21 done: global_full_size=806762604
R1 [P2] iter 21: PRE-JOIN GPU mem: 84.1GB free / 85.1GB total | delta_size=932952 full_size=51225800
R13 [P2] iter 21: PRE-JOIN GPU mem: 84.1GB free / 85.1GB total | delta_size=864892 full_size=49569797
R6 [P2] iter 21 done: global_full_size=806762604
R6 [P2] iter 21: PRE-JOIN GPU mem: 84.1GB free / 85.1GB total | delta_size=926152 full_size=51496970
R9 [P2] iter 21: PRE-JOIN GPU mem: 84.1GB free / 85.1GB total | delta_size=894289 full_size=51224425
R2 [P2] iter 21 done: global_full_size=806762604
R14 [P2] iter 21: PRE-JOIN GPU mem: 84.1GB free / 85.1GB total | delta_size=840602 full_size=48912926
R7 [P2] iter 21 done: global_full_size=806762604
R7 [P2] iter 21: PRE-JOIN GPU mem: 84.1GB free / 85.1GB total | delta_size=888258 full_size=49569300
R8 [P2] iter 21: PRE-JOIN GPU mem: 84.1GB free / 85.1GB total | delta_size=856587 full_size=50640250
R3 [P2] iter 21 done: global_full_size=806762604
R3 [P2] iter 21: PRE-JOIN GPU mem: 84.1GB free / 85.1GB total | delta_size=909418 full_size=50972562
R15 [P2] iter 21: PRE-JOIN GPU mem: 84.1GB free / 85.1GB total | delta_size=907799 full_size=51320985
R4 [P2] iter 21: PRE-JOIN GPU mem: 84.1GB free / 85.1GB total | delta_size=909617 full_size=50644340
R10 [P2] iter 21: PRE-JOIN GPU mem: 84.1GB free / 85.1GB total | delta_size=877301 full_size=50254797
R0 [P2] iter 21: PRE-JOIN GPU mem: 84.1GB free / 85.1GB total | delta_size=893766 full_size=50601741
R11 [P2] iter 21: PRE-JOIN GPU mem: 84.1GB free / 85.1GB total | delta_size=868697 full_size=50682222
R2 [P2] iter 21: PRE-JOIN GPU mem: 84.2GB free / 85.1GB total | delta_size=847163 full_size=47993093
R0 [P2] iter 21: join done, raw=17751329 result_size=10103832
R11 [P2] iter 21: join done, raw=16149744 result_size=9760047
R10 [P2] iter 21: join done, raw=17859046 result_size=10031447
R14 [P2] iter 21: join done, raw=16734868 result_size=9863988
R1 [P2] iter 21: join done, raw=18816843 result_size=10528598
R8 [P2] iter 21: join done, raw=17413179 result_size=10022362
R7 [P2] iter 21: join done, raw=17516172 result_size=9843897
R4 [P2] iter 21: join done, raw=17561380 result_size=10055130
R2 [P2] iter 21: join done, raw=17996668 result_size=10264088
R13 [P2] iter 21: join done, raw=18338373 result_size=10187344
R9 [P2] iter 21: join done, raw=18400976 result_size=10075769
R3 [P2] iter 21: join done, raw=19487569 result_size=10613931
R12 [P2] iter 21: join done, raw=18366709 result_size=10488926
R15 [P2] iter 21: join done, raw=18127597 result_size=10463952
R5 [P2] iter 21: join done, raw=17805044 result_size=10302528
R6 [P2] iter 21: join done, raw=19238845 result_size=10552124
R13 [P2] iter 21: split done, delta_size=10070461
R2 [P2] iter 21: split done, delta_size=9644621
R14 [P2] iter 21: split done, delta_size=9375171
R10 [P2] iter 21: split done, delta_size=10254739
R15 [P2] iter 21: split done, delta_size=10199041
R12 [P2] iter 21: split done, delta_size=10300012
R4 [P2] iter 21: split done, delta_size=10145903
R1 [P2] iter 21: split done, delta_size=10355148
R5 [P2] iter 21: split done, delta_size=10321411
R8 [P2] iter 21: split done, delta_size=10389971
R7 [P2] iter 21: split done, delta_size=10228975
R11 [P2] iter 21: split done, delta_size=9583291
R9 [P2] iter 21: split done, delta_size=10518607
R3 [P2] iter 21: split done, delta_size=10515627
R6 [P2] iter 21: split done, delta_size=10600439
R0 [P2] iter 21: split done, delta_size=10654546
R13 [P2] iter 21: dedup done, delta_size=1605388
R2 [P2] iter 21: dedup done, delta_size=1595817
R14 [P2] iter 21: dedup done, delta_size=1567568
R13 [P2] iter 21: subtract done, delta_size=688447
R1 [P2] iter 21: dedup done, delta_size=1702983
R2 [P2] iter 21: subtract done, delta_size=677999
R15 [P2] iter 21: dedup done, delta_size=1676264
R12 [P2] iter 21: dedup done, delta_size=1655619
R14 [P2] iter 21: subtract done, delta_size=685338
R1 [P2] iter 21: subtract done, delta_size=751317
R13 [P2] iter 21: merge done, full_size=50258244
R15 [P2] iter 21: subtract done, delta_size=726075
R4 [P2] iter 21: dedup done, delta_size=1691212
R12 [P2] iter 21: subtract done, delta_size=723466
R2 [P2] iter 21: merge done, full_size=48671092
R0 [P2] iter 21: dedup done, delta_size=1682797
R3 [P2] iter 21: dedup done, delta_size=1713135
R14 [P2] iter 21: merge done, full_size=49598264
R1 [P2] iter 21: merge done, full_size=51977117
R0 [P2] iter 21: subtract done, delta_size=729741
R3 [P2] iter 21: subtract done, delta_size=726225
R10 [P2] iter 21: dedup done, delta_size=1633042
R15 [P2] iter 21: merge done, full_size=52047060
R7 [P2] iter 21: dedup done, delta_size=1668698
R8 [P2] iter 21: dedup done, delta_size=1615110
R5 [P2] iter 21: dedup done, delta_size=1665022
R11 [P2] iter 21: dedup done, delta_size=1592366
R6 [P2] iter 21: dedup done, delta_size=1716955
R12 [P2] iter 21: merge done, full_size=51814436
R9 [P2] iter 21: dedup done, delta_size=1667091
R0 [P2] iter 21: merge done, full_size=51331482
R3 [P2] iter 21: merge done, full_size=51698787
R10 [P2] iter 21: subtract done, delta_size=712792
R8 [P2] iter 21: subtract done, delta_size=678315
R11 [P2] iter 21: subtract done, delta_size=694206
R9 [P2] iter 21: subtract done, delta_size=725859
R4 [P2] iter 21: subtract done, delta_size=728790
R10 [P2] iter 21: merge done, full_size=50967589
R8 [P2] iter 21: merge done, full_size=51318565
R11 [P2] iter 21: merge done, full_size=51376428
R9 [P2] iter 21: merge done, full_size=51950284
R7 [P2] iter 21: subtract done, delta_size=724314
R6 [P2] iter 21: subtract done, delta_size=752411
R5 [P2] iter 21: subtract done, delta_size=715788
R4 [P2] iter 21: merge done, full_size=51373130
R7 [P2] iter 21: merge done, full_size=50293614
R6 [P2] iter 21: merge done, full_size=52249381
R5 [P2] iter 21: merge done, full_size=51278214
R12 [P2] iter 22 done: global_full_size=818203687
R4 [P2] iter 22 done: global_full_size=818203687
R8 [P2] iter 22 done: global_full_size=818203687
R0 [P2] iter 22 done: global_full_size=818203687
R13 [P2] iter 22 done: global_full_size=818203687
R5 [P2] iter 22 done: global_full_size=818203687
R9 [P2] iter 22 done: global_full_size=818203687
R1 [P2] iter 22 done: global_full_size=818203687
R14 [P2] iter 22 done: global_full_size=818203687
R6 [P2] iter 22 done: global_full_size=818203687
R10 [P2] iter 22 done: global_full_size=818203687
R2 [P2] iter 22 done: global_full_size=818203687
R15 [P2] iter 22 done: global_full_size=818203687
R7 [P2] iter 22 done: global_full_size=818203687
R11 [P2] iter 22 done: global_full_size=818203687
R11 [P2] iter 22: PRE-JOIN GPU mem: 84.1GB free / 85.1GB total | delta_size=694206 full_size=51376428
R3 [P2] iter 22 done: global_full_size=818203687
R3 [P2] iter 22: PRE-JOIN GPU mem: 84.1GB free / 85.1GB total | delta_size=726225 full_size=51698787
R12 [P2] iter 22: PRE-JOIN GPU mem: 84.1GB free / 85.1GB total | delta_size=723466 full_size=51814436
R4 [P2] iter 22: PRE-JOIN GPU mem: 84.1GB free / 85.1GB total | delta_size=728790 full_size=51373130
R8 [P2] iter 22: PRE-JOIN GPU mem: 84.1GB free / 85.1GB total | delta_size=678315 full_size=51318565
R0 [P2] iter 22: PRE-JOIN GPU mem: 84.1GB free / 85.1GB total | delta_size=729741 full_size=51331482
R13 [P2] iter 22: PRE-JOIN GPU mem: 84.1GB free / 85.1GB total | delta_size=688447 full_size=50258244
R5 [P2] iter 22: PRE-JOIN GPU mem: 84.1GB free / 85.1GB total | delta_size=715788 full_size=51278214
R9 [P2] iter 22: PRE-JOIN GPU mem: 84.1GB free / 85.1GB total | delta_size=725859 full_size=51950284
R1 [P2] iter 22: PRE-JOIN GPU mem: 84.1GB free / 85.1GB total | delta_size=751317 full_size=51977117
R14 [P2] iter 22: PRE-JOIN GPU mem: 84.1GB free / 85.1GB total | delta_size=685338 full_size=49598264
R6 [P2] iter 22: PRE-JOIN GPU mem: 84.1GB free / 85.1GB total | delta_size=752411 full_size=52249381
R10 [P2] iter 22: PRE-JOIN GPU mem: 84.1GB free / 85.1GB total | delta_size=712792 full_size=50967589
R2 [P2] iter 22: PRE-JOIN GPU mem: 84.2GB free / 85.1GB total | delta_size=677999 full_size=48671092
R15 [P2] iter 22: PRE-JOIN GPU mem: 84.1GB free / 85.1GB total | delta_size=726075 full_size=52047060
R7 [P2] iter 22: PRE-JOIN GPU mem: 84.1GB free / 85.1GB total | delta_size=724314 full_size=50293614
R5 [P2] iter 22: join done, raw=14845691 result_size=8530352
R0 [P2] iter 22: join done, raw=15122601 result_size=8464676
R7 [P2] iter 22: join done, raw=14668240 result_size=8190787
R6 [P2] iter 22: join done, raw=16421964 result_size=8857813
R12 [P2] iter 22: join done, raw=15323178 result_size=8629752
R1 [P2] iter 22: join done, raw=15772880 result_size=8745490
R4 [P2] iter 22: join done, raw=15001569 result_size=8410119
R2 [P2] iter 22: join done, raw=15271238 result_size=8557949
R11 [P2] iter 22: join done, raw=13675719 result_size=8040930
R8 [P2] iter 22: join done, raw=14286567 result_size=8132744
R3 [P2] iter 22: join done, raw=16090895 result_size=8757676
R13 [P2] iter 22: join done, raw=15238763 result_size=8367351
R15 [P2] iter 22: join done, raw=14999329 result_size=8645413
R14 [P2] iter 22: join done, raw=14493693 result_size=8307637
R10 [P2] iter 22: join done, raw=15281167 result_size=8426143
R9 [P2] iter 22: join done, raw=15877948 result_size=8404493
R2 [P2] iter 22: split done, delta_size=7985433
R12 [P2] iter 22: split done, delta_size=8496353
R6 [P2] iter 22: split done, delta_size=8828068
R1 [P2] iter 22: split done, delta_size=8766692
R14 [P2] iter 22: split done, delta_size=7723772
R10 [P2] iter 22: split done, delta_size=8536401
R13 [P2] iter 22: split done, delta_size=8228051
R8 [P2] iter 22: split done, delta_size=8542023
R15 [P2] iter 22: split done, delta_size=8433300
R7 [P2] iter 22: split done, delta_size=8639743
R4 [P2] iter 22: split done, delta_size=8354747
R5 [P2] iter 22: split done, delta_size=8604713
R11 [P2] iter 22: split done, delta_size=7918158
R0 [P2] iter 22: split done, delta_size=8829550
R9 [P2] iter 22: split done, delta_size=8788715
R12 [P2] iter 22: dedup done, delta_size=1368491
R3 [P2] iter 22: split done, delta_size=8793606
R2 [P2] iter 22: dedup done, delta_size=1309476
R1 [P2] iter 22: dedup done, delta_size=1425488
R6 [P2] iter 22: dedup done, delta_size=1416809
R14 [P2] iter 22: dedup done, delta_size=1284820
R13 [P2] iter 22: dedup done, delta_size=1304332
R10 [P2] iter 22: dedup done, delta_size=1353437
R8 [P2] iter 22: dedup done, delta_size=1331272
R1 [P2] iter 22: subtract done, delta_size=632019
R12 [P2] iter 22: subtract done, delta_size=597717
R15 [P2] iter 22: dedup done, delta_size=1372308
R2 [P2] iter 22: subtract done, delta_size=560686
R6 [P2] iter 22: subtract done, delta_size=620040
R4 [P2] iter 22: dedup done, delta_size=1381960
R14 [P2] iter 22: subtract done, delta_size=561943
R11 [P2] iter 22: dedup done, delta_size=1301060
R13 [P2] iter 22: subtract done, delta_size=561377
R5 [P2] iter 22: dedup done, delta_size=1372976
R10 [P2] iter 22: subtract done, delta_size=594346
R7 [P2] iter 22: dedup done, delta_size=1395208
R8 [P2] iter 22: subtract done, delta_size=568831
R1 [P2] iter 22: merge done, full_size=52609136
R15 [P2] iter 22: subtract done, delta_size=602811
R12 [P2] iter 22: merge done, full_size=52412153
R4 [P2] iter 22: subtract done, delta_size=600071
R0 [P2] iter 22: dedup done, delta_size=1381551
R2 [P2] iter 22: merge done, full_size=49231778
R11 [P2] iter 22: subtract done, delta_size=573998
R9 [P2] iter 22: dedup done, delta_size=1373574
R14 [P2] iter 22: merge done, full_size=50160207
R6 [P2] iter 22: merge done, full_size=52869421
R3 [P2] iter 22: dedup done, delta_size=1421062
R13 [P2] iter 22: merge done, full_size=50819621
R7 [P2] iter 22: subtract done, delta_size=606095
R5 [P2] iter 22: subtract done, delta_size=596501
R0 [P2] iter 22: subtract done, delta_size=606599
R10 [P2] iter 22: merge done, full_size=51561935
R8 [P2] iter 22: merge done, full_size=51887396
R15 [P2] iter 22: merge done, full_size=52649871
R4 [P2] iter 22: merge done, full_size=51973201
R11 [P2] iter 22: merge done, full_size=51950426
R3 [P2] iter 22: subtract done, delta_size=611970
R9 [P2] iter 22: subtract done, delta_size=604969
R0 [P2] iter 22: merge done, full_size=51938081
R5 [P2] iter 22: merge done, full_size=51874715
R7 [P2] iter 22: merge done, full_size=50899709
R9 [P2] iter 22: merge done, full_size=52555253
R3 [P2] iter 22: merge done, full_size=52310757
R12 [P2] iter 23 done: global_full_size=827703660
R4 [P2] iter 23 done: global_full_size=827703660
R8 [P2] iter 23 done: global_full_size=827703660
R0 [P2] iter 23 done: global_full_size=827703660
R13 [P2] iter 23 done: global_full_size=827703660
R13 [P2] iter 23: PRE-JOIN GPU mem: 84.1GB free / 85.1GB total | delta_size=561377 full_size=50819621
R5 [P2] iter 23 done: global_full_size=827703660
R9 [P2] iter 23 done: global_full_size=827703660
R1 [P2] iter 23 done: global_full_size=827703660
R14 [P2] iter 23 done: global_full_size=827703660
R14 [P2] iter 23: PRE-JOIN GPU mem: 84.1GB free / 85.1GB total | delta_size=561943 full_size=50160207
R6 [P2] iter 23 done: global_full_size=827703660
R10 [P2] iter 23 done: global_full_size=827703660
R2 [P2] iter 23 done: global_full_size=827703660
R15 [P2] iter 23 done: global_full_size=827703660
R15 [P2] iter 23: PRE-JOIN GPU mem: 84.1GB free / 85.1GB total | delta_size=602811 full_size=52649871
R7 [P2] iter 23 done: global_full_size=827703660
R11 [P2] iter 23 done: global_full_size=827703660
R3 [P2] iter 23 done: global_full_size=827703660
R12 [P2] iter 23: PRE-JOIN GPU mem: 84.1GB free / 85.1GB total | delta_size=597717 full_size=52412153
R5 [P2] iter 23: PRE-JOIN GPU mem: 84.2GB free / 85.1GB total | delta_size=596501 full_size=51874715
R9 [P2] iter 23: PRE-JOIN GPU mem: 84.1GB free / 85.1GB total | delta_size=604969 full_size=52555253
R0 [P2] iter 23: PRE-JOIN GPU mem: 84.2GB free / 85.1GB total | delta_size=606599 full_size=51938081
R6 [P2] iter 23: PRE-JOIN GPU mem: 84.1GB free / 85.1GB total | delta_size=620040 full_size=52869421
R10 [P2] iter 23: PRE-JOIN GPU mem: 84.1GB free / 85.1GB total | delta_size=594346 full_size=51561935
R1 [P2] iter 23: PRE-JOIN GPU mem: 84.1GB free / 85.1GB total | delta_size=632019 full_size=52609136
R4 [P2] iter 23: PRE-JOIN GPU mem: 84.2GB free / 85.1GB total | delta_size=600071 full_size=51973201
R8 [P2] iter 23: PRE-JOIN GPU mem: 84.1GB free / 85.1GB total | delta_size=568831 full_size=51887396
R2 [P2] iter 23: PRE-JOIN GPU mem: 84.2GB free / 85.1GB total | delta_size=560686 full_size=49231778
R7 [P2] iter 23: PRE-JOIN GPU mem: 84.2GB free / 85.1GB total | delta_size=606095 full_size=50899709
R11 [P2] iter 23: PRE-JOIN GPU mem: 84.1GB free / 85.1GB total | delta_size=573998 full_size=51950426
R3 [P2] iter 23: PRE-JOIN GPU mem: 84.1GB free / 85.1GB total | delta_size=611970 full_size=52310757
R2 [P2] iter 23: join done, raw=12416168 result_size=7094773
R0 [P2] iter 23: join done, raw=12727820 result_size=7094595
R7 [P2] iter 23: join done, raw=12264910 result_size=6914159
R5 [P2] iter 23: join done, raw=12309476 result_size=7176584
R8 [P2] iter 23: join done, raw=11899311 result_size=6772172
R11 [P2] iter 23: join done, raw=11395881 result_size=6806705
R1 [P2] iter 23: join done, raw=13445966 result_size=7395908
R14 [P2] iter 23: join done, raw=11767112 result_size=6954726
R15 [P2] iter 23: join done, raw=12541285 result_size=7268297
R3 [P2] iter 23: join done, raw=13506202 result_size=7404194
R10 [P2] iter 23: join done, raw=12781448 result_size=7098968
R13 [P2] iter 23: join done, raw=12464814 result_size=6986116
R4 [P2] iter 23: join done, raw=12391605 result_size=6952043
R6 [P2] iter 23: join done, raw=13560803 result_size=7454730
R9 [P2] iter 23: join done, raw=13125871 result_size=7108222
R12 [P2] iter 23: join done, raw=12712058 result_size=7235266
R4 [P2] iter 23: split done, delta_size=7007798
R2 [P2] iter 23: split done, delta_size=6671147
R10 [P2] iter 23: split done, delta_size=7149946
R13 [P2] iter 23: split done, delta_size=6843894
R1 [P2] iter 23: split done, delta_size=7408888
R12 [P2] iter 23: split done, delta_size=7147978
R5 [P2] iter 23: split done, delta_size=7277554
R0 [P2] iter 23: split done, delta_size=7391604
R6 [P2] iter 23: split done, delta_size=7396619
R14 [P2] iter 23: split done, delta_size=6473458
R15 [P2] iter 23: split done, delta_size=7027363
R11 [P2] iter 23: split done, delta_size=6737111
R8 [P2] iter 23: split done, delta_size=7162531
R3 [P2] iter 23: split done, delta_size=7435900
R7 [P2] iter 23: split done, delta_size=7237389
R9 [P2] iter 23: split done, delta_size=7348278
R4 [P2] iter 23: dedup done, delta_size=1135336
R2 [P2] iter 23: dedup done, delta_size=1076074
R13 [P2] iter 23: dedup done, delta_size=1061333
R10 [P2] iter 23: dedup done, delta_size=1116196
R1 [P2] iter 23: dedup done, delta_size=1190094
R5 [P2] iter 23: dedup done, delta_size=1136783
R0 [P2] iter 23: dedup done, delta_size=1132437
R4 [P2] iter 23: subtract done, delta_size=486178
R12 [P2] iter 23: dedup done, delta_size=1134271
R1 [P2] iter 23: subtract done, delta_size=520799
R2 [P2] iter 23: subtract done, delta_size=453792
R13 [P2] iter 23: subtract done, delta_size=453087
R6 [P2] iter 23: dedup done, delta_size=1163091
R10 [P2] iter 23: subtract done, delta_size=480908
R14 [P2] iter 23: dedup done, delta_size=1059692
R5 [P2] iter 23: subtract done, delta_size=488577
R0 [P2] iter 23: subtract done, delta_size=489314
R7 [P2] iter 23: dedup done, delta_size=1160847
R3 [P2] iter 23: dedup done, delta_size=1175412
R8 [P2] iter 23: dedup done, delta_size=1095602
R11 [P2] iter 23: dedup done, delta_size=1076028
R15 [P2] iter 23: dedup done, delta_size=1119404
R12 [P2] iter 23: subtract done, delta_size=493238
R4 [P2] iter 23: merge done, full_size=52459379
R9 [P2] iter 23: dedup done, delta_size=1132240
R1 [P2] iter 23: merge done, full_size=53129935
R6 [P2] iter 23: subtract done, delta_size=502118
R10 [P2] iter 23: merge done, full_size=52042843
R2 [P2] iter 23: merge done, full_size=49685570
R13 [P2] iter 23: merge done, full_size=51272708
R14 [P2] iter 23: subtract done, delta_size=458089
R15 [P2] iter 23: subtract done, delta_size=480932
R5 [P2] iter 23: merge done, full_size=52363292
R7 [P2] iter 23: subtract done, delta_size=503546
R0 [P2] iter 23: merge done, full_size=52427395
R8 [P2] iter 23: subtract done, delta_size=457603
R3 [P2] iter 23: subtract done, delta_size=499152
R11 [P2] iter 23: subtract done, delta_size=469425
R9 [P2] iter 23: subtract done, delta_size=494914
R12 [P2] iter 23: merge done, full_size=52905391
R6 [P2] iter 23: merge done, full_size=53371539
R7 [P2] iter 23: merge done, full_size=51403255
R14 [P2] iter 23: merge done, full_size=50618296
R3 [P2] iter 23: merge done, full_size=52809909
R11 [P2] iter 23: merge done, full_size=52419851
R8 [P2] iter 23: merge done, full_size=52344999
R9 [P2] iter 23: merge done, full_size=53050167
R15 [P2] iter 23: merge done, full_size=53130803
R12 [P2] iter 24 done: global_full_size=835435332
R8 [P2] iter 24 done: global_full_size=835435332
R0 [P2] iter 24 done: global_full_size=835435332
R13 [P2] iter 24 done: global_full_size=835435332
R4 [P2] iter 24 done: global_full_size=835435332
R9 [P2] iter 24 done: global_full_size=835435332
R1 [P2] iter 24 done: global_full_size=835435332
R14 [P2] iter 24 done: global_full_size=835435332
R5 [P2] iter 24 done: global_full_size=835435332
R10 [P2] iter 24 done: global_full_size=835435332
R10 [P2] iter 24: PRE-JOIN GPU mem: 84.2GB free / 85.1GB total | delta_size=480908 full_size=52042843
R2 [P2] iter 24 done: global_full_size=835435332
R15 [P2] iter 24 done: global_full_size=835435332
R6 [P2] iter 24 done: global_full_size=835435332
R11 [P2] iter 24 done: global_full_size=835435332
R11 [P2] iter 24: PRE-JOIN GPU mem: 84.2GB free / 85.1GB total | delta_size=469425 full_size=52419851
R3 [P2] iter 24 done: global_full_size=835435332
R3 [P2] iter 24: PRE-JOIN GPU mem: 84.2GB free / 85.1GB total | delta_size=499152 full_size=52809909
R7 [P2] iter 24 done: global_full_size=835435332
R7 [P2] iter 24: PRE-JOIN GPU mem: 84.2GB free / 85.1GB total | delta_size=503546 full_size=51403255
R8 [P2] iter 24: PRE-JOIN GPU mem: 84.2GB free / 85.1GB total | delta_size=457603 full_size=52344999
R0 [P2] iter 24: PRE-JOIN GPU mem: 84.2GB free / 85.1GB total | delta_size=489314 full_size=52427395
R4 [P2] iter 24: PRE-JOIN GPU mem: 84.2GB free / 85.1GB total | delta_size=486178 full_size=52459379
R9 [P2] iter 24: PRE-JOIN GPU mem: 84.1GB free / 85.1GB total | delta_size=494914 full_size=53050167
R1 [P2] iter 24: PRE-JOIN GPU mem: 84.2GB free / 85.1GB total | delta_size=520799 full_size=53129935
R5 [P2] iter 24: PRE-JOIN GPU mem: 84.2GB free / 85.1GB total | delta_size=488577 full_size=52363292
R2 [P2] iter 24: PRE-JOIN GPU mem: 84.2GB free / 85.1GB total | delta_size=453792 full_size=49685570
R6 [P2] iter 24: PRE-JOIN GPU mem: 84.1GB free / 85.1GB total | delta_size=502118 full_size=53371539
R12 [P2] iter 24: PRE-JOIN GPU mem: 84.1GB free / 85.1GB total | delta_size=493238 full_size=52905391
R13 [P2] iter 24: PRE-JOIN GPU mem: 84.2GB free / 85.1GB total | delta_size=453087 full_size=51272708
R14 [P2] iter 24: PRE-JOIN GPU mem: 84.2GB free / 85.1GB total | delta_size=458089 full_size=50618296
R15 [P2] iter 24: PRE-JOIN GPU mem: 84.1GB free / 85.1GB total | delta_size=480932 full_size=53130803
R11 [P2] iter 24: join done, raw=9019037 result_size=5431542
R0 [P2] iter 24: join done, raw=10152818 result_size=5758146
R4 [P2] iter 24: join done, raw=9907232 result_size=5643344
R8 [P2] iter 24: join done, raw=9201649 result_size=5363695
R7 [P2] iter 24: join done, raw=9968245 result_size=5628011
R10 [P2] iter 24: join done, raw=10242524 result_size=5759218
R2 [P2] iter 24: join done, raw=10047307 result_size=5736908
R1 [P2] iter 24: join done, raw=10945896 result_size=6070179
R9 [P2] iter 24: join done, raw=10369589 result_size=5753186
R5 [P2] iter 24: join done, raw=9791435 result_size=5837202
R6 [P2] iter 24: join done, raw=10695427 result_size=5994591
R3 [P2] iter 24: join done, raw=10637132 result_size=5922549
R13 [P2] iter 24: join done, raw=9761380 result_size=5608563
R14 [P2] iter 24: join done, raw=9216615 result_size=5512125
R15 [P2] iter 24: join done, raw=9858120 result_size=5825117
R12 [P2] iter 24: join done, raw=10338766 result_size=5938134
R2 [P2] iter 24: split done, delta_size=5308121
R4 [P2] iter 24: split done, delta_size=5513060
R14 [P2] iter 24: split done, delta_size=5265160
R1 [P2] iter 24: split done, delta_size=6090662
R12 [P2] iter 24: split done, delta_size=5909150
R13 [P2] iter 24: split done, delta_size=5526560
R5 [P2] iter 24: split done, delta_size=5883992
R7 [P2] iter 24: split done, delta_size=5870275
R0 [P2] iter 24: split done, delta_size=5886664
R3 [P2] iter 24: split done, delta_size=6018494
R6 [P2] iter 24: split done, delta_size=5925689
R15 [P2] iter 24: split done, delta_size=5660110
R2 [P2] iter 24: dedup done, delta_size=869965
R4 [P2] iter 24: dedup done, delta_size=909634
R14 [P2] iter 24: dedup done, delta_size=865672
R8 [P2] iter 24: split done, delta_size=5824067
R1 [P2] iter 24: dedup done, delta_size=983060
R2 [P2] iter 24: subtract done, delta_size=360388
R13 [P2] iter 24: dedup done, delta_size=865876
R12 [P2] iter 24: dedup done, delta_size=944934
R10 [P2] iter 24: split done, delta_size=5730675
R11 [P2] iter 24: split done, delta_size=5473985
R4 [P2] iter 24: subtract done, delta_size=376134
R0 [P2] iter 24: dedup done, delta_size=915856
R14 [P2] iter 24: subtract done, delta_size=362621
R1 [P2] iter 24: subtract done, delta_size=419150
R5 [P2] iter 24: dedup done, delta_size=922965
R3 [P2] iter 24: dedup done, delta_size=960840
R7 [P2] iter 24: dedup done, delta_size=954429
R15 [P2] iter 24: dedup done, delta_size=909386
R6 [P2] iter 24: dedup done, delta_size=937072
R0 [P2] iter 24: subtract done, delta_size=387328
R2 [P2] iter 24: merge done, full_size=50045958
R13 [P2] iter 24: subtract done, delta_size=357411
R12 [P2] iter 24: subtract done, delta_size=402586
R1 [P2] iter 24: merge done, full_size=53549085
R3 [P2] iter 24: subtract done, delta_size=396190
R4 [P2] iter 24: merge done, full_size=52835513
R14 [P2] iter 24: merge done, full_size=50980917
R15 [P2] iter 24: subtract done, delta_size=389554
R9 [P2] iter 24: split done, delta_size=5895846
R7 [P2] iter 24: subtract done, delta_size=412828
R6 [P2] iter 24: subtract done, delta_size=393690
R5 [P2] iter 24: subtract done, delta_size=390833
R0 [P2] iter 24: merge done, full_size=52814723
R13 [P2] iter 24: merge done, full_size=51630119
R3 [P2] iter 24: merge done, full_size=53206099
R12 [P2] iter 24: merge done, full_size=53307977
R15 [P2] iter 24: merge done, full_size=53520357
R5 [P2] iter 24: merge done, full_size=52754125
R6 [P2] iter 24: merge done, full_size=53765229
R7 [P2] iter 24: merge done, full_size=51816083
R8 [P2] iter 24: dedup done, delta_size=899003
R11 [P2] iter 24: dedup done, delta_size=879256
R8 [P2] iter 24: subtract done, delta_size=369137
R9 [P2] iter 24: dedup done, delta_size=915800
R11 [P2] iter 24: subtract done, delta_size=371693
R10 [P2] iter 24: dedup done, delta_size=911710
R8 [P2] iter 24: merge done, full_size=52714136
R9 [P2] iter 24: subtract done, delta_size=393391
R10 [P2] iter 24: subtract done, delta_size=387345
R11 [P2] iter 24: merge done, full_size=52791544
R9 [P2] iter 24: merge done, full_size=53443558
R10 [P2] iter 24: merge done, full_size=52430188
R0 [P2] iter 25 done: global_full_size=841605611
R1 [P2] iter 25 done: global_full_size=841605611
R2 [P2] iter 25 done: global_full_size=841605611
R2 [P2] iter 25: PRE-JOIN GPU mem: 84.2GB free / 85.1GB total | delta_size=360388 full_size=50045958
R3 [P2] iter 25 done: global_full_size=841605611
R3 [P2] iter 25: PRE-JOIN GPU mem: 84.2GB free / 85.1GB total | delta_size=396190 full_size=53206099
R0 [P2] iter 25: PRE-JOIN GPU mem: 84.2GB free / 85.1GB total | delta_size=387328 full_size=52814723
R12 [P2] iter 25 done: global_full_size=841605611
R4 [P2] iter 25 done: global_full_size=841605611
R8 [P2] iter 25 done: global_full_size=841605611
R1 [P2] iter 25: PRE-JOIN GPU mem: 84.2GB free / 85.1GB total | delta_size=419150 full_size=53549085
R13 [P2] iter 25 done: global_full_size=841605611
R13 [P2] iter 25: PRE-JOIN GPU mem: 84.2GB free / 85.1GB total | delta_size=357411 full_size=51630119
R5 [P2] iter 25 done: global_full_size=841605611
R5 [P2] iter 25: PRE-JOIN GPU mem: 84.2GB free / 85.1GB total | delta_size=390833 full_size=52754125
R9 [P2] iter 25 done: global_full_size=841605611
R14 [P2] iter 25 done: global_full_size=841605611
R14 [P2] iter 25: PRE-JOIN GPU mem: 84.2GB free / 85.1GB total | delta_size=362621 full_size=50980917
R6 [P2] iter 25 done: global_full_size=841605611
R10 [P2] iter 25 done: global_full_size=841605611
R15 [P2] iter 25 done: global_full_size=841605611
R15 [P2] iter 25: PRE-JOIN GPU mem: 84.1GB free / 85.1GB total | delta_size=389554 full_size=53520357
R7 [P2] iter 25 done: global_full_size=841605611
R7 [P2] iter 25: PRE-JOIN GPU mem: 84.2GB free / 85.1GB total | delta_size=412828 full_size=51816083
R11 [P2] iter 25 done: global_full_size=841605611
R12 [P2] iter 25: PRE-JOIN GPU mem: 84.1GB free / 85.1GB total | delta_size=402586 full_size=53307977
R4 [P2] iter 25: PRE-JOIN GPU mem: 84.2GB free / 85.1GB total | delta_size=376134 full_size=52835513
R9 [P2] iter 25: PRE-JOIN GPU mem: 84.2GB free / 85.1GB total | delta_size=393391 full_size=53443558
R6 [P2] iter 25: PRE-JOIN GPU mem: 84.2GB free / 85.1GB total | delta_size=393690 full_size=53765229
R8 [P2] iter 25: PRE-JOIN GPU mem: 84.2GB free / 85.1GB total | delta_size=369137 full_size=52714136
R10 [P2] iter 25: PRE-JOIN GPU mem: 84.2GB free / 85.1GB total | delta_size=387345 full_size=52430188
R11 [P2] iter 25: PRE-JOIN GPU mem: 84.2GB free / 85.1GB total | delta_size=371693 full_size=52791544
R14 [P2] iter 25: join done, raw=6898428 result_size=4315469
R0 [P2] iter 25: join done, raw=7940823 result_size=4584171
R5 [P2] iter 25: join done, raw=7761222 result_size=4659700
R13 [P2] iter 25: join done, raw=7539760 result_size=4417928
R2 [P2] iter 25: join done, raw=7938868 result_size=4611056
R15 [P2] iter 25: join done, raw=7696144 result_size=4632495
R3 [P2] iter 25: join done, raw=8499763 result_size=4707469
R1 [P2] iter 25: join done, raw=8790703 result_size=4863055
R12 [P2] iter 25: join done, raw=8297466 result_size=4826203
R6 [P2] iter 25: join done, raw=8096954 result_size=4729585
R7 [P2] iter 25: join done, raw=8034792 result_size=4511231
R4 [P2] iter 25: join done, raw=7552887 result_size=4494609
R11 [P2] iter 25: join done, raw=7019625 result_size=4290385
R10 [P2] iter 25: join done, raw=8120032 result_size=4545216
R8 [P2] iter 25: join done, raw=7283089 result_size=4288985
R9 [P2] iter 25: join done, raw=8108099 result_size=4604467
R2 [P2] iter 25: split done, delta_size=4171704
R4 [P2] iter 25: split done, delta_size=4218023
R1 [P2] iter 25: split done, delta_size=4888410
R10 [P2] iter 25: split done, delta_size=4547464
R14 [P2] iter 25: split done, delta_size=4211969
R8 [P2] iter 25: split done, delta_size=4770964
R13 [P2] iter 25: split done, delta_size=4385532
R7 [P2] iter 25: split done, delta_size=4764671
R6 [P2] iter 25: split done, delta_size=4705325
R5 [P2] iter 25: split done, delta_size=4711106
R15 [P2] iter 25: split done, delta_size=4506829
R12 [P2] iter 25: split done, delta_size=4842059
R0 [P2] iter 25: split done, delta_size=4543669
R11 [P2] iter 25: split done, delta_size=4419418
R9 [P2] iter 25: split done, delta_size=4663818
R3 [P2] iter 25: split done, delta_size=4731063
R4 [P2] iter 25: dedup done, delta_size=708839
R1 [P2] iter 25: dedup done, delta_size=786964
R2 [P2] iter 25: dedup done, delta_size=681112
R10 [P2] iter 25: dedup done, delta_size=725599
R8 [P2] iter 25: dedup done, delta_size=727164
R14 [P2] iter 25: dedup done, delta_size=685510
R1 [P2] iter 25: subtract done, delta_size=330543
R13 [P2] iter 25: dedup done, delta_size=682228
R4 [P2] iter 25: subtract done, delta_size=292015
R2 [P2] iter 25: subtract done, delta_size=272663
R0 [P2] iter 25: dedup done, delta_size=710977
R11 [P2] iter 25: dedup done, delta_size=702957
R7 [P2] iter 25: dedup done, delta_size=773825
R12 [P2] iter 25: dedup done, delta_size=771938
R15 [P2] iter 25: dedup done, delta_size=728836
R10 [P2] iter 25: subtract done, delta_size=305755
R6 [P2] iter 25: dedup done, delta_size=739835
R5 [P2] iter 25: dedup done, delta_size=735274
R14 [P2] iter 25: subtract done, delta_size=283389
R8 [P2] iter 25: subtract done, delta_size=292856
R1 [P2] iter 25: merge done, full_size=53879628
R0 [P2] iter 25: subtract done, delta_size=293554
R9 [P2] iter 25: dedup done, delta_size=720948
R3 [P2] iter 25: dedup done, delta_size=760851
R13 [P2] iter 25: subtract done, delta_size=278059
R2 [P2] iter 25: merge done, full_size=50318621
R4 [P2] iter 25: merge done, full_size=53127528
R12 [P2] iter 25: subtract done, delta_size=323628
R15 [P2] iter 25: subtract done, delta_size=308169
R11 [P2] iter 25: subtract done, delta_size=295261
R7 [P2] iter 25: subtract done, delta_size=330122
R5 [P2] iter 25: subtract done, delta_size=305673
R6 [P2] iter 25: subtract done, delta_size=308088
R0 [P2] iter 25: merge done, full_size=53108277
R14 [P2] iter 25: merge done, full_size=51264306
R10 [P2] iter 25: merge done, full_size=52735943
R3 [P2] iter 25: subtract done, delta_size=309896
R13 [P2] iter 25: merge done, full_size=51908178
R8 [P2] iter 25: merge done, full_size=53006992
R9 [P2] iter 25: subtract done, delta_size=303308
R12 [P2] iter 25: merge done, full_size=53631605
R11 [P2] iter 25: merge done, full_size=53086805
R15 [P2] iter 25: merge done, full_size=53828526
R6 [P2] iter 25: merge done, full_size=54073317
R7 [P2] iter 25: merge done, full_size=52146205
R3 [P2] iter 25: merge done, full_size=53515995
R5 [P2] iter 25: merge done, full_size=53059798
R9 [P2] iter 25: merge done, full_size=53746866
R12 [P2] iter 26 done: global_full_size=846438590
R4 [P2] iter 26 done: global_full_size=846438590
R8 [P2] iter 26 done: global_full_size=846438590
R13 [P2] iter 26 done: global_full_size=846438590
R5 [P2] iter 26 done: global_full_size=846438590
R9 [P2] iter 26 done: global_full_size=846438590
R0 [P2] iter 26 done: global_full_size=846438590
R14 [P2] iter 26 done: global_full_size=846438590
R14 [P2] iter 26: PRE-JOIN GPU mem: 84.2GB free / 85.1GB total | delta_size=283389 full_size=51264306
R6 [P2] iter 26 done: global_full_size=846438590
R10 [P2] iter 26 done: global_full_size=846438590
R1 [P2] iter 26 done: global_full_size=846438590
R15 [P2] iter 26 done: global_full_size=846438590
R15 [P2] iter 26: PRE-JOIN GPU mem: 84.1GB free / 85.1GB total | delta_size=308169 full_size=53828526
R7 [P2] iter 26 done: global_full_size=846438590
R7 [P2] iter 26: PRE-JOIN GPU mem: 84.2GB free / 85.1GB total | delta_size=330122 full_size=52146205
R11 [P2] iter 26 done: global_full_size=846438590
R11 [P2] iter 26: PRE-JOIN GPU mem: 84.2GB free / 85.1GB total | delta_size=295261 full_size=53086805
R2 [P2] iter 26 done: global_full_size=846438590
R12 [P2] iter 26: PRE-JOIN GPU mem: 84.2GB free / 85.1GB total | delta_size=323628 full_size=53631605
R4 [P2] iter 26: PRE-JOIN GPU mem: 84.2GB free / 85.1GB total | delta_size=292015 full_size=53127528
R8 [P2] iter 26: PRE-JOIN GPU mem: 84.2GB free / 85.1GB total | delta_size=292856 full_size=53006992
R3 [P2] iter 26 done: global_full_size=846438590
R3 [P2] iter 26: PRE-JOIN GPU mem: 84.2GB free / 85.1GB total | delta_size=309896 full_size=53515995
R13 [P2] iter 26: PRE-JOIN GPU mem: 84.2GB free / 85.1GB total | delta_size=278059 full_size=51908178
R5 [P2] iter 26: PRE-JOIN GPU mem: 84.2GB free / 85.1GB total | delta_size=305673 full_size=53059798
R9 [P2] iter 26: PRE-JOIN GPU mem: 84.2GB free / 85.1GB total | delta_size=303308 full_size=53746866
R0 [P2] iter 26: PRE-JOIN GPU mem: 84.2GB free / 85.1GB total | delta_size=293554 full_size=53108277
R6 [P2] iter 26: PRE-JOIN GPU mem: 84.2GB free / 85.1GB total | delta_size=308088 full_size=54073317
R10 [P2] iter 26: PRE-JOIN GPU mem: 84.2GB free / 85.1GB total | delta_size=305755 full_size=52735943
R1 [P2] iter 26: PRE-JOIN GPU mem: 84.2GB free / 85.1GB total | delta_size=330543 full_size=53879628
R2 [P2] iter 26: PRE-JOIN GPU mem: 84.2GB free / 85.1GB total | delta_size=272663 full_size=50318621
R14 [P2] iter 26: join done, raw=4875570 result_size=3116932
R0 [P2] iter 26: join done, raw=5501820 result_size=3298862
R4 [P2] iter 26: join done, raw=5397991 result_size=3295164
R10 [P2] iter 26: join done, raw=6014939 result_size=3346333
R15 [P2] iter 26: join done, raw=5581685 result_size=3438430
R11 [P2] iter 26: join done, raw=5309439 result_size=3177502
R1 [P2] iter 26: join done, raw=6635574 result_size=3657798
R13 [P2] iter 26: join done, raw=5371847 result_size=3237586
R7 [P2] iter 26: join done, raw=6009290 result_size=3315987
R5 [P2] iter 26: join done, raw=5673689 result_size=3469820
R9 [P2] iter 26: join done, raw=5991093 result_size=3449141
R12 [P2] iter 26: join done, raw=5894559 result_size=3513018
R6 [P2] iter 26: join done, raw=5835447 result_size=3496016
R2 [P2] iter 26: join done, raw=5715721 result_size=3366492
R3 [P2] iter 26: join done, raw=6119015 result_size=3487543
R8 [P2] iter 26: join done, raw=5273721 result_size=3207866
R2 [P2] iter 26: split done, delta_size=3029914
R2 [P2] iter 26: dedup done, delta_size=501237
R14 [P2] iter 26: split done, delta_size=3147081
R10 [P2] iter 26: split done, delta_size=3376225
R13 [P2] iter 26: split done, delta_size=3202671
R15 [P2] iter 26: split done, delta_size=3354649
R2 [P2] iter 26: subtract done, delta_size=192931
R11 [P2] iter 26: split done, delta_size=3386236
R12 [P2] iter 26: split done, delta_size=3661818
R8 [P2] iter 26: split done, delta_size=3547881
R9 [P2] iter 26: split done, delta_size=3368159
R0 [P2] iter 26: split done, delta_size=3307519
R3 [P2] iter 26: split done, delta_size=3428844
R1 [P2] iter 26: split done, delta_size=3624606
R14 [P2] iter 26: dedup done, delta_size=517112
R10 [P2] iter 26: dedup done, delta_size=541366
R2 [P2] iter 26: merge done, full_size=50511552
R13 [P2] iter 26: dedup done, delta_size=504113
R11 [P2] iter 26: dedup done, delta_size=543997
R15 [P2] iter 26: dedup done, delta_size=548206
R0 [P2] iter 26: dedup done, delta_size=519846
R12 [P2] iter 26: dedup done, delta_size=592462
R14 [P2] iter 26: subtract done, delta_size=203831
R10 [P2] iter 26: subtract done, delta_size=216752
R9 [P2] iter 26: dedup done, delta_size=526568
R3 [P2] iter 26: dedup done, delta_size=568387
R8 [P2] iter 26: dedup done, delta_size=548917
R1 [P2] iter 26: dedup done, delta_size=593494
R4 [P2] iter 26: split done, delta_size=3003480
R6 [P2] iter 26: split done, delta_size=3414697
R5 [P2] iter 26: split done, delta_size=3478036
R7 [P2] iter 26: split done, delta_size=3542674
R13 [P2] iter 26: subtract done, delta_size=193587
R11 [P2] iter 26: subtract done, delta_size=217489
R0 [P2] iter 26: subtract done, delta_size=208650
R15 [P2] iter 26: subtract done, delta_size=222368
R1 [P2] iter 26: subtract done, delta_size=237606
R12 [P2] iter 26: subtract done, delta_size=237793
R3 [P2] iter 26: subtract done, delta_size=222698
R14 [P2] iter 26: merge done, full_size=51468137
R10 [P2] iter 26: merge done, full_size=52952695
R9 [P2] iter 26: subtract done, delta_size=211059
R8 [P2] iter 26: subtract done, delta_size=205733
R0 [P2] iter 26: merge done, full_size=53316927
R13 [P2] iter 26: merge done, full_size=52101765
R11 [P2] iter 26: merge done, full_size=53304294
R1 [P2] iter 26: merge done, full_size=54117234
R15 [P2] iter 26: merge done, full_size=54050894
R12 [P2] iter 26: merge done, full_size=53869398
R3 [P2] iter 26: merge done, full_size=53738693
R8 [P2] iter 26: merge done, full_size=53212725
R9 [P2] iter 26: merge done, full_size=53957925
R6 [P2] iter 26: dedup done, delta_size=546138
R4 [P2] iter 26: dedup done, delta_size=524978
R5 [P2] iter 26: dedup done, delta_size=552522
R7 [P2] iter 26: dedup done, delta_size=589229
R6 [P2] iter 26: subtract done, delta_size=211496
R4 [P2] iter 26: subtract done, delta_size=213502
R5 [P2] iter 26: subtract done, delta_size=220784
R7 [P2] iter 26: subtract done, delta_size=239606
R6 [P2] iter 26: merge done, full_size=54284813
R4 [P2] iter 26: merge done, full_size=53341030
R5 [P2] iter 26: merge done, full_size=53280582
R7 [P2] iter 26: merge done, full_size=52385811
R12 [P2] iter 27 done: global_full_size=849894475
R13 [P2] iter 27 done: global_full_size=849894475
R14 [P2] iter 27 done: global_full_size=849894475
R15 [P2] iter 27 done: global_full_size=849894475
R4 [P2] iter 27 done: global_full_size=849894475
R8 [P2] iter 27 done: global_full_size=849894475
R0 [P2] iter 27 done: global_full_size=849894475
R12 [P2] iter 27: PRE-JOIN GPU mem: 84.2GB free / 85.1GB total | delta_size=237793 full_size=53869398
R5 [P2] iter 27 done: global_full_size=849894475
R9 [P2] iter 27 done: global_full_size=849894475
R1 [P2] iter 27 done: global_full_size=849894475
R1 [P2] iter 27: PRE-JOIN GPU mem: 84.2GB free / 85.1GB total | delta_size=237606 full_size=54117234
R13 [P2] iter 27: PRE-JOIN GPU mem: 84.2GB free / 85.1GB total | delta_size=193587 full_size=52101765
R6 [P2] iter 27 done: global_full_size=849894475
R10 [P2] iter 27 done: global_full_size=849894475
R2 [P2] iter 27 done: global_full_size=849894475
R2 [P2] iter 27: PRE-JOIN GPU mem: 84.2GB free / 85.1GB total | delta_size=192931 full_size=50511552
R14 [P2] iter 27: PRE-JOIN GPU mem: 84.2GB free / 85.1GB total | delta_size=203831 full_size=51468137
R7 [P2] iter 27 done: global_full_size=849894475
R7 [P2] iter 27: PRE-JOIN GPU mem: 84.2GB free / 85.1GB total | delta_size=239606 full_size=52385811
R11 [P2] iter 27 done: global_full_size=849894475
R3 [P2] iter 27 done: global_full_size=849894475
R3 [P2] iter 27: PRE-JOIN GPU mem: 84.2GB free / 85.1GB total | delta_size=222698 full_size=53738693
R15 [P2] iter 27: PRE-JOIN GPU mem: 84.1GB free / 85.1GB total | delta_size=222368 full_size=54050894
R5 [P2] iter 27: PRE-JOIN GPU mem: 84.2GB free / 85.1GB total | delta_size=220784 full_size=53280582
R8 [P2] iter 27: PRE-JOIN GPU mem: 84.2GB free / 85.1GB total | delta_size=205733 full_size=53212725
R0 [P2] iter 27: PRE-JOIN GPU mem: 84.2GB free / 85.1GB total | delta_size=208650 full_size=53316927
R6 [P2] iter 27: PRE-JOIN GPU mem: 84.2GB free / 85.1GB total | delta_size=211496 full_size=54284813
R9 [P2] iter 27: PRE-JOIN GPU mem: 84.2GB free / 85.1GB total | delta_size=211059 full_size=53957925
R4 [P2] iter 27: PRE-JOIN GPU mem: 84.2GB free / 85.1GB total | delta_size=213502 full_size=53341030
R10 [P2] iter 27: PRE-JOIN GPU mem: 84.2GB free / 85.1GB total | delta_size=216752 full_size=52952695
R11 [P2] iter 27: PRE-JOIN GPU mem: 84.2GB free / 85.1GB total | delta_size=217489 full_size=53304294
R13 [P2] iter 27: join done, raw=3440856 result_size=2164872
R4 [P2] iter 27: join done, raw=3626619 result_size=2289145
R11 [P2] iter 27: join done, raw=3733551 result_size=2294154
R14 [P2] iter 27: join done, raw=3309357 result_size=2174951
R6 [P2] iter 27: join done, raw=3877132 result_size=2375966
R5 [P2] iter 27: join done, raw=3855262 result_size=2477421
R8 [P2] iter 27: join done, raw=3458127 result_size=2210328
R15 [P2] iter 27: join done, raw=3621214 result_size=2318350
R10 [P2] iter 27: join done, raw=4004502 result_size=2317265
R7 [P2] iter 27: join done, raw=4257986 result_size=2375921
R2 [P2] iter 27: join done, raw=3771272 result_size=2299023
R12 [P2] iter 27: join done, raw=3988993 result_size=2421577
R9 [P2] iter 27: join done, raw=3903972 result_size=2379944
R3 [P2] iter 27: join done, raw=4001767 result_size=2411813
R1 [P2] iter 27: join done, raw=4634845 result_size=2599990
R0 [P2] iter 27: join done, raw=3577607 result_size=2223702
R13 [P2] iter 27: split done, delta_size=2206367
R4 [P2] iter 27: split done, delta_size=2092840
R2 [P2] iter 27: split done, delta_size=2145487
R15 [P2] iter 27: split done, delta_size=2304841
R11 [P2] iter 27: split done, delta_size=2394434
R3 [P2] iter 27: split done, delta_size=2344025
R9 [P2] iter 27: split done, delta_size=2317139
R14 [P2] iter 27: split done, delta_size=2217826
R8 [P2] iter 27: split done, delta_size=2446052
R10 [P2] iter 27: split done, delta_size=2288336
R12 [P2] iter 27: split done, delta_size=2590405
R0 [P2] iter 27: split done, delta_size=2275252
R5 [P2] iter 27: split done, delta_size=2435371
R1 [P2] iter 27: split done, delta_size=2513767
R7 [P2] iter 27: split done, delta_size=2441277
R6 [P2] iter 27: split done, delta_size=2321003
R2 [P2] iter 27: dedup done, delta_size=360494
R13 [P2] iter 27: dedup done, delta_size=355664
R15 [P2] iter 27: dedup done, delta_size=391700
R4 [P2] iter 27: dedup done, delta_size=372695
R3 [P2] iter 27: dedup done, delta_size=395989
R0 [P2] iter 27: dedup done, delta_size=365313
R14 [P2] iter 27: dedup done, delta_size=375644
R11 [P2] iter 27: dedup done, delta_size=398432
R1 [P2] iter 27: dedup done, delta_size=421955
R2 [P2] iter 27: subtract done, delta_size=141391
R12 [P2] iter 27: dedup done, delta_size=433275
R13 [P2] iter 27: subtract done, delta_size=136382
R9 [P2] iter 27: dedup done, delta_size=369764
R3 [P2] iter 27: subtract done, delta_size=150142
R0 [P2] iter 27: subtract done, delta_size=144608
R15 [P2] iter 27: subtract done, delta_size=151869
R4 [P2] iter 27: subtract done, delta_size=150974
R10 [P2] iter 27: dedup done, delta_size=377097
R8 [P2] iter 27: dedup done, delta_size=386815
R7 [P2] iter 27: dedup done, delta_size=417995
R1 [P2] iter 27: subtract done, delta_size=164933
R14 [P2] iter 27: subtract done, delta_size=145880
R5 [P2] iter 27: dedup done, delta_size=397444
R12 [P2] iter 27: subtract done, delta_size=168224
R6 [P2] iter 27: dedup done, delta_size=384162
R2 [P2] iter 27: merge done, full_size=50652943
R9 [P2] iter 27: subtract done, delta_size=145040
R11 [P2] iter 27: subtract done, delta_size=156941
R13 [P2] iter 27: merge done, full_size=52238147
R8 [P2] iter 27: subtract done, delta_size=143598
R10 [P2] iter 27: subtract done, delta_size=146747
R0 [P2] iter 27: merge done, full_size=53461535
R1 [P2] iter 27: merge done, full_size=54282167
R15 [P2] iter 27: merge done, full_size=54202763
R4 [P2] iter 27: merge done, full_size=53492004
R7 [P2] iter 27: subtract done, delta_size=164845
R5 [P2] iter 27: subtract done, delta_size=156214
R3 [P2] iter 27: merge done, full_size=53888835
R14 [P2] iter 27: merge done, full_size=51614017
R11 [P2] iter 27: merge done, full_size=53461235
R6 [P2] iter 27: subtract done, delta_size=148018
R12 [P2] iter 27: merge done, full_size=54037622
R9 [P2] iter 27: merge done, full_size=54102965
R8 [P2] iter 27: merge done, full_size=53356323
R10 [P2] iter 27: merge done, full_size=53099442
R7 [P2] iter 27: merge done, full_size=52550656
R5 [P2] iter 27: merge done, full_size=53436796
R12 [P2] iter 28 done: global_full_size=852310281
R13 [P2] iter 28 done: global_full_size=852310281
R4 [P2] iter 28 done: global_full_size=852310281
R14 [P2] iter 28 done: global_full_size=852310281
R5 [P2] iter 28 done: global_full_size=852310281
R8 [P2] iter 28 done: global_full_size=852310281
R15 [P2] iter 28 done: global_full_size=852310281
R6 [P2] iter 27: merge done, full_size=54432831
R6 [P2] iter 28 done: global_full_size=852310281
R9 [P2] iter 28 done: global_full_size=852310281
R0 [P2] iter 28 done: global_full_size=852310281
R13 [P2] iter 28: PRE-JOIN GPU mem: 84.2GB free / 85.1GB total | delta_size=136382 full_size=52238147
R7 [P2] iter 28 done: global_full_size=852310281
R10 [P2] iter 28 done: global_full_size=852310281
R1 [P2] iter 28 done: global_full_size=852310281
R12 [P2] iter 28: PRE-JOIN GPU mem: 84.2GB free / 85.1GB total | delta_size=168224 full_size=54037622
R11 [P2] iter 28 done: global_full_size=852310281
R2 [P2] iter 28 done: global_full_size=852310281
R2 [P2] iter 28: PRE-JOIN GPU mem: 84.2GB free / 85.1GB total | delta_size=141391 full_size=50652943
R14 [P2] iter 28: PRE-JOIN GPU mem: 84.2GB free / 85.1GB total | delta_size=145880 full_size=51614017
R8 [P2] iter 28: PRE-JOIN GPU mem: 84.2GB free / 85.1GB total | delta_size=143598 full_size=53356323
R3 [P2] iter 28 done: global_full_size=852310281
R3 [P2] iter 28: PRE-JOIN GPU mem: 84.2GB free / 85.1GB total | delta_size=150142 full_size=53888835
R15 [P2] iter 28: PRE-JOIN GPU mem: 84.2GB free / 85.1GB total | delta_size=151869 full_size=54202763
R9 [P2] iter 28: PRE-JOIN GPU mem: 84.2GB free / 85.1GB total | delta_size=145040 full_size=54102965
R0 [P2] iter 28: PRE-JOIN GPU mem: 84.2GB free / 85.1GB total | delta_size=144608 full_size=53461535
R10 [P2] iter 28: PRE-JOIN GPU mem: 84.2GB free / 85.1GB total | delta_size=146747 full_size=53099442
R1 [P2] iter 28: PRE-JOIN GPU mem: 84.2GB free / 85.1GB total | delta_size=164933 full_size=54282167
R11 [P2] iter 28: PRE-JOIN GPU mem: 84.2GB free / 85.1GB total | delta_size=156941 full_size=53461235
R4 [P2] iter 28: PRE-JOIN GPU mem: 84.2GB free / 85.1GB total | delta_size=150974 full_size=53492004
R5 [P2] iter 28: PRE-JOIN GPU mem: 84.2GB free / 85.1GB total | delta_size=156214 full_size=53436796
R6 [P2] iter 28: PRE-JOIN GPU mem: 84.2GB free / 85.1GB total | delta_size=148018 full_size=54432831
R7 [P2] iter 28: PRE-JOIN GPU mem: 84.2GB free / 85.1GB total | delta_size=164845 full_size=52550656
R8 [P2] iter 28: join done, raw=2308321 result_size=1525342
R0 [P2] iter 28: join done, raw=2380332 result_size=1538164
R2 [P2] iter 28: join done, raw=2747952 result_size=1672770
R3 [P2] iter 28: join done, raw=2606736 result_size=1618938
R11 [P2] iter 28: join done, raw=2644708 result_size=1624605
R10 [P2] iter 28: join done, raw=2683015 result_size=1584308
R14 [P2] iter 28: join done, raw=2197489 result_size=1505442
R13 [P2] iter 28: join done, raw=2405454 result_size=1534774
R9 [P2] iter 28: join done, raw=2630456 result_size=1634849
R15 [P2] iter 28: join done, raw=2333702 result_size=1563871
R1 [P2] iter 28: join done, raw=3114817 result_size=1802584
R12 [P2] iter 28: join done, raw=2725103 result_size=1669776
R6 [P2] iter 28: join done, raw=2672114 result_size=1632060
R4 [P2] iter 28: join done, raw=2462548 result_size=1589268
R5 [P2] iter 28: join done, raw=2671583 result_size=1752074
R7 [P2] iter 28: join done, raw=2852584 result_size=1659148
R2 [P2] iter 28: split done, delta_size=1540503
R4 [P2] iter 28: split done, delta_size=1443202
R11 [P2] iter 28: split done, delta_size=1707441
R13 [P2] iter 28: split done, delta_size=1552289
R0 [P2] iter 28: split done, delta_size=1562477
R15 [P2] iter 28: split done, delta_size=1597635
R14 [P2] iter 28: split done, delta_size=1557956
R9 [P2] iter 28: split done, delta_size=1546455
R1 [P2] iter 28: split done, delta_size=1774906
R3 [P2] iter 28: split done, delta_size=1580591
R12 [P2] iter 28: split done, delta_size=1861257
R4 [P2] iter 28: dedup done, delta_size=264019
R7 [P2] iter 28: split done, delta_size=1690737
R8 [P2] iter 28: split done, delta_size=1686473
R10 [P2] iter 28: split done, delta_size=1493521
R2 [P2] iter 28: dedup done, delta_size=264720
R5 [P2] iter 28: split done, delta_size=1694159
R11 [P2] iter 28: dedup done, delta_size=290439
R0 [P2] iter 28: dedup done, delta_size=256981
R1 [P2] iter 28: dedup done, delta_size=299172
R13 [P2] iter 28: dedup done, delta_size=253109
R4 [P2] iter 28: subtract done, delta_size=106176
R6 [P2] iter 28: split done, delta_size=1618371
R3 [P2] iter 28: dedup done, delta_size=272059
R15 [P2] iter 28: dedup done, delta_size=274174
R2 [P2] iter 28: subtract done, delta_size=99014
R9 [P2] iter 28: dedup done, delta_size=258898
R14 [P2] iter 28: dedup done, delta_size=267979
R12 [P2] iter 28: dedup done, delta_size=313869
R0 [P2] iter 28: subtract done, delta_size=98673
R1 [P2] iter 28: subtract done, delta_size=116620
R8 [P2] iter 28: dedup done, delta_size=273660
R7 [P2] iter 28: dedup done, delta_size=297388
R10 [P2] iter 28: dedup done, delta_size=254041
R11 [P2] iter 28: subtract done, delta_size=110446
R13 [P2] iter 28: subtract done, delta_size=93706
R5 [P2] iter 28: dedup done, delta_size=281983
R3 [P2] iter 28: subtract done, delta_size=100599
R15 [P2] iter 28: subtract done, delta_size=106888
R9 [P2] iter 28: subtract done, delta_size=99817
R14 [P2] iter 28: subtract done, delta_size=101398
R2 [P2] iter 28: merge done, full_size=50751957
R12 [P2] iter 28: subtract done, delta_size=119351
R8 [P2] iter 28: subtract done, delta_size=101867
R4 [P2] iter 28: merge done, full_size=53598180
R6 [P2] iter 28: dedup done, delta_size=273041
R7 [P2] iter 28: subtract done, delta_size=114373
R0 [P2] iter 28: merge done, full_size=53560208
R10 [P2] iter 28: subtract done, delta_size=97818
R1 [P2] iter 28: merge done, full_size=54398787
R5 [P2] iter 28: subtract done, delta_size=110737
R13 [P2] iter 28: merge done, full_size=52331853
R11 [P2] iter 28: merge done, full_size=53571681
R15 [P2] iter 28: merge done, full_size=54309651
R3 [P2] iter 28: merge done, full_size=53989434
R6 [P2] iter 28: subtract done, delta_size=100907
R9 [P2] iter 28: merge done, full_size=54202782
R14 [P2] iter 28: merge done, full_size=51715415
R8 [P2] iter 28: merge done, full_size=53458190
R7 [P2] iter 28: merge done, full_size=52665029
R12 [P2] iter 28: merge done, full_size=54156973
R10 [P2] iter 28: merge done, full_size=53197260
R5 [P2] iter 28: merge done, full_size=53547533
R12 [P2] iter 29 done: global_full_size=853988671
R13 [P2] iter 29 done: global_full_size=853988671
R14 [P2] iter 29 done: global_full_size=853988671
R4 [P2] iter 29 done: global_full_size=853988671
R15 [P2] iter 29 done: global_full_size=853988671
R5 [P2] iter 29 done: global_full_size=853988671
R8 [P2] iter 29 done: global_full_size=853988671
R0 [P2] iter 29 done: global_full_size=853988671
R12 [P2] iter 29: PRE-JOIN GPU mem: 84.2GB free / 85.1GB total | delta_size=119351 full_size=54156973
R6 [P2] iter 28: merge done, full_size=54533738
R6 [P2] iter 29 done: global_full_size=853988671
R9 [P2] iter 29 done: global_full_size=853988671
R1 [P2] iter 29 done: global_full_size=853988671
R13 [P2] iter 29: PRE-JOIN GPU mem: 84.2GB free / 85.1GB total | delta_size=93706 full_size=52331853
R7 [P2] iter 29 done: global_full_size=853988671
R10 [P2] iter 29 done: global_full_size=853988671
R2 [P2] iter 29 done: global_full_size=853988671
R2 [P2] iter 29: PRE-JOIN GPU mem: 84.2GB free / 85.1GB total | delta_size=99014 full_size=50751957
R14 [P2] iter 29: PRE-JOIN GPU mem: 84.2GB free / 85.1GB total | delta_size=101398 full_size=51715415
R6 [P2] iter 29: PRE-JOIN GPU mem: 84.2GB free / 85.1GB total | delta_size=100907 full_size=54533738
R11 [P2] iter 29 done: global_full_size=853988671
R3 [P2] iter 29 done: global_full_size=853988671
R3 [P2] iter 29: PRE-JOIN GPU mem: 84.2GB free / 85.1GB total | delta_size=100599 full_size=53989434
R15 [P2] iter 29: PRE-JOIN GPU mem: 84.2GB free / 85.1GB total | delta_size=106888 full_size=54309651
R4 [P2] iter 29: PRE-JOIN GPU mem: 84.2GB free / 85.1GB total | delta_size=106176 full_size=53598180
R8 [P2] iter 29: PRE-JOIN GPU mem: 84.2GB free / 85.1GB total | delta_size=101867 full_size=53458190
R0 [P2] iter 29: PRE-JOIN GPU mem: 84.2GB free / 85.1GB total | delta_size=98673 full_size=53560208
R5 [P2] iter 29: PRE-JOIN GPU mem: 84.2GB free / 85.1GB total | delta_size=110737 full_size=53547533
R9 [P2] iter 29: PRE-JOIN GPU mem: 84.2GB free / 85.1GB total | delta_size=99817 full_size=54202782
R1 [P2] iter 29: PRE-JOIN GPU mem: 84.2GB free / 85.1GB total | delta_size=116620 full_size=54398787
R7 [P2] iter 29: PRE-JOIN GPU mem: 84.2GB free / 85.1GB total | delta_size=114373 full_size=52665029
R10 [P2] iter 29: PRE-JOIN GPU mem: 84.2GB free / 85.1GB total | delta_size=97818 full_size=53197260
R11 [P2] iter 29: PRE-JOIN GPU mem: 84.2GB free / 85.1GB total | delta_size=110446 full_size=53571681
R6 [P2] iter 29: join done, raw=1852195 result_size=1163761
R0 [P2] iter 29: join done, raw=1699030 result_size=1114344
R4 [P2] iter 29: join done, raw=1796176 result_size=1181906
R13 [P2] iter 29: join done, raw=1752968 result_size=1121516
R15 [P2] iter 29: join done, raw=1714688 result_size=1151881
R8 [P2] iter 29: join done, raw=1716438 result_size=1129497
R7 [P2] iter 29: join done, raw=2092026 result_size=1231085
R10 [P2] iter 29: join done, raw=1907522 result_size=1138803
R5 [P2] iter 29: join done, raw=1992463 result_size=1315226
R11 [P2] iter 29: join done, raw=1964644 result_size=1176536
R9 [P2] iter 29: join done, raw=1937687 result_size=1199683
R1 [P2] iter 29: join done, raw=2232688 result_size=1293713
R12 [P2] iter 29: join done, raw=2059661 result_size=1250392
R2 [P2] iter 29: join done, raw=2179753 result_size=1290715
R3 [P2] iter 29: join done, raw=1971010 result_size=1164475
R14 [P2] iter 29: join done, raw=1536828 result_size=1084177
R2 [P2] iter 29: split done, delta_size=1185259
R4 [P2] iter 29: split done, delta_size=1047672
R0 [P2] iter 29: split done, delta_size=1093979
R13 [P2] iter 29: split done, delta_size=1135647
R2 [P2] iter 29: dedup done, delta_size=200964
R11 [P2] iter 29: split done, delta_size=1260856
R4 [P2] iter 29: dedup done, delta_size=194239
R1 [P2] iter 29: split done, delta_size=1321798
R14 [P2] iter 29: split done, delta_size=1142392
R15 [P2] iter 29: split done, delta_size=1134099
R0 [P2] iter 29: dedup done, delta_size=182077
R9 [P2] iter 29: split done, delta_size=1127506
R3 [P2] iter 29: split done, delta_size=1127476
R7 [P2] iter 29: split done, delta_size=1284206
R2 [P2] iter 29: subtract done, delta_size=78042
R13 [P2] iter 29: dedup done, delta_size=185028
R8 [P2] iter 29: split done, delta_size=1248017
R4 [P2] iter 29: subtract done, delta_size=81600
R0 [P2] iter 29: subtract done, delta_size=72477
R12 [P2] iter 29: split done, delta_size=1413118
R5 [P2] iter 29: split done, delta_size=1217767
R1 [P2] iter 29: dedup done, delta_size=221608
R10 [P2] iter 29: split done, delta_size=1075450
R15 [P2] iter 29: dedup done, delta_size=198339
R3 [P2] iter 29: dedup done, delta_size=194594
R14 [P2] iter 29: dedup done, delta_size=196189
R11 [P2] iter 29: dedup done, delta_size=216558
R13 [P2] iter 29: subtract done, delta_size=70034
R7 [P2] iter 29: dedup done, delta_size=219146
R1 [P2] iter 29: subtract done, delta_size=89849
R2 [P2] iter 29: merge done, full_size=50829999
R6 [P2] iter 29: split done, delta_size=1192468
R0 [P2] iter 29: merge done, full_size=53632685
R12 [P2] iter 29: dedup done, delta_size=236451
R9 [P2] iter 29: dedup done, delta_size=190720
R8 [P2] iter 29: dedup done, delta_size=200162
R4 [P2] iter 29: merge done, full_size=53679780
R10 [P2] iter 29: dedup done, delta_size=182902
R5 [P2] iter 29: dedup done, delta_size=205875
R11 [P2] iter 29: subtract done, delta_size=87019
R3 [P2] iter 29: subtract done, delta_size=76564
R14 [P2] iter 29: subtract done, delta_size=80049
R15 [P2] iter 29: subtract done, delta_size=80988
R7 [P2] iter 29: subtract done, delta_size=84144
R1 [P2] iter 29: merge done, full_size=54488636
R13 [P2] iter 29: merge done, full_size=52401887
R6 [P2] iter 29: dedup done, delta_size=200107
R12 [P2] iter 29: subtract done, delta_size=89410
R9 [P2] iter 29: subtract done, delta_size=79437
R8 [P2] iter 29: subtract done, delta_size=79159
R5 [P2] iter 29: subtract done, delta_size=82992
R10 [P2] iter 29: subtract done, delta_size=76329
R3 [P2] iter 29: merge done, full_size=54065998
R14 [P2] iter 29: merge done, full_size=51795464
R7 [P2] iter 29: merge done, full_size=52749173
R15 [P2] iter 29: merge done, full_size=54390639
R11 [P2] iter 29: merge done, full_size=53658700
R6 [P2] iter 29: subtract done, delta_size=74908
R12 [P2] iter 29: merge done, full_size=54246383
R9 [P2] iter 29: merge done, full_size=54282219
R5 [P2] iter 29: merge done, full_size=53630525
R8 [P2] iter 29: merge done, full_size=53537349
R12 [P2] iter 30 done: global_full_size=855271672
R6 [P2] iter 29: merge done, full_size=54608646
R6 [P2] iter 30 done: global_full_size=855271672
R13 [P2] iter 30 done: global_full_size=855271672
R4 [P2] iter 30 done: global_full_size=855271672
R8 [P2] iter 30 done: global_full_size=855271672
R14 [P2] iter 30 done: global_full_size=855271672
R5 [P2] iter 30 done: global_full_size=855271672
R9 [P2] iter 30 done: global_full_size=855271672
R0 [P2] iter 30 done: global_full_size=855271672
R15 [P2] iter 30 done: global_full_size=855271672
R7 [P2] iter 30 done: global_full_size=855271672
R10 [P2] iter 29: merge done, full_size=53273589
R10 [P2] iter 30 done: global_full_size=855271672
R1 [P2] iter 30 done: global_full_size=855271672
R12 [P2] iter 30: PRE-JOIN GPU mem: 84.2GB free / 85.1GB total | delta_size=89410 full_size=54246383
R5 [P2] iter 30: PRE-JOIN GPU mem: 84.2GB free / 85.1GB total | delta_size=82992 full_size=53630525
R11 [P2] iter 30 done: global_full_size=855271672
R2 [P2] iter 30 done: global_full_size=855271672
R2 [P2] iter 30: PRE-JOIN GPU mem: 84.2GB free / 85.1GB total | delta_size=78042 full_size=50829999
R13 [P2] iter 30: PRE-JOIN GPU mem: 84.2GB free / 85.1GB total | delta_size=70034 full_size=52401887
R6 [P2] iter 30: PRE-JOIN GPU mem: 84.2GB free / 85.1GB total | delta_size=74908 full_size=54608646
R8 [P2] iter 30: PRE-JOIN GPU mem: 84.2GB free / 85.1GB total | delta_size=79159 full_size=53537349
R3 [P2] iter 30 done: global_full_size=855271672
R3 [P2] iter 30: PRE-JOIN GPU mem: 84.2GB free / 85.1GB total | delta_size=76564 full_size=54065998
R14 [P2] iter 30: PRE-JOIN GPU mem: 84.2GB free / 85.1GB total | delta_size=80049 full_size=51795464
R4 [P2] iter 30: PRE-JOIN GPU mem: 84.2GB free / 85.1GB total | delta_size=81600 full_size=53679780
R0 [P2] iter 30: PRE-JOIN GPU mem: 84.2GB free / 85.1GB total | delta_size=72477 full_size=53632685
R15 [P2] iter 30: PRE-JOIN GPU mem: 84.2GB free / 85.1GB total | delta_size=80988 full_size=54390639
R7 [P2] iter 30: PRE-JOIN GPU mem: 84.2GB free / 85.1GB total | delta_size=84144 full_size=52749173
R9 [P2] iter 30: PRE-JOIN GPU mem: 84.2GB free / 85.1GB total | delta_size=79437 full_size=54282219
R1 [P2] iter 30: PRE-JOIN GPU mem: 84.2GB free / 85.1GB total | delta_size=89849 full_size=54488636
R10 [P2] iter 30: PRE-JOIN GPU mem: 84.2GB free / 85.1GB total | delta_size=76329 full_size=53273589
R11 [P2] iter 30: PRE-JOIN GPU mem: 84.2GB free / 85.1GB total | delta_size=87019 full_size=53658700
R6 [P2] iter 30: join done, raw=1438823 result_size=869649
R0 [P2] iter 30: join done, raw=1290215 result_size=843323
R4 [P2] iter 30: join done, raw=1404452 result_size=917694
R14 [P2] iter 30: join done, raw=1181861 result_size=830603
R1 [P2] iter 30: join done, raw=1755732 result_size=990927
R13 [P2] iter 30: join done, raw=1365779 result_size=856862
R8 [P2] iter 30: join done, raw=1381649 result_size=902146
R10 [P2] iter 30: join done, raw=1622970 result_size=916520
R2 [P2] iter 30: join done, raw=1755946 result_size=1013153
R7 [P2] iter 30: join done, raw=1682442 result_size=940038
R15 [P2] iter 30: join done, raw=1345744 result_size=912183
R3 [P2] iter 30: join done, raw=1583042 result_size=906310
R12 [P2] iter 30: join done, raw=1558217 result_size=931225
R9 [P2] iter 30: join done, raw=1621096 result_size=953572
R11 [P2] iter 30: join done, raw=1582837 result_size=888817
R5 [P2] iter 30: join done, raw=1577911 result_size=1012652
R2 [P2] iter 30: split done, delta_size=958139
R0 [P2] iter 30: split done, delta_size=823429
R2 [P2] iter 30: dedup done, delta_size=156471
R9 [P2] iter 30: split done, delta_size=822419
R4 [P2] iter 30: split done, delta_size=819143
R3 [P2] iter 30: split done, delta_size=817890
R0 [P2] iter 30: dedup done, delta_size=131640
R14 [P2] iter 30: split done, delta_size=897089
R2 [P2] iter 30: subtract done, delta_size=55984
R10 [P2] iter 30: split done, delta_size=816793
R13 [P2] iter 30: split done, delta_size=857906
R9 [P2] iter 30: dedup done, delta_size=139057
R4 [P2] iter 30: dedup done, delta_size=147153
R15 [P2] iter 30: split done, delta_size=854522
R0 [P2] iter 30: subtract done, delta_size=49882
R5 [P2] iter 30: split done, delta_size=941865
R1 [P2] iter 30: split done, delta_size=1045758
R8 [P2] iter 30: split done, delta_size=950560
R3 [P2] iter 30: dedup done, delta_size=140334
R7 [P2] iter 30: split done, delta_size=1023059
R6 [P2] iter 30: split done, delta_size=936219
R4 [P2] iter 30: subtract done, delta_size=57755
R12 [P2] iter 30: split done, delta_size=1087899
R14 [P2] iter 30: dedup done, delta_size=147578
R1 [P2] iter 30: dedup done, delta_size=168297
R13 [P2] iter 30: dedup done, delta_size=135791
R9 [P2] iter 30: subtract done, delta_size=53023
R10 [P2] iter 30: dedup done, delta_size=132516
R0 [P2] iter 30: merge done, full_size=53682567
R15 [P2] iter 30: dedup done, delta_size=145747
R11 [P2] iter 30: split done, delta_size=1032984
R2 [P2] iter 30: merge done, full_size=50885983
R3 [P2] iter 30: subtract done, delta_size=51862
R5 [P2] iter 30: dedup done, delta_size=153818
R1 [P2] iter 30: subtract done, delta_size=65700
R7 [P2] iter 30: dedup done, delta_size=168589
R8 [P2] iter 30: dedup done, delta_size=147478
R12 [P2] iter 30: dedup done, delta_size=180980
R14 [P2] iter 30: subtract done, delta_size=56096
R13 [P2] iter 30: subtract done, delta_size=45917
R10 [P2] iter 30: subtract done, delta_size=50467
R15 [P2] iter 30: subtract done, delta_size=57376
R4 [P2] iter 30: merge done, full_size=53737535
R6 [P2] iter 30: dedup done, delta_size=151936
R5 [P2] iter 30: subtract done, delta_size=57904
R3 [P2] iter 30: merge done, full_size=54117860
R12 [P2] iter 30: subtract done, delta_size=63769
R7 [P2] iter 30: subtract done, delta_size=59056
R9 [P2] iter 30: merge done, full_size=54335242
R1 [P2] iter 30: merge done, full_size=54554336
R8 [P2] iter 30: subtract done, delta_size=53627
R11 [P2] iter 30: dedup done, delta_size=166616
R14 [P2] iter 30: merge done, full_size=51851560
R6 [P2] iter 30: subtract done, delta_size=52491
R10 [P2] iter 30: merge done, full_size=53324056
R13 [P2] iter 30: merge done, full_size=52447804
R11 [P2] iter 30: subtract done, delta_size=63618
R15 [P2] iter 30: merge done, full_size=54448015
R5 [P2] iter 30: merge done, full_size=53688429
R7 [P2] iter 30: merge done, full_size=52808229
R8 [P2] iter 30: merge done, full_size=53590976
R12 [P2] iter 30: merge done, full_size=54310152
R6 [P2] iter 30: merge done, full_size=54661137
R12 [P2] iter 31 done: global_full_size=856166199
R4 [P2] iter 31 done: global_full_size=856166199
R13 [P2] iter 31 done: global_full_size=856166199
R5 [P2] iter 31 done: global_full_size=856166199
R8 [P2] iter 31 done: global_full_size=856166199
R0 [P2] iter 31 done: global_full_size=856166199
R14 [P2] iter 31 done: global_full_size=856166199
R6 [P2] iter 31 done: global_full_size=856166199
R9 [P2] iter 31 done: global_full_size=856166199
R1 [P2] iter 31 done: global_full_size=856166199
R15 [P2] iter 31 done: global_full_size=856166199
R7 [P2] iter 31 done: global_full_size=856166199
R10 [P2] iter 31 done: global_full_size=856166199
R2 [P2] iter 31 done: global_full_size=856166199
R12 [P2] iter 31: PRE-JOIN GPU mem: 84.2GB free / 85.1GB total | delta_size=63769 full_size=54310152
R6 [P2] iter 31: PRE-JOIN GPU mem: 84.2GB free / 85.1GB total | delta_size=52491 full_size=54661137
R11 [P2] iter 30: merge done, full_size=53722318
R11 [P2] iter 31 done: global_full_size=856166199
R3 [P2] iter 31 done: global_full_size=856166199
R3 [P2] iter 31: PRE-JOIN GPU mem: 84.2GB free / 85.1GB total | delta_size=51862 full_size=54117860
R13 [P2] iter 31: PRE-JOIN GPU mem: 84.2GB free / 85.1GB total | delta_size=45917 full_size=52447804
R7 [P2] iter 31: PRE-JOIN GPU mem: 84.2GB free / 85.1GB total | delta_size=59056 full_size=52808229
R8 [P2] iter 31: PRE-JOIN GPU mem: 84.2GB free / 85.1GB total | delta_size=53627 full_size=53590976
R0 [P2] iter 31: PRE-JOIN GPU mem: 84.2GB free / 85.1GB total | delta_size=49882 full_size=53682567
R14 [P2] iter 31: PRE-JOIN GPU mem: 84.2GB free / 85.1GB total | delta_size=56096 full_size=51851560
R4 [P2] iter 31: PRE-JOIN GPU mem: 84.2GB free / 85.1GB total | delta_size=57755 full_size=53737535
R9 [P2] iter 31: PRE-JOIN GPU mem: 84.2GB free / 85.1GB total | delta_size=53023 full_size=54335242
R1 [P2] iter 31: PRE-JOIN GPU mem: 84.2GB free / 85.1GB total | delta_size=65700 full_size=54554336
R15 [P2] iter 31: PRE-JOIN GPU mem: 84.2GB free / 85.1GB total | delta_size=57376 full_size=54448015
R5 [P2] iter 31: PRE-JOIN GPU mem: 84.2GB free / 85.1GB total | delta_size=57904 full_size=53688429
R10 [P2] iter 31: PRE-JOIN GPU mem: 84.2GB free / 85.1GB total | delta_size=50467 full_size=53324056
R2 [P2] iter 31: PRE-JOIN GPU mem: 84.2GB free / 85.1GB total | delta_size=55984 full_size=50885983
R11 [P2] iter 31: PRE-JOIN GPU mem: 84.2GB free / 85.1GB total | delta_size=63618 full_size=53722318
R0 [P2] iter 31: join done, raw=818330 result_size=570597
R6 [P2] iter 31: join done, raw=1011830 result_size=618206
R11 [P2] iter 31: join done, raw=1127123 result_size=629733
R3 [P2] iter 31: join done, raw=1009699 result_size=596671
R9 [P2] iter 31: join done, raw=1048054 result_size=636119
R5 [P2] iter 31: join done, raw=1096222 result_size=704459
R2 [P2] iter 31: join done, raw=1193342 result_size=688829
R7 [P2] iter 31: join done, raw=1094594 result_size=642230
R8 [P2] iter 31: join done, raw=897999 result_size=601752
R13 [P2] iter 31: join done, raw=862772 result_size=541825
R14 [P2] iter 31: join done, raw=765482 result_size=557683
R1 [P2] iter 31: join done, raw=1246878 result_size=694446
R4 [P2] iter 31: join done, raw=958513 result_size=626728
R15 [P2] iter 31: join done, raw=898586 result_size=618260
R12 [P2] iter 31: join done, raw=1069551 result_size=638589
R10 [P2] iter 31: join done, raw=1021620 result_size=606917
R13 [P2] iter 31: split done, delta_size=597293
R9 [P2] iter 31: split done, delta_size=547412
R2 [P2] iter 31: split done, delta_size=659155
R15 [P2] iter 31: split done, delta_size=549535
R0 [P2] iter 31: split done, delta_size=568507
R4 [P2] iter 31: split done, delta_size=555816
R14 [P2] iter 31: split done, delta_size=603979
R9 [P2] iter 31: dedup done, delta_size=94466
R10 [P2] iter 31: split done, delta_size=530041
R3 [P2] iter 31: split done, delta_size=532161
R13 [P2] iter 31: dedup done, delta_size=94066
R2 [P2] iter 31: dedup done, delta_size=108637
R15 [P2] iter 31: dedup done, delta_size=94271
R0 [P2] iter 31: dedup done, delta_size=89163
R1 [P2] iter 31: split done, delta_size=736017
R5 [P2] iter 31: split done, delta_size=625172
R4 [P2] iter 31: dedup done, delta_size=100503
R8 [P2] iter 31: split done, delta_size=653053
R7 [P2] iter 31: split done, delta_size=713324
R11 [P2] iter 31: split done, delta_size=689607
R14 [P2] iter 31: dedup done, delta_size=99008
R13 [P2] iter 31: subtract done, delta_size=29089
R0 [P2] iter 31: subtract done, delta_size=30627
R12 [P2] iter 31: split done, delta_size=740251
R9 [P2] iter 31: subtract done, delta_size=33870
R1 [P2] iter 31: dedup done, delta_size=118950
R6 [P2] iter 31: split done, delta_size=671721
R10 [P2] iter 31: dedup done, delta_size=85939
R3 [P2] iter 31: dedup done, delta_size=91169
R15 [P2] iter 31: subtract done, delta_size=34281
R2 [P2] iter 31: subtract done, delta_size=36519
R5 [P2] iter 31: dedup done, delta_size=102734
R1 [P2] iter 31: subtract done, delta_size=42247
R14 [P2] iter 31: subtract done, delta_size=34366
R4 [P2] iter 31: subtract done, delta_size=34584
R0 [P2] iter 31: merge done, full_size=53713194
R8 [P2] iter 31: dedup done, delta_size=100255
R3 [P2] iter 31: subtract done, delta_size=31958
R7 [P2] iter 31: dedup done, delta_size=118210
R10 [P2] iter 31: subtract done, delta_size=30420
R11 [P2] iter 31: dedup done, delta_size=114413
R2 [P2] iter 31: merge done, full_size=50922502
R13 [P2] iter 31: merge done, full_size=52476893
R12 [P2] iter 31: dedup done, delta_size=126484
R6 [P2] iter 31: dedup done, delta_size=106077
R9 [P2] iter 31: merge done, full_size=54369112
R5 [P2] iter 31: subtract done, delta_size=34988
R1 [P2] iter 31: merge done, full_size=54596583
R8 [P2] iter 31: subtract done, delta_size=34207
R15 [P2] iter 31: merge done, full_size=54482296
R14 [P2] iter 31: merge done, full_size=51885926
R4 [P2] iter 31: merge done, full_size=53772119
R7 [P2] iter 31: subtract done, delta_size=35083
R11 [P2] iter 31: subtract done, delta_size=39555
R3 [P2] iter 31: merge done, full_size=54149818
R12 [P2] iter 31: subtract done, delta_size=39365
R6 [P2] iter 31: subtract done, delta_size=32573
R10 [P2] iter 31: merge done, full_size=53354476
R5 [P2] iter 31: merge done, full_size=53723417
R8 [P2] iter 31: merge done, full_size=53625183
R12 [P2] iter 31: merge done, full_size=54349517
R7 [P2] iter 31: merge done, full_size=52843312
R11 [P2] iter 31: merge done, full_size=53761873
R12 [P2] iter 32 done: global_full_size=856719931
R6 [P2] iter 31: merge done, full_size=54693710
R8 [P2] iter 32 done: global_full_size=856719931
R0 [P2] iter 32 done: global_full_size=856719931
R13 [P2] iter 32 done: global_full_size=856719931
R4 [P2] iter 32 done: global_full_size=856719931
R9 [P2] iter 32 done: global_full_size=856719931
R1 [P2] iter 32 done: global_full_size=856719931
R1 [P2] iter 32: PRE-JOIN GPU mem: 84.2GB free / 85.1GB total | delta_size=42247 full_size=54596583
R14 [P2] iter 32 done: global_full_size=856719931
R5 [P2] iter 32 done: global_full_size=856719931
R10 [P2] iter 32 done: global_full_size=856719931
R2 [P2] iter 32 done: global_full_size=856719931
R2 [P2] iter 32: PRE-JOIN GPU mem: 84.2GB free / 85.1GB total | delta_size=36519 full_size=50922502
R15 [P2] iter 32 done: global_full_size=856719931
R6 [P2] iter 32 done: global_full_size=856719931
R11 [P2] iter 32 done: global_full_size=856719931
R3 [P2] iter 32 done: global_full_size=856719931
R3 [P2] iter 32: PRE-JOIN GPU mem: 84.2GB free / 85.1GB total | delta_size=31958 full_size=54149818
R12 [P2] iter 32: PRE-JOIN GPU mem: 84.2GB free / 85.1GB total | delta_size=39365 full_size=54349517
R7 [P2] iter 32 done: global_full_size=856719931
R8 [P2] iter 32: PRE-JOIN GPU mem: 84.2GB free / 85.1GB total | delta_size=34207 full_size=53625183
R0 [P2] iter 32: PRE-JOIN GPU mem: 84.2GB free / 85.1GB total | delta_size=30627 full_size=53713194
R13 [P2] iter 32: PRE-JOIN GPU mem: 84.2GB free / 85.1GB total | delta_size=29089 full_size=52476893
R5 [P2] iter 32: PRE-JOIN GPU mem: 84.2GB free / 85.1GB total | delta_size=34988 full_size=53723417
R9 [P2] iter 32: PRE-JOIN GPU mem: 84.2GB free / 85.1GB total | delta_size=33870 full_size=54369112
R14 [P2] iter 32: PRE-JOIN GPU mem: 84.2GB free / 85.1GB total | delta_size=34366 full_size=51885926
R4 [P2] iter 32: PRE-JOIN GPU mem: 84.2GB free / 85.1GB total | delta_size=34584 full_size=53772119
R10 [P2] iter 32: PRE-JOIN GPU mem: 84.2GB free / 85.1GB total | delta_size=30420 full_size=53354476
R15 [P2] iter 32: PRE-JOIN GPU mem: 84.2GB free / 85.1GB total | delta_size=34281 full_size=54482296
R6 [P2] iter 32: PRE-JOIN GPU mem: 84.2GB free / 85.1GB total | delta_size=32573 full_size=54693710
R11 [P2] iter 32: PRE-JOIN GPU mem: 84.2GB free / 85.1GB total | delta_size=39555 full_size=53761873
R7 [P2] iter 32: PRE-JOIN GPU mem: 84.2GB free / 85.1GB total | delta_size=35083 full_size=52843312
R0 [P2] iter 32: join done, raw=536691 result_size=376265
R14 [P2] iter 32: join done, raw=486600 result_size=366381
R8 [P2] iter 32: join done, raw=578763 result_size=394818
R13 [P2] iter 32: join done, raw=585275 result_size=368177
R1 [P2] iter 32: join done, raw=834430 result_size=457710
R3 [P2] iter 32: join done, raw=629614 result_size=383976
R4 [P2] iter 32: join done, raw=583538 result_size=405007
R7 [P2] iter 32: join done, raw=698452 result_size=414374
R15 [P2] iter 32: join done, raw=578025 result_size=411639
R6 [P2] iter 32: join done, raw=648142 result_size=390883
R5 [P2] iter 32: join done, raw=690821 result_size=458309
R2 [P2] iter 32: join done, raw=782495 result_size=455535
R9 [P2] iter 32: join done, raw=709498 result_size=425342
R11 [P2] iter 32: join done, raw=743912 result_size=410969
R10 [P2] iter 32: join done, raw=679070 result_size=400028
R12 [P2] iter 32: join done, raw=691557 result_size=412681
R15 [P2] iter 32: split done, delta_size=339057
R15 [P2] iter 32: dedup done, delta_size=58288
R0 [P2] iter 32: split done, delta_size=371106
R11 [P2] iter 32: split done, delta_size=448550
R5 [P2] iter 32: split done, delta_size=414446
R14 [P2] iter 32: split done, delta_size=393466
R6 [P2] iter 32: split done, delta_size=458188
R8 [P2] iter 32: split done, delta_size=418120
R0 [P2] iter 32: dedup done, delta_size=56243
R2 [P2] iter 32: split done, delta_size=445019
R4 [P2] iter 32: split done, delta_size=378761
R15 [P2] iter 32: subtract done, delta_size=20308
R3 [P2] iter 32: split done, delta_size=338252
R13 [P2] iter 32: split done, delta_size=391641
R9 [P2] iter 32: split done, delta_size=339365
R1 [P2] iter 32: split done, delta_size=497957
R7 [P2] iter 32: split done, delta_size=485115
R10 [P2] iter 32: split done, delta_size=329862
R12 [P2] iter 32: split done, delta_size=483189
R11 [P2] iter 32: dedup done, delta_size=73049
R0 [P2] iter 32: subtract done, delta_size=16426
R2 [P2] iter 32: dedup done, delta_size=71377
R14 [P2] iter 32: dedup done, delta_size=63347
R8 [P2] iter 32: dedup done, delta_size=64089
R5 [P2] iter 32: dedup done, delta_size=67505
R1 [P2] iter 32: dedup done, delta_size=79512
R3 [P2] iter 32: dedup done, delta_size=56760
R6 [P2] iter 32: dedup done, delta_size=71917
R4 [P2] iter 32: dedup done, delta_size=66542
R9 [P2] iter 32: dedup done, delta_size=59304
R10 [P2] iter 32: dedup done, delta_size=52738
R11 [P2] iter 32: subtract done, delta_size=23866
R7 [P2] iter 32: dedup done, delta_size=79548
R15 [P2] iter 32: merge done, full_size=54502604
R1 [P2] iter 32: subtract done, delta_size=25804
R13 [P2] iter 32: dedup done, delta_size=60220
R8 [P2] iter 32: subtract done, delta_size=19666
R12 [P2] iter 32: dedup done, delta_size=81654
R0 [P2] iter 32: merge done, full_size=53729620
R5 [P2] iter 32: subtract done, delta_size=20673
R14 [P2] iter 32: subtract done, delta_size=18500
R2 [P2] iter 32: subtract done, delta_size=21183
R6 [P2] iter 32: subtract done, delta_size=18755
R3 [P2] iter 32: subtract done, delta_size=18106
R9 [P2] iter 32: subtract done, delta_size=19178
R4 [P2] iter 32: subtract done, delta_size=19294
R7 [P2] iter 32: subtract done, delta_size=21058
R13 [P2] iter 32: subtract done, delta_size=16220
R10 [P2] iter 32: subtract done, delta_size=16751
R12 [P2] iter 32: subtract done, delta_size=20960
R11 [P2] iter 32: merge done, full_size=53785739
R1 [P2] iter 32: merge done, full_size=54622387
R14 [P2] iter 32: merge done, full_size=51904426
R5 [P2] iter 32: merge done, full_size=53744090
R8 [P2] iter 32: merge done, full_size=53644849
R2 [P2] iter 32: merge done, full_size=50943685
R13 [P2] iter 32: merge done, full_size=52493113
R4 [P2] iter 32: merge done, full_size=53791413
R3 [P2] iter 32: merge done, full_size=54167924
R9 [P2] iter 32: merge done, full_size=54388290
R6 [P2] iter 32: merge done, full_size=54712465
R12 [P2] iter 32: merge done, full_size=54370477
R10 [P2] iter 32: merge done, full_size=53371227
R12 [P2] iter 33 done: global_full_size=857036679
R7 [P2] iter 32: merge done, full_size=52864370
R7 [P2] iter 33 done: global_full_size=857036679
R8 [P2] iter 33 done: global_full_size=857036679
R13 [P2] iter 33 done: global_full_size=857036679
R4 [P2] iter 33 done: global_full_size=857036679
R14 [P2] iter 33 done: global_full_size=857036679
R5 [P2] iter 33 done: global_full_size=857036679
R9 [P2] iter 33 done: global_full_size=857036679
R0 [P2] iter 33 done: global_full_size=857036679
R15 [P2] iter 33 done: global_full_size=857036679
R6 [P2] iter 33 done: global_full_size=857036679
R10 [P2] iter 33 done: global_full_size=857036679
R1 [P2] iter 33 done: global_full_size=857036679
R12 [P2] iter 33: PRE-JOIN GPU mem: 84.2GB free / 85.1GB total | delta_size=20960 full_size=54370477
R4 [P2] iter 33: PRE-JOIN GPU mem: 84.2GB free / 85.1GB total | delta_size=19294 full_size=53791413
R11 [P2] iter 33 done: global_full_size=857036679
R2 [P2] iter 33 done: global_full_size=857036679
R13 [P2] iter 33: PRE-JOIN GPU mem: 84.2GB free / 85.1GB total | delta_size=16220 full_size=52493113
R5 [P2] iter 33: PRE-JOIN GPU mem: 84.2GB free / 85.1GB total | delta_size=20673 full_size=53744090
R8 [P2] iter 33: PRE-JOIN GPU mem: 84.2GB free / 85.1GB total | delta_size=19666 full_size=53644849
R3 [P2] iter 33 done: global_full_size=857036679
R3 [P2] iter 33: PRE-JOIN GPU mem: 84.2GB free / 85.1GB total | delta_size=18106 full_size=54167924
R14 [P2] iter 33: PRE-JOIN GPU mem: 84.2GB free / 85.1GB total | delta_size=18500 full_size=51904426
R6 [P2] iter 33: PRE-JOIN GPU mem: 84.2GB free / 85.1GB total | delta_size=18755 full_size=54712465
R9 [P2] iter 33: PRE-JOIN GPU mem: 84.2GB free / 85.1GB total | delta_size=19178 full_size=54388290
R0 [P2] iter 33: PRE-JOIN GPU mem: 84.2GB free / 85.1GB total | delta_size=16426 full_size=53729620
R15 [P2] iter 33: PRE-JOIN GPU mem: 84.2GB free / 85.1GB total | delta_size=20308 full_size=54502604
R7 [P2] iter 33: PRE-JOIN GPU mem: 84.2GB free / 85.1GB total | delta_size=21058 full_size=52864370
R1 [P2] iter 33: PRE-JOIN GPU mem: 84.2GB free / 85.1GB total | delta_size=25804 full_size=54622387
R10 [P2] iter 33: PRE-JOIN GPU mem: 84.2GB free / 85.1GB total | delta_size=16751 full_size=53371227
R2 [P2] iter 33: PRE-JOIN GPU mem: 84.2GB free / 85.1GB total | delta_size=21183 full_size=50943685
R11 [P2] iter 33: PRE-JOIN GPU mem: 84.2GB free / 85.1GB total | delta_size=23866 full_size=53785739
R0 [P2] iter 33: join done, raw=322598 result_size=234035
R1 [P2] iter 33: join done, raw=523760 result_size=282184
R6 [P2] iter 33: join done, raw=406342 result_size=237365
R7 [P2] iter 33: join done, raw=441757 result_size=267479
R3 [P2] iter 33: join done, raw=382149 result_size=236765
R8 [P2] iter 33: join done, raw=353792 result_size=244053
R10 [P2] iter 33: join done, raw=406129 result_size=251742
R14 [P2] iter 33: join done, raw=258516 result_size=211892
R13 [P2] iter 33: join done, raw=351006 result_size=216059
R12 [P2] iter 33: join done, raw=415958 result_size=249600
R4 [P2] iter 33: join done, raw=339636 result_size=243230
R9 [P2] iter 33: join done, raw=425674 result_size=259348
R2 [P2] iter 33: join done, raw=489351 result_size=282483
R5 [P2] iter 33: join done, raw=426674 result_size=280197
R15 [P2] iter 33: join done, raw=368974 result_size=263171
R11 [P2] iter 33: join done, raw=470175 result_size=252363
R5 [P2] iter 33: split done, delta_size=249849
R6 [P2] iter 33: split done, delta_size=292672
R9 [P2] iter 33: split done, delta_size=205365
R14 [P2] iter 33: split done, delta_size=232697
R8 [P2] iter 33: split done, delta_size=255966
R12 [P2] iter 33: split done, delta_size=288981
R10 [P2] iter 33: split done, delta_size=198474
R2 [P2] iter 33: split done, delta_size=276956
R5 [P2] iter 33: dedup done, delta_size=40433
R14 [P2] iter 33: dedup done, delta_size=37156
R13 [P2] iter 33: split done, delta_size=244781
R9 [P2] iter 33: dedup done, delta_size=36258
R4 [P2] iter 33: split done, delta_size=223131
R15 [P2] iter 33: split done, delta_size=205877
R3 [P2] iter 33: split done, delta_size=211517
R0 [P2] iter 33: split done, delta_size=216562
R11 [P2] iter 33: split done, delta_size=279904
R8 [P2] iter 33: dedup done, delta_size=39047
R6 [P2] iter 33: dedup done, delta_size=44293
R10 [P2] iter 33: dedup done, delta_size=31367
R1 [P2] iter 33: split done, delta_size=323762
R2 [P2] iter 33: dedup done, delta_size=44581
R14 [P2] iter 33: subtract done, delta_size=10137
R12 [P2] iter 33: dedup done, delta_size=49740
R4 [P2] iter 33: dedup done, delta_size=40520
R9 [P2] iter 33: subtract done, delta_size=11983
R5 [P2] iter 33: subtract done, delta_size=11770
R3 [P2] iter 33: dedup done, delta_size=34723
R13 [P2] iter 33: dedup done, delta_size=37810
R15 [P2] iter 33: dedup done, delta_size=34907
R7 [P2] iter 33: split done, delta_size=305472
R11 [P2] iter 33: dedup done, delta_size=45013
R0 [P2] iter 33: dedup done, delta_size=32783
R10 [P2] iter 33: subtract done, delta_size=9637
R8 [P2] iter 33: subtract done, delta_size=11306
R6 [P2] iter 33: subtract done, delta_size=10324
R1 [P2] iter 33: dedup done, delta_size=51635
R4 [P2] iter 33: subtract done, delta_size=10399
R2 [P2] iter 33: subtract done, delta_size=12306
R3 [P2] iter 33: subtract done, delta_size=10435
R15 [P2] iter 33: subtract done, delta_size=12239
R0 [P2] iter 33: subtract done, delta_size=8948
R9 [P2] iter 33: merge done, full_size=54400273
R14 [P2] iter 33: merge done, full_size=51914563
R5 [P2] iter 33: merge done, full_size=53755860
R1 [P2] iter 33: subtract done, delta_size=15525
R11 [P2] iter 33: subtract done, delta_size=13624
R12 [P2] iter 33: subtract done, delta_size=10859
R13 [P2] iter 33: subtract done, delta_size=8903
R7 [P2] iter 33: dedup done, delta_size=49916
R10 [P2] iter 33: merge done, full_size=53380864
R4 [P2] iter 33: merge done, full_size=53801812
R3 [P2] iter 33: merge done, full_size=54178359
R8 [P2] iter 33: merge done, full_size=53656155
R6 [P2] iter 33: merge done, full_size=54722789
R15 [P2] iter 33: merge done, full_size=54514843
R0 [P2] iter 33: merge done, full_size=53738568
R13 [P2] iter 33: merge done, full_size=52502016
R7 [P2] iter 33: subtract done, delta_size=11182
R1 [P2] iter 33: merge done, full_size=54637912
R12 [P2] iter 33: merge done, full_size=54381336
R2 [P2] iter 33: merge done, full_size=50955991
R11 [P2] iter 33: merge done, full_size=53799363
R7 [P2] iter 33: merge done, full_size=52875552
R12 [P2] iter 34 done: global_full_size=857216256
R4 [P2] iter 34 done: global_full_size=857216256
R8 [P2] iter 34 done: global_full_size=857216256
R13 [P2] iter 34 done: global_full_size=857216256
R5 [P2] iter 34 done: global_full_size=857216256
R9 [P2] iter 34 done: global_full_size=857216256
R0 [P2] iter 34 done: global_full_size=857216256
R14 [P2] iter 34 done: global_full_size=857216256
R6 [P2] iter 34 done: global_full_size=857216256
R10 [P2] iter 34 done: global_full_size=857216256
R1 [P2] iter 34 done: global_full_size=857216256
R1 [P2] iter 34: PRE-JOIN GPU mem: 84.2GB free / 85.1GB total | delta_size=15525 full_size=54637912
R15 [P2] iter 34 done: global_full_size=857216256
R7 [P2] iter 34 done: global_full_size=857216256
R11 [P2] iter 34 done: global_full_size=857216256
R2 [P2] iter 34 done: global_full_size=857216256
R2 [P2] iter 34: PRE-JOIN GPU mem: 84.2GB free / 85.1GB total | delta_size=12306 full_size=50955991
R12 [P2] iter 34: PRE-JOIN GPU mem: 84.2GB free / 85.1GB total | delta_size=10859 full_size=54381336
R4 [P2] iter 34: PRE-JOIN GPU mem: 84.2GB free / 85.1GB total | delta_size=10399 full_size=53801812
R8 [P2] iter 34: PRE-JOIN GPU mem: 84.2GB free / 85.1GB total | delta_size=11306 full_size=53656155
R3 [P2] iter 34 done: global_full_size=857216256
R3 [P2] iter 34: PRE-JOIN GPU mem: 84.2GB free / 85.1GB total | delta_size=10435 full_size=54178359
R14 [P2] iter 34: PRE-JOIN GPU mem: 84.2GB free / 85.1GB total | delta_size=10137 full_size=51914563
R5 [P2] iter 34: PRE-JOIN GPU mem: 84.2GB free / 85.1GB total | delta_size=11770 full_size=53755860
R9 [P2] iter 34: PRE-JOIN GPU mem: 84.2GB free / 85.1GB total | delta_size=11983 full_size=54400273
R0 [P2] iter 34: PRE-JOIN GPU mem: 84.2GB free / 85.1GB total | delta_size=8948 full_size=53738568
R13 [P2] iter 34: PRE-JOIN GPU mem: 84.2GB free / 85.1GB total | delta_size=8903 full_size=52502016
R7 [P2] iter 34: PRE-JOIN GPU mem: 84.2GB free / 85.1GB total | delta_size=11182 full_size=52875552
R10 [P2] iter 34: PRE-JOIN GPU mem: 84.2GB free / 85.1GB total | delta_size=9637 full_size=53380864
R15 [P2] iter 34: PRE-JOIN GPU mem: 84.2GB free / 85.1GB total | delta_size=12239 full_size=54514843
R6 [P2] iter 34: PRE-JOIN GPU mem: 84.2GB free / 85.1GB total | delta_size=10324 full_size=54722789
R11 [P2] iter 34: PRE-JOIN GPU mem: 84.2GB free / 85.1GB total | delta_size=13624 full_size=53799363
R14 [P2] iter 34: join done, raw=145538 result_size=123499
R13 [P2] iter 34: join done, raw=215691 result_size=130483
R3 [P2] iter 34: join done, raw=240295 result_size=144235
R1 [P2] iter 34: join done, raw=328805 result_size=168633
R0 [P2] iter 34: join done, raw=207191 result_size=150223
R4 [P2] iter 34: join done, raw=218560 result_size=152405
R8 [P2] iter 34: join done, raw=232323 result_size=155294
R9 [P2] iter 34: join done, raw=283828 result_size=162762
R10 [P2] iter 34: join done, raw=279417 result_size=167077
R15 [P2] iter 34: join done, raw=238151 result_size=165523
R12 [P2] iter 34: join done, raw=250529 result_size=147841
R6 [P2] iter 34: join done, raw=261787 result_size=146669
R7 [P2] iter 34: join done, raw=253535 result_size=155225
R2 [P2] iter 34: join done, raw=294738 result_size=169128
R5 [P2] iter 34: join done, raw=275250 result_size=172553
R11 [P2] iter 34: join done, raw=279445 result_size=149178
R8 [P2] iter 34: split done, delta_size=155793
R14 [P2] iter 34: split done, delta_size=145502
R12 [P2] iter 34: split done, delta_size=169721
R10 [P2] iter 34: split done, delta_size=115725
R2 [P2] iter 34: split done, delta_size=158104
R8 [P2] iter 34: dedup done, delta_size=23346
R7 [P2] iter 34: split done, delta_size=194194
R10 [P2] iter 34: dedup done, delta_size=17220
R14 [P2] iter 34: dedup done, delta_size=21691
R4 [P2] iter 34: split done, delta_size=142507
R3 [P2] iter 34: split done, delta_size=127531
R13 [P2] iter 34: split done, delta_size=145994
R11 [P2] iter 34: split done, delta_size=174110
R15 [P2] iter 34: split done, delta_size=124165
R0 [P2] iter 34: split done, delta_size=131222
R3 [P2] iter 34: dedup done, delta_size=20024
R12 [P2] iter 34: dedup done, delta_size=29126
R9 [P2] iter 34: split done, delta_size=121679
R5 [P2] iter 34: split done, delta_size=154899
R2 [P2] iter 34: dedup done, delta_size=24631
R6 [P2] iter 34: split done, delta_size=189420
R15 [P2] iter 34: dedup done, delta_size=20858
R1 [P2] iter 34: split done, delta_size=210162
R8 [P2] iter 34: subtract done, delta_size=5718
R11 [P2] iter 34: dedup done, delta_size=25827
R9 [P2] iter 34: dedup done, delta_size=20840
R10 [P2] iter 34: subtract done, delta_size=4324
R13 [P2] iter 34: dedup done, delta_size=21795
R14 [P2] iter 34: subtract done, delta_size=4710
R7 [P2] iter 34: dedup done, delta_size=29994
R4 [P2] iter 34: dedup done, delta_size=24598
R0 [P2] iter 34: dedup done, delta_size=18839
R3 [P2] iter 34: subtract done, delta_size=4580
R12 [P2] iter 34: subtract done, delta_size=5232
R1 [P2] iter 34: dedup done, delta_size=31950
R2 [P2] iter 34: subtract done, delta_size=5226
R5 [P2] iter 34: dedup done, delta_size=23539
R15 [P2] iter 34: subtract done, delta_size=6624
R6 [P2] iter 34: dedup done, delta_size=27147
R11 [P2] iter 34: subtract done, delta_size=6512
R13 [P2] iter 34: subtract done, delta_size=3856
R9 [P2] iter 34: subtract done, delta_size=5426
R7 [P2] iter 34: subtract done, delta_size=5358
R4 [P2] iter 34: subtract done, delta_size=4711
R0 [P2] iter 34: subtract done, delta_size=4480
R1 [P2] iter 34: subtract done, delta_size=8332
R14 [P2] iter 34: merge done, full_size=51919273
R5 [P2] iter 34: subtract done, delta_size=5962
R8 [P2] iter 34: merge done, full_size=53661873
R6 [P2] iter 34: subtract done, delta_size=5573
R12 [P2] iter 34: merge done, full_size=54386568
R10 [P2] iter 34: merge done, full_size=53385188
R3 [P2] iter 34: merge done, full_size=54182939
R15 [P2] iter 34: merge done, full_size=54521467
R7 [P2] iter 34: merge done, full_size=52880910
R2 [P2] iter 34: merge done, full_size=50961217
R11 [P2] iter 34: merge done, full_size=53805875
R13 [P2] iter 34: merge done, full_size=52505872
R9 [P2] iter 34: merge done, full_size=54405699
R4 [P2] iter 34: merge done, full_size=53806523
R0 [P2] iter 34: merge done, full_size=53743048
R5 [P2] iter 34: merge done, full_size=53761822
R1 [P2] iter 34: merge done, full_size=54646244
R6 [P2] iter 34: merge done, full_size=54728362
R12 [P2] iter 35 done: global_full_size=857302880
R4 [P2] iter 35 done: global_full_size=857302880
R8 [P2] iter 35 done: global_full_size=857302880
R13 [P2] iter 35 done: global_full_size=857302880
R5 [P2] iter 35 done: global_full_size=857302880
R9 [P2] iter 35 done: global_full_size=857302880
R14 [P2] iter 35 done: global_full_size=857302880
R6 [P2] iter 35 done: global_full_size=857302880
R10 [P2] iter 35 done: global_full_size=857302880
R0 [P2] iter 35 done: global_full_size=857302880
R15 [P2] iter 35 done: global_full_size=857302880
R7 [P2] iter 35 done: global_full_size=857302880
R11 [P2] iter 35 done: global_full_size=857302880
R1 [P2] iter 35 done: global_full_size=857302880
R12 [P2] iter 35: PRE-JOIN GPU mem: 84.2GB free / 85.1GB total | delta_size=5232 full_size=54386568
R4 [P2] iter 35: PRE-JOIN GPU mem: 84.2GB free / 85.1GB total | delta_size=4711 full_size=53806523
R8 [P2] iter 35: PRE-JOIN GPU mem: 84.2GB free / 85.1GB total | delta_size=5718 full_size=53661873
R2 [P2] iter 35 done: global_full_size=857302880
R13 [P2] iter 35: PRE-JOIN GPU mem: 84.2GB free / 85.1GB total | delta_size=3856 full_size=52505872
R5 [P2] iter 35: PRE-JOIN GPU mem: 84.2GB free / 85.1GB total | delta_size=5962 full_size=53761822
R9 [P2] iter 35: PRE-JOIN GPU mem: 84.2GB free / 85.1GB total | delta_size=5426 full_size=54405699
R3 [P2] iter 35 done: global_full_size=857302880
R14 [P2] iter 35: PRE-JOIN GPU mem: 84.2GB free / 85.1GB total | delta_size=4710 full_size=51919273
R6 [P2] iter 35: PRE-JOIN GPU mem: 84.2GB free / 85.1GB total | delta_size=5573 full_size=54728362
R10 [P2] iter 35: PRE-JOIN GPU mem: 84.2GB free / 85.1GB total | delta_size=4324 full_size=53385188
R0 [P2] iter 35: PRE-JOIN GPU mem: 84.2GB free / 85.1GB total | delta_size=4480 full_size=53743048
R15 [P2] iter 35: PRE-JOIN GPU mem: 84.2GB free / 85.1GB total | delta_size=6624 full_size=54521467
R7 [P2] iter 35: PRE-JOIN GPU mem: 84.2GB free / 85.1GB total | delta_size=5358 full_size=52880910
R11 [P2] iter 35: PRE-JOIN GPU mem: 84.2GB free / 85.1GB total | delta_size=6512 full_size=53805875
R1 [P2] iter 35: PRE-JOIN GPU mem: 84.2GB free / 85.1GB total | delta_size=8332 full_size=54646244
R2 [P2] iter 35: PRE-JOIN GPU mem: 84.2GB free / 85.1GB total | delta_size=5226 full_size=50961217
R3 [P2] iter 35: PRE-JOIN GPU mem: 84.2GB free / 85.1GB total | delta_size=4580 full_size=54182939
R0 [P2] iter 35: join done, raw=84707 result_size=68263
R8 [P2] iter 35: join done, raw=103365 result_size=67619
R6 [P2] iter 35: join done, raw=125231 result_size=71817
R7 [P2] iter 35: join done, raw=87179 result_size=57566
R5 [P2] iter 35: join done, raw=126535 result_size=73082
R12 [P2] iter 35: join done, raw=105829 result_size=61349
R2 [P2] iter 35: join done, raw=103547 result_size=60960
R14 [P2] iter 35: join done, raw=60977 result_size=52786
R10 [P2] iter 35: join done, raw=104710 result_size=67157
R4 [P2] iter 35: join done, raw=93139 result_size=64310
R9 [P2] iter 35: join done, raw=120658 result_size=71136
R13 [P2] iter 35: join done, raw=83991 result_size=51207
R15 [P2] iter 35: join done, raw=120996 result_size=75661
R3 [P2] iter 35: join done, raw=84772 result_size=53749
R11 [P2] iter 35: join done, raw=132634 result_size=68358
R1 [P2] iter 35: join done, raw=167530 result_size=79922
R5 [P2] iter 35: split done, delta_size=59675
R0 [P2] iter 35: split done, delta_size=62452
R6 [P2] iter 35: split done, delta_size=93402
R5 [P2] iter 35: dedup done, delta_size=9591
R9 [P2] iter 35: split done, delta_size=51115
R0 [P2] iter 35: dedup done, delta_size=8657
R8 [P2] iter 35: split done, delta_size=70481
R1 [P2] iter 35: split done, delta_size=91912
R14 [P2] iter 35: split done, delta_size=59938
R9 [P2] iter 35: dedup done, delta_size=9024
R6 [P2] iter 35: dedup done, delta_size=12871
R14 [P2] iter 35: dedup done, delta_size=9164
R8 [P2] iter 35: dedup done, delta_size=10757
R12 [P2] iter 35: split done, delta_size=73770
R10 [P2] iter 35: split done, delta_size=46323
R1 [P2] iter 35: dedup done, delta_size=15392
R2 [P2] iter 35: split done, delta_size=50562
R12 [P2] iter 35: dedup done, delta_size=13462
R10 [P2] iter 35: dedup done, delta_size=7064
R2 [P2] iter 35: dedup done, delta_size=8734
R7 [P2] iter 35: split done, delta_size=88092
R13 [P2] iter 35: split done, delta_size=64410
R4 [P2] iter 35: split done, delta_size=62614
R5 [P2] iter 35: subtract done, delta_size=1243
R3 [P2] iter 35: split done, delta_size=55366
R0 [P2] iter 35: subtract done, delta_size=1295
R15 [P2] iter 35: split done, delta_size=51165
R11 [P2] iter 35: split done, delta_size=63665
R7 [P2] iter 35: dedup done, delta_size=14620
R4 [P2] iter 35: dedup done, delta_size=11887
R13 [P2] iter 35: dedup done, delta_size=9628
R9 [P2] iter 35: subtract done, delta_size=1660
R3 [P2] iter 35: dedup done, delta_size=9063
R15 [P2] iter 35: dedup done, delta_size=8634
R14 [P2] iter 35: subtract done, delta_size=843
R6 [P2] iter 35: subtract done, delta_size=1200
R8 [P2] iter 35: subtract done, delta_size=1543
R1 [P2] iter 35: subtract done, delta_size=2597
R11 [P2] iter 35: dedup done, delta_size=10772
R12 [P2] iter 35: subtract done, delta_size=1465
R10 [P2] iter 35: subtract done, delta_size=1067
R2 [P2] iter 35: subtract done, delta_size=762
R7 [P2] iter 35: subtract done, delta_size=804
R4 [P2] iter 35: subtract done, delta_size=1131
R13 [P2] iter 35: subtract done, delta_size=1028
R3 [P2] iter 35: subtract done, delta_size=1163
R15 [P2] iter 35: subtract done, delta_size=1772
R11 [P2] iter 35: subtract done, delta_size=1381
R9 [P2] iter 35: merge done, full_size=54407359
R0 [P2] iter 35: merge done, full_size=53744343
R5 [P2] iter 35: merge done, full_size=53763065
R14 [P2] iter 35: merge done, full_size=51920116
R1 [P2] iter 35: merge done, full_size=54648841
R6 [P2] iter 35: merge done, full_size=54729562
R12 [P2] iter 35: merge done, full_size=54388033
R8 [P2] iter 35: merge done, full_size=53663416
R2 [P2] iter 35: merge done, full_size=50961979
R13 [P2] iter 35: merge done, full_size=52506900
R7 [P2] iter 35: merge done, full_size=52881714
R10 [P2] iter 35: merge done, full_size=53386255
R3 [P2] iter 35: merge done, full_size=54184102
R15 [P2] iter 35: merge done, full_size=54523239
R4 [P2] iter 35: merge done, full_size=53807654
R12 [P2] iter 36 done: global_full_size=857323834
R4 [P2] iter 36 done: global_full_size=857323834
R11 [P2] iter 35: merge done, full_size=53807256
R13 [P2] iter 36 done: global_full_size=857323834
R5 [P2] iter 36 done: global_full_size=857323834
R14 [P2] iter 36 done: global_full_size=857323834
R6 [P2] iter 36 done: global_full_size=857323834
R8 [P2] iter 36 done: global_full_size=857323834
R0 [P2] iter 36 done: global_full_size=857323834
R15 [P2] iter 36 done: global_full_size=857323834
R7 [P2] iter 36 done: global_full_size=857323834
R9 [P2] iter 36 done: global_full_size=857323834
R1 [P2] iter 36 done: global_full_size=857323834
R12 [P2] iter 36: PRE-JOIN GPU mem: 84.2GB free / 85.1GB total | delta_size=1465 full_size=54388033
R4 [P2] iter 36: PRE-JOIN GPU mem: 84.2GB free / 85.1GB total | delta_size=1131 full_size=53807654
R10 [P2] iter 36 done: global_full_size=857323834
R2 [P2] iter 36 done: global_full_size=857323834
R2 [P2] iter 36: PRE-JOIN GPU mem: 84.2GB free / 85.1GB total | delta_size=762 full_size=50961979
R13 [P2] iter 36: PRE-JOIN GPU mem: 84.2GB free / 85.1GB total | delta_size=1028 full_size=52506900
R5 [P2] iter 36: PRE-JOIN GPU mem: 84.2GB free / 85.1GB total | delta_size=1243 full_size=53763065
R11 [P2] iter 36 done: global_full_size=857323834
R3 [P2] iter 36 done: global_full_size=857323834
R3 [P2] iter 36: PRE-JOIN GPU mem: 84.2GB free / 85.1GB total | delta_size=1163 full_size=54184102
R14 [P2] iter 36: PRE-JOIN GPU mem: 84.2GB free / 85.1GB total | delta_size=843 full_size=51920116
R6 [P2] iter 36: PRE-JOIN GPU mem: 84.2GB free / 85.1GB total | delta_size=1200 full_size=54729562
R11 [P2] iter 36: PRE-JOIN GPU mem: 84.2GB free / 85.1GB total | delta_size=1381 full_size=53807256
R0 [P2] iter 36: PRE-JOIN GPU mem: 84.2GB free / 85.1GB total | delta_size=1295 full_size=53744343
R15 [P2] iter 36: PRE-JOIN GPU mem: 84.2GB free / 85.1GB total | delta_size=1772 full_size=54523239
R7 [P2] iter 36: PRE-JOIN GPU mem: 84.2GB free / 85.1GB total | delta_size=804 full_size=52881714
R8 [P2] iter 36: PRE-JOIN GPU mem: 84.2GB free / 85.1GB total | delta_size=1543 full_size=53663416
R1 [P2] iter 36: PRE-JOIN GPU mem: 84.2GB free / 85.1GB total | delta_size=2597 full_size=54648841
R9 [P2] iter 36: PRE-JOIN GPU mem: 84.2GB free / 85.1GB total | delta_size=1660 full_size=54407359
R10 [P2] iter 36: PRE-JOIN GPU mem: 84.2GB free / 85.1GB total | delta_size=1067 full_size=53386255
R6 [P2] iter 36: join done, raw=22258 result_size=15775
R7 [P2] iter 36: join done, raw=10027 result_size=8382
R12 [P2] iter 36: join done, raw=24107 result_size=15169
R8 [P2] iter 36: join done, raw=24642 result_size=18032
R15 [P2] iter 36: join done, raw=33664 result_size=22463
R10 [P2] iter 36: join done, raw=22418 result_size=18499
R14 [P2] iter 36: join done, raw=15282 result_size=14346
R11 [P2] iter 36: join done, raw=32215 result_size=17950
R0 [P2] iter 36: join done, raw=22344 result_size=19144
R5 [P2] iter 36: join done, raw=26577 result_size=18667
R2 [P2] iter 36: join done, raw=12967 result_size=9765
R13 [P2] iter 36: join done, raw=22884 result_size=16657
R4 [P2] iter 36: join done, raw=21352 result_size=16912
R1 [P2] iter 36: join done, raw=56058 result_size=25524
R9 [P2] iter 36: join done, raw=33660 result_size=21819
R3 [P2] iter 36: join done, raw=16586 result_size=12561
R5 [P2] iter 36: split done, delta_size=14268
R0 [P2] iter 36: split done, delta_size=18862
R5 [P2] iter 36: dedup done, delta_size=3217
R6 [P2] iter 36: split done, delta_size=26496
R9 [P2] iter 36: split done, delta_size=13437
R8 [P2] iter 36: split done, delta_size=16087
R14 [P2] iter 36: split done, delta_size=17533
R6 [P2] iter 36: dedup done, delta_size=4572
R9 [P2] iter 36: dedup done, delta_size=2453
R1 [P2] iter 36: split done, delta_size=22212
R0 [P2] iter 36: dedup done, delta_size=2658
R8 [P2] iter 36: dedup done, delta_size=3024
R14 [P2] iter 36: dedup done, delta_size=3249
R12 [P2] iter 36: split done, delta_size=21924
R10 [P2] iter 36: split done, delta_size=10681
R1 [P2] iter 36: dedup done, delta_size=4819
R2 [P2] iter 36: split done, delta_size=8616
R12 [P2] iter 36: dedup done, delta_size=4358
R10 [P2] iter 36: dedup done, delta_size=2007
R2 [P2] iter 36: dedup done, delta_size=1660
R5 [P2] iter 36: subtract done, delta_size=52
R13 [P2] iter 36: split done, delta_size=15949
R7 [P2] iter 36: split done, delta_size=26782
R4 [P2] iter 36: split done, delta_size=22740
R3 [P2] iter 36: split done, delta_size=16264
R15 [P2] iter 36: split done, delta_size=9449
R7 [P2] iter 36: dedup done, delta_size=5111
R6 [P2] iter 36: subtract done, delta_size=48
R9 [P2] iter 36: subtract done, delta_size=249
R3 [P2] iter 36: dedup done, delta_size=2881
R13 [P2] iter 36: dedup done, delta_size=2626
R4 [P2] iter 36: dedup done, delta_size=4755
R11 [P2] iter 36: split done, delta_size=10365
R0 [P2] iter 36: subtract done, delta_size=98
R15 [P2] iter 36: dedup done, delta_size=2452
R8 [P2] iter 36: subtract done, delta_size=106
R14 [P2] iter 36: subtract done, delta_size=53
R11 [P2] iter 36: dedup done, delta_size=2596
R1 [P2] iter 36: subtract done, delta_size=238
R10 [P2] iter 36: subtract done, delta_size=68
R12 [P2] iter 36: subtract done, delta_size=86
R2 [P2] iter 36: subtract done, delta_size=5
R7 [P2] iter 36: subtract done, delta_size=12
R13 [P2] iter 36: subtract done, delta_size=78
R4 [P2] iter 36: subtract done, delta_size=86
R3 [P2] iter 36: subtract done, delta_size=71
R15 [P2] iter 36: subtract done, delta_size=189
R11 [P2] iter 36: subtract done, delta_size=88
R5 [P2] iter 36: merge done, full_size=53763117
R0 [P2] iter 36: merge done, full_size=53744441
R14 [P2] iter 36: merge done, full_size=51920169
R9 [P2] iter 36: merge done, full_size=54407608
R6 [P2] iter 36: merge done, full_size=54729610
R1 [P2] iter 36: merge done, full_size=54649079
R8 [P2] iter 36: merge done, full_size=53663522
R12 [P2] iter 36: merge done, full_size=54388119
R2 [P2] iter 36: merge done, full_size=50961984
R13 [P2] iter 36: merge done, full_size=52506978
R10 [P2] iter 36: merge done, full_size=53386323
R7 [P2] iter 36: merge done, full_size=52881726
R3 [P2] iter 36: merge done, full_size=54184173
R15 [P2] iter 36: merge done, full_size=54523428
R11 [P2] iter 36: merge done, full_size=53807344
R12 [P2] iter 37 done: global_full_size=857325361
R4 [P2] iter 36: merge done, full_size=53807740
R8 [P2] iter 37 done: global_full_size=857325361
R0 [P2] iter 37 done: global_full_size=857325361
R13 [P2] iter 37 done: global_full_size=857325361
R4 [P2] iter 37 done: global_full_size=857325361
R9 [P2] iter 37 done: global_full_size=857325361
R1 [P2] iter 37 done: global_full_size=857325361
R14 [P2] iter 37 done: global_full_size=857325361
R5 [P2] iter 37 done: global_full_size=857325361
R10 [P2] iter 37 done: global_full_size=857325361
R2 [P2] iter 37 done: global_full_size=857325361
R15 [P2] iter 37 done: global_full_size=857325361
R6 [P2] iter 37 done: global_full_size=857325361
R11 [P2] iter 37 done: global_full_size=857325361
R3 [P2] iter 37 done: global_full_size=857325361
R12 [P2] iter 37: PRE-JOIN GPU mem: 84.2GB free / 85.1GB total | delta_size=86 full_size=54388119
R7 [P2] iter 37 done: global_full_size=857325361
R8 [P2] iter 37: PRE-JOIN GPU mem: 84.2GB free / 85.1GB total | delta_size=106 full_size=53663522
R0 [P2] iter 37: PRE-JOIN GPU mem: 84.2GB free / 85.1GB total | delta_size=98 full_size=53744441
R13 [P2] iter 37: PRE-JOIN GPU mem: 84.2GB free / 85.1GB total | delta_size=78 full_size=52506978
R4 [P2] iter 37: PRE-JOIN GPU mem: 84.2GB free / 85.1GB total | delta_size=86 full_size=53807740
R9 [P2] iter 37: PRE-JOIN GPU mem: 84.2GB free / 85.1GB total | delta_size=249 full_size=54407608
R1 [P2] iter 37: PRE-JOIN GPU mem: 84.2GB free / 85.1GB total | delta_size=238 full_size=54649079
R14 [P2] iter 37: PRE-JOIN GPU mem: 84.2GB free / 85.1GB total | delta_size=53 full_size=51920169
R5 [P2] iter 37: PRE-JOIN GPU mem: 84.2GB free / 85.1GB total | delta_size=52 full_size=53763117
R10 [P2] iter 37: PRE-JOIN GPU mem: 84.2GB free / 85.1GB total | delta_size=68 full_size=53386323
R2 [P2] iter 37: PRE-JOIN GPU mem: 84.2GB free / 85.1GB total | delta_size=5 full_size=50961984
R15 [P2] iter 37: PRE-JOIN GPU mem: 84.2GB free / 85.1GB total | delta_size=189 full_size=54523428
R6 [P2] iter 37: PRE-JOIN GPU mem: 84.2GB free / 85.1GB total | delta_size=48 full_size=54729610
R11 [P2] iter 37: PRE-JOIN GPU mem: 84.2GB free / 85.1GB total | delta_size=88 full_size=53807344
R3 [P2] iter 37: PRE-JOIN GPU mem: 84.2GB free / 85.1GB total | delta_size=71 full_size=54184173
R12 [P2] iter 37: join done, raw=1477 result_size=1176
R7 [P2] iter 37: PRE-JOIN GPU mem: 84.2GB free / 85.1GB total | delta_size=12 full_size=52881726
R10 [P2] iter 37: join done, raw=2018 result_size=2018
R2 [P2] iter 37: join done, raw=100 result_size=100
R14 [P2] iter 37: join done, raw=1444 result_size=1444
R5 [P2] iter 37: join done, raw=1432 result_size=1252
R11 [P2] iter 37: join done, raw=2712 result_size=1572
R3 [P2] iter 37: join done, raw=1290 result_size=1146
R13 [P2] iter 37: join done, raw=2010 result_size=1755
R6 [P2] iter 37: join done, raw=791 result_size=761
R8 [P2] iter 37: join done, raw=2032 result_size=1652
R0 [P2] iter 37: join done, raw=1906 result_size=1840
R15 [P2] iter 37: join done, raw=3701 result_size=3459
R4 [P2] iter 37: join done, raw=1749 result_size=1437
R9 [P2] iter 37: join done, raw=5388 result_size=3526
R1 [P2] iter 37: join done, raw=5746 result_size=3198
R7 [P2] iter 37: join done, raw=124 result_size=124
R13 [P2] iter 37: split done, delta_size=1281
R4 [P2] iter 37: split done, delta_size=2843
R8 [P2] iter 37: split done, delta_size=1051
R14 [P2] iter 37: split done, delta_size=1997
R6 [P2] iter 37: split done, delta_size=2591
R11 [P2] iter 37: split done, delta_size=731
R15 [P2] iter 37: split done, delta_size=626
R7 [P2] iter 37: split done, delta_size=3126
R9 [P2] iter 37: split done, delta_size=1048
R0 [P2] iter 37: split done, delta_size=1930
R12 [P2] iter 37: split done, delta_size=2205
R5 [P2] iter 37: split done, delta_size=1437
R10 [P2] iter 37: split done, delta_size=884
R1 [P2] iter 37: split done, delta_size=2080
R15 [P2] iter 37: dedup done, delta_size=295
R4 [P2] iter 37: dedup done, delta_size=899
R8 [P2] iter 37: dedup done, delta_size=336
R2 [P2] iter 37: split done, delta_size=806
R13 [P2] iter 37: dedup done, delta_size=315
R6 [P2] iter 37: dedup done, delta_size=644
R11 [P2] iter 37: dedup done, delta_size=274
R3 [P2] iter 37: split done, delta_size=1824
R14 [P2] iter 37: dedup done, delta_size=527
R7 [P2] iter 37: dedup done, delta_size=1005
R9 [P2] iter 37: dedup done, delta_size=255
R2 [P2] iter 37: dedup done, delta_size=202
R12 [P2] iter 37: dedup done, delta_size=682
R5 [P2] iter 37: dedup done, delta_size=508
R10 [P2] iter 37: dedup done, delta_size=261
R0 [P2] iter 37: dedup done, delta_size=400
R1 [P2] iter 37: dedup done, delta_size=730
R3 [P2] iter 37: dedup done, delta_size=474
R13 [P2] iter 37: subtract done, delta_size=0
R14 [P2] iter 37: subtract done, delta_size=0
R7 [P2] iter 37: subtract done, delta_size=0
R8 [P2] iter 37: subtract done, delta_size=0
R15 [P2] iter 37: subtract done, delta_size=0
R4 [P2] iter 37: subtract done, delta_size=0
R11 [P2] iter 37: subtract done, delta_size=0
R0 [P2] iter 37: subtract done, delta_size=0
R12 [P2] iter 37: subtract done, delta_size=0
R5 [P2] iter 37: subtract done, delta_size=0
R9 [P2] iter 37: subtract done, delta_size=0
R1 [P2] iter 37: subtract done, delta_size=0
R6 [P2] iter 37: subtract done, delta_size=0
R10 [P2] iter 37: subtract done, delta_size=0
R3 [P2] iter 37: subtract done, delta_size=0
R2 [P2] iter 37: subtract done, delta_size=0
R12 [P2] iter 38 done: global_full_size=857325361
R4 [P2] iter 38 done: global_full_size=857325361
R8 [P2] iter 38 done: global_full_size=857325361
R0 [P2] iter 38 done: global_full_size=857325361
R5 [P2] iter 38 done: global_full_size=857325361
R9 [P2] iter 38 done: global_full_size=857325361
R1 [P2] iter 38 done: global_full_size=857325361
R13 [P2] iter 38 done: global_full_size=857325361
R6 [P2] iter 38 done: global_full_size=857325361
R10 [P2] iter 38 done: global_full_size=857325361
R2 [P2] iter 38 done: global_full_size=857325361
R14 [P2] iter 38 done: global_full_size=857325361
R7 [P2] iter 38 done: global_full_size=857325361
R11 [P2] iter 38 done: global_full_size=857325361
R3 [P2] iter 38 done: global_full_size=857325361
R15 [P2] iter 38 done: global_full_size=857325361
R12 [P2→P3] GPU mem: 84.2GB free / 85.1GB total
R12 [P2→P3] Live allocations:
  full (TC(g^k) rev): 54388119 tuples = 0.4GB
  delta:              0 tuples = 0.0GB
  seed:               1599684 tuples = 0.0GB
R12 [P2→P3] Accounted: 0.4GB | Unaccounted: 0.5GB
R12 [P3] entering Phase 3: seed_size=1599684 full_size=54388119
R13 [P2→P3] GPU mem: 84.2GB free / 85.1GB total
R13 [P2→P3] Live allocations:
  full (TC(g^k) rev): 52506978 tuples = 0.4GB
  delta:              0 tuples = 0.0GB
  seed:               1858711 tuples = 0.0GB
R13 [P2→P3] Accounted: 0.4GB | Unaccounted: 0.5GB
R13 [P3] entering Phase 3: seed_size=1858711 full_size=52506978
R4 [P2→P3] GPU mem: 84.2GB free / 85.1GB total
R4 [P2→P3] Live allocations:
  full (TC(g^k) rev): 53807740 tuples = 0.4GB
  delta:              0 tuples = 0.0GB
  seed:               376027 tuples = 0.0GB
R4 [P2→P3] Accounted: 0.4GB | Unaccounted: 0.5GB
R4 [P3] entering Phase 3: seed_size=376027 full_size=53807740
R8 [P2→P3] GPU mem: 84.2GB free / 85.1GB total
R8 [P2→P3] Live allocations:
  full (TC(g^k) rev): 53663522 tuples = 0.4GB
  delta:              0 tuples = 0.0GB
  seed:               817450 tuples = 0.0GB
R8 [P2→P3] Accounted: 0.4GB | Unaccounted: 0.5GB
R8 [P3] entering Phase 3: seed_size=817450 full_size=53663522
Phase 2: 4.4440s | TC(g^k) = 857325361 tuples, 38 iterations
  Join: 0.4267s | Dedup: 0.1697s | Subtract: 0.0237s | Merge: 0.0361s | HT build: 0.0002s
  Comm: 3.3781s
R0 [P2→P3] GPU mem: 84.2GB free / 85.1GB total
R0 [P2→P3] Live allocations:
  full (TC(g^k) rev): 53744441 tuples = 0.4GB
  delta:              0 tuples = 0.0GB
  seed:               165435 tuples = 0.0GB
R0 [P2→P3] Accounted: 0.4GB | Unaccounted: 0.5GB
R0 [P3] entering Phase 3: seed_size=165435 full_size=53744441
R14 [P2→P3] GPU mem: 84.2GB free / 85.1GB total
R14 [P2→P3] Live allocations:
  full (TC(g^k) rev): 51920169 tuples = 0.4GB
  delta:              0 tuples = 0.0GB
  seed:               2144699 tuples = 0.0GB
R14 [P2→P3] Accounted: 0.4GB | Unaccounted: 0.5GB
R14 [P3] entering Phase 3: seed_size=2144699 full_size=51920169
R5 [P2→P3] GPU mem: 84.2GB free / 85.1GB total
R5 [P2→P3] Live allocations:
  full (TC(g^k) rev): 53763117 tuples = 0.4GB
  delta:              0 tuples = 0.0GB
  seed:               460476 tuples = 0.0GB
R5 [P2→P3] Accounted: 0.4GB | Unaccounted: 0.5GB
R5 [P3] entering Phase 3: seed_size=460476 full_size=53763117
R9 [P2→P3] GPU mem: 84.2GB free / 85.1GB total
R9 [P2→P3] Live allocations:
  full (TC(g^k) rev): 54407608 tuples = 0.4GB
  delta:              0 tuples = 0.0GB
  seed:               976839 tuples = 0.0GB
R9 [P2→P3] Accounted: 0.4GB | Unaccounted: 0.5GB
R9 [P3] entering Phase 3: seed_size=976839 full_size=54407608
R1 [P2→P3] GPU mem: 84.2GB free / 85.1GB total
R1 [P2→P3] Live allocations:
  full (TC(g^k) rev): 54649079 tuples = 0.4GB
  delta:              0 tuples = 0.0GB
  seed:               203354 tuples = 0.0GB
R1 [P2→P3] Accounted: 0.4GB | Unaccounted: 0.5GB
R1 [P3] entering Phase 3: seed_size=203354 full_size=54649079
R1 [P3] allgather counts done: total_seed_size=15381410
R15 [P2→P3] GPU mem: 84.2GB free / 85.1GB total
R15 [P2→P3] Live allocations:
  full (TC(g^k) rev): 54523428 tuples = 0.4GB
  delta:              0 tuples = 0.0GB
  seed:               2458476 tuples = 0.0GB
R15 [P2→P3] Accounted: 0.5GB | Unaccounted: 0.5GB
R15 [P3] entering Phase 3: seed_size=2458476 full_size=54523428
R6 [P2→P3] GPU mem: 84.2GB free / 85.1GB total
R6 [P2→P3] Live allocations:
  full (TC(g^k) rev): 54729610 tuples = 0.4GB
  delta:              0 tuples = 0.0GB
  seed:               560354 tuples = 0.0GB
R6 [P2→P3] Accounted: 0.4GB | Unaccounted: 0.5GB
R6 [P3] entering Phase 3: seed_size=560354 full_size=54729610
R10 [P2→P3] GPU mem: 84.2GB free / 85.1GB total
R10 [P2→P3] Live allocations:
  full (TC(g^k) rev): 53386323 tuples = 0.4GB
  delta:              0 tuples = 0.0GB
  seed:               1159773 tuples = 0.0GB
R10 [P2→P3] Accounted: 0.4GB | Unaccounted: 0.5GB
R10 [P3] entering Phase 3: seed_size=1159773 full_size=53386323
R2 [P2→P3] GPU mem: 84.2GB free / 85.1GB total
R2 [P2→P3] Live allocations:
  full (TC(g^k) rev): 50961984 tuples = 0.4GB
  delta:              0 tuples = 0.0GB
  seed:               248868 tuples = 0.0GB
R2 [P2→P3] Accounted: 0.4GB | Unaccounted: 0.5GB
R2 [P3] entering Phase 3: seed_size=248868 full_size=50961984
R2 [P3] allgather counts done: total_seed_size=15381410
R13 [P3] allgather counts done: total_seed_size=15381410
R7 [P2→P3] GPU mem: 84.2GB free / 85.1GB total
R7 [P2→P3] Live allocations:
  full (TC(g^k) rev): 52881726 tuples = 0.4GB
  delta:              0 tuples = 0.0GB
  seed:               679183 tuples = 0.0GB
R7 [P2→P3] Accounted: 0.4GB | Unaccounted: 0.5GB
R7 [P3] entering Phase 3: seed_size=679183 full_size=52881726
R11 [P2→P3] GPU mem: 84.2GB free / 85.1GB total
R11 [P2→P3] Live allocations:
  full (TC(g^k) rev): 53807344 tuples = 0.4GB
  delta:              0 tuples = 0.0GB
  seed:               1367006 tuples = 0.0GB
R11 [P2→P3] Accounted: 0.4GB | Unaccounted: 0.5GB
R11 [P3] entering Phase 3: seed_size=1367006 full_size=53807344
R3 [P2→P3] GPU mem: 84.2GB free / 85.1GB total
R3 [P2→P3] Live allocations:
  full (TC(g^k) rev): 54184173 tuples = 0.4GB
  delta:              0 tuples = 0.0GB
  seed:               305075 tuples = 0.0GB
R3 [P2→P3] Accounted: 0.4GB | Unaccounted: 0.5GB
R3 [P3] entering Phase 3: seed_size=305075 full_size=54184173
R3 [P3] allgather counts done: total_seed_size=15381410
R12 [P3] allgather counts done: total_seed_size=15381410
R5 [P3] allgather counts done: total_seed_size=15381410
R9 [P3] allgather counts done: total_seed_size=15381410
R0 [P3] allgather counts done: total_seed_size=15381410
R14 [P3] allgather counts done: total_seed_size=15381410
R6 [P3] allgather counts done: total_seed_size=15381410
R10 [P3] allgather counts done: total_seed_size=15381410
R15 [P3] allgather counts done: total_seed_size=15381410
R4 [P3] allgather counts done: total_seed_size=15381410
R8 [P3] allgather counts done: total_seed_size=15381410
R7 [P3] allgather counts done: total_seed_size=15381410
R11 [P3] allgather counts done: total_seed_size=15381410
R14 [P3] allgatherv seeds done
R13 [P3] allgatherv seeds done
R12 [P3] allgatherv seeds done
R11 [P3] allgatherv seeds done
R10 [P3] allgatherv seeds done
R9 [P3] allgatherv seeds done
R8 [P3] allgatherv seeds done
R7 [P3] allgatherv seeds done
R6 [P3] allgatherv seeds done
R5 [P3] allgatherv seeds done
R4 [P3] allgatherv seeds done
R3 [P3] allgatherv seeds done
R2 [P3] allgatherv seeds done
R1 [P3] allgatherv seeds done
R0 [P3] allgatherv seeds done
R15 [P3] allgatherv seeds done
R14 [P3] seed HT built: total_seed_size=15381410 seed_ht_rows=33554432 | GPU mem: 83.9GB free
  Live: full=0.4GB + delta=0.0GB + seed=0.0GB + seed_ht=0.3GB = 0.7GB | used=1.2GB
R13 [P3] seed HT built: total_seed_size=15381410 seed_ht_rows=33554432 | GPU mem: 83.9GB free
  Live: full=0.4GB + delta=0.0GB + seed=0.0GB + seed_ht=0.3GB = 0.7GB | used=1.2GB
R14 [P3] reversed full in place: full_size=51920169
R14 [P3] PRE-JOIN GPU mem: 83.9GB free / 85.1GB total | probe_size=51920169 seed_ht_rows=33554432
R13 [P3] reversed full in place: full_size=52506978
R13 [P3] PRE-JOIN GPU mem: 83.9GB free / 85.1GB total | probe_size=52506978 seed_ht_rows=33554432
R12 [P3] seed HT built: total_seed_size=15381410 seed_ht_rows=33554432 | GPU mem: 83.9GB free
  Live: full=0.4GB + delta=0.0GB + seed=0.0GB + seed_ht=0.3GB = 0.7GB | used=1.2GB
R12 [P3] reversed full in place: full_size=54388119
R12 [P3] PRE-JOIN GPU mem: 83.9GB free / 85.1GB total | probe_size=54388119 seed_ht_rows=33554432
R10 [P3] seed HT built: total_seed_size=15381410 seed_ht_rows=33554432 | GPU mem: 83.9GB free
  Live: full=0.4GB + delta=0.0GB + seed=0.0GB + seed_ht=0.3GB = 0.7GB | used=1.2GB
R10 [P3] reversed full in place: full_size=53386323
R10 [P3] PRE-JOIN GPU mem: 83.9GB free / 85.1GB total | probe_size=53386323 seed_ht_rows=33554432
R11 [P3] seed HT built: total_seed_size=15381410 seed_ht_rows=33554432 | GPU mem: 83.9GB free
  Live: full=0.4GB + delta=0.0GB + seed=0.0GB + seed_ht=0.3GB = 0.7GB | used=1.2GB
R9 [P3] seed HT built: total_seed_size=15381410 seed_ht_rows=33554432 | GPU mem: 83.9GB free
  Live: full=0.4GB + delta=0.0GB + seed=0.0GB + seed_ht=0.3GB = 0.7GB | used=1.2GB
R6 [P3] seed HT built: total_seed_size=15381410 seed_ht_rows=33554432 | GPU mem: 83.9GB free
  Live: full=0.4GB + delta=0.0GB + seed=0.0GB + seed_ht=0.3GB = 0.7GB | used=1.2GB
R11 [P3] reversed full in place: full_size=53807344
R11 [P3] PRE-JOIN GPU mem: 83.9GB free / 85.1GB total | probe_size=53807344 seed_ht_rows=33554432
R9 [P3] reversed full in place: full_size=54407608
R9 [P3] PRE-JOIN GPU mem: 83.9GB free / 85.1GB total | probe_size=54407608 seed_ht_rows=33554432
R5 [P3] seed HT built: total_seed_size=15381410 seed_ht_rows=33554432 | GPU mem: 83.9GB free
  Live: full=0.4GB + delta=0.0GB + seed=0.0GB + seed_ht=0.3GB = 0.7GB | used=1.2GB
R6 [P3] reversed full in place: full_size=54729610
R6 [P3] PRE-JOIN GPU mem: 83.9GB free / 85.1GB total | probe_size=54729610 seed_ht_rows=33554432
R2 [P3] seed HT built: total_seed_size=15381410 seed_ht_rows=33554432 | GPU mem: 84.0GB free
  Live: full=0.4GB + delta=0.0GB + seed=0.0GB + seed_ht=0.3GB = 0.7GB | used=1.1GB
R5 [P3] reversed full in place: full_size=53763117
R5 [P3] PRE-JOIN GPU mem: 83.9GB free / 85.1GB total | probe_size=53763117 seed_ht_rows=33554432
R2 [P3] reversed full in place: full_size=50961984
R2 [P3] PRE-JOIN GPU mem: 84.0GB free / 85.1GB total | probe_size=50961984 seed_ht_rows=33554432
R7 [P3] seed HT built: total_seed_size=15381410 seed_ht_rows=33554432 | GPU mem: 83.9GB free
  Live: full=0.4GB + delta=0.0GB + seed=0.0GB + seed_ht=0.3GB = 0.7GB | used=1.2GB
R7 [P3] reversed full in place: full_size=52881726
R7 [P3] PRE-JOIN GPU mem: 83.9GB free / 85.1GB total | probe_size=52881726 seed_ht_rows=33554432
R1 [P3] seed HT built: total_seed_size=15381410 seed_ht_rows=33554432 | GPU mem: 83.9GB free
  Live: full=0.4GB + delta=0.0GB + seed=0.0GB + seed_ht=0.3GB = 0.7GB | used=1.2GB
R1 [P3] reversed full in place: full_size=54649079
R1 [P3] PRE-JOIN GPU mem: 83.9GB free / 85.1GB total | probe_size=54649079 seed_ht_rows=33554432
R4 [P3] seed HT built: total_seed_size=15381410 seed_ht_rows=33554432 | GPU mem: 83.9GB free
  Live: full=0.4GB + delta=0.0GB + seed=0.0GB + seed_ht=0.3GB = 0.7GB | used=1.2GB
R8 [P3] seed HT built: total_seed_size=15381410 seed_ht_rows=33554432 | GPU mem: 83.9GB free
  Live: full=0.4GB + delta=0.0GB + seed=0.0GB + seed_ht=0.3GB = 0.7GB | used=1.2GB
R15 [P3] seed HT built: total_seed_size=15381410 seed_ht_rows=33554432 | GPU mem: 83.9GB free
  Live: full=0.4GB + delta=0.0GB + seed=0.0GB + seed_ht=0.3GB = 0.7GB | used=1.2GB
R4 [P3] reversed full in place: full_size=53807740
R4 [P3] PRE-JOIN GPU mem: 83.9GB free / 85.1GB total | probe_size=53807740 seed_ht_rows=33554432
R8 [P3] reversed full in place: full_size=53663522
R8 [P3] PRE-JOIN GPU mem: 83.9GB free / 85.1GB total | probe_size=53663522 seed_ht_rows=33554432
R15 [P3] reversed full in place: full_size=54523428
R15 [P3] PRE-JOIN GPU mem: 83.9GB free / 85.1GB total | probe_size=54523428 seed_ht_rows=33554432
R3 [P3] seed HT built: total_seed_size=15381410 seed_ht_rows=33554432 | GPU mem: 83.9GB free
  Live: full=0.4GB + delta=0.0GB + seed=0.0GB + seed_ht=0.3GB = 0.7GB | used=1.2GB
R0 [P3] seed HT built: total_seed_size=15381410 seed_ht_rows=33554432 | GPU mem: 83.9GB free
  Live: full=0.4GB + delta=0.0GB + seed=0.0GB + seed_ht=0.3GB = 0.7GB | used=1.2GB
R3 [P3] reversed full in place: full_size=54184173
R3 [P3] PRE-JOIN GPU mem: 83.9GB free / 85.1GB total | probe_size=54184173 seed_ht_rows=33554432
R0 [P3] reversed full in place: full_size=53744441
R0 [P3] PRE-JOIN GPU mem: 83.9GB free / 85.1GB total | probe_size=53744441 seed_ht_rows=33554432
R14 [P3] join raw=6126098349 -> kept=52505654 (116.7x collapse)
R14 [P3] join done: extended_size=52505654 (0.4GB) | GPU mem: 83.8GB free
R14 [P3] PRE-SPLIT GPU mem: 84.2GB free / 85.1GB total | extended_size=52505654 (0.4GB)
R2 [P3] join raw=6036225448 -> kept=51539006 (117.1x collapse)
R2 [P3] join done: extended_size=51539006 (0.4GB) | GPU mem: 83.8GB free
R2 [P3] PRE-SPLIT GPU mem: 84.2GB free / 85.1GB total | extended_size=51539006 (0.4GB)
R14 [P3] extended sorted & copied to host, GPU freed: 84.6GB free
R13 [P3] join raw=6199655644 -> kept=53106802 (116.7x collapse)
R13 [P3] join done: extended_size=53106802 (0.4GB) | GPU mem: 83.8GB free
R13 [P3] PRE-SPLIT GPU mem: 84.2GB free / 85.1GB total | extended_size=53106802 (0.4GB)
R2 [P3] extended sorted & copied to host, GPU freed: 84.6GB free
R7 [P3] join raw=6286362145 -> kept=53482694 (117.5x collapse)
R7 [P3] join done: extended_size=53482694 (0.4GB) | GPU mem: 83.8GB free
R7 [P3] PRE-SPLIT GPU mem: 84.2GB free / 85.1GB total | extended_size=53482694 (0.4GB)
R13 [P3] extended sorted & copied to host, GPU freed: 84.6GB free
R4 [P3] join raw=6368174795 -> kept=54411025 (117.0x collapse)
R4 [P3] join done: extended_size=54411025 (0.4GB) | GPU mem: 83.8GB free
R4 [P3] PRE-SPLIT GPU mem: 84.2GB free / 85.1GB total | extended_size=54411025 (0.4GB)
R0 [P3] join raw=6329833354 -> kept=54349027 (116.5x collapse)
R0 [P3] join done: extended_size=54349027 (0.4GB) | GPU mem: 83.8GB free
R0 [P3] PRE-SPLIT GPU mem: 84.2GB free / 85.1GB total | extended_size=54349027 (0.4GB)
R5 [P3] join raw=6356336993 -> kept=54360013 (116.9x collapse)
R5 [P3] join done: extended_size=54360013 (0.4GB) | GPU mem: 83.8GB free
R5 [P3] PRE-SPLIT GPU mem: 84.2GB free / 85.1GB total | extended_size=54360013 (0.4GB)
R3 [P3] join raw=6404161834 -> kept=54791236 (116.9x collapse)
R3 [P3] join done: extended_size=54791236 (0.4GB) | GPU mem: 83.8GB free
R3 [P3] PRE-SPLIT GPU mem: 84.2GB free / 85.1GB total | extended_size=54791236 (0.4GB)
R12 [P3] join raw=6449017250 -> kept=54998928 (117.3x collapse)
R12 [P3] join done: extended_size=54998928 (0.4GB) | GPU mem: 83.7GB free
R12 [P3] PRE-SPLIT GPU mem: 84.2GB free / 85.1GB total | extended_size=54998928 (0.4GB)
R15 [P3] join raw=6431324289 -> kept=55138121 (116.6x collapse)
R15 [P3] join done: extended_size=55138121 (0.4GB) | GPU mem: 83.7GB free
R15 [P3] PRE-SPLIT GPU mem: 84.2GB free / 85.1GB total | extended_size=55138121 (0.4GB)
R7 [P3] extended sorted & copied to host, GPU freed: 84.6GB free
R1 [P3] join raw=6475476889 -> kept=55258012 (117.2x collapse)
R1 [P3] join done: extended_size=55258012 (0.4GB) | GPU mem: 83.8GB free
R4 [P3] extended sorted & copied to host, GPU freed: 84.6GB free
R1 [P3] PRE-SPLIT GPU mem: 84.2GB free / 85.1GB total | extended_size=55258012 (0.4GB)
R6 [P3] join raw=6481121445 -> kept=55343891 (117.1x collapse)
R6 [P3] join done: extended_size=55343891 (0.4GB) | GPU mem: 83.8GB free
R6 [P3] PRE-SPLIT GPU mem: 84.2GB free / 85.1GB total | extended_size=55343891 (0.4GB)
R10 [P3] join raw=6316899438 -> kept=53993998 (117.0x collapse)
R10 [P3] join done: extended_size=53993998 (0.4GB) | GPU mem: 83.8GB free
R10 [P3] PRE-SPLIT GPU mem: 84.2GB free / 85.1GB total | extended_size=53993998 (0.4GB)
R11 [P3] join raw=6344243587 -> kept=54416519 (116.6x collapse)
R11 [P3] join done: extended_size=54416519 (0.4GB) | GPU mem: 83.8GB free
R11 [P3] PRE-SPLIT GPU mem: 84.2GB free / 85.1GB total | extended_size=54416519 (0.4GB)
R0 [P3] extended sorted & copied to host, GPU freed: 84.6GB free
R8 [P3] join raw=6356153289 -> kept=54267114 (117.1x collapse)
R8 [P3] join done: extended_size=54267114 (0.4GB) | GPU mem: 83.8GB free
R3 [P3] extended sorted & copied to host, GPU freed: 84.6GB free
R8 [P3] PRE-SPLIT GPU mem: 84.2GB free / 85.1GB total | extended_size=54267114 (0.4GB)
R12 [P3] extended sorted & copied to host, GPU freed: 84.6GB free
R5 [P3] extended sorted & copied to host, GPU freed: 84.6GB free
R15 [P3] extended sorted & copied to host, GPU freed: 84.6GB free
R9 [P3] join raw=6420731648 -> kept=55018992 (116.7x collapse)
R9 [P3] join done: extended_size=55018992 (0.4GB) | GPU mem: 83.8GB free
R9 [P3] PRE-SPLIT GPU mem: 84.2GB free / 85.1GB total | extended_size=55018992 (0.4GB)
R6 [P3] extended sorted & copied to host, GPU freed: 84.6GB free
R1 [P3] extended sorted & copied to host, GPU freed: 84.6GB free
R10 [P3] extended sorted & copied to host, GPU freed: 84.6GB free
R11 [P3] extended sorted & copied to host, GPU freed: 84.6GB free
R8 [P3] extended sorted & copied to host, GPU freed: 84.6GB free
R9 [P3] extended sorted & copied to host, GPU freed: 84.6GB free
R2 [P3] extended split done: ext_split_size=51539006
R14 [P3] extended split done: ext_split_size=52505654
R13 [P3] extended split done: ext_split_size=53106802
R7 [P3] extended split done: ext_split_size=53482694
R10 [P3] extended split done: ext_split_size=53993998
R11 [P3] extended split done: ext_split_size=54416519
R0 [P3] extended split done: ext_split_size=54349027
R5 [P3] extended split done: ext_split_size=54360013
R8 [P3] extended split done: ext_split_size=54267114
R4 [P3] extended split done: ext_split_size=54411025
R9 [P3] extended split done: ext_split_size=55018992
R6 [P3] extended split done: ext_split_size=55343891
R1 [P3] extended split done: ext_split_size=55258012
R12 [P3] extended split done: ext_split_size=54998928
R3 [P3] extended split done: ext_split_size=54791236
R15 [P3] extended split done: ext_split_size=55138121
R2 [P3] seed split done: seed_split_size=938726
R7 [P3] seed split done: seed_split_size=955664
R13 [P3] seed split done: seed_split_size=931883
R0 [P3] seed split done: seed_split_size=978432
R3 [P3] seed split done: seed_split_size=983384
R5 [P3] seed split done: seed_split_size=946547
R10 [P3] seed split done: seed_split_size=975199
R4 [P3] seed split done: seed_split_size=944269
R12 [P3] seed split done: seed_split_size=978285
R8 [P3] seed split done: seed_split_size=980762
R11 [P3] seed split done: seed_split_size=952202
R9 [P3] seed split done: seed_split_size=976720
R2 [P3] concat done: result_size=52477732 (seed=938726 + ext=51539006)
R14 [P3] seed split done: seed_split_size=931306
R15 [P3] seed split done: seed_split_size=943555
R7 [P3] concat done: result_size=54438358 (seed=955664 + ext=53482694)
R3 [P3] concat done: result_size=55774620 (seed=983384 + ext=54791236)
R10 [P3] concat done: result_size=54969197 (seed=975199 + ext=53993998)
R13 [P3] concat done: result_size=54038685 (seed=931883 + ext=53106802)
R5 [P3] concat done: result_size=55306560 (seed=946547 + ext=54360013)
R0 [P3] concat done: result_size=55327459 (seed=978432 + ext=54349027)
R4 [P3] concat done: result_size=55355294 (seed=944269 + ext=54411025)
R12 [P3] concat done: result_size=55977213 (seed=978285 + ext=54998928)
R8 [P3] concat done: result_size=55247876 (seed=980762 + ext=54267114)
R11 [P3] concat done: result_size=55368721 (seed=952202 + ext=54416519)
R14 [P3] concat done: result_size=53436960 (seed=931306 + ext=52505654)
R9 [P3] concat done: result_size=55995712 (seed=976720 + ext=55018992)
R15 [P3] concat done: result_size=56081676 (seed=943555 + ext=55138121)
R6 [P3] seed split done: seed_split_size=985422
R1 [P3] seed split done: seed_split_size=979054
R6 [P3] concat done: result_size=56329313 (seed=985422 + ext=55343891)
R1 [P3] concat done: result_size=56237066 (seed=979054 + ext=55258012)
R2 [P3] dedup done: result_size=51804887
R7 [P3] dedup done: result_size=53755669
R13 [P3] dedup done: result_size=53376260
R0 [P3] dedup done: result_size=54625607
R3 [P3] dedup done: result_size=55069744
R14 [P3] dedup done: result_size=52773587
R10 [P3] dedup done: result_size=54272582
R4 [P3] dedup done: result_size=54683087
R5 [P3] dedup done: result_size=54630796
R12 [P3] dedup done: result_size=55275225
R15 [P3] dedup done: result_size=55411977
R8 [P3] dedup done: result_size=54543084
R11 [P3] dedup done: result_size=54689850
R9 [P3] dedup done: result_size=55295754
R6 [P3] dedup done: result_size=55621937
R1 [P3] dedup done: result_size=55535642
Phase 1: 0.1518s | seed_size=165435 (length 1), g^k_size=2458476
Phase 2: 4.4440s | TC(g^k) = 857325361 tuples, 38 iterations
  Join: 0.4267s | Dedup: 0.1697s | Subtract: 0.0237s | Merge: 0.0361s | HT build: 0.0002s
  Comm: 3.3781s
Phase 3: 3.5836s
  Join: 2.8381s | HT build: 0.0905s | Comm: 0.5640s | Dedup: 0.0166s | Kernels: 0.0736s
─────────────────────────────────────
Total: 8.2200s | TC size: 871365688
