R0 [P1] parallel_read done: row_size=7013978 total_rows=7013978
R0 [P1] allgather done
R0 [P1] entity arrays + dedup done: g_size=7013978 l_size=7013978
R0 [P1] initial HT built: ht_rows=16777216
R0 [P1] partition filter done: gk_fwd=7013978 gk_rev=7013978
Rank 0 Phase 1: 0.1681s | seed_size=7013978 (length 1), g^k_size=7013978
R0 [P2] dedup full done: full_size=7013978
R0 [P2] delta copy done: delta_size=7013978
R0 [P2] HT built: gk_fwd_size=7013978 ht_rows=16777216
R0 [P2] entering loop: global_full_size=7013978
R0 [P2] iter 0: PRE-JOIN GPU mem: 84.3GB free / 85.1GB total | delta_size=7013978 full_size=7013978
R0 [P2] iter 0: join done, raw=6801314 result_size=6781400
R0 [P2] iter 0: split done, delta_size=6781400
R0 [P2] iter 0: dedup done, delta_size=6781400
R0 [P2] iter 0: subtract done, delta_size=6774015
R0 [P2] iter 0: merge done, full_size=13787993
R0 [P2] iter 1 done: global_full_size=13787993
R0 [P2] iter 1: PRE-JOIN GPU mem: 84.3GB free / 85.1GB total | delta_size=6774015 full_size=13787993
R0 [P2] iter 1: join done, raw=6610557 result_size=6587298
R0 [P2] iter 1: split done, delta_size=6587298
R0 [P2] iter 1: dedup done, delta_size=6587298
R0 [P2] iter 1: subtract done, delta_size=6541055
R0 [P2] iter 1: merge done, full_size=20329048
R0 [P2] iter 2 done: global_full_size=20329048
R0 [P2] iter 2: PRE-JOIN GPU mem: 84.2GB free / 85.1GB total | delta_size=6541055 full_size=20329048
R0 [P2] iter 2: join done, raw=6404504 result_size=6382025
R0 [P2] iter 2: split done, delta_size=6382025
R0 [P2] iter 2: dedup done, delta_size=6382025
R0 [P2] iter 2: subtract done, delta_size=6315446
R0 [P2] iter 2: merge done, full_size=26644494
R0 [P2] iter 3 done: global_full_size=26644494
R0 [P2] iter 3: PRE-JOIN GPU mem: 84.2GB free / 85.1GB total | delta_size=6315446 full_size=26644494
R0 [P2] iter 3: join done, raw=6200738 result_size=6179963
R0 [P2] iter 3: split done, delta_size=6179963
R0 [P2] iter 3: dedup done, delta_size=6179963
R0 [P2] iter 3: subtract done, delta_size=6102965
R0 [P2] iter 3: merge done, full_size=32747459
R0 [P2] iter 4 done: global_full_size=32747459
R0 [P2] iter 4: PRE-JOIN GPU mem: 84.1GB free / 85.1GB total | delta_size=6102965 full_size=32747459
R0 [P2] iter 4: join done, raw=6005120 result_size=5986078
R0 [P2] iter 4: split done, delta_size=5986078
R0 [P2] iter 4: dedup done, delta_size=5986078
R0 [P2] iter 4: subtract done, delta_size=5904636
R0 [P2] iter 4: merge done, full_size=38652095
R0 [P2] iter 5 done: global_full_size=38652095
R0 [P2] iter 5: PRE-JOIN GPU mem: 84.1GB free / 85.1GB total | delta_size=5904636 full_size=38652095
R0 [P2] iter 5: join done, raw=5820795 result_size=5803453
R0 [P2] iter 5: split done, delta_size=5803453
R0 [P2] iter 5: dedup done, delta_size=5803453
R0 [P2] iter 5: subtract done, delta_size=5720664
R0 [P2] iter 5: merge done, full_size=44372759
R0 [P2] iter 6 done: global_full_size=44372759
R0 [P2] iter 6: PRE-JOIN GPU mem: 84.0GB free / 85.1GB total | delta_size=5720664 full_size=44372759
R0 [P2] iter 6: join done, raw=5647451 result_size=5631634
R0 [P2] iter 6: split done, delta_size=5631634
R0 [P2] iter 6: dedup done, delta_size=5631634
R0 [P2] iter 6: subtract done, delta_size=5549932
R0 [P2] iter 6: merge done, full_size=49922691
R0 [P2] iter 7 done: global_full_size=49922691
R0 [P2] iter 7: PRE-JOIN GPU mem: 84.0GB free / 85.1GB total | delta_size=5549932 full_size=49922691
R0 [P2] iter 7: join done, raw=5485594 result_size=5471092
R0 [P2] iter 7: split done, delta_size=5471092
R0 [P2] iter 7: dedup done, delta_size=5471092
R0 [P2] iter 7: subtract done, delta_size=5391583
R0 [P2] iter 7: merge done, full_size=55314274
R0 [P2] iter 8 done: global_full_size=55314274
R0 [P2] iter 8: PRE-JOIN GPU mem: 84.0GB free / 85.1GB total | delta_size=5391583 full_size=55314274
R0 [P2] iter 8: join done, raw=5333572 result_size=5320313
R0 [P2] iter 8: split done, delta_size=5320313
R0 [P2] iter 8: dedup done, delta_size=5320313
R0 [P2] iter 8: subtract done, delta_size=5243191
R0 [P2] iter 8: merge done, full_size=60557465
R0 [P2] iter 9 done: global_full_size=60557465
R0 [P2] iter 9: PRE-JOIN GPU mem: 83.9GB free / 85.1GB total | delta_size=5243191 full_size=60557465
R0 [P2] iter 9: join done, raw=5191196 result_size=5178989
R0 [P2] iter 9: split done, delta_size=5178989
R0 [P2] iter 9: dedup done, delta_size=5178989
R0 [P2] iter 9: subtract done, delta_size=5104739
R0 [P2] iter 9: merge done, full_size=65662204
R0 [P2] iter 10 done: global_full_size=65662204
R0 [P2] iter 10: PRE-JOIN GPU mem: 83.9GB free / 85.1GB total | delta_size=5104739 full_size=65662204
R0 [P2] iter 10: join done, raw=5057580 result_size=5046340
R0 [P2] iter 10: split done, delta_size=5046340
R0 [P2] iter 10: dedup done, delta_size=5046340
R0 [P2] iter 10: subtract done, delta_size=4975226
R0 [P2] iter 10: merge done, full_size=70637430
R0 [P2] iter 11 done: global_full_size=70637430
R0 [P2] iter 11: PRE-JOIN GPU mem: 83.8GB free / 85.1GB total | delta_size=4975226 full_size=70637430
R0 [P2] iter 11: join done, raw=4931920 result_size=4921559
R0 [P2] iter 11: split done, delta_size=4921559
R0 [P2] iter 11: dedup done, delta_size=4921559
R0 [P2] iter 11: subtract done, delta_size=4853544
R0 [P2] iter 11: merge done, full_size=75490974
R0 [P2] iter 12 done: global_full_size=75490974
R0 [P2] iter 12: PRE-JOIN GPU mem: 83.8GB free / 85.1GB total | delta_size=4853544 full_size=75490974
R0 [P2] iter 12: join done, raw=4813360 result_size=4803701
R0 [P2] iter 12: split done, delta_size=4803701
R0 [P2] iter 12: dedup done, delta_size=4803701
R0 [P2] iter 12: subtract done, delta_size=4738741
R0 [P2] iter 12: merge done, full_size=80229715
R0 [P2] iter 13 done: global_full_size=80229715
R0 [P2] iter 13: PRE-JOIN GPU mem: 83.8GB free / 85.1GB total | delta_size=4738741 full_size=80229715
R0 [P2] iter 13: join done, raw=4701668 result_size=4692630
R0 [P2] iter 13: split done, delta_size=4692630
R0 [P2] iter 13: dedup done, delta_size=4692630
R0 [P2] iter 13: subtract done, delta_size=4630401
R0 [P2] iter 13: merge done, full_size=84860116
R0 [P2] iter 14 done: global_full_size=84860116
R0 [P2] iter 14: PRE-JOIN GPU mem: 83.7GB free / 85.1GB total | delta_size=4630401 full_size=84860116
R0 [P2] iter 14: join done, raw=4595817 result_size=4587440
R0 [P2] iter 14: split done, delta_size=4587440
R0 [P2] iter 14: dedup done, delta_size=4587440
R0 [P2] iter 14: subtract done, delta_size=4527927
R0 [P2] iter 14: merge done, full_size=89388043
R0 [P2] iter 15 done: global_full_size=89388043
R0 [P2] iter 15: PRE-JOIN GPU mem: 83.7GB free / 85.1GB total | delta_size=4527927 full_size=89388043
R0 [P2] iter 15: join done, raw=4496233 result_size=4488454
R0 [P2] iter 15: split done, delta_size=4488454
R0 [P2] iter 15: dedup done, delta_size=4488454
R0 [P2] iter 15: subtract done, delta_size=4431485
R0 [P2] iter 15: merge done, full_size=93819528
R0 [P2] iter 16 done: global_full_size=93819528
R0 [P2] iter 16: PRE-JOIN GPU mem: 83.7GB free / 85.1GB total | delta_size=4431485 full_size=93819528
R0 [P2] iter 16: join done, raw=4402174 result_size=4394901
R0 [P2] iter 16: split done, delta_size=4394901
R0 [P2] iter 16: dedup done, delta_size=4394901
R0 [P2] iter 16: subtract done, delta_size=4340824
R0 [P2] iter 16: merge done, full_size=98160352
R0 [P2] iter 17 done: global_full_size=98160352
R0 [P2] iter 17: PRE-JOIN GPU mem: 83.6GB free / 85.1GB total | delta_size=4340824 full_size=98160352
R0 [P2] iter 17: join done, raw=4313398 result_size=4306564
R0 [P2] iter 17: split done, delta_size=4306564
R0 [P2] iter 17: dedup done, delta_size=4306564
R0 [P2] iter 17: subtract done, delta_size=4255079
R0 [P2] iter 17: merge done, full_size=102415431
R0 [P2] iter 18 done: global_full_size=102415431
R0 [P2] iter 18: PRE-JOIN GPU mem: 83.6GB free / 85.1GB total | delta_size=4255079 full_size=102415431
R0 [P2] iter 18: join done, raw=4228822 result_size=4222425
R0 [P2] iter 18: split done, delta_size=4222425
R0 [P2] iter 18: dedup done, delta_size=4222425
R0 [P2] iter 18: subtract done, delta_size=4173464
R0 [P2] iter 18: merge done, full_size=106588895
R0 [P2] iter 19 done: global_full_size=106588895
R0 [P2] iter 19: PRE-JOIN GPU mem: 83.6GB free / 85.1GB total | delta_size=4173464 full_size=106588895
R0 [P2] iter 19: join done, raw=4148633 result_size=4142623
R0 [P2] iter 19: split done, delta_size=4142623
R0 [P2] iter 19: dedup done, delta_size=4142623
R0 [P2] iter 19: subtract done, delta_size=4096129
R0 [P2] iter 19: merge done, full_size=110685024
R0 [P2] iter 20 done: global_full_size=110685024
R0 [P2] iter 20: PRE-JOIN GPU mem: 83.5GB free / 85.1GB total | delta_size=4096129 full_size=110685024
R0 [P2] iter 20: join done, raw=4072353 result_size=4066701
R0 [P2] iter 20: split done, delta_size=4066701
R0 [P2] iter 20: dedup done, delta_size=4066701
R0 [P2] iter 20: subtract done, delta_size=4022393
R0 [P2] iter 20: merge done, full_size=114707417
R0 [P2] iter 21 done: global_full_size=114707417
R0 [P2] iter 21: PRE-JOIN GPU mem: 83.5GB free / 85.1GB total | delta_size=4022393 full_size=114707417
R0 [P2] iter 21: join done, raw=3999561 result_size=3994298
R0 [P2] iter 21: split done, delta_size=3994298
R0 [P2] iter 21: dedup done, delta_size=3994298
R0 [P2] iter 21: subtract done, delta_size=3951961
R0 [P2] iter 21: merge done, full_size=118659378
R0 [P2] iter 22 done: global_full_size=118659378
R0 [P2] iter 22: PRE-JOIN GPU mem: 83.5GB free / 85.1GB total | delta_size=3951961 full_size=118659378
R0 [P2] iter 22: join done, raw=3930142 result_size=3925199
R0 [P2] iter 22: split done, delta_size=3925199
R0 [P2] iter 22: dedup done, delta_size=3925199
R0 [P2] iter 22: subtract done, delta_size=3884604
R0 [P2] iter 22: merge done, full_size=122543982
R0 [P2] iter 23 done: global_full_size=122543982
R0 [P2] iter 23: PRE-JOIN GPU mem: 83.4GB free / 85.1GB total | delta_size=3884604 full_size=122543982
R0 [P2] iter 23: join done, raw=3863796 result_size=3859151
R0 [P2] iter 23: split done, delta_size=3859151
R0 [P2] iter 23: dedup done, delta_size=3859151
R0 [P2] iter 23: subtract done, delta_size=3820245
R0 [P2] iter 23: merge done, full_size=126364227
R0 [P2] iter 24 done: global_full_size=126364227
R0 [P2] iter 24: PRE-JOIN GPU mem: 83.4GB free / 85.1GB total | delta_size=3820245 full_size=126364227
R0 [P2] iter 24: join done, raw=3800121 result_size=3795731
R0 [P2] iter 24: split done, delta_size=3795731
R0 [P2] iter 24: dedup done, delta_size=3795731
R0 [P2] iter 24: subtract done, delta_size=3758544
R0 [P2] iter 24: merge done, full_size=130122771
R0 [P2] iter 25 done: global_full_size=130122771
R0 [P2] iter 25: PRE-JOIN GPU mem: 83.4GB free / 85.1GB total | delta_size=3758544 full_size=130122771
R0 [P2] iter 25: join done, raw=3739224 result_size=3735077
R0 [P2] iter 25: split done, delta_size=3735077
R0 [P2] iter 25: dedup done, delta_size=3735077
R0 [P2] iter 25: subtract done, delta_size=3699437
R0 [P2] iter 25: merge done, full_size=133822208
R0 [P2] iter 26 done: global_full_size=133822208
R0 [P2] iter 26: PRE-JOIN GPU mem: 83.4GB free / 85.1GB total | delta_size=3699437 full_size=133822208
R0 [P2] iter 26: join done, raw=3680736 result_size=3676813
R0 [P2] iter 26: split done, delta_size=3676813
R0 [P2] iter 26: dedup done, delta_size=3676813
R0 [P2] iter 26: subtract done, delta_size=3642584
R0 [P2] iter 26: merge done, full_size=137464792
R0 [P2] iter 27 done: global_full_size=137464792
R0 [P2] iter 27: PRE-JOIN GPU mem: 83.3GB free / 85.1GB total | delta_size=3642584 full_size=137464792
R0 [P2] iter 27: join done, raw=3624479 result_size=3620776
R0 [P2] iter 27: split done, delta_size=3620776
R0 [P2] iter 27: dedup done, delta_size=3620776
R0 [P2] iter 27: subtract done, delta_size=3587912
R0 [P2] iter 27: merge done, full_size=141052704
R0 [P2] iter 28 done: global_full_size=141052704
R0 [P2] iter 28: PRE-JOIN GPU mem: 83.3GB free / 85.1GB total | delta_size=3587912 full_size=141052704
R0 [P2] iter 28: join done, raw=3570409 result_size=3566904
R0 [P2] iter 28: split done, delta_size=3566904
R0 [P2] iter 28: dedup done, delta_size=3566904
R0 [P2] iter 28: subtract done, delta_size=3535341
R0 [P2] iter 28: merge done, full_size=144588045
R0 [P2] iter 29 done: global_full_size=144588045
R0 [P2] iter 29: PRE-JOIN GPU mem: 83.3GB free / 85.1GB total | delta_size=3535341 full_size=144588045
R0 [P2] iter 29: join done, raw=3518519 result_size=3515158
R0 [P2] iter 29: split done, delta_size=3515158
R0 [P2] iter 29: dedup done, delta_size=3515158
R0 [P2] iter 29: subtract done, delta_size=3484890
R0 [P2] iter 29: merge done, full_size=148072935
R0 [P2] iter 30 done: global_full_size=148072935
R0 [P2] iter 30: PRE-JOIN GPU mem: 83.2GB free / 85.1GB total | delta_size=3484890 full_size=148072935
R0 [P2] iter 30: join done, raw=3468451 result_size=3465263
R0 [P2] iter 30: split done, delta_size=3465263
R0 [P2] iter 30: dedup done, delta_size=3465263
R0 [P2] iter 30: subtract done, delta_size=3436174
R0 [P2] iter 30: merge done, full_size=151509109
R0 [P2] iter 31 done: global_full_size=151509109
R0 [P2] iter 31: PRE-JOIN GPU mem: 83.2GB free / 85.1GB total | delta_size=3436174 full_size=151509109
R0 [P2] iter 31: join done, raw=3420371 result_size=3417309
R0 [P2] iter 31: split done, delta_size=3417309
R0 [P2] iter 31: dedup done, delta_size=3417309
R0 [P2] iter 31: subtract done, delta_size=3389277
R0 [P2] iter 31: merge done, full_size=154898386
R0 [P2] iter 32 done: global_full_size=154898386
R0 [P2] iter 32: PRE-JOIN GPU mem: 83.2GB free / 85.1GB total | delta_size=3389277 full_size=154898386
R0 [P2] iter 32: join done, raw=3373708 result_size=3370764
R0 [P2] iter 32: split done, delta_size=3370764
R0 [P2] iter 32: dedup done, delta_size=3370764
R0 [P2] iter 32: subtract done, delta_size=3343736
R0 [P2] iter 32: merge done, full_size=158242122
R0 [P2] iter 33 done: global_full_size=158242122
R0 [P2] iter 33: PRE-JOIN GPU mem: 83.2GB free / 85.1GB total | delta_size=3343736 full_size=158242122
R0 [P2] iter 33: join done, raw=3328515 result_size=3325691
R0 [P2] iter 33: split done, delta_size=3325691
R0 [P2] iter 33: dedup done, delta_size=3325691
R0 [P2] iter 33: subtract done, delta_size=3299581
R0 [P2] iter 33: merge done, full_size=161541703
R0 [P2] iter 34 done: global_full_size=161541703
R0 [P2] iter 34: PRE-JOIN GPU mem: 83.1GB free / 85.1GB total | delta_size=3299581 full_size=161541703
R0 [P2] iter 34: join done, raw=3284834 result_size=3282124
R0 [P2] iter 34: split done, delta_size=3282124
R0 [P2] iter 34: dedup done, delta_size=3282124
R0 [P2] iter 34: subtract done, delta_size=3256843
R0 [P2] iter 34: merge done, full_size=164798546
R0 [P2] iter 35 done: global_full_size=164798546
R0 [P2] iter 35: PRE-JOIN GPU mem: 83.1GB free / 85.1GB total | delta_size=3256843 full_size=164798546
R0 [P2] iter 35: join done, raw=3242563 result_size=3239966
R0 [P2] iter 35: split done, delta_size=3239966
R0 [P2] iter 35: dedup done, delta_size=3239966
R0 [P2] iter 35: subtract done, delta_size=3215532
R0 [P2] iter 35: merge done, full_size=168014078
R0 [P2] iter 36 done: global_full_size=168014078
R0 [P2] iter 36: PRE-JOIN GPU mem: 83.1GB free / 85.1GB total | delta_size=3215532 full_size=168014078
R0 [P2] iter 36: join done, raw=3201702 result_size=3199195
R0 [P2] iter 36: split done, delta_size=3199195
R0 [P2] iter 36: dedup done, delta_size=3199195
R0 [P2] iter 36: subtract done, delta_size=3175552
R0 [P2] iter 36: merge done, full_size=171189630
R0 [P2] iter 37 done: global_full_size=171189630
R0 [P2] iter 37: PRE-JOIN GPU mem: 83.1GB free / 85.1GB total | delta_size=3175552 full_size=171189630
R0 [P2] iter 37: join done, raw=3162021 result_size=3159609
R0 [P2] iter 37: split done, delta_size=3159609
R0 [P2] iter 37: dedup done, delta_size=3159609
R0 [P2] iter 37: subtract done, delta_size=3136598
R0 [P2] iter 37: merge done, full_size=174326228
R0 [P2] iter 38 done: global_full_size=174326228
R0 [P2] iter 38: PRE-JOIN GPU mem: 83.0GB free / 85.1GB total | delta_size=3136598 full_size=174326228
R0 [P2] iter 38: join done, raw=3123258 result_size=3120922
R0 [P2] iter 38: split done, delta_size=3120922
R0 [P2] iter 38: dedup done, delta_size=3120922
R0 [P2] iter 38: subtract done, delta_size=3098613
R0 [P2] iter 38: merge done, full_size=177424841
R0 [P2] iter 39 done: global_full_size=177424841
R0 [P2] iter 39: PRE-JOIN GPU mem: 83.0GB free / 85.1GB total | delta_size=3098613 full_size=177424841
R0 [P2] iter 39: join done, raw=3085612 result_size=3083353
R0 [P2] iter 39: split done, delta_size=3083353
R0 [P2] iter 39: dedup done, delta_size=3083353
R0 [P2] iter 39: subtract done, delta_size=3061693
R0 [P2] iter 39: merge done, full_size=180486534
R0 [P2] iter 40 done: global_full_size=180486534
R0 [P2] iter 40: PRE-JOIN GPU mem: 83.0GB free / 85.1GB total | delta_size=3061693 full_size=180486534
R0 [P2] iter 40: join done, raw=3049055 result_size=3046887
R0 [P2] iter 40: split done, delta_size=3046887
R0 [P2] iter 40: dedup done, delta_size=3046887
R0 [P2] iter 40: subtract done, delta_size=3025874
R0 [P2] iter 40: merge done, full_size=183512408
R0 [P2] iter 41 done: global_full_size=183512408
R0 [P2] iter 41: PRE-JOIN GPU mem: 83.0GB free / 85.1GB total | delta_size=3025874 full_size=183512408
R0 [P2] iter 41: join done, raw=3013495 result_size=3011400
R0 [P2] iter 41: split done, delta_size=3011400
R0 [P2] iter 41: dedup done, delta_size=3011400
R0 [P2] iter 41: subtract done, delta_size=2990958
R0 [P2] iter 41: merge done, full_size=186503366
R0 [P2] iter 42 done: global_full_size=186503366
R0 [P2] iter 42: PRE-JOIN GPU mem: 82.9GB free / 85.1GB total | delta_size=2990958 full_size=186503366
R0 [P2] iter 42: join done, raw=2978833 result_size=2976810
R0 [P2] iter 42: split done, delta_size=2976810
R0 [P2] iter 42: dedup done, delta_size=2976810
R0 [P2] iter 42: subtract done, delta_size=2956919
R0 [P2] iter 42: merge done, full_size=189460285
R0 [P2] iter 43 done: global_full_size=189460285
R0 [P2] iter 43: PRE-JOIN GPU mem: 82.9GB free / 85.1GB total | delta_size=2956919 full_size=189460285
R0 [P2] iter 43: join done, raw=2945115 result_size=2943155
R0 [P2] iter 43: split done, delta_size=2943155
R0 [P2] iter 43: dedup done, delta_size=2943155
R0 [P2] iter 43: subtract done, delta_size=2923837
R0 [P2] iter 43: merge done, full_size=192384122
R0 [P2] iter 44 done: global_full_size=192384122
R0 [P2] iter 44: PRE-JOIN GPU mem: 82.9GB free / 85.1GB total | delta_size=2923837 full_size=192384122
R0 [P2] iter 44: join done, raw=2912105 result_size=2910210
R0 [P2] iter 44: split done, delta_size=2910210
R0 [P2] iter 44: dedup done, delta_size=2910210
R0 [P2] iter 44: subtract done, delta_size=2891473
R0 [P2] iter 44: merge done, full_size=195275595
R0 [P2] iter 45 done: global_full_size=195275595
R0 [P2] iter 45: PRE-JOIN GPU mem: 82.9GB free / 85.1GB total | delta_size=2891473 full_size=195275595
R0 [P2] iter 45: join done, raw=2879951 result_size=2878121
R0 [P2] iter 45: split done, delta_size=2878121
R0 [P2] iter 45: dedup done, delta_size=2878121
R0 [P2] iter 45: subtract done, delta_size=2859920
R0 [P2] iter 45: merge done, full_size=198135515
R0 [P2] iter 46 done: global_full_size=198135515
R0 [P2] iter 46: PRE-JOIN GPU mem: 82.8GB free / 85.1GB total | delta_size=2859920 full_size=198135515
R0 [P2] iter 46: join done, raw=2848554 result_size=2846772
R0 [P2] iter 46: split done, delta_size=2846772
R0 [P2] iter 46: dedup done, delta_size=2846772
R0 [P2] iter 46: subtract done, delta_size=2829048
R0 [P2] iter 46: merge done, full_size=200964563
R0 [P2] iter 47 done: global_full_size=200964563
R0 [P2] iter 47: PRE-JOIN GPU mem: 82.8GB free / 85.1GB total | delta_size=2829048 full_size=200964563
R0 [P2] iter 47: join done, raw=2817925 result_size=2816205
R0 [P2] iter 47: split done, delta_size=2816205
R0 [P2] iter 47: dedup done, delta_size=2816205
R0 [P2] iter 47: subtract done, delta_size=2798892
R0 [P2] iter 47: merge done, full_size=203763455
R0 [P2] iter 48 done: global_full_size=203763455
R0 [P2] iter 48: PRE-JOIN GPU mem: 82.8GB free / 85.1GB total | delta_size=2798892 full_size=203763455
R0 [P2] iter 48: join done, raw=2788066 result_size=2786405
R0 [P2] iter 48: split done, delta_size=2786405
R0 [P2] iter 48: dedup done, delta_size=2786405
R0 [P2] iter 48: subtract done, delta_size=2769539
R0 [P2] iter 48: merge done, full_size=206532994
R0 [P2] iter 49 done: global_full_size=206532994
R0 [P2] iter 49: PRE-JOIN GPU mem: 82.8GB free / 85.1GB total | delta_size=2769539 full_size=206532994
R0 [P2] iter 49: join done, raw=2758761 result_size=2757150
R0 [P2] iter 49: split done, delta_size=2757150
R0 [P2] iter 49: dedup done, delta_size=2757150
R0 [P2] iter 49: subtract done, delta_size=2740711
R0 [P2] iter 49: merge done, full_size=209273705
R0 [P2] iter 50 done: global_full_size=209273705
R0 [P2] iter 50: PRE-JOIN GPU mem: 82.8GB free / 85.1GB total | delta_size=2740711 full_size=209273705
R0 [P2] iter 50: join done, raw=2730166 result_size=2728620
R0 [P2] iter 50: split done, delta_size=2728620
R0 [P2] iter 50: dedup done, delta_size=2728620
R0 [P2] iter 50: subtract done, delta_size=2712599
R0 [P2] iter 50: merge done, full_size=211986304
R0 [P2] iter 51 done: global_full_size=211986304
R0 [P2] iter 51: PRE-JOIN GPU mem: 82.7GB free / 85.1GB total | delta_size=2712599 full_size=211986304
R0 [P2] iter 51: join done, raw=2702261 result_size=2700761
R0 [P2] iter 51: split done, delta_size=2700761
R0 [P2] iter 51: dedup done, delta_size=2700761
R0 [P2] iter 51: subtract done, delta_size=2685133
R0 [P2] iter 51: merge done, full_size=214671437
R0 [P2] iter 52 done: global_full_size=214671437
R0 [P2] iter 52: PRE-JOIN GPU mem: 82.7GB free / 85.1GB total | delta_size=2685133 full_size=214671437
R0 [P2] iter 52: join done, raw=2675048 result_size=2673593
R0 [P2] iter 52: split done, delta_size=2673593
R0 [P2] iter 52: dedup done, delta_size=2673593
R0 [P2] iter 52: subtract done, delta_size=2658294
R0 [P2] iter 52: merge done, full_size=217329731
R0 [P2] iter 53 done: global_full_size=217329731
R0 [P2] iter 53: PRE-JOIN GPU mem: 82.7GB free / 85.1GB total | delta_size=2658294 full_size=217329731
R0 [P2] iter 53: join done, raw=2648450 result_size=2647018
R0 [P2] iter 53: split done, delta_size=2647018
R0 [P2] iter 53: dedup done, delta_size=2647018
R0 [P2] iter 53: subtract done, delta_size=2632062
R0 [P2] iter 53: merge done, full_size=219961793
R0 [P2] iter 54 done: global_full_size=219961793
R0 [P2] iter 54: PRE-JOIN GPU mem: 82.7GB free / 85.1GB total | delta_size=2632062 full_size=219961793
R0 [P2] iter 54: join done, raw=2622321 result_size=2620924
R0 [P2] iter 54: split done, delta_size=2620924
R0 [P2] iter 54: dedup done, delta_size=2620924
R0 [P2] iter 54: subtract done, delta_size=2606311
R0 [P2] iter 54: merge done, full_size=222568104
R0 [P2] iter 55 done: global_full_size=222568104
R0 [P2] iter 55: PRE-JOIN GPU mem: 82.7GB free / 85.1GB total | delta_size=2606311 full_size=222568104
R0 [P2] iter 55: join done, raw=2596842 result_size=2595488
R0 [P2] iter 55: split done, delta_size=2595488
R0 [P2] iter 55: dedup done, delta_size=2595488
R0 [P2] iter 55: subtract done, delta_size=2581194
R0 [P2] iter 55: merge done, full_size=225149298
R0 [P2] iter 56 done: global_full_size=225149298
R0 [P2] iter 56: PRE-JOIN GPU mem: 82.6GB free / 85.1GB total | delta_size=2581194 full_size=225149298
R0 [P2] iter 56: join done, raw=2571909 result_size=2570586
R0 [P2] iter 56: split done, delta_size=2570586
R0 [P2] iter 56: dedup done, delta_size=2570586
R0 [P2] iter 56: subtract done, delta_size=2556621
R0 [P2] iter 56: merge done, full_size=227705919
R0 [P2] iter 57 done: global_full_size=227705919
R0 [P2] iter 57: PRE-JOIN GPU mem: 82.6GB free / 85.1GB total | delta_size=2556621 full_size=227705919
R0 [P2] iter 57: join done, raw=2547557 result_size=2546272
R0 [P2] iter 57: split done, delta_size=2546272
R0 [P2] iter 57: dedup done, delta_size=2546272
R0 [P2] iter 57: subtract done, delta_size=2532595
R0 [P2] iter 57: merge done, full_size=230238514
R0 [P2] iter 58 done: global_full_size=230238514
R0 [P2] iter 58: PRE-JOIN GPU mem: 82.6GB free / 85.1GB total | delta_size=2532595 full_size=230238514
R0 [P2] iter 58: join done, raw=2523759 result_size=2522496
R0 [P2] iter 58: split done, delta_size=2522496
R0 [P2] iter 58: dedup done, delta_size=2522496
R0 [P2] iter 58: subtract done, delta_size=2509063
R0 [P2] iter 58: merge done, full_size=232747577
R0 [P2] iter 59 done: global_full_size=232747577
R0 [P2] iter 59: PRE-JOIN GPU mem: 82.6GB free / 85.1GB total | delta_size=2509063 full_size=232747577
R0 [P2] iter 59: join done, raw=2500429 result_size=2499192
R0 [P2] iter 59: split done, delta_size=2499192
R0 [P2] iter 59: dedup done, delta_size=2499192
R0 [P2] iter 59: subtract done, delta_size=2486027
R0 [P2] iter 59: merge done, full_size=235233604
R0 [P2] iter 60 done: global_full_size=235233604
R0 [P2] iter 60: PRE-JOIN GPU mem: 82.5GB free / 85.1GB total | delta_size=2486027 full_size=235233604
R0 [P2] iter 60: join done, raw=2477606 result_size=2476393
R0 [P2] iter 60: split done, delta_size=2476393
R0 [P2] iter 60: dedup done, delta_size=2476393
R0 [P2] iter 60: subtract done, delta_size=2463458
R0 [P2] iter 60: merge done, full_size=237697062
R0 [P2] iter 61 done: global_full_size=237697062
R0 [P2] iter 61: PRE-JOIN GPU mem: 82.5GB free / 85.1GB total | delta_size=2463458 full_size=237697062
R0 [P2] iter 61: join done, raw=2455155 result_size=2453964
R0 [P2] iter 61: split done, delta_size=2453964
R0 [P2] iter 61: dedup done, delta_size=2453964
R0 [P2] iter 61: subtract done, delta_size=2441277
R0 [P2] iter 61: merge done, full_size=240138339
R0 [P2] iter 62 done: global_full_size=240138339
R0 [P2] iter 62: PRE-JOIN GPU mem: 82.5GB free / 85.1GB total | delta_size=2441277 full_size=240138339
R0 [P2] iter 62: join done, raw=2433081 result_size=2431922
R0 [P2] iter 62: split done, delta_size=2431922
R0 [P2] iter 62: dedup done, delta_size=2431922
R0 [P2] iter 62: subtract done, delta_size=2419482
R0 [P2] iter 62: merge done, full_size=242557821
R0 [P2] iter 63 done: global_full_size=242557821
R0 [P2] iter 63: PRE-JOIN GPU mem: 82.5GB free / 85.1GB total | delta_size=2419482 full_size=242557821
R0 [P2] iter 63: join done, raw=2411429 result_size=2410291
R0 [P2] iter 63: split done, delta_size=2410291
R0 [P2] iter 63: dedup done, delta_size=2410291
R0 [P2] iter 63: subtract done, delta_size=2398059
R0 [P2] iter 63: merge done, full_size=244955880
R0 [P2] iter 64 done: global_full_size=244955880
R0 [P2] iter 64: PRE-JOIN GPU mem: 82.5GB free / 85.1GB total | delta_size=2398059 full_size=244955880
R0 [P2] iter 64: join done, raw=2390168 result_size=2389049
R0 [P2] iter 64: split done, delta_size=2389049
R0 [P2] iter 64: dedup done, delta_size=2389049
R0 [P2] iter 64: subtract done, delta_size=2377027
R0 [P2] iter 64: merge done, full_size=247332907
R0 [P2] iter 65 done: global_full_size=247332907
R0 [P2] iter 65: PRE-JOIN GPU mem: 82.5GB free / 85.1GB total | delta_size=2377027 full_size=247332907
R0 [P2] iter 65: join done, raw=2369287 result_size=2368201
R0 [P2] iter 65: split done, delta_size=2368201
R0 [P2] iter 65: dedup done, delta_size=2368201
R0 [P2] iter 65: subtract done, delta_size=2356400
R0 [P2] iter 65: merge done, full_size=249689307
R0 [P2] iter 66 done: global_full_size=249689307
R0 [P2] iter 66: PRE-JOIN GPU mem: 82.4GB free / 85.1GB total | delta_size=2356400 full_size=249689307
R0 [P2] iter 66: join done, raw=2348874 result_size=2347808
R0 [P2] iter 66: split done, delta_size=2347808
R0 [P2] iter 66: dedup done, delta_size=2347808
R0 [P2] iter 66: subtract done, delta_size=2336210
R0 [P2] iter 66: merge done, full_size=252025517
R0 [P2] iter 67 done: global_full_size=252025517
R0 [P2] iter 67: PRE-JOIN GPU mem: 82.4GB free / 85.1GB total | delta_size=2336210 full_size=252025517
R0 [P2] iter 67: join done, raw=2328850 result_size=2327808
R0 [P2] iter 67: split done, delta_size=2327808
R0 [P2] iter 67: dedup done, delta_size=2327808
R0 [P2] iter 67: subtract done, delta_size=2316373
R0 [P2] iter 67: merge done, full_size=254341890
R0 [P2] iter 68 done: global_full_size=254341890
R0 [P2] iter 68: PRE-JOIN GPU mem: 82.4GB free / 85.1GB total | delta_size=2316373 full_size=254341890
R0 [P2] iter 68: join done, raw=2309159 result_size=2308136
R0 [P2] iter 68: split done, delta_size=2308136
R0 [P2] iter 68: dedup done, delta_size=2308136
R0 [P2] iter 68: subtract done, delta_size=2296852
R0 [P2] iter 68: merge done, full_size=256638742
R0 [P2] iter 69 done: global_full_size=256638742
R0 [P2] iter 69: PRE-JOIN GPU mem: 82.4GB free / 85.1GB total | delta_size=2296852 full_size=256638742
R0 [P2] iter 69: join done, raw=2289835 result_size=2288830
R0 [P2] iter 69: split done, delta_size=2288830
R0 [P2] iter 69: dedup done, delta_size=2288830
R0 [P2] iter 69: subtract done, delta_size=2277707
R0 [P2] iter 69: merge done, full_size=258916449
R0 [P2] iter 70 done: global_full_size=258916449
R0 [P2] iter 70: PRE-JOIN GPU mem: 82.4GB free / 85.1GB total | delta_size=2277707 full_size=258916449
R0 [P2] iter 70: join done, raw=2270842 result_size=2269853
R0 [P2] iter 70: split done, delta_size=2269853
R0 [P2] iter 70: dedup done, delta_size=2269853
R0 [P2] iter 70: subtract done, delta_size=2258891
R0 [P2] iter 70: merge done, full_size=261175340
R0 [P2] iter 71 done: global_full_size=261175340
R0 [P2] iter 71: PRE-JOIN GPU mem: 82.3GB free / 85.1GB total | delta_size=2258891 full_size=261175340
R0 [P2] iter 71: join done, raw=2252206 result_size=2251227
R0 [P2] iter 71: split done, delta_size=2251227
R0 [P2] iter 71: dedup done, delta_size=2251227
R0 [P2] iter 71: subtract done, delta_size=2240417
R0 [P2] iter 71: merge done, full_size=263415757
R0 [P2] iter 72 done: global_full_size=263415757
R0 [P2] iter 72: PRE-JOIN GPU mem: 82.3GB free / 85.1GB total | delta_size=2240417 full_size=263415757
R0 [P2] iter 72: join done, raw=2233799 result_size=2232827
R0 [P2] iter 72: split done, delta_size=2232827
R0 [P2] iter 72: dedup done, delta_size=2232827
R0 [P2] iter 72: subtract done, delta_size=2222186
R0 [P2] iter 72: merge done, full_size=265637943
R0 [P2] iter 73 done: global_full_size=265637943
R0 [P2] iter 73: PRE-JOIN GPU mem: 82.3GB free / 85.1GB total | delta_size=2222186 full_size=265637943
R0 [P2] iter 73: join done, raw=2215633 result_size=2214669
R0 [P2] iter 73: split done, delta_size=2214669
R0 [P2] iter 73: dedup done, delta_size=2214669
R0 [P2] iter 73: subtract done, delta_size=2204161
R0 [P2] iter 73: merge done, full_size=267842104
R0 [P2] iter 74 done: global_full_size=267842104
R0 [P2] iter 74: PRE-JOIN GPU mem: 82.3GB free / 85.1GB total | delta_size=2204161 full_size=267842104
R0 [P2] iter 74: join done, raw=2197751 result_size=2196806
R0 [P2] iter 74: split done, delta_size=2196806
R0 [P2] iter 74: dedup done, delta_size=2196806
R0 [P2] iter 74: subtract done, delta_size=2186434
R0 [P2] iter 74: merge done, full_size=270028538
R0 [P2] iter 75 done: global_full_size=270028538
R0 [P2] iter 75: PRE-JOIN GPU mem: 82.3GB free / 85.1GB total | delta_size=2186434 full_size=270028538
R0 [P2] iter 75: join done, raw=2180182 result_size=2179259
R0 [P2] iter 75: split done, delta_size=2179259
R0 [P2] iter 75: dedup done, delta_size=2179259
R0 [P2] iter 75: subtract done, delta_size=2169052
R0 [P2] iter 75: merge done, full_size=272197590
R0 [P2] iter 76 done: global_full_size=272197590
R0 [P2] iter 76: PRE-JOIN GPU mem: 82.3GB free / 85.1GB total | delta_size=2169052 full_size=272197590
R0 [P2] iter 76: join done, raw=2162921 result_size=2162009
R0 [P2] iter 76: split done, delta_size=2162009
R0 [P2] iter 76: dedup done, delta_size=2162009
R0 [P2] iter 76: subtract done, delta_size=2151944
R0 [P2] iter 76: merge done, full_size=274349534
R0 [P2] iter 77 done: global_full_size=274349534
R0 [P2] iter 77: PRE-JOIN GPU mem: 82.2GB free / 85.1GB total | delta_size=2151944 full_size=274349534
R0 [P2] iter 77: join done, raw=2145924 result_size=2145033
R0 [P2] iter 77: split done, delta_size=2145033
R0 [P2] iter 77: dedup done, delta_size=2145033
R0 [P2] iter 77: subtract done, delta_size=2135104
R0 [P2] iter 77: merge done, full_size=276484638
R0 [P2] iter 78 done: global_full_size=276484638
R0 [P2] iter 78: PRE-JOIN GPU mem: 82.2GB free / 85.1GB total | delta_size=2135104 full_size=276484638
R0 [P2] iter 78: join done, raw=2129181 result_size=2128313
R0 [P2] iter 78: split done, delta_size=2128313
R0 [P2] iter 78: dedup done, delta_size=2128313
R0 [P2] iter 78: subtract done, delta_size=2118511
R0 [P2] iter 78: merge done, full_size=278603149
R0 [P2] iter 79 done: global_full_size=278603149
R0 [P2] iter 79: PRE-JOIN GPU mem: 82.2GB free / 85.1GB total | delta_size=2118511 full_size=278603149
R0 [P2] iter 79: join done, raw=2112631 result_size=2111778
R0 [P2] iter 79: split done, delta_size=2111778
R0 [P2] iter 79: dedup done, delta_size=2111778
R0 [P2] iter 79: subtract done, delta_size=2102114
R0 [P2] iter 79: merge done, full_size=280705263
R0 [P2] iter 80 done: global_full_size=280705263
R0 [P2] iter 80: PRE-JOIN GPU mem: 82.2GB free / 85.1GB total | delta_size=2102114 full_size=280705263
R0 [P2] iter 80: join done, raw=2096352 result_size=2095517
R0 [P2] iter 80: split done, delta_size=2095517
R0 [P2] iter 80: dedup done, delta_size=2095517
R0 [P2] iter 80: subtract done, delta_size=2085990
R0 [P2] iter 80: merge done, full_size=282791253
R0 [P2] iter 81 done: global_full_size=282791253
R0 [P2] iter 81: PRE-JOIN GPU mem: 82.2GB free / 85.1GB total | delta_size=2085990 full_size=282791253
R0 [P2] iter 81: join done, raw=2080301 result_size=2079480
R0 [P2] iter 81: split done, delta_size=2079480
R0 [P2] iter 81: dedup done, delta_size=2079480
R0 [P2] iter 81: subtract done, delta_size=2070081
R0 [P2] iter 81: merge done, full_size=284861334
R0 [P2] iter 82 done: global_full_size=284861334
R0 [P2] iter 82: PRE-JOIN GPU mem: 82.2GB free / 85.1GB total | delta_size=2070081 full_size=284861334
R0 [P2] iter 82: join done, raw=2064477 result_size=2063671
R0 [P2] iter 82: split done, delta_size=2063671
R0 [P2] iter 82: dedup done, delta_size=2063671
R0 [P2] iter 82: subtract done, delta_size=2054389
R0 [P2] iter 82: merge done, full_size=286915723
R0 [P2] iter 83 done: global_full_size=286915723
R0 [P2] iter 83: PRE-JOIN GPU mem: 82.1GB free / 85.1GB total | delta_size=2054389 full_size=286915723
R0 [P2] iter 83: join done, raw=2048793 result_size=2048002
R0 [P2] iter 83: split done, delta_size=2048002
R0 [P2] iter 83: dedup done, delta_size=2048002
R0 [P2] iter 83: subtract done, delta_size=2038836
R0 [P2] iter 83: merge done, full_size=288954559
R0 [P2] iter 84 done: global_full_size=288954559
R0 [P2] iter 84: PRE-JOIN GPU mem: 82.1GB free / 85.1GB total | delta_size=2038836 full_size=288954559
R0 [P2] iter 84: join done, raw=2033331 result_size=2032551
R0 [P2] iter 84: split done, delta_size=2032551
R0 [P2] iter 84: dedup done, delta_size=2032551
R0 [P2] iter 84: subtract done, delta_size=2023512
R0 [P2] iter 84: merge done, full_size=290978071
R0 [P2] iter 85 done: global_full_size=290978071
R0 [P2] iter 85: PRE-JOIN GPU mem: 82.1GB free / 85.1GB total | delta_size=2023512 full_size=290978071
R0 [P2] iter 85: join done, raw=2018035 result_size=2017266
R0 [P2] iter 85: split done, delta_size=2017266
R0 [P2] iter 85: dedup done, delta_size=2017266
R0 [P2] iter 85: subtract done, delta_size=2008353
R0 [P2] iter 85: merge done, full_size=292986424
R0 [P2] iter 86 done: global_full_size=292986424
R0 [P2] iter 86: PRE-JOIN GPU mem: 82.1GB free / 85.1GB total | delta_size=2008353 full_size=292986424
R0 [P2] iter 86: join done, raw=2002922 result_size=2002170
R0 [P2] iter 86: split done, delta_size=2002170
R0 [P2] iter 86: dedup done, delta_size=2002170
R0 [P2] iter 86: subtract done, delta_size=1993361
R0 [P2] iter 86: merge done, full_size=294979785
R0 [P2] iter 87 done: global_full_size=294979785
R0 [P2] iter 87: PRE-JOIN GPU mem: 82.1GB free / 85.1GB total | delta_size=1993361 full_size=294979785
R0 [P2] iter 87: join done, raw=1988001 result_size=1987264
R0 [P2] iter 87: split done, delta_size=1987264
R0 [P2] iter 87: dedup done, delta_size=1987264
R0 [P2] iter 87: subtract done, delta_size=1978551
R0 [P2] iter 87: merge done, full_size=296958336
R0 [P2] iter 88 done: global_full_size=296958336
R0 [P2] iter 88: PRE-JOIN GPU mem: 82.1GB free / 85.1GB total | delta_size=1978551 full_size=296958336
R0 [P2] iter 88: join done, raw=1973319 result_size=1972598
R0 [P2] iter 88: split done, delta_size=1972598
R0 [P2] iter 88: dedup done, delta_size=1972598
R0 [P2] iter 88: subtract done, delta_size=1964015
R0 [P2] iter 88: merge done, full_size=298922351
R0 [P2] iter 89 done: global_full_size=298922351
R0 [P2] iter 89: PRE-JOIN GPU mem: 82.0GB free / 85.1GB total | delta_size=1964015 full_size=298922351
R0 [P2] iter 89: join done, raw=1958861 result_size=1958145
R0 [P2] iter 89: split done, delta_size=1958145
R0 [P2] iter 89: dedup done, delta_size=1958145
R0 [P2] iter 89: subtract done, delta_size=1949679
R0 [P2] iter 89: merge done, full_size=300872030
R0 [P2] iter 90 done: global_full_size=300872030
R0 [P2] iter 90: PRE-JOIN GPU mem: 82.0GB free / 85.1GB total | delta_size=1949679 full_size=300872030
R0 [P2] iter 90: join done, raw=1944584 result_size=1943876
R0 [P2] iter 90: split done, delta_size=1943876
R0 [P2] iter 90: dedup done, delta_size=1943876
R0 [P2] iter 90: subtract done, delta_size=1935535
R0 [P2] iter 90: merge done, full_size=302807565
R0 [P2] iter 91 done: global_full_size=302807565
R0 [P2] iter 91: PRE-JOIN GPU mem: 82.0GB free / 85.1GB total | delta_size=1935535 full_size=302807565
R0 [P2] iter 91: join done, raw=1930439 result_size=1929736
R0 [P2] iter 91: split done, delta_size=1929736
R0 [P2] iter 91: dedup done, delta_size=1929736
R0 [P2] iter 91: subtract done, delta_size=1921505
R0 [P2] iter 91: merge done, full_size=304729070
R0 [P2] iter 92 done: global_full_size=304729070
R0 [P2] iter 92: PRE-JOIN GPU mem: 82.0GB free / 85.1GB total | delta_size=1921505 full_size=304729070
R0 [P2] iter 92: join done, raw=1916529 result_size=1915837
R0 [P2] iter 92: split done, delta_size=1915837
R0 [P2] iter 92: dedup done, delta_size=1915837
R0 [P2] iter 92: subtract done, delta_size=1907706
R0 [P2] iter 92: merge done, full_size=306636776
R0 [P2] iter 93 done: global_full_size=306636776
R0 [P2] iter 93: PRE-JOIN GPU mem: 82.0GB free / 85.1GB total | delta_size=1907706 full_size=306636776
R0 [P2] iter 93: join done, raw=1902828 result_size=1902143
R0 [P2] iter 93: split done, delta_size=1902143
R0 [P2] iter 93: dedup done, delta_size=1902143
R0 [P2] iter 93: subtract done, delta_size=1894129
R0 [P2] iter 93: merge done, full_size=308530905
R0 [P2] iter 94 done: global_full_size=308530905
R0 [P2] iter 94: PRE-JOIN GPU mem: 82.0GB free / 85.1GB total | delta_size=1894129 full_size=308530905
R0 [P2] iter 94: join done, raw=1889304 result_size=1888629
R0 [P2] iter 94: split done, delta_size=1888629
R0 [P2] iter 94: dedup done, delta_size=1888629
R0 [P2] iter 94: subtract done, delta_size=1880711
R0 [P2] iter 94: merge done, full_size=310411616
R0 [P2] iter 95 done: global_full_size=310411616
R0 [P2] iter 95: PRE-JOIN GPU mem: 82.0GB free / 85.1GB total | delta_size=1880711 full_size=310411616
R0 [P2] iter 95: join done, raw=1876007 result_size=1875337
R0 [P2] iter 95: split done, delta_size=1875337
R0 [P2] iter 95: dedup done, delta_size=1875337
R0 [P2] iter 95: subtract done, delta_size=1867524
R0 [P2] iter 95: merge done, full_size=312279140
R0 [P2] iter 96 done: global_full_size=312279140
R0 [P2] iter 96: PRE-JOIN GPU mem: 81.9GB free / 85.1GB total | delta_size=1867524 full_size=312279140
R0 [P2] iter 96: join done, raw=1862901 result_size=1862236
R0 [P2] iter 96: split done, delta_size=1862236
R0 [P2] iter 96: dedup done, delta_size=1862236
R0 [P2] iter 96: subtract done, delta_size=1854509
R0 [P2] iter 96: merge done, full_size=314133649
R0 [P2] iter 97 done: global_full_size=314133649
R0 [P2] iter 97: PRE-JOIN GPU mem: 81.9GB free / 85.1GB total | delta_size=1854509 full_size=314133649
R0 [P2] iter 97: join done, raw=1849948 result_size=1849291
R0 [P2] iter 97: split done, delta_size=1849291
R0 [P2] iter 97: dedup done, delta_size=1849291
R0 [P2] iter 97: subtract done, delta_size=1841638
R0 [P2] iter 97: merge done, full_size=315975287
R0 [P2] iter 98 done: global_full_size=315975287
R0 [P2] iter 98: PRE-JOIN GPU mem: 81.9GB free / 85.1GB total | delta_size=1841638 full_size=315975287
R0 [P2] iter 98: join done, raw=1837143 result_size=1836492
R0 [P2] iter 98: split done, delta_size=1836492
R0 [P2] iter 98: dedup done, delta_size=1836492
R0 [P2] iter 98: subtract done, delta_size=1828929
R0 [P2] iter 98: merge done, full_size=317804216
R0 [P2] iter 99 done: global_full_size=317804216
R0 [P2] iter 99: PRE-JOIN GPU mem: 81.9GB free / 85.1GB total | delta_size=1828929 full_size=317804216
R0 [P2] iter 99: join done, raw=1824511 result_size=1823872
R0 [P2] iter 99: split done, delta_size=1823872
R0 [P2] iter 99: dedup done, delta_size=1823872
R0 [P2] iter 99: subtract done, delta_size=1816395
R0 [P2] iter 99: merge done, full_size=319620611
R0 [P2] iter 100 done: global_full_size=319620611
R0 [P2] iter 100: PRE-JOIN GPU mem: 81.9GB free / 85.1GB total | delta_size=1816395 full_size=319620611
R0 [P2] iter 100: join done, raw=1812019 result_size=1811388
R0 [P2] iter 100: split done, delta_size=1811388
R0 [P2] iter 100: dedup done, delta_size=1811388
R0 [P2] iter 100: subtract done, delta_size=1803979
R0 [P2] iter 100: merge done, full_size=321424590
R0 [P2] iter 101 done: global_full_size=321424590
R0 [P2] iter 101: PRE-JOIN GPU mem: 81.9GB free / 85.1GB total | delta_size=1803979 full_size=321424590
R0 [P2] iter 101: join done, raw=1799681 result_size=1799059
R0 [P2] iter 101: split done, delta_size=1799059
R0 [P2] iter 101: dedup done, delta_size=1799059
R0 [P2] iter 101: subtract done, delta_size=1791749
R0 [P2] iter 101: merge done, full_size=323216339
R0 [P2] iter 102 done: global_full_size=323216339
R0 [P2] iter 102: PRE-JOIN GPU mem: 81.9GB free / 85.1GB total | delta_size=1791749 full_size=323216339
R0 [P2] iter 102: join done, raw=1787444 result_size=1786826
R0 [P2] iter 102: split done, delta_size=1786826
R0 [P2] iter 102: dedup done, delta_size=1786826
R0 [P2] iter 102: subtract done, delta_size=1779608
R0 [P2] iter 102: merge done, full_size=324995947
R0 [P2] iter 103 done: global_full_size=324995947
R0 [P2] iter 103: PRE-JOIN GPU mem: 81.8GB free / 85.1GB total | delta_size=1779608 full_size=324995947
R0 [P2] iter 103: join done, raw=1775342 result_size=1774734
R0 [P2] iter 103: split done, delta_size=1774734
R0 [P2] iter 103: dedup done, delta_size=1774734
R0 [P2] iter 103: subtract done, delta_size=1767618
R0 [P2] iter 103: merge done, full_size=326763565
R0 [P2] iter 104 done: global_full_size=326763565
R0 [P2] iter 104: PRE-JOIN GPU mem: 81.8GB free / 85.1GB total | delta_size=1767618 full_size=326763565
R0 [P2] iter 104: join done, raw=1763393 result_size=1762791
R0 [P2] iter 104: split done, delta_size=1762791
R0 [P2] iter 104: dedup done, delta_size=1762791
R0 [P2] iter 104: subtract done, delta_size=1755766
R0 [P2] iter 104: merge done, full_size=328519331
R0 [P2] iter 105 done: global_full_size=328519331
R0 [P2] iter 105: PRE-JOIN GPU mem: 81.8GB free / 85.1GB total | delta_size=1755766 full_size=328519331
R0 [P2] iter 105: join done, raw=1751642 result_size=1751046
R0 [P2] iter 105: split done, delta_size=1751046
R0 [P2] iter 105: dedup done, delta_size=1751046
R0 [P2] iter 105: subtract done, delta_size=1744106
R0 [P2] iter 105: merge done, full_size=330263437
R0 [P2] iter 106 done: global_full_size=330263437
R0 [P2] iter 106: PRE-JOIN GPU mem: 81.8GB free / 85.1GB total | delta_size=1744106 full_size=330263437
R0 [P2] iter 106: join done, raw=1739985 result_size=1739392
R0 [P2] iter 106: split done, delta_size=1739392
R0 [P2] iter 106: dedup done, delta_size=1739392
R0 [P2] iter 106: subtract done, delta_size=1732516
R0 [P2] iter 106: merge done, full_size=331995953
R0 [P2] iter 107 done: global_full_size=331995953
R0 [P2] iter 107: PRE-JOIN GPU mem: 81.8GB free / 85.1GB total | delta_size=1732516 full_size=331995953
R0 [P2] iter 107: join done, raw=1728495 result_size=1727911
R0 [P2] iter 107: split done, delta_size=1727911
R0 [P2] iter 107: dedup done, delta_size=1727911
R0 [P2] iter 107: subtract done, delta_size=1721123
R0 [P2] iter 107: merge done, full_size=333717076
R0 [P2] iter 108 done: global_full_size=333717076
R0 [P2] iter 108: PRE-JOIN GPU mem: 81.8GB free / 85.1GB total | delta_size=1721123 full_size=333717076
R0 [P2] iter 108: join done, raw=1717158 result_size=1716577
R0 [P2] iter 108: split done, delta_size=1716577
R0 [P2] iter 108: dedup done, delta_size=1716577
R0 [P2] iter 108: subtract done, delta_size=1709864
R0 [P2] iter 108: merge done, full_size=335426940
R0 [P2] iter 109 done: global_full_size=335426940
R0 [P2] iter 109: PRE-JOIN GPU mem: 81.8GB free / 85.1GB total | delta_size=1709864 full_size=335426940
R0 [P2] iter 109: join done, raw=1705962 result_size=1705387
R0 [P2] iter 109: split done, delta_size=1705387
R0 [P2] iter 109: dedup done, delta_size=1705387
R0 [P2] iter 109: subtract done, delta_size=1698738
R0 [P2] iter 109: merge done, full_size=337125678
R0 [P2] iter 110 done: global_full_size=337125678
R0 [P2] iter 110: PRE-JOIN GPU mem: 81.7GB free / 85.1GB total | delta_size=1698738 full_size=337125678
R0 [P2] iter 110: join done, raw=1694935 result_size=1694367
R0 [P2] iter 110: split done, delta_size=1694367
R0 [P2] iter 110: dedup done, delta_size=1694367
R0 [P2] iter 110: subtract done, delta_size=1687782
R0 [P2] iter 110: merge done, full_size=338813460
R0 [P2] iter 111 done: global_full_size=338813460
R0 [P2] iter 111: PRE-JOIN GPU mem: 81.7GB free / 85.1GB total | delta_size=1687782 full_size=338813460
R0 [P2] iter 111: join done, raw=1683989 result_size=1683427
R0 [P2] iter 111: split done, delta_size=1683427
R0 [P2] iter 111: dedup done, delta_size=1683427
R0 [P2] iter 111: subtract done, delta_size=1676900
R0 [P2] iter 111: merge done, full_size=340490360
R0 [P2] iter 112 done: global_full_size=340490360
R0 [P2] iter 112: PRE-JOIN GPU mem: 81.7GB free / 85.1GB total | delta_size=1676900 full_size=340490360
R0 [P2] iter 112: join done, raw=1673214 result_size=1672656
R0 [P2] iter 112: split done, delta_size=1672656
R0 [P2] iter 112: dedup done, delta_size=1672656
R0 [P2] iter 112: subtract done, delta_size=1666188
R0 [P2] iter 112: merge done, full_size=342156548
R0 [P2] iter 113 done: global_full_size=342156548
R0 [P2] iter 113: PRE-JOIN GPU mem: 81.7GB free / 85.1GB total | delta_size=1666188 full_size=342156548
R0 [P2] iter 113: join done, raw=1662474 result_size=1661920
R0 [P2] iter 113: split done, delta_size=1661920
R0 [P2] iter 113: dedup done, delta_size=1661920
R0 [P2] iter 113: subtract done, delta_size=1655516
R0 [P2] iter 113: merge done, full_size=343812064
R0 [P2] iter 114 done: global_full_size=343812064
R0 [P2] iter 114: PRE-JOIN GPU mem: 81.7GB free / 85.1GB total | delta_size=1655516 full_size=343812064
R0 [P2] iter 114: join done, raw=1651839 result_size=1651295
R0 [P2] iter 114: split done, delta_size=1651295
R0 [P2] iter 114: dedup done, delta_size=1651295
R0 [P2] iter 114: subtract done, delta_size=1644950
R0 [P2] iter 114: merge done, full_size=345457014
R0 [P2] iter 115 done: global_full_size=345457014
R0 [P2] iter 115: PRE-JOIN GPU mem: 81.7GB free / 85.1GB total | delta_size=1644950 full_size=345457014
R0 [P2] iter 115: join done, raw=1641299 result_size=1640767
R0 [P2] iter 115: split done, delta_size=1640767
R0 [P2] iter 115: dedup done, delta_size=1640767
R0 [P2] iter 115: subtract done, delta_size=1634482
R0 [P2] iter 115: merge done, full_size=347091496
R0 [P2] iter 116 done: global_full_size=347091496
R0 [P2] iter 116: PRE-JOIN GPU mem: 81.7GB free / 85.1GB total | delta_size=1634482 full_size=347091496
R0 [P2] iter 116: join done, raw=1630868 result_size=1630338
R0 [P2] iter 116: split done, delta_size=1630338
R0 [P2] iter 116: dedup done, delta_size=1630338
R0 [P2] iter 116: subtract done, delta_size=1624096
R0 [P2] iter 116: merge done, full_size=348715592
R0 [P2] iter 117 done: global_full_size=348715592
R0 [P2] iter 117: PRE-JOIN GPU mem: 81.6GB free / 85.1GB total | delta_size=1624096 full_size=348715592
R0 [P2] iter 117: join done, raw=1620482 result_size=1619963
R0 [P2] iter 117: split done, delta_size=1619963
R0 [P2] iter 117: dedup done, delta_size=1619963
R0 [P2] iter 117: subtract done, delta_size=1613790
R0 [P2] iter 117: merge done, full_size=350329382
R0 [P2] iter 118 done: global_full_size=350329382
R0 [P2] iter 118: PRE-JOIN GPU mem: 81.6GB free / 85.1GB total | delta_size=1613790 full_size=350329382
R0 [P2] iter 118: join done, raw=1610223 result_size=1609719
R0 [P2] iter 118: split done, delta_size=1609719
R0 [P2] iter 118: dedup done, delta_size=1609719
R0 [P2] iter 118: subtract done, delta_size=1603606
R0 [P2] iter 118: merge done, full_size=351932988
R0 [P2] iter 119 done: global_full_size=351932988
R0 [P2] iter 119: PRE-JOIN GPU mem: 81.6GB free / 85.1GB total | delta_size=1603606 full_size=351932988
R0 [P2] iter 119: join done, raw=1600067 result_size=1599573
R0 [P2] iter 119: split done, delta_size=1599573
R0 [P2] iter 119: dedup done, delta_size=1599573
R0 [P2] iter 119: subtract done, delta_size=1593523
R0 [P2] iter 119: merge done, full_size=353526511
R0 [P2] iter 120 done: global_full_size=353526511
R0 [P2] iter 120: PRE-JOIN GPU mem: 81.6GB free / 85.1GB total | delta_size=1593523 full_size=353526511
R0 [P2] iter 120: join done, raw=1589998 result_size=1589514
R0 [P2] iter 120: split done, delta_size=1589514
R0 [P2] iter 120: dedup done, delta_size=1589514
R0 [P2] iter 120: subtract done, delta_size=1583526
R0 [P2] iter 120: merge done, full_size=355110037
R0 [P2] iter 121 done: global_full_size=355110037
R0 [P2] iter 121: PRE-JOIN GPU mem: 81.6GB free / 85.1GB total | delta_size=1583526 full_size=355110037
R0 [P2] iter 121: join done, raw=1580031 result_size=1579556
R0 [P2] iter 121: split done, delta_size=1579556
R0 [P2] iter 121: dedup done, delta_size=1579556
R0 [P2] iter 121: subtract done, delta_size=1573632
R0 [P2] iter 121: merge done, full_size=356683669
R0 [P2] iter 122 done: global_full_size=356683669
R0 [P2] iter 122: PRE-JOIN GPU mem: 81.6GB free / 85.1GB total | delta_size=1573632 full_size=356683669
R0 [P2] iter 122: join done, raw=1570166 result_size=1569697
R0 [P2] iter 122: split done, delta_size=1569697
R0 [P2] iter 122: dedup done, delta_size=1569697
R0 [P2] iter 122: subtract done, delta_size=1563837
R0 [P2] iter 122: merge done, full_size=358247506
R0 [P2] iter 123 done: global_full_size=358247506
R0 [P2] iter 123: PRE-JOIN GPU mem: 81.6GB free / 85.1GB total | delta_size=1563837 full_size=358247506
R0 [P2] iter 123: join done, raw=1560415 result_size=1559951
R0 [P2] iter 123: split done, delta_size=1559951
R0 [P2] iter 123: dedup done, delta_size=1559951
R0 [P2] iter 123: subtract done, delta_size=1554148
R0 [P2] iter 123: merge done, full_size=359801654
R0 [P2] iter 124 done: global_full_size=359801654
R0 [P2] iter 124: PRE-JOIN GPU mem: 81.6GB free / 85.1GB total | delta_size=1554148 full_size=359801654
R0 [P2] iter 124: join done, raw=1550724 result_size=1550268
R0 [P2] iter 124: split done, delta_size=1550268
R0 [P2] iter 124: dedup done, delta_size=1550268
R0 [P2] iter 124: subtract done, delta_size=1544541
R0 [P2] iter 124: merge done, full_size=361346195
R0 [P2] iter 125 done: global_full_size=361346195
R0 [P2] iter 125: PRE-JOIN GPU mem: 81.5GB free / 85.1GB total | delta_size=1544541 full_size=361346195
R0 [P2] iter 125: join done, raw=1541125 result_size=1540680
R0 [P2] iter 125: split done, delta_size=1540680
R0 [P2] iter 125: dedup done, delta_size=1540680
R0 [P2] iter 125: subtract done, delta_size=1535022
R0 [P2] iter 125: merge done, full_size=362881217
R0 [P2] iter 126 done: global_full_size=362881217
R0 [P2] iter 126: PRE-JOIN GPU mem: 81.5GB free / 85.1GB total | delta_size=1535022 full_size=362881217
R0 [P2] iter 126: join done, raw=1531658 result_size=1531226
R0 [P2] iter 126: split done, delta_size=1531226
R0 [P2] iter 126: dedup done, delta_size=1531226
R0 [P2] iter 126: subtract done, delta_size=1525642
R0 [P2] iter 126: merge done, full_size=364406859
R0 [P2] iter 127 done: global_full_size=364406859
R0 [P2] iter 127: PRE-JOIN GPU mem: 81.5GB free / 85.1GB total | delta_size=1525642 full_size=364406859
R0 [P2] iter 127: join done, raw=1522291 result_size=1521871
R0 [P2] iter 127: split done, delta_size=1521871
R0 [P2] iter 127: dedup done, delta_size=1521871
R0 [P2] iter 127: subtract done, delta_size=1516354
R0 [P2] iter 127: merge done, full_size=365923213
R0 [P2] iter 128 done: global_full_size=365923213
R0 [P2] iter 128: PRE-JOIN GPU mem: 81.5GB free / 85.1GB total | delta_size=1516354 full_size=365923213
R0 [P2] iter 128: join done, raw=1513031 result_size=1512618
R0 [P2] iter 128: split done, delta_size=1512618
R0 [P2] iter 128: dedup done, delta_size=1512618
R0 [P2] iter 128: subtract done, delta_size=1507173
R0 [P2] iter 128: merge done, full_size=367430386
R0 [P2] iter 129 done: global_full_size=367430386
R0 [P2] iter 129: PRE-JOIN GPU mem: 81.5GB free / 85.1GB total | delta_size=1507173 full_size=367430386
R0 [P2] iter 129: join done, raw=1503911 result_size=1503504
R0 [P2] iter 129: split done, delta_size=1503504
R0 [P2] iter 129: dedup done, delta_size=1503504
R0 [P2] iter 129: subtract done, delta_size=1498131
R0 [P2] iter 129: merge done, full_size=368928517
R0 [P2] iter 130 done: global_full_size=368928517
R0 [P2] iter 130: PRE-JOIN GPU mem: 81.5GB free / 85.1GB total | delta_size=1498131 full_size=368928517
R0 [P2] iter 130: join done, raw=1494935 result_size=1494538
R0 [P2] iter 130: split done, delta_size=1494538
R0 [P2] iter 130: dedup done, delta_size=1494538
R0 [P2] iter 130: subtract done, delta_size=1489228
R0 [P2] iter 130: merge done, full_size=370417745
R0 [P2] iter 131 done: global_full_size=370417745
R0 [P2] iter 131: PRE-JOIN GPU mem: 81.5GB free / 85.1GB total | delta_size=1489228 full_size=370417745
R0 [P2] iter 131: join done, raw=1486035 result_size=1485643
R0 [P2] iter 131: split done, delta_size=1485643
R0 [P2] iter 131: dedup done, delta_size=1485643
R0 [P2] iter 131: subtract done, delta_size=1480388
R0 [P2] iter 131: merge done, full_size=371898133
R0 [P2] iter 132 done: global_full_size=371898133
R0 [P2] iter 132: PRE-JOIN GPU mem: 81.5GB free / 85.1GB total | delta_size=1480388 full_size=371898133
R0 [P2] iter 132: join done, raw=1477192 result_size=1476804
R0 [P2] iter 132: split done, delta_size=1476804
R0 [P2] iter 132: dedup done, delta_size=1476804
R0 [P2] iter 132: subtract done, delta_size=1471602
R0 [P2] iter 132: merge done, full_size=373369735
R0 [P2] iter 133 done: global_full_size=373369735
R0 [P2] iter 133: PRE-JOIN GPU mem: 81.5GB free / 85.1GB total | delta_size=1471602 full_size=373369735
R0 [P2] iter 133: join done, raw=1468423 result_size=1468043
R0 [P2] iter 133: split done, delta_size=1468043
R0 [P2] iter 133: dedup done, delta_size=1468043
R0 [P2] iter 133: subtract done, delta_size=1462918
R0 [P2] iter 133: merge done, full_size=374832653
R0 [P2] iter 134 done: global_full_size=374832653
R0 [P2] iter 134: PRE-JOIN GPU mem: 81.4GB free / 85.1GB total | delta_size=1462918 full_size=374832653
R0 [P2] iter 134: join done, raw=1459773 result_size=1459398
R0 [P2] iter 134: split done, delta_size=1459398
R0 [P2] iter 134: dedup done, delta_size=1459398
R0 [P2] iter 134: subtract done, delta_size=1454322
R0 [P2] iter 134: merge done, full_size=376286975
R0 [P2] iter 135 done: global_full_size=376286975
R0 [P2] iter 135: PRE-JOIN GPU mem: 81.4GB free / 85.1GB total | delta_size=1454322 full_size=376286975
R0 [P2] iter 135: join done, raw=1451221 result_size=1450853
R0 [P2] iter 135: split done, delta_size=1450853
R0 [P2] iter 135: dedup done, delta_size=1450853
R0 [P2] iter 135: subtract done, delta_size=1445834
R0 [P2] iter 135: merge done, full_size=377732809
R0 [P2] iter 136 done: global_full_size=377732809
R0 [P2] iter 136: PRE-JOIN GPU mem: 81.4GB free / 85.1GB total | delta_size=1445834 full_size=377732809
R0 [P2] iter 136: join done, raw=1442750 result_size=1442385
R0 [P2] iter 136: split done, delta_size=1442385
R0 [P2] iter 136: dedup done, delta_size=1442385
R0 [P2] iter 136: subtract done, delta_size=1437423
R0 [P2] iter 136: merge done, full_size=379170232
R0 [P2] iter 137 done: global_full_size=379170232
R0 [P2] iter 137: PRE-JOIN GPU mem: 81.4GB free / 85.1GB total | delta_size=1437423 full_size=379170232
R0 [P2] iter 137: join done, raw=1434375 result_size=1434013
R0 [P2] iter 137: split done, delta_size=1434013
R0 [P2] iter 137: dedup done, delta_size=1434013
R0 [P2] iter 137: subtract done, delta_size=1429093
R0 [P2] iter 137: merge done, full_size=380599325
R0 [P2] iter 138 done: global_full_size=380599325
R0 [P2] iter 138: PRE-JOIN GPU mem: 81.4GB free / 85.1GB total | delta_size=1429093 full_size=380599325
R0 [P2] iter 138: join done, raw=1426039 result_size=1425681
R0 [P2] iter 138: split done, delta_size=1425681
R0 [P2] iter 138: dedup done, delta_size=1425681
R0 [P2] iter 138: subtract done, delta_size=1420811
R0 [P2] iter 138: merge done, full_size=382020136
R0 [P2] iter 139 done: global_full_size=382020136
R0 [P2] iter 139: PRE-JOIN GPU mem: 81.4GB free / 85.1GB total | delta_size=1420811 full_size=382020136
R0 [P2] iter 139: join done, raw=1417754 result_size=1417397
R0 [P2] iter 139: split done, delta_size=1417397
R0 [P2] iter 139: dedup done, delta_size=1417397
R0 [P2] iter 139: subtract done, delta_size=1412577
R0 [P2] iter 139: merge done, full_size=383432713
R0 [P2] iter 140 done: global_full_size=383432713
R0 [P2] iter 140: PRE-JOIN GPU mem: 81.4GB free / 85.1GB total | delta_size=1412577 full_size=383432713
R0 [P2] iter 140: join done, raw=1409510 result_size=1409155
R0 [P2] iter 140: split done, delta_size=1409155
R0 [P2] iter 140: dedup done, delta_size=1409155
R0 [P2] iter 140: subtract done, delta_size=1404382
R0 [P2] iter 140: merge done, full_size=384837095
R0 [P2] iter 141 done: global_full_size=384837095
R0 [P2] iter 141: PRE-JOIN GPU mem: 81.4GB free / 85.1GB total | delta_size=1404382 full_size=384837095
R0 [P2] iter 141: join done, raw=1401362 result_size=1401011
R0 [P2] iter 141: split done, delta_size=1401011
R0 [P2] iter 141: dedup done, delta_size=1401011
R0 [P2] iter 141: subtract done, delta_size=1396283
R0 [P2] iter 141: merge done, full_size=386233378
R0 [P2] iter 142 done: global_full_size=386233378
R0 [P2] iter 142: PRE-JOIN GPU mem: 81.4GB free / 85.1GB total | delta_size=1396283 full_size=386233378
R0 [P2] iter 142: join done, raw=1393309 result_size=1392963
R0 [P2] iter 142: split done, delta_size=1392963
R0 [P2] iter 142: dedup done, delta_size=1392963
R0 [P2] iter 142: subtract done, delta_size=1388265
R0 [P2] iter 142: merge done, full_size=387621643
R0 [P2] iter 143 done: global_full_size=387621643
R0 [P2] iter 143: PRE-JOIN GPU mem: 81.3GB free / 85.1GB total | delta_size=1388265 full_size=387621643
R0 [P2] iter 143: join done, raw=1385295 result_size=1384952
R0 [P2] iter 143: split done, delta_size=1384952
R0 [P2] iter 143: dedup done, delta_size=1384952
R0 [P2] iter 143: subtract done, delta_size=1380298
R0 [P2] iter 143: merge done, full_size=389001941
R0 [P2] iter 144 done: global_full_size=389001941
R0 [P2] iter 144: PRE-JOIN GPU mem: 81.3GB free / 85.1GB total | delta_size=1380298 full_size=389001941
R0 [P2] iter 144: join done, raw=1377395 result_size=1377053
R0 [P2] iter 144: split done, delta_size=1377053
R0 [P2] iter 144: dedup done, delta_size=1377053
R0 [P2] iter 144: subtract done, delta_size=1372437
R0 [P2] iter 144: merge done, full_size=390374378
R0 [P2] iter 145 done: global_full_size=390374378
R0 [P2] iter 145: PRE-JOIN GPU mem: 81.3GB free / 85.1GB total | delta_size=1372437 full_size=390374378
R0 [P2] iter 145: join done, raw=1369571 result_size=1369231
R0 [P2] iter 145: split done, delta_size=1369231
R0 [P2] iter 145: dedup done, delta_size=1369231
R0 [P2] iter 145: subtract done, delta_size=1364641
R0 [P2] iter 145: merge done, full_size=391739019
R0 [P2] iter 146 done: global_full_size=391739019
R0 [P2] iter 146: PRE-JOIN GPU mem: 81.3GB free / 85.1GB total | delta_size=1364641 full_size=391739019
R0 [P2] iter 146: join done, raw=1361807 result_size=1361469
R0 [P2] iter 146: split done, delta_size=1361469
R0 [P2] iter 146: dedup done, delta_size=1361469
R0 [P2] iter 146: subtract done, delta_size=1356927
R0 [P2] iter 146: merge done, full_size=393095946
R0 [P2] iter 147 done: global_full_size=393095946
R0 [P2] iter 147: PRE-JOIN GPU mem: 81.3GB free / 85.1GB total | delta_size=1356927 full_size=393095946
R0 [P2] iter 147: join done, raw=1354110 result_size=1353777
R0 [P2] iter 147: split done, delta_size=1353777
R0 [P2] iter 147: dedup done, delta_size=1353777
R0 [P2] iter 147: subtract done, delta_size=1349286
R0 [P2] iter 147: merge done, full_size=394445232
R0 [P2] iter 148 done: global_full_size=394445232
R0 [P2] iter 148: PRE-JOIN GPU mem: 81.3GB free / 85.1GB total | delta_size=1349286 full_size=394445232
R0 [P2] iter 148: join done, raw=1346504 result_size=1346172
R0 [P2] iter 148: split done, delta_size=1346172
R0 [P2] iter 148: dedup done, delta_size=1346172
R0 [P2] iter 148: subtract done, delta_size=1341726
R0 [P2] iter 148: merge done, full_size=395786958
R0 [P2] iter 149 done: global_full_size=395786958
R0 [P2] iter 149: PRE-JOIN GPU mem: 81.3GB free / 85.1GB total | delta_size=1341726 full_size=395786958
R0 [P2] iter 149: join done, raw=1338919 result_size=1338590
R0 [P2] iter 149: split done, delta_size=1338590
R0 [P2] iter 149: dedup done, delta_size=1338590
R0 [P2] iter 149: subtract done, delta_size=1334186
R0 [P2] iter 149: merge done, full_size=397121144
R0 [P2] iter 150 done: global_full_size=397121144
R0 [P2] iter 150: PRE-JOIN GPU mem: 81.3GB free / 85.1GB total | delta_size=1334186 full_size=397121144
R0 [P2] iter 150: join done, raw=1331391 result_size=1331063
R0 [P2] iter 150: split done, delta_size=1331063
R0 [P2] iter 150: dedup done, delta_size=1331063
R0 [P2] iter 150: subtract done, delta_size=1326695
R0 [P2] iter 150: merge done, full_size=398447839
R0 [P2] iter 151 done: global_full_size=398447839
R0 [P2] iter 151: PRE-JOIN GPU mem: 81.3GB free / 85.1GB total | delta_size=1326695 full_size=398447839
R0 [P2] iter 151: join done, raw=1323941 result_size=1323616
R0 [P2] iter 151: split done, delta_size=1323616
R0 [P2] iter 151: dedup done, delta_size=1323616
R0 [P2] iter 151: subtract done, delta_size=1319291
R0 [P2] iter 151: merge done, full_size=399767130
R0 [P2] iter 152 done: global_full_size=399767130
R0 [P2] iter 152: PRE-JOIN GPU mem: 81.2GB free / 85.1GB total | delta_size=1319291 full_size=399767130
R0 [P2] iter 152: join done, raw=1316574 result_size=1316250
R0 [P2] iter 152: split done, delta_size=1316250
R0 [P2] iter 152: dedup done, delta_size=1316250
R0 [P2] iter 152: subtract done, delta_size=1311969
R0 [P2] iter 152: merge done, full_size=401079099
R0 [P2] iter 153 done: global_full_size=401079099
R0 [P2] iter 153: PRE-JOIN GPU mem: 81.2GB free / 85.1GB total | delta_size=1311969 full_size=401079099
R0 [P2] iter 153: join done, raw=1309265 result_size=1308943
R0 [P2] iter 153: split done, delta_size=1308943
R0 [P2] iter 153: dedup done, delta_size=1308943
R0 [P2] iter 153: subtract done, delta_size=1304688
R0 [P2] iter 153: merge done, full_size=402383787
R0 [P2] iter 154 done: global_full_size=402383787
R0 [P2] iter 154: PRE-JOIN GPU mem: 81.2GB free / 85.1GB total | delta_size=1304688 full_size=402383787
R0 [P2] iter 154: join done, raw=1301995 result_size=1301678
R0 [P2] iter 154: split done, delta_size=1301678
R0 [P2] iter 154: dedup done, delta_size=1301678
R0 [P2] iter 154: subtract done, delta_size=1297471
R0 [P2] iter 154: merge done, full_size=403681258
R0 [P2] iter 155 done: global_full_size=403681258
R0 [P2] iter 155: PRE-JOIN GPU mem: 81.2GB free / 85.1GB total | delta_size=1297471 full_size=403681258
R0 [P2] iter 155: join done, raw=1294817 result_size=1294507
R0 [P2] iter 155: split done, delta_size=1294507
R0 [P2] iter 155: dedup done, delta_size=1294507
R0 [P2] iter 155: subtract done, delta_size=1290333
R0 [P2] iter 155: merge done, full_size=404971591
R0 [P2] iter 156 done: global_full_size=404971591
R0 [P2] iter 156: PRE-JOIN GPU mem: 81.2GB free / 85.1GB total | delta_size=1290333 full_size=404971591
R0 [P2] iter 156: join done, raw=1287700 result_size=1287394
R0 [P2] iter 156: split done, delta_size=1287394
R0 [P2] iter 156: dedup done, delta_size=1287394
R0 [P2] iter 156: subtract done, delta_size=1283259
R0 [P2] iter 156: merge done, full_size=406254850
R0 [P2] iter 157 done: global_full_size=406254850
R0 [P2] iter 157: PRE-JOIN GPU mem: 81.2GB free / 85.1GB total | delta_size=1283259 full_size=406254850
R0 [P2] iter 157: join done, raw=1280662 result_size=1280358
R0 [P2] iter 157: split done, delta_size=1280358
R0 [P2] iter 157: dedup done, delta_size=1280358
R0 [P2] iter 157: subtract done, delta_size=1276251
R0 [P2] iter 157: merge done, full_size=407531101
R0 [P2] iter 158 done: global_full_size=407531101
R0 [P2] iter 158: PRE-JOIN GPU mem: 81.2GB free / 85.1GB total | delta_size=1276251 full_size=407531101
R0 [P2] iter 158: join done, raw=1273638 result_size=1273335
R0 [P2] iter 158: split done, delta_size=1273335
R0 [P2] iter 158: dedup done, delta_size=1273335
R0 [P2] iter 158: subtract done, delta_size=1269255
R0 [P2] iter 158: merge done, full_size=408800356
R0 [P2] iter 159 done: global_full_size=408800356
R0 [P2] iter 159: PRE-JOIN GPU mem: 81.2GB free / 85.1GB total | delta_size=1269255 full_size=408800356
R0 [P2] iter 159: join done, raw=1266649 result_size=1266348
R0 [P2] iter 159: split done, delta_size=1266348
R0 [P2] iter 159: dedup done, delta_size=1266348
R0 [P2] iter 159: subtract done, delta_size=1262301
R0 [P2] iter 159: merge done, full_size=410062657
R0 [P2] iter 160 done: global_full_size=410062657
R0 [P2] iter 160: PRE-JOIN GPU mem: 81.2GB free / 85.1GB total | delta_size=1262301 full_size=410062657
R0 [P2] iter 160: join done, raw=1259688 result_size=1259392
R0 [P2] iter 160: split done, delta_size=1259392
R0 [P2] iter 160: dedup done, delta_size=1259392
R0 [P2] iter 160: subtract done, delta_size=1255372
R0 [P2] iter 160: merge done, full_size=411318029
R0 [P2] iter 161 done: global_full_size=411318029
R0 [P2] iter 161: PRE-JOIN GPU mem: 81.2GB free / 85.1GB total | delta_size=1255372 full_size=411318029
R0 [P2] iter 161: join done, raw=1252835 result_size=1252543
R0 [P2] iter 161: split done, delta_size=1252543
R0 [P2] iter 161: dedup done, delta_size=1252543
R0 [P2] iter 161: subtract done, delta_size=1248554
R0 [P2] iter 161: merge done, full_size=412566583
R0 [P2] iter 162 done: global_full_size=412566583
R0 [P2] iter 162: PRE-JOIN GPU mem: 81.1GB free / 85.1GB total | delta_size=1248554 full_size=412566583
R0 [P2] iter 162: join done, raw=1246028 result_size=1245740
R0 [P2] iter 162: split done, delta_size=1245740
R0 [P2] iter 162: dedup done, delta_size=1245740
R0 [P2] iter 162: subtract done, delta_size=1241798
R0 [P2] iter 162: merge done, full_size=413808381
R0 [P2] iter 163 done: global_full_size=413808381
R0 [P2] iter 163: PRE-JOIN GPU mem: 81.1GB free / 85.1GB total | delta_size=1241798 full_size=413808381
R0 [P2] iter 163: join done, raw=1239306 result_size=1239020
R0 [P2] iter 163: split done, delta_size=1239020
R0 [P2] iter 163: dedup done, delta_size=1239020
R0 [P2] iter 163: subtract done, delta_size=1235108
R0 [P2] iter 163: merge done, full_size=415043489
R0 [P2] iter 164 done: global_full_size=415043489
R0 [P2] iter 164: PRE-JOIN GPU mem: 81.1GB free / 85.1GB total | delta_size=1235108 full_size=415043489
R0 [P2] iter 164: join done, raw=1232617 result_size=1232337
R0 [P2] iter 164: split done, delta_size=1232337
R0 [P2] iter 164: dedup done, delta_size=1232337
R0 [P2] iter 164: subtract done, delta_size=1228457
R0 [P2] iter 164: merge done, full_size=416271946
R0 [P2] iter 165 done: global_full_size=416271946
R0 [P2] iter 165: PRE-JOIN GPU mem: 81.1GB free / 85.1GB total | delta_size=1228457 full_size=416271946
R0 [P2] iter 165: join done, raw=1225996 result_size=1225722
R0 [P2] iter 165: split done, delta_size=1225722
R0 [P2] iter 165: dedup done, delta_size=1225722
R0 [P2] iter 165: subtract done, delta_size=1221883
R0 [P2] iter 165: merge done, full_size=417493829
R0 [P2] iter 166 done: global_full_size=417493829
R0 [P2] iter 166: PRE-JOIN GPU mem: 81.1GB free / 85.1GB total | delta_size=1221883 full_size=417493829
R0 [P2] iter 166: join done, raw=1219417 result_size=1219144
R0 [P2] iter 166: split done, delta_size=1219144
R0 [P2] iter 166: dedup done, delta_size=1219144
R0 [P2] iter 166: subtract done, delta_size=1215335
R0 [P2] iter 166: merge done, full_size=418709164
R0 [P2] iter 167 done: global_full_size=418709164
R0 [P2] iter 167: PRE-JOIN GPU mem: 81.1GB free / 85.1GB total | delta_size=1215335 full_size=418709164
R0 [P2] iter 167: join done, raw=1212899 result_size=1212627
R0 [P2] iter 167: split done, delta_size=1212627
R0 [P2] iter 167: dedup done, delta_size=1212627
R0 [P2] iter 167: subtract done, delta_size=1208853
R0 [P2] iter 167: merge done, full_size=419918017
R0 [P2] iter 168 done: global_full_size=419918017
R0 [P2] iter 168: PRE-JOIN GPU mem: 81.1GB free / 85.1GB total | delta_size=1208853 full_size=419918017
R0 [P2] iter 168: join done, raw=1206411 result_size=1206140
R0 [P2] iter 168: split done, delta_size=1206140
R0 [P2] iter 168: dedup done, delta_size=1206140
R0 [P2] iter 168: subtract done, delta_size=1202399
R0 [P2] iter 168: merge done, full_size=421120416
R0 [P2] iter 169 done: global_full_size=421120416
R0 [P2] iter 169: PRE-JOIN GPU mem: 81.1GB free / 85.1GB total | delta_size=1202399 full_size=421120416
R0 [P2] iter 169: join done, raw=1200010 result_size=1199742
R0 [P2] iter 169: split done, delta_size=1199742
R0 [P2] iter 169: dedup done, delta_size=1199742
R0 [P2] iter 169: subtract done, delta_size=1196026
R0 [P2] iter 169: merge done, full_size=422316442
R0 [P2] iter 170 done: global_full_size=422316442
R0 [P2] iter 170: PRE-JOIN GPU mem: 81.1GB free / 85.1GB total | delta_size=1196026 full_size=422316442
R0 [P2] iter 170: join done, raw=1193701 result_size=1193433
R0 [P2] iter 170: split done, delta_size=1193433
R0 [P2] iter 170: dedup done, delta_size=1193433
R0 [P2] iter 170: subtract done, delta_size=1189746
R0 [P2] iter 170: merge done, full_size=423506188
R0 [P2] iter 171 done: global_full_size=423506188
R0 [P2] iter 171: PRE-JOIN GPU mem: 81.1GB free / 85.1GB total | delta_size=1189746 full_size=423506188
R0 [P2] iter 171: join done, raw=1187369 result_size=1187103
R0 [P2] iter 171: split done, delta_size=1187103
R0 [P2] iter 171: dedup done, delta_size=1187103
R0 [P2] iter 171: subtract done, delta_size=1183446
R0 [P2] iter 171: merge done, full_size=424689634
R0 [P2] iter 172 done: global_full_size=424689634
R0 [P2] iter 172: PRE-JOIN GPU mem: 81.0GB free / 85.1GB total | delta_size=1183446 full_size=424689634
R0 [P2] iter 172: join done, raw=1181092 result_size=1180829
R0 [P2] iter 172: split done, delta_size=1180829
R0 [P2] iter 172: dedup done, delta_size=1180829
R0 [P2] iter 172: subtract done, delta_size=1177209
R0 [P2] iter 172: merge done, full_size=425866843
R0 [P2] iter 173 done: global_full_size=425866843
R0 [P2] iter 173: PRE-JOIN GPU mem: 81.0GB free / 85.1GB total | delta_size=1177209 full_size=425866843
R0 [P2] iter 173: join done, raw=1174877 result_size=1174616
R0 [P2] iter 173: split done, delta_size=1174616
R0 [P2] iter 173: dedup done, delta_size=1174616
R0 [P2] iter 173: subtract done, delta_size=1171025
R0 [P2] iter 173: merge done, full_size=427037868
R0 [P2] iter 174 done: global_full_size=427037868
R0 [P2] iter 174: PRE-JOIN GPU mem: 81.0GB free / 85.1GB total | delta_size=1171025 full_size=427037868
R0 [P2] iter 174: join done, raw=1168711 result_size=1168454
R0 [P2] iter 174: split done, delta_size=1168454
R0 [P2] iter 174: dedup done, delta_size=1168454
R0 [P2] iter 174: subtract done, delta_size=1164895
R0 [P2] iter 174: merge done, full_size=428202763
R0 [P2] iter 175 done: global_full_size=428202763
R0 [P2] iter 175: PRE-JOIN GPU mem: 81.0GB free / 85.1GB total | delta_size=1164895 full_size=428202763
R0 [P2] iter 175: join done, raw=1162609 result_size=1162355
R0 [P2] iter 175: split done, delta_size=1162355
R0 [P2] iter 175: dedup done, delta_size=1162355
R0 [P2] iter 175: subtract done, delta_size=1158822
R0 [P2] iter 175: merge done, full_size=429361585
R0 [P2] iter 176 done: global_full_size=429361585
R0 [P2] iter 176: PRE-JOIN GPU mem: 81.0GB free / 85.1GB total | delta_size=1158822 full_size=429361585
R0 [P2] iter 176: join done, raw=1156606 result_size=1156357
R0 [P2] iter 176: split done, delta_size=1156357
R0 [P2] iter 176: dedup done, delta_size=1156357
R0 [P2] iter 176: subtract done, delta_size=1152851
R0 [P2] iter 176: merge done, full_size=430514436
R0 [P2] iter 177 done: global_full_size=430514436
R0 [P2] iter 177: PRE-JOIN GPU mem: 81.0GB free / 85.1GB total | delta_size=1152851 full_size=430514436
R0 [P2] iter 177: join done, raw=1150643 result_size=1150395
R0 [P2] iter 177: split done, delta_size=1150395
R0 [P2] iter 177: dedup done, delta_size=1150395
R0 [P2] iter 177: subtract done, delta_size=1146922
R0 [P2] iter 177: merge done, full_size=431661358
R0 [P2] iter 178 done: global_full_size=431661358
R0 [P2] iter 178: PRE-JOIN GPU mem: 81.0GB free / 85.1GB total | delta_size=1146922 full_size=431661358
R0 [P2] iter 178: join done, raw=1144739 result_size=1144495
R0 [P2] iter 178: split done, delta_size=1144495
R0 [P2] iter 178: dedup done, delta_size=1144495
R0 [P2] iter 178: subtract done, delta_size=1141035
R0 [P2] iter 178: merge done, full_size=432802393
R0 [P2] iter 179 done: global_full_size=432802393
R0 [P2] iter 179: PRE-JOIN GPU mem: 81.0GB free / 85.1GB total | delta_size=1141035 full_size=432802393
R0 [P2] iter 179: join done, raw=1138833 result_size=1138591
R0 [P2] iter 179: split done, delta_size=1138591
R0 [P2] iter 179: dedup done, delta_size=1138591
R0 [P2] iter 179: subtract done, delta_size=1135159
R0 [P2] iter 179: merge done, full_size=433937552
R0 [P2] iter 180 done: global_full_size=433937552
R0 [P2] iter 180: PRE-JOIN GPU mem: 81.0GB free / 85.1GB total | delta_size=1135159 full_size=433937552
R0 [P2] iter 180: join done, raw=1132998 result_size=1132762
R0 [P2] iter 180: split done, delta_size=1132762
R0 [P2] iter 180: dedup done, delta_size=1132762
R0 [P2] iter 180: subtract done, delta_size=1129361
R0 [P2] iter 180: merge done, full_size=435066913
R0 [P2] iter 181 done: global_full_size=435066913
R0 [P2] iter 181: PRE-JOIN GPU mem: 81.0GB free / 85.1GB total | delta_size=1129361 full_size=435066913
R0 [P2] iter 181: join done, raw=1127183 result_size=1126950
R0 [P2] iter 181: split done, delta_size=1126950
R0 [P2] iter 181: dedup done, delta_size=1126950
R0 [P2] iter 181: subtract done, delta_size=1123571
R0 [P2] iter 181: merge done, full_size=436190484
R0 [P2] iter 182 done: global_full_size=436190484
R0 [P2] iter 182: PRE-JOIN GPU mem: 81.0GB free / 85.1GB total | delta_size=1123571 full_size=436190484
R0 [P2] iter 182: join done, raw=1121377 result_size=1121147
R0 [P2] iter 182: split done, delta_size=1121147
R0 [P2] iter 182: dedup done, delta_size=1121147
R0 [P2] iter 182: subtract done, delta_size=1117794
R0 [P2] iter 182: merge done, full_size=437308278
R0 [P2] iter 183 done: global_full_size=437308278
R0 [P2] iter 183: PRE-JOIN GPU mem: 80.9GB free / 85.1GB total | delta_size=1117794 full_size=437308278
R0 [P2] iter 183: join done, raw=1115631 result_size=1115403
R0 [P2] iter 183: split done, delta_size=1115403
R0 [P2] iter 183: dedup done, delta_size=1115403
R0 [P2] iter 183: subtract done, delta_size=1112081
R0 [P2] iter 183: merge done, full_size=438420359
R0 [P2] iter 184 done: global_full_size=438420359
R0 [P2] iter 184: PRE-JOIN GPU mem: 80.9GB free / 85.1GB total | delta_size=1112081 full_size=438420359
R0 [P2] iter 184: join done, raw=1109958 result_size=1109732
R0 [P2] iter 184: split done, delta_size=1109732
R0 [P2] iter 184: dedup done, delta_size=1109732
R0 [P2] iter 184: subtract done, delta_size=1106432
R0 [P2] iter 184: merge done, full_size=439526791
R0 [P2] iter 185 done: global_full_size=439526791
R0 [P2] iter 185: PRE-JOIN GPU mem: 80.9GB free / 85.1GB total | delta_size=1106432 full_size=439526791
R0 [P2] iter 185: join done, raw=1104320 result_size=1104093
R0 [P2] iter 185: split done, delta_size=1104093
R0 [P2] iter 185: dedup done, delta_size=1104093
R0 [P2] iter 185: subtract done, delta_size=1100818
R0 [P2] iter 185: merge done, full_size=440627609
R0 [P2] iter 186 done: global_full_size=440627609
R0 [P2] iter 186: PRE-JOIN GPU mem: 80.9GB free / 85.1GB total | delta_size=1100818 full_size=440627609
R0 [P2] iter 186: join done, raw=1098715 result_size=1098488
R0 [P2] iter 186: split done, delta_size=1098488
R0 [P2] iter 186: dedup done, delta_size=1098488
R0 [P2] iter 186: subtract done, delta_size=1095235
R0 [P2] iter 186: merge done, full_size=441722844
R0 [P2] iter 187 done: global_full_size=441722844
R0 [P2] iter 187: PRE-JOIN GPU mem: 80.9GB free / 85.1GB total | delta_size=1095235 full_size=441722844
R0 [P2] iter 187: join done, raw=1093150 result_size=1092925
R0 [P2] iter 187: split done, delta_size=1092925
R0 [P2] iter 187: dedup done, delta_size=1092925
R0 [P2] iter 187: subtract done, delta_size=1089712
R0 [P2] iter 187: merge done, full_size=442812556
R0 [P2] iter 188 done: global_full_size=442812556
R0 [P2] iter 188: PRE-JOIN GPU mem: 80.9GB free / 85.1GB total | delta_size=1089712 full_size=442812556
R0 [P2] iter 188: join done, raw=1087633 result_size=1087409
R0 [P2] iter 188: split done, delta_size=1087409
R0 [P2] iter 188: dedup done, delta_size=1087409
R0 [P2] iter 188: subtract done, delta_size=1084211
R0 [P2] iter 188: merge done, full_size=443896767
R0 [P2] iter 189 done: global_full_size=443896767
R0 [P2] iter 189: PRE-JOIN GPU mem: 80.9GB free / 85.1GB total | delta_size=1084211 full_size=443896767
R0 [P2] iter 189: join done, raw=1082125 result_size=1081902
R0 [P2] iter 189: split done, delta_size=1081902
R0 [P2] iter 189: dedup done, delta_size=1081902
R0 [P2] iter 189: subtract done, delta_size=1078724
R0 [P2] iter 189: merge done, full_size=444975491
R0 [P2] iter 190 done: global_full_size=444975491
R0 [P2] iter 190: PRE-JOIN GPU mem: 80.9GB free / 85.1GB total | delta_size=1078724 full_size=444975491
R0 [P2] iter 190: join done, raw=1076657 result_size=1076435
R0 [P2] iter 190: split done, delta_size=1076435
R0 [P2] iter 190: dedup done, delta_size=1076435
R0 [P2] iter 190: subtract done, delta_size=1073283
R0 [P2] iter 190: merge done, full_size=446048774
R0 [P2] iter 191 done: global_full_size=446048774
R0 [P2] iter 191: PRE-JOIN GPU mem: 80.9GB free / 85.1GB total | delta_size=1073283 full_size=446048774
R0 [P2] iter 191: join done, raw=1071202 result_size=1070980
R0 [P2] iter 191: split done, delta_size=1070980
R0 [P2] iter 191: dedup done, delta_size=1070980
R0 [P2] iter 191: subtract done, delta_size=1067853
R0 [P2] iter 191: merge done, full_size=447116627
R0 [P2] iter 192 done: global_full_size=447116627
R0 [P2] iter 192: PRE-JOIN GPU mem: 80.9GB free / 85.1GB total | delta_size=1067853 full_size=447116627
R0 [P2] iter 192: join done, raw=1065792 result_size=1065571
R0 [P2] iter 192: split done, delta_size=1065571
R0 [P2] iter 192: dedup done, delta_size=1065571
R0 [P2] iter 192: subtract done, delta_size=1062464
R0 [P2] iter 192: merge done, full_size=448179091
R0 [P2] iter 193 done: global_full_size=448179091
R0 [P2] iter 193: PRE-JOIN GPU mem: 80.9GB free / 85.1GB total | delta_size=1062464 full_size=448179091
R0 [P2] iter 193: join done, raw=1060429 result_size=1060210
R0 [P2] iter 193: split done, delta_size=1060210
R0 [P2] iter 193: dedup done, delta_size=1060210
R0 [P2] iter 193: subtract done, delta_size=1057119
R0 [P2] iter 193: merge done, full_size=449236210
R0 [P2] iter 194 done: global_full_size=449236210
R0 [P2] iter 194: PRE-JOIN GPU mem: 80.8GB free / 85.1GB total | delta_size=1057119 full_size=449236210
R0 [P2] iter 194: join done, raw=1055128 result_size=1054910
R0 [P2] iter 194: split done, delta_size=1054910
R0 [P2] iter 194: dedup done, delta_size=1054910
R0 [P2] iter 194: subtract done, delta_size=1051827
R0 [P2] iter 194: merge done, full_size=450288037
R0 [P2] iter 195 done: global_full_size=450288037
R0 [P2] iter 195: PRE-JOIN GPU mem: 80.8GB free / 85.1GB total | delta_size=1051827 full_size=450288037
R0 [P2] iter 195: join done, raw=1049869 result_size=1049651
R0 [P2] iter 195: split done, delta_size=1049651
R0 [P2] iter 195: dedup done, delta_size=1049651
R0 [P2] iter 195: subtract done, delta_size=1046583
R0 [P2] iter 195: merge done, full_size=451334620
R0 [P2] iter 196 done: global_full_size=451334620
R0 [P2] iter 196: PRE-JOIN GPU mem: 80.8GB free / 85.1GB total | delta_size=1046583 full_size=451334620
R0 [P2] iter 196: join done, raw=1044657 result_size=1044439
R0 [P2] iter 196: split done, delta_size=1044439
R0 [P2] iter 196: dedup done, delta_size=1044439
R0 [P2] iter 196: subtract done, delta_size=1041388
R0 [P2] iter 196: merge done, full_size=452376008
R0 [P2] iter 197 done: global_full_size=452376008
R0 [P2] iter 197: PRE-JOIN GPU mem: 80.8GB free / 85.1GB total | delta_size=1041388 full_size=452376008
R0 [P2] iter 197: join done, raw=1039467 result_size=1039250
R0 [P2] iter 197: split done, delta_size=1039250
R0 [P2] iter 197: dedup done, delta_size=1039250
R0 [P2] iter 197: subtract done, delta_size=1036225
R0 [P2] iter 197: merge done, full_size=453412233
R0 [P2] iter 198 done: global_full_size=453412233
R0 [P2] iter 198: PRE-JOIN GPU mem: 80.8GB free / 85.1GB total | delta_size=1036225 full_size=453412233
R0 [P2] iter 198: join done, raw=1034349 result_size=1034132
R0 [P2] iter 198: split done, delta_size=1034132
R0 [P2] iter 198: dedup done, delta_size=1034132
R0 [P2] iter 198: subtract done, delta_size=1031120
R0 [P2] iter 198: merge done, full_size=454443353
R0 [P2] iter 199 done: global_full_size=454443353
R0 [P2] iter 199: PRE-JOIN GPU mem: 80.8GB free / 85.1GB total | delta_size=1031120 full_size=454443353
R0 [P2] iter 199: join done, raw=1029275 result_size=1029056
R0 [P2] iter 199: split done, delta_size=1029056
R0 [P2] iter 199: dedup done, delta_size=1029056
R0 [P2] iter 199: subtract done, delta_size=1026060
R0 [P2] iter 199: merge done, full_size=455469413
R0 [P2] iter 200 done: global_full_size=455469413
R0 [P2] iter 200: PRE-JOIN GPU mem: 80.8GB free / 85.1GB total | delta_size=1026060 full_size=455469413
R0 [P2] iter 200: join done, raw=1024234 result_size=1024017
R0 [P2] iter 200: split done, delta_size=1024017
R0 [P2] iter 200: dedup done, delta_size=1024017
R0 [P2] iter 200: subtract done, delta_size=1021040
R0 [P2] iter 200: merge done, full_size=456490453
R0 [P2] iter 201 done: global_full_size=456490453
R0 [P2] iter 201: PRE-JOIN GPU mem: 80.8GB free / 85.1GB total | delta_size=1021040 full_size=456490453
R0 [P2] iter 201: join done, raw=1019220 result_size=1019003
R0 [P2] iter 201: split done, delta_size=1019003
R0 [P2] iter 201: dedup done, delta_size=1019003
R0 [P2] iter 201: subtract done, delta_size=1016044
R0 [P2] iter 201: merge done, full_size=457506497
R0 [P2] iter 202 done: global_full_size=457506497
R0 [P2] iter 202: PRE-JOIN GPU mem: 80.8GB free / 85.1GB total | delta_size=1016044 full_size=457506497
R0 [P2] iter 202: join done, raw=1014222 result_size=1014006
R0 [P2] iter 202: split done, delta_size=1014006
R0 [P2] iter 202: dedup done, delta_size=1014006
R0 [P2] iter 202: subtract done, delta_size=1011059
R0 [P2] iter 202: merge done, full_size=458517556
R0 [P2] iter 203 done: global_full_size=458517556
R0 [P2] iter 203: PRE-JOIN GPU mem: 80.8GB free / 85.1GB total | delta_size=1011059 full_size=458517556
R0 [P2] iter 203: join done, raw=1009264 result_size=1009049
R0 [P2] iter 203: split done, delta_size=1009049
R0 [P2] iter 203: dedup done, delta_size=1009049
R0 [P2] iter 203: subtract done, delta_size=1006122
R0 [P2] iter 203: merge done, full_size=459523678
R0 [P2] iter 204 done: global_full_size=459523678
R0 [P2] iter 204: PRE-JOIN GPU mem: 80.8GB free / 85.1GB total | delta_size=1006122 full_size=459523678
R0 [P2] iter 204: join done, raw=1004349 result_size=1004135
R0 [P2] iter 204: split done, delta_size=1004135
R0 [P2] iter 204: dedup done, delta_size=1004135
R0 [P2] iter 204: subtract done, delta_size=1001221
R0 [P2] iter 204: merge done, full_size=460524899
R0 [P2] iter 205 done: global_full_size=460524899
R0 [P2] iter 205: PRE-JOIN GPU mem: 80.8GB free / 85.1GB total | delta_size=1001221 full_size=460524899
R0 [P2] iter 205: join done, raw=999461 result_size=999247
R0 [P2] iter 205: split done, delta_size=999247
R0 [P2] iter 205: dedup done, delta_size=999247
R0 [P2] iter 205: subtract done, delta_size=996351
R0 [P2] iter 205: merge done, full_size=461521250
R0 [P2] iter 206 done: global_full_size=461521250
R0 [P2] iter 206: PRE-JOIN GPU mem: 80.8GB free / 85.1GB total | delta_size=996351 full_size=461521250
R0 [P2] iter 206: join done, raw=994589 result_size=994376
R0 [P2] iter 206: split done, delta_size=994376
R0 [P2] iter 206: dedup done, delta_size=994376
R0 [P2] iter 206: subtract done, delta_size=991499
R0 [P2] iter 206: merge done, full_size=462512749
R0 [P2] iter 207 done: global_full_size=462512749
R0 [P2] iter 207: PRE-JOIN GPU mem: 80.7GB free / 85.1GB total | delta_size=991499 full_size=462512749
R0 [P2] iter 207: join done, raw=989729 result_size=989519
R0 [P2] iter 207: split done, delta_size=989519
R0 [P2] iter 207: dedup done, delta_size=989519
R0 [P2] iter 207: subtract done, delta_size=986662
R0 [P2] iter 207: merge done, full_size=463499411
R0 [P2] iter 208 done: global_full_size=463499411
R0 [P2] iter 208: PRE-JOIN GPU mem: 80.7GB free / 85.1GB total | delta_size=986662 full_size=463499411
R0 [P2] iter 208: join done, raw=984916 result_size=984708
R0 [P2] iter 208: split done, delta_size=984708
R0 [P2] iter 208: dedup done, delta_size=984708
R0 [P2] iter 208: subtract done, delta_size=981868
R0 [P2] iter 208: merge done, full_size=464481279
R0 [P2] iter 209 done: global_full_size=464481279
R0 [P2] iter 209: PRE-JOIN GPU mem: 80.7GB free / 85.1GB total | delta_size=981868 full_size=464481279
R0 [P2] iter 209: join done, raw=980151 result_size=979944
R0 [P2] iter 209: split done, delta_size=979944
R0 [P2] iter 209: dedup done, delta_size=979944
R0 [P2] iter 209: subtract done, delta_size=977123
R0 [P2] iter 209: merge done, full_size=465458402
R0 [P2] iter 210 done: global_full_size=465458402
R0 [P2] iter 210: PRE-JOIN GPU mem: 80.7GB free / 85.1GB total | delta_size=977123 full_size=465458402
R0 [P2] iter 210: join done, raw=975417 result_size=975211
R0 [P2] iter 210: split done, delta_size=975211
R0 [P2] iter 210: dedup done, delta_size=975211
R0 [P2] iter 210: subtract done, delta_size=972408
R0 [P2] iter 210: merge done, full_size=466430810
R0 [P2] iter 211 done: global_full_size=466430810
R0 [P2] iter 211: PRE-JOIN GPU mem: 80.7GB free / 85.1GB total | delta_size=972408 full_size=466430810
R0 [P2] iter 211: join done, raw=970712 result_size=970509
R0 [P2] iter 211: split done, delta_size=970509
R0 [P2] iter 211: dedup done, delta_size=970509
R0 [P2] iter 211: subtract done, delta_size=967721
R0 [P2] iter 211: merge done, full_size=467398531
R0 [P2] iter 212 done: global_full_size=467398531
R0 [P2] iter 212: PRE-JOIN GPU mem: 80.7GB free / 85.1GB total | delta_size=967721 full_size=467398531
R0 [P2] iter 212: join done, raw=966046 result_size=965843
R0 [P2] iter 212: split done, delta_size=965843
R0 [P2] iter 212: dedup done, delta_size=965843
R0 [P2] iter 212: subtract done, delta_size=963074
R0 [P2] iter 212: merge done, full_size=468361605
R0 [P2] iter 213 done: global_full_size=468361605
R0 [P2] iter 213: PRE-JOIN GPU mem: 80.7GB free / 85.1GB total | delta_size=963074 full_size=468361605
R0 [P2] iter 213: join done, raw=961415 result_size=961213
R0 [P2] iter 213: split done, delta_size=961213
R0 [P2] iter 213: dedup done, delta_size=961213
R0 [P2] iter 213: subtract done, delta_size=958469
R0 [P2] iter 213: merge done, full_size=469320074
R0 [P2] iter 214 done: global_full_size=469320074
R0 [P2] iter 214: PRE-JOIN GPU mem: 80.7GB free / 85.1GB total | delta_size=958469 full_size=469320074
R0 [P2] iter 214: join done, raw=956836 result_size=956634
R0 [P2] iter 214: split done, delta_size=956634
R0 [P2] iter 214: dedup done, delta_size=956634
R0 [P2] iter 214: subtract done, delta_size=953898
R0 [P2] iter 214: merge done, full_size=470273972
R0 [P2] iter 215 done: global_full_size=470273972
R0 [P2] iter 215: PRE-JOIN GPU mem: 80.7GB free / 85.1GB total | delta_size=953898 full_size=470273972
R0 [P2] iter 215: join done, raw=952277 result_size=952075
R0 [P2] iter 215: split done, delta_size=952075
R0 [P2] iter 215: dedup done, delta_size=952075
R0 [P2] iter 215: subtract done, delta_size=949353
R0 [P2] iter 215: merge done, full_size=471223325
R0 [P2] iter 216 done: global_full_size=471223325
R0 [P2] iter 216: PRE-JOIN GPU mem: 80.7GB free / 85.1GB total | delta_size=949353 full_size=471223325
R0 [P2] iter 216: join done, raw=947729 result_size=947528
R0 [P2] iter 216: split done, delta_size=947528
R0 [P2] iter 216: dedup done, delta_size=947528
R0 [P2] iter 216: subtract done, delta_size=944811
R0 [P2] iter 216: merge done, full_size=472168136
R0 [P2] iter 217 done: global_full_size=472168136
R0 [P2] iter 217: PRE-JOIN GPU mem: 80.7GB free / 85.1GB total | delta_size=944811 full_size=472168136
R0 [P2] iter 217: join done, raw=943201 result_size=943001
R0 [P2] iter 217: split done, delta_size=943001
R0 [P2] iter 217: dedup done, delta_size=943001
R0 [P2] iter 217: subtract done, delta_size=940301
R0 [P2] iter 217: merge done, full_size=473108437
R0 [P2] iter 218 done: global_full_size=473108437
R0 [P2] iter 218: PRE-JOIN GPU mem: 80.7GB free / 85.1GB total | delta_size=940301 full_size=473108437
R0 [P2] iter 218: join done, raw=938682 result_size=938482
R0 [P2] iter 218: split done, delta_size=938482
R0 [P2] iter 218: dedup done, delta_size=938482
R0 [P2] iter 218: subtract done, delta_size=935801
R0 [P2] iter 218: merge done, full_size=474044238
R0 [P2] iter 219 done: global_full_size=474044238
R0 [P2] iter 219: PRE-JOIN GPU mem: 80.7GB free / 85.1GB total | delta_size=935801 full_size=474044238
R0 [P2] iter 219: join done, raw=934225 result_size=934027
R0 [P2] iter 219: split done, delta_size=934027
R0 [P2] iter 219: dedup done, delta_size=934027
R0 [P2] iter 219: subtract done, delta_size=931359
R0 [P2] iter 219: merge done, full_size=474975597
R0 [P2] iter 220 done: global_full_size=474975597
R0 [P2] iter 220: PRE-JOIN GPU mem: 80.6GB free / 85.1GB total | delta_size=931359 full_size=474975597
R0 [P2] iter 220: join done, raw=929761 result_size=929564
R0 [P2] iter 220: split done, delta_size=929564
R0 [P2] iter 220: dedup done, delta_size=929564
R0 [P2] iter 220: subtract done, delta_size=926918
R0 [P2] iter 220: merge done, full_size=475902515
R0 [P2] iter 221 done: global_full_size=475902515
R0 [P2] iter 221: PRE-JOIN GPU mem: 80.6GB free / 85.1GB total | delta_size=926918 full_size=475902515
R0 [P2] iter 221: join done, raw=925344 result_size=925147
R0 [P2] iter 221: split done, delta_size=925147
R0 [P2] iter 221: dedup done, delta_size=925147
R0 [P2] iter 221: subtract done, delta_size=922512
R0 [P2] iter 221: merge done, full_size=476825027
R0 [P2] iter 222 done: global_full_size=476825027
R0 [P2] iter 222: PRE-JOIN GPU mem: 80.6GB free / 85.1GB total | delta_size=922512 full_size=476825027
R0 [P2] iter 222: join done, raw=920933 result_size=920736
R0 [P2] iter 222: split done, delta_size=920736
R0 [P2] iter 222: dedup done, delta_size=920736
R0 [P2] iter 222: subtract done, delta_size=918109
R0 [P2] iter 222: merge done, full_size=477743136
R0 [P2] iter 223 done: global_full_size=477743136
R0 [P2] iter 223: PRE-JOIN GPU mem: 80.6GB free / 85.1GB total | delta_size=918109 full_size=477743136
R0 [P2] iter 223: join done, raw=916547 result_size=916351
R0 [P2] iter 223: split done, delta_size=916351
R0 [P2] iter 223: dedup done, delta_size=916351
R0 [P2] iter 223: subtract done, delta_size=913742
R0 [P2] iter 223: merge done, full_size=478656878
R0 [P2] iter 224 done: global_full_size=478656878
R0 [P2] iter 224: PRE-JOIN GPU mem: 80.6GB free / 85.1GB total | delta_size=913742 full_size=478656878
R0 [P2] iter 224: join done, raw=912193 result_size=911997
R0 [P2] iter 224: split done, delta_size=911997
R0 [P2] iter 224: dedup done, delta_size=911997
R0 [P2] iter 224: subtract done, delta_size=909400
R0 [P2] iter 224: merge done, full_size=479566278
R0 [P2] iter 225 done: global_full_size=479566278
R0 [P2] iter 225: PRE-JOIN GPU mem: 80.6GB free / 85.1GB total | delta_size=909400 full_size=479566278
R0 [P2] iter 225: join done, raw=907869 result_size=907673
R0 [P2] iter 225: split done, delta_size=907673
R0 [P2] iter 225: dedup done, delta_size=907673
R0 [P2] iter 225: subtract done, delta_size=905094
R0 [P2] iter 225: merge done, full_size=480471372
R0 [P2] iter 226 done: global_full_size=480471372
R0 [P2] iter 226: PRE-JOIN GPU mem: 80.6GB free / 85.1GB total | delta_size=905094 full_size=480471372
R0 [P2] iter 226: join done, raw=903597 result_size=903401
R0 [P2] iter 226: split done, delta_size=903401
R0 [P2] iter 226: dedup done, delta_size=903401
R0 [P2] iter 226: subtract done, delta_size=900831
R0 [P2] iter 226: merge done, full_size=481372203
R0 [P2] iter 227 done: global_full_size=481372203
R0 [P2] iter 227: PRE-JOIN GPU mem: 80.6GB free / 85.1GB total | delta_size=900831 full_size=481372203
R0 [P2] iter 227: join done, raw=899309 result_size=899115
R0 [P2] iter 227: split done, delta_size=899115
R0 [P2] iter 227: dedup done, delta_size=899115
R0 [P2] iter 227: subtract done, delta_size=896559
R0 [P2] iter 227: merge done, full_size=482268762
R0 [P2] iter 228 done: global_full_size=482268762
R0 [P2] iter 228: PRE-JOIN GPU mem: 80.6GB free / 85.1GB total | delta_size=896559 full_size=482268762
R0 [P2] iter 228: join done, raw=895065 result_size=894870
R0 [P2] iter 228: split done, delta_size=894870
R0 [P2] iter 228: dedup done, delta_size=894870
R0 [P2] iter 228: subtract done, delta_size=892327
R0 [P2] iter 228: merge done, full_size=483161089
R0 [P2] iter 229 done: global_full_size=483161089
R0 [P2] iter 229: PRE-JOIN GPU mem: 80.6GB free / 85.1GB total | delta_size=892327 full_size=483161089
R0 [P2] iter 229: join done, raw=890844 result_size=890651
R0 [P2] iter 229: split done, delta_size=890651
R0 [P2] iter 229: dedup done, delta_size=890651
R0 [P2] iter 229: subtract done, delta_size=888123
R0 [P2] iter 229: merge done, full_size=484049212
R0 [P2] iter 230 done: global_full_size=484049212
R0 [P2] iter 230: PRE-JOIN GPU mem: 80.6GB free / 85.1GB total | delta_size=888123 full_size=484049212
R0 [P2] iter 230: join done, raw=886647 result_size=886454
R0 [P2] iter 230: split done, delta_size=886454
R0 [P2] iter 230: dedup done, delta_size=886454
R0 [P2] iter 230: subtract done, delta_size=883941
R0 [P2] iter 230: merge done, full_size=484933153
R0 [P2] iter 231 done: global_full_size=484933153
R0 [P2] iter 231: PRE-JOIN GPU mem: 80.6GB free / 85.1GB total | delta_size=883941 full_size=484933153
R0 [P2] iter 231: join done, raw=882460 result_size=882268
R0 [P2] iter 231: split done, delta_size=882268
R0 [P2] iter 231: dedup done, delta_size=882268
R0 [P2] iter 231: subtract done, delta_size=879771
R0 [P2] iter 231: merge done, full_size=485812924
R0 [P2] iter 232 done: global_full_size=485812924
R0 [P2] iter 232: PRE-JOIN GPU mem: 80.6GB free / 85.1GB total | delta_size=879771 full_size=485812924
R0 [P2] iter 232: join done, raw=878327 result_size=878138
R0 [P2] iter 232: split done, delta_size=878138
R0 [P2] iter 232: dedup done, delta_size=878138
R0 [P2] iter 232: subtract done, delta_size=875662
R0 [P2] iter 232: merge done, full_size=486688586
R0 [P2] iter 233 done: global_full_size=486688586
R0 [P2] iter 233: PRE-JOIN GPU mem: 80.6GB free / 85.1GB total | delta_size=875662 full_size=486688586
R0 [P2] iter 233: join done, raw=874226 result_size=874039
R0 [P2] iter 233: split done, delta_size=874039
R0 [P2] iter 233: dedup done, delta_size=874039
R0 [P2] iter 233: subtract done, delta_size=871572
R0 [P2] iter 233: merge done, full_size=487560158
R0 [P2] iter 234 done: global_full_size=487560158
R0 [P2] iter 234: PRE-JOIN GPU mem: 80.5GB free / 85.1GB total | delta_size=871572 full_size=487560158
R0 [P2] iter 234: join done, raw=870140 result_size=869954
R0 [P2] iter 234: split done, delta_size=869954
R0 [P2] iter 234: dedup done, delta_size=869954
R0 [P2] iter 234: subtract done, delta_size=867509
R0 [P2] iter 234: merge done, full_size=488427667
R0 [P2] iter 235 done: global_full_size=488427667
R0 [P2] iter 235: PRE-JOIN GPU mem: 80.5GB free / 85.1GB total | delta_size=867509 full_size=488427667
R0 [P2] iter 235: join done, raw=866083 result_size=865898
R0 [P2] iter 235: split done, delta_size=865898
R0 [P2] iter 235: dedup done, delta_size=865898
R0 [P2] iter 235: subtract done, delta_size=863468
R0 [P2] iter 235: merge done, full_size=489291135
R0 [P2] iter 236 done: global_full_size=489291135
R0 [P2] iter 236: PRE-JOIN GPU mem: 80.5GB free / 85.1GB total | delta_size=863468 full_size=489291135
R0 [P2] iter 236: join done, raw=862024 result_size=861839
R0 [P2] iter 236: split done, delta_size=861839
R0 [P2] iter 236: dedup done, delta_size=861839
R0 [P2] iter 236: subtract done, delta_size=859430
R0 [P2] iter 236: merge done, full_size=490150565
R0 [P2] iter 237 done: global_full_size=490150565
R0 [P2] iter 237: PRE-JOIN GPU mem: 80.5GB free / 85.1GB total | delta_size=859430 full_size=490150565
R0 [P2] iter 237: join done, raw=857998 result_size=857814
R0 [P2] iter 237: split done, delta_size=857814
R0 [P2] iter 237: dedup done, delta_size=857814
R0 [P2] iter 237: subtract done, delta_size=855422
R0 [P2] iter 237: merge done, full_size=491005987
R0 [P2] iter 238 done: global_full_size=491005987
R0 [P2] iter 238: PRE-JOIN GPU mem: 80.5GB free / 85.1GB total | delta_size=855422 full_size=491005987
R0 [P2] iter 238: join done, raw=854009 result_size=853825
R0 [P2] iter 238: split done, delta_size=853825
R0 [P2] iter 238: dedup done, delta_size=853825
R0 [P2] iter 238: subtract done, delta_size=851452
R0 [P2] iter 238: merge done, full_size=491857439
R0 [P2] iter 239 done: global_full_size=491857439
R0 [P2] iter 239: PRE-JOIN GPU mem: 80.5GB free / 85.1GB total | delta_size=851452 full_size=491857439
R0 [P2] iter 239: join done, raw=850058 result_size=849874
R0 [P2] iter 239: split done, delta_size=849874
R0 [P2] iter 239: dedup done, delta_size=849874
R0 [P2] iter 239: subtract done, delta_size=847506
R0 [P2] iter 239: merge done, full_size=492704945
R0 [P2] iter 240 done: global_full_size=492704945
R0 [P2] iter 240: PRE-JOIN GPU mem: 80.5GB free / 85.1GB total | delta_size=847506 full_size=492704945
R0 [P2] iter 240: join done, raw=846128 result_size=845947
R0 [P2] iter 240: split done, delta_size=845947
R0 [P2] iter 240: dedup done, delta_size=845947
R0 [P2] iter 240: subtract done, delta_size=843585
R0 [P2] iter 240: merge done, full_size=493548530
R0 [P2] iter 241 done: global_full_size=493548530
R0 [P2] iter 241: PRE-JOIN GPU mem: 80.5GB free / 85.1GB total | delta_size=843585 full_size=493548530
R0 [P2] iter 241: join done, raw=842231 result_size=842051
R0 [P2] iter 241: split done, delta_size=842051
R0 [P2] iter 241: dedup done, delta_size=842051
R0 [P2] iter 241: subtract done, delta_size=839694
R0 [P2] iter 241: merge done, full_size=494388224
R0 [P2] iter 242 done: global_full_size=494388224
R0 [P2] iter 242: PRE-JOIN GPU mem: 80.5GB free / 85.1GB total | delta_size=839694 full_size=494388224
R0 [P2] iter 242: join done, raw=838365 result_size=838185
R0 [P2] iter 242: split done, delta_size=838185
R0 [P2] iter 242: dedup done, delta_size=838185
R0 [P2] iter 242: subtract done, delta_size=835836
R0 [P2] iter 242: merge done, full_size=495224060
R0 [P2] iter 243 done: global_full_size=495224060
R0 [P2] iter 243: PRE-JOIN GPU mem: 80.5GB free / 85.1GB total | delta_size=835836 full_size=495224060
R0 [P2] iter 243: join done, raw=834505 result_size=834325
R0 [P2] iter 243: split done, delta_size=834325
R0 [P2] iter 243: dedup done, delta_size=834325
R0 [P2] iter 243: subtract done, delta_size=831990
R0 [P2] iter 243: merge done, full_size=496056050
R0 [P2] iter 244 done: global_full_size=496056050
R0 [P2] iter 244: PRE-JOIN GPU mem: 80.5GB free / 85.1GB total | delta_size=831990 full_size=496056050
R0 [P2] iter 244: join done, raw=830679 result_size=830500
R0 [P2] iter 244: split done, delta_size=830500
R0 [P2] iter 244: dedup done, delta_size=830500
R0 [P2] iter 244: subtract done, delta_size=828174
R0 [P2] iter 244: merge done, full_size=496884224
R0 [P2] iter 245 done: global_full_size=496884224
R0 [P2] iter 245: PRE-JOIN GPU mem: 80.5GB free / 85.1GB total | delta_size=828174 full_size=496884224
R0 [P2] iter 245: join done, raw=826851 result_size=826674
R0 [P2] iter 245: split done, delta_size=826674
R0 [P2] iter 245: dedup done, delta_size=826674
R0 [P2] iter 245: subtract done, delta_size=824360
R0 [P2] iter 245: merge done, full_size=497708584
R0 [P2] iter 246 done: global_full_size=497708584
R0 [P2] iter 246: PRE-JOIN GPU mem: 80.5GB free / 85.1GB total | delta_size=824360 full_size=497708584
R0 [P2] iter 246: join done, raw=823035 result_size=822858
R0 [P2] iter 246: split done, delta_size=822858
R0 [P2] iter 246: dedup done, delta_size=822858
R0 [P2] iter 246: subtract done, delta_size=820556
R0 [P2] iter 246: merge done, full_size=498529140
R0 [P2] iter 247 done: global_full_size=498529140
R0 [P2] iter 247: PRE-JOIN GPU mem: 80.5GB free / 85.1GB total | delta_size=820556 full_size=498529140
R0 [P2] iter 247: join done, raw=819251 result_size=819075
R0 [P2] iter 247: split done, delta_size=819075
R0 [P2] iter 247: dedup done, delta_size=819075
R0 [P2] iter 247: subtract done, delta_size=816786
R0 [P2] iter 247: merge done, full_size=499345926
R0 [P2] iter 248 done: global_full_size=499345926
R0 [P2] iter 248: PRE-JOIN GPU mem: 80.5GB free / 85.1GB total | delta_size=816786 full_size=499345926
R0 [P2] iter 248: join done, raw=815488 result_size=815312
R0 [P2] iter 248: split done, delta_size=815312
R0 [P2] iter 248: dedup done, delta_size=815312
R0 [P2] iter 248: subtract done, delta_size=813041
R0 [P2] iter 248: merge done, full_size=500158967
R0 [P2] iter 249 done: global_full_size=500158967
R0 [P2] iter 249: PRE-JOIN GPU mem: 80.4GB free / 85.1GB total | delta_size=813041 full_size=500158967
R0 [P2] iter 249: join done, raw=811782 result_size=811607
R0 [P2] iter 249: split done, delta_size=811607
R0 [P2] iter 249: dedup done, delta_size=811607
R0 [P2] iter 249: subtract done, delta_size=809348
R0 [P2] iter 249: merge done, full_size=500968315
R0 [P2] iter 250 done: global_full_size=500968315
R0 [P2] iter 250: PRE-JOIN GPU mem: 80.4GB free / 85.1GB total | delta_size=809348 full_size=500968315
R0 [P2] iter 250: join done, raw=808109 result_size=807934
R0 [P2] iter 250: split done, delta_size=807934
R0 [P2] iter 250: dedup done, delta_size=807934
R0 [P2] iter 250: subtract done, delta_size=805685
R0 [P2] iter 250: merge done, full_size=501774000
R0 [P2] iter 251 done: global_full_size=501774000
R0 [P2] iter 251: PRE-JOIN GPU mem: 80.4GB free / 85.1GB total | delta_size=805685 full_size=501774000
R0 [P2] iter 251: join done, raw=804448 result_size=804274
R0 [P2] iter 251: split done, delta_size=804274
R0 [P2] iter 251: dedup done, delta_size=804274
R0 [P2] iter 251: subtract done, delta_size=802043
R0 [P2] iter 251: merge done, full_size=502576043
R0 [P2] iter 252 done: global_full_size=502576043
R0 [P2] iter 252: PRE-JOIN GPU mem: 80.4GB free / 85.1GB total | delta_size=802043 full_size=502576043
R0 [P2] iter 252: join done, raw=800797 result_size=800624
R0 [P2] iter 252: split done, delta_size=800624
R0 [P2] iter 252: dedup done, delta_size=800624
R0 [P2] iter 252: subtract done, delta_size=798406
R0 [P2] iter 252: merge done, full_size=503374449
R0 [P2] iter 253 done: global_full_size=503374449
R0 [P2] iter 253: PRE-JOIN GPU mem: 80.4GB free / 85.1GB total | delta_size=798406 full_size=503374449
R0 [P2] iter 253: join done, raw=797189 result_size=797017
R0 [P2] iter 253: split done, delta_size=797017
R0 [P2] iter 253: dedup done, delta_size=797017
R0 [P2] iter 253: subtract done, delta_size=794818
R0 [P2] iter 253: merge done, full_size=504169267
R0 [P2] iter 254 done: global_full_size=504169267
R0 [P2] iter 254: PRE-JOIN GPU mem: 80.4GB free / 85.1GB total | delta_size=794818 full_size=504169267
R0 [P2] iter 254: join done, raw=793602 result_size=793431
R0 [P2] iter 254: split done, delta_size=793431
R0 [P2] iter 254: dedup done, delta_size=793431
R0 [P2] iter 254: subtract done, delta_size=791252
R0 [P2] iter 254: merge done, full_size=504960519
R0 [P2] iter 255 done: global_full_size=504960519
R0 [P2] iter 255: PRE-JOIN GPU mem: 80.4GB free / 85.1GB total | delta_size=791252 full_size=504960519
R0 [P2] iter 255: join done, raw=790036 result_size=789866
R0 [P2] iter 255: split done, delta_size=789866
R0 [P2] iter 255: dedup done, delta_size=789866
R0 [P2] iter 255: subtract done, delta_size=787699
R0 [P2] iter 255: merge done, full_size=505748218
R0 [P2] iter 256 done: global_full_size=505748218
R0 [P2] iter 256: PRE-JOIN GPU mem: 80.4GB free / 85.1GB total | delta_size=787699 full_size=505748218
R0 [P2] iter 256: join done, raw=786483 result_size=786313
R0 [P2] iter 256: split done, delta_size=786313
R0 [P2] iter 256: dedup done, delta_size=786313
R0 [P2] iter 256: subtract done, delta_size=784157
R0 [P2] iter 256: merge done, full_size=506532375
R0 [P2] iter 257 done: global_full_size=506532375
R0 [P2] iter 257: PRE-JOIN GPU mem: 80.4GB free / 85.1GB total | delta_size=784157 full_size=506532375
R0 [P2] iter 257: join done, raw=782972 result_size=782803
R0 [P2] iter 257: split done, delta_size=782803
R0 [P2] iter 257: dedup done, delta_size=782803
R0 [P2] iter 257: subtract done, delta_size=780658
R0 [P2] iter 257: merge done, full_size=507313033
R0 [P2] iter 258 done: global_full_size=507313033
R0 [P2] iter 258: PRE-JOIN GPU mem: 80.4GB free / 85.1GB total | delta_size=780658 full_size=507313033
R0 [P2] iter 258: join done, raw=779476 result_size=779307
R0 [P2] iter 258: split done, delta_size=779307
R0 [P2] iter 258: dedup done, delta_size=779307
R0 [P2] iter 258: subtract done, delta_size=777172
R0 [P2] iter 258: merge done, full_size=508090205
R0 [P2] iter 259 done: global_full_size=508090205
R0 [P2] iter 259: PRE-JOIN GPU mem: 80.4GB free / 85.1GB total | delta_size=777172 full_size=508090205
R0 [P2] iter 259: join done, raw=776012 result_size=775843
R0 [P2] iter 259: split done, delta_size=775843
R0 [P2] iter 259: dedup done, delta_size=775843
R0 [P2] iter 259: subtract done, delta_size=773721
R0 [P2] iter 259: merge done, full_size=508863926
R0 [P2] iter 260 done: global_full_size=508863926
R0 [P2] iter 260: PRE-JOIN GPU mem: 80.4GB free / 85.1GB total | delta_size=773721 full_size=508863926
R0 [P2] iter 260: join done, raw=772555 result_size=772387
R0 [P2] iter 260: split done, delta_size=772387
R0 [P2] iter 260: dedup done, delta_size=772387
R0 [P2] iter 260: subtract done, delta_size=770277
R0 [P2] iter 260: merge done, full_size=509634203
R0 [P2] iter 261 done: global_full_size=509634203
R0 [P2] iter 261: PRE-JOIN GPU mem: 80.4GB free / 85.1GB total | delta_size=770277 full_size=509634203
R0 [P2] iter 261: join done, raw=769124 result_size=768956
R0 [P2] iter 261: split done, delta_size=768956
R0 [P2] iter 261: dedup done, delta_size=768956
R0 [P2] iter 261: subtract done, delta_size=766865
R0 [P2] iter 261: merge done, full_size=510401068
R0 [P2] iter 262 done: global_full_size=510401068
R0 [P2] iter 262: PRE-JOIN GPU mem: 80.4GB free / 85.1GB total | delta_size=766865 full_size=510401068
R0 [P2] iter 262: join done, raw=765728 result_size=765562
R0 [P2] iter 262: split done, delta_size=765562
R0 [P2] iter 262: dedup done, delta_size=765562
R0 [P2] iter 262: subtract done, delta_size=763481
R0 [P2] iter 262: merge done, full_size=511164549
R0 [P2] iter 263 done: global_full_size=511164549
R0 [P2] iter 263: PRE-JOIN GPU mem: 80.4GB free / 85.1GB total | delta_size=763481 full_size=511164549
R0 [P2] iter 263: join done, raw=762353 result_size=762189
R0 [P2] iter 263: split done, delta_size=762189
R0 [P2] iter 263: dedup done, delta_size=762189
R0 [P2] iter 263: subtract done, delta_size=760114
R0 [P2] iter 263: merge done, full_size=511924663
R0 [P2] iter 264 done: global_full_size=511924663
R0 [P2] iter 264: PRE-JOIN GPU mem: 80.4GB free / 85.1GB total | delta_size=760114 full_size=511924663
R0 [P2] iter 264: join done, raw=758985 result_size=758822
R0 [P2] iter 264: split done, delta_size=758822
R0 [P2] iter 264: dedup done, delta_size=758822
R0 [P2] iter 264: subtract done, delta_size=756759
R0 [P2] iter 264: merge done, full_size=512681422
R0 [P2] iter 265 done: global_full_size=512681422
R0 [P2] iter 265: PRE-JOIN GPU mem: 80.3GB free / 85.1GB total | delta_size=756759 full_size=512681422
R0 [P2] iter 265: join done, raw=755648 result_size=755487
R0 [P2] iter 265: split done, delta_size=755487
R0 [P2] iter 265: dedup done, delta_size=755487
R0 [P2] iter 265: subtract done, delta_size=753435
R0 [P2] iter 265: merge done, full_size=513434857
R0 [P2] iter 266 done: global_full_size=513434857
R0 [P2] iter 266: PRE-JOIN GPU mem: 80.3GB free / 85.1GB total | delta_size=753435 full_size=513434857
R0 [P2] iter 266: join done, raw=752344 result_size=752185
R0 [P2] iter 266: split done, delta_size=752185
R0 [P2] iter 266: dedup done, delta_size=752185
R0 [P2] iter 266: subtract done, delta_size=750143
R0 [P2] iter 266: merge done, full_size=514185000
R0 [P2] iter 267 done: global_full_size=514185000
R0 [P2] iter 267: PRE-JOIN GPU mem: 80.3GB free / 85.1GB total | delta_size=750143 full_size=514185000
R0 [P2] iter 267: join done, raw=749054 result_size=748895
R0 [P2] iter 267: split done, delta_size=748895
R0 [P2] iter 267: dedup done, delta_size=748895
R0 [P2] iter 267: subtract done, delta_size=746864
R0 [P2] iter 267: merge done, full_size=514931864
R0 [P2] iter 268 done: global_full_size=514931864
R0 [P2] iter 268: PRE-JOIN GPU mem: 80.3GB free / 85.1GB total | delta_size=746864 full_size=514931864
R0 [P2] iter 268: join done, raw=745768 result_size=745612
R0 [P2] iter 268: split done, delta_size=745612
R0 [P2] iter 268: dedup done, delta_size=745612
R0 [P2] iter 268: subtract done, delta_size=743593
R0 [P2] iter 268: merge done, full_size=515675457
R0 [P2] iter 269 done: global_full_size=515675457
R0 [P2] iter 269: PRE-JOIN GPU mem: 80.3GB free / 85.1GB total | delta_size=743593 full_size=515675457
R0 [P2] iter 269: join done, raw=742509 result_size=742353
R0 [P2] iter 269: split done, delta_size=742353
R0 [P2] iter 269: dedup done, delta_size=742353
R0 [P2] iter 269: subtract done, delta_size=740347
R0 [P2] iter 269: merge done, full_size=516415804
R0 [P2] iter 270 done: global_full_size=516415804
R0 [P2] iter 270: PRE-JOIN GPU mem: 80.3GB free / 85.1GB total | delta_size=740347 full_size=516415804
R0 [P2] iter 270: join done, raw=739272 result_size=739119
R0 [P2] iter 270: split done, delta_size=739119
R0 [P2] iter 270: dedup done, delta_size=739119
R0 [P2] iter 270: subtract done, delta_size=737126
R0 [P2] iter 270: merge done, full_size=517152930
R0 [P2] iter 271 done: global_full_size=517152930
R0 [P2] iter 271: PRE-JOIN GPU mem: 80.3GB free / 85.1GB total | delta_size=737126 full_size=517152930
R0 [P2] iter 271: join done, raw=736044 result_size=735893
R0 [P2] iter 271: split done, delta_size=735893
R0 [P2] iter 271: dedup done, delta_size=735893
R0 [P2] iter 271: subtract done, delta_size=733914
R0 [P2] iter 271: merge done, full_size=517886844
R0 [P2] iter 272 done: global_full_size=517886844
R0 [P2] iter 272: PRE-JOIN GPU mem: 80.3GB free / 85.1GB total | delta_size=733914 full_size=517886844
R0 [P2] iter 272: join done, raw=732834 result_size=732686
R0 [P2] iter 272: split done, delta_size=732686
R0 [P2] iter 272: dedup done, delta_size=732686
R0 [P2] iter 272: subtract done, delta_size=730719
R0 [P2] iter 272: merge done, full_size=518617563
R0 [P2] iter 273 done: global_full_size=518617563
R0 [P2] iter 273: PRE-JOIN GPU mem: 80.3GB free / 85.1GB total | delta_size=730719 full_size=518617563
R0 [P2] iter 273: join done, raw=729652 result_size=729505
R0 [P2] iter 273: split done, delta_size=729505
R0 [P2] iter 273: dedup done, delta_size=729505
R0 [P2] iter 273: subtract done, delta_size=727555
R0 [P2] iter 273: merge done, full_size=519345118
R0 [P2] iter 274 done: global_full_size=519345118
R0 [P2] iter 274: PRE-JOIN GPU mem: 80.3GB free / 85.1GB total | delta_size=727555 full_size=519345118
R0 [P2] iter 274: join done, raw=726499 result_size=726352
R0 [P2] iter 274: split done, delta_size=726352
R0 [P2] iter 274: dedup done, delta_size=726352
R0 [P2] iter 274: subtract done, delta_size=724413
R0 [P2] iter 274: merge done, full_size=520069531
R0 [P2] iter 275 done: global_full_size=520069531
R0 [P2] iter 275: PRE-JOIN GPU mem: 80.3GB free / 85.1GB total | delta_size=724413 full_size=520069531
R0 [P2] iter 275: join done, raw=723376 result_size=723229
R0 [P2] iter 275: split done, delta_size=723229
R0 [P2] iter 275: dedup done, delta_size=723229
R0 [P2] iter 275: subtract done, delta_size=721295
R0 [P2] iter 275: merge done, full_size=520790826
R0 [P2] iter 276 done: global_full_size=520790826
R0 [P2] iter 276: PRE-JOIN GPU mem: 80.3GB free / 85.1GB total | delta_size=721295 full_size=520790826
R0 [P2] iter 276: join done, raw=720282 result_size=720134
R0 [P2] iter 276: split done, delta_size=720134
R0 [P2] iter 276: dedup done, delta_size=720134
R0 [P2] iter 276: subtract done, delta_size=718209
R0 [P2] iter 276: merge done, full_size=521509035
R0 [P2] iter 277 done: global_full_size=521509035
R0 [P2] iter 277: PRE-JOIN GPU mem: 80.3GB free / 85.1GB total | delta_size=718209 full_size=521509035
R0 [P2] iter 277: join done, raw=717190 result_size=717045
R0 [P2] iter 277: split done, delta_size=717045
R0 [P2] iter 277: dedup done, delta_size=717045
R0 [P2] iter 277: subtract done, delta_size=715139
R0 [P2] iter 277: merge done, full_size=522224174
R0 [P2] iter 278 done: global_full_size=522224174
R0 [P2] iter 278: PRE-JOIN GPU mem: 80.3GB free / 85.1GB total | delta_size=715139 full_size=522224174
R0 [P2] iter 278: join done, raw=714126 result_size=713984
R0 [P2] iter 278: split done, delta_size=713984
R0 [P2] iter 278: dedup done, delta_size=713984
R0 [P2] iter 278: subtract done, delta_size=712087
R0 [P2] iter 278: merge done, full_size=522936261
R0 [P2] iter 279 done: global_full_size=522936261
R0 [P2] iter 279: PRE-JOIN GPU mem: 80.3GB free / 85.1GB total | delta_size=712087 full_size=522936261
R0 [P2] iter 279: join done, raw=711076 result_size=710934
R0 [P2] iter 279: split done, delta_size=710934
R0 [P2] iter 279: dedup done, delta_size=710934
R0 [P2] iter 279: subtract done, delta_size=709044
R0 [P2] iter 279: merge done, full_size=523645305
R0 [P2] iter 280 done: global_full_size=523645305
R0 [P2] iter 280: PRE-JOIN GPU mem: 80.3GB free / 85.1GB total | delta_size=709044 full_size=523645305
R0 [P2] iter 280: join done, raw=708033 result_size=707892
R0 [P2] iter 280: split done, delta_size=707892
R0 [P2] iter 280: dedup done, delta_size=707892
R0 [P2] iter 280: subtract done, delta_size=706017
R0 [P2] iter 280: merge done, full_size=524351322
R0 [P2] iter 281 done: global_full_size=524351322
R0 [P2] iter 281: PRE-JOIN GPU mem: 80.3GB free / 85.1GB total | delta_size=706017 full_size=524351322
R0 [P2] iter 281: join done, raw=705004 result_size=704863
R0 [P2] iter 281: split done, delta_size=704863
R0 [P2] iter 281: dedup done, delta_size=704863
R0 [P2] iter 281: subtract done, delta_size=702996
R0 [P2] iter 281: merge done, full_size=525054318
R0 [P2] iter 282 done: global_full_size=525054318
R0 [P2] iter 282: PRE-JOIN GPU mem: 80.2GB free / 85.1GB total | delta_size=702996 full_size=525054318
R0 [P2] iter 282: join done, raw=701990 result_size=701849
R0 [P2] iter 282: split done, delta_size=701849
R0 [P2] iter 282: dedup done, delta_size=701849
R0 [P2] iter 282: subtract done, delta_size=699990
R0 [P2] iter 282: merge done, full_size=525754308
R0 [P2] iter 283 done: global_full_size=525754308
R0 [P2] iter 283: PRE-JOIN GPU mem: 80.2GB free / 85.1GB total | delta_size=699990 full_size=525754308
R0 [P2] iter 283: join done, raw=699001 result_size=698860
R0 [P2] iter 283: split done, delta_size=698860
R0 [P2] iter 283: dedup done, delta_size=698860
R0 [P2] iter 283: subtract done, delta_size=697014
R0 [P2] iter 283: merge done, full_size=526451322
R0 [P2] iter 284 done: global_full_size=526451322
R0 [P2] iter 284: PRE-JOIN GPU mem: 80.2GB free / 85.1GB total | delta_size=697014 full_size=526451322
R0 [P2] iter 284: join done, raw=696047 result_size=695905
R0 [P2] iter 284: split done, delta_size=695905
R0 [P2] iter 284: dedup done, delta_size=695905
R0 [P2] iter 284: subtract done, delta_size=694070
R0 [P2] iter 284: merge done, full_size=527145392
R0 [P2] iter 285 done: global_full_size=527145392
R0 [P2] iter 285: PRE-JOIN GPU mem: 80.2GB free / 85.1GB total | delta_size=694070 full_size=527145392
R0 [P2] iter 285: join done, raw=693116 result_size=692978
R0 [P2] iter 285: split done, delta_size=692978
R0 [P2] iter 285: dedup done, delta_size=692978
R0 [P2] iter 285: subtract done, delta_size=691150
R0 [P2] iter 285: merge done, full_size=527836542
R0 [P2] iter 286 done: global_full_size=527836542
R0 [P2] iter 286: PRE-JOIN GPU mem: 80.2GB free / 85.1GB total | delta_size=691150 full_size=527836542
R0 [P2] iter 286: join done, raw=690201 result_size=690063
R0 [P2] iter 286: split done, delta_size=690063
R0 [P2] iter 286: dedup done, delta_size=690063
R0 [P2] iter 286: subtract done, delta_size=688244
R0 [P2] iter 286: merge done, full_size=528524786
R0 [P2] iter 287 done: global_full_size=528524786
R0 [P2] iter 287: PRE-JOIN GPU mem: 80.2GB free / 85.1GB total | delta_size=688244 full_size=528524786
R0 [P2] iter 287: join done, raw=687300 result_size=687162
R0 [P2] iter 287: split done, delta_size=687162
R0 [P2] iter 287: dedup done, delta_size=687162
R0 [P2] iter 287: subtract done, delta_size=685355
R0 [P2] iter 287: merge done, full_size=529210141
R0 [P2] iter 288 done: global_full_size=529210141
R0 [P2] iter 288: PRE-JOIN GPU mem: 80.2GB free / 85.1GB total | delta_size=685355 full_size=529210141
R0 [P2] iter 288: join done, raw=684407 result_size=684270
R0 [P2] iter 288: split done, delta_size=684270
R0 [P2] iter 288: dedup done, delta_size=684270
R0 [P2] iter 288: subtract done, delta_size=682472
R0 [P2] iter 288: merge done, full_size=529892613
R0 [P2] iter 289 done: global_full_size=529892613
R0 [P2] iter 289: PRE-JOIN GPU mem: 80.2GB free / 85.1GB total | delta_size=682472 full_size=529892613
R0 [P2] iter 289: join done, raw=681515 result_size=681378
R0 [P2] iter 289: split done, delta_size=681378
R0 [P2] iter 289: dedup done, delta_size=681378
R0 [P2] iter 289: subtract done, delta_size=679589
R0 [P2] iter 289: merge done, full_size=530572202
R0 [P2] iter 290 done: global_full_size=530572202
R0 [P2] iter 290: PRE-JOIN GPU mem: 80.2GB free / 85.1GB total | delta_size=679589 full_size=530572202
R0 [P2] iter 290: join done, raw=678635 result_size=678499
R0 [P2] iter 290: split done, delta_size=678499
R0 [P2] iter 290: dedup done, delta_size=678499
R0 [P2] iter 290: subtract done, delta_size=676723
R0 [P2] iter 290: merge done, full_size=531248925
R0 [P2] iter 291 done: global_full_size=531248925
R0 [P2] iter 291: PRE-JOIN GPU mem: 80.2GB free / 85.1GB total | delta_size=676723 full_size=531248925
R0 [P2] iter 291: join done, raw=675772 result_size=675637
R0 [P2] iter 291: split done, delta_size=675637
R0 [P2] iter 291: dedup done, delta_size=675637
R0 [P2] iter 291: subtract done, delta_size=673876
R0 [P2] iter 291: merge done, full_size=531922801
R0 [P2] iter 292 done: global_full_size=531922801
R0 [P2] iter 292: PRE-JOIN GPU mem: 80.2GB free / 85.1GB total | delta_size=673876 full_size=531922801
R0 [P2] iter 292: join done, raw=672925 result_size=672792
R0 [P2] iter 292: split done, delta_size=672792
R0 [P2] iter 292: dedup done, delta_size=672792
R0 [P2] iter 292: subtract done, delta_size=671039
R0 [P2] iter 292: merge done, full_size=532593840
R0 [P2] iter 293 done: global_full_size=532593840
R0 [P2] iter 293: PRE-JOIN GPU mem: 80.2GB free / 85.1GB total | delta_size=671039 full_size=532593840
R0 [P2] iter 293: join done, raw=670097 result_size=669965
R0 [P2] iter 293: split done, delta_size=669965
R0 [P2] iter 293: dedup done, delta_size=669965
R0 [P2] iter 293: subtract done, delta_size=668216
R0 [P2] iter 293: merge done, full_size=533262056
R0 [P2] iter 294 done: global_full_size=533262056
R0 [P2] iter 294: PRE-JOIN GPU mem: 80.2GB free / 85.1GB total | delta_size=668216 full_size=533262056
R0 [P2] iter 294: join done, raw=667289 result_size=667157
R0 [P2] iter 294: split done, delta_size=667157
R0 [P2] iter 294: dedup done, delta_size=667157
R0 [P2] iter 294: subtract done, delta_size=665419
R0 [P2] iter 294: merge done, full_size=533927475
R0 [P2] iter 295 done: global_full_size=533927475
R0 [P2] iter 295: PRE-JOIN GPU mem: 80.2GB free / 85.1GB total | delta_size=665419 full_size=533927475
R0 [P2] iter 295: join done, raw=664497 result_size=664365
R0 [P2] iter 295: split done, delta_size=664365
R0 [P2] iter 295: dedup done, delta_size=664365
R0 [P2] iter 295: subtract done, delta_size=662634
R0 [P2] iter 295: merge done, full_size=534590109
R0 [P2] iter 296 done: global_full_size=534590109
R0 [P2] iter 296: PRE-JOIN GPU mem: 80.2GB free / 85.1GB total | delta_size=662634 full_size=534590109
R0 [P2] iter 296: join done, raw=661732 result_size=661600
R0 [P2] iter 296: split done, delta_size=661600
R0 [P2] iter 296: dedup done, delta_size=661600
R0 [P2] iter 296: subtract done, delta_size=659875
R0 [P2] iter 296: merge done, full_size=535249984
R0 [P2] iter 297 done: global_full_size=535249984
R0 [P2] iter 297: PRE-JOIN GPU mem: 80.2GB free / 85.1GB total | delta_size=659875 full_size=535249984
R0 [P2] iter 297: join done, raw=658983 result_size=658851
R0 [P2] iter 297: split done, delta_size=658851
R0 [P2] iter 297: dedup done, delta_size=658851
R0 [P2] iter 297: subtract done, delta_size=657133
R0 [P2] iter 297: merge done, full_size=535907117
R0 [P2] iter 298 done: global_full_size=535907117
R0 [P2] iter 298: PRE-JOIN GPU mem: 80.2GB free / 85.1GB total | delta_size=657133 full_size=535907117
R0 [P2] iter 298: join done, raw=656223 result_size=656091
R0 [P2] iter 298: split done, delta_size=656091
R0 [P2] iter 298: dedup done, delta_size=656091
R0 [P2] iter 298: subtract done, delta_size=654378
R0 [P2] iter 298: merge done, full_size=536561495
R0 [P2] iter 299 done: global_full_size=536561495
R0 [P2] iter 299: PRE-JOIN GPU mem: 80.2GB free / 85.1GB total | delta_size=654378 full_size=536561495
R0 [P2] iter 299: join done, raw=653481 result_size=653350
R0 [P2] iter 299: split done, delta_size=653350
R0 [P2] iter 299: dedup done, delta_size=653350
R0 [P2] iter 299: subtract done, delta_size=651640
R0 [P2] iter 299: merge done, full_size=537213135
R0 [P2] iter 300 done: global_full_size=537213135
R0 [P2] iter 300: PRE-JOIN GPU mem: 80.1GB free / 85.1GB total | delta_size=651640 full_size=537213135
R0 [P2] iter 300: join done, raw=650760 result_size=650629
R0 [P2] iter 300: split done, delta_size=650629
R0 [P2] iter 300: dedup done, delta_size=650629
R0 [P2] iter 300: subtract done, delta_size=648926
R0 [P2] iter 300: merge done, full_size=537862061
R0 [P2] iter 301 done: global_full_size=537862061
R0 [P2] iter 301: PRE-JOIN GPU mem: 80.1GB free / 85.1GB total | delta_size=648926 full_size=537862061
R0 [P2] iter 301: join done, raw=648055 result_size=647924
R0 [P2] iter 301: split done, delta_size=647924
R0 [P2] iter 301: dedup done, delta_size=647924
R0 [P2] iter 301: subtract done, delta_size=646229
R0 [P2] iter 301: merge done, full_size=538508290
R0 [P2] iter 302 done: global_full_size=538508290
R0 [P2] iter 302: PRE-JOIN GPU mem: 80.1GB free / 85.1GB total | delta_size=646229 full_size=538508290
R0 [P2] iter 302: join done, raw=645363 result_size=645234
R0 [P2] iter 302: split done, delta_size=645234
R0 [P2] iter 302: dedup done, delta_size=645234
R0 [P2] iter 302: subtract done, delta_size=643545
R0 [P2] iter 302: merge done, full_size=539151835
R0 [P2] iter 303 done: global_full_size=539151835
R0 [P2] iter 303: PRE-JOIN GPU mem: 80.1GB free / 85.1GB total | delta_size=643545 full_size=539151835
R0 [P2] iter 303: join done, raw=642677 result_size=642548
R0 [P2] iter 303: split done, delta_size=642548
R0 [P2] iter 303: dedup done, delta_size=642548
R0 [P2] iter 303: subtract done, delta_size=640867
R0 [P2] iter 303: merge done, full_size=539792702
R0 [P2] iter 304 done: global_full_size=539792702
R0 [P2] iter 304: PRE-JOIN GPU mem: 80.1GB free / 85.1GB total | delta_size=640867 full_size=539792702
R0 [P2] iter 304: join done, raw=640003 result_size=639874
R0 [P2] iter 304: split done, delta_size=639874
R0 [P2] iter 304: dedup done, delta_size=639874
R0 [P2] iter 304: subtract done, delta_size=638203
R0 [P2] iter 304: merge done, full_size=540430905
R0 [P2] iter 305 done: global_full_size=540430905
R0 [P2] iter 305: PRE-JOIN GPU mem: 80.1GB free / 85.1GB total | delta_size=638203 full_size=540430905
R0 [P2] iter 305: join done, raw=637352 result_size=637224
R0 [P2] iter 305: split done, delta_size=637224
R0 [P2] iter 305: dedup done, delta_size=637224
R0 [P2] iter 305: subtract done, delta_size=635559
R0 [P2] iter 305: merge done, full_size=541066464
R0 [P2] iter 306 done: global_full_size=541066464
R0 [P2] iter 306: PRE-JOIN GPU mem: 80.1GB free / 85.1GB total | delta_size=635559 full_size=541066464
R0 [P2] iter 306: join done, raw=634706 result_size=634579
R0 [P2] iter 306: split done, delta_size=634579
R0 [P2] iter 306: dedup done, delta_size=634579
R0 [P2] iter 306: subtract done, delta_size=632919
R0 [P2] iter 306: merge done, full_size=541699383
R0 [P2] iter 307 done: global_full_size=541699383
R0 [P2] iter 307: PRE-JOIN GPU mem: 80.1GB free / 85.1GB total | delta_size=632919 full_size=541699383
R0 [P2] iter 307: join done, raw=632058 result_size=631932
R0 [P2] iter 307: split done, delta_size=631932
R0 [P2] iter 307: dedup done, delta_size=631932
R0 [P2] iter 307: subtract done, delta_size=630281
R0 [P2] iter 307: merge done, full_size=542329664
R0 [P2] iter 308 done: global_full_size=542329664
R0 [P2] iter 308: PRE-JOIN GPU mem: 80.1GB free / 85.1GB total | delta_size=630281 full_size=542329664
R0 [P2] iter 308: join done, raw=629429 result_size=629303
R0 [P2] iter 308: split done, delta_size=629303
R0 [P2] iter 308: dedup done, delta_size=629303
R0 [P2] iter 308: subtract done, delta_size=627650
R0 [P2] iter 308: merge done, full_size=542957314
R0 [P2] iter 309 done: global_full_size=542957314
R0 [P2] iter 309: PRE-JOIN GPU mem: 80.1GB free / 85.1GB total | delta_size=627650 full_size=542957314
R0 [P2] iter 309: join done, raw=626803 result_size=626677
R0 [P2] iter 309: split done, delta_size=626677
R0 [P2] iter 309: dedup done, delta_size=626677
R0 [P2] iter 309: subtract done, delta_size=625035
R0 [P2] iter 309: merge done, full_size=543582349
R0 [P2] iter 310 done: global_full_size=543582349
R0 [P2] iter 310: PRE-JOIN GPU mem: 80.1GB free / 85.1GB total | delta_size=625035 full_size=543582349
R0 [P2] iter 310: join done, raw=624209 result_size=624083
R0 [P2] iter 310: split done, delta_size=624083
R0 [P2] iter 310: dedup done, delta_size=624083
R0 [P2] iter 310: subtract done, delta_size=622445
R0 [P2] iter 310: merge done, full_size=544204794
R0 [P2] iter 311 done: global_full_size=544204794
R0 [P2] iter 311: PRE-JOIN GPU mem: 80.1GB free / 85.1GB total | delta_size=622445 full_size=544204794
R0 [P2] iter 311: join done, raw=621626 result_size=621501
R0 [P2] iter 311: split done, delta_size=621501
R0 [P2] iter 311: dedup done, delta_size=621501
R0 [P2] iter 311: subtract done, delta_size=619865
R0 [P2] iter 311: merge done, full_size=544824659
R0 [P2] iter 312 done: global_full_size=544824659
R0 [P2] iter 312: PRE-JOIN GPU mem: 80.1GB free / 85.1GB total | delta_size=619865 full_size=544824659
R0 [P2] iter 312: join done, raw=619045 result_size=618920
R0 [P2] iter 312: split done, delta_size=618920
R0 [P2] iter 312: dedup done, delta_size=618920
R0 [P2] iter 312: subtract done, delta_size=617287
R0 [P2] iter 312: merge done, full_size=545441946
R0 [P2] iter 313 done: global_full_size=545441946
R0 [P2] iter 313: PRE-JOIN GPU mem: 80.1GB free / 85.1GB total | delta_size=617287 full_size=545441946
R0 [P2] iter 313: join done, raw=616476 result_size=616352
R0 [P2] iter 313: split done, delta_size=616352
R0 [P2] iter 313: dedup done, delta_size=616352
R0 [P2] iter 313: subtract done, delta_size=614724
R0 [P2] iter 313: merge done, full_size=546056670
R0 [P2] iter 314 done: global_full_size=546056670
R0 [P2] iter 314: PRE-JOIN GPU mem: 80.1GB free / 85.1GB total | delta_size=614724 full_size=546056670
R0 [P2] iter 314: join done, raw=613909 result_size=613787
R0 [P2] iter 314: split done, delta_size=613787
R0 [P2] iter 314: dedup done, delta_size=613787
R0 [P2] iter 314: subtract done, delta_size=612167
R0 [P2] iter 314: merge done, full_size=546668837
R0 [P2] iter 315 done: global_full_size=546668837
R0 [P2] iter 315: PRE-JOIN GPU mem: 80.1GB free / 85.1GB total | delta_size=612167 full_size=546668837
R0 [P2] iter 315: join done, raw=611364 result_size=611243
R0 [P2] iter 315: split done, delta_size=611243
R0 [P2] iter 315: dedup done, delta_size=611243
R0 [P2] iter 315: subtract done, delta_size=609628
R0 [P2] iter 315: merge done, full_size=547278465
R0 [P2] iter 316 done: global_full_size=547278465
R0 [P2] iter 316: PRE-JOIN GPU mem: 80.1GB free / 85.1GB total | delta_size=609628 full_size=547278465
R0 [P2] iter 316: join done, raw=608808 result_size=608688
R0 [P2] iter 316: split done, delta_size=608688
R0 [P2] iter 316: dedup done, delta_size=608688
R0 [P2] iter 316: subtract done, delta_size=607078
R0 [P2] iter 316: merge done, full_size=547885543
R0 [P2] iter 317 done: global_full_size=547885543
R0 [P2] iter 317: PRE-JOIN GPU mem: 80.1GB free / 85.1GB total | delta_size=607078 full_size=547885543
R0 [P2] iter 317: join done, raw=606254 result_size=606134
R0 [P2] iter 317: split done, delta_size=606134
R0 [P2] iter 317: dedup done, delta_size=606134
R0 [P2] iter 317: subtract done, delta_size=604530
R0 [P2] iter 317: merge done, full_size=548490073
R0 [P2] iter 318 done: global_full_size=548490073
R0 [P2] iter 318: PRE-JOIN GPU mem: 80.1GB free / 85.1GB total | delta_size=604530 full_size=548490073
R0 [P2] iter 318: join done, raw=603710 result_size=603590
R0 [P2] iter 318: split done, delta_size=603590
R0 [P2] iter 318: dedup done, delta_size=603590
R0 [P2] iter 318: subtract done, delta_size=601993
R0 [P2] iter 318: merge done, full_size=549092066
R0 [P2] iter 319 done: global_full_size=549092066
R0 [P2] iter 319: PRE-JOIN GPU mem: 80.1GB free / 85.1GB total | delta_size=601993 full_size=549092066
R0 [P2] iter 319: join done, raw=601167 result_size=601047
R0 [P2] iter 319: split done, delta_size=601047
R0 [P2] iter 319: dedup done, delta_size=601047
R0 [P2] iter 319: subtract done, delta_size=599453
R0 [P2] iter 319: merge done, full_size=549691519
R0 [P2] iter 320 done: global_full_size=549691519
R0 [P2] iter 320: PRE-JOIN GPU mem: 80.1GB free / 85.1GB total | delta_size=599453 full_size=549691519
R0 [P2] iter 320: join done, raw=598628 result_size=598508
R0 [P2] iter 320: split done, delta_size=598508
R0 [P2] iter 320: dedup done, delta_size=598508
R0 [P2] iter 320: subtract done, delta_size=596925
R0 [P2] iter 320: merge done, full_size=550288444
R0 [P2] iter 321 done: global_full_size=550288444
R0 [P2] iter 321: PRE-JOIN GPU mem: 80.0GB free / 85.1GB total | delta_size=596925 full_size=550288444
R0 [P2] iter 321: join done, raw=596098 result_size=595978
R0 [P2] iter 321: split done, delta_size=595978
R0 [P2] iter 321: dedup done, delta_size=595978
R0 [P2] iter 321: subtract done, delta_size=594401
R0 [P2] iter 321: merge done, full_size=550882845
R0 [P2] iter 322 done: global_full_size=550882845
R0 [P2] iter 322: PRE-JOIN GPU mem: 80.0GB free / 85.1GB total | delta_size=594401 full_size=550882845
R0 [P2] iter 322: join done, raw=593571 result_size=593452
R0 [P2] iter 322: split done, delta_size=593452
R0 [P2] iter 322: dedup done, delta_size=593452
R0 [P2] iter 322: subtract done, delta_size=591891
R0 [P2] iter 322: merge done, full_size=551474736
R0 [P2] iter 323 done: global_full_size=551474736
R0 [P2] iter 323: PRE-JOIN GPU mem: 80.0GB free / 85.1GB total | delta_size=591891 full_size=551474736
R0 [P2] iter 323: join done, raw=591076 result_size=590957
R0 [P2] iter 323: split done, delta_size=590957
R0 [P2] iter 323: dedup done, delta_size=590957
R0 [P2] iter 323: subtract done, delta_size=589402
R0 [P2] iter 323: merge done, full_size=552064138
R0 [P2] iter 324 done: global_full_size=552064138
R0 [P2] iter 324: PRE-JOIN GPU mem: 80.0GB free / 85.1GB total | delta_size=589402 full_size=552064138
R0 [P2] iter 324: join done, raw=588598 result_size=588479
R0 [P2] iter 324: split done, delta_size=588479
R0 [P2] iter 324: dedup done, delta_size=588479
R0 [P2] iter 324: subtract done, delta_size=586929
R0 [P2] iter 324: merge done, full_size=552651067
R0 [P2] iter 325 done: global_full_size=552651067
R0 [P2] iter 325: PRE-JOIN GPU mem: 80.0GB free / 85.1GB total | delta_size=586929 full_size=552651067
R0 [P2] iter 325: join done, raw=586144 result_size=586026
R0 [P2] iter 325: split done, delta_size=586026
R0 [P2] iter 325: dedup done, delta_size=586026
R0 [P2] iter 325: subtract done, delta_size=584482
R0 [P2] iter 325: merge done, full_size=553235549
R0 [P2] iter 326 done: global_full_size=553235549
R0 [P2] iter 326: PRE-JOIN GPU mem: 80.0GB free / 85.1GB total | delta_size=584482 full_size=553235549
R0 [P2] iter 326: join done, raw=583694 result_size=583576
R0 [P2] iter 326: split done, delta_size=583576
R0 [P2] iter 326: dedup done, delta_size=583576
R0 [P2] iter 326: subtract done, delta_size=582036
R0 [P2] iter 326: merge done, full_size=553817585
R0 [P2] iter 327 done: global_full_size=553817585
R0 [P2] iter 327: PRE-JOIN GPU mem: 80.0GB free / 85.1GB total | delta_size=582036 full_size=553817585
R0 [P2] iter 327: join done, raw=581262 result_size=581144
R0 [P2] iter 327: split done, delta_size=581144
R0 [P2] iter 327: dedup done, delta_size=581144
R0 [P2] iter 327: subtract done, delta_size=579610
R0 [P2] iter 327: merge done, full_size=554397195
R0 [P2] iter 328 done: global_full_size=554397195
R0 [P2] iter 328: PRE-JOIN GPU mem: 80.0GB free / 85.1GB total | delta_size=579610 full_size=554397195
R0 [P2] iter 328: join done, raw=578837 result_size=578721
R0 [P2] iter 328: split done, delta_size=578721
R0 [P2] iter 328: dedup done, delta_size=578721
R0 [P2] iter 328: subtract done, delta_size=577195
R0 [P2] iter 328: merge done, full_size=554974390
R0 [P2] iter 329 done: global_full_size=554974390
R0 [P2] iter 329: PRE-JOIN GPU mem: 80.0GB free / 85.1GB total | delta_size=577195 full_size=554974390
R0 [P2] iter 329: join done, raw=576412 result_size=576296
R0 [P2] iter 329: split done, delta_size=576296
R0 [P2] iter 329: dedup done, delta_size=576296
R0 [P2] iter 329: subtract done, delta_size=574775
R0 [P2] iter 329: merge done, full_size=555549165
R0 [P2] iter 330 done: global_full_size=555549165
R0 [P2] iter 330: PRE-JOIN GPU mem: 80.0GB free / 85.1GB total | delta_size=574775 full_size=555549165
R0 [P2] iter 330: join done, raw=573994 result_size=573879
R0 [P2] iter 330: split done, delta_size=573879
R0 [P2] iter 330: dedup done, delta_size=573879
R0 [P2] iter 330: subtract done, delta_size=572368
R0 [P2] iter 330: merge done, full_size=556121533
R0 [P2] iter 331 done: global_full_size=556121533
R0 [P2] iter 331: PRE-JOIN GPU mem: 80.0GB free / 85.1GB total | delta_size=572368 full_size=556121533
R0 [P2] iter 331: join done, raw=571588 result_size=571475
R0 [P2] iter 331: split done, delta_size=571475
R0 [P2] iter 331: dedup done, delta_size=571475
R0 [P2] iter 331: subtract done, delta_size=569967
R0 [P2] iter 331: merge done, full_size=556691500
R0 [P2] iter 332 done: global_full_size=556691500
R0 [P2] iter 332: PRE-JOIN GPU mem: 80.0GB free / 85.1GB total | delta_size=569967 full_size=556691500
R0 [P2] iter 332: join done, raw=569210 result_size=569099
R0 [P2] iter 332: split done, delta_size=569099
R0 [P2] iter 332: dedup done, delta_size=569099
R0 [P2] iter 332: subtract done, delta_size=567594
R0 [P2] iter 332: merge done, full_size=557259094
R0 [P2] iter 333 done: global_full_size=557259094
R0 [P2] iter 333: PRE-JOIN GPU mem: 80.0GB free / 85.1GB total | delta_size=567594 full_size=557259094
R0 [P2] iter 333: join done, raw=566851 result_size=566740
R0 [P2] iter 333: split done, delta_size=566740
R0 [P2] iter 333: dedup done, delta_size=566740
R0 [P2] iter 333: subtract done, delta_size=565244
R0 [P2] iter 333: merge done, full_size=557824338
R0 [P2] iter 334 done: global_full_size=557824338
R0 [P2] iter 334: PRE-JOIN GPU mem: 80.0GB free / 85.1GB total | delta_size=565244 full_size=557824338
R0 [P2] iter 334: join done, raw=564494 result_size=564383
R0 [P2] iter 334: split done, delta_size=564383
R0 [P2] iter 334: dedup done, delta_size=564383
R0 [P2] iter 334: subtract done, delta_size=562891
R0 [P2] iter 334: merge done, full_size=558387229
R0 [P2] iter 335 done: global_full_size=558387229
R0 [P2] iter 335: PRE-JOIN GPU mem: 80.0GB free / 85.1GB total | delta_size=562891 full_size=558387229
R0 [P2] iter 335: join done, raw=562130 result_size=562020
R0 [P2] iter 335: split done, delta_size=562020
R0 [P2] iter 335: dedup done, delta_size=562020
R0 [P2] iter 335: subtract done, delta_size=560537
R0 [P2] iter 335: merge done, full_size=558947766
R0 [P2] iter 336 done: global_full_size=558947766
R0 [P2] iter 336: PRE-JOIN GPU mem: 80.0GB free / 85.1GB total | delta_size=560537 full_size=558947766
R0 [P2] iter 336: join done, raw=559778 result_size=559669
R0 [P2] iter 336: split done, delta_size=559669
R0 [P2] iter 336: dedup done, delta_size=559669
R0 [P2] iter 336: subtract done, delta_size=558196
R0 [P2] iter 336: merge done, full_size=559505962
R0 [P2] iter 337 done: global_full_size=559505962
R0 [P2] iter 337: PRE-JOIN GPU mem: 80.0GB free / 85.1GB total | delta_size=558196 full_size=559505962
R0 [P2] iter 337: join done, raw=557467 result_size=557359
R0 [P2] iter 337: split done, delta_size=557359
R0 [P2] iter 337: dedup done, delta_size=557359
R0 [P2] iter 337: subtract done, delta_size=555895
R0 [P2] iter 337: merge done, full_size=560061857
R0 [P2] iter 338 done: global_full_size=560061857
R0 [P2] iter 338: PRE-JOIN GPU mem: 80.0GB free / 85.1GB total | delta_size=555895 full_size=560061857
R0 [P2] iter 338: join done, raw=555157 result_size=555049
R0 [P2] iter 338: split done, delta_size=555049
R0 [P2] iter 338: dedup done, delta_size=555049
R0 [P2] iter 338: subtract done, delta_size=553595
R0 [P2] iter 338: merge done, full_size=560615452
R0 [P2] iter 339 done: global_full_size=560615452
R0 [P2] iter 339: PRE-JOIN GPU mem: 80.0GB free / 85.1GB total | delta_size=553595 full_size=560615452
R0 [P2] iter 339: join done, raw=552863 result_size=552755
R0 [P2] iter 339: split done, delta_size=552755
R0 [P2] iter 339: dedup done, delta_size=552755
R0 [P2] iter 339: subtract done, delta_size=551303
R0 [P2] iter 339: merge done, full_size=561166755
R0 [P2] iter 340 done: global_full_size=561166755
R0 [P2] iter 340: PRE-JOIN GPU mem: 80.0GB free / 85.1GB total | delta_size=551303 full_size=561166755
R0 [P2] iter 340: join done, raw=550573 result_size=550465
R0 [P2] iter 340: split done, delta_size=550465
R0 [P2] iter 340: dedup done, delta_size=550465
R0 [P2] iter 340: subtract done, delta_size=549022
R0 [P2] iter 340: merge done, full_size=561715777
R0 [P2] iter 341 done: global_full_size=561715777
R0 [P2] iter 341: PRE-JOIN GPU mem: 80.0GB free / 85.1GB total | delta_size=549022 full_size=561715777
R0 [P2] iter 341: join done, raw=548294 result_size=548187
R0 [P2] iter 341: split done, delta_size=548187
R0 [P2] iter 341: dedup done, delta_size=548187
R0 [P2] iter 341: subtract done, delta_size=546750
R0 [P2] iter 341: merge done, full_size=562262527
R0 [P2] iter 342 done: global_full_size=562262527
R0 [P2] iter 342: PRE-JOIN GPU mem: 79.9GB free / 85.1GB total | delta_size=546750 full_size=562262527
R0 [P2] iter 342: join done, raw=546042 result_size=545935
R0 [P2] iter 342: split done, delta_size=545935
R0 [P2] iter 342: dedup done, delta_size=545935
R0 [P2] iter 342: subtract done, delta_size=544502
R0 [P2] iter 342: merge done, full_size=562807029
R0 [P2] iter 343 done: global_full_size=562807029
R0 [P2] iter 343: PRE-JOIN GPU mem: 79.9GB free / 85.1GB total | delta_size=544502 full_size=562807029
R0 [P2] iter 343: join done, raw=543791 result_size=543685
R0 [P2] iter 343: split done, delta_size=543685
R0 [P2] iter 343: dedup done, delta_size=543685
R0 [P2] iter 343: subtract done, delta_size=542264
R0 [P2] iter 343: merge done, full_size=563349293
R0 [P2] iter 344 done: global_full_size=563349293
R0 [P2] iter 344: PRE-JOIN GPU mem: 79.9GB free / 85.1GB total | delta_size=542264 full_size=563349293
R0 [P2] iter 344: join done, raw=541563 result_size=541457
R0 [P2] iter 344: split done, delta_size=541457
R0 [P2] iter 344: dedup done, delta_size=541457
R0 [P2] iter 344: subtract done, delta_size=540046
R0 [P2] iter 344: merge done, full_size=563889339
R0 [P2] iter 345 done: global_full_size=563889339
R0 [P2] iter 345: PRE-JOIN GPU mem: 79.9GB free / 85.1GB total | delta_size=540046 full_size=563889339
R0 [P2] iter 345: join done, raw=539342 result_size=539236
R0 [P2] iter 345: split done, delta_size=539236
R0 [P2] iter 345: dedup done, delta_size=539236
R0 [P2] iter 345: subtract done, delta_size=537827
R0 [P2] iter 345: merge done, full_size=564427166
R0 [P2] iter 346 done: global_full_size=564427166
R0 [P2] iter 346: PRE-JOIN GPU mem: 79.9GB free / 85.1GB total | delta_size=537827 full_size=564427166
R0 [P2] iter 346: join done, raw=537117 result_size=537012
R0 [P2] iter 346: split done, delta_size=537012
R0 [P2] iter 346: dedup done, delta_size=537012
R0 [P2] iter 346: subtract done, delta_size=535610
R0 [P2] iter 346: merge done, full_size=564962776
R0 [P2] iter 347 done: global_full_size=564962776
R0 [P2] iter 347: PRE-JOIN GPU mem: 79.9GB free / 85.1GB total | delta_size=535610 full_size=564962776
R0 [P2] iter 347: join done, raw=534907 result_size=534804
R0 [P2] iter 347: split done, delta_size=534804
R0 [P2] iter 347: dedup done, delta_size=534804
R0 [P2] iter 347: subtract done, delta_size=533417
R0 [P2] iter 347: merge done, full_size=565496193
R0 [P2] iter 348 done: global_full_size=565496193
R0 [P2] iter 348: PRE-JOIN GPU mem: 79.9GB free / 85.1GB total | delta_size=533417 full_size=565496193
R0 [P2] iter 348: join done, raw=532719 result_size=532616
R0 [P2] iter 348: split done, delta_size=532616
R0 [P2] iter 348: dedup done, delta_size=532616
R0 [P2] iter 348: subtract done, delta_size=531241
R0 [P2] iter 348: merge done, full_size=566027434
R0 [P2] iter 349 done: global_full_size=566027434
R0 [P2] iter 349: PRE-JOIN GPU mem: 79.9GB free / 85.1GB total | delta_size=531241 full_size=566027434
R0 [P2] iter 349: join done, raw=530532 result_size=530429
R0 [P2] iter 349: split done, delta_size=530429
R0 [P2] iter 349: dedup done, delta_size=530429
R0 [P2] iter 349: subtract done, delta_size=529064
R0 [P2] iter 349: merge done, full_size=566556498
R0 [P2] iter 350 done: global_full_size=566556498
R0 [P2] iter 350: PRE-JOIN GPU mem: 79.9GB free / 85.1GB total | delta_size=529064 full_size=566556498
R0 [P2] iter 350: join done, raw=528357 result_size=528254
R0 [P2] iter 350: split done, delta_size=528254
R0 [P2] iter 350: dedup done, delta_size=528254
R0 [P2] iter 350: subtract done, delta_size=526902
R0 [P2] iter 350: merge done, full_size=567083400
R0 [P2] iter 351 done: global_full_size=567083400
R0 [P2] iter 351: PRE-JOIN GPU mem: 79.9GB free / 85.1GB total | delta_size=526902 full_size=567083400
R0 [P2] iter 351: join done, raw=526218 result_size=526115
R0 [P2] iter 351: split done, delta_size=526115
R0 [P2] iter 351: dedup done, delta_size=526115
R0 [P2] iter 351: subtract done, delta_size=524774
R0 [P2] iter 351: merge done, full_size=567608174
R0 [P2] iter 352 done: global_full_size=567608174
R0 [P2] iter 352: PRE-JOIN GPU mem: 79.9GB free / 85.1GB total | delta_size=524774 full_size=567608174
R0 [P2] iter 352: join done, raw=524102 result_size=523999
R0 [P2] iter 352: split done, delta_size=523999
R0 [P2] iter 352: dedup done, delta_size=523999
R0 [P2] iter 352: subtract done, delta_size=522664
R0 [P2] iter 352: merge done, full_size=568130838
R0 [P2] iter 353 done: global_full_size=568130838
R0 [P2] iter 353: PRE-JOIN GPU mem: 79.9GB free / 85.1GB total | delta_size=522664 full_size=568130838
R0 [P2] iter 353: join done, raw=521993 result_size=521890
R0 [P2] iter 353: split done, delta_size=521890
R0 [P2] iter 353: dedup done, delta_size=521890
R0 [P2] iter 353: subtract done, delta_size=520563
R0 [P2] iter 353: merge done, full_size=568651401
R0 [P2] iter 354 done: global_full_size=568651401
R0 [P2] iter 354: PRE-JOIN GPU mem: 79.9GB free / 85.1GB total | delta_size=520563 full_size=568651401
R0 [P2] iter 354: join done, raw=519888 result_size=519785
R0 [P2] iter 354: split done, delta_size=519785
R0 [P2] iter 354: dedup done, delta_size=519785
R0 [P2] iter 354: subtract done, delta_size=518467
R0 [P2] iter 354: merge done, full_size=569169868
R0 [P2] iter 355 done: global_full_size=569169868
R0 [P2] iter 355: PRE-JOIN GPU mem: 79.9GB free / 85.1GB total | delta_size=518467 full_size=569169868
R0 [P2] iter 355: join done, raw=517787 result_size=517684
R0 [P2] iter 355: split done, delta_size=517684
R0 [P2] iter 355: dedup done, delta_size=517684
R0 [P2] iter 355: subtract done, delta_size=516371
R0 [P2] iter 355: merge done, full_size=569686239
R0 [P2] iter 356 done: global_full_size=569686239
R0 [P2] iter 356: PRE-JOIN GPU mem: 79.9GB free / 85.1GB total | delta_size=516371 full_size=569686239
R0 [P2] iter 356: join done, raw=515682 result_size=515580
R0 [P2] iter 356: split done, delta_size=515580
R0 [P2] iter 356: dedup done, delta_size=515580
R0 [P2] iter 356: subtract done, delta_size=514272
R0 [P2] iter 356: merge done, full_size=570200511
R0 [P2] iter 357 done: global_full_size=570200511
R0 [P2] iter 357: PRE-JOIN GPU mem: 79.9GB free / 85.1GB total | delta_size=514272 full_size=570200511
R0 [P2] iter 357: join done, raw=513578 result_size=513477
R0 [P2] iter 357: split done, delta_size=513477
R0 [P2] iter 357: dedup done, delta_size=513477
R0 [P2] iter 357: subtract done, delta_size=512174
R0 [P2] iter 357: merge done, full_size=570712685
R0 [P2] iter 358 done: global_full_size=570712685
R0 [P2] iter 358: PRE-JOIN GPU mem: 79.9GB free / 85.1GB total | delta_size=512174 full_size=570712685
R0 [P2] iter 358: join done, raw=511477 result_size=511377
R0 [P2] iter 358: split done, delta_size=511377
R0 [P2] iter 358: dedup done, delta_size=511377
R0 [P2] iter 358: subtract done, delta_size=510079
R0 [P2] iter 358: merge done, full_size=571222764
R0 [P2] iter 359 done: global_full_size=571222764
R0 [P2] iter 359: PRE-JOIN GPU mem: 79.9GB free / 85.1GB total | delta_size=510079 full_size=571222764
R0 [P2] iter 359: join done, raw=509388 result_size=509288
R0 [P2] iter 359: split done, delta_size=509288
R0 [P2] iter 359: dedup done, delta_size=509288
R0 [P2] iter 359: subtract done, delta_size=507998
R0 [P2] iter 359: merge done, full_size=571730762
R0 [P2] iter 360 done: global_full_size=571730762
R0 [P2] iter 360: PRE-JOIN GPU mem: 79.9GB free / 85.1GB total | delta_size=507998 full_size=571730762
R0 [P2] iter 360: join done, raw=507315 result_size=507215
R0 [P2] iter 360: split done, delta_size=507215
R0 [P2] iter 360: dedup done, delta_size=507215
R0 [P2] iter 360: subtract done, delta_size=505930
R0 [P2] iter 360: merge done, full_size=572236692
R0 [P2] iter 361 done: global_full_size=572236692
R0 [P2] iter 361: PRE-JOIN GPU mem: 79.9GB free / 85.1GB total | delta_size=505930 full_size=572236692
R0 [P2] iter 361: join done, raw=505255 result_size=505156
R0 [P2] iter 361: split done, delta_size=505156
R0 [P2] iter 361: dedup done, delta_size=505156
R0 [P2] iter 361: subtract done, delta_size=503877
R0 [P2] iter 361: merge done, full_size=572740569
R0 [P2] iter 362 done: global_full_size=572740569
R0 [P2] iter 362: PRE-JOIN GPU mem: 79.9GB free / 85.1GB total | delta_size=503877 full_size=572740569
R0 [P2] iter 362: join done, raw=503209 result_size=503110
R0 [P2] iter 362: split done, delta_size=503110
R0 [P2] iter 362: dedup done, delta_size=503110
R0 [P2] iter 362: subtract done, delta_size=501839
R0 [P2] iter 362: merge done, full_size=573242408
R0 [P2] iter 363 done: global_full_size=573242408
R0 [P2] iter 363: PRE-JOIN GPU mem: 79.9GB free / 85.1GB total | delta_size=501839 full_size=573242408
R0 [P2] iter 363: join done, raw=501174 result_size=501075
R0 [P2] iter 363: split done, delta_size=501075
R0 [P2] iter 363: dedup done, delta_size=501075
R0 [P2] iter 363: subtract done, delta_size=499808
R0 [P2] iter 363: merge done, full_size=573742216
R0 [P2] iter 364 done: global_full_size=573742216
R0 [P2] iter 364: PRE-JOIN GPU mem: 79.9GB free / 85.1GB total | delta_size=499808 full_size=573742216
R0 [P2] iter 364: join done, raw=499138 result_size=499039
R0 [P2] iter 364: split done, delta_size=499039
R0 [P2] iter 364: dedup done, delta_size=499039
R0 [P2] iter 364: subtract done, delta_size=497779
R0 [P2] iter 364: merge done, full_size=574239995
R0 [P2] iter 365 done: global_full_size=574239995
R0 [P2] iter 365: PRE-JOIN GPU mem: 79.9GB free / 85.1GB total | delta_size=497779 full_size=574239995
R0 [P2] iter 365: join done, raw=497111 result_size=497013
R0 [P2] iter 365: split done, delta_size=497013
R0 [P2] iter 365: dedup done, delta_size=497013
R0 [P2] iter 365: subtract done, delta_size=495762
R0 [P2] iter 365: merge done, full_size=574735757
R0 [P2] iter 366 done: global_full_size=574735757
R0 [P2] iter 366: PRE-JOIN GPU mem: 79.9GB free / 85.1GB total | delta_size=495762 full_size=574735757
R0 [P2] iter 366: join done, raw=495096 result_size=494998
R0 [P2] iter 366: split done, delta_size=494998
R0 [P2] iter 366: dedup done, delta_size=494998
R0 [P2] iter 366: subtract done, delta_size=493749
R0 [P2] iter 366: merge done, full_size=575229506
R0 [P2] iter 367 done: global_full_size=575229506
R0 [P2] iter 367: PRE-JOIN GPU mem: 79.8GB free / 85.1GB total | delta_size=493749 full_size=575229506
R0 [P2] iter 367: join done, raw=493101 result_size=493004
R0 [P2] iter 367: split done, delta_size=493004
R0 [P2] iter 367: dedup done, delta_size=493004
R0 [P2] iter 367: subtract done, delta_size=491759
R0 [P2] iter 367: merge done, full_size=575721265
R0 [P2] iter 368 done: global_full_size=575721265
R0 [P2] iter 368: PRE-JOIN GPU mem: 79.8GB free / 85.1GB total | delta_size=491759 full_size=575721265
R0 [P2] iter 368: join done, raw=491114 result_size=491018
R0 [P2] iter 368: split done, delta_size=491018
R0 [P2] iter 368: dedup done, delta_size=491018
R0 [P2] iter 368: subtract done, delta_size=489780
R0 [P2] iter 368: merge done, full_size=576211045
R0 [P2] iter 369 done: global_full_size=576211045
R0 [P2] iter 369: PRE-JOIN GPU mem: 79.8GB free / 85.1GB total | delta_size=489780 full_size=576211045
R0 [P2] iter 369: join done, raw=489145 result_size=489049
R0 [P2] iter 369: split done, delta_size=489049
R0 [P2] iter 369: dedup done, delta_size=489049
R0 [P2] iter 369: subtract done, delta_size=487817
R0 [P2] iter 369: merge done, full_size=576698862
R0 [P2] iter 370 done: global_full_size=576698862
R0 [P2] iter 370: PRE-JOIN GPU mem: 79.8GB free / 85.1GB total | delta_size=487817 full_size=576698862
R0 [P2] iter 370: join done, raw=487193 result_size=487097
R0 [P2] iter 370: split done, delta_size=487097
R0 [P2] iter 370: dedup done, delta_size=487097
R0 [P2] iter 370: subtract done, delta_size=485874
R0 [P2] iter 370: merge done, full_size=577184736
R0 [P2] iter 371 done: global_full_size=577184736
R0 [P2] iter 371: PRE-JOIN GPU mem: 79.8GB free / 85.1GB total | delta_size=485874 full_size=577184736
R0 [P2] iter 371: join done, raw=485244 result_size=485149
R0 [P2] iter 371: split done, delta_size=485149
R0 [P2] iter 371: dedup done, delta_size=485149
R0 [P2] iter 371: subtract done, delta_size=483936
R0 [P2] iter 371: merge done, full_size=577668672
R0 [P2] iter 372 done: global_full_size=577668672
R0 [P2] iter 372: PRE-JOIN GPU mem: 79.8GB free / 85.1GB total | delta_size=483936 full_size=577668672
R0 [P2] iter 372: join done, raw=483314 result_size=483219
R0 [P2] iter 372: split done, delta_size=483219
R0 [P2] iter 372: dedup done, delta_size=483219
R0 [P2] iter 372: subtract done, delta_size=482010
R0 [P2] iter 372: merge done, full_size=578150682
R0 [P2] iter 373 done: global_full_size=578150682
R0 [P2] iter 373: PRE-JOIN GPU mem: 79.8GB free / 85.1GB total | delta_size=482010 full_size=578150682
R0 [P2] iter 373: join done, raw=481380 result_size=481285
R0 [P2] iter 373: split done, delta_size=481285
R0 [P2] iter 373: dedup done, delta_size=481285
R0 [P2] iter 373: subtract done, delta_size=480081
R0 [P2] iter 373: merge done, full_size=578630763
R0 [P2] iter 374 done: global_full_size=578630763
R0 [P2] iter 374: PRE-JOIN GPU mem: 79.8GB free / 85.1GB total | delta_size=480081 full_size=578630763
R0 [P2] iter 374: join done, raw=479453 result_size=479358
R0 [P2] iter 374: split done, delta_size=479358
R0 [P2] iter 374: dedup done, delta_size=479358
R0 [P2] iter 374: subtract done, delta_size=478157
R0 [P2] iter 374: merge done, full_size=579108920
R0 [P2] iter 375 done: global_full_size=579108920
R0 [P2] iter 375: PRE-JOIN GPU mem: 79.8GB free / 85.1GB total | delta_size=478157 full_size=579108920
R0 [P2] iter 375: join done, raw=477538 result_size=477443
R0 [P2] iter 375: split done, delta_size=477443
R0 [P2] iter 375: dedup done, delta_size=477443
R0 [P2] iter 375: subtract done, delta_size=476246
R0 [P2] iter 375: merge done, full_size=579585166
R0 [P2] iter 376 done: global_full_size=579585166
R0 [P2] iter 376: PRE-JOIN GPU mem: 79.8GB free / 85.1GB total | delta_size=476246 full_size=579585166
R0 [P2] iter 376: join done, raw=475625 result_size=475531
R0 [P2] iter 376: split done, delta_size=475531
R0 [P2] iter 376: dedup done, delta_size=475531
R0 [P2] iter 376: subtract done, delta_size=474341
R0 [P2] iter 376: merge done, full_size=580059507
R0 [P2] iter 377 done: global_full_size=580059507
R0 [P2] iter 377: PRE-JOIN GPU mem: 79.8GB free / 85.1GB total | delta_size=474341 full_size=580059507
R0 [P2] iter 377: join done, raw=473716 result_size=473623
R0 [P2] iter 377: split done, delta_size=473623
R0 [P2] iter 377: dedup done, delta_size=473623
R0 [P2] iter 377: subtract done, delta_size=472439
R0 [P2] iter 377: merge done, full_size=580531946
R0 [P2] iter 378 done: global_full_size=580531946
R0 [P2] iter 378: PRE-JOIN GPU mem: 79.8GB free / 85.1GB total | delta_size=472439 full_size=580531946
R0 [P2] iter 378: join done, raw=471832 result_size=471740
R0 [P2] iter 378: split done, delta_size=471740
R0 [P2] iter 378: dedup done, delta_size=471740
R0 [P2] iter 378: subtract done, delta_size=470560
R0 [P2] iter 378: merge done, full_size=581002506
R0 [P2] iter 379 done: global_full_size=581002506
R0 [P2] iter 379: PRE-JOIN GPU mem: 79.8GB free / 85.1GB total | delta_size=470560 full_size=581002506
R0 [P2] iter 379: join done, raw=469947 result_size=469855
R0 [P2] iter 379: split done, delta_size=469855
R0 [P2] iter 379: dedup done, delta_size=469855
R0 [P2] iter 379: subtract done, delta_size=468686
R0 [P2] iter 379: merge done, full_size=581471192
R0 [P2] iter 380 done: global_full_size=581471192
R0 [P2] iter 380: PRE-JOIN GPU mem: 79.8GB free / 85.1GB total | delta_size=468686 full_size=581471192
R0 [P2] iter 380: join done, raw=468089 result_size=467997
R0 [P2] iter 380: split done, delta_size=467997
R0 [P2] iter 380: dedup done, delta_size=467997
R0 [P2] iter 380: subtract done, delta_size=466835
R0 [P2] iter 380: merge done, full_size=581938027
R0 [P2] iter 381 done: global_full_size=581938027
R0 [P2] iter 381: PRE-JOIN GPU mem: 79.8GB free / 85.1GB total | delta_size=466835 full_size=581938027
R0 [P2] iter 381: join done, raw=466238 result_size=466146
R0 [P2] iter 381: split done, delta_size=466146
R0 [P2] iter 381: dedup done, delta_size=466146
R0 [P2] iter 381: subtract done, delta_size=464988
R0 [P2] iter 381: merge done, full_size=582403015
R0 [P2] iter 382 done: global_full_size=582403015
R0 [P2] iter 382: PRE-JOIN GPU mem: 79.8GB free / 85.1GB total | delta_size=464988 full_size=582403015
R0 [P2] iter 382: join done, raw=464399 result_size=464307
R0 [P2] iter 382: split done, delta_size=464307
R0 [P2] iter 382: dedup done, delta_size=464307
R0 [P2] iter 382: subtract done, delta_size=463157
R0 [P2] iter 382: merge done, full_size=582866172
R0 [P2] iter 383 done: global_full_size=582866172
R0 [P2] iter 383: PRE-JOIN GPU mem: 79.8GB free / 85.1GB total | delta_size=463157 full_size=582866172
R0 [P2] iter 383: join done, raw=462579 result_size=462488
R0 [P2] iter 383: split done, delta_size=462488
R0 [P2] iter 383: dedup done, delta_size=462488
R0 [P2] iter 383: subtract done, delta_size=461340
R0 [P2] iter 383: merge done, full_size=583327512
R0 [P2] iter 384 done: global_full_size=583327512
R0 [P2] iter 384: PRE-JOIN GPU mem: 79.8GB free / 85.1GB total | delta_size=461340 full_size=583327512
R0 [P2] iter 384: join done, raw=460767 result_size=460676
R0 [P2] iter 384: split done, delta_size=460676
R0 [P2] iter 384: dedup done, delta_size=460676
R0 [P2] iter 384: subtract done, delta_size=459534
R0 [P2] iter 384: merge done, full_size=583787046
R0 [P2] iter 385 done: global_full_size=583787046
R0 [P2] iter 385: PRE-JOIN GPU mem: 79.8GB free / 85.1GB total | delta_size=459534 full_size=583787046
R0 [P2] iter 385: join done, raw=458958 result_size=458867
R0 [P2] iter 385: split done, delta_size=458867
R0 [P2] iter 385: dedup done, delta_size=458867
R0 [P2] iter 385: subtract done, delta_size=457735
R0 [P2] iter 385: merge done, full_size=584244781
R0 [P2] iter 386 done: global_full_size=584244781
R0 [P2] iter 386: PRE-JOIN GPU mem: 79.8GB free / 85.1GB total | delta_size=457735 full_size=584244781
R0 [P2] iter 386: join done, raw=457152 result_size=457061
R0 [P2] iter 386: split done, delta_size=457061
R0 [P2] iter 386: dedup done, delta_size=457061
R0 [P2] iter 386: subtract done, delta_size=455932
R0 [P2] iter 386: merge done, full_size=584700713
R0 [P2] iter 387 done: global_full_size=584700713
R0 [P2] iter 387: PRE-JOIN GPU mem: 79.8GB free / 85.1GB total | delta_size=455932 full_size=584700713
R0 [P2] iter 387: join done, raw=455364 result_size=455274
R0 [P2] iter 387: split done, delta_size=455274
R0 [P2] iter 387: dedup done, delta_size=455274
R0 [P2] iter 387: subtract done, delta_size=454148
R0 [P2] iter 387: merge done, full_size=585154861
R0 [P2] iter 388 done: global_full_size=585154861
R0 [P2] iter 388: PRE-JOIN GPU mem: 79.8GB free / 85.1GB total | delta_size=454148 full_size=585154861
R0 [P2] iter 388: join done, raw=453586 result_size=453497
R0 [P2] iter 388: split done, delta_size=453497
R0 [P2] iter 388: dedup done, delta_size=453497
R0 [P2] iter 388: subtract done, delta_size=452382
R0 [P2] iter 388: merge done, full_size=585607243
R0 [P2] iter 389 done: global_full_size=585607243
R0 [P2] iter 389: PRE-JOIN GPU mem: 79.8GB free / 85.1GB total | delta_size=452382 full_size=585607243
R0 [P2] iter 389: join done, raw=451826 result_size=451738
R0 [P2] iter 389: split done, delta_size=451738
R0 [P2] iter 389: dedup done, delta_size=451738
R0 [P2] iter 389: subtract done, delta_size=450630
R0 [P2] iter 389: merge done, full_size=586057873
R0 [P2] iter 390 done: global_full_size=586057873
R0 [P2] iter 390: PRE-JOIN GPU mem: 79.8GB free / 85.1GB total | delta_size=450630 full_size=586057873
R0 [P2] iter 390: join done, raw=450085 result_size=449997
R0 [P2] iter 390: split done, delta_size=449997
R0 [P2] iter 390: dedup done, delta_size=449997
R0 [P2] iter 390: subtract done, delta_size=448890
R0 [P2] iter 390: merge done, full_size=586506763
R0 [P2] iter 391 done: global_full_size=586506763
R0 [P2] iter 391: PRE-JOIN GPU mem: 79.8GB free / 85.1GB total | delta_size=448890 full_size=586506763
R0 [P2] iter 391: join done, raw=448335 result_size=448248
R0 [P2] iter 391: split done, delta_size=448248
R0 [P2] iter 391: dedup done, delta_size=448248
R0 [P2] iter 391: subtract done, delta_size=447144
R0 [P2] iter 391: merge done, full_size=586953907
R0 [P2] iter 392 done: global_full_size=586953907
R0 [P2] iter 392: PRE-JOIN GPU mem: 79.8GB free / 85.1GB total | delta_size=447144 full_size=586953907
R0 [P2] iter 392: join done, raw=446590 result_size=446504
R0 [P2] iter 392: split done, delta_size=446504
R0 [P2] iter 392: dedup done, delta_size=446504
R0 [P2] iter 392: subtract done, delta_size=445402
R0 [P2] iter 392: merge done, full_size=587399309
R0 [P2] iter 393 done: global_full_size=587399309
R0 [P2] iter 393: PRE-JOIN GPU mem: 79.8GB free / 85.1GB total | delta_size=445402 full_size=587399309
R0 [P2] iter 393: join done, raw=444875 result_size=444789
R0 [P2] iter 393: split done, delta_size=444789
R0 [P2] iter 393: dedup done, delta_size=444789
R0 [P2] iter 393: subtract done, delta_size=443689
R0 [P2] iter 393: merge done, full_size=587842998
R0 [P2] iter 394 done: global_full_size=587842998
R0 [P2] iter 394: PRE-JOIN GPU mem: 79.7GB free / 85.1GB total | delta_size=443689 full_size=587842998
R0 [P2] iter 394: join done, raw=443151 result_size=443065
R0 [P2] iter 394: split done, delta_size=443065
R0 [P2] iter 394: dedup done, delta_size=443065
R0 [P2] iter 394: subtract done, delta_size=441966
R0 [P2] iter 394: merge done, full_size=588284964
R0 [P2] iter 395 done: global_full_size=588284964
R0 [P2] iter 395: PRE-JOIN GPU mem: 79.7GB free / 85.1GB total | delta_size=441966 full_size=588284964
R0 [P2] iter 395: join done, raw=441443 result_size=441357
R0 [P2] iter 395: split done, delta_size=441357
R0 [P2] iter 395: dedup done, delta_size=441357
R0 [P2] iter 395: subtract done, delta_size=440263
R0 [P2] iter 395: merge done, full_size=588725227
R0 [P2] iter 396 done: global_full_size=588725227
R0 [P2] iter 396: PRE-JOIN GPU mem: 79.7GB free / 85.1GB total | delta_size=440263 full_size=588725227
R0 [P2] iter 396: join done, raw=439752 result_size=439666
R0 [P2] iter 396: split done, delta_size=439666
R0 [P2] iter 396: dedup done, delta_size=439666
R0 [P2] iter 396: subtract done, delta_size=438576
R0 [P2] iter 396: merge done, full_size=589163803
R0 [P2] iter 397 done: global_full_size=589163803
R0 [P2] iter 397: PRE-JOIN GPU mem: 79.7GB free / 85.1GB total | delta_size=438576 full_size=589163803
R0 [P2] iter 397: join done, raw=438055 result_size=437969
R0 [P2] iter 397: split done, delta_size=437969
R0 [P2] iter 397: dedup done, delta_size=437969
R0 [P2] iter 397: subtract done, delta_size=436881
R0 [P2] iter 397: merge done, full_size=589600684
R0 [P2] iter 398 done: global_full_size=589600684
R0 [P2] iter 398: PRE-JOIN GPU mem: 79.7GB free / 85.1GB total | delta_size=436881 full_size=589600684
R0 [P2] iter 398: join done, raw=436361 result_size=436275
R0 [P2] iter 398: split done, delta_size=436275
R0 [P2] iter 398: dedup done, delta_size=436275
R0 [P2] iter 398: subtract done, delta_size=435192
R0 [P2] iter 398: merge done, full_size=590035876
R0 [P2] iter 399 done: global_full_size=590035876
R0 [P2] iter 399: PRE-JOIN GPU mem: 79.7GB free / 85.1GB total | delta_size=435192 full_size=590035876
R0 [P2] iter 399: join done, raw=434669 result_size=434583
R0 [P2] iter 399: split done, delta_size=434583
R0 [P2] iter 399: dedup done, delta_size=434583
R0 [P2] iter 399: subtract done, delta_size=433504
R0 [P2] iter 399: merge done, full_size=590469380
R0 [P2] iter 400 done: global_full_size=590469380
R0 [P2] iter 400: PRE-JOIN GPU mem: 79.7GB free / 85.1GB total | delta_size=433504 full_size=590469380
R0 [P2] iter 400: join done, raw=432983 result_size=432898
R0 [P2] iter 400: split done, delta_size=432898
R0 [P2] iter 400: dedup done, delta_size=432898
R0 [P2] iter 400: subtract done, delta_size=431827
R0 [P2] iter 400: merge done, full_size=590901207
R0 [P2] iter 401 done: global_full_size=590901207
R0 [P2] iter 401: PRE-JOIN GPU mem: 79.7GB free / 85.1GB total | delta_size=431827 full_size=590901207
R0 [P2] iter 401: join done, raw=431318 result_size=431233
R0 [P2] iter 401: split done, delta_size=431233
R0 [P2] iter 401: dedup done, delta_size=431233
R0 [P2] iter 401: subtract done, delta_size=430166
R0 [P2] iter 401: merge done, full_size=591331373
R0 [P2] iter 402 done: global_full_size=591331373
R0 [P2] iter 402: PRE-JOIN GPU mem: 79.7GB free / 85.1GB total | delta_size=430166 full_size=591331373
R0 [P2] iter 402: join done, raw=429661 result_size=429576
R0 [P2] iter 402: split done, delta_size=429576
R0 [P2] iter 402: dedup done, delta_size=429576
R0 [P2] iter 402: subtract done, delta_size=428517
R0 [P2] iter 402: merge done, full_size=591759890
R0 [P2] iter 403 done: global_full_size=591759890
R0 [P2] iter 403: PRE-JOIN GPU mem: 79.7GB free / 85.1GB total | delta_size=428517 full_size=591759890
R0 [P2] iter 403: join done, raw=428011 result_size=427926
R0 [P2] iter 403: split done, delta_size=427926
R0 [P2] iter 403: dedup done, delta_size=427926
R0 [P2] iter 403: subtract done, delta_size=426871
R0 [P2] iter 403: merge done, full_size=592186761
R0 [P2] iter 404 done: global_full_size=592186761
R0 [P2] iter 404: PRE-JOIN GPU mem: 79.7GB free / 85.1GB total | delta_size=426871 full_size=592186761
R0 [P2] iter 404: join done, raw=426378 result_size=426293
R0 [P2] iter 404: split done, delta_size=426293
R0 [P2] iter 404: dedup done, delta_size=426293
R0 [P2] iter 404: subtract done, delta_size=425240
R0 [P2] iter 404: merge done, full_size=592612001
R0 [P2] iter 405 done: global_full_size=592612001
R0 [P2] iter 405: PRE-JOIN GPU mem: 79.7GB free / 85.1GB total | delta_size=425240 full_size=592612001
R0 [P2] iter 405: join done, raw=424739 result_size=424655
R0 [P2] iter 405: split done, delta_size=424655
R0 [P2] iter 405: dedup done, delta_size=424655
R0 [P2] iter 405: subtract done, delta_size=423603
R0 [P2] iter 405: merge done, full_size=593035604
R0 [P2] iter 406 done: global_full_size=593035604
R0 [P2] iter 406: PRE-JOIN GPU mem: 79.7GB free / 85.1GB total | delta_size=423603 full_size=593035604
R0 [P2] iter 406: join done, raw=423108 result_size=423024
R0 [P2] iter 406: split done, delta_size=423024
R0 [P2] iter 406: dedup done, delta_size=423024
R0 [P2] iter 406: subtract done, delta_size=421975
R0 [P2] iter 406: merge done, full_size=593457579
R0 [P2] iter 407 done: global_full_size=593457579
R0 [P2] iter 407: PRE-JOIN GPU mem: 79.7GB free / 85.1GB total | delta_size=421975 full_size=593457579
R0 [P2] iter 407: join done, raw=421495 result_size=421411
R0 [P2] iter 407: split done, delta_size=421411
R0 [P2] iter 407: dedup done, delta_size=421411
R0 [P2] iter 407: subtract done, delta_size=420361
R0 [P2] iter 407: merge done, full_size=593877940
R0 [P2] iter 408 done: global_full_size=593877940
R0 [P2] iter 408: PRE-JOIN GPU mem: 79.7GB free / 85.1GB total | delta_size=420361 full_size=593877940
R0 [P2] iter 408: join done, raw=419878 result_size=419794
R0 [P2] iter 408: split done, delta_size=419794
R0 [P2] iter 408: dedup done, delta_size=419794
R0 [P2] iter 408: subtract done, delta_size=418748
R0 [P2] iter 408: merge done, full_size=594296688
R0 [P2] iter 409 done: global_full_size=594296688
R0 [P2] iter 409: PRE-JOIN GPU mem: 79.7GB free / 85.1GB total | delta_size=418748 full_size=594296688
R0 [P2] iter 409: join done, raw=418274 result_size=418190
R0 [P2] iter 409: split done, delta_size=418190
R0 [P2] iter 409: dedup done, delta_size=418190
R0 [P2] iter 409: subtract done, delta_size=417149
R0 [P2] iter 409: merge done, full_size=594713837
R0 [P2] iter 410 done: global_full_size=594713837
R0 [P2] iter 410: PRE-JOIN GPU mem: 79.7GB free / 85.1GB total | delta_size=417149 full_size=594713837
R0 [P2] iter 410: join done, raw=416672 result_size=416588
R0 [P2] iter 410: split done, delta_size=416588
R0 [P2] iter 410: dedup done, delta_size=416588
R0 [P2] iter 410: subtract done, delta_size=415553
R0 [P2] iter 410: merge done, full_size=595129390
R0 [P2] iter 411 done: global_full_size=595129390
R0 [P2] iter 411: PRE-JOIN GPU mem: 79.7GB free / 85.1GB total | delta_size=415553 full_size=595129390
R0 [P2] iter 411: join done, raw=415079 result_size=414995
R0 [P2] iter 411: split done, delta_size=414995
R0 [P2] iter 411: dedup done, delta_size=414995
R0 [P2] iter 411: subtract done, delta_size=413964
R0 [P2] iter 411: merge done, full_size=595543354
R0 [P2] iter 412 done: global_full_size=595543354
R0 [P2] iter 412: PRE-JOIN GPU mem: 79.7GB free / 85.1GB total | delta_size=413964 full_size=595543354
R0 [P2] iter 412: join done, raw=413486 result_size=413404
R0 [P2] iter 412: split done, delta_size=413404
R0 [P2] iter 412: dedup done, delta_size=413404
R0 [P2] iter 412: subtract done, delta_size=412375
R0 [P2] iter 412: merge done, full_size=595955729
R0 [P2] iter 413 done: global_full_size=595955729
R0 [P2] iter 413: PRE-JOIN GPU mem: 79.7GB free / 85.1GB total | delta_size=412375 full_size=595955729
R0 [P2] iter 413: join done, raw=411890 result_size=411809
R0 [P2] iter 413: split done, delta_size=411809
R0 [P2] iter 413: dedup done, delta_size=411809
R0 [P2] iter 413: subtract done, delta_size=410783
R0 [P2] iter 413: merge done, full_size=596366512
R0 [P2] iter 414 done: global_full_size=596366512
R0 [P2] iter 414: PRE-JOIN GPU mem: 79.7GB free / 85.1GB total | delta_size=410783 full_size=596366512
R0 [P2] iter 414: join done, raw=410303 result_size=410224
R0 [P2] iter 414: split done, delta_size=410224
R0 [P2] iter 414: dedup done, delta_size=410224
R0 [P2] iter 414: subtract done, delta_size=409206
R0 [P2] iter 414: merge done, full_size=596775718
R0 [P2] iter 415 done: global_full_size=596775718
R0 [P2] iter 415: PRE-JOIN GPU mem: 79.7GB free / 85.1GB total | delta_size=409206 full_size=596775718
R0 [P2] iter 415: join done, raw=408736 result_size=408659
R0 [P2] iter 415: split done, delta_size=408659
R0 [P2] iter 415: dedup done, delta_size=408659
R0 [P2] iter 415: subtract done, delta_size=407648
R0 [P2] iter 415: merge done, full_size=597183366
R0 [P2] iter 416 done: global_full_size=597183366
R0 [P2] iter 416: PRE-JOIN GPU mem: 79.7GB free / 85.1GB total | delta_size=407648 full_size=597183366
R0 [P2] iter 416: join done, raw=407178 result_size=407101
R0 [P2] iter 416: split done, delta_size=407101
R0 [P2] iter 416: dedup done, delta_size=407101
R0 [P2] iter 416: subtract done, delta_size=406096
R0 [P2] iter 416: merge done, full_size=597589462
R0 [P2] iter 417 done: global_full_size=597589462
R0 [P2] iter 417: PRE-JOIN GPU mem: 79.7GB free / 85.1GB total | delta_size=406096 full_size=597589462
R0 [P2] iter 417: join done, raw=405621 result_size=405545
R0 [P2] iter 417: split done, delta_size=405545
R0 [P2] iter 417: dedup done, delta_size=405545
R0 [P2] iter 417: subtract done, delta_size=404544
R0 [P2] iter 417: merge done, full_size=597994006
R0 [P2] iter 418 done: global_full_size=597994006
R0 [P2] iter 418: PRE-JOIN GPU mem: 79.7GB free / 85.1GB total | delta_size=404544 full_size=597994006
R0 [P2] iter 418: join done, raw=404075 result_size=404000
R0 [P2] iter 418: split done, delta_size=404000
R0 [P2] iter 418: dedup done, delta_size=404000
R0 [P2] iter 418: subtract done, delta_size=403001
R0 [P2] iter 418: merge done, full_size=598397007
R0 [P2] iter 419 done: global_full_size=598397007
R0 [P2] iter 419: PRE-JOIN GPU mem: 79.7GB free / 85.1GB total | delta_size=403001 full_size=598397007
R0 [P2] iter 419: join done, raw=402532 result_size=402457
R0 [P2] iter 419: split done, delta_size=402457
R0 [P2] iter 419: dedup done, delta_size=402457
R0 [P2] iter 419: subtract done, delta_size=401464
R0 [P2] iter 419: merge done, full_size=598798471
R0 [P2] iter 420 done: global_full_size=598798471
R0 [P2] iter 420: PRE-JOIN GPU mem: 79.7GB free / 85.1GB total | delta_size=401464 full_size=598798471
R0 [P2] iter 420: join done, raw=401002 result_size=400927
R0 [P2] iter 420: split done, delta_size=400927
R0 [P2] iter 420: dedup done, delta_size=400927
R0 [P2] iter 420: subtract done, delta_size=399938
R0 [P2] iter 420: merge done, full_size=599198409
R0 [P2] iter 421 done: global_full_size=599198409
R0 [P2] iter 421: PRE-JOIN GPU mem: 79.7GB free / 85.1GB total | delta_size=399938 full_size=599198409
R0 [P2] iter 421: join done, raw=399473 result_size=399398
R0 [P2] iter 421: split done, delta_size=399398
R0 [P2] iter 421: dedup done, delta_size=399398
R0 [P2] iter 421: subtract done, delta_size=398416
R0 [P2] iter 421: merge done, full_size=599596825
R0 [P2] iter 422 done: global_full_size=599596825
R0 [P2] iter 422: PRE-JOIN GPU mem: 79.7GB free / 85.1GB total | delta_size=398416 full_size=599596825
R0 [P2] iter 422: join done, raw=397960 result_size=397885
R0 [P2] iter 422: split done, delta_size=397885
R0 [P2] iter 422: dedup done, delta_size=397885
R0 [P2] iter 422: subtract done, delta_size=396905
R0 [P2] iter 422: merge done, full_size=599993730
R0 [P2] iter 423 done: global_full_size=599993730
R0 [P2] iter 423: PRE-JOIN GPU mem: 79.6GB free / 85.1GB total | delta_size=396905 full_size=599993730
R0 [P2] iter 423: join done, raw=396441 result_size=396367
R0 [P2] iter 423: split done, delta_size=396367
R0 [P2] iter 423: dedup done, delta_size=396367
R0 [P2] iter 423: subtract done, delta_size=395394
R0 [P2] iter 423: merge done, full_size=600389124
R0 [P2] iter 424 done: global_full_size=600389124
R0 [P2] iter 424: PRE-JOIN GPU mem: 79.6GB free / 85.1GB total | delta_size=395394 full_size=600389124
R0 [P2] iter 424: join done, raw=394917 result_size=394846
R0 [P2] iter 424: split done, delta_size=394846
R0 [P2] iter 424: dedup done, delta_size=394846
R0 [P2] iter 424: subtract done, delta_size=393881
R0 [P2] iter 424: merge done, full_size=600783005
R0 [P2] iter 425 done: global_full_size=600783005
R0 [P2] iter 425: PRE-JOIN GPU mem: 79.6GB free / 85.1GB total | delta_size=393881 full_size=600783005
R0 [P2] iter 425: join done, raw=393397 result_size=393327
R0 [P2] iter 425: split done, delta_size=393327
R0 [P2] iter 425: dedup done, delta_size=393327
R0 [P2] iter 425: subtract done, delta_size=392370
R0 [P2] iter 425: merge done, full_size=601175375
R0 [P2] iter 426 done: global_full_size=601175375
R0 [P2] iter 426: PRE-JOIN GPU mem: 79.6GB free / 85.1GB total | delta_size=392370 full_size=601175375
R0 [P2] iter 426: join done, raw=391877 result_size=391808
R0 [P2] iter 426: split done, delta_size=391808
R0 [P2] iter 426: dedup done, delta_size=391808
R0 [P2] iter 426: subtract done, delta_size=390868
R0 [P2] iter 426: merge done, full_size=601566243
R0 [P2] iter 427 done: global_full_size=601566243
R0 [P2] iter 427: PRE-JOIN GPU mem: 79.6GB free / 85.1GB total | delta_size=390868 full_size=601566243
R0 [P2] iter 427: join done, raw=390373 result_size=390305
R0 [P2] iter 427: split done, delta_size=390305
R0 [P2] iter 427: dedup done, delta_size=390305
R0 [P2] iter 427: subtract done, delta_size=389380
R0 [P2] iter 427: merge done, full_size=601955623
R0 [P2] iter 428 done: global_full_size=601955623
R0 [P2] iter 428: PRE-JOIN GPU mem: 79.6GB free / 85.1GB total | delta_size=389380 full_size=601955623
R0 [P2] iter 428: join done, raw=388881 result_size=388814
R0 [P2] iter 428: split done, delta_size=388814
R0 [P2] iter 428: dedup done, delta_size=388814
R0 [P2] iter 428: subtract done, delta_size=387898
R0 [P2] iter 428: merge done, full_size=602343521
R0 [P2] iter 429 done: global_full_size=602343521
R0 [P2] iter 429: PRE-JOIN GPU mem: 79.6GB free / 85.1GB total | delta_size=387898 full_size=602343521
R0 [P2] iter 429: join done, raw=387387 result_size=387324
R0 [P2] iter 429: split done, delta_size=387324
R0 [P2] iter 429: dedup done, delta_size=387324
R0 [P2] iter 429: subtract done, delta_size=386418
R0 [P2] iter 429: merge done, full_size=602729939
R0 [P2] iter 430 done: global_full_size=602729939
R0 [P2] iter 430: PRE-JOIN GPU mem: 79.6GB free / 85.1GB total | delta_size=386418 full_size=602729939
R0 [P2] iter 430: join done, raw=385903 result_size=385844
R0 [P2] iter 430: split done, delta_size=385844
R0 [P2] iter 430: dedup done, delta_size=385844
R0 [P2] iter 430: subtract done, delta_size=384943
R0 [P2] iter 430: merge done, full_size=603114882
R0 [P2] iter 431 done: global_full_size=603114882
R0 [P2] iter 431: PRE-JOIN GPU mem: 79.6GB free / 85.1GB total | delta_size=384943 full_size=603114882
R0 [P2] iter 431: join done, raw=384428 result_size=384373
R0 [P2] iter 431: split done, delta_size=384373
R0 [P2] iter 431: dedup done, delta_size=384373
R0 [P2] iter 431: subtract done, delta_size=383482
R0 [P2] iter 431: merge done, full_size=603498364
R0 [P2] iter 432 done: global_full_size=603498364
R0 [P2] iter 432: PRE-JOIN GPU mem: 79.6GB free / 85.1GB total | delta_size=383482 full_size=603498364
R0 [P2] iter 432: join done, raw=382964 result_size=382910
R0 [P2] iter 432: split done, delta_size=382910
R0 [P2] iter 432: dedup done, delta_size=382910
R0 [P2] iter 432: subtract done, delta_size=382024
R0 [P2] iter 432: merge done, full_size=603880388
R0 [P2] iter 433 done: global_full_size=603880388
R0 [P2] iter 433: PRE-JOIN GPU mem: 79.6GB free / 85.1GB total | delta_size=382024 full_size=603880388
R0 [P2] iter 433: join done, raw=381489 result_size=381439
R0 [P2] iter 433: split done, delta_size=381439
R0 [P2] iter 433: dedup done, delta_size=381439
R0 [P2] iter 433: subtract done, delta_size=380563
R0 [P2] iter 433: merge done, full_size=604260951
R0 [P2] iter 434 done: global_full_size=604260951
R0 [P2] iter 434: PRE-JOIN GPU mem: 79.6GB free / 85.1GB total | delta_size=380563 full_size=604260951
R0 [P2] iter 434: join done, raw=380027 result_size=379979
R0 [P2] iter 434: split done, delta_size=379979
R0 [P2] iter 434: dedup done, delta_size=379979
R0 [P2] iter 434: subtract done, delta_size=379113
R0 [P2] iter 434: merge done, full_size=604640064
R0 [P2] iter 435 done: global_full_size=604640064
R0 [P2] iter 435: PRE-JOIN GPU mem: 79.6GB free / 85.1GB total | delta_size=379113 full_size=604640064
R0 [P2] iter 435: join done, raw=378581 result_size=378535
R0 [P2] iter 435: split done, delta_size=378535
R0 [P2] iter 435: dedup done, delta_size=378535
R0 [P2] iter 435: subtract done, delta_size=377675
R0 [P2] iter 435: merge done, full_size=605017739
R0 [P2] iter 436 done: global_full_size=605017739
R0 [P2] iter 436: PRE-JOIN GPU mem: 79.6GB free / 85.1GB total | delta_size=377675 full_size=605017739
R0 [P2] iter 436: join done, raw=377156 result_size=377111
R0 [P2] iter 436: split done, delta_size=377111
R0 [P2] iter 436: dedup done, delta_size=377111
R0 [P2] iter 436: subtract done, delta_size=376257
R0 [P2] iter 436: merge done, full_size=605393996
R0 [P2] iter 437 done: global_full_size=605393996
R0 [P2] iter 437: PRE-JOIN GPU mem: 79.6GB free / 85.1GB total | delta_size=376257 full_size=605393996
R0 [P2] iter 437: join done, raw=375734 result_size=375692
R0 [P2] iter 437: split done, delta_size=375692
R0 [P2] iter 437: dedup done, delta_size=375692
R0 [P2] iter 437: subtract done, delta_size=374842
R0 [P2] iter 437: merge done, full_size=605768838
R0 [P2] iter 438 done: global_full_size=605768838
R0 [P2] iter 438: PRE-JOIN GPU mem: 79.6GB free / 85.1GB total | delta_size=374842 full_size=605768838
R0 [P2] iter 438: join done, raw=374330 result_size=374288
R0 [P2] iter 438: split done, delta_size=374288
R0 [P2] iter 438: dedup done, delta_size=374288
R0 [P2] iter 438: subtract done, delta_size=373438
R0 [P2] iter 438: merge done, full_size=606142276
R0 [P2] iter 439 done: global_full_size=606142276
R0 [P2] iter 439: PRE-JOIN GPU mem: 79.6GB free / 85.1GB total | delta_size=373438 full_size=606142276
R0 [P2] iter 439: join done, raw=372932 result_size=372890
R0 [P2] iter 439: split done, delta_size=372890
R0 [P2] iter 439: dedup done, delta_size=372890
R0 [P2] iter 439: subtract done, delta_size=372045
R0 [P2] iter 439: merge done, full_size=606514321
R0 [P2] iter 440 done: global_full_size=606514321
R0 [P2] iter 440: PRE-JOIN GPU mem: 79.6GB free / 85.1GB total | delta_size=372045 full_size=606514321
R0 [P2] iter 440: join done, raw=371560 result_size=371518
R0 [P2] iter 440: split done, delta_size=371518
R0 [P2] iter 440: dedup done, delta_size=371518
R0 [P2] iter 440: subtract done, delta_size=370675
R0 [P2] iter 440: merge done, full_size=606884996
R0 [P2] iter 441 done: global_full_size=606884996
R0 [P2] iter 441: PRE-JOIN GPU mem: 79.6GB free / 85.1GB total | delta_size=370675 full_size=606884996
R0 [P2] iter 441: join done, raw=370190 result_size=370148
R0 [P2] iter 441: split done, delta_size=370148
R0 [P2] iter 441: dedup done, delta_size=370148
R0 [P2] iter 441: subtract done, delta_size=369307
R0 [P2] iter 441: merge done, full_size=607254303
R0 [P2] iter 442 done: global_full_size=607254303
R0 [P2] iter 442: PRE-JOIN GPU mem: 79.6GB free / 85.1GB total | delta_size=369307 full_size=607254303
R0 [P2] iter 442: join done, raw=368822 result_size=368780
R0 [P2] iter 442: split done, delta_size=368780
R0 [P2] iter 442: dedup done, delta_size=368780
R0 [P2] iter 442: subtract done, delta_size=367941
R0 [P2] iter 442: merge done, full_size=607622244
R0 [P2] iter 443 done: global_full_size=607622244
R0 [P2] iter 443: PRE-JOIN GPU mem: 79.6GB free / 85.1GB total | delta_size=367941 full_size=607622244
R0 [P2] iter 443: join done, raw=367451 result_size=367409
R0 [P2] iter 443: split done, delta_size=367409
R0 [P2] iter 443: dedup done, delta_size=367409
R0 [P2] iter 443: subtract done, delta_size=366573
R0 [P2] iter 443: merge done, full_size=607988817
R0 [P2] iter 444 done: global_full_size=607988817
R0 [P2] iter 444: PRE-JOIN GPU mem: 79.6GB free / 85.1GB total | delta_size=366573 full_size=607988817
R0 [P2] iter 444: join done, raw=366092 result_size=366051
R0 [P2] iter 444: split done, delta_size=366051
R0 [P2] iter 444: dedup done, delta_size=366051
R0 [P2] iter 444: subtract done, delta_size=365217
R0 [P2] iter 444: merge done, full_size=608354034
R0 [P2] iter 445 done: global_full_size=608354034
R0 [P2] iter 445: PRE-JOIN GPU mem: 79.6GB free / 85.1GB total | delta_size=365217 full_size=608354034
R0 [P2] iter 445: join done, raw=364729 result_size=364688
R0 [P2] iter 445: split done, delta_size=364688
R0 [P2] iter 445: dedup done, delta_size=364688
R0 [P2] iter 445: subtract done, delta_size=363855
R0 [P2] iter 445: merge done, full_size=608717889
R0 [P2] iter 446 done: global_full_size=608717889
R0 [P2] iter 446: PRE-JOIN GPU mem: 79.6GB free / 85.1GB total | delta_size=363855 full_size=608717889
R0 [P2] iter 446: join done, raw=363364 result_size=363323
R0 [P2] iter 446: split done, delta_size=363323
R0 [P2] iter 446: dedup done, delta_size=363323
R0 [P2] iter 446: subtract done, delta_size=362492
R0 [P2] iter 446: merge done, full_size=609080381
R0 [P2] iter 447 done: global_full_size=609080381
R0 [P2] iter 447: PRE-JOIN GPU mem: 79.6GB free / 85.1GB total | delta_size=362492 full_size=609080381
R0 [P2] iter 447: join done, raw=362001 result_size=361960
R0 [P2] iter 447: split done, delta_size=361960
R0 [P2] iter 447: dedup done, delta_size=361960
R0 [P2] iter 447: subtract done, delta_size=361133
R0 [P2] iter 447: merge done, full_size=609441514
R0 [P2] iter 448 done: global_full_size=609441514
R0 [P2] iter 448: PRE-JOIN GPU mem: 79.6GB free / 85.1GB total | delta_size=361133 full_size=609441514
R0 [P2] iter 448: join done, raw=360658 result_size=360617
R0 [P2] iter 448: split done, delta_size=360617
R0 [P2] iter 448: dedup done, delta_size=360617
R0 [P2] iter 448: subtract done, delta_size=359792
R0 [P2] iter 448: merge done, full_size=609801306
R0 [P2] iter 449 done: global_full_size=609801306
R0 [P2] iter 449: PRE-JOIN GPU mem: 79.6GB free / 85.1GB total | delta_size=359792 full_size=609801306
R0 [P2] iter 449: join done, raw=359311 result_size=359270
R0 [P2] iter 449: split done, delta_size=359270
R0 [P2] iter 449: dedup done, delta_size=359270
R0 [P2] iter 449: subtract done, delta_size=358443
R0 [P2] iter 449: merge done, full_size=610159749
R0 [P2] iter 450 done: global_full_size=610159749
R0 [P2] iter 450: PRE-JOIN GPU mem: 79.6GB free / 85.1GB total | delta_size=358443 full_size=610159749
R0 [P2] iter 450: join done, raw=357977 result_size=357937
R0 [P2] iter 450: split done, delta_size=357937
R0 [P2] iter 450: dedup done, delta_size=357937
R0 [P2] iter 450: subtract done, delta_size=357110
R0 [P2] iter 450: merge done, full_size=610516859
R0 [P2] iter 451 done: global_full_size=610516859
R0 [P2] iter 451: PRE-JOIN GPU mem: 79.6GB free / 85.1GB total | delta_size=357110 full_size=610516859
R0 [P2] iter 451: join done, raw=356639 result_size=356599
R0 [P2] iter 451: split done, delta_size=356599
R0 [P2] iter 451: dedup done, delta_size=356599
R0 [P2] iter 451: subtract done, delta_size=355781
R0 [P2] iter 451: merge done, full_size=610872640
R0 [P2] iter 452 done: global_full_size=610872640
R0 [P2] iter 452: PRE-JOIN GPU mem: 79.6GB free / 85.1GB total | delta_size=355781 full_size=610872640
R0 [P2] iter 452: join done, raw=355309 result_size=355269
R0 [P2] iter 452: split done, delta_size=355269
R0 [P2] iter 452: dedup done, delta_size=355269
R0 [P2] iter 452: subtract done, delta_size=354452
R0 [P2] iter 452: merge done, full_size=611227092
R0 [P2] iter 453 done: global_full_size=611227092
R0 [P2] iter 453: PRE-JOIN GPU mem: 79.6GB free / 85.1GB total | delta_size=354452 full_size=611227092
R0 [P2] iter 453: join done, raw=353980 result_size=353940
R0 [P2] iter 453: split done, delta_size=353940
R0 [P2] iter 453: dedup done, delta_size=353940
R0 [P2] iter 453: subtract done, delta_size=353126
R0 [P2] iter 453: merge done, full_size=611580218
R0 [P2] iter 454 done: global_full_size=611580218
R0 [P2] iter 454: PRE-JOIN GPU mem: 79.6GB free / 85.1GB total | delta_size=353126 full_size=611580218
R0 [P2] iter 454: join done, raw=352659 result_size=352619
R0 [P2] iter 454: split done, delta_size=352619
R0 [P2] iter 454: dedup done, delta_size=352619
R0 [P2] iter 454: subtract done, delta_size=351804
R0 [P2] iter 454: merge done, full_size=611932022
R0 [P2] iter 455 done: global_full_size=611932022
R0 [P2] iter 455: PRE-JOIN GPU mem: 79.6GB free / 85.1GB total | delta_size=351804 full_size=611932022
R0 [P2] iter 455: join done, raw=351345 result_size=351305
R0 [P2] iter 455: split done, delta_size=351305
R0 [P2] iter 455: dedup done, delta_size=351305
R0 [P2] iter 455: subtract done, delta_size=350492
R0 [P2] iter 455: merge done, full_size=612282514
R0 [P2] iter 456 done: global_full_size=612282514
R0 [P2] iter 456: PRE-JOIN GPU mem: 79.6GB free / 85.1GB total | delta_size=350492 full_size=612282514
R0 [P2] iter 456: join done, raw=350032 result_size=349992
R0 [P2] iter 456: split done, delta_size=349992
R0 [P2] iter 456: dedup done, delta_size=349992
R0 [P2] iter 456: subtract done, delta_size=349182
R0 [P2] iter 456: merge done, full_size=612631696
R0 [P2] iter 457 done: global_full_size=612631696
R0 [P2] iter 457: PRE-JOIN GPU mem: 79.5GB free / 85.1GB total | delta_size=349182 full_size=612631696
R0 [P2] iter 457: join done, raw=348734 result_size=348694
R0 [P2] iter 457: split done, delta_size=348694
R0 [P2] iter 457: dedup done, delta_size=348694
R0 [P2] iter 457: subtract done, delta_size=347888
R0 [P2] iter 457: merge done, full_size=612979584
R0 [P2] iter 458 done: global_full_size=612979584
R0 [P2] iter 458: PRE-JOIN GPU mem: 79.5GB free / 85.1GB total | delta_size=347888 full_size=612979584
R0 [P2] iter 458: join done, raw=347433 result_size=347393
R0 [P2] iter 458: split done, delta_size=347393
R0 [P2] iter 458: dedup done, delta_size=347393
R0 [P2] iter 458: subtract done, delta_size=346589
R0 [P2] iter 458: merge done, full_size=613326173
R0 [P2] iter 459 done: global_full_size=613326173
R0 [P2] iter 459: PRE-JOIN GPU mem: 79.5GB free / 85.1GB total | delta_size=346589 full_size=613326173
R0 [P2] iter 459: join done, raw=346131 result_size=346091
R0 [P2] iter 459: split done, delta_size=346091
R0 [P2] iter 459: dedup done, delta_size=346091
R0 [P2] iter 459: subtract done, delta_size=345291
R0 [P2] iter 459: merge done, full_size=613671464
R0 [P2] iter 460 done: global_full_size=613671464
R0 [P2] iter 460: PRE-JOIN GPU mem: 79.5GB free / 85.1GB total | delta_size=345291 full_size=613671464
R0 [P2] iter 460: join done, raw=344841 result_size=344802
R0 [P2] iter 460: split done, delta_size=344802
R0 [P2] iter 460: dedup done, delta_size=344802
R0 [P2] iter 460: subtract done, delta_size=344008
R0 [P2] iter 460: merge done, full_size=614015472
R0 [P2] iter 461 done: global_full_size=614015472
R0 [P2] iter 461: PRE-JOIN GPU mem: 79.5GB free / 85.1GB total | delta_size=344008 full_size=614015472
R0 [P2] iter 461: join done, raw=343563 result_size=343524
R0 [P2] iter 461: split done, delta_size=343524
R0 [P2] iter 461: dedup done, delta_size=343524
R0 [P2] iter 461: subtract done, delta_size=342731
R0 [P2] iter 461: merge done, full_size=614358203
R0 [P2] iter 462 done: global_full_size=614358203
R0 [P2] iter 462: PRE-JOIN GPU mem: 79.5GB free / 85.1GB total | delta_size=342731 full_size=614358203
R0 [P2] iter 462: join done, raw=342284 result_size=342247
R0 [P2] iter 462: split done, delta_size=342247
R0 [P2] iter 462: dedup done, delta_size=342247
R0 [P2] iter 462: subtract done, delta_size=341457
R0 [P2] iter 462: merge done, full_size=614699660
R0 [P2] iter 463 done: global_full_size=614699660
R0 [P2] iter 463: PRE-JOIN GPU mem: 79.5GB free / 85.1GB total | delta_size=341457 full_size=614699660
R0 [P2] iter 463: join done, raw=341016 result_size=340979
R0 [P2] iter 463: split done, delta_size=340979
R0 [P2] iter 463: dedup done, delta_size=340979
R0 [P2] iter 463: subtract done, delta_size=340191
R0 [P2] iter 463: merge done, full_size=615039851
R0 [P2] iter 464 done: global_full_size=615039851
R0 [P2] iter 464: PRE-JOIN GPU mem: 79.5GB free / 85.1GB total | delta_size=340191 full_size=615039851
R0 [P2] iter 464: join done, raw=339759 result_size=339722
R0 [P2] iter 464: split done, delta_size=339722
R0 [P2] iter 464: dedup done, delta_size=339722
R0 [P2] iter 464: subtract done, delta_size=338937
R0 [P2] iter 464: merge done, full_size=615378788
R0 [P2] iter 465 done: global_full_size=615378788
R0 [P2] iter 465: PRE-JOIN GPU mem: 79.5GB free / 85.1GB total | delta_size=338937 full_size=615378788
R0 [P2] iter 465: join done, raw=338492 result_size=338455
R0 [P2] iter 465: split done, delta_size=338455
R0 [P2] iter 465: dedup done, delta_size=338455
R0 [P2] iter 465: subtract done, delta_size=337674
R0 [P2] iter 465: merge done, full_size=615716462
R0 [P2] iter 466 done: global_full_size=615716462
R0 [P2] iter 466: PRE-JOIN GPU mem: 79.5GB free / 85.1GB total | delta_size=337674 full_size=615716462
R0 [P2] iter 466: join done, raw=337234 result_size=337197
R0 [P2] iter 466: split done, delta_size=337197
R0 [P2] iter 466: dedup done, delta_size=337197
R0 [P2] iter 466: subtract done, delta_size=336417
R0 [P2] iter 466: merge done, full_size=616052879
R0 [P2] iter 467 done: global_full_size=616052879
R0 [P2] iter 467: PRE-JOIN GPU mem: 79.5GB free / 85.1GB total | delta_size=336417 full_size=616052879
R0 [P2] iter 467: join done, raw=335979 result_size=335942
R0 [P2] iter 467: split done, delta_size=335942
R0 [P2] iter 467: dedup done, delta_size=335942
R0 [P2] iter 467: subtract done, delta_size=335162
R0 [P2] iter 467: merge done, full_size=616388041
R0 [P2] iter 468 done: global_full_size=616388041
R0 [P2] iter 468: PRE-JOIN GPU mem: 79.5GB free / 85.1GB total | delta_size=335162 full_size=616388041
R0 [P2] iter 468: join done, raw=334722 result_size=334685
R0 [P2] iter 468: split done, delta_size=334685
R0 [P2] iter 468: dedup done, delta_size=334685
R0 [P2] iter 468: subtract done, delta_size=333904
R0 [P2] iter 468: merge done, full_size=616721945
R0 [P2] iter 469 done: global_full_size=616721945
R0 [P2] iter 469: PRE-JOIN GPU mem: 79.5GB free / 85.1GB total | delta_size=333904 full_size=616721945
R0 [P2] iter 469: join done, raw=333475 result_size=333438
R0 [P2] iter 469: split done, delta_size=333438
R0 [P2] iter 469: dedup done, delta_size=333438
R0 [P2] iter 469: subtract done, delta_size=332657
R0 [P2] iter 469: merge done, full_size=617054602
R0 [P2] iter 470 done: global_full_size=617054602
R0 [P2] iter 470: PRE-JOIN GPU mem: 79.5GB free / 85.1GB total | delta_size=332657 full_size=617054602
R0 [P2] iter 470: join done, raw=332229 result_size=332193
R0 [P2] iter 470: split done, delta_size=332193
R0 [P2] iter 470: dedup done, delta_size=332193
R0 [P2] iter 470: subtract done, delta_size=331413
R0 [P2] iter 470: merge done, full_size=617386015
R0 [P2] iter 471 done: global_full_size=617386015
R0 [P2] iter 471: PRE-JOIN GPU mem: 79.5GB free / 85.1GB total | delta_size=331413 full_size=617386015
R0 [P2] iter 471: join done, raw=330990 result_size=330954
R0 [P2] iter 471: split done, delta_size=330954
R0 [P2] iter 471: dedup done, delta_size=330954
R0 [P2] iter 471: subtract done, delta_size=330176
R0 [P2] iter 471: merge done, full_size=617716191
R0 [P2] iter 472 done: global_full_size=617716191
R0 [P2] iter 472: PRE-JOIN GPU mem: 79.5GB free / 85.1GB total | delta_size=330176 full_size=617716191
R0 [P2] iter 472: join done, raw=329751 result_size=329715
R0 [P2] iter 472: split done, delta_size=329715
R0 [P2] iter 472: dedup done, delta_size=329715
R0 [P2] iter 472: subtract done, delta_size=328939
R0 [P2] iter 472: merge done, full_size=618045130
R0 [P2] iter 473 done: global_full_size=618045130
R0 [P2] iter 473: PRE-JOIN GPU mem: 79.5GB free / 85.1GB total | delta_size=328939 full_size=618045130
R0 [P2] iter 473: join done, raw=328510 result_size=328475
R0 [P2] iter 473: split done, delta_size=328475
R0 [P2] iter 473: dedup done, delta_size=328475
R0 [P2] iter 473: subtract done, delta_size=327703
R0 [P2] iter 473: merge done, full_size=618372833
R0 [P2] iter 474 done: global_full_size=618372833
R0 [P2] iter 474: PRE-JOIN GPU mem: 79.5GB free / 85.1GB total | delta_size=327703 full_size=618372833
R0 [P2] iter 474: join done, raw=327282 result_size=327248
R0 [P2] iter 474: split done, delta_size=327248
R0 [P2] iter 474: dedup done, delta_size=327248
R0 [P2] iter 474: subtract done, delta_size=326476
R0 [P2] iter 474: merge done, full_size=618699309
R0 [P2] iter 475 done: global_full_size=618699309
R0 [P2] iter 475: PRE-JOIN GPU mem: 79.5GB free / 85.1GB total | delta_size=326476 full_size=618699309
R0 [P2] iter 475: join done, raw=326062 result_size=326029
R0 [P2] iter 475: split done, delta_size=326029
R0 [P2] iter 475: dedup done, delta_size=326029
R0 [P2] iter 475: subtract done, delta_size=325257
R0 [P2] iter 475: merge done, full_size=619024566
R0 [P2] iter 476 done: global_full_size=619024566
R0 [P2] iter 476: PRE-JOIN GPU mem: 79.5GB free / 85.1GB total | delta_size=325257 full_size=619024566
R0 [P2] iter 476: join done, raw=324834 result_size=324801
R0 [P2] iter 476: split done, delta_size=324801
R0 [P2] iter 476: dedup done, delta_size=324801
R0 [P2] iter 476: subtract done, delta_size=324030
R0 [P2] iter 476: merge done, full_size=619348596
R0 [P2] iter 477 done: global_full_size=619348596
R0 [P2] iter 477: PRE-JOIN GPU mem: 79.5GB free / 85.1GB total | delta_size=324030 full_size=619348596
R0 [P2] iter 477: join done, raw=323608 result_size=323576
R0 [P2] iter 477: split done, delta_size=323576
R0 [P2] iter 477: dedup done, delta_size=323576
R0 [P2] iter 477: subtract done, delta_size=322807
R0 [P2] iter 477: merge done, full_size=619671403
R0 [P2] iter 478 done: global_full_size=619671403
R0 [P2] iter 478: PRE-JOIN GPU mem: 79.5GB free / 85.1GB total | delta_size=322807 full_size=619671403
R0 [P2] iter 478: join done, raw=322396 result_size=322364
R0 [P2] iter 478: split done, delta_size=322364
R0 [P2] iter 478: dedup done, delta_size=322364
R0 [P2] iter 478: subtract done, delta_size=321598
R0 [P2] iter 478: merge done, full_size=619993001
R0 [P2] iter 479 done: global_full_size=619993001
R0 [P2] iter 479: PRE-JOIN GPU mem: 79.5GB free / 85.1GB total | delta_size=321598 full_size=619993001
R0 [P2] iter 479: join done, raw=321195 result_size=321163
R0 [P2] iter 479: split done, delta_size=321163
R0 [P2] iter 479: dedup done, delta_size=321163
R0 [P2] iter 479: subtract done, delta_size=320401
R0 [P2] iter 479: merge done, full_size=620313402
R0 [P2] iter 480 done: global_full_size=620313402
R0 [P2] iter 480: PRE-JOIN GPU mem: 79.5GB free / 85.1GB total | delta_size=320401 full_size=620313402
R0 [P2] iter 480: join done, raw=319989 result_size=319959
R0 [P2] iter 480: split done, delta_size=319959
R0 [P2] iter 480: dedup done, delta_size=319959
R0 [P2] iter 480: subtract done, delta_size=319203
R0 [P2] iter 480: merge done, full_size=620632605
R0 [P2] iter 481 done: global_full_size=620632605
R0 [P2] iter 481: PRE-JOIN GPU mem: 79.5GB free / 85.1GB total | delta_size=319203 full_size=620632605
R0 [P2] iter 481: join done, raw=318785 result_size=318755
R0 [P2] iter 481: split done, delta_size=318755
R0 [P2] iter 481: dedup done, delta_size=318755
R0 [P2] iter 481: subtract done, delta_size=318002
R0 [P2] iter 481: merge done, full_size=620950607
R0 [P2] iter 482 done: global_full_size=620950607
R0 [P2] iter 482: PRE-JOIN GPU mem: 79.5GB free / 85.1GB total | delta_size=318002 full_size=620950607
R0 [P2] iter 482: join done, raw=317579 result_size=317549
R0 [P2] iter 482: split done, delta_size=317549
R0 [P2] iter 482: dedup done, delta_size=317549
R0 [P2] iter 482: subtract done, delta_size=316796
R0 [P2] iter 482: merge done, full_size=621267403
R0 [P2] iter 483 done: global_full_size=621267403
R0 [P2] iter 483: PRE-JOIN GPU mem: 79.5GB free / 85.1GB total | delta_size=316796 full_size=621267403
R0 [P2] iter 483: join done, raw=316367 result_size=316337
R0 [P2] iter 483: split done, delta_size=316337
R0 [P2] iter 483: dedup done, delta_size=316337
R0 [P2] iter 483: subtract done, delta_size=315588
R0 [P2] iter 483: merge done, full_size=621582991
R0 [P2] iter 484 done: global_full_size=621582991
R0 [P2] iter 484: PRE-JOIN GPU mem: 79.5GB free / 85.1GB total | delta_size=315588 full_size=621582991
R0 [P2] iter 484: join done, raw=315160 result_size=315131
R0 [P2] iter 484: split done, delta_size=315131
R0 [P2] iter 484: dedup done, delta_size=315131
R0 [P2] iter 484: subtract done, delta_size=314393
R0 [P2] iter 484: merge done, full_size=621897384
R0 [P2] iter 485 done: global_full_size=621897384
R0 [P2] iter 485: PRE-JOIN GPU mem: 79.5GB free / 85.1GB total | delta_size=314393 full_size=621897384
R0 [P2] iter 485: join done, raw=313973 result_size=313945
R0 [P2] iter 485: split done, delta_size=313945
R0 [P2] iter 485: dedup done, delta_size=313945
R0 [P2] iter 485: subtract done, delta_size=313215
R0 [P2] iter 485: merge done, full_size=622210599
R0 [P2] iter 486 done: global_full_size=622210599
R0 [P2] iter 486: PRE-JOIN GPU mem: 79.5GB free / 85.1GB total | delta_size=313215 full_size=622210599
R0 [P2] iter 486: join done, raw=312789 result_size=312761
R0 [P2] iter 486: split done, delta_size=312761
R0 [P2] iter 486: dedup done, delta_size=312761
R0 [P2] iter 486: subtract done, delta_size=312034
R0 [P2] iter 486: merge done, full_size=622522633
R0 [P2] iter 487 done: global_full_size=622522633
R0 [P2] iter 487: PRE-JOIN GPU mem: 79.5GB free / 85.1GB total | delta_size=312034 full_size=622522633
R0 [P2] iter 487: join done, raw=311610 result_size=311585
R0 [P2] iter 487: split done, delta_size=311585
R0 [P2] iter 487: dedup done, delta_size=311585
R0 [P2] iter 487: subtract done, delta_size=310862
R0 [P2] iter 487: merge done, full_size=622833495
R0 [P2] iter 488 done: global_full_size=622833495
R0 [P2] iter 488: PRE-JOIN GPU mem: 79.5GB free / 85.1GB total | delta_size=310862 full_size=622833495
R0 [P2] iter 488: join done, raw=310446 result_size=310421
R0 [P2] iter 488: split done, delta_size=310421
R0 [P2] iter 488: dedup done, delta_size=310421
R0 [P2] iter 488: subtract done, delta_size=309705
R0 [P2] iter 488: merge done, full_size=623143200
R0 [P2] iter 489 done: global_full_size=623143200
R0 [P2] iter 489: PRE-JOIN GPU mem: 79.5GB free / 85.1GB total | delta_size=309705 full_size=623143200
R0 [P2] iter 489: join done, raw=309296 result_size=309271
R0 [P2] iter 489: split done, delta_size=309271
R0 [P2] iter 489: dedup done, delta_size=309271
R0 [P2] iter 489: subtract done, delta_size=308558
R0 [P2] iter 489: merge done, full_size=623451758
R0 [P2] iter 490 done: global_full_size=623451758
R0 [P2] iter 490: PRE-JOIN GPU mem: 79.5GB free / 85.1GB total | delta_size=308558 full_size=623451758
R0 [P2] iter 490: join done, raw=308147 result_size=308124
R0 [P2] iter 490: split done, delta_size=308124
R0 [P2] iter 490: dedup done, delta_size=308124
R0 [P2] iter 490: subtract done, delta_size=307418
R0 [P2] iter 490: merge done, full_size=623759176
R0 [P2] iter 491 done: global_full_size=623759176
R0 [P2] iter 491: PRE-JOIN GPU mem: 79.5GB free / 85.1GB total | delta_size=307418 full_size=623759176
R0 [P2] iter 491: join done, raw=307016 result_size=306994
R0 [P2] iter 491: split done, delta_size=306994
R0 [P2] iter 491: dedup done, delta_size=306994
R0 [P2] iter 491: subtract done, delta_size=306292
R0 [P2] iter 491: merge done, full_size=624065468
R0 [P2] iter 492 done: global_full_size=624065468
R0 [P2] iter 492: PRE-JOIN GPU mem: 79.5GB free / 85.1GB total | delta_size=306292 full_size=624065468
R0 [P2] iter 492: join done, raw=305886 result_size=305864
R0 [P2] iter 492: split done, delta_size=305864
R0 [P2] iter 492: dedup done, delta_size=305864
R0 [P2] iter 492: subtract done, delta_size=305165
R0 [P2] iter 492: merge done, full_size=624370633
R0 [P2] iter 493 done: global_full_size=624370633
R0 [P2] iter 493: PRE-JOIN GPU mem: 79.5GB free / 85.1GB total | delta_size=305165 full_size=624370633
R0 [P2] iter 493: join done, raw=304763 result_size=304741
R0 [P2] iter 493: split done, delta_size=304741
R0 [P2] iter 493: dedup done, delta_size=304741
R0 [P2] iter 493: subtract done, delta_size=304041
R0 [P2] iter 493: merge done, full_size=624674674
R0 [P2] iter 494 done: global_full_size=624674674
R0 [P2] iter 494: PRE-JOIN GPU mem: 79.5GB free / 85.1GB total | delta_size=304041 full_size=624674674
R0 [P2] iter 494: join done, raw=303638 result_size=303616
R0 [P2] iter 494: split done, delta_size=303616
R0 [P2] iter 494: dedup done, delta_size=303616
R0 [P2] iter 494: subtract done, delta_size=302921
R0 [P2] iter 494: merge done, full_size=624977595
R0 [P2] iter 495 done: global_full_size=624977595
R0 [P2] iter 495: PRE-JOIN GPU mem: 79.4GB free / 85.1GB total | delta_size=302921 full_size=624977595
R0 [P2] iter 495: join done, raw=302517 result_size=302495
R0 [P2] iter 495: split done, delta_size=302495
R0 [P2] iter 495: dedup done, delta_size=302495
R0 [P2] iter 495: subtract done, delta_size=301802
R0 [P2] iter 495: merge done, full_size=625279397
R0 [P2] iter 496 done: global_full_size=625279397
R0 [P2] iter 496: PRE-JOIN GPU mem: 79.4GB free / 85.1GB total | delta_size=301802 full_size=625279397
R0 [P2] iter 496: join done, raw=301402 result_size=301380
R0 [P2] iter 496: split done, delta_size=301380
R0 [P2] iter 496: dedup done, delta_size=301380
R0 [P2] iter 496: subtract done, delta_size=300693
R0 [P2] iter 496: merge done, full_size=625580090
R0 [P2] iter 497 done: global_full_size=625580090
R0 [P2] iter 497: PRE-JOIN GPU mem: 79.4GB free / 85.1GB total | delta_size=300693 full_size=625580090
R0 [P2] iter 497: join done, raw=300292 result_size=300270
R0 [P2] iter 497: split done, delta_size=300270
R0 [P2] iter 497: dedup done, delta_size=300270
R0 [P2] iter 497: subtract done, delta_size=299585
R0 [P2] iter 497: merge done, full_size=625879675
R0 [P2] iter 498 done: global_full_size=625879675
R0 [P2] iter 498: PRE-JOIN GPU mem: 79.4GB free / 85.1GB total | delta_size=299585 full_size=625879675
R0 [P2] iter 498: join done, raw=299182 result_size=299160
R0 [P2] iter 498: split done, delta_size=299160
R0 [P2] iter 498: dedup done, delta_size=299160
R0 [P2] iter 498: subtract done, delta_size=298477
R0 [P2] iter 498: merge done, full_size=626178152
R0 [P2] iter 499 done: global_full_size=626178152
R0 [P2] iter 499: PRE-JOIN GPU mem: 79.4GB free / 85.1GB total | delta_size=298477 full_size=626178152
R0 [P2] iter 499: join done, raw=298075 result_size=298053
R0 [P2] iter 499: split done, delta_size=298053
R0 [P2] iter 499: dedup done, delta_size=298053
R0 [P2] iter 499: subtract done, delta_size=297373
R0 [P2] iter 499: merge done, full_size=626475525
R0 [P2] iter 500 done: global_full_size=626475525
R0 [P2] iter 500: PRE-JOIN GPU mem: 79.4GB free / 85.1GB total | delta_size=297373 full_size=626475525
R0 [P2] iter 500: join done, raw=296973 result_size=296951
R0 [P2] iter 500: split done, delta_size=296951
R0 [P2] iter 500: dedup done, delta_size=296951
R0 [P2] iter 500: subtract done, delta_size=296274
R0 [P2] iter 500: merge done, full_size=626771799
R0 [P2] iter 501 done: global_full_size=626771799
R0 [P2] iter 501: PRE-JOIN GPU mem: 79.4GB free / 85.1GB total | delta_size=296274 full_size=626771799
R0 [P2] iter 501: join done, raw=295883 result_size=295861
R0 [P2] iter 501: split done, delta_size=295861
R0 [P2] iter 501: dedup done, delta_size=295861
R0 [P2] iter 501: subtract done, delta_size=295185
R0 [P2] iter 501: merge done, full_size=627066984
R0 [P2] iter 502 done: global_full_size=627066984
R0 [P2] iter 502: PRE-JOIN GPU mem: 79.4GB free / 85.1GB total | delta_size=295185 full_size=627066984
R0 [P2] iter 502: join done, raw=294790 result_size=294768
R0 [P2] iter 502: split done, delta_size=294768
R0 [P2] iter 502: dedup done, delta_size=294768
R0 [P2] iter 502: subtract done, delta_size=294095
R0 [P2] iter 502: merge done, full_size=627361079
R0 [P2] iter 503 done: global_full_size=627361079
R0 [P2] iter 503: PRE-JOIN GPU mem: 79.4GB free / 85.1GB total | delta_size=294095 full_size=627361079
R0 [P2] iter 503: join done, raw=293702 result_size=293681
R0 [P2] iter 503: split done, delta_size=293681
R0 [P2] iter 503: dedup done, delta_size=293681
R0 [P2] iter 503: subtract done, delta_size=293009
R0 [P2] iter 503: merge done, full_size=627654088
R0 [P2] iter 504 done: global_full_size=627654088
R0 [P2] iter 504: PRE-JOIN GPU mem: 79.4GB free / 85.1GB total | delta_size=293009 full_size=627654088
R0 [P2] iter 504: join done, raw=292611 result_size=292591
R0 [P2] iter 504: split done, delta_size=292591
R0 [P2] iter 504: dedup done, delta_size=292591
R0 [P2] iter 504: subtract done, delta_size=291920
R0 [P2] iter 504: merge done, full_size=627946008
R0 [P2] iter 505 done: global_full_size=627946008
R0 [P2] iter 505: PRE-JOIN GPU mem: 79.4GB free / 85.1GB total | delta_size=291920 full_size=627946008
R0 [P2] iter 505: join done, raw=291527 result_size=291507
R0 [P2] iter 505: split done, delta_size=291507
R0 [P2] iter 505: dedup done, delta_size=291507
R0 [P2] iter 505: subtract done, delta_size=290838
R0 [P2] iter 505: merge done, full_size=628236846
R0 [P2] iter 506 done: global_full_size=628236846
R0 [P2] iter 506: PRE-JOIN GPU mem: 79.4GB free / 85.1GB total | delta_size=290838 full_size=628236846
R0 [P2] iter 506: join done, raw=290445 result_size=290425
R0 [P2] iter 506: split done, delta_size=290425
R0 [P2] iter 506: dedup done, delta_size=290425
R0 [P2] iter 506: subtract done, delta_size=289762
R0 [P2] iter 506: merge done, full_size=628526608
R0 [P2] iter 507 done: global_full_size=628526608
R0 [P2] iter 507: PRE-JOIN GPU mem: 79.4GB free / 85.1GB total | delta_size=289762 full_size=628526608
R0 [P2] iter 507: join done, raw=289377 result_size=289357
R0 [P2] iter 507: split done, delta_size=289357
R0 [P2] iter 507: dedup done, delta_size=289357
R0 [P2] iter 507: subtract done, delta_size=288695
R0 [P2] iter 507: merge done, full_size=628815303
R0 [P2] iter 508 done: global_full_size=628815303
R0 [P2] iter 508: PRE-JOIN GPU mem: 79.4GB free / 85.1GB total | delta_size=288695 full_size=628815303
R0 [P2] iter 508: join done, raw=288304 result_size=288284
R0 [P2] iter 508: split done, delta_size=288284
R0 [P2] iter 508: dedup done, delta_size=288284
R0 [P2] iter 508: subtract done, delta_size=287623
R0 [P2] iter 508: merge done, full_size=629102926
R0 [P2] iter 509 done: global_full_size=629102926
R0 [P2] iter 509: PRE-JOIN GPU mem: 79.4GB free / 85.1GB total | delta_size=287623 full_size=629102926
R0 [P2] iter 509: join done, raw=287236 result_size=287216
R0 [P2] iter 509: split done, delta_size=287216
R0 [P2] iter 509: dedup done, delta_size=287216
R0 [P2] iter 509: subtract done, delta_size=286560
R0 [P2] iter 509: merge done, full_size=629389486
R0 [P2] iter 510 done: global_full_size=629389486
R0 [P2] iter 510: PRE-JOIN GPU mem: 79.4GB free / 85.1GB total | delta_size=286560 full_size=629389486
R0 [P2] iter 510: join done, raw=286168 result_size=286148
R0 [P2] iter 510: split done, delta_size=286148
R0 [P2] iter 510: dedup done, delta_size=286148
R0 [P2] iter 510: subtract done, delta_size=285497
R0 [P2] iter 510: merge done, full_size=629674983
R0 [P2] iter 511 done: global_full_size=629674983
R0 [P2] iter 511: PRE-JOIN GPU mem: 79.4GB free / 85.1GB total | delta_size=285497 full_size=629674983
R0 [P2] iter 511: join done, raw=285098 result_size=285078
R0 [P2] iter 511: split done, delta_size=285078
R0 [P2] iter 511: dedup done, delta_size=285078
R0 [P2] iter 511: subtract done, delta_size=284437
R0 [P2] iter 511: merge done, full_size=629959420
R0 [P2] iter 512 done: global_full_size=629959420
R0 [P2] iter 512: PRE-JOIN GPU mem: 79.4GB free / 85.1GB total | delta_size=284437 full_size=629959420
R0 [P2] iter 512: join done, raw=284035 result_size=284015
R0 [P2] iter 512: split done, delta_size=284015
R0 [P2] iter 512: dedup done, delta_size=284015
R0 [P2] iter 512: subtract done, delta_size=283379
R0 [P2] iter 512: merge done, full_size=630242799
R0 [P2] iter 513 done: global_full_size=630242799
R0 [P2] iter 513: PRE-JOIN GPU mem: 79.4GB free / 85.1GB total | delta_size=283379 full_size=630242799
R0 [P2] iter 513: join done, raw=282973 result_size=282953
R0 [P2] iter 513: split done, delta_size=282953
R0 [P2] iter 513: dedup done, delta_size=282953
R0 [P2] iter 513: subtract done, delta_size=282320
R0 [P2] iter 513: merge done, full_size=630525119
R0 [P2] iter 514 done: global_full_size=630525119
R0 [P2] iter 514: PRE-JOIN GPU mem: 79.4GB free / 85.1GB total | delta_size=282320 full_size=630525119
R0 [P2] iter 514: join done, raw=281917 result_size=281897
R0 [P2] iter 514: split done, delta_size=281897
R0 [P2] iter 514: dedup done, delta_size=281897
R0 [P2] iter 514: subtract done, delta_size=281268
R0 [P2] iter 514: merge done, full_size=630806387
R0 [P2] iter 515 done: global_full_size=630806387
R0 [P2] iter 515: PRE-JOIN GPU mem: 79.4GB free / 85.1GB total | delta_size=281268 full_size=630806387
R0 [P2] iter 515: join done, raw=280875 result_size=280855
R0 [P2] iter 515: split done, delta_size=280855
R0 [P2] iter 515: dedup done, delta_size=280855
R0 [P2] iter 515: subtract done, delta_size=280231
R0 [P2] iter 515: merge done, full_size=631086618
R0 [P2] iter 516 done: global_full_size=631086618
R0 [P2] iter 516: PRE-JOIN GPU mem: 79.4GB free / 85.1GB total | delta_size=280231 full_size=631086618
R0 [P2] iter 516: join done, raw=279840 result_size=279820
R0 [P2] iter 516: split done, delta_size=279820
R0 [P2] iter 516: dedup done, delta_size=279820
R0 [P2] iter 516: subtract done, delta_size=279200
R0 [P2] iter 516: merge done, full_size=631365818
R0 [P2] iter 517 done: global_full_size=631365818
R0 [P2] iter 517: PRE-JOIN GPU mem: 79.4GB free / 85.1GB total | delta_size=279200 full_size=631365818
R0 [P2] iter 517: join done, raw=278814 result_size=278794
R0 [P2] iter 517: split done, delta_size=278794
R0 [P2] iter 517: dedup done, delta_size=278794
R0 [P2] iter 517: subtract done, delta_size=278178
R0 [P2] iter 517: merge done, full_size=631643996
R0 [P2] iter 518 done: global_full_size=631643996
R0 [P2] iter 518: PRE-JOIN GPU mem: 79.4GB free / 85.1GB total | delta_size=278178 full_size=631643996
R0 [P2] iter 518: join done, raw=277782 result_size=277762
R0 [P2] iter 518: split done, delta_size=277762
R0 [P2] iter 518: dedup done, delta_size=277762
R0 [P2] iter 518: subtract done, delta_size=277150
R0 [P2] iter 518: merge done, full_size=631921146
R0 [P2] iter 519 done: global_full_size=631921146
R0 [P2] iter 519: PRE-JOIN GPU mem: 79.4GB free / 85.1GB total | delta_size=277150 full_size=631921146
R0 [P2] iter 519: join done, raw=276755 result_size=276735
R0 [P2] iter 519: split done, delta_size=276735
R0 [P2] iter 519: dedup done, delta_size=276735
R0 [P2] iter 519: subtract done, delta_size=276127
R0 [P2] iter 519: merge done, full_size=632197273
R0 [P2] iter 520 done: global_full_size=632197273
R0 [P2] iter 520: PRE-JOIN GPU mem: 79.4GB free / 85.1GB total | delta_size=276127 full_size=632197273
R0 [P2] iter 520: join done, raw=275739 result_size=275719
R0 [P2] iter 520: split done, delta_size=275719
R0 [P2] iter 520: dedup done, delta_size=275719
R0 [P2] iter 520: subtract done, delta_size=275115
R0 [P2] iter 520: merge done, full_size=632472388
R0 [P2] iter 521 done: global_full_size=632472388
R0 [P2] iter 521: PRE-JOIN GPU mem: 79.4GB free / 85.1GB total | delta_size=275115 full_size=632472388
R0 [P2] iter 521: join done, raw=274726 result_size=274706
R0 [P2] iter 521: split done, delta_size=274706
R0 [P2] iter 521: dedup done, delta_size=274706
R0 [P2] iter 521: subtract done, delta_size=274105
R0 [P2] iter 521: merge done, full_size=632746493
R0 [P2] iter 522 done: global_full_size=632746493
R0 [P2] iter 522: PRE-JOIN GPU mem: 79.4GB free / 85.1GB total | delta_size=274105 full_size=632746493
R0 [P2] iter 522: join done, raw=273705 result_size=273685
R0 [P2] iter 522: split done, delta_size=273685
R0 [P2] iter 522: dedup done, delta_size=273685
R0 [P2] iter 522: subtract done, delta_size=273089
R0 [P2] iter 522: merge done, full_size=633019582
R0 [P2] iter 523 done: global_full_size=633019582
R0 [P2] iter 523: PRE-JOIN GPU mem: 79.4GB free / 85.1GB total | delta_size=273089 full_size=633019582
R0 [P2] iter 523: join done, raw=272691 result_size=272672
R0 [P2] iter 523: split done, delta_size=272672
R0 [P2] iter 523: dedup done, delta_size=272672
R0 [P2] iter 523: subtract done, delta_size=272080
R0 [P2] iter 523: merge done, full_size=633291662
R0 [P2] iter 524 done: global_full_size=633291662
R0 [P2] iter 524: PRE-JOIN GPU mem: 79.4GB free / 85.1GB total | delta_size=272080 full_size=633291662
R0 [P2] iter 524: join done, raw=271682 result_size=271663
R0 [P2] iter 524: split done, delta_size=271663
R0 [P2] iter 524: dedup done, delta_size=271663
R0 [P2] iter 524: subtract done, delta_size=271074
R0 [P2] iter 524: merge done, full_size=633562736
R0 [P2] iter 525 done: global_full_size=633562736
R0 [P2] iter 525: PRE-JOIN GPU mem: 79.4GB free / 85.1GB total | delta_size=271074 full_size=633562736
R0 [P2] iter 525: join done, raw=270687 result_size=270668
R0 [P2] iter 525: split done, delta_size=270668
R0 [P2] iter 525: dedup done, delta_size=270668
R0 [P2] iter 525: subtract done, delta_size=270084
R0 [P2] iter 525: merge done, full_size=633832820
R0 [P2] iter 526 done: global_full_size=633832820
R0 [P2] iter 526: PRE-JOIN GPU mem: 79.4GB free / 85.1GB total | delta_size=270084 full_size=633832820
R0 [P2] iter 526: join done, raw=269697 result_size=269678
R0 [P2] iter 526: split done, delta_size=269678
R0 [P2] iter 526: dedup done, delta_size=269678
R0 [P2] iter 526: subtract done, delta_size=269098
R0 [P2] iter 526: merge done, full_size=634101918
R0 [P2] iter 527 done: global_full_size=634101918
R0 [P2] iter 527: PRE-JOIN GPU mem: 79.4GB free / 85.1GB total | delta_size=269098 full_size=634101918
R0 [P2] iter 527: join done, raw=268720 result_size=268701
R0 [P2] iter 527: split done, delta_size=268701
R0 [P2] iter 527: dedup done, delta_size=268701
R0 [P2] iter 527: subtract done, delta_size=268124
R0 [P2] iter 527: merge done, full_size=634370042
R0 [P2] iter 528 done: global_full_size=634370042
R0 [P2] iter 528: PRE-JOIN GPU mem: 79.4GB free / 85.1GB total | delta_size=268124 full_size=634370042
R0 [P2] iter 528: join done, raw=267747 result_size=267728
R0 [P2] iter 528: split done, delta_size=267728
R0 [P2] iter 528: dedup done, delta_size=267728
R0 [P2] iter 528: subtract done, delta_size=267154
R0 [P2] iter 528: merge done, full_size=634637196
R0 [P2] iter 529 done: global_full_size=634637196
R0 [P2] iter 529: PRE-JOIN GPU mem: 79.4GB free / 85.1GB total | delta_size=267154 full_size=634637196
R0 [P2] iter 529: join done, raw=266786 result_size=266767
R0 [P2] iter 529: split done, delta_size=266767
R0 [P2] iter 529: dedup done, delta_size=266767
R0 [P2] iter 529: subtract done, delta_size=266193
R0 [P2] iter 529: merge done, full_size=634903389
R0 [P2] iter 530 done: global_full_size=634903389
R0 [P2] iter 530: PRE-JOIN GPU mem: 79.4GB free / 85.1GB total | delta_size=266193 full_size=634903389
R0 [P2] iter 530: join done, raw=265822 result_size=265803
R0 [P2] iter 530: split done, delta_size=265803
R0 [P2] iter 530: dedup done, delta_size=265803
R0 [P2] iter 530: subtract done, delta_size=265231
R0 [P2] iter 530: merge done, full_size=635168620
R0 [P2] iter 531 done: global_full_size=635168620
R0 [P2] iter 531: PRE-JOIN GPU mem: 79.4GB free / 85.1GB total | delta_size=265231 full_size=635168620
R0 [P2] iter 531: join done, raw=264859 result_size=264840
R0 [P2] iter 531: split done, delta_size=264840
R0 [P2] iter 531: dedup done, delta_size=264840
R0 [P2] iter 531: subtract done, delta_size=264269
R0 [P2] iter 531: merge done, full_size=635432889
R0 [P2] iter 532 done: global_full_size=635432889
R0 [P2] iter 532: PRE-JOIN GPU mem: 79.4GB free / 85.1GB total | delta_size=264269 full_size=635432889
R0 [P2] iter 532: join done, raw=263904 result_size=263885
R0 [P2] iter 532: split done, delta_size=263885
R0 [P2] iter 532: dedup done, delta_size=263885
R0 [P2] iter 532: subtract done, delta_size=263314
R0 [P2] iter 532: merge done, full_size=635696203
R0 [P2] iter 533 done: global_full_size=635696203
R0 [P2] iter 533: PRE-JOIN GPU mem: 79.4GB free / 85.1GB total | delta_size=263314 full_size=635696203
R0 [P2] iter 533: join done, raw=262952 result_size=262933
R0 [P2] iter 533: split done, delta_size=262933
R0 [P2] iter 533: dedup done, delta_size=262933
R0 [P2] iter 533: subtract done, delta_size=262366
R0 [P2] iter 533: merge done, full_size=635958569
R0 [P2] iter 534 done: global_full_size=635958569
R0 [P2] iter 534: PRE-JOIN GPU mem: 79.4GB free / 85.1GB total | delta_size=262366 full_size=635958569
R0 [P2] iter 534: join done, raw=262005 result_size=261986
R0 [P2] iter 534: split done, delta_size=261986
R0 [P2] iter 534: dedup done, delta_size=261986
R0 [P2] iter 534: subtract done, delta_size=261421
R0 [P2] iter 534: merge done, full_size=636219990
R0 [P2] iter 535 done: global_full_size=636219990
R0 [P2] iter 535: PRE-JOIN GPU mem: 79.4GB free / 85.1GB total | delta_size=261421 full_size=636219990
R0 [P2] iter 535: join done, raw=261061 result_size=261042
R0 [P2] iter 535: split done, delta_size=261042
R0 [P2] iter 535: dedup done, delta_size=261042
R0 [P2] iter 535: subtract done, delta_size=260478
R0 [P2] iter 535: merge done, full_size=636480468
R0 [P2] iter 536 done: global_full_size=636480468
R0 [P2] iter 536: PRE-JOIN GPU mem: 79.4GB free / 85.1GB total | delta_size=260478 full_size=636480468
R0 [P2] iter 536: join done, raw=260116 result_size=260097
R0 [P2] iter 536: split done, delta_size=260097
R0 [P2] iter 536: dedup done, delta_size=260097
R0 [P2] iter 536: subtract done, delta_size=259535
R0 [P2] iter 536: merge done, full_size=636740003
R0 [P2] iter 537 done: global_full_size=636740003
R0 [P2] iter 537: PRE-JOIN GPU mem: 79.4GB free / 85.1GB total | delta_size=259535 full_size=636740003
R0 [P2] iter 537: join done, raw=259180 result_size=259161
R0 [P2] iter 537: split done, delta_size=259161
R0 [P2] iter 537: dedup done, delta_size=259161
R0 [P2] iter 537: subtract done, delta_size=258603
R0 [P2] iter 537: merge done, full_size=636998606
R0 [P2] iter 538 done: global_full_size=636998606
R0 [P2] iter 538: PRE-JOIN GPU mem: 79.4GB free / 85.1GB total | delta_size=258603 full_size=636998606
R0 [P2] iter 538: join done, raw=258253 result_size=258234
R0 [P2] iter 538: split done, delta_size=258234
R0 [P2] iter 538: dedup done, delta_size=258234
R0 [P2] iter 538: subtract done, delta_size=257677
R0 [P2] iter 538: merge done, full_size=637256283
R0 [P2] iter 539 done: global_full_size=637256283
R0 [P2] iter 539: PRE-JOIN GPU mem: 79.4GB free / 85.1GB total | delta_size=257677 full_size=637256283
R0 [P2] iter 539: join done, raw=257330 result_size=257311
R0 [P2] iter 539: split done, delta_size=257311
R0 [P2] iter 539: dedup done, delta_size=257311
R0 [P2] iter 539: subtract done, delta_size=256758
R0 [P2] iter 539: merge done, full_size=637513041
R0 [P2] iter 540 done: global_full_size=637513041
R0 [P2] iter 540: PRE-JOIN GPU mem: 79.4GB free / 85.1GB total | delta_size=256758 full_size=637513041
R0 [P2] iter 540: join done, raw=256419 result_size=256400
R0 [P2] iter 540: split done, delta_size=256400
R0 [P2] iter 540: dedup done, delta_size=256400
R0 [P2] iter 540: subtract done, delta_size=255847
R0 [P2] iter 540: merge done, full_size=637768888
R0 [P2] iter 541 done: global_full_size=637768888
R0 [P2] iter 541: PRE-JOIN GPU mem: 79.3GB free / 85.1GB total | delta_size=255847 full_size=637768888
R0 [P2] iter 541: join done, raw=255507 result_size=255489
R0 [P2] iter 541: split done, delta_size=255489
R0 [P2] iter 541: dedup done, delta_size=255489
R0 [P2] iter 541: subtract done, delta_size=254940
R0 [P2] iter 541: merge done, full_size=638023828
R0 [P2] iter 542 done: global_full_size=638023828
R0 [P2] iter 542: PRE-JOIN GPU mem: 79.3GB free / 85.1GB total | delta_size=254940 full_size=638023828
R0 [P2] iter 542: join done, raw=254602 result_size=254584
R0 [P2] iter 542: split done, delta_size=254584
R0 [P2] iter 542: dedup done, delta_size=254584
R0 [P2] iter 542: subtract done, delta_size=254038
R0 [P2] iter 542: merge done, full_size=638277866
R0 [P2] iter 543 done: global_full_size=638277866
R0 [P2] iter 543: PRE-JOIN GPU mem: 79.3GB free / 85.1GB total | delta_size=254038 full_size=638277866
R0 [P2] iter 543: join done, raw=253698 result_size=253680
R0 [P2] iter 543: split done, delta_size=253680
R0 [P2] iter 543: dedup done, delta_size=253680
R0 [P2] iter 543: subtract done, delta_size=253136
R0 [P2] iter 543: merge done, full_size=638531002
R0 [P2] iter 544 done: global_full_size=638531002
R0 [P2] iter 544: PRE-JOIN GPU mem: 79.3GB free / 85.1GB total | delta_size=253136 full_size=638531002
R0 [P2] iter 544: join done, raw=252799 result_size=252781
R0 [P2] iter 544: split done, delta_size=252781
R0 [P2] iter 544: dedup done, delta_size=252781
R0 [P2] iter 544: subtract done, delta_size=252237
R0 [P2] iter 544: merge done, full_size=638783239
R0 [P2] iter 545 done: global_full_size=638783239
R0 [P2] iter 545: PRE-JOIN GPU mem: 79.3GB free / 85.1GB total | delta_size=252237 full_size=638783239
R0 [P2] iter 545: join done, raw=251901 result_size=251883
R0 [P2] iter 545: split done, delta_size=251883
R0 [P2] iter 545: dedup done, delta_size=251883
R0 [P2] iter 545: subtract done, delta_size=251340
R0 [P2] iter 545: merge done, full_size=639034579
R0 [P2] iter 546 done: global_full_size=639034579
R0 [P2] iter 546: PRE-JOIN GPU mem: 79.3GB free / 85.1GB total | delta_size=251340 full_size=639034579
R0 [P2] iter 546: join done, raw=251007 result_size=250989
R0 [P2] iter 546: split done, delta_size=250989
R0 [P2] iter 546: dedup done, delta_size=250989
R0 [P2] iter 546: subtract done, delta_size=250446
R0 [P2] iter 546: merge done, full_size=639285025
R0 [P2] iter 547 done: global_full_size=639285025
R0 [P2] iter 547: PRE-JOIN GPU mem: 79.3GB free / 85.1GB total | delta_size=250446 full_size=639285025
R0 [P2] iter 547: join done, raw=250119 result_size=250101
R0 [P2] iter 547: split done, delta_size=250101
R0 [P2] iter 547: dedup done, delta_size=250101
R0 [P2] iter 547: subtract done, delta_size=249559
R0 [P2] iter 547: merge done, full_size=639534584
R0 [P2] iter 548 done: global_full_size=639534584
R0 [P2] iter 548: PRE-JOIN GPU mem: 79.3GB free / 85.1GB total | delta_size=249559 full_size=639534584
R0 [P2] iter 548: join done, raw=249229 result_size=249211
R0 [P2] iter 548: split done, delta_size=249211
R0 [P2] iter 548: dedup done, delta_size=249211
R0 [P2] iter 548: subtract done, delta_size=248672
R0 [P2] iter 548: merge done, full_size=639783256
R0 [P2] iter 549 done: global_full_size=639783256
R0 [P2] iter 549: PRE-JOIN GPU mem: 79.3GB free / 85.1GB total | delta_size=248672 full_size=639783256
R0 [P2] iter 549: join done, raw=248349 result_size=248331
R0 [P2] iter 549: split done, delta_size=248331
R0 [P2] iter 549: dedup done, delta_size=248331
R0 [P2] iter 549: subtract done, delta_size=247793
R0 [P2] iter 549: merge done, full_size=640031049
R0 [P2] iter 550 done: global_full_size=640031049
R0 [P2] iter 550: PRE-JOIN GPU mem: 79.3GB free / 85.1GB total | delta_size=247793 full_size=640031049
R0 [P2] iter 550: join done, raw=247472 result_size=247454
R0 [P2] iter 550: split done, delta_size=247454
R0 [P2] iter 550: dedup done, delta_size=247454
R0 [P2] iter 550: subtract done, delta_size=246919
R0 [P2] iter 550: merge done, full_size=640277968
R0 [P2] iter 551 done: global_full_size=640277968
R0 [P2] iter 551: PRE-JOIN GPU mem: 79.3GB free / 85.1GB total | delta_size=246919 full_size=640277968
R0 [P2] iter 551: join done, raw=246589 result_size=246571
R0 [P2] iter 551: split done, delta_size=246571
R0 [P2] iter 551: dedup done, delta_size=246571
R0 [P2] iter 551: subtract done, delta_size=246038
R0 [P2] iter 551: merge done, full_size=640524006
R0 [P2] iter 552 done: global_full_size=640524006
R0 [P2] iter 552: PRE-JOIN GPU mem: 79.3GB free / 85.1GB total | delta_size=246038 full_size=640524006
R0 [P2] iter 552: join done, raw=245703 result_size=245685
R0 [P2] iter 552: split done, delta_size=245685
R0 [P2] iter 552: dedup done, delta_size=245685
R0 [P2] iter 552: subtract done, delta_size=245153
R0 [P2] iter 552: merge done, full_size=640769159
R0 [P2] iter 553 done: global_full_size=640769159
R0 [P2] iter 553: PRE-JOIN GPU mem: 79.3GB free / 85.1GB total | delta_size=245153 full_size=640769159
R0 [P2] iter 553: join done, raw=244815 result_size=244797
R0 [P2] iter 553: split done, delta_size=244797
R0 [P2] iter 553: dedup done, delta_size=244797
R0 [P2] iter 553: subtract done, delta_size=244265
R0 [P2] iter 553: merge done, full_size=641013424
R0 [P2] iter 554 done: global_full_size=641013424
R0 [P2] iter 554: PRE-JOIN GPU mem: 79.3GB free / 85.1GB total | delta_size=244265 full_size=641013424
R0 [P2] iter 554: join done, raw=243927 result_size=243909
R0 [P2] iter 554: split done, delta_size=243909
R0 [P2] iter 554: dedup done, delta_size=243909
R0 [P2] iter 554: subtract done, delta_size=243381
R0 [P2] iter 554: merge done, full_size=641256805
R0 [P2] iter 555 done: global_full_size=641256805
R0 [P2] iter 555: PRE-JOIN GPU mem: 79.3GB free / 85.1GB total | delta_size=243381 full_size=641256805
R0 [P2] iter 555: join done, raw=243049 result_size=243031
R0 [P2] iter 555: split done, delta_size=243031
R0 [P2] iter 555: dedup done, delta_size=243031
R0 [P2] iter 555: subtract done, delta_size=242503
R0 [P2] iter 555: merge done, full_size=641499308
R0 [P2] iter 556 done: global_full_size=641499308
R0 [P2] iter 556: PRE-JOIN GPU mem: 79.3GB free / 85.1GB total | delta_size=242503 full_size=641499308
R0 [P2] iter 556: join done, raw=242181 result_size=242163
R0 [P2] iter 556: split done, delta_size=242163
R0 [P2] iter 556: dedup done, delta_size=242163
R0 [P2] iter 556: subtract done, delta_size=241636
R0 [P2] iter 556: merge done, full_size=641740944
R0 [P2] iter 557 done: global_full_size=641740944
R0 [P2] iter 557: PRE-JOIN GPU mem: 79.3GB free / 85.1GB total | delta_size=241636 full_size=641740944
R0 [P2] iter 557: join done, raw=241310 result_size=241292
R0 [P2] iter 557: split done, delta_size=241292
R0 [P2] iter 557: dedup done, delta_size=241292
R0 [P2] iter 557: subtract done, delta_size=240769
R0 [P2] iter 557: merge done, full_size=641981713
R0 [P2] iter 558 done: global_full_size=641981713
R0 [P2] iter 558: PRE-JOIN GPU mem: 79.3GB free / 85.1GB total | delta_size=240769 full_size=641981713
R0 [P2] iter 558: join done, raw=240450 result_size=240432
R0 [P2] iter 558: split done, delta_size=240432
R0 [P2] iter 558: dedup done, delta_size=240432
R0 [P2] iter 558: subtract done, delta_size=239914
R0 [P2] iter 558: merge done, full_size=642221627
R0 [P2] iter 559 done: global_full_size=642221627
R0 [P2] iter 559: PRE-JOIN GPU mem: 79.3GB free / 85.1GB total | delta_size=239914 full_size=642221627
R0 [P2] iter 559: join done, raw=239594 result_size=239576
R0 [P2] iter 559: split done, delta_size=239576
R0 [P2] iter 559: dedup done, delta_size=239576
R0 [P2] iter 559: subtract done, delta_size=239061
R0 [P2] iter 559: merge done, full_size=642460688
R0 [P2] iter 560 done: global_full_size=642460688
R0 [P2] iter 560: PRE-JOIN GPU mem: 79.3GB free / 85.1GB total | delta_size=239061 full_size=642460688
R0 [P2] iter 560: join done, raw=238741 result_size=238723
R0 [P2] iter 560: split done, delta_size=238723
R0 [P2] iter 560: dedup done, delta_size=238723
R0 [P2] iter 560: subtract done, delta_size=238212
R0 [P2] iter 560: merge done, full_size=642698900
R0 [P2] iter 561 done: global_full_size=642698900
R0 [P2] iter 561: PRE-JOIN GPU mem: 79.3GB free / 85.1GB total | delta_size=238212 full_size=642698900
R0 [P2] iter 561: join done, raw=237895 result_size=237877
R0 [P2] iter 561: split done, delta_size=237877
R0 [P2] iter 561: dedup done, delta_size=237877
R0 [P2] iter 561: subtract done, delta_size=237368
R0 [P2] iter 561: merge done, full_size=642936268
R0 [P2] iter 562 done: global_full_size=642936268
R0 [P2] iter 562: PRE-JOIN GPU mem: 79.3GB free / 85.1GB total | delta_size=237368 full_size=642936268
R0 [P2] iter 562: join done, raw=237062 result_size=237045
R0 [P2] iter 562: split done, delta_size=237045
R0 [P2] iter 562: dedup done, delta_size=237045
R0 [P2] iter 562: subtract done, delta_size=236538
R0 [P2] iter 562: merge done, full_size=643172806
R0 [P2] iter 563 done: global_full_size=643172806
R0 [P2] iter 563: PRE-JOIN GPU mem: 79.3GB free / 85.1GB total | delta_size=236538 full_size=643172806
R0 [P2] iter 563: join done, raw=236227 result_size=236210
R0 [P2] iter 563: split done, delta_size=236210
R0 [P2] iter 563: dedup done, delta_size=236210
R0 [P2] iter 563: subtract done, delta_size=235703
R0 [P2] iter 563: merge done, full_size=643408509
R0 [P2] iter 564 done: global_full_size=643408509
R0 [P2] iter 564: PRE-JOIN GPU mem: 79.3GB free / 85.1GB total | delta_size=235703 full_size=643408509
R0 [P2] iter 564: join done, raw=235390 result_size=235373
R0 [P2] iter 564: split done, delta_size=235373
R0 [P2] iter 564: dedup done, delta_size=235373
R0 [P2] iter 564: subtract done, delta_size=234867
R0 [P2] iter 564: merge done, full_size=643643376
R0 [P2] iter 565 done: global_full_size=643643376
R0 [P2] iter 565: PRE-JOIN GPU mem: 79.3GB free / 85.1GB total | delta_size=234867 full_size=643643376
R0 [P2] iter 565: join done, raw=234556 result_size=234539
R0 [P2] iter 565: split done, delta_size=234539
R0 [P2] iter 565: dedup done, delta_size=234539
R0 [P2] iter 565: subtract done, delta_size=234034
R0 [P2] iter 565: merge done, full_size=643877410
R0 [P2] iter 566 done: global_full_size=643877410
R0 [P2] iter 566: PRE-JOIN GPU mem: 79.3GB free / 85.1GB total | delta_size=234034 full_size=643877410
R0 [P2] iter 566: join done, raw=233726 result_size=233709
R0 [P2] iter 566: split done, delta_size=233709
R0 [P2] iter 566: dedup done, delta_size=233709
R0 [P2] iter 566: subtract done, delta_size=233207
R0 [P2] iter 566: merge done, full_size=644110617
R0 [P2] iter 567 done: global_full_size=644110617
R0 [P2] iter 567: PRE-JOIN GPU mem: 79.3GB free / 85.1GB total | delta_size=233207 full_size=644110617
R0 [P2] iter 567: join done, raw=232898 result_size=232881
R0 [P2] iter 567: split done, delta_size=232881
R0 [P2] iter 567: dedup done, delta_size=232881
R0 [P2] iter 567: subtract done, delta_size=232379
R0 [P2] iter 567: merge done, full_size=644342996
R0 [P2] iter 568 done: global_full_size=644342996
R0 [P2] iter 568: PRE-JOIN GPU mem: 79.3GB free / 85.1GB total | delta_size=232379 full_size=644342996
R0 [P2] iter 568: join done, raw=232070 result_size=232053
R0 [P2] iter 568: split done, delta_size=232053
R0 [P2] iter 568: dedup done, delta_size=232053
R0 [P2] iter 568: subtract done, delta_size=231554
R0 [P2] iter 568: merge done, full_size=644574550
R0 [P2] iter 569 done: global_full_size=644574550
R0 [P2] iter 569: PRE-JOIN GPU mem: 79.3GB free / 85.1GB total | delta_size=231554 full_size=644574550
R0 [P2] iter 569: join done, raw=231245 result_size=231228
R0 [P2] iter 569: split done, delta_size=231228
R0 [P2] iter 569: dedup done, delta_size=231228
R0 [P2] iter 569: subtract done, delta_size=230734
R0 [P2] iter 569: merge done, full_size=644805284
R0 [P2] iter 570 done: global_full_size=644805284
R0 [P2] iter 570: PRE-JOIN GPU mem: 79.3GB free / 85.1GB total | delta_size=230734 full_size=644805284
R0 [P2] iter 570: join done, raw=230428 result_size=230411
R0 [P2] iter 570: split done, delta_size=230411
R0 [P2] iter 570: dedup done, delta_size=230411
R0 [P2] iter 570: subtract done, delta_size=229918
R0 [P2] iter 570: merge done, full_size=645035202
R0 [P2] iter 571 done: global_full_size=645035202
R0 [P2] iter 571: PRE-JOIN GPU mem: 79.3GB free / 85.1GB total | delta_size=229918 full_size=645035202
R0 [P2] iter 571: join done, raw=229611 result_size=229594
R0 [P2] iter 571: split done, delta_size=229594
R0 [P2] iter 571: dedup done, delta_size=229594
R0 [P2] iter 571: subtract done, delta_size=229101
R0 [P2] iter 571: merge done, full_size=645264303
R0 [P2] iter 572 done: global_full_size=645264303
R0 [P2] iter 572: PRE-JOIN GPU mem: 79.3GB free / 85.1GB total | delta_size=229101 full_size=645264303
R0 [P2] iter 572: join done, raw=228793 result_size=228776
R0 [P2] iter 572: split done, delta_size=228776
R0 [P2] iter 572: dedup done, delta_size=228776
R0 [P2] iter 572: subtract done, delta_size=228284
R0 [P2] iter 572: merge done, full_size=645492587
R0 [P2] iter 573 done: global_full_size=645492587
R0 [P2] iter 573: PRE-JOIN GPU mem: 79.3GB free / 85.1GB total | delta_size=228284 full_size=645492587
R0 [P2] iter 573: join done, raw=227978 result_size=227961
R0 [P2] iter 573: split done, delta_size=227961
R0 [P2] iter 573: dedup done, delta_size=227961
R0 [P2] iter 573: subtract done, delta_size=227469
R0 [P2] iter 573: merge done, full_size=645720056
R0 [P2] iter 574 done: global_full_size=645720056
R0 [P2] iter 574: PRE-JOIN GPU mem: 79.3GB free / 85.1GB total | delta_size=227469 full_size=645720056
R0 [P2] iter 574: join done, raw=227162 result_size=227145
R0 [P2] iter 574: split done, delta_size=227145
R0 [P2] iter 574: dedup done, delta_size=227145
R0 [P2] iter 574: subtract done, delta_size=226656
R0 [P2] iter 574: merge done, full_size=645946712
R0 [P2] iter 575 done: global_full_size=645946712
R0 [P2] iter 575: PRE-JOIN GPU mem: 79.3GB free / 85.1GB total | delta_size=226656 full_size=645946712
R0 [P2] iter 575: join done, raw=226346 result_size=226329
R0 [P2] iter 575: split done, delta_size=226329
R0 [P2] iter 575: dedup done, delta_size=226329
R0 [P2] iter 575: subtract done, delta_size=225840
R0 [P2] iter 575: merge done, full_size=646172552
R0 [P2] iter 576 done: global_full_size=646172552
R0 [P2] iter 576: PRE-JOIN GPU mem: 79.3GB free / 85.1GB total | delta_size=225840 full_size=646172552
R0 [P2] iter 576: join done, raw=225539 result_size=225522
R0 [P2] iter 576: split done, delta_size=225522
R0 [P2] iter 576: dedup done, delta_size=225522
R0 [P2] iter 576: subtract done, delta_size=225036
R0 [P2] iter 576: merge done, full_size=646397588
R0 [P2] iter 577 done: global_full_size=646397588
R0 [P2] iter 577: PRE-JOIN GPU mem: 79.3GB free / 85.1GB total | delta_size=225036 full_size=646397588
R0 [P2] iter 577: join done, raw=224726 result_size=224709
R0 [P2] iter 577: split done, delta_size=224709
R0 [P2] iter 577: dedup done, delta_size=224709
R0 [P2] iter 577: subtract done, delta_size=224225
R0 [P2] iter 577: merge done, full_size=646621813
R0 [P2] iter 578 done: global_full_size=646621813
R0 [P2] iter 578: PRE-JOIN GPU mem: 79.3GB free / 85.1GB total | delta_size=224225 full_size=646621813
R0 [P2] iter 578: join done, raw=223908 result_size=223891
R0 [P2] iter 578: split done, delta_size=223891
R0 [P2] iter 578: dedup done, delta_size=223891
R0 [P2] iter 578: subtract done, delta_size=223409
R0 [P2] iter 578: merge done, full_size=646845222
R0 [P2] iter 579 done: global_full_size=646845222
R0 [P2] iter 579: PRE-JOIN GPU mem: 79.3GB free / 85.1GB total | delta_size=223409 full_size=646845222
R0 [P2] iter 579: join done, raw=223096 result_size=223079
R0 [P2] iter 579: split done, delta_size=223079
R0 [P2] iter 579: dedup done, delta_size=223079
R0 [P2] iter 579: subtract done, delta_size=222600
R0 [P2] iter 579: merge done, full_size=647067822
R0 [P2] iter 580 done: global_full_size=647067822
R0 [P2] iter 580: PRE-JOIN GPU mem: 79.3GB free / 85.1GB total | delta_size=222600 full_size=647067822
R0 [P2] iter 580: join done, raw=222284 result_size=222267
R0 [P2] iter 580: split done, delta_size=222267
R0 [P2] iter 580: dedup done, delta_size=222267
R0 [P2] iter 580: subtract done, delta_size=221790
R0 [P2] iter 580: merge done, full_size=647289612
R0 [P2] iter 581 done: global_full_size=647289612
R0 [P2] iter 581: PRE-JOIN GPU mem: 79.3GB free / 85.1GB total | delta_size=221790 full_size=647289612
R0 [P2] iter 581: join done, raw=221479 result_size=221462
R0 [P2] iter 581: split done, delta_size=221462
R0 [P2] iter 581: dedup done, delta_size=221462
R0 [P2] iter 581: subtract done, delta_size=220989
R0 [P2] iter 581: merge done, full_size=647510601
R0 [P2] iter 582 done: global_full_size=647510601
R0 [P2] iter 582: PRE-JOIN GPU mem: 79.3GB free / 85.1GB total | delta_size=220989 full_size=647510601
R0 [P2] iter 582: join done, raw=220676 result_size=220659
R0 [P2] iter 582: split done, delta_size=220659
R0 [P2] iter 582: dedup done, delta_size=220659
R0 [P2] iter 582: subtract done, delta_size=220188
R0 [P2] iter 582: merge done, full_size=647730789
R0 [P2] iter 583 done: global_full_size=647730789
R0 [P2] iter 583: PRE-JOIN GPU mem: 79.3GB free / 85.1GB total | delta_size=220188 full_size=647730789
R0 [P2] iter 583: join done, raw=219873 result_size=219856
R0 [P2] iter 583: split done, delta_size=219856
R0 [P2] iter 583: dedup done, delta_size=219856
R0 [P2] iter 583: subtract done, delta_size=219387
R0 [P2] iter 583: merge done, full_size=647950176
R0 [P2] iter 584 done: global_full_size=647950176
R0 [P2] iter 584: PRE-JOIN GPU mem: 79.3GB free / 85.1GB total | delta_size=219387 full_size=647950176
R0 [P2] iter 584: join done, raw=219079 result_size=219062
R0 [P2] iter 584: split done, delta_size=219062
R0 [P2] iter 584: dedup done, delta_size=219062
R0 [P2] iter 584: subtract done, delta_size=218594
R0 [P2] iter 584: merge done, full_size=648168770
R0 [P2] iter 585 done: global_full_size=648168770
R0 [P2] iter 585: PRE-JOIN GPU mem: 79.3GB free / 85.1GB total | delta_size=218594 full_size=648168770
R0 [P2] iter 585: join done, raw=218295 result_size=218278
R0 [P2] iter 585: split done, delta_size=218278
R0 [P2] iter 585: dedup done, delta_size=218278
R0 [P2] iter 585: subtract done, delta_size=217811
R0 [P2] iter 585: merge done, full_size=648386581
R0 [P2] iter 586 done: global_full_size=648386581
R0 [P2] iter 586: PRE-JOIN GPU mem: 79.3GB free / 85.1GB total | delta_size=217811 full_size=648386581
R0 [P2] iter 586: join done, raw=217511 result_size=217494
R0 [P2] iter 586: split done, delta_size=217494
R0 [P2] iter 586: dedup done, delta_size=217494
R0 [P2] iter 586: subtract done, delta_size=217028
R0 [P2] iter 586: merge done, full_size=648603609
R0 [P2] iter 587 done: global_full_size=648603609
R0 [P2] iter 587: PRE-JOIN GPU mem: 79.3GB free / 85.1GB total | delta_size=217028 full_size=648603609
R0 [P2] iter 587: join done, raw=216736 result_size=216719
R0 [P2] iter 587: split done, delta_size=216719
R0 [P2] iter 587: dedup done, delta_size=216719
R0 [P2] iter 587: subtract done, delta_size=216255
R0 [P2] iter 587: merge done, full_size=648819864
R0 [P2] iter 588 done: global_full_size=648819864
R0 [P2] iter 588: PRE-JOIN GPU mem: 79.3GB free / 85.1GB total | delta_size=216255 full_size=648819864
R0 [P2] iter 588: join done, raw=215967 result_size=215950
R0 [P2] iter 588: split done, delta_size=215950
R0 [P2] iter 588: dedup done, delta_size=215950
R0 [P2] iter 588: subtract done, delta_size=215487
R0 [P2] iter 588: merge done, full_size=649035351
R0 [P2] iter 589 done: global_full_size=649035351
R0 [P2] iter 589: PRE-JOIN GPU mem: 79.3GB free / 85.1GB total | delta_size=215487 full_size=649035351
R0 [P2] iter 589: join done, raw=215198 result_size=215181
R0 [P2] iter 589: split done, delta_size=215181
R0 [P2] iter 589: dedup done, delta_size=215181
R0 [P2] iter 589: subtract done, delta_size=214721
R0 [P2] iter 589: merge done, full_size=649250072
R0 [P2] iter 590 done: global_full_size=649250072
R0 [P2] iter 590: PRE-JOIN GPU mem: 79.3GB free / 85.1GB total | delta_size=214721 full_size=649250072
R0 [P2] iter 590: join done, raw=214429 result_size=214412
R0 [P2] iter 590: split done, delta_size=214412
R0 [P2] iter 590: dedup done, delta_size=214412
R0 [P2] iter 590: subtract done, delta_size=213954
R0 [P2] iter 590: merge done, full_size=649464026
R0 [P2] iter 591 done: global_full_size=649464026
R0 [P2] iter 591: PRE-JOIN GPU mem: 79.3GB free / 85.1GB total | delta_size=213954 full_size=649464026
R0 [P2] iter 591: join done, raw=213663 result_size=213647
R0 [P2] iter 591: split done, delta_size=213647
R0 [P2] iter 591: dedup done, delta_size=213647
R0 [P2] iter 591: subtract done, delta_size=213192
R0 [P2] iter 591: merge done, full_size=649677218
R0 [P2] iter 592 done: global_full_size=649677218
R0 [P2] iter 592: PRE-JOIN GPU mem: 79.3GB free / 85.1GB total | delta_size=213192 full_size=649677218
R0 [P2] iter 592: join done, raw=212904 result_size=212888
R0 [P2] iter 592: split done, delta_size=212888
R0 [P2] iter 592: dedup done, delta_size=212888
R0 [P2] iter 592: subtract done, delta_size=212434
R0 [P2] iter 592: merge done, full_size=649889652
R0 [P2] iter 593 done: global_full_size=649889652
R0 [P2] iter 593: PRE-JOIN GPU mem: 79.3GB free / 85.1GB total | delta_size=212434 full_size=649889652
R0 [P2] iter 593: join done, raw=212147 result_size=212131
R0 [P2] iter 593: split done, delta_size=212131
R0 [P2] iter 593: dedup done, delta_size=212131
R0 [P2] iter 593: subtract done, delta_size=211680
R0 [P2] iter 593: merge done, full_size=650101332
R0 [P2] iter 594 done: global_full_size=650101332
R0 [P2] iter 594: PRE-JOIN GPU mem: 79.3GB free / 85.1GB total | delta_size=211680 full_size=650101332
R0 [P2] iter 594: join done, raw=211390 result_size=211375
R0 [P2] iter 594: split done, delta_size=211375
R0 [P2] iter 594: dedup done, delta_size=211375
R0 [P2] iter 594: subtract done, delta_size=210928
R0 [P2] iter 594: merge done, full_size=650312260
R0 [P2] iter 595 done: global_full_size=650312260
R0 [P2] iter 595: PRE-JOIN GPU mem: 79.2GB free / 85.1GB total | delta_size=210928 full_size=650312260
R0 [P2] iter 595: join done, raw=210645 result_size=210630
R0 [P2] iter 595: split done, delta_size=210630
R0 [P2] iter 595: dedup done, delta_size=210630
R0 [P2] iter 595: subtract done, delta_size=210184
R0 [P2] iter 595: merge done, full_size=650522444
R0 [P2] iter 596 done: global_full_size=650522444
R0 [P2] iter 596: PRE-JOIN GPU mem: 79.2GB free / 85.1GB total | delta_size=210184 full_size=650522444
R0 [P2] iter 596: join done, raw=209897 result_size=209882
R0 [P2] iter 596: split done, delta_size=209882
R0 [P2] iter 596: dedup done, delta_size=209882
R0 [P2] iter 596: subtract done, delta_size=209437
R0 [P2] iter 596: merge done, full_size=650731881
R0 [P2] iter 597 done: global_full_size=650731881
R0 [P2] iter 597: PRE-JOIN GPU mem: 79.2GB free / 85.1GB total | delta_size=209437 full_size=650731881
R0 [P2] iter 597: join done, raw=209155 result_size=209140
R0 [P2] iter 597: split done, delta_size=209140
R0 [P2] iter 597: dedup done, delta_size=209140
R0 [P2] iter 597: subtract done, delta_size=208695
R0 [P2] iter 597: merge done, full_size=650940576
R0 [P2] iter 598 done: global_full_size=650940576
R0 [P2] iter 598: PRE-JOIN GPU mem: 79.2GB free / 85.1GB total | delta_size=208695 full_size=650940576
R0 [P2] iter 598: join done, raw=208411 result_size=208396
R0 [P2] iter 598: split done, delta_size=208396
R0 [P2] iter 598: dedup done, delta_size=208396
R0 [P2] iter 598: subtract done, delta_size=207955
R0 [P2] iter 598: merge done, full_size=651148531
R0 [P2] iter 599 done: global_full_size=651148531
R0 [P2] iter 599: PRE-JOIN GPU mem: 79.2GB free / 85.1GB total | delta_size=207955 full_size=651148531
R0 [P2] iter 599: join done, raw=207669 result_size=207654
R0 [P2] iter 599: split done, delta_size=207654
R0 [P2] iter 599: dedup done, delta_size=207654
R0 [P2] iter 599: subtract done, delta_size=207218
R0 [P2] iter 599: merge done, full_size=651355749
R0 [P2] iter 600 done: global_full_size=651355749
R0 [P2] iter 600: PRE-JOIN GPU mem: 79.2GB free / 85.1GB total | delta_size=207218 full_size=651355749
R0 [P2] iter 600: join done, raw=206934 result_size=206919
R0 [P2] iter 600: split done, delta_size=206919
R0 [P2] iter 600: dedup done, delta_size=206919
R0 [P2] iter 600: subtract done, delta_size=206481
R0 [P2] iter 600: merge done, full_size=651562230
R0 [P2] iter 601 done: global_full_size=651562230
R0 [P2] iter 601: PRE-JOIN GPU mem: 79.2GB free / 85.1GB total | delta_size=206481 full_size=651562230
R0 [P2] iter 601: join done, raw=206197 result_size=206182
R0 [P2] iter 601: split done, delta_size=206182
R0 [P2] iter 601: dedup done, delta_size=206182
R0 [P2] iter 601: subtract done, delta_size=205745
R0 [P2] iter 601: merge done, full_size=651767975
R0 [P2] iter 602 done: global_full_size=651767975
R0 [P2] iter 602: PRE-JOIN GPU mem: 79.2GB free / 85.1GB total | delta_size=205745 full_size=651767975
R0 [P2] iter 602: join done, raw=205455 result_size=205440
R0 [P2] iter 602: split done, delta_size=205440
R0 [P2] iter 602: dedup done, delta_size=205440
R0 [P2] iter 602: subtract done, delta_size=205004
R0 [P2] iter 602: merge done, full_size=651972979
R0 [P2] iter 603 done: global_full_size=651972979
R0 [P2] iter 603: PRE-JOIN GPU mem: 79.2GB free / 85.1GB total | delta_size=205004 full_size=651972979
R0 [P2] iter 603: join done, raw=204723 result_size=204708
R0 [P2] iter 603: split done, delta_size=204708
R0 [P2] iter 603: dedup done, delta_size=204708
R0 [P2] iter 603: subtract done, delta_size=204275
R0 [P2] iter 603: merge done, full_size=652177254
R0 [P2] iter 604 done: global_full_size=652177254
R0 [P2] iter 604: PRE-JOIN GPU mem: 79.2GB free / 85.1GB total | delta_size=204275 full_size=652177254
R0 [P2] iter 604: join done, raw=203998 result_size=203983
R0 [P2] iter 604: split done, delta_size=203983
R0 [P2] iter 604: dedup done, delta_size=203983
R0 [P2] iter 604: subtract done, delta_size=203551
R0 [P2] iter 604: merge done, full_size=652380805
R0 [P2] iter 605 done: global_full_size=652380805
R0 [P2] iter 605: PRE-JOIN GPU mem: 79.2GB free / 85.1GB total | delta_size=203551 full_size=652380805
R0 [P2] iter 605: join done, raw=203280 result_size=203265
R0 [P2] iter 605: split done, delta_size=203265
R0 [P2] iter 605: dedup done, delta_size=203265
R0 [P2] iter 605: subtract done, delta_size=202834
R0 [P2] iter 605: merge done, full_size=652583639
R0 [P2] iter 606 done: global_full_size=652583639
R0 [P2] iter 606: PRE-JOIN GPU mem: 79.2GB free / 85.1GB total | delta_size=202834 full_size=652583639
R0 [P2] iter 606: join done, raw=202563 result_size=202548
R0 [P2] iter 606: split done, delta_size=202548
R0 [P2] iter 606: dedup done, delta_size=202548
R0 [P2] iter 606: subtract done, delta_size=202118
R0 [P2] iter 606: merge done, full_size=652785757
R0 [P2] iter 607 done: global_full_size=652785757
R0 [P2] iter 607: PRE-JOIN GPU mem: 79.2GB free / 85.1GB total | delta_size=202118 full_size=652785757
R0 [P2] iter 607: join done, raw=201840 result_size=201825
R0 [P2] iter 607: split done, delta_size=201825
R0 [P2] iter 607: dedup done, delta_size=201825
R0 [P2] iter 607: subtract done, delta_size=201396
R0 [P2] iter 607: merge done, full_size=652987153
R0 [P2] iter 608 done: global_full_size=652987153
R0 [P2] iter 608: PRE-JOIN GPU mem: 79.2GB free / 85.1GB total | delta_size=201396 full_size=652987153
R0 [P2] iter 608: join done, raw=201126 result_size=201111
R0 [P2] iter 608: split done, delta_size=201111
R0 [P2] iter 608: dedup done, delta_size=201111
R0 [P2] iter 608: subtract done, delta_size=200685
R0 [P2] iter 608: merge done, full_size=653187838
R0 [P2] iter 609 done: global_full_size=653187838
R0 [P2] iter 609: PRE-JOIN GPU mem: 79.2GB free / 85.1GB total | delta_size=200685 full_size=653187838
R0 [P2] iter 609: join done, raw=200406 result_size=200391
R0 [P2] iter 609: split done, delta_size=200391
R0 [P2] iter 609: dedup done, delta_size=200391
R0 [P2] iter 609: subtract done, delta_size=199968
R0 [P2] iter 609: merge done, full_size=653387806
R0 [P2] iter 610 done: global_full_size=653387806
R0 [P2] iter 610: PRE-JOIN GPU mem: 79.2GB free / 85.1GB total | delta_size=199968 full_size=653387806
R0 [P2] iter 610: join done, raw=199694 result_size=199679
R0 [P2] iter 610: split done, delta_size=199679
R0 [P2] iter 610: dedup done, delta_size=199679
R0 [P2] iter 610: subtract done, delta_size=199257
R0 [P2] iter 610: merge done, full_size=653587063
R0 [P2] iter 611 done: global_full_size=653587063
R0 [P2] iter 611: PRE-JOIN GPU mem: 79.2GB free / 85.1GB total | delta_size=199257 full_size=653587063
R0 [P2] iter 611: join done, raw=198981 result_size=198966
R0 [P2] iter 611: split done, delta_size=198966
R0 [P2] iter 611: dedup done, delta_size=198966
R0 [P2] iter 611: subtract done, delta_size=198544
R0 [P2] iter 611: merge done, full_size=653785607
R0 [P2] iter 612 done: global_full_size=653785607
R0 [P2] iter 612: PRE-JOIN GPU mem: 79.2GB free / 85.1GB total | delta_size=198544 full_size=653785607
R0 [P2] iter 612: join done, raw=198270 result_size=198255
R0 [P2] iter 612: split done, delta_size=198255
R0 [P2] iter 612: dedup done, delta_size=198255
R0 [P2] iter 612: subtract done, delta_size=197835
R0 [P2] iter 612: merge done, full_size=653983442
R0 [P2] iter 613 done: global_full_size=653983442
R0 [P2] iter 613: PRE-JOIN GPU mem: 79.2GB free / 85.1GB total | delta_size=197835 full_size=653983442
R0 [P2] iter 613: join done, raw=197557 result_size=197542
R0 [P2] iter 613: split done, delta_size=197542
R0 [P2] iter 613: dedup done, delta_size=197542
R0 [P2] iter 613: subtract done, delta_size=197123
R0 [P2] iter 613: merge done, full_size=654180565
R0 [P2] iter 614 done: global_full_size=654180565
R0 [P2] iter 614: PRE-JOIN GPU mem: 79.2GB free / 85.1GB total | delta_size=197123 full_size=654180565
R0 [P2] iter 614: join done, raw=196835 result_size=196821
R0 [P2] iter 614: split done, delta_size=196821
R0 [P2] iter 614: dedup done, delta_size=196821
R0 [P2] iter 614: subtract done, delta_size=196402
R0 [P2] iter 614: merge done, full_size=654376967
R0 [P2] iter 615 done: global_full_size=654376967
R0 [P2] iter 615: PRE-JOIN GPU mem: 79.2GB free / 85.1GB total | delta_size=196402 full_size=654376967
R0 [P2] iter 615: join done, raw=196107 result_size=196093
R0 [P2] iter 615: split done, delta_size=196093
R0 [P2] iter 615: dedup done, delta_size=196093
R0 [P2] iter 615: subtract done, delta_size=195674
R0 [P2] iter 615: merge done, full_size=654572641
R0 [P2] iter 616 done: global_full_size=654572641
R0 [P2] iter 616: PRE-JOIN GPU mem: 79.2GB free / 85.1GB total | delta_size=195674 full_size=654572641
R0 [P2] iter 616: join done, raw=195393 result_size=195379
R0 [P2] iter 616: split done, delta_size=195379
R0 [P2] iter 616: dedup done, delta_size=195379
R0 [P2] iter 616: subtract done, delta_size=194962
R0 [P2] iter 616: merge done, full_size=654767603
R0 [P2] iter 617 done: global_full_size=654767603
R0 [P2] iter 617: PRE-JOIN GPU mem: 79.2GB free / 85.1GB total | delta_size=194962 full_size=654767603
R0 [P2] iter 617: join done, raw=194680 result_size=194666
R0 [P2] iter 617: split done, delta_size=194666
R0 [P2] iter 617: dedup done, delta_size=194666
R0 [P2] iter 617: subtract done, delta_size=194250
R0 [P2] iter 617: merge done, full_size=654961853
R0 [P2] iter 618 done: global_full_size=654961853
R0 [P2] iter 618: PRE-JOIN GPU mem: 79.2GB free / 85.1GB total | delta_size=194250 full_size=654961853
R0 [P2] iter 618: join done, raw=193970 result_size=193956
R0 [P2] iter 618: split done, delta_size=193956
R0 [P2] iter 618: dedup done, delta_size=193956
R0 [P2] iter 618: subtract done, delta_size=193542
R0 [P2] iter 618: merge done, full_size=655155395
R0 [P2] iter 619 done: global_full_size=655155395
R0 [P2] iter 619: PRE-JOIN GPU mem: 79.2GB free / 85.1GB total | delta_size=193542 full_size=655155395
R0 [P2] iter 619: join done, raw=193263 result_size=193249
R0 [P2] iter 619: split done, delta_size=193249
R0 [P2] iter 619: dedup done, delta_size=193249
R0 [P2] iter 619: subtract done, delta_size=192839
R0 [P2] iter 619: merge done, full_size=655348234
R0 [P2] iter 620 done: global_full_size=655348234
R0 [P2] iter 620: PRE-JOIN GPU mem: 79.2GB free / 85.1GB total | delta_size=192839 full_size=655348234
R0 [P2] iter 620: join done, raw=192558 result_size=192544
R0 [P2] iter 620: split done, delta_size=192544
R0 [P2] iter 620: dedup done, delta_size=192544
R0 [P2] iter 620: subtract done, delta_size=192135
R0 [P2] iter 620: merge done, full_size=655540369
R0 [P2] iter 621 done: global_full_size=655540369
R0 [P2] iter 621: PRE-JOIN GPU mem: 79.2GB free / 85.1GB total | delta_size=192135 full_size=655540369
R0 [P2] iter 621: join done, raw=191863 result_size=191850
R0 [P2] iter 621: split done, delta_size=191850
R0 [P2] iter 621: dedup done, delta_size=191850
R0 [P2] iter 621: subtract done, delta_size=191442
R0 [P2] iter 621: merge done, full_size=655731811
R0 [P2] iter 622 done: global_full_size=655731811
R0 [P2] iter 622: PRE-JOIN GPU mem: 79.2GB free / 85.1GB total | delta_size=191442 full_size=655731811
R0 [P2] iter 622: join done, raw=191177 result_size=191164
R0 [P2] iter 622: split done, delta_size=191164
R0 [P2] iter 622: dedup done, delta_size=191164
R0 [P2] iter 622: subtract done, delta_size=190756
R0 [P2] iter 622: merge done, full_size=655922567
R0 [P2] iter 623 done: global_full_size=655922567
R0 [P2] iter 623: PRE-JOIN GPU mem: 79.2GB free / 85.1GB total | delta_size=190756 full_size=655922567
R0 [P2] iter 623: join done, raw=190489 result_size=190476
R0 [P2] iter 623: split done, delta_size=190476
R0 [P2] iter 623: dedup done, delta_size=190476
R0 [P2] iter 623: subtract done, delta_size=190069
R0 [P2] iter 623: merge done, full_size=656112636
R0 [P2] iter 624 done: global_full_size=656112636
R0 [P2] iter 624: PRE-JOIN GPU mem: 79.2GB free / 85.1GB total | delta_size=190069 full_size=656112636
R0 [P2] iter 624: join done, raw=189802 result_size=189789
R0 [P2] iter 624: split done, delta_size=189789
R0 [P2] iter 624: dedup done, delta_size=189789
R0 [P2] iter 624: subtract done, delta_size=189384
R0 [P2] iter 624: merge done, full_size=656302020
R0 [P2] iter 625 done: global_full_size=656302020
R0 [P2] iter 625: PRE-JOIN GPU mem: 79.2GB free / 85.1GB total | delta_size=189384 full_size=656302020
R0 [P2] iter 625: join done, raw=189121 result_size=189108
R0 [P2] iter 625: split done, delta_size=189108
R0 [P2] iter 625: dedup done, delta_size=189108
R0 [P2] iter 625: subtract done, delta_size=188710
R0 [P2] iter 625: merge done, full_size=656490730
R0 [P2] iter 626 done: global_full_size=656490730
R0 [P2] iter 626: PRE-JOIN GPU mem: 79.2GB free / 85.1GB total | delta_size=188710 full_size=656490730
R0 [P2] iter 626: join done, raw=188444 result_size=188431
R0 [P2] iter 626: split done, delta_size=188431
R0 [P2] iter 626: dedup done, delta_size=188431
R0 [P2] iter 626: subtract done, delta_size=188036
R0 [P2] iter 626: merge done, full_size=656678766
R0 [P2] iter 627 done: global_full_size=656678766
R0 [P2] iter 627: PRE-JOIN GPU mem: 79.2GB free / 85.1GB total | delta_size=188036 full_size=656678766
R0 [P2] iter 627: join done, raw=187768 result_size=187756
R0 [P2] iter 627: split done, delta_size=187756
R0 [P2] iter 627: dedup done, delta_size=187756
R0 [P2] iter 627: subtract done, delta_size=187362
R0 [P2] iter 627: merge done, full_size=656866128
R0 [P2] iter 628 done: global_full_size=656866128
R0 [P2] iter 628: PRE-JOIN GPU mem: 79.2GB free / 85.1GB total | delta_size=187362 full_size=656866128
R0 [P2] iter 628: join done, raw=187101 result_size=187089
R0 [P2] iter 628: split done, delta_size=187089
R0 [P2] iter 628: dedup done, delta_size=187089
R0 [P2] iter 628: subtract done, delta_size=186700
R0 [P2] iter 628: merge done, full_size=657052828
R0 [P2] iter 629 done: global_full_size=657052828
R0 [P2] iter 629: PRE-JOIN GPU mem: 79.2GB free / 85.1GB total | delta_size=186700 full_size=657052828
R0 [P2] iter 629: join done, raw=186440 result_size=186428
R0 [P2] iter 629: split done, delta_size=186428
R0 [P2] iter 629: dedup done, delta_size=186428
R0 [P2] iter 629: subtract done, delta_size=186040
R0 [P2] iter 629: merge done, full_size=657238868
R0 [P2] iter 630 done: global_full_size=657238868
R0 [P2] iter 630: PRE-JOIN GPU mem: 79.2GB free / 85.1GB total | delta_size=186040 full_size=657238868
R0 [P2] iter 630: join done, raw=185778 result_size=185766
R0 [P2] iter 630: split done, delta_size=185766
R0 [P2] iter 630: dedup done, delta_size=185766
R0 [P2] iter 630: subtract done, delta_size=185380
R0 [P2] iter 630: merge done, full_size=657424248
R0 [P2] iter 631 done: global_full_size=657424248
R0 [P2] iter 631: PRE-JOIN GPU mem: 79.2GB free / 85.1GB total | delta_size=185380 full_size=657424248
R0 [P2] iter 631: join done, raw=185121 result_size=185109
R0 [P2] iter 631: split done, delta_size=185109
R0 [P2] iter 631: dedup done, delta_size=185109
R0 [P2] iter 631: subtract done, delta_size=184725
R0 [P2] iter 631: merge done, full_size=657608973
R0 [P2] iter 632 done: global_full_size=657608973
R0 [P2] iter 632: PRE-JOIN GPU mem: 79.2GB free / 85.1GB total | delta_size=184725 full_size=657608973
R0 [P2] iter 632: join done, raw=184471 result_size=184460
R0 [P2] iter 632: split done, delta_size=184460
R0 [P2] iter 632: dedup done, delta_size=184460
R0 [P2] iter 632: subtract done, delta_size=184078
R0 [P2] iter 632: merge done, full_size=657793051
R0 [P2] iter 633 done: global_full_size=657793051
R0 [P2] iter 633: PRE-JOIN GPU mem: 79.2GB free / 85.1GB total | delta_size=184078 full_size=657793051
R0 [P2] iter 633: join done, raw=183828 result_size=183817
R0 [P2] iter 633: split done, delta_size=183817
R0 [P2] iter 633: dedup done, delta_size=183817
R0 [P2] iter 633: subtract done, delta_size=183437
R0 [P2] iter 633: merge done, full_size=657976488
R0 [P2] iter 634 done: global_full_size=657976488
R0 [P2] iter 634: PRE-JOIN GPU mem: 79.2GB free / 85.1GB total | delta_size=183437 full_size=657976488
R0 [P2] iter 634: join done, raw=183195 result_size=183184
R0 [P2] iter 634: split done, delta_size=183184
R0 [P2] iter 634: dedup done, delta_size=183184
R0 [P2] iter 634: subtract done, delta_size=182803
R0 [P2] iter 634: merge done, full_size=658159291
R0 [P2] iter 635 done: global_full_size=658159291
R0 [P2] iter 635: PRE-JOIN GPU mem: 79.2GB free / 85.1GB total | delta_size=182803 full_size=658159291
R0 [P2] iter 635: join done, raw=182561 result_size=182550
R0 [P2] iter 635: split done, delta_size=182550
R0 [P2] iter 635: dedup done, delta_size=182550
R0 [P2] iter 635: subtract done, delta_size=182170
R0 [P2] iter 635: merge done, full_size=658341461
R0 [P2] iter 636 done: global_full_size=658341461
R0 [P2] iter 636: PRE-JOIN GPU mem: 79.2GB free / 85.1GB total | delta_size=182170 full_size=658341461
R0 [P2] iter 636: join done, raw=181930 result_size=181919
R0 [P2] iter 636: split done, delta_size=181919
R0 [P2] iter 636: dedup done, delta_size=181919
R0 [P2] iter 636: subtract done, delta_size=181541
R0 [P2] iter 636: merge done, full_size=658523002
R0 [P2] iter 637 done: global_full_size=658523002
R0 [P2] iter 637: PRE-JOIN GPU mem: 79.2GB free / 85.1GB total | delta_size=181541 full_size=658523002
R0 [P2] iter 637: join done, raw=181293 result_size=181282
R0 [P2] iter 637: split done, delta_size=181282
R0 [P2] iter 637: dedup done, delta_size=181282
R0 [P2] iter 637: subtract done, delta_size=180906
R0 [P2] iter 637: merge done, full_size=658703908
R0 [P2] iter 638 done: global_full_size=658703908
R0 [P2] iter 638: PRE-JOIN GPU mem: 79.2GB free / 85.1GB total | delta_size=180906 full_size=658703908
R0 [P2] iter 638: join done, raw=180657 result_size=180646
R0 [P2] iter 638: split done, delta_size=180646
R0 [P2] iter 638: dedup done, delta_size=180646
R0 [P2] iter 638: subtract done, delta_size=180270
R0 [P2] iter 638: merge done, full_size=658884178
R0 [P2] iter 639 done: global_full_size=658884178
R0 [P2] iter 639: PRE-JOIN GPU mem: 79.2GB free / 85.1GB total | delta_size=180270 full_size=658884178
R0 [P2] iter 639: join done, raw=180032 result_size=180021
R0 [P2] iter 639: split done, delta_size=180021
R0 [P2] iter 639: dedup done, delta_size=180021
R0 [P2] iter 639: subtract done, delta_size=179648
R0 [P2] iter 639: merge done, full_size=659063826
R0 [P2] iter 640 done: global_full_size=659063826
R0 [P2] iter 640: PRE-JOIN GPU mem: 79.2GB free / 85.1GB total | delta_size=179648 full_size=659063826
R0 [P2] iter 640: join done, raw=179419 result_size=179408
R0 [P2] iter 640: split done, delta_size=179408
R0 [P2] iter 640: dedup done, delta_size=179408
R0 [P2] iter 640: subtract done, delta_size=179035
R0 [P2] iter 640: merge done, full_size=659242861
R0 [P2] iter 641 done: global_full_size=659242861
R0 [P2] iter 641: PRE-JOIN GPU mem: 79.2GB free / 85.1GB total | delta_size=179035 full_size=659242861
R0 [P2] iter 641: join done, raw=178809 result_size=178798
R0 [P2] iter 641: split done, delta_size=178798
R0 [P2] iter 641: dedup done, delta_size=178798
R0 [P2] iter 641: subtract done, delta_size=178428
R0 [P2] iter 641: merge done, full_size=659421289
R0 [P2] iter 642 done: global_full_size=659421289
R0 [P2] iter 642: PRE-JOIN GPU mem: 79.2GB free / 85.1GB total | delta_size=178428 full_size=659421289
R0 [P2] iter 642: join done, raw=178207 result_size=178196
R0 [P2] iter 642: split done, delta_size=178196
R0 [P2] iter 642: dedup done, delta_size=178196
R0 [P2] iter 642: subtract done, delta_size=177827
R0 [P2] iter 642: merge done, full_size=659599116
R0 [P2] iter 643 done: global_full_size=659599116
R0 [P2] iter 643: PRE-JOIN GPU mem: 79.2GB free / 85.1GB total | delta_size=177827 full_size=659599116
R0 [P2] iter 643: join done, raw=177606 result_size=177595
R0 [P2] iter 643: split done, delta_size=177595
R0 [P2] iter 643: dedup done, delta_size=177595
R0 [P2] iter 643: subtract done, delta_size=177229
R0 [P2] iter 643: merge done, full_size=659776345
R0 [P2] iter 644 done: global_full_size=659776345
R0 [P2] iter 644: PRE-JOIN GPU mem: 79.2GB free / 85.1GB total | delta_size=177229 full_size=659776345
R0 [P2] iter 644: join done, raw=177001 result_size=176990
R0 [P2] iter 644: split done, delta_size=176990
R0 [P2] iter 644: dedup done, delta_size=176990
R0 [P2] iter 644: subtract done, delta_size=176627
R0 [P2] iter 644: merge done, full_size=659952972
R0 [P2] iter 645 done: global_full_size=659952972
R0 [P2] iter 645: PRE-JOIN GPU mem: 79.2GB free / 85.1GB total | delta_size=176627 full_size=659952972
R0 [P2] iter 645: join done, raw=176402 result_size=176391
R0 [P2] iter 645: split done, delta_size=176391
R0 [P2] iter 645: dedup done, delta_size=176391
R0 [P2] iter 645: subtract done, delta_size=176030
R0 [P2] iter 645: merge done, full_size=660129002
R0 [P2] iter 646 done: global_full_size=660129002
R0 [P2] iter 646: PRE-JOIN GPU mem: 79.2GB free / 85.1GB total | delta_size=176030 full_size=660129002
R0 [P2] iter 646: join done, raw=175810 result_size=175799
R0 [P2] iter 646: split done, delta_size=175799
R0 [P2] iter 646: dedup done, delta_size=175799
R0 [P2] iter 646: subtract done, delta_size=175438
R0 [P2] iter 646: merge done, full_size=660304440
R0 [P2] iter 647 done: global_full_size=660304440
R0 [P2] iter 647: PRE-JOIN GPU mem: 79.2GB free / 85.1GB total | delta_size=175438 full_size=660304440
R0 [P2] iter 647: join done, raw=175223 result_size=175212
R0 [P2] iter 647: split done, delta_size=175212
R0 [P2] iter 647: dedup done, delta_size=175212
R0 [P2] iter 647: subtract done, delta_size=174853
R0 [P2] iter 647: merge done, full_size=660479293
R0 [P2] iter 648 done: global_full_size=660479293
R0 [P2] iter 648: PRE-JOIN GPU mem: 79.2GB free / 85.1GB total | delta_size=174853 full_size=660479293
R0 [P2] iter 648: join done, raw=174636 result_size=174625
R0 [P2] iter 648: split done, delta_size=174625
R0 [P2] iter 648: dedup done, delta_size=174625
R0 [P2] iter 648: subtract done, delta_size=174269
R0 [P2] iter 648: merge done, full_size=660653562
R0 [P2] iter 649 done: global_full_size=660653562
R0 [P2] iter 649: PRE-JOIN GPU mem: 79.2GB free / 85.1GB total | delta_size=174269 full_size=660653562
R0 [P2] iter 649: join done, raw=174048 result_size=174037
R0 [P2] iter 649: split done, delta_size=174037
R0 [P2] iter 649: dedup done, delta_size=174037
R0 [P2] iter 649: subtract done, delta_size=173683
R0 [P2] iter 649: merge done, full_size=660827245
R0 [P2] iter 650 done: global_full_size=660827245
R0 [P2] iter 650: PRE-JOIN GPU mem: 79.2GB free / 85.1GB total | delta_size=173683 full_size=660827245
R0 [P2] iter 650: join done, raw=173465 result_size=173455
R0 [P2] iter 650: split done, delta_size=173455
R0 [P2] iter 650: dedup done, delta_size=173455
R0 [P2] iter 650: subtract done, delta_size=173104
R0 [P2] iter 650: merge done, full_size=661000349
R0 [P2] iter 651 done: global_full_size=661000349
R0 [P2] iter 651: PRE-JOIN GPU mem: 79.2GB free / 85.1GB total | delta_size=173104 full_size=661000349
R0 [P2] iter 651: join done, raw=172884 result_size=172874
R0 [P2] iter 651: split done, delta_size=172874
R0 [P2] iter 651: dedup done, delta_size=172874
R0 [P2] iter 651: subtract done, delta_size=172523
R0 [P2] iter 651: merge done, full_size=661172872
R0 [P2] iter 652 done: global_full_size=661172872
R0 [P2] iter 652: PRE-JOIN GPU mem: 79.2GB free / 85.1GB total | delta_size=172523 full_size=661172872
R0 [P2] iter 652: join done, raw=172301 result_size=172292
R0 [P2] iter 652: split done, delta_size=172292
R0 [P2] iter 652: dedup done, delta_size=172292
R0 [P2] iter 652: subtract done, delta_size=171941
R0 [P2] iter 652: merge done, full_size=661344813
R0 [P2] iter 653 done: global_full_size=661344813
R0 [P2] iter 653: PRE-JOIN GPU mem: 79.2GB free / 85.1GB total | delta_size=171941 full_size=661344813
R0 [P2] iter 653: join done, raw=171721 result_size=171712
R0 [P2] iter 653: split done, delta_size=171712
R0 [P2] iter 653: dedup done, delta_size=171712
R0 [P2] iter 653: subtract done, delta_size=171361
R0 [P2] iter 653: merge done, full_size=661516174
R0 [P2] iter 654 done: global_full_size=661516174
R0 [P2] iter 654: PRE-JOIN GPU mem: 79.2GB free / 85.1GB total | delta_size=171361 full_size=661516174
R0 [P2] iter 654: join done, raw=171141 result_size=171132
R0 [P2] iter 654: split done, delta_size=171132
R0 [P2] iter 654: dedup done, delta_size=171132
R0 [P2] iter 654: subtract done, delta_size=170784
R0 [P2] iter 654: merge done, full_size=661686958
R0 [P2] iter 655 done: global_full_size=661686958
R0 [P2] iter 655: PRE-JOIN GPU mem: 79.2GB free / 85.1GB total | delta_size=170784 full_size=661686958
R0 [P2] iter 655: join done, raw=170568 result_size=170559
R0 [P2] iter 655: split done, delta_size=170559
R0 [P2] iter 655: dedup done, delta_size=170559
R0 [P2] iter 655: subtract done, delta_size=170214
R0 [P2] iter 655: merge done, full_size=661857172
R0 [P2] iter 656 done: global_full_size=661857172
R0 [P2] iter 656: PRE-JOIN GPU mem: 79.2GB free / 85.1GB total | delta_size=170214 full_size=661857172
R0 [P2] iter 656: join done, raw=169996 result_size=169987
R0 [P2] iter 656: split done, delta_size=169987
R0 [P2] iter 656: dedup done, delta_size=169987
R0 [P2] iter 656: subtract done, delta_size=169646
R0 [P2] iter 656: merge done, full_size=662026818
R0 [P2] iter 657 done: global_full_size=662026818
R0 [P2] iter 657: PRE-JOIN GPU mem: 79.2GB free / 85.1GB total | delta_size=169646 full_size=662026818
R0 [P2] iter 657: join done, raw=169432 result_size=169423
R0 [P2] iter 657: split done, delta_size=169423
R0 [P2] iter 657: dedup done, delta_size=169423
R0 [P2] iter 657: subtract done, delta_size=169082
R0 [P2] iter 657: merge done, full_size=662195900
R0 [P2] iter 658 done: global_full_size=662195900
R0 [P2] iter 658: PRE-JOIN GPU mem: 79.2GB free / 85.1GB total | delta_size=169082 full_size=662195900
R0 [P2] iter 658: join done, raw=168866 result_size=168857
R0 [P2] iter 658: split done, delta_size=168857
R0 [P2] iter 658: dedup done, delta_size=168857
R0 [P2] iter 658: subtract done, delta_size=168516
R0 [P2] iter 658: merge done, full_size=662364416
R0 [P2] iter 659 done: global_full_size=662364416
R0 [P2] iter 659: PRE-JOIN GPU mem: 79.2GB free / 85.1GB total | delta_size=168516 full_size=662364416
R0 [P2] iter 659: join done, raw=168299 result_size=168290
R0 [P2] iter 659: split done, delta_size=168290
R0 [P2] iter 659: dedup done, delta_size=168290
R0 [P2] iter 659: subtract done, delta_size=167950
R0 [P2] iter 659: merge done, full_size=662532366
R0 [P2] iter 660 done: global_full_size=662532366
R0 [P2] iter 660: PRE-JOIN GPU mem: 79.2GB free / 85.1GB total | delta_size=167950 full_size=662532366
R0 [P2] iter 660: join done, raw=167735 result_size=167726
R0 [P2] iter 660: split done, delta_size=167726
R0 [P2] iter 660: dedup done, delta_size=167726
R0 [P2] iter 660: subtract done, delta_size=167384
R0 [P2] iter 660: merge done, full_size=662699750
R0 [P2] iter 661 done: global_full_size=662699750
R0 [P2] iter 661: PRE-JOIN GPU mem: 79.2GB free / 85.1GB total | delta_size=167384 full_size=662699750
R0 [P2] iter 661: join done, raw=167167 result_size=167158
R0 [P2] iter 661: split done, delta_size=167158
R0 [P2] iter 661: dedup done, delta_size=167158
R0 [P2] iter 661: subtract done, delta_size=166817
R0 [P2] iter 661: merge done, full_size=662866567
R0 [P2] iter 662 done: global_full_size=662866567
R0 [P2] iter 662: PRE-JOIN GPU mem: 79.1GB free / 85.1GB total | delta_size=166817 full_size=662866567
R0 [P2] iter 662: join done, raw=166601 result_size=166592
R0 [P2] iter 662: split done, delta_size=166592
R0 [P2] iter 662: dedup done, delta_size=166592
R0 [P2] iter 662: subtract done, delta_size=166255
R0 [P2] iter 662: merge done, full_size=663032822
R0 [P2] iter 663 done: global_full_size=663032822
R0 [P2] iter 663: PRE-JOIN GPU mem: 79.1GB free / 85.1GB total | delta_size=166255 full_size=663032822
R0 [P2] iter 663: join done, raw=166041 result_size=166032
R0 [P2] iter 663: split done, delta_size=166032
R0 [P2] iter 663: dedup done, delta_size=166032
R0 [P2] iter 663: subtract done, delta_size=165697
R0 [P2] iter 663: merge done, full_size=663198519
R0 [P2] iter 664 done: global_full_size=663198519
R0 [P2] iter 664: PRE-JOIN GPU mem: 79.1GB free / 85.1GB total | delta_size=165697 full_size=663198519
R0 [P2] iter 664: join done, raw=165482 result_size=165473
R0 [P2] iter 664: split done, delta_size=165473
R0 [P2] iter 664: dedup done, delta_size=165473
R0 [P2] iter 664: subtract done, delta_size=165139
R0 [P2] iter 664: merge done, full_size=663363658
R0 [P2] iter 665 done: global_full_size=663363658
R0 [P2] iter 665: PRE-JOIN GPU mem: 79.1GB free / 85.1GB total | delta_size=165139 full_size=663363658
R0 [P2] iter 665: join done, raw=164929 result_size=164920
R0 [P2] iter 665: split done, delta_size=164920
R0 [P2] iter 665: dedup done, delta_size=164920
R0 [P2] iter 665: subtract done, delta_size=164590
R0 [P2] iter 665: merge done, full_size=663528248
R0 [P2] iter 666 done: global_full_size=663528248
R0 [P2] iter 666: PRE-JOIN GPU mem: 79.1GB free / 85.1GB total | delta_size=164590 full_size=663528248
R0 [P2] iter 666: join done, raw=164379 result_size=164370
R0 [P2] iter 666: split done, delta_size=164370
R0 [P2] iter 666: dedup done, delta_size=164370
R0 [P2] iter 666: subtract done, delta_size=164042
R0 [P2] iter 666: merge done, full_size=663692290
R0 [P2] iter 667 done: global_full_size=663692290
R0 [P2] iter 667: PRE-JOIN GPU mem: 79.1GB free / 85.1GB total | delta_size=164042 full_size=663692290
R0 [P2] iter 667: join done, raw=163829 result_size=163820
R0 [P2] iter 667: split done, delta_size=163820
R0 [P2] iter 667: dedup done, delta_size=163820
R0 [P2] iter 667: subtract done, delta_size=163490
R0 [P2] iter 667: merge done, full_size=663855780
R0 [P2] iter 668 done: global_full_size=663855780
R0 [P2] iter 668: PRE-JOIN GPU mem: 79.1GB free / 85.1GB total | delta_size=163490 full_size=663855780
R0 [P2] iter 668: join done, raw=163281 result_size=163272
R0 [P2] iter 668: split done, delta_size=163272
R0 [P2] iter 668: dedup done, delta_size=163272
R0 [P2] iter 668: subtract done, delta_size=162946
R0 [P2] iter 668: merge done, full_size=664018726
R0 [P2] iter 669 done: global_full_size=664018726
R0 [P2] iter 669: PRE-JOIN GPU mem: 79.1GB free / 85.1GB total | delta_size=162946 full_size=664018726
R0 [P2] iter 669: join done, raw=162740 result_size=162731
R0 [P2] iter 669: split done, delta_size=162731
R0 [P2] iter 669: dedup done, delta_size=162731
R0 [P2] iter 669: subtract done, delta_size=162407
R0 [P2] iter 669: merge done, full_size=664181133
R0 [P2] iter 670 done: global_full_size=664181133
R0 [P2] iter 670: PRE-JOIN GPU mem: 79.1GB free / 85.1GB total | delta_size=162407 full_size=664181133
R0 [P2] iter 670: join done, raw=162204 result_size=162195
R0 [P2] iter 670: split done, delta_size=162195
R0 [P2] iter 670: dedup done, delta_size=162195
R0 [P2] iter 670: subtract done, delta_size=161872
R0 [P2] iter 670: merge done, full_size=664343005
R0 [P2] iter 671 done: global_full_size=664343005
R0 [P2] iter 671: PRE-JOIN GPU mem: 79.1GB free / 85.1GB total | delta_size=161872 full_size=664343005
R0 [P2] iter 671: join done, raw=161676 result_size=161667
R0 [P2] iter 671: split done, delta_size=161667
R0 [P2] iter 671: dedup done, delta_size=161667
R0 [P2] iter 671: subtract done, delta_size=161344
R0 [P2] iter 671: merge done, full_size=664504349
R0 [P2] iter 672 done: global_full_size=664504349
R0 [P2] iter 672: PRE-JOIN GPU mem: 79.1GB free / 85.1GB total | delta_size=161344 full_size=664504349
R0 [P2] iter 672: join done, raw=161146 result_size=161137
R0 [P2] iter 672: split done, delta_size=161137
R0 [P2] iter 672: dedup done, delta_size=161137
R0 [P2] iter 672: subtract done, delta_size=160814
R0 [P2] iter 672: merge done, full_size=664665163
R0 [P2] iter 673 done: global_full_size=664665163
R0 [P2] iter 673: PRE-JOIN GPU mem: 79.1GB free / 85.1GB total | delta_size=160814 full_size=664665163
R0 [P2] iter 673: join done, raw=160616 result_size=160607
R0 [P2] iter 673: split done, delta_size=160607
R0 [P2] iter 673: dedup done, delta_size=160607
R0 [P2] iter 673: subtract done, delta_size=160284
R0 [P2] iter 673: merge done, full_size=664825447
R0 [P2] iter 674 done: global_full_size=664825447
R0 [P2] iter 674: PRE-JOIN GPU mem: 79.1GB free / 85.1GB total | delta_size=160284 full_size=664825447
R0 [P2] iter 674: join done, raw=160081 result_size=160072
R0 [P2] iter 674: split done, delta_size=160072
R0 [P2] iter 674: dedup done, delta_size=160072
R0 [P2] iter 674: subtract done, delta_size=159752
R0 [P2] iter 674: merge done, full_size=664985199
R0 [P2] iter 675 done: global_full_size=664985199
R0 [P2] iter 675: PRE-JOIN GPU mem: 79.1GB free / 85.1GB total | delta_size=159752 full_size=664985199
R0 [P2] iter 675: join done, raw=159554 result_size=159545
R0 [P2] iter 675: split done, delta_size=159545
R0 [P2] iter 675: dedup done, delta_size=159545
R0 [P2] iter 675: subtract done, delta_size=159226
R0 [P2] iter 675: merge done, full_size=665144425
R0 [P2] iter 676 done: global_full_size=665144425
R0 [P2] iter 676: PRE-JOIN GPU mem: 79.1GB free / 85.1GB total | delta_size=159226 full_size=665144425
R0 [P2] iter 676: join done, raw=159024 result_size=159015
R0 [P2] iter 676: split done, delta_size=159015
R0 [P2] iter 676: dedup done, delta_size=159015
R0 [P2] iter 676: subtract done, delta_size=158698
R0 [P2] iter 676: merge done, full_size=665303123
R0 [P2] iter 677 done: global_full_size=665303123
R0 [P2] iter 677: PRE-JOIN GPU mem: 79.1GB free / 85.1GB total | delta_size=158698 full_size=665303123
R0 [P2] iter 677: join done, raw=158494 result_size=158485
R0 [P2] iter 677: split done, delta_size=158485
R0 [P2] iter 677: dedup done, delta_size=158485
R0 [P2] iter 677: subtract done, delta_size=158169
R0 [P2] iter 677: merge done, full_size=665461292
R0 [P2] iter 678 done: global_full_size=665461292
R0 [P2] iter 678: PRE-JOIN GPU mem: 79.1GB free / 85.1GB total | delta_size=158169 full_size=665461292
R0 [P2] iter 678: join done, raw=157971 result_size=157963
R0 [P2] iter 678: split done, delta_size=157963
R0 [P2] iter 678: dedup done, delta_size=157963
R0 [P2] iter 678: subtract done, delta_size=157647
R0 [P2] iter 678: merge done, full_size=665618939
R0 [P2] iter 679 done: global_full_size=665618939
R0 [P2] iter 679: PRE-JOIN GPU mem: 79.1GB free / 85.1GB total | delta_size=157647 full_size=665618939
R0 [P2] iter 679: join done, raw=157445 result_size=157437
R0 [P2] iter 679: split done, delta_size=157437
R0 [P2] iter 679: dedup done, delta_size=157437
R0 [P2] iter 679: subtract done, delta_size=157122
R0 [P2] iter 679: merge done, full_size=665776061
R0 [P2] iter 680 done: global_full_size=665776061
R0 [P2] iter 680: PRE-JOIN GPU mem: 79.1GB free / 85.1GB total | delta_size=157122 full_size=665776061
R0 [P2] iter 680: join done, raw=156921 result_size=156913
R0 [P2] iter 680: split done, delta_size=156913
R0 [P2] iter 680: dedup done, delta_size=156913
R0 [P2] iter 680: subtract done, delta_size=156598
R0 [P2] iter 680: merge done, full_size=665932659
R0 [P2] iter 681 done: global_full_size=665932659
R0 [P2] iter 681: PRE-JOIN GPU mem: 79.1GB free / 85.1GB total | delta_size=156598 full_size=665932659
R0 [P2] iter 681: join done, raw=156403 result_size=156395
R0 [P2] iter 681: split done, delta_size=156395
R0 [P2] iter 681: dedup done, delta_size=156395
R0 [P2] iter 681: subtract done, delta_size=156080
R0 [P2] iter 681: merge done, full_size=666088739
R0 [P2] iter 682 done: global_full_size=666088739
R0 [P2] iter 682: PRE-JOIN GPU mem: 79.1GB free / 85.1GB total | delta_size=156080 full_size=666088739
R0 [P2] iter 682: join done, raw=155882 result_size=155874
R0 [P2] iter 682: split done, delta_size=155874
R0 [P2] iter 682: dedup done, delta_size=155874
R0 [P2] iter 682: subtract done, delta_size=155559
R0 [P2] iter 682: merge done, full_size=666244298
R0 [P2] iter 683 done: global_full_size=666244298
R0 [P2] iter 683: PRE-JOIN GPU mem: 79.1GB free / 85.1GB total | delta_size=155559 full_size=666244298
R0 [P2] iter 683: join done, raw=155363 result_size=155355
R0 [P2] iter 683: split done, delta_size=155355
R0 [P2] iter 683: dedup done, delta_size=155355
R0 [P2] iter 683: subtract done, delta_size=155040
R0 [P2] iter 683: merge done, full_size=666399338
R0 [P2] iter 684 done: global_full_size=666399338
R0 [P2] iter 684: PRE-JOIN GPU mem: 79.1GB free / 85.1GB total | delta_size=155040 full_size=666399338
R0 [P2] iter 684: join done, raw=154842 result_size=154834
R0 [P2] iter 684: split done, delta_size=154834
R0 [P2] iter 684: dedup done, delta_size=154834
R0 [P2] iter 684: subtract done, delta_size=154522
R0 [P2] iter 684: merge done, full_size=666553860
R0 [P2] iter 685 done: global_full_size=666553860
R0 [P2] iter 685: PRE-JOIN GPU mem: 79.1GB free / 85.1GB total | delta_size=154522 full_size=666553860
R0 [P2] iter 685: join done, raw=154329 result_size=154321
R0 [P2] iter 685: split done, delta_size=154321
R0 [P2] iter 685: dedup done, delta_size=154321
R0 [P2] iter 685: subtract done, delta_size=154010
R0 [P2] iter 685: merge done, full_size=666707870
R0 [P2] iter 686 done: global_full_size=666707870
R0 [P2] iter 686: PRE-JOIN GPU mem: 79.1GB free / 85.1GB total | delta_size=154010 full_size=666707870
R0 [P2] iter 686: join done, raw=153821 result_size=153813
R0 [P2] iter 686: split done, delta_size=153813
R0 [P2] iter 686: dedup done, delta_size=153813
R0 [P2] iter 686: subtract done, delta_size=153503
R0 [P2] iter 686: merge done, full_size=666861373
R0 [P2] iter 687 done: global_full_size=666861373
R0 [P2] iter 687: PRE-JOIN GPU mem: 79.1GB free / 85.1GB total | delta_size=153503 full_size=666861373
R0 [P2] iter 687: join done, raw=153316 result_size=153308
R0 [P2] iter 687: split done, delta_size=153308
R0 [P2] iter 687: dedup done, delta_size=153308
R0 [P2] iter 687: subtract done, delta_size=152999
R0 [P2] iter 687: merge done, full_size=667014372
R0 [P2] iter 688 done: global_full_size=667014372
R0 [P2] iter 688: PRE-JOIN GPU mem: 79.1GB free / 85.1GB total | delta_size=152999 full_size=667014372
R0 [P2] iter 688: join done, raw=152811 result_size=152803
R0 [P2] iter 688: split done, delta_size=152803
R0 [P2] iter 688: dedup done, delta_size=152803
R0 [P2] iter 688: subtract done, delta_size=152498
R0 [P2] iter 688: merge done, full_size=667166870
R0 [P2] iter 689 done: global_full_size=667166870
R0 [P2] iter 689: PRE-JOIN GPU mem: 79.1GB free / 85.1GB total | delta_size=152498 full_size=667166870
R0 [P2] iter 689: join done, raw=152311 result_size=152303
R0 [P2] iter 689: split done, delta_size=152303
R0 [P2] iter 689: dedup done, delta_size=152303
R0 [P2] iter 689: subtract done, delta_size=151999
R0 [P2] iter 689: merge done, full_size=667318869
R0 [P2] iter 690 done: global_full_size=667318869
R0 [P2] iter 690: PRE-JOIN GPU mem: 79.1GB free / 85.1GB total | delta_size=151999 full_size=667318869
R0 [P2] iter 690: join done, raw=151814 result_size=151806
R0 [P2] iter 690: split done, delta_size=151806
R0 [P2] iter 690: dedup done, delta_size=151806
R0 [P2] iter 690: subtract done, delta_size=151502
R0 [P2] iter 690: merge done, full_size=667470371
R0 [P2] iter 691 done: global_full_size=667470371
R0 [P2] iter 691: PRE-JOIN GPU mem: 79.1GB free / 85.1GB total | delta_size=151502 full_size=667470371
R0 [P2] iter 691: join done, raw=151314 result_size=151306
R0 [P2] iter 691: split done, delta_size=151306
R0 [P2] iter 691: dedup done, delta_size=151306
R0 [P2] iter 691: subtract done, delta_size=151002
R0 [P2] iter 691: merge done, full_size=667621373
R0 [P2] iter 692 done: global_full_size=667621373
R0 [P2] iter 692: PRE-JOIN GPU mem: 79.1GB free / 85.1GB total | delta_size=151002 full_size=667621373
R0 [P2] iter 692: join done, raw=150810 result_size=150802
R0 [P2] iter 692: split done, delta_size=150802
R0 [P2] iter 692: dedup done, delta_size=150802
R0 [P2] iter 692: subtract done, delta_size=150500
R0 [P2] iter 692: merge done, full_size=667771873
R0 [P2] iter 693 done: global_full_size=667771873
R0 [P2] iter 693: PRE-JOIN GPU mem: 79.1GB free / 85.1GB total | delta_size=150500 full_size=667771873
R0 [P2] iter 693: join done, raw=150309 result_size=150301
R0 [P2] iter 693: split done, delta_size=150301
R0 [P2] iter 693: dedup done, delta_size=150301
R0 [P2] iter 693: subtract done, delta_size=149999
R0 [P2] iter 693: merge done, full_size=667921872
R0 [P2] iter 694 done: global_full_size=667921872
R0 [P2] iter 694: PRE-JOIN GPU mem: 79.1GB free / 85.1GB total | delta_size=149999 full_size=667921872
R0 [P2] iter 694: join done, raw=149811 result_size=149803
R0 [P2] iter 694: split done, delta_size=149803
R0 [P2] iter 694: dedup done, delta_size=149803
R0 [P2] iter 694: subtract done, delta_size=149501
R0 [P2] iter 694: merge done, full_size=668071373
R0 [P2] iter 695 done: global_full_size=668071373
R0 [P2] iter 695: PRE-JOIN GPU mem: 79.1GB free / 85.1GB total | delta_size=149501 full_size=668071373
R0 [P2] iter 695: join done, raw=149310 result_size=149302
R0 [P2] iter 695: split done, delta_size=149302
R0 [P2] iter 695: dedup done, delta_size=149302
R0 [P2] iter 695: subtract done, delta_size=149001
R0 [P2] iter 695: merge done, full_size=668220374
R0 [P2] iter 696 done: global_full_size=668220374
R0 [P2] iter 696: PRE-JOIN GPU mem: 79.1GB free / 85.1GB total | delta_size=149001 full_size=668220374
R0 [P2] iter 696: join done, raw=148808 result_size=148800
R0 [P2] iter 696: split done, delta_size=148800
R0 [P2] iter 696: dedup done, delta_size=148800
R0 [P2] iter 696: subtract done, delta_size=148501
R0 [P2] iter 696: merge done, full_size=668368875
R0 [P2] iter 697 done: global_full_size=668368875
R0 [P2] iter 697: PRE-JOIN GPU mem: 79.1GB free / 85.1GB total | delta_size=148501 full_size=668368875
R0 [P2] iter 697: join done, raw=148305 result_size=148297
R0 [P2] iter 697: split done, delta_size=148297
R0 [P2] iter 697: dedup done, delta_size=148297
R0 [P2] iter 697: subtract done, delta_size=147998
R0 [P2] iter 697: merge done, full_size=668516873
R0 [P2] iter 698 done: global_full_size=668516873
R0 [P2] iter 698: PRE-JOIN GPU mem: 79.1GB free / 85.1GB total | delta_size=147998 full_size=668516873
R0 [P2] iter 698: join done, raw=147801 result_size=147793
R0 [P2] iter 698: split done, delta_size=147793
R0 [P2] iter 698: dedup done, delta_size=147793
R0 [P2] iter 698: subtract done, delta_size=147494
R0 [P2] iter 698: merge done, full_size=668664367
R0 [P2] iter 699 done: global_full_size=668664367
R0 [P2] iter 699: PRE-JOIN GPU mem: 79.1GB free / 85.1GB total | delta_size=147494 full_size=668664367
R0 [P2] iter 699: join done, raw=147291 result_size=147283
R0 [P2] iter 699: split done, delta_size=147283
R0 [P2] iter 699: dedup done, delta_size=147283
R0 [P2] iter 699: subtract done, delta_size=146986
R0 [P2] iter 699: merge done, full_size=668811353
R0 [P2] iter 700 done: global_full_size=668811353
R0 [P2] iter 700: PRE-JOIN GPU mem: 79.1GB free / 85.1GB total | delta_size=146986 full_size=668811353
R0 [P2] iter 700: join done, raw=146782 result_size=146774
R0 [P2] iter 700: split done, delta_size=146774
R0 [P2] iter 700: dedup done, delta_size=146774
R0 [P2] iter 700: subtract done, delta_size=146477
R0 [P2] iter 700: merge done, full_size=668957830
R0 [P2] iter 701 done: global_full_size=668957830
R0 [P2] iter 701: PRE-JOIN GPU mem: 79.1GB free / 85.1GB total | delta_size=146477 full_size=668957830
R0 [P2] iter 701: join done, raw=146274 result_size=146266
R0 [P2] iter 701: split done, delta_size=146266
R0 [P2] iter 701: dedup done, delta_size=146266
R0 [P2] iter 701: subtract done, delta_size=145970
R0 [P2] iter 701: merge done, full_size=669103800
R0 [P2] iter 702 done: global_full_size=669103800
R0 [P2] iter 702: PRE-JOIN GPU mem: 79.1GB free / 85.1GB total | delta_size=145970 full_size=669103800
R0 [P2] iter 702: join done, raw=145770 result_size=145762
R0 [P2] iter 702: split done, delta_size=145762
R0 [P2] iter 702: dedup done, delta_size=145762
R0 [P2] iter 702: subtract done, delta_size=145467
R0 [P2] iter 702: merge done, full_size=669249267
R0 [P2] iter 703 done: global_full_size=669249267
R0 [P2] iter 703: PRE-JOIN GPU mem: 79.1GB free / 85.1GB total | delta_size=145467 full_size=669249267
R0 [P2] iter 703: join done, raw=145268 result_size=145260
R0 [P2] iter 703: split done, delta_size=145260
R0 [P2] iter 703: dedup done, delta_size=145260
R0 [P2] iter 703: subtract done, delta_size=144968
R0 [P2] iter 703: merge done, full_size=669394235
R0 [P2] iter 704 done: global_full_size=669394235
R0 [P2] iter 704: PRE-JOIN GPU mem: 79.1GB free / 85.1GB total | delta_size=144968 full_size=669394235
R0 [P2] iter 704: join done, raw=144775 result_size=144767
R0 [P2] iter 704: split done, delta_size=144767
R0 [P2] iter 704: dedup done, delta_size=144767
R0 [P2] iter 704: subtract done, delta_size=144478
R0 [P2] iter 704: merge done, full_size=669538713
R0 [P2] iter 705 done: global_full_size=669538713
R0 [P2] iter 705: PRE-JOIN GPU mem: 79.1GB free / 85.1GB total | delta_size=144478 full_size=669538713
R0 [P2] iter 705: join done, raw=144286 result_size=144278
R0 [P2] iter 705: split done, delta_size=144278
R0 [P2] iter 705: dedup done, delta_size=144278
R0 [P2] iter 705: subtract done, delta_size=143991
R0 [P2] iter 705: merge done, full_size=669682704
R0 [P2] iter 706 done: global_full_size=669682704
R0 [P2] iter 706: PRE-JOIN GPU mem: 79.1GB free / 85.1GB total | delta_size=143991 full_size=669682704
R0 [P2] iter 706: join done, raw=143801 result_size=143793
R0 [P2] iter 706: split done, delta_size=143793
R0 [P2] iter 706: dedup done, delta_size=143793
R0 [P2] iter 706: subtract done, delta_size=143507
R0 [P2] iter 706: merge done, full_size=669826211
R0 [P2] iter 707 done: global_full_size=669826211
R0 [P2] iter 707: PRE-JOIN GPU mem: 79.1GB free / 85.1GB total | delta_size=143507 full_size=669826211
R0 [P2] iter 707: join done, raw=143317 result_size=143309
R0 [P2] iter 707: split done, delta_size=143309
R0 [P2] iter 707: dedup done, delta_size=143309
R0 [P2] iter 707: subtract done, delta_size=143023
R0 [P2] iter 707: merge done, full_size=669969234
R0 [P2] iter 708 done: global_full_size=669969234
R0 [P2] iter 708: PRE-JOIN GPU mem: 79.1GB free / 85.1GB total | delta_size=143023 full_size=669969234
R0 [P2] iter 708: join done, raw=142836 result_size=142828
R0 [P2] iter 708: split done, delta_size=142828
R0 [P2] iter 708: dedup done, delta_size=142828
R0 [P2] iter 708: subtract done, delta_size=142542
R0 [P2] iter 708: merge done, full_size=670111776
R0 [P2] iter 709 done: global_full_size=670111776
R0 [P2] iter 709: PRE-JOIN GPU mem: 79.1GB free / 85.1GB total | delta_size=142542 full_size=670111776
R0 [P2] iter 709: join done, raw=142355 result_size=142347
R0 [P2] iter 709: split done, delta_size=142347
R0 [P2] iter 709: dedup done, delta_size=142347
R0 [P2] iter 709: subtract done, delta_size=142061
R0 [P2] iter 709: merge done, full_size=670253837
R0 [P2] iter 710 done: global_full_size=670253837
R0 [P2] iter 710: PRE-JOIN GPU mem: 79.1GB free / 85.1GB total | delta_size=142061 full_size=670253837
R0 [P2] iter 710: join done, raw=141869 result_size=141861
R0 [P2] iter 710: split done, delta_size=141861
R0 [P2] iter 710: dedup done, delta_size=141861
R0 [P2] iter 710: subtract done, delta_size=141575
R0 [P2] iter 710: merge done, full_size=670395412
R0 [P2] iter 711 done: global_full_size=670395412
R0 [P2] iter 711: PRE-JOIN GPU mem: 79.1GB free / 85.1GB total | delta_size=141575 full_size=670395412
R0 [P2] iter 711: join done, raw=141392 result_size=141384
R0 [P2] iter 711: split done, delta_size=141384
R0 [P2] iter 711: dedup done, delta_size=141384
R0 [P2] iter 711: subtract done, delta_size=141098
R0 [P2] iter 711: merge done, full_size=670536510
R0 [P2] iter 712 done: global_full_size=670536510
R0 [P2] iter 712: PRE-JOIN GPU mem: 79.1GB free / 85.1GB total | delta_size=141098 full_size=670536510
R0 [P2] iter 712: join done, raw=140919 result_size=140911
R0 [P2] iter 712: split done, delta_size=140911
R0 [P2] iter 712: dedup done, delta_size=140911
R0 [P2] iter 712: subtract done, delta_size=140626
R0 [P2] iter 712: merge done, full_size=670677136
R0 [P2] iter 713 done: global_full_size=670677136
R0 [P2] iter 713: PRE-JOIN GPU mem: 79.1GB free / 85.1GB total | delta_size=140626 full_size=670677136
R0 [P2] iter 713: join done, raw=140445 result_size=140438
R0 [P2] iter 713: split done, delta_size=140438
R0 [P2] iter 713: dedup done, delta_size=140438
R0 [P2] iter 713: subtract done, delta_size=140155
R0 [P2] iter 713: merge done, full_size=670817291
R0 [P2] iter 714 done: global_full_size=670817291
R0 [P2] iter 714: PRE-JOIN GPU mem: 79.1GB free / 85.1GB total | delta_size=140155 full_size=670817291
R0 [P2] iter 714: join done, raw=139971 result_size=139964
R0 [P2] iter 714: split done, delta_size=139964
R0 [P2] iter 714: dedup done, delta_size=139964
R0 [P2] iter 714: subtract done, delta_size=139684
R0 [P2] iter 714: merge done, full_size=670956975
R0 [P2] iter 715 done: global_full_size=670956975
R0 [P2] iter 715: PRE-JOIN GPU mem: 79.1GB free / 85.1GB total | delta_size=139684 full_size=670956975
R0 [P2] iter 715: join done, raw=139499 result_size=139492
R0 [P2] iter 715: split done, delta_size=139492
R0 [P2] iter 715: dedup done, delta_size=139492
R0 [P2] iter 715: subtract done, delta_size=139212
R0 [P2] iter 715: merge done, full_size=671096187
R0 [P2] iter 716 done: global_full_size=671096187
R0 [P2] iter 716: PRE-JOIN GPU mem: 79.1GB free / 85.1GB total | delta_size=139212 full_size=671096187
R0 [P2] iter 716: join done, raw=139028 result_size=139021
R0 [P2] iter 716: split done, delta_size=139021
R0 [P2] iter 716: dedup done, delta_size=139021
R0 [P2] iter 716: subtract done, delta_size=138742
R0 [P2] iter 716: merge done, full_size=671234929
R0 [P2] iter 717 done: global_full_size=671234929
R0 [P2] iter 717: PRE-JOIN GPU mem: 79.1GB free / 85.1GB total | delta_size=138742 full_size=671234929
R0 [P2] iter 717: join done, raw=138556 result_size=138549
R0 [P2] iter 717: split done, delta_size=138549
R0 [P2] iter 717: dedup done, delta_size=138549
R0 [P2] iter 717: subtract done, delta_size=138271
R0 [P2] iter 717: merge done, full_size=671373200
R0 [P2] iter 718 done: global_full_size=671373200
R0 [P2] iter 718: PRE-JOIN GPU mem: 79.1GB free / 85.1GB total | delta_size=138271 full_size=671373200
R0 [P2] iter 718: join done, raw=138092 result_size=138085
R0 [P2] iter 718: split done, delta_size=138085
R0 [P2] iter 718: dedup done, delta_size=138085
R0 [P2] iter 718: subtract done, delta_size=137806
R0 [P2] iter 718: merge done, full_size=671511006
R0 [P2] iter 719 done: global_full_size=671511006
R0 [P2] iter 719: PRE-JOIN GPU mem: 79.1GB free / 85.1GB total | delta_size=137806 full_size=671511006
R0 [P2] iter 719: join done, raw=137627 result_size=137620
R0 [P2] iter 719: split done, delta_size=137620
R0 [P2] iter 719: dedup done, delta_size=137620
R0 [P2] iter 719: subtract done, delta_size=137342
R0 [P2] iter 719: merge done, full_size=671648348
R0 [P2] iter 720 done: global_full_size=671648348
R0 [P2] iter 720: PRE-JOIN GPU mem: 79.1GB free / 85.1GB total | delta_size=137342 full_size=671648348
R0 [P2] iter 720: join done, raw=137167 result_size=137160
R0 [P2] iter 720: split done, delta_size=137160
R0 [P2] iter 720: dedup done, delta_size=137160
R0 [P2] iter 720: subtract done, delta_size=136885
R0 [P2] iter 720: merge done, full_size=671785233
R0 [P2] iter 721 done: global_full_size=671785233
R0 [P2] iter 721: PRE-JOIN GPU mem: 79.1GB free / 85.1GB total | delta_size=136885 full_size=671785233
R0 [P2] iter 721: join done, raw=136709 result_size=136702
R0 [P2] iter 721: split done, delta_size=136702
R0 [P2] iter 721: dedup done, delta_size=136702
R0 [P2] iter 721: subtract done, delta_size=136427
R0 [P2] iter 721: merge done, full_size=671921660
R0 [P2] iter 722 done: global_full_size=671921660
R0 [P2] iter 722: PRE-JOIN GPU mem: 79.1GB free / 85.1GB total | delta_size=136427 full_size=671921660
R0 [P2] iter 722: join done, raw=136257 result_size=136250
R0 [P2] iter 722: split done, delta_size=136250
R0 [P2] iter 722: dedup done, delta_size=136250
R0 [P2] iter 722: subtract done, delta_size=135977
R0 [P2] iter 722: merge done, full_size=672057637
R0 [P2] iter 723 done: global_full_size=672057637
R0 [P2] iter 723: PRE-JOIN GPU mem: 79.1GB free / 85.1GB total | delta_size=135977 full_size=672057637
R0 [P2] iter 723: join done, raw=135808 result_size=135801
R0 [P2] iter 723: split done, delta_size=135801
R0 [P2] iter 723: dedup done, delta_size=135801
R0 [P2] iter 723: subtract done, delta_size=135528
R0 [P2] iter 723: merge done, full_size=672193165
R0 [P2] iter 724 done: global_full_size=672193165
R0 [P2] iter 724: PRE-JOIN GPU mem: 79.1GB free / 85.1GB total | delta_size=135528 full_size=672193165
R0 [P2] iter 724: join done, raw=135369 result_size=135362
R0 [P2] iter 724: split done, delta_size=135362
R0 [P2] iter 724: dedup done, delta_size=135362
R0 [P2] iter 724: subtract done, delta_size=135089
R0 [P2] iter 724: merge done, full_size=672328254
R0 [P2] iter 725 done: global_full_size=672328254
R0 [P2] iter 725: PRE-JOIN GPU mem: 79.1GB free / 85.1GB total | delta_size=135089 full_size=672328254
R0 [P2] iter 725: join done, raw=134931 result_size=134924
R0 [P2] iter 725: split done, delta_size=134924
R0 [P2] iter 725: dedup done, delta_size=134924
R0 [P2] iter 725: subtract done, delta_size=134651
R0 [P2] iter 725: merge done, full_size=672462905
R0 [P2] iter 726 done: global_full_size=672462905
R0 [P2] iter 726: PRE-JOIN GPU mem: 79.1GB free / 85.1GB total | delta_size=134651 full_size=672462905
R0 [P2] iter 726: join done, raw=134494 result_size=134487
R0 [P2] iter 726: split done, delta_size=134487
R0 [P2] iter 726: dedup done, delta_size=134487
R0 [P2] iter 726: subtract done, delta_size=134215
R0 [P2] iter 726: merge done, full_size=672597120
R0 [P2] iter 727 done: global_full_size=672597120
R0 [P2] iter 727: PRE-JOIN GPU mem: 79.1GB free / 85.1GB total | delta_size=134215 full_size=672597120
R0 [P2] iter 727: join done, raw=134065 result_size=134058
R0 [P2] iter 727: split done, delta_size=134058
R0 [P2] iter 727: dedup done, delta_size=134058
R0 [P2] iter 727: subtract done, delta_size=133786
R0 [P2] iter 727: merge done, full_size=672730906
R0 [P2] iter 728 done: global_full_size=672730906
R0 [P2] iter 728: PRE-JOIN GPU mem: 79.1GB free / 85.1GB total | delta_size=133786 full_size=672730906
R0 [P2] iter 728: join done, raw=133636 result_size=133629
R0 [P2] iter 728: split done, delta_size=133629
R0 [P2] iter 728: dedup done, delta_size=133629
R0 [P2] iter 728: subtract done, delta_size=133359
R0 [P2] iter 728: merge done, full_size=672864265
R0 [P2] iter 729 done: global_full_size=672864265
R0 [P2] iter 729: PRE-JOIN GPU mem: 79.1GB free / 85.1GB total | delta_size=133359 full_size=672864265
R0 [P2] iter 729: join done, raw=133206 result_size=133199
R0 [P2] iter 729: split done, delta_size=133199
R0 [P2] iter 729: dedup done, delta_size=133199
R0 [P2] iter 729: subtract done, delta_size=132930
R0 [P2] iter 729: merge done, full_size=672997195
R0 [P2] iter 730 done: global_full_size=672997195
R0 [P2] iter 730: PRE-JOIN GPU mem: 79.1GB free / 85.1GB total | delta_size=132930 full_size=672997195
R0 [P2] iter 730: join done, raw=132778 result_size=132771
R0 [P2] iter 730: split done, delta_size=132771
R0 [P2] iter 730: dedup done, delta_size=132771
R0 [P2] iter 730: subtract done, delta_size=132503
R0 [P2] iter 730: merge done, full_size=673129698
R0 [P2] iter 731 done: global_full_size=673129698
R0 [P2] iter 731: PRE-JOIN GPU mem: 79.1GB free / 85.1GB total | delta_size=132503 full_size=673129698
R0 [P2] iter 731: join done, raw=132354 result_size=132347
R0 [P2] iter 731: split done, delta_size=132347
R0 [P2] iter 731: dedup done, delta_size=132347
R0 [P2] iter 731: subtract done, delta_size=132079
R0 [P2] iter 731: merge done, full_size=673261777
R0 [P2] iter 732 done: global_full_size=673261777
R0 [P2] iter 732: PRE-JOIN GPU mem: 79.1GB free / 85.1GB total | delta_size=132079 full_size=673261777
R0 [P2] iter 732: join done, raw=131929 result_size=131922
R0 [P2] iter 732: split done, delta_size=131922
R0 [P2] iter 732: dedup done, delta_size=131922
R0 [P2] iter 732: subtract done, delta_size=131656
R0 [P2] iter 732: merge done, full_size=673393433
R0 [P2] iter 733 done: global_full_size=673393433
R0 [P2] iter 733: PRE-JOIN GPU mem: 79.1GB free / 85.1GB total | delta_size=131656 full_size=673393433
R0 [P2] iter 733: join done, raw=131511 result_size=131504
R0 [P2] iter 733: split done, delta_size=131504
R0 [P2] iter 733: dedup done, delta_size=131504
R0 [P2] iter 733: subtract done, delta_size=131239
R0 [P2] iter 733: merge done, full_size=673524672
R0 [P2] iter 734 done: global_full_size=673524672
R0 [P2] iter 734: PRE-JOIN GPU mem: 79.1GB free / 85.1GB total | delta_size=131239 full_size=673524672
R0 [P2] iter 734: join done, raw=131094 result_size=131087
R0 [P2] iter 734: split done, delta_size=131087
R0 [P2] iter 734: dedup done, delta_size=131087
R0 [P2] iter 734: subtract done, delta_size=130822
R0 [P2] iter 734: merge done, full_size=673655494
R0 [P2] iter 735 done: global_full_size=673655494
R0 [P2] iter 735: PRE-JOIN GPU mem: 79.1GB free / 85.1GB total | delta_size=130822 full_size=673655494
R0 [P2] iter 735: join done, raw=130672 result_size=130665
R0 [P2] iter 735: split done, delta_size=130665
R0 [P2] iter 735: dedup done, delta_size=130665
R0 [P2] iter 735: subtract done, delta_size=130400
R0 [P2] iter 735: merge done, full_size=673785894
R0 [P2] iter 736 done: global_full_size=673785894
R0 [P2] iter 736: PRE-JOIN GPU mem: 79.1GB free / 85.1GB total | delta_size=130400 full_size=673785894
R0 [P2] iter 736: join done, raw=130254 result_size=130247
R0 [P2] iter 736: split done, delta_size=130247
R0 [P2] iter 736: dedup done, delta_size=130247
R0 [P2] iter 736: subtract done, delta_size=129982
R0 [P2] iter 736: merge done, full_size=673915876
R0 [P2] iter 737 done: global_full_size=673915876
R0 [P2] iter 737: PRE-JOIN GPU mem: 79.1GB free / 85.1GB total | delta_size=129982 full_size=673915876
R0 [P2] iter 737: join done, raw=129839 result_size=129832
R0 [P2] iter 737: split done, delta_size=129832
R0 [P2] iter 737: dedup done, delta_size=129832
R0 [P2] iter 737: subtract done, delta_size=129567
R0 [P2] iter 737: merge done, full_size=674045443
R0 [P2] iter 738 done: global_full_size=674045443
R0 [P2] iter 738: PRE-JOIN GPU mem: 79.1GB free / 85.1GB total | delta_size=129567 full_size=674045443
R0 [P2] iter 738: join done, raw=129418 result_size=129411
R0 [P2] iter 738: split done, delta_size=129411
R0 [P2] iter 738: dedup done, delta_size=129411
R0 [P2] iter 738: subtract done, delta_size=129146
R0 [P2] iter 738: merge done, full_size=674174589
R0 [P2] iter 739 done: global_full_size=674174589
R0 [P2] iter 739: PRE-JOIN GPU mem: 79.1GB free / 85.1GB total | delta_size=129146 full_size=674174589
R0 [P2] iter 739: join done, raw=128995 result_size=128988
R0 [P2] iter 739: split done, delta_size=128988
R0 [P2] iter 739: dedup done, delta_size=128988
R0 [P2] iter 739: subtract done, delta_size=128724
R0 [P2] iter 739: merge done, full_size=674303313
R0 [P2] iter 740 done: global_full_size=674303313
R0 [P2] iter 740: PRE-JOIN GPU mem: 79.1GB free / 85.1GB total | delta_size=128724 full_size=674303313
R0 [P2] iter 740: join done, raw=128575 result_size=128568
R0 [P2] iter 740: split done, delta_size=128568
R0 [P2] iter 740: dedup done, delta_size=128568
R0 [P2] iter 740: subtract done, delta_size=128304
R0 [P2] iter 740: merge done, full_size=674431617
R0 [P2] iter 741 done: global_full_size=674431617
R0 [P2] iter 741: PRE-JOIN GPU mem: 79.1GB free / 85.1GB total | delta_size=128304 full_size=674431617
R0 [P2] iter 741: join done, raw=128154 result_size=128147
R0 [P2] iter 741: split done, delta_size=128147
R0 [P2] iter 741: dedup done, delta_size=128147
R0 [P2] iter 741: subtract done, delta_size=127885
R0 [P2] iter 741: merge done, full_size=674559502
R0 [P2] iter 742 done: global_full_size=674559502
R0 [P2] iter 742: PRE-JOIN GPU mem: 79.1GB free / 85.1GB total | delta_size=127885 full_size=674559502
R0 [P2] iter 742: join done, raw=127739 result_size=127732
R0 [P2] iter 742: split done, delta_size=127732
R0 [P2] iter 742: dedup done, delta_size=127732
R0 [P2] iter 742: subtract done, delta_size=127471
R0 [P2] iter 742: merge done, full_size=674686973
R0 [P2] iter 743 done: global_full_size=674686973
R0 [P2] iter 743: PRE-JOIN GPU mem: 79.1GB free / 85.1GB total | delta_size=127471 full_size=674686973
R0 [P2] iter 743: join done, raw=127328 result_size=127321
R0 [P2] iter 743: split done, delta_size=127321
R0 [P2] iter 743: dedup done, delta_size=127321
R0 [P2] iter 743: subtract done, delta_size=127062
R0 [P2] iter 743: merge done, full_size=674814035
R0 [P2] iter 744 done: global_full_size=674814035
R0 [P2] iter 744: PRE-JOIN GPU mem: 79.1GB free / 85.1GB total | delta_size=127062 full_size=674814035
R0 [P2] iter 744: join done, raw=126916 result_size=126909
R0 [P2] iter 744: split done, delta_size=126909
R0 [P2] iter 744: dedup done, delta_size=126909
R0 [P2] iter 744: subtract done, delta_size=126652
R0 [P2] iter 744: merge done, full_size=674940687
R0 [P2] iter 745 done: global_full_size=674940687
R0 [P2] iter 745: PRE-JOIN GPU mem: 79.1GB free / 85.1GB total | delta_size=126652 full_size=674940687
R0 [P2] iter 745: join done, raw=126505 result_size=126498
R0 [P2] iter 745: split done, delta_size=126498
R0 [P2] iter 745: dedup done, delta_size=126498
R0 [P2] iter 745: subtract done, delta_size=126240
R0 [P2] iter 745: merge done, full_size=675066927
R0 [P2] iter 746 done: global_full_size=675066927
R0 [P2] iter 746: PRE-JOIN GPU mem: 79.0GB free / 85.1GB total | delta_size=126240 full_size=675066927
R0 [P2] iter 746: join done, raw=126097 result_size=126090
R0 [P2] iter 746: split done, delta_size=126090
R0 [P2] iter 746: dedup done, delta_size=126090
R0 [P2] iter 746: subtract done, delta_size=125832
R0 [P2] iter 746: merge done, full_size=675192759
R0 [P2] iter 747 done: global_full_size=675192759
R0 [P2] iter 747: PRE-JOIN GPU mem: 79.0GB free / 85.1GB total | delta_size=125832 full_size=675192759
R0 [P2] iter 747: join done, raw=125690 result_size=125683
R0 [P2] iter 747: split done, delta_size=125683
R0 [P2] iter 747: dedup done, delta_size=125683
R0 [P2] iter 747: subtract done, delta_size=125427
R0 [P2] iter 747: merge done, full_size=675318186
R0 [P2] iter 748 done: global_full_size=675318186
R0 [P2] iter 748: PRE-JOIN GPU mem: 79.0GB free / 85.1GB total | delta_size=125427 full_size=675318186
R0 [P2] iter 748: join done, raw=125287 result_size=125280
R0 [P2] iter 748: split done, delta_size=125280
R0 [P2] iter 748: dedup done, delta_size=125280
R0 [P2] iter 748: subtract done, delta_size=125025
R0 [P2] iter 748: merge done, full_size=675443211
R0 [P2] iter 749 done: global_full_size=675443211
R0 [P2] iter 749: PRE-JOIN GPU mem: 79.0GB free / 85.1GB total | delta_size=125025 full_size=675443211
R0 [P2] iter 749: join done, raw=124885 result_size=124878
R0 [P2] iter 749: split done, delta_size=124878
R0 [P2] iter 749: dedup done, delta_size=124878
R0 [P2] iter 749: subtract done, delta_size=124623
R0 [P2] iter 749: merge done, full_size=675567834
R0 [P2] iter 750 done: global_full_size=675567834
R0 [P2] iter 750: PRE-JOIN GPU mem: 79.0GB free / 85.1GB total | delta_size=124623 full_size=675567834
R0 [P2] iter 750: join done, raw=124481 result_size=124474
R0 [P2] iter 750: split done, delta_size=124474
R0 [P2] iter 750: dedup done, delta_size=124474
R0 [P2] iter 750: subtract done, delta_size=124219
R0 [P2] iter 750: merge done, full_size=675692053
R0 [P2] iter 751 done: global_full_size=675692053
R0 [P2] iter 751: PRE-JOIN GPU mem: 79.0GB free / 85.1GB total | delta_size=124219 full_size=675692053
R0 [P2] iter 751: join done, raw=124080 result_size=124073
R0 [P2] iter 751: split done, delta_size=124073
R0 [P2] iter 751: dedup done, delta_size=124073
R0 [P2] iter 751: subtract done, delta_size=123820
R0 [P2] iter 751: merge done, full_size=675815873
R0 [P2] iter 752 done: global_full_size=675815873
R0 [P2] iter 752: PRE-JOIN GPU mem: 79.0GB free / 85.1GB total | delta_size=123820 full_size=675815873
R0 [P2] iter 752: join done, raw=123686 result_size=123679
R0 [P2] iter 752: split done, delta_size=123679
R0 [P2] iter 752: dedup done, delta_size=123679
R0 [P2] iter 752: subtract done, delta_size=123426
R0 [P2] iter 752: merge done, full_size=675939299
R0 [P2] iter 753 done: global_full_size=675939299
R0 [P2] iter 753: PRE-JOIN GPU mem: 79.0GB free / 85.1GB total | delta_size=123426 full_size=675939299
R0 [P2] iter 753: join done, raw=123296 result_size=123289
R0 [P2] iter 753: split done, delta_size=123289
R0 [P2] iter 753: dedup done, delta_size=123289
R0 [P2] iter 753: subtract done, delta_size=123037
R0 [P2] iter 753: merge done, full_size=676062336
R0 [P2] iter 754 done: global_full_size=676062336
R0 [P2] iter 754: PRE-JOIN GPU mem: 79.0GB free / 85.1GB total | delta_size=123037 full_size=676062336
R0 [P2] iter 754: join done, raw=122905 result_size=122898
R0 [P2] iter 754: split done, delta_size=122898
R0 [P2] iter 754: dedup done, delta_size=122898
R0 [P2] iter 754: subtract done, delta_size=122647
R0 [P2] iter 754: merge done, full_size=676184983
R0 [P2] iter 755 done: global_full_size=676184983
R0 [P2] iter 755: PRE-JOIN GPU mem: 79.0GB free / 85.1GB total | delta_size=122647 full_size=676184983
R0 [P2] iter 755: join done, raw=122515 result_size=122509
R0 [P2] iter 755: split done, delta_size=122509
R0 [P2] iter 755: dedup done, delta_size=122509
R0 [P2] iter 755: subtract done, delta_size=122259
R0 [P2] iter 755: merge done, full_size=676307242
R0 [P2] iter 756 done: global_full_size=676307242
R0 [P2] iter 756: PRE-JOIN GPU mem: 79.0GB free / 85.1GB total | delta_size=122259 full_size=676307242
R0 [P2] iter 756: join done, raw=122119 result_size=122113
R0 [P2] iter 756: split done, delta_size=122113
R0 [P2] iter 756: dedup done, delta_size=122113
R0 [P2] iter 756: subtract done, delta_size=121865
R0 [P2] iter 756: merge done, full_size=676429107
R0 [P2] iter 757 done: global_full_size=676429107
R0 [P2] iter 757: PRE-JOIN GPU mem: 79.0GB free / 85.1GB total | delta_size=121865 full_size=676429107
R0 [P2] iter 757: join done, raw=121722 result_size=121716
R0 [P2] iter 757: split done, delta_size=121716
R0 [P2] iter 757: dedup done, delta_size=121716
R0 [P2] iter 757: subtract done, delta_size=121469
R0 [P2] iter 757: merge done, full_size=676550576
R0 [P2] iter 758 done: global_full_size=676550576
R0 [P2] iter 758: PRE-JOIN GPU mem: 79.0GB free / 85.1GB total | delta_size=121469 full_size=676550576
R0 [P2] iter 758: join done, raw=121328 result_size=121322
R0 [P2] iter 758: split done, delta_size=121322
R0 [P2] iter 758: dedup done, delta_size=121322
R0 [P2] iter 758: subtract done, delta_size=121075
R0 [P2] iter 758: merge done, full_size=676671651
R0 [P2] iter 759 done: global_full_size=676671651
R0 [P2] iter 759: PRE-JOIN GPU mem: 79.0GB free / 85.1GB total | delta_size=121075 full_size=676671651
R0 [P2] iter 759: join done, raw=120933 result_size=120927
R0 [P2] iter 759: split done, delta_size=120927
R0 [P2] iter 759: dedup done, delta_size=120927
R0 [P2] iter 759: subtract done, delta_size=120681
R0 [P2] iter 759: merge done, full_size=676792332
R0 [P2] iter 760 done: global_full_size=676792332
R0 [P2] iter 760: PRE-JOIN GPU mem: 79.0GB free / 85.1GB total | delta_size=120681 full_size=676792332
R0 [P2] iter 760: join done, raw=120538 result_size=120532
R0 [P2] iter 760: split done, delta_size=120532
R0 [P2] iter 760: dedup done, delta_size=120532
R0 [P2] iter 760: subtract done, delta_size=120286
R0 [P2] iter 760: merge done, full_size=676912618
R0 [P2] iter 761 done: global_full_size=676912618
R0 [P2] iter 761: PRE-JOIN GPU mem: 79.0GB free / 85.1GB total | delta_size=120286 full_size=676912618
R0 [P2] iter 761: join done, raw=120142 result_size=120136
R0 [P2] iter 761: split done, delta_size=120136
R0 [P2] iter 761: dedup done, delta_size=120136
R0 [P2] iter 761: subtract done, delta_size=119893
R0 [P2] iter 761: merge done, full_size=677032511
R0 [P2] iter 762 done: global_full_size=677032511
R0 [P2] iter 762: PRE-JOIN GPU mem: 79.0GB free / 85.1GB total | delta_size=119893 full_size=677032511
R0 [P2] iter 762: join done, raw=119751 result_size=119745
R0 [P2] iter 762: split done, delta_size=119745
R0 [P2] iter 762: dedup done, delta_size=119745
R0 [P2] iter 762: subtract done, delta_size=119503
R0 [P2] iter 762: merge done, full_size=677152014
R0 [P2] iter 763 done: global_full_size=677152014
R0 [P2] iter 763: PRE-JOIN GPU mem: 79.0GB free / 85.1GB total | delta_size=119503 full_size=677152014
R0 [P2] iter 763: join done, raw=119359 result_size=119353
R0 [P2] iter 763: split done, delta_size=119353
R0 [P2] iter 763: dedup done, delta_size=119353
R0 [P2] iter 763: subtract done, delta_size=119113
R0 [P2] iter 763: merge done, full_size=677271127
R0 [P2] iter 764 done: global_full_size=677271127
R0 [P2] iter 764: PRE-JOIN GPU mem: 79.0GB free / 85.1GB total | delta_size=119113 full_size=677271127
R0 [P2] iter 764: join done, raw=118972 result_size=118966
R0 [P2] iter 764: split done, delta_size=118966
R0 [P2] iter 764: dedup done, delta_size=118966
R0 [P2] iter 764: subtract done, delta_size=118726
R0 [P2] iter 764: merge done, full_size=677389853
R0 [P2] iter 765 done: global_full_size=677389853
R0 [P2] iter 765: PRE-JOIN GPU mem: 79.0GB free / 85.1GB total | delta_size=118726 full_size=677389853
R0 [P2] iter 765: join done, raw=118584 result_size=118578
R0 [P2] iter 765: split done, delta_size=118578
R0 [P2] iter 765: dedup done, delta_size=118578
R0 [P2] iter 765: subtract done, delta_size=118338
R0 [P2] iter 765: merge done, full_size=677508191
R0 [P2] iter 766 done: global_full_size=677508191
R0 [P2] iter 766: PRE-JOIN GPU mem: 79.0GB free / 85.1GB total | delta_size=118338 full_size=677508191
R0 [P2] iter 766: join done, raw=118193 result_size=118187
R0 [P2] iter 766: split done, delta_size=118187
R0 [P2] iter 766: dedup done, delta_size=118187
R0 [P2] iter 766: subtract done, delta_size=117949
R0 [P2] iter 766: merge done, full_size=677626140
R0 [P2] iter 767 done: global_full_size=677626140
R0 [P2] iter 767: PRE-JOIN GPU mem: 79.0GB free / 85.1GB total | delta_size=117949 full_size=677626140
R0 [P2] iter 767: join done, raw=117801 result_size=117795
R0 [P2] iter 767: split done, delta_size=117795
R0 [P2] iter 767: dedup done, delta_size=117795
R0 [P2] iter 767: subtract done, delta_size=117559
R0 [P2] iter 767: merge done, full_size=677743699
R0 [P2] iter 768 done: global_full_size=677743699
R0 [P2] iter 768: PRE-JOIN GPU mem: 79.0GB free / 85.1GB total | delta_size=117559 full_size=677743699
R0 [P2] iter 768: join done, raw=117409 result_size=117403
R0 [P2] iter 768: split done, delta_size=117403
R0 [P2] iter 768: dedup done, delta_size=117403
R0 [P2] iter 768: subtract done, delta_size=117168
R0 [P2] iter 768: merge done, full_size=677860867
R0 [P2] iter 769 done: global_full_size=677860867
R0 [P2] iter 769: PRE-JOIN GPU mem: 79.0GB free / 85.1GB total | delta_size=117168 full_size=677860867
R0 [P2] iter 769: join done, raw=117024 result_size=117018
R0 [P2] iter 769: split done, delta_size=117018
R0 [P2] iter 769: dedup done, delta_size=117018
R0 [P2] iter 769: subtract done, delta_size=116786
R0 [P2] iter 769: merge done, full_size=677977653
R0 [P2] iter 770 done: global_full_size=677977653
R0 [P2] iter 770: PRE-JOIN GPU mem: 79.0GB free / 85.1GB total | delta_size=116786 full_size=677977653
R0 [P2] iter 770: join done, raw=116641 result_size=116635
R0 [P2] iter 770: split done, delta_size=116635
R0 [P2] iter 770: dedup done, delta_size=116635
R0 [P2] iter 770: subtract done, delta_size=116405
R0 [P2] iter 770: merge done, full_size=678094058
R0 [P2] iter 771 done: global_full_size=678094058
R0 [P2] iter 771: PRE-JOIN GPU mem: 79.0GB free / 85.1GB total | delta_size=116405 full_size=678094058
R0 [P2] iter 771: join done, raw=116261 result_size=116255
R0 [P2] iter 771: split done, delta_size=116255
R0 [P2] iter 771: dedup done, delta_size=116255
R0 [P2] iter 771: subtract done, delta_size=116026
R0 [P2] iter 771: merge done, full_size=678210084
R0 [P2] iter 772 done: global_full_size=678210084
R0 [P2] iter 772: PRE-JOIN GPU mem: 79.0GB free / 85.1GB total | delta_size=116026 full_size=678210084
R0 [P2] iter 772: join done, raw=115884 result_size=115878
R0 [P2] iter 772: split done, delta_size=115878
R0 [P2] iter 772: dedup done, delta_size=115878
R0 [P2] iter 772: subtract done, delta_size=115649
R0 [P2] iter 772: merge done, full_size=678325733
R0 [P2] iter 773 done: global_full_size=678325733
R0 [P2] iter 773: PRE-JOIN GPU mem: 79.0GB free / 85.1GB total | delta_size=115649 full_size=678325733
R0 [P2] iter 773: join done, raw=115509 result_size=115503
R0 [P2] iter 773: split done, delta_size=115503
R0 [P2] iter 773: dedup done, delta_size=115503
R0 [P2] iter 773: subtract done, delta_size=115274
R0 [P2] iter 773: merge done, full_size=678441007
R0 [P2] iter 774 done: global_full_size=678441007
R0 [P2] iter 774: PRE-JOIN GPU mem: 79.0GB free / 85.1GB total | delta_size=115274 full_size=678441007
R0 [P2] iter 774: join done, raw=115137 result_size=115131
R0 [P2] iter 774: split done, delta_size=115131
R0 [P2] iter 774: dedup done, delta_size=115131
R0 [P2] iter 774: subtract done, delta_size=114903
R0 [P2] iter 774: merge done, full_size=678555910
R0 [P2] iter 775 done: global_full_size=678555910
R0 [P2] iter 775: PRE-JOIN GPU mem: 79.0GB free / 85.1GB total | delta_size=114903 full_size=678555910
R0 [P2] iter 775: join done, raw=114768 result_size=114762
R0 [P2] iter 775: split done, delta_size=114762
R0 [P2] iter 775: dedup done, delta_size=114762
R0 [P2] iter 775: subtract done, delta_size=114534
R0 [P2] iter 775: merge done, full_size=678670444
R0 [P2] iter 776 done: global_full_size=678670444
R0 [P2] iter 776: PRE-JOIN GPU mem: 79.0GB free / 85.1GB total | delta_size=114534 full_size=678670444
R0 [P2] iter 776: join done, raw=114404 result_size=114398
R0 [P2] iter 776: split done, delta_size=114398
R0 [P2] iter 776: dedup done, delta_size=114398
R0 [P2] iter 776: subtract done, delta_size=114171
R0 [P2] iter 776: merge done, full_size=678784615
R0 [P2] iter 777 done: global_full_size=678784615
R0 [P2] iter 777: PRE-JOIN GPU mem: 79.0GB free / 85.1GB total | delta_size=114171 full_size=678784615
R0 [P2] iter 777: join done, raw=114044 result_size=114038
R0 [P2] iter 777: split done, delta_size=114038
R0 [P2] iter 777: dedup done, delta_size=114038
R0 [P2] iter 777: subtract done, delta_size=113810
R0 [P2] iter 777: merge done, full_size=678898425
R0 [P2] iter 778 done: global_full_size=678898425
R0 [P2] iter 778: PRE-JOIN GPU mem: 79.0GB free / 85.1GB total | delta_size=113810 full_size=678898425
R0 [P2] iter 778: join done, raw=113691 result_size=113685
R0 [P2] iter 778: split done, delta_size=113685
R0 [P2] iter 778: dedup done, delta_size=113685
R0 [P2] iter 778: subtract done, delta_size=113457
R0 [P2] iter 778: merge done, full_size=679011882
R0 [P2] iter 779 done: global_full_size=679011882
R0 [P2] iter 779: PRE-JOIN GPU mem: 79.0GB free / 85.1GB total | delta_size=113457 full_size=679011882
R0 [P2] iter 779: join done, raw=113337 result_size=113331
R0 [P2] iter 779: split done, delta_size=113331
R0 [P2] iter 779: dedup done, delta_size=113331
R0 [P2] iter 779: subtract done, delta_size=113105
R0 [P2] iter 779: merge done, full_size=679124987
R0 [P2] iter 780 done: global_full_size=679124987
R0 [P2] iter 780: PRE-JOIN GPU mem: 79.0GB free / 85.1GB total | delta_size=113105 full_size=679124987
R0 [P2] iter 780: join done, raw=112984 result_size=112978
R0 [P2] iter 780: split done, delta_size=112978
R0 [P2] iter 780: dedup done, delta_size=112978
R0 [P2] iter 780: subtract done, delta_size=112752
R0 [P2] iter 780: merge done, full_size=679237739
R0 [P2] iter 781 done: global_full_size=679237739
R0 [P2] iter 781: PRE-JOIN GPU mem: 79.0GB free / 85.1GB total | delta_size=112752 full_size=679237739
R0 [P2] iter 781: join done, raw=112633 result_size=112627
R0 [P2] iter 781: split done, delta_size=112627
R0 [P2] iter 781: dedup done, delta_size=112627
R0 [P2] iter 781: subtract done, delta_size=112400
R0 [P2] iter 781: merge done, full_size=679350139
R0 [P2] iter 782 done: global_full_size=679350139
R0 [P2] iter 782: PRE-JOIN GPU mem: 79.0GB free / 85.1GB total | delta_size=112400 full_size=679350139
R0 [P2] iter 782: join done, raw=112280 result_size=112274
R0 [P2] iter 782: split done, delta_size=112274
R0 [P2] iter 782: dedup done, delta_size=112274
R0 [P2] iter 782: subtract done, delta_size=112047
R0 [P2] iter 782: merge done, full_size=679462186
R0 [P2] iter 783 done: global_full_size=679462186
R0 [P2] iter 783: PRE-JOIN GPU mem: 79.0GB free / 85.1GB total | delta_size=112047 full_size=679462186
R0 [P2] iter 783: join done, raw=111926 result_size=111920
R0 [P2] iter 783: split done, delta_size=111920
R0 [P2] iter 783: dedup done, delta_size=111920
R0 [P2] iter 783: subtract done, delta_size=111693
R0 [P2] iter 783: merge done, full_size=679573879
R0 [P2] iter 784 done: global_full_size=679573879
R0 [P2] iter 784: PRE-JOIN GPU mem: 79.0GB free / 85.1GB total | delta_size=111693 full_size=679573879
R0 [P2] iter 784: join done, raw=111581 result_size=111575
R0 [P2] iter 784: split done, delta_size=111575
R0 [P2] iter 784: dedup done, delta_size=111575
R0 [P2] iter 784: subtract done, delta_size=111350
R0 [P2] iter 784: merge done, full_size=679685229
R0 [P2] iter 785 done: global_full_size=679685229
R0 [P2] iter 785: PRE-JOIN GPU mem: 79.0GB free / 85.1GB total | delta_size=111350 full_size=679685229
R0 [P2] iter 785: join done, raw=111239 result_size=111233
R0 [P2] iter 785: split done, delta_size=111233
R0 [P2] iter 785: dedup done, delta_size=111233
R0 [P2] iter 785: subtract done, delta_size=111008
R0 [P2] iter 785: merge done, full_size=679796237
R0 [P2] iter 786 done: global_full_size=679796237
R0 [P2] iter 786: PRE-JOIN GPU mem: 79.0GB free / 85.1GB total | delta_size=111008 full_size=679796237
R0 [P2] iter 786: join done, raw=110901 result_size=110895
R0 [P2] iter 786: split done, delta_size=110895
R0 [P2] iter 786: dedup done, delta_size=110895
R0 [P2] iter 786: subtract done, delta_size=110671
R0 [P2] iter 786: merge done, full_size=679906908
R0 [P2] iter 787 done: global_full_size=679906908
R0 [P2] iter 787: PRE-JOIN GPU mem: 79.0GB free / 85.1GB total | delta_size=110671 full_size=679906908
R0 [P2] iter 787: join done, raw=110567 result_size=110561
R0 [P2] iter 787: split done, delta_size=110561
R0 [P2] iter 787: dedup done, delta_size=110561
R0 [P2] iter 787: subtract done, delta_size=110338
R0 [P2] iter 787: merge done, full_size=680017246
R0 [P2] iter 788 done: global_full_size=680017246
R0 [P2] iter 788: PRE-JOIN GPU mem: 79.0GB free / 85.1GB total | delta_size=110338 full_size=680017246
R0 [P2] iter 788: join done, raw=110232 result_size=110226
R0 [P2] iter 788: split done, delta_size=110226
R0 [P2] iter 788: dedup done, delta_size=110226
R0 [P2] iter 788: subtract done, delta_size=110003
R0 [P2] iter 788: merge done, full_size=680127249
R0 [P2] iter 789 done: global_full_size=680127249
R0 [P2] iter 789: PRE-JOIN GPU mem: 79.0GB free / 85.1GB total | delta_size=110003 full_size=680127249
R0 [P2] iter 789: join done, raw=109901 result_size=109895
R0 [P2] iter 789: split done, delta_size=109895
R0 [P2] iter 789: dedup done, delta_size=109895
R0 [P2] iter 789: subtract done, delta_size=109672
R0 [P2] iter 789: merge done, full_size=680236921
R0 [P2] iter 790 done: global_full_size=680236921
R0 [P2] iter 790: PRE-JOIN GPU mem: 79.0GB free / 85.1GB total | delta_size=109672 full_size=680236921
R0 [P2] iter 790: join done, raw=109571 result_size=109565
R0 [P2] iter 790: split done, delta_size=109565
R0 [P2] iter 790: dedup done, delta_size=109565
R0 [P2] iter 790: subtract done, delta_size=109343
R0 [P2] iter 790: merge done, full_size=680346264
R0 [P2] iter 791 done: global_full_size=680346264
R0 [P2] iter 791: PRE-JOIN GPU mem: 79.0GB free / 85.1GB total | delta_size=109343 full_size=680346264
R0 [P2] iter 791: join done, raw=109240 result_size=109234
R0 [P2] iter 791: split done, delta_size=109234
R0 [P2] iter 791: dedup done, delta_size=109234
R0 [P2] iter 791: subtract done, delta_size=109012
R0 [P2] iter 791: merge done, full_size=680455276
R0 [P2] iter 792 done: global_full_size=680455276
R0 [P2] iter 792: PRE-JOIN GPU mem: 79.0GB free / 85.1GB total | delta_size=109012 full_size=680455276
R0 [P2] iter 792: join done, raw=108909 result_size=108903
R0 [P2] iter 792: split done, delta_size=108903
R0 [P2] iter 792: dedup done, delta_size=108903
R0 [P2] iter 792: subtract done, delta_size=108681
R0 [P2] iter 792: merge done, full_size=680563957
R0 [P2] iter 793 done: global_full_size=680563957
R0 [P2] iter 793: PRE-JOIN GPU mem: 79.0GB free / 85.1GB total | delta_size=108681 full_size=680563957
R0 [P2] iter 793: join done, raw=108572 result_size=108566
R0 [P2] iter 793: split done, delta_size=108566
R0 [P2] iter 793: dedup done, delta_size=108566
R0 [P2] iter 793: subtract done, delta_size=108344
R0 [P2] iter 793: merge done, full_size=680672301
R0 [P2] iter 794 done: global_full_size=680672301
R0 [P2] iter 794: PRE-JOIN GPU mem: 79.0GB free / 85.1GB total | delta_size=108344 full_size=680672301
R0 [P2] iter 794: join done, raw=108239 result_size=108233
R0 [P2] iter 794: split done, delta_size=108233
R0 [P2] iter 794: dedup done, delta_size=108233
R0 [P2] iter 794: subtract done, delta_size=108011
R0 [P2] iter 794: merge done, full_size=680780312
R0 [P2] iter 795 done: global_full_size=680780312
R0 [P2] iter 795: PRE-JOIN GPU mem: 79.0GB free / 85.1GB total | delta_size=108011 full_size=680780312
R0 [P2] iter 795: join done, raw=107908 result_size=107902
R0 [P2] iter 795: split done, delta_size=107902
R0 [P2] iter 795: dedup done, delta_size=107902
R0 [P2] iter 795: subtract done, delta_size=107680
R0 [P2] iter 795: merge done, full_size=680887992
R0 [P2] iter 796 done: global_full_size=680887992
R0 [P2] iter 796: PRE-JOIN GPU mem: 79.0GB free / 85.1GB total | delta_size=107680 full_size=680887992
R0 [P2] iter 796: join done, raw=107579 result_size=107573
R0 [P2] iter 796: split done, delta_size=107573
R0 [P2] iter 796: dedup done, delta_size=107573
R0 [P2] iter 796: subtract done, delta_size=107351
R0 [P2] iter 796: merge done, full_size=680995343
R0 [P2] iter 797 done: global_full_size=680995343
R0 [P2] iter 797: PRE-JOIN GPU mem: 79.0GB free / 85.1GB total | delta_size=107351 full_size=680995343
R0 [P2] iter 797: join done, raw=107253 result_size=107247
R0 [P2] iter 797: split done, delta_size=107247
R0 [P2] iter 797: dedup done, delta_size=107247
R0 [P2] iter 797: subtract done, delta_size=107026
R0 [P2] iter 797: merge done, full_size=681102369
R0 [P2] iter 798 done: global_full_size=681102369
R0 [P2] iter 798: PRE-JOIN GPU mem: 79.0GB free / 85.1GB total | delta_size=107026 full_size=681102369
R0 [P2] iter 798: join done, raw=106933 result_size=106927
R0 [P2] iter 798: split done, delta_size=106927
R0 [P2] iter 798: dedup done, delta_size=106927
R0 [P2] iter 798: subtract done, delta_size=106706
R0 [P2] iter 798: merge done, full_size=681209075
R0 [P2] iter 799 done: global_full_size=681209075
R0 [P2] iter 799: PRE-JOIN GPU mem: 79.0GB free / 85.1GB total | delta_size=106706 full_size=681209075
R0 [P2] iter 799: join done, raw=106612 result_size=106606
R0 [P2] iter 799: split done, delta_size=106606
R0 [P2] iter 799: dedup done, delta_size=106606
R0 [P2] iter 799: subtract done, delta_size=106387
R0 [P2] iter 799: merge done, full_size=681315462
R0 [P2] iter 800 done: global_full_size=681315462
R0 [P2] iter 800: PRE-JOIN GPU mem: 79.0GB free / 85.1GB total | delta_size=106387 full_size=681315462
R0 [P2] iter 800: join done, raw=106292 result_size=106286
R0 [P2] iter 800: split done, delta_size=106286
R0 [P2] iter 800: dedup done, delta_size=106286
R0 [P2] iter 800: subtract done, delta_size=106067
R0 [P2] iter 800: merge done, full_size=681421529
R0 [P2] iter 801 done: global_full_size=681421529
R0 [P2] iter 801: PRE-JOIN GPU mem: 79.0GB free / 85.1GB total | delta_size=106067 full_size=681421529
R0 [P2] iter 801: join done, raw=105970 result_size=105964
R0 [P2] iter 801: split done, delta_size=105964
R0 [P2] iter 801: dedup done, delta_size=105964
R0 [P2] iter 801: subtract done, delta_size=105746
R0 [P2] iter 801: merge done, full_size=681527275
R0 [P2] iter 802 done: global_full_size=681527275
R0 [P2] iter 802: PRE-JOIN GPU mem: 79.0GB free / 85.1GB total | delta_size=105746 full_size=681527275
R0 [P2] iter 802: join done, raw=105648 result_size=105642
R0 [P2] iter 802: split done, delta_size=105642
R0 [P2] iter 802: dedup done, delta_size=105642
R0 [P2] iter 802: subtract done, delta_size=105424
R0 [P2] iter 802: merge done, full_size=681632699
R0 [P2] iter 803 done: global_full_size=681632699
R0 [P2] iter 803: PRE-JOIN GPU mem: 79.0GB free / 85.1GB total | delta_size=105424 full_size=681632699
R0 [P2] iter 803: join done, raw=105324 result_size=105318
R0 [P2] iter 803: split done, delta_size=105318
R0 [P2] iter 803: dedup done, delta_size=105318
R0 [P2] iter 803: subtract done, delta_size=105100
R0 [P2] iter 803: merge done, full_size=681737799
R0 [P2] iter 804 done: global_full_size=681737799
R0 [P2] iter 804: PRE-JOIN GPU mem: 79.0GB free / 85.1GB total | delta_size=105100 full_size=681737799
R0 [P2] iter 804: join done, raw=104999 result_size=104993
R0 [P2] iter 804: split done, delta_size=104993
R0 [P2] iter 804: dedup done, delta_size=104993
R0 [P2] iter 804: subtract done, delta_size=104775
R0 [P2] iter 804: merge done, full_size=681842574
R0 [P2] iter 805 done: global_full_size=681842574
R0 [P2] iter 805: PRE-JOIN GPU mem: 79.0GB free / 85.1GB total | delta_size=104775 full_size=681842574
R0 [P2] iter 805: join done, raw=104666 result_size=104660
R0 [P2] iter 805: split done, delta_size=104660
R0 [P2] iter 805: dedup done, delta_size=104660
R0 [P2] iter 805: subtract done, delta_size=104444
R0 [P2] iter 805: merge done, full_size=681947018
R0 [P2] iter 806 done: global_full_size=681947018
R0 [P2] iter 806: PRE-JOIN GPU mem: 79.0GB free / 85.1GB total | delta_size=104444 full_size=681947018
R0 [P2] iter 806: join done, raw=104340 result_size=104334
R0 [P2] iter 806: split done, delta_size=104334
R0 [P2] iter 806: dedup done, delta_size=104334
R0 [P2] iter 806: subtract done, delta_size=104119
R0 [P2] iter 806: merge done, full_size=682051137
R0 [P2] iter 807 done: global_full_size=682051137
R0 [P2] iter 807: PRE-JOIN GPU mem: 79.0GB free / 85.1GB total | delta_size=104119 full_size=682051137
R0 [P2] iter 807: join done, raw=104014 result_size=104008
R0 [P2] iter 807: split done, delta_size=104008
R0 [P2] iter 807: dedup done, delta_size=104008
R0 [P2] iter 807: subtract done, delta_size=103797
R0 [P2] iter 807: merge done, full_size=682154934
R0 [P2] iter 808 done: global_full_size=682154934
R0 [P2] iter 808: PRE-JOIN GPU mem: 79.0GB free / 85.1GB total | delta_size=103797 full_size=682154934
R0 [P2] iter 808: join done, raw=103692 result_size=103686
R0 [P2] iter 808: split done, delta_size=103686
R0 [P2] iter 808: dedup done, delta_size=103686
R0 [P2] iter 808: subtract done, delta_size=103476
R0 [P2] iter 808: merge done, full_size=682258410
R0 [P2] iter 809 done: global_full_size=682258410
R0 [P2] iter 809: PRE-JOIN GPU mem: 79.0GB free / 85.1GB total | delta_size=103476 full_size=682258410
R0 [P2] iter 809: join done, raw=103360 result_size=103354
R0 [P2] iter 809: split done, delta_size=103354
R0 [P2] iter 809: dedup done, delta_size=103354
R0 [P2] iter 809: subtract done, delta_size=103145
R0 [P2] iter 809: merge done, full_size=682361555
R0 [P2] iter 810 done: global_full_size=682361555
R0 [P2] iter 810: PRE-JOIN GPU mem: 79.0GB free / 85.1GB total | delta_size=103145 full_size=682361555
R0 [P2] iter 810: join done, raw=103038 result_size=103032
R0 [P2] iter 810: split done, delta_size=103032
R0 [P2] iter 810: dedup done, delta_size=103032
R0 [P2] iter 810: subtract done, delta_size=102824
R0 [P2] iter 810: merge done, full_size=682464379
R0 [P2] iter 811 done: global_full_size=682464379
R0 [P2] iter 811: PRE-JOIN GPU mem: 79.0GB free / 85.1GB total | delta_size=102824 full_size=682464379
R0 [P2] iter 811: join done, raw=102720 result_size=102714
R0 [P2] iter 811: split done, delta_size=102714
R0 [P2] iter 811: dedup done, delta_size=102714
R0 [P2] iter 811: subtract done, delta_size=102509
R0 [P2] iter 811: merge done, full_size=682566888
R0 [P2] iter 812 done: global_full_size=682566888
R0 [P2] iter 812: PRE-JOIN GPU mem: 79.0GB free / 85.1GB total | delta_size=102509 full_size=682566888
R0 [P2] iter 812: join done, raw=102408 result_size=102402
R0 [P2] iter 812: split done, delta_size=102402
R0 [P2] iter 812: dedup done, delta_size=102402
R0 [P2] iter 812: subtract done, delta_size=102197
R0 [P2] iter 812: merge done, full_size=682669085
R0 [P2] iter 813 done: global_full_size=682669085
R0 [P2] iter 813: PRE-JOIN GPU mem: 79.0GB free / 85.1GB total | delta_size=102197 full_size=682669085
R0 [P2] iter 813: join done, raw=102093 result_size=102087
R0 [P2] iter 813: split done, delta_size=102087
R0 [P2] iter 813: dedup done, delta_size=102087
R0 [P2] iter 813: subtract done, delta_size=101882
R0 [P2] iter 813: merge done, full_size=682770967
R0 [P2] iter 814 done: global_full_size=682770967
R0 [P2] iter 814: PRE-JOIN GPU mem: 79.0GB free / 85.1GB total | delta_size=101882 full_size=682770967
R0 [P2] iter 814: join done, raw=101779 result_size=101773
R0 [P2] iter 814: split done, delta_size=101773
R0 [P2] iter 814: dedup done, delta_size=101773
R0 [P2] iter 814: subtract done, delta_size=101569
R0 [P2] iter 814: merge done, full_size=682872536
R0 [P2] iter 815 done: global_full_size=682872536
R0 [P2] iter 815: PRE-JOIN GPU mem: 79.0GB free / 85.1GB total | delta_size=101569 full_size=682872536
R0 [P2] iter 815: join done, raw=101463 result_size=101457
R0 [P2] iter 815: split done, delta_size=101457
R0 [P2] iter 815: dedup done, delta_size=101457
R0 [P2] iter 815: subtract done, delta_size=101254
R0 [P2] iter 815: merge done, full_size=682973790
R0 [P2] iter 816 done: global_full_size=682973790
R0 [P2] iter 816: PRE-JOIN GPU mem: 79.0GB free / 85.1GB total | delta_size=101254 full_size=682973790
R0 [P2] iter 816: join done, raw=101150 result_size=101144
R0 [P2] iter 816: split done, delta_size=101144
R0 [P2] iter 816: dedup done, delta_size=101144
R0 [P2] iter 816: subtract done, delta_size=100943
R0 [P2] iter 816: merge done, full_size=683074733
R0 [P2] iter 817 done: global_full_size=683074733
R0 [P2] iter 817: PRE-JOIN GPU mem: 79.0GB free / 85.1GB total | delta_size=100943 full_size=683074733
R0 [P2] iter 817: join done, raw=100837 result_size=100831
R0 [P2] iter 817: split done, delta_size=100831
R0 [P2] iter 817: dedup done, delta_size=100831
R0 [P2] iter 817: subtract done, delta_size=100630
R0 [P2] iter 817: merge done, full_size=683175363
R0 [P2] iter 818 done: global_full_size=683175363
R0 [P2] iter 818: PRE-JOIN GPU mem: 79.0GB free / 85.1GB total | delta_size=100630 full_size=683175363
R0 [P2] iter 818: join done, raw=100530 result_size=100524
R0 [P2] iter 818: split done, delta_size=100524
R0 [P2] iter 818: dedup done, delta_size=100524
R0 [P2] iter 818: subtract done, delta_size=100323
R0 [P2] iter 818: merge done, full_size=683275686
R0 [P2] iter 819 done: global_full_size=683275686
R0 [P2] iter 819: PRE-JOIN GPU mem: 79.0GB free / 85.1GB total | delta_size=100323 full_size=683275686
R0 [P2] iter 819: join done, raw=100222 result_size=100216
R0 [P2] iter 819: split done, delta_size=100216
R0 [P2] iter 819: dedup done, delta_size=100216
R0 [P2] iter 819: subtract done, delta_size=100017
R0 [P2] iter 819: merge done, full_size=683375703
R0 [P2] iter 820 done: global_full_size=683375703
R0 [P2] iter 820: PRE-JOIN GPU mem: 79.0GB free / 85.1GB total | delta_size=100017 full_size=683375703
R0 [P2] iter 820: join done, raw=99915 result_size=99909
R0 [P2] iter 820: split done, delta_size=99909
R0 [P2] iter 820: dedup done, delta_size=99909
R0 [P2] iter 820: subtract done, delta_size=99711
R0 [P2] iter 820: merge done, full_size=683475414
R0 [P2] iter 821 done: global_full_size=683475414
R0 [P2] iter 821: PRE-JOIN GPU mem: 79.0GB free / 85.1GB total | delta_size=99711 full_size=683475414
R0 [P2] iter 821: join done, raw=99610 result_size=99604
R0 [P2] iter 821: split done, delta_size=99604
R0 [P2] iter 821: dedup done, delta_size=99604
R0 [P2] iter 821: subtract done, delta_size=99406
R0 [P2] iter 821: merge done, full_size=683574820
R0 [P2] iter 822 done: global_full_size=683574820
R0 [P2] iter 822: PRE-JOIN GPU mem: 79.0GB free / 85.1GB total | delta_size=99406 full_size=683574820
R0 [P2] iter 822: join done, raw=99306 result_size=99300
R0 [P2] iter 822: split done, delta_size=99300
R0 [P2] iter 822: dedup done, delta_size=99300
R0 [P2] iter 822: subtract done, delta_size=99103
R0 [P2] iter 822: merge done, full_size=683673923
R0 [P2] iter 823 done: global_full_size=683673923
R0 [P2] iter 823: PRE-JOIN GPU mem: 79.0GB free / 85.1GB total | delta_size=99103 full_size=683673923
R0 [P2] iter 823: join done, raw=99001 result_size=98995
R0 [P2] iter 823: split done, delta_size=98995
R0 [P2] iter 823: dedup done, delta_size=98995
R0 [P2] iter 823: subtract done, delta_size=98799
R0 [P2] iter 823: merge done, full_size=683772722
R0 [P2] iter 824 done: global_full_size=683772722
R0 [P2] iter 824: PRE-JOIN GPU mem: 79.0GB free / 85.1GB total | delta_size=98799 full_size=683772722
R0 [P2] iter 824: join done, raw=98697 result_size=98691
R0 [P2] iter 824: split done, delta_size=98691
R0 [P2] iter 824: dedup done, delta_size=98691
R0 [P2] iter 824: subtract done, delta_size=98497
R0 [P2] iter 824: merge done, full_size=683871219
R0 [P2] iter 825 done: global_full_size=683871219
R0 [P2] iter 825: PRE-JOIN GPU mem: 79.0GB free / 85.1GB total | delta_size=98497 full_size=683871219
R0 [P2] iter 825: join done, raw=98394 result_size=98388
R0 [P2] iter 825: split done, delta_size=98388
R0 [P2] iter 825: dedup done, delta_size=98388
R0 [P2] iter 825: subtract done, delta_size=98195
R0 [P2] iter 825: merge done, full_size=683969414
R0 [P2] iter 826 done: global_full_size=683969414
R0 [P2] iter 826: PRE-JOIN GPU mem: 79.0GB free / 85.1GB total | delta_size=98195 full_size=683969414
R0 [P2] iter 826: join done, raw=98092 result_size=98086
R0 [P2] iter 826: split done, delta_size=98086
R0 [P2] iter 826: dedup done, delta_size=98086
R0 [P2] iter 826: subtract done, delta_size=97893
R0 [P2] iter 826: merge done, full_size=684067307
R0 [P2] iter 827 done: global_full_size=684067307
R0 [P2] iter 827: PRE-JOIN GPU mem: 79.0GB free / 85.1GB total | delta_size=97893 full_size=684067307
R0 [P2] iter 827: join done, raw=97792 result_size=97786
R0 [P2] iter 827: split done, delta_size=97786
R0 [P2] iter 827: dedup done, delta_size=97786
R0 [P2] iter 827: subtract done, delta_size=97593
R0 [P2] iter 827: merge done, full_size=684164900
R0 [P2] iter 828 done: global_full_size=684164900
R0 [P2] iter 828: PRE-JOIN GPU mem: 79.0GB free / 85.1GB total | delta_size=97593 full_size=684164900
R0 [P2] iter 828: join done, raw=97493 result_size=97487
R0 [P2] iter 828: split done, delta_size=97487
R0 [P2] iter 828: dedup done, delta_size=97487
R0 [P2] iter 828: subtract done, delta_size=97295
R0 [P2] iter 828: merge done, full_size=684262195
R0 [P2] iter 829 done: global_full_size=684262195
R0 [P2] iter 829: PRE-JOIN GPU mem: 79.0GB free / 85.1GB total | delta_size=97295 full_size=684262195
R0 [P2] iter 829: join done, raw=97197 result_size=97191
R0 [P2] iter 829: split done, delta_size=97191
R0 [P2] iter 829: dedup done, delta_size=97191
R0 [P2] iter 829: subtract done, delta_size=96999
R0 [P2] iter 829: merge done, full_size=684359194
R0 [P2] iter 830 done: global_full_size=684359194
R0 [P2] iter 830: PRE-JOIN GPU mem: 79.0GB free / 85.1GB total | delta_size=96999 full_size=684359194
R0 [P2] iter 830: join done, raw=96900 result_size=96894
R0 [P2] iter 830: split done, delta_size=96894
R0 [P2] iter 830: dedup done, delta_size=96894
R0 [P2] iter 830: subtract done, delta_size=96702
R0 [P2] iter 830: merge done, full_size=684455896
R0 [P2] iter 831 done: global_full_size=684455896
R0 [P2] iter 831: PRE-JOIN GPU mem: 79.0GB free / 85.1GB total | delta_size=96702 full_size=684455896
R0 [P2] iter 831: join done, raw=96603 result_size=96597
R0 [P2] iter 831: split done, delta_size=96597
R0 [P2] iter 831: dedup done, delta_size=96597
R0 [P2] iter 831: subtract done, delta_size=96405
R0 [P2] iter 831: merge done, full_size=684552301
R0 [P2] iter 832 done: global_full_size=684552301
R0 [P2] iter 832: PRE-JOIN GPU mem: 79.0GB free / 85.1GB total | delta_size=96405 full_size=684552301
R0 [P2] iter 832: join done, raw=96304 result_size=96298
R0 [P2] iter 832: split done, delta_size=96298
R0 [P2] iter 832: dedup done, delta_size=96298
R0 [P2] iter 832: subtract done, delta_size=96106
R0 [P2] iter 832: merge done, full_size=684648407
R0 [P2] iter 833 done: global_full_size=684648407
R0 [P2] iter 833: PRE-JOIN GPU mem: 79.0GB free / 85.1GB total | delta_size=96106 full_size=684648407
R0 [P2] iter 833: join done, raw=96007 result_size=96001
R0 [P2] iter 833: split done, delta_size=96001
R0 [P2] iter 833: dedup done, delta_size=96001
R0 [P2] iter 833: subtract done, delta_size=95809
R0 [P2] iter 833: merge done, full_size=684744216
R0 [P2] iter 834 done: global_full_size=684744216
R0 [P2] iter 834: PRE-JOIN GPU mem: 79.0GB free / 85.1GB total | delta_size=95809 full_size=684744216
R0 [P2] iter 834: join done, raw=95712 result_size=95706
R0 [P2] iter 834: split done, delta_size=95706
R0 [P2] iter 834: dedup done, delta_size=95706
R0 [P2] iter 834: subtract done, delta_size=95514
R0 [P2] iter 834: merge done, full_size=684839730
R0 [P2] iter 835 done: global_full_size=684839730
R0 [P2] iter 835: PRE-JOIN GPU mem: 79.0GB free / 85.1GB total | delta_size=95514 full_size=684839730
R0 [P2] iter 835: join done, raw=95415 result_size=95409
R0 [P2] iter 835: split done, delta_size=95409
R0 [P2] iter 835: dedup done, delta_size=95409
R0 [P2] iter 835: subtract done, delta_size=95217
R0 [P2] iter 835: merge done, full_size=684934947
R0 [P2] iter 836 done: global_full_size=684934947
R0 [P2] iter 836: PRE-JOIN GPU mem: 79.0GB free / 85.1GB total | delta_size=95217 full_size=684934947
R0 [P2] iter 836: join done, raw=95120 result_size=95114
R0 [P2] iter 836: split done, delta_size=95114
R0 [P2] iter 836: dedup done, delta_size=95114
R0 [P2] iter 836: subtract done, delta_size=94923
R0 [P2] iter 836: merge done, full_size=685029870
R0 [P2] iter 837 done: global_full_size=685029870
R0 [P2] iter 837: PRE-JOIN GPU mem: 79.0GB free / 85.1GB total | delta_size=94923 full_size=685029870
R0 [P2] iter 837: join done, raw=94828 result_size=94822
R0 [P2] iter 837: split done, delta_size=94822
R0 [P2] iter 837: dedup done, delta_size=94822
R0 [P2] iter 837: subtract done, delta_size=94631
R0 [P2] iter 837: merge done, full_size=685124501
R0 [P2] iter 838 done: global_full_size=685124501
R0 [P2] iter 838: PRE-JOIN GPU mem: 79.0GB free / 85.1GB total | delta_size=94631 full_size=685124501
R0 [P2] iter 838: join done, raw=94535 result_size=94529
R0 [P2] iter 838: split done, delta_size=94529
R0 [P2] iter 838: dedup done, delta_size=94529
R0 [P2] iter 838: subtract done, delta_size=94338
R0 [P2] iter 838: merge done, full_size=685218839
R0 [P2] iter 839 done: global_full_size=685218839
R0 [P2] iter 839: PRE-JOIN GPU mem: 79.0GB free / 85.1GB total | delta_size=94338 full_size=685218839
R0 [P2] iter 839: join done, raw=94240 result_size=94234
R0 [P2] iter 839: split done, delta_size=94234
R0 [P2] iter 839: dedup done, delta_size=94234
R0 [P2] iter 839: subtract done, delta_size=94044
R0 [P2] iter 839: merge done, full_size=685312883
R0 [P2] iter 840 done: global_full_size=685312883
R0 [P2] iter 840: PRE-JOIN GPU mem: 79.0GB free / 85.1GB total | delta_size=94044 full_size=685312883
R0 [P2] iter 840: join done, raw=93948 result_size=93942
R0 [P2] iter 840: split done, delta_size=93942
R0 [P2] iter 840: dedup done, delta_size=93942
R0 [P2] iter 840: subtract done, delta_size=93755
R0 [P2] iter 840: merge done, full_size=685406638
R0 [P2] iter 841 done: global_full_size=685406638
R0 [P2] iter 841: PRE-JOIN GPU mem: 79.0GB free / 85.1GB total | delta_size=93755 full_size=685406638
R0 [P2] iter 841: join done, raw=93661 result_size=93655
R0 [P2] iter 841: split done, delta_size=93655
R0 [P2] iter 841: dedup done, delta_size=93655
R0 [P2] iter 841: subtract done, delta_size=93469
R0 [P2] iter 841: merge done, full_size=685500107
R0 [P2] iter 842 done: global_full_size=685500107
R0 [P2] iter 842: PRE-JOIN GPU mem: 79.0GB free / 85.1GB total | delta_size=93469 full_size=685500107
R0 [P2] iter 842: join done, raw=93379 result_size=93373
R0 [P2] iter 842: split done, delta_size=93373
R0 [P2] iter 842: dedup done, delta_size=93373
R0 [P2] iter 842: subtract done, delta_size=93188
R0 [P2] iter 842: merge done, full_size=685593295
R0 [P2] iter 843 done: global_full_size=685593295
R0 [P2] iter 843: PRE-JOIN GPU mem: 79.0GB free / 85.1GB total | delta_size=93188 full_size=685593295
R0 [P2] iter 843: join done, raw=93099 result_size=93093
R0 [P2] iter 843: split done, delta_size=93093
R0 [P2] iter 843: dedup done, delta_size=93093
R0 [P2] iter 843: subtract done, delta_size=92908
R0 [P2] iter 843: merge done, full_size=685686203
R0 [P2] iter 844 done: global_full_size=685686203
R0 [P2] iter 844: PRE-JOIN GPU mem: 79.0GB free / 85.1GB total | delta_size=92908 full_size=685686203
R0 [P2] iter 844: join done, raw=92816 result_size=92810
R0 [P2] iter 844: split done, delta_size=92810
R0 [P2] iter 844: dedup done, delta_size=92810
R0 [P2] iter 844: subtract done, delta_size=92628
R0 [P2] iter 844: merge done, full_size=685778831
R0 [P2] iter 845 done: global_full_size=685778831
R0 [P2] iter 845: PRE-JOIN GPU mem: 79.0GB free / 85.1GB total | delta_size=92628 full_size=685778831
R0 [P2] iter 845: join done, raw=92536 result_size=92530
R0 [P2] iter 845: split done, delta_size=92530
R0 [P2] iter 845: dedup done, delta_size=92530
R0 [P2] iter 845: subtract done, delta_size=92349
R0 [P2] iter 845: merge done, full_size=685871180
R0 [P2] iter 846 done: global_full_size=685871180
R0 [P2] iter 846: PRE-JOIN GPU mem: 79.0GB free / 85.1GB total | delta_size=92349 full_size=685871180
R0 [P2] iter 846: join done, raw=92258 result_size=92252
R0 [P2] iter 846: split done, delta_size=92252
R0 [P2] iter 846: dedup done, delta_size=92252
R0 [P2] iter 846: subtract done, delta_size=92070
R0 [P2] iter 846: merge done, full_size=685963250
R0 [P2] iter 847 done: global_full_size=685963250
R0 [P2] iter 847: PRE-JOIN GPU mem: 79.0GB free / 85.1GB total | delta_size=92070 full_size=685963250
R0 [P2] iter 847: join done, raw=91977 result_size=91971
R0 [P2] iter 847: split done, delta_size=91971
R0 [P2] iter 847: dedup done, delta_size=91971
R0 [P2] iter 847: subtract done, delta_size=91791
R0 [P2] iter 847: merge done, full_size=686055041
R0 [P2] iter 848 done: global_full_size=686055041
R0 [P2] iter 848: PRE-JOIN GPU mem: 79.0GB free / 85.1GB total | delta_size=91791 full_size=686055041
R0 [P2] iter 848: join done, raw=91703 result_size=91697
R0 [P2] iter 848: split done, delta_size=91697
R0 [P2] iter 848: dedup done, delta_size=91697
R0 [P2] iter 848: subtract done, delta_size=91517
R0 [P2] iter 848: merge done, full_size=686146558
R0 [P2] iter 849 done: global_full_size=686146558
R0 [P2] iter 849: PRE-JOIN GPU mem: 79.0GB free / 85.1GB total | delta_size=91517 full_size=686146558
R0 [P2] iter 849: join done, raw=91432 result_size=91426
R0 [P2] iter 849: split done, delta_size=91426
R0 [P2] iter 849: dedup done, delta_size=91426
R0 [P2] iter 849: subtract done, delta_size=91249
R0 [P2] iter 849: merge done, full_size=686237807
R0 [P2] iter 850 done: global_full_size=686237807
R0 [P2] iter 850: PRE-JOIN GPU mem: 79.0GB free / 85.1GB total | delta_size=91249 full_size=686237807
R0 [P2] iter 850: join done, raw=91165 result_size=91159
R0 [P2] iter 850: split done, delta_size=91159
R0 [P2] iter 850: dedup done, delta_size=91159
R0 [P2] iter 850: subtract done, delta_size=90983
R0 [P2] iter 850: merge done, full_size=686328790
R0 [P2] iter 851 done: global_full_size=686328790
R0 [P2] iter 851: PRE-JOIN GPU mem: 79.0GB free / 85.1GB total | delta_size=90983 full_size=686328790
R0 [P2] iter 851: join done, raw=90897 result_size=90891
R0 [P2] iter 851: split done, delta_size=90891
R0 [P2] iter 851: dedup done, delta_size=90891
R0 [P2] iter 851: subtract done, delta_size=90719
R0 [P2] iter 851: merge done, full_size=686419509
R0 [P2] iter 852 done: global_full_size=686419509
R0 [P2] iter 852: PRE-JOIN GPU mem: 79.0GB free / 85.1GB total | delta_size=90719 full_size=686419509
R0 [P2] iter 852: join done, raw=90631 result_size=90625
R0 [P2] iter 852: split done, delta_size=90625
R0 [P2] iter 852: dedup done, delta_size=90625
R0 [P2] iter 852: subtract done, delta_size=90453
R0 [P2] iter 852: merge done, full_size=686509962
R0 [P2] iter 853 done: global_full_size=686509962
R0 [P2] iter 853: PRE-JOIN GPU mem: 79.0GB free / 85.1GB total | delta_size=90453 full_size=686509962
R0 [P2] iter 853: join done, raw=90366 result_size=90360
R0 [P2] iter 853: split done, delta_size=90360
R0 [P2] iter 853: dedup done, delta_size=90360
R0 [P2] iter 853: subtract done, delta_size=90188
R0 [P2] iter 853: merge done, full_size=686600150
R0 [P2] iter 854 done: global_full_size=686600150
R0 [P2] iter 854: PRE-JOIN GPU mem: 79.0GB free / 85.1GB total | delta_size=90188 full_size=686600150
R0 [P2] iter 854: join done, raw=90104 result_size=90098
R0 [P2] iter 854: split done, delta_size=90098
R0 [P2] iter 854: dedup done, delta_size=90098
R0 [P2] iter 854: subtract done, delta_size=89926
R0 [P2] iter 854: merge done, full_size=686690076
R0 [P2] iter 855 done: global_full_size=686690076
R0 [P2] iter 855: PRE-JOIN GPU mem: 79.0GB free / 85.1GB total | delta_size=89926 full_size=686690076
R0 [P2] iter 855: join done, raw=89843 result_size=89837
R0 [P2] iter 855: split done, delta_size=89837
R0 [P2] iter 855: dedup done, delta_size=89837
R0 [P2] iter 855: subtract done, delta_size=89665
R0 [P2] iter 855: merge done, full_size=686779741
R0 [P2] iter 856 done: global_full_size=686779741
R0 [P2] iter 856: PRE-JOIN GPU mem: 79.0GB free / 85.1GB total | delta_size=89665 full_size=686779741
R0 [P2] iter 856: join done, raw=89583 result_size=89577
R0 [P2] iter 856: split done, delta_size=89577
R0 [P2] iter 856: dedup done, delta_size=89577
R0 [P2] iter 856: subtract done, delta_size=89405
R0 [P2] iter 856: merge done, full_size=686869146
R0 [P2] iter 857 done: global_full_size=686869146
R0 [P2] iter 857: PRE-JOIN GPU mem: 79.0GB free / 85.1GB total | delta_size=89405 full_size=686869146
R0 [P2] iter 857: join done, raw=89324 result_size=89318
R0 [P2] iter 857: split done, delta_size=89318
R0 [P2] iter 857: dedup done, delta_size=89318
R0 [P2] iter 857: subtract done, delta_size=89146
R0 [P2] iter 857: merge done, full_size=686958292
R0 [P2] iter 858 done: global_full_size=686958292
R0 [P2] iter 858: PRE-JOIN GPU mem: 79.0GB free / 85.1GB total | delta_size=89146 full_size=686958292
R0 [P2] iter 858: join done, raw=89067 result_size=89061
R0 [P2] iter 858: split done, delta_size=89061
R0 [P2] iter 858: dedup done, delta_size=89061
R0 [P2] iter 858: subtract done, delta_size=88889
R0 [P2] iter 858: merge done, full_size=687047181
R0 [P2] iter 859 done: global_full_size=687047181
R0 [P2] iter 859: PRE-JOIN GPU mem: 79.0GB free / 85.1GB total | delta_size=88889 full_size=687047181
R0 [P2] iter 859: join done, raw=88811 result_size=88805
R0 [P2] iter 859: split done, delta_size=88805
R0 [P2] iter 859: dedup done, delta_size=88805
R0 [P2] iter 859: subtract done, delta_size=88633
R0 [P2] iter 859: merge done, full_size=687135814
R0 [P2] iter 860 done: global_full_size=687135814
R0 [P2] iter 860: PRE-JOIN GPU mem: 79.0GB free / 85.1GB total | delta_size=88633 full_size=687135814
R0 [P2] iter 860: join done, raw=88551 result_size=88545
R0 [P2] iter 860: split done, delta_size=88545
R0 [P2] iter 860: dedup done, delta_size=88545
R0 [P2] iter 860: subtract done, delta_size=88375
R0 [P2] iter 860: merge done, full_size=687224189
R0 [P2] iter 861 done: global_full_size=687224189
R0 [P2] iter 861: PRE-JOIN GPU mem: 79.0GB free / 85.1GB total | delta_size=88375 full_size=687224189
R0 [P2] iter 861: join done, raw=88294 result_size=88288
R0 [P2] iter 861: split done, delta_size=88288
R0 [P2] iter 861: dedup done, delta_size=88288
R0 [P2] iter 861: subtract done, delta_size=88119
R0 [P2] iter 861: merge done, full_size=687312308
R0 [P2] iter 862 done: global_full_size=687312308
R0 [P2] iter 862: PRE-JOIN GPU mem: 79.0GB free / 85.1GB total | delta_size=88119 full_size=687312308
R0 [P2] iter 862: join done, raw=88038 result_size=88032
R0 [P2] iter 862: split done, delta_size=88032
R0 [P2] iter 862: dedup done, delta_size=88032
R0 [P2] iter 862: subtract done, delta_size=87865
R0 [P2] iter 862: merge done, full_size=687400173
R0 [P2] iter 863 done: global_full_size=687400173
R0 [P2] iter 863: PRE-JOIN GPU mem: 79.0GB free / 85.1GB total | delta_size=87865 full_size=687400173
R0 [P2] iter 863: join done, raw=87788 result_size=87782
R0 [P2] iter 863: split done, delta_size=87782
R0 [P2] iter 863: dedup done, delta_size=87782
R0 [P2] iter 863: subtract done, delta_size=87615
R0 [P2] iter 863: merge done, full_size=687487788
R0 [P2] iter 864 done: global_full_size=687487788
R0 [P2] iter 864: PRE-JOIN GPU mem: 79.0GB free / 85.1GB total | delta_size=87615 full_size=687487788
R0 [P2] iter 864: join done, raw=87537 result_size=87531
R0 [P2] iter 864: split done, delta_size=87531
R0 [P2] iter 864: dedup done, delta_size=87531
R0 [P2] iter 864: subtract done, delta_size=87365
R0 [P2] iter 864: merge done, full_size=687575153
R0 [P2] iter 865 done: global_full_size=687575153
R0 [P2] iter 865: PRE-JOIN GPU mem: 79.0GB free / 85.1GB total | delta_size=87365 full_size=687575153
R0 [P2] iter 865: join done, raw=87284 result_size=87278
R0 [P2] iter 865: split done, delta_size=87278
R0 [P2] iter 865: dedup done, delta_size=87278
R0 [P2] iter 865: subtract done, delta_size=87113
R0 [P2] iter 865: merge done, full_size=687662266
R0 [P2] iter 866 done: global_full_size=687662266
R0 [P2] iter 866: PRE-JOIN GPU mem: 78.9GB free / 85.1GB total | delta_size=87113 full_size=687662266
R0 [P2] iter 866: join done, raw=87031 result_size=87025
R0 [P2] iter 866: split done, delta_size=87025
R0 [P2] iter 866: dedup done, delta_size=87025
R0 [P2] iter 866: subtract done, delta_size=86862
R0 [P2] iter 866: merge done, full_size=687749128
R0 [P2] iter 867 done: global_full_size=687749128
R0 [P2] iter 867: PRE-JOIN GPU mem: 78.9GB free / 85.1GB total | delta_size=86862 full_size=687749128
R0 [P2] iter 867: join done, raw=86776 result_size=86770
R0 [P2] iter 867: split done, delta_size=86770
R0 [P2] iter 867: dedup done, delta_size=86770
R0 [P2] iter 867: subtract done, delta_size=86607
R0 [P2] iter 867: merge done, full_size=687835735
R0 [P2] iter 868 done: global_full_size=687835735
R0 [P2] iter 868: PRE-JOIN GPU mem: 78.9GB free / 85.1GB total | delta_size=86607 full_size=687835735
R0 [P2] iter 868: join done, raw=86520 result_size=86514
R0 [P2] iter 868: split done, delta_size=86514
R0 [P2] iter 868: dedup done, delta_size=86514
R0 [P2] iter 868: subtract done, delta_size=86352
R0 [P2] iter 868: merge done, full_size=687922087
R0 [P2] iter 869 done: global_full_size=687922087
R0 [P2] iter 869: PRE-JOIN GPU mem: 78.9GB free / 85.1GB total | delta_size=86352 full_size=687922087
R0 [P2] iter 869: join done, raw=86267 result_size=86261
R0 [P2] iter 869: split done, delta_size=86261
R0 [P2] iter 869: dedup done, delta_size=86261
R0 [P2] iter 869: subtract done, delta_size=86100
R0 [P2] iter 869: merge done, full_size=688008187
R0 [P2] iter 870 done: global_full_size=688008187
R0 [P2] iter 870: PRE-JOIN GPU mem: 78.9GB free / 85.1GB total | delta_size=86100 full_size=688008187
R0 [P2] iter 870: join done, raw=86016 result_size=86010
R0 [P2] iter 870: split done, delta_size=86010
R0 [P2] iter 870: dedup done, delta_size=86010
R0 [P2] iter 870: subtract done, delta_size=85849
R0 [P2] iter 870: merge done, full_size=688094036
R0 [P2] iter 871 done: global_full_size=688094036
R0 [P2] iter 871: PRE-JOIN GPU mem: 78.9GB free / 85.1GB total | delta_size=85849 full_size=688094036
R0 [P2] iter 871: join done, raw=85763 result_size=85757
R0 [P2] iter 871: split done, delta_size=85757
R0 [P2] iter 871: dedup done, delta_size=85757
R0 [P2] iter 871: subtract done, delta_size=85597
R0 [P2] iter 871: merge done, full_size=688179633
R0 [P2] iter 872 done: global_full_size=688179633
R0 [P2] iter 872: PRE-JOIN GPU mem: 78.9GB free / 85.1GB total | delta_size=85597 full_size=688179633
R0 [P2] iter 872: join done, raw=85512 result_size=85506
R0 [P2] iter 872: split done, delta_size=85506
R0 [P2] iter 872: dedup done, delta_size=85506
R0 [P2] iter 872: subtract done, delta_size=85346
R0 [P2] iter 872: merge done, full_size=688264979
R0 [P2] iter 873 done: global_full_size=688264979
R0 [P2] iter 873: PRE-JOIN GPU mem: 78.9GB free / 85.1GB total | delta_size=85346 full_size=688264979
R0 [P2] iter 873: join done, raw=85261 result_size=85255
R0 [P2] iter 873: split done, delta_size=85255
R0 [P2] iter 873: dedup done, delta_size=85255
R0 [P2] iter 873: subtract done, delta_size=85096
R0 [P2] iter 873: merge done, full_size=688350075
R0 [P2] iter 874 done: global_full_size=688350075
R0 [P2] iter 874: PRE-JOIN GPU mem: 78.9GB free / 85.1GB total | delta_size=85096 full_size=688350075
R0 [P2] iter 874: join done, raw=85017 result_size=85011
R0 [P2] iter 874: split done, delta_size=85011
R0 [P2] iter 874: dedup done, delta_size=85011
R0 [P2] iter 874: subtract done, delta_size=84852
R0 [P2] iter 874: merge done, full_size=688434927
R0 [P2] iter 875 done: global_full_size=688434927
R0 [P2] iter 875: PRE-JOIN GPU mem: 78.9GB free / 85.1GB total | delta_size=84852 full_size=688434927
R0 [P2] iter 875: join done, raw=84767 result_size=84761
R0 [P2] iter 875: split done, delta_size=84761
R0 [P2] iter 875: dedup done, delta_size=84761
R0 [P2] iter 875: subtract done, delta_size=84603
R0 [P2] iter 875: merge done, full_size=688519530
R0 [P2] iter 876 done: global_full_size=688519530
R0 [P2] iter 876: PRE-JOIN GPU mem: 78.9GB free / 85.1GB total | delta_size=84603 full_size=688519530
R0 [P2] iter 876: join done, raw=84519 result_size=84513
R0 [P2] iter 876: split done, delta_size=84513
R0 [P2] iter 876: dedup done, delta_size=84513
R0 [P2] iter 876: subtract done, delta_size=84358
R0 [P2] iter 876: merge done, full_size=688603888
R0 [P2] iter 877 done: global_full_size=688603888
R0 [P2] iter 877: PRE-JOIN GPU mem: 78.9GB free / 85.1GB total | delta_size=84358 full_size=688603888
R0 [P2] iter 877: join done, raw=84279 result_size=84273
R0 [P2] iter 877: split done, delta_size=84273
R0 [P2] iter 877: dedup done, delta_size=84273
R0 [P2] iter 877: subtract done, delta_size=84119
R0 [P2] iter 877: merge done, full_size=688688007
R0 [P2] iter 878 done: global_full_size=688688007
R0 [P2] iter 878: PRE-JOIN GPU mem: 78.9GB free / 85.1GB total | delta_size=84119 full_size=688688007
R0 [P2] iter 878: join done, raw=84042 result_size=84036
R0 [P2] iter 878: split done, delta_size=84036
R0 [P2] iter 878: dedup done, delta_size=84036
R0 [P2] iter 878: subtract done, delta_size=83883
R0 [P2] iter 878: merge done, full_size=688771890
R0 [P2] iter 879 done: global_full_size=688771890
R0 [P2] iter 879: PRE-JOIN GPU mem: 78.9GB free / 85.1GB total | delta_size=83883 full_size=688771890
R0 [P2] iter 879: join done, raw=83805 result_size=83799
R0 [P2] iter 879: split done, delta_size=83799
R0 [P2] iter 879: dedup done, delta_size=83799
R0 [P2] iter 879: subtract done, delta_size=83646
R0 [P2] iter 879: merge done, full_size=688855536
R0 [P2] iter 880 done: global_full_size=688855536
R0 [P2] iter 880: PRE-JOIN GPU mem: 78.9GB free / 85.1GB total | delta_size=83646 full_size=688855536
R0 [P2] iter 880: join done, raw=83572 result_size=83566
R0 [P2] iter 880: split done, delta_size=83566
R0 [P2] iter 880: dedup done, delta_size=83566
R0 [P2] iter 880: subtract done, delta_size=83413
R0 [P2] iter 880: merge done, full_size=688938949
R0 [P2] iter 881 done: global_full_size=688938949
R0 [P2] iter 881: PRE-JOIN GPU mem: 78.9GB free / 85.1GB total | delta_size=83413 full_size=688938949
R0 [P2] iter 881: join done, raw=83341 result_size=83335
R0 [P2] iter 881: split done, delta_size=83335
R0 [P2] iter 881: dedup done, delta_size=83335
R0 [P2] iter 881: subtract done, delta_size=83182
R0 [P2] iter 881: merge done, full_size=689022131
R0 [P2] iter 882 done: global_full_size=689022131
R0 [P2] iter 882: PRE-JOIN GPU mem: 78.9GB free / 85.1GB total | delta_size=83182 full_size=689022131
R0 [P2] iter 882: join done, raw=83115 result_size=83109
R0 [P2] iter 882: split done, delta_size=83109
R0 [P2] iter 882: dedup done, delta_size=83109
R0 [P2] iter 882: subtract done, delta_size=82956
R0 [P2] iter 882: merge done, full_size=689105087
R0 [P2] iter 883 done: global_full_size=689105087
R0 [P2] iter 883: PRE-JOIN GPU mem: 78.9GB free / 85.1GB total | delta_size=82956 full_size=689105087
R0 [P2] iter 883: join done, raw=82887 result_size=82881
R0 [P2] iter 883: split done, delta_size=82881
R0 [P2] iter 883: dedup done, delta_size=82881
R0 [P2] iter 883: subtract done, delta_size=82728
R0 [P2] iter 883: merge done, full_size=689187815
R0 [P2] iter 884 done: global_full_size=689187815
R0 [P2] iter 884: PRE-JOIN GPU mem: 78.9GB free / 85.1GB total | delta_size=82728 full_size=689187815
R0 [P2] iter 884: join done, raw=82658 result_size=82652
R0 [P2] iter 884: split done, delta_size=82652
R0 [P2] iter 884: dedup done, delta_size=82652
R0 [P2] iter 884: subtract done, delta_size=82500
R0 [P2] iter 884: merge done, full_size=689270315
R0 [P2] iter 885 done: global_full_size=689270315
R0 [P2] iter 885: PRE-JOIN GPU mem: 78.9GB free / 85.1GB total | delta_size=82500 full_size=689270315
R0 [P2] iter 885: join done, raw=82427 result_size=82421
R0 [P2] iter 885: split done, delta_size=82421
R0 [P2] iter 885: dedup done, delta_size=82421
R0 [P2] iter 885: subtract done, delta_size=82270
R0 [P2] iter 885: merge done, full_size=689352585
R0 [P2] iter 886 done: global_full_size=689352585
R0 [P2] iter 886: PRE-JOIN GPU mem: 78.9GB free / 85.1GB total | delta_size=82270 full_size=689352585
R0 [P2] iter 886: join done, raw=82196 result_size=82190
R0 [P2] iter 886: split done, delta_size=82190
R0 [P2] iter 886: dedup done, delta_size=82190
R0 [P2] iter 886: subtract done, delta_size=82040
R0 [P2] iter 886: merge done, full_size=689434625
R0 [P2] iter 887 done: global_full_size=689434625
R0 [P2] iter 887: PRE-JOIN GPU mem: 78.9GB free / 85.1GB total | delta_size=82040 full_size=689434625
R0 [P2] iter 887: join done, raw=81969 result_size=81963
R0 [P2] iter 887: split done, delta_size=81963
R0 [P2] iter 887: dedup done, delta_size=81963
R0 [P2] iter 887: subtract done, delta_size=81813
R0 [P2] iter 887: merge done, full_size=689516438
R0 [P2] iter 888 done: global_full_size=689516438
R0 [P2] iter 888: PRE-JOIN GPU mem: 78.9GB free / 85.1GB total | delta_size=81813 full_size=689516438
R0 [P2] iter 888: join done, raw=81747 result_size=81741
R0 [P2] iter 888: split done, delta_size=81741
R0 [P2] iter 888: dedup done, delta_size=81741
R0 [P2] iter 888: subtract done, delta_size=81593
R0 [P2] iter 888: merge done, full_size=689598031
R0 [P2] iter 889 done: global_full_size=689598031
R0 [P2] iter 889: PRE-JOIN GPU mem: 78.9GB free / 85.1GB total | delta_size=81593 full_size=689598031
R0 [P2] iter 889: join done, raw=81528 result_size=81522
R0 [P2] iter 889: split done, delta_size=81522
R0 [P2] iter 889: dedup done, delta_size=81522
R0 [P2] iter 889: subtract done, delta_size=81374
R0 [P2] iter 889: merge done, full_size=689679405
R0 [P2] iter 890 done: global_full_size=689679405
R0 [P2] iter 890: PRE-JOIN GPU mem: 78.9GB free / 85.1GB total | delta_size=81374 full_size=689679405
R0 [P2] iter 890: join done, raw=81308 result_size=81302
R0 [P2] iter 890: split done, delta_size=81302
R0 [P2] iter 890: dedup done, delta_size=81302
R0 [P2] iter 890: subtract done, delta_size=81154
R0 [P2] iter 890: merge done, full_size=689760559
R0 [P2] iter 891 done: global_full_size=689760559
R0 [P2] iter 891: PRE-JOIN GPU mem: 78.9GB free / 85.1GB total | delta_size=81154 full_size=689760559
R0 [P2] iter 891: join done, raw=81090 result_size=81084
R0 [P2] iter 891: split done, delta_size=81084
R0 [P2] iter 891: dedup done, delta_size=81084
R0 [P2] iter 891: subtract done, delta_size=80937
R0 [P2] iter 891: merge done, full_size=689841496
R0 [P2] iter 892 done: global_full_size=689841496
R0 [P2] iter 892: PRE-JOIN GPU mem: 78.9GB free / 85.1GB total | delta_size=80937 full_size=689841496
R0 [P2] iter 892: join done, raw=80871 result_size=80865
R0 [P2] iter 892: split done, delta_size=80865
R0 [P2] iter 892: dedup done, delta_size=80865
R0 [P2] iter 892: subtract done, delta_size=80719
R0 [P2] iter 892: merge done, full_size=689922215
R0 [P2] iter 893 done: global_full_size=689922215
R0 [P2] iter 893: PRE-JOIN GPU mem: 78.9GB free / 85.1GB total | delta_size=80719 full_size=689922215
R0 [P2] iter 893: join done, raw=80655 result_size=80649
R0 [P2] iter 893: split done, delta_size=80649
R0 [P2] iter 893: dedup done, delta_size=80649
R0 [P2] iter 893: subtract done, delta_size=80503
R0 [P2] iter 893: merge done, full_size=690002718
R0 [P2] iter 894 done: global_full_size=690002718
R0 [P2] iter 894: PRE-JOIN GPU mem: 78.9GB free / 85.1GB total | delta_size=80503 full_size=690002718
R0 [P2] iter 894: join done, raw=80438 result_size=80432
R0 [P2] iter 894: split done, delta_size=80432
R0 [P2] iter 894: dedup done, delta_size=80432
R0 [P2] iter 894: subtract done, delta_size=80286
R0 [P2] iter 894: merge done, full_size=690083004
R0 [P2] iter 895 done: global_full_size=690083004
R0 [P2] iter 895: PRE-JOIN GPU mem: 78.9GB free / 85.1GB total | delta_size=80286 full_size=690083004
R0 [P2] iter 895: join done, raw=80221 result_size=80215
R0 [P2] iter 895: split done, delta_size=80215
R0 [P2] iter 895: dedup done, delta_size=80215
R0 [P2] iter 895: subtract done, delta_size=80069
R0 [P2] iter 895: merge done, full_size=690163073
R0 [P2] iter 896 done: global_full_size=690163073
R0 [P2] iter 896: PRE-JOIN GPU mem: 78.9GB free / 85.1GB total | delta_size=80069 full_size=690163073
R0 [P2] iter 896: join done, raw=80005 result_size=79999
R0 [P2] iter 896: split done, delta_size=79999
R0 [P2] iter 896: dedup done, delta_size=79999
R0 [P2] iter 896: subtract done, delta_size=79852
R0 [P2] iter 896: merge done, full_size=690242925
R0 [P2] iter 897 done: global_full_size=690242925
R0 [P2] iter 897: PRE-JOIN GPU mem: 78.9GB free / 85.1GB total | delta_size=79852 full_size=690242925
R0 [P2] iter 897: join done, raw=79788 result_size=79782
R0 [P2] iter 897: split done, delta_size=79782
R0 [P2] iter 897: dedup done, delta_size=79782
R0 [P2] iter 897: subtract done, delta_size=79635
R0 [P2] iter 897: merge done, full_size=690322560
R0 [P2] iter 898 done: global_full_size=690322560
R0 [P2] iter 898: PRE-JOIN GPU mem: 78.9GB free / 85.1GB total | delta_size=79635 full_size=690322560
R0 [P2] iter 898: join done, raw=79572 result_size=79566
R0 [P2] iter 898: split done, delta_size=79566
R0 [P2] iter 898: dedup done, delta_size=79566
R0 [P2] iter 898: subtract done, delta_size=79419
R0 [P2] iter 898: merge done, full_size=690401979
R0 [P2] iter 899 done: global_full_size=690401979
R0 [P2] iter 899: PRE-JOIN GPU mem: 78.9GB free / 85.1GB total | delta_size=79419 full_size=690401979
R0 [P2] iter 899: join done, raw=79353 result_size=79347
R0 [P2] iter 899: split done, delta_size=79347
R0 [P2] iter 899: dedup done, delta_size=79347
R0 [P2] iter 899: subtract done, delta_size=79200
R0 [P2] iter 899: merge done, full_size=690481179
R0 [P2] iter 900 done: global_full_size=690481179
R0 [P2] iter 900: PRE-JOIN GPU mem: 78.9GB free / 85.1GB total | delta_size=79200 full_size=690481179
R0 [P2] iter 900: join done, raw=79135 result_size=79129
R0 [P2] iter 900: split done, delta_size=79129
R0 [P2] iter 900: dedup done, delta_size=79129
R0 [P2] iter 900: subtract done, delta_size=78982
R0 [P2] iter 900: merge done, full_size=690560161
R0 [P2] iter 901 done: global_full_size=690560161
R0 [P2] iter 901: PRE-JOIN GPU mem: 78.9GB free / 85.1GB total | delta_size=78982 full_size=690560161
R0 [P2] iter 901: join done, raw=78914 result_size=78908
R0 [P2] iter 901: split done, delta_size=78908
R0 [P2] iter 901: dedup done, delta_size=78908
R0 [P2] iter 901: subtract done, delta_size=78761
R0 [P2] iter 901: merge done, full_size=690638922
R0 [P2] iter 902 done: global_full_size=690638922
R0 [P2] iter 902: PRE-JOIN GPU mem: 78.9GB free / 85.1GB total | delta_size=78761 full_size=690638922
R0 [P2] iter 902: join done, raw=78694 result_size=78688
R0 [P2] iter 902: split done, delta_size=78688
R0 [P2] iter 902: dedup done, delta_size=78688
R0 [P2] iter 902: subtract done, delta_size=78542
R0 [P2] iter 902: merge done, full_size=690717464
R0 [P2] iter 903 done: global_full_size=690717464
R0 [P2] iter 903: PRE-JOIN GPU mem: 78.9GB free / 85.1GB total | delta_size=78542 full_size=690717464
R0 [P2] iter 903: join done, raw=78474 result_size=78468
R0 [P2] iter 903: split done, delta_size=78468
R0 [P2] iter 903: dedup done, delta_size=78468
R0 [P2] iter 903: subtract done, delta_size=78323
R0 [P2] iter 903: merge done, full_size=690795787
R0 [P2] iter 904 done: global_full_size=690795787
R0 [P2] iter 904: PRE-JOIN GPU mem: 78.9GB free / 85.1GB total | delta_size=78323 full_size=690795787
R0 [P2] iter 904: join done, raw=78255 result_size=78249
R0 [P2] iter 904: split done, delta_size=78249
R0 [P2] iter 904: dedup done, delta_size=78249
R0 [P2] iter 904: subtract done, delta_size=78104
R0 [P2] iter 904: merge done, full_size=690873891
R0 [P2] iter 905 done: global_full_size=690873891
R0 [P2] iter 905: PRE-JOIN GPU mem: 78.9GB free / 85.1GB total | delta_size=78104 full_size=690873891
R0 [P2] iter 905: join done, raw=78037 result_size=78031
R0 [P2] iter 905: split done, delta_size=78031
R0 [P2] iter 905: dedup done, delta_size=78031
R0 [P2] iter 905: subtract done, delta_size=77886
R0 [P2] iter 905: merge done, full_size=690951777
R0 [P2] iter 906 done: global_full_size=690951777
R0 [P2] iter 906: PRE-JOIN GPU mem: 78.9GB free / 85.1GB total | delta_size=77886 full_size=690951777
R0 [P2] iter 906: join done, raw=77819 result_size=77813
R0 [P2] iter 906: split done, delta_size=77813
R0 [P2] iter 906: dedup done, delta_size=77813
R0 [P2] iter 906: subtract done, delta_size=77669
R0 [P2] iter 906: merge done, full_size=691029446
R0 [P2] iter 907 done: global_full_size=691029446
R0 [P2] iter 907: PRE-JOIN GPU mem: 78.9GB free / 85.1GB total | delta_size=77669 full_size=691029446
R0 [P2] iter 907: join done, raw=77600 result_size=77594
R0 [P2] iter 907: split done, delta_size=77594
R0 [P2] iter 907: dedup done, delta_size=77594
R0 [P2] iter 907: subtract done, delta_size=77450
R0 [P2] iter 907: merge done, full_size=691106896
R0 [P2] iter 908 done: global_full_size=691106896
R0 [P2] iter 908: PRE-JOIN GPU mem: 78.9GB free / 85.1GB total | delta_size=77450 full_size=691106896
R0 [P2] iter 908: join done, raw=77380 result_size=77374
R0 [P2] iter 908: split done, delta_size=77374
R0 [P2] iter 908: dedup done, delta_size=77374
R0 [P2] iter 908: subtract done, delta_size=77232
R0 [P2] iter 908: merge done, full_size=691184128
R0 [P2] iter 909 done: global_full_size=691184128
R0 [P2] iter 909: PRE-JOIN GPU mem: 78.9GB free / 85.1GB total | delta_size=77232 full_size=691184128
R0 [P2] iter 909: join done, raw=77163 result_size=77157
R0 [P2] iter 909: split done, delta_size=77157
R0 [P2] iter 909: dedup done, delta_size=77157
R0 [P2] iter 909: subtract done, delta_size=77015
R0 [P2] iter 909: merge done, full_size=691261143
R0 [P2] iter 910 done: global_full_size=691261143
R0 [P2] iter 910: PRE-JOIN GPU mem: 78.9GB free / 85.1GB total | delta_size=77015 full_size=691261143
R0 [P2] iter 910: join done, raw=76946 result_size=76941
R0 [P2] iter 910: split done, delta_size=76941
R0 [P2] iter 910: dedup done, delta_size=76941
R0 [P2] iter 910: subtract done, delta_size=76799
R0 [P2] iter 910: merge done, full_size=691337942
R0 [P2] iter 911 done: global_full_size=691337942
R0 [P2] iter 911: PRE-JOIN GPU mem: 78.9GB free / 85.1GB total | delta_size=76799 full_size=691337942
R0 [P2] iter 911: join done, raw=76727 result_size=76722
R0 [P2] iter 911: split done, delta_size=76722
R0 [P2] iter 911: dedup done, delta_size=76722
R0 [P2] iter 911: subtract done, delta_size=76580
R0 [P2] iter 911: merge done, full_size=691414522
R0 [P2] iter 912 done: global_full_size=691414522
R0 [P2] iter 912: PRE-JOIN GPU mem: 78.9GB free / 85.1GB total | delta_size=76580 full_size=691414522
R0 [P2] iter 912: join done, raw=76509 result_size=76504
R0 [P2] iter 912: split done, delta_size=76504
R0 [P2] iter 912: dedup done, delta_size=76504
R0 [P2] iter 912: subtract done, delta_size=76363
R0 [P2] iter 912: merge done, full_size=691490885
R0 [P2] iter 913 done: global_full_size=691490885
R0 [P2] iter 913: PRE-JOIN GPU mem: 78.9GB free / 85.1GB total | delta_size=76363 full_size=691490885
R0 [P2] iter 913: join done, raw=76293 result_size=76288
R0 [P2] iter 913: split done, delta_size=76288
R0 [P2] iter 913: dedup done, delta_size=76288
R0 [P2] iter 913: subtract done, delta_size=76148
R0 [P2] iter 913: merge done, full_size=691567033
R0 [P2] iter 914 done: global_full_size=691567033
R0 [P2] iter 914: PRE-JOIN GPU mem: 78.9GB free / 85.1GB total | delta_size=76148 full_size=691567033
R0 [P2] iter 914: join done, raw=76077 result_size=76072
R0 [P2] iter 914: split done, delta_size=76072
R0 [P2] iter 914: dedup done, delta_size=76072
R0 [P2] iter 914: subtract done, delta_size=75933
R0 [P2] iter 914: merge done, full_size=691642966
R0 [P2] iter 915 done: global_full_size=691642966
R0 [P2] iter 915: PRE-JOIN GPU mem: 78.9GB free / 85.1GB total | delta_size=75933 full_size=691642966
R0 [P2] iter 915: join done, raw=75863 result_size=75858
R0 [P2] iter 915: split done, delta_size=75858
R0 [P2] iter 915: dedup done, delta_size=75858
R0 [P2] iter 915: subtract done, delta_size=75719
R0 [P2] iter 915: merge done, full_size=691718685
R0 [P2] iter 916 done: global_full_size=691718685
R0 [P2] iter 916: PRE-JOIN GPU mem: 78.9GB free / 85.1GB total | delta_size=75719 full_size=691718685
R0 [P2] iter 916: join done, raw=75652 result_size=75647
R0 [P2] iter 916: split done, delta_size=75647
R0 [P2] iter 916: dedup done, delta_size=75647
R0 [P2] iter 916: subtract done, delta_size=75508
R0 [P2] iter 916: merge done, full_size=691794193
R0 [P2] iter 917 done: global_full_size=691794193
R0 [P2] iter 917: PRE-JOIN GPU mem: 78.9GB free / 85.1GB total | delta_size=75508 full_size=691794193
R0 [P2] iter 917: join done, raw=75437 result_size=75432
R0 [P2] iter 917: split done, delta_size=75432
R0 [P2] iter 917: dedup done, delta_size=75432
R0 [P2] iter 917: subtract done, delta_size=75294
R0 [P2] iter 917: merge done, full_size=691869487
R0 [P2] iter 918 done: global_full_size=691869487
R0 [P2] iter 918: PRE-JOIN GPU mem: 78.9GB free / 85.1GB total | delta_size=75294 full_size=691869487
R0 [P2] iter 918: join done, raw=75223 result_size=75218
R0 [P2] iter 918: split done, delta_size=75218
R0 [P2] iter 918: dedup done, delta_size=75218
R0 [P2] iter 918: subtract done, delta_size=75080
R0 [P2] iter 918: merge done, full_size=691944567
R0 [P2] iter 919 done: global_full_size=691944567
R0 [P2] iter 919: PRE-JOIN GPU mem: 78.9GB free / 85.1GB total | delta_size=75080 full_size=691944567
R0 [P2] iter 919: join done, raw=75010 result_size=75005
R0 [P2] iter 919: split done, delta_size=75005
R0 [P2] iter 919: dedup done, delta_size=75005
R0 [P2] iter 919: subtract done, delta_size=74867
R0 [P2] iter 919: merge done, full_size=692019434
R0 [P2] iter 920 done: global_full_size=692019434
R0 [P2] iter 920: PRE-JOIN GPU mem: 78.9GB free / 85.1GB total | delta_size=74867 full_size=692019434
R0 [P2] iter 920: join done, raw=74801 result_size=74796
R0 [P2] iter 920: split done, delta_size=74796
R0 [P2] iter 920: dedup done, delta_size=74796
R0 [P2] iter 920: subtract done, delta_size=74657
R0 [P2] iter 920: merge done, full_size=692094091
R0 [P2] iter 921 done: global_full_size=692094091
R0 [P2] iter 921: PRE-JOIN GPU mem: 78.9GB free / 85.1GB total | delta_size=74657 full_size=692094091
R0 [P2] iter 921: join done, raw=74591 result_size=74586
R0 [P2] iter 921: split done, delta_size=74586
R0 [P2] iter 921: dedup done, delta_size=74586
R0 [P2] iter 921: subtract done, delta_size=74447
R0 [P2] iter 921: merge done, full_size=692168538
R0 [P2] iter 922 done: global_full_size=692168538
R0 [P2] iter 922: PRE-JOIN GPU mem: 78.9GB free / 85.1GB total | delta_size=74447 full_size=692168538
R0 [P2] iter 922: join done, raw=74380 result_size=74375
R0 [P2] iter 922: split done, delta_size=74375
R0 [P2] iter 922: dedup done, delta_size=74375
R0 [P2] iter 922: subtract done, delta_size=74236
R0 [P2] iter 922: merge done, full_size=692242774
R0 [P2] iter 923 done: global_full_size=692242774
R0 [P2] iter 923: PRE-JOIN GPU mem: 78.9GB free / 85.1GB total | delta_size=74236 full_size=692242774
R0 [P2] iter 923: join done, raw=74175 result_size=74170
R0 [P2] iter 923: split done, delta_size=74170
R0 [P2] iter 923: dedup done, delta_size=74170
R0 [P2] iter 923: subtract done, delta_size=74031
R0 [P2] iter 923: merge done, full_size=692316805
R0 [P2] iter 924 done: global_full_size=692316805
R0 [P2] iter 924: PRE-JOIN GPU mem: 78.9GB free / 85.1GB total | delta_size=74031 full_size=692316805
R0 [P2] iter 924: join done, raw=73968 result_size=73963
R0 [P2] iter 924: split done, delta_size=73963
R0 [P2] iter 924: dedup done, delta_size=73963
R0 [P2] iter 924: subtract done, delta_size=73824
R0 [P2] iter 924: merge done, full_size=692390629
R0 [P2] iter 925 done: global_full_size=692390629
R0 [P2] iter 925: PRE-JOIN GPU mem: 78.9GB free / 85.1GB total | delta_size=73824 full_size=692390629
R0 [P2] iter 925: join done, raw=73760 result_size=73755
R0 [P2] iter 925: split done, delta_size=73755
R0 [P2] iter 925: dedup done, delta_size=73755
R0 [P2] iter 925: subtract done, delta_size=73616
R0 [P2] iter 925: merge done, full_size=692464245
R0 [P2] iter 926 done: global_full_size=692464245
R0 [P2] iter 926: PRE-JOIN GPU mem: 78.9GB free / 85.1GB total | delta_size=73616 full_size=692464245
R0 [P2] iter 926: join done, raw=73554 result_size=73549
R0 [P2] iter 926: split done, delta_size=73549
R0 [P2] iter 926: dedup done, delta_size=73549
R0 [P2] iter 926: subtract done, delta_size=73411
R0 [P2] iter 926: merge done, full_size=692537656
R0 [P2] iter 927 done: global_full_size=692537656
R0 [P2] iter 927: PRE-JOIN GPU mem: 78.9GB free / 85.1GB total | delta_size=73411 full_size=692537656
R0 [P2] iter 927: join done, raw=73344 result_size=73339
R0 [P2] iter 927: split done, delta_size=73339
R0 [P2] iter 927: dedup done, delta_size=73339
R0 [P2] iter 927: subtract done, delta_size=73201
R0 [P2] iter 927: merge done, full_size=692610857
R0 [P2] iter 928 done: global_full_size=692610857
R0 [P2] iter 928: PRE-JOIN GPU mem: 78.9GB free / 85.1GB total | delta_size=73201 full_size=692610857
R0 [P2] iter 928: join done, raw=73137 result_size=73132
R0 [P2] iter 928: split done, delta_size=73132
R0 [P2] iter 928: dedup done, delta_size=73132
R0 [P2] iter 928: subtract done, delta_size=72996
R0 [P2] iter 928: merge done, full_size=692683853
R0 [P2] iter 929 done: global_full_size=692683853
R0 [P2] iter 929: PRE-JOIN GPU mem: 78.9GB free / 85.1GB total | delta_size=72996 full_size=692683853
R0 [P2] iter 929: join done, raw=72928 result_size=72923
R0 [P2] iter 929: split done, delta_size=72923
R0 [P2] iter 929: dedup done, delta_size=72923
R0 [P2] iter 929: subtract done, delta_size=72789
R0 [P2] iter 929: merge done, full_size=692756642
R0 [P2] iter 930 done: global_full_size=692756642
R0 [P2] iter 930: PRE-JOIN GPU mem: 78.9GB free / 85.1GB total | delta_size=72789 full_size=692756642
R0 [P2] iter 930: join done, raw=72723 result_size=72718
R0 [P2] iter 930: split done, delta_size=72718
R0 [P2] iter 930: dedup done, delta_size=72718
R0 [P2] iter 930: subtract done, delta_size=72584
R0 [P2] iter 930: merge done, full_size=692829226
R0 [P2] iter 931 done: global_full_size=692829226
R0 [P2] iter 931: PRE-JOIN GPU mem: 78.9GB free / 85.1GB total | delta_size=72584 full_size=692829226
R0 [P2] iter 931: join done, raw=72518 result_size=72513
R0 [P2] iter 931: split done, delta_size=72513
R0 [P2] iter 931: dedup done, delta_size=72513
R0 [P2] iter 931: subtract done, delta_size=72381
R0 [P2] iter 931: merge done, full_size=692901607
R0 [P2] iter 932 done: global_full_size=692901607
R0 [P2] iter 932: PRE-JOIN GPU mem: 78.9GB free / 85.1GB total | delta_size=72381 full_size=692901607
R0 [P2] iter 932: join done, raw=72314 result_size=72309
R0 [P2] iter 932: split done, delta_size=72309
R0 [P2] iter 932: dedup done, delta_size=72309
R0 [P2] iter 932: subtract done, delta_size=72178
R0 [P2] iter 932: merge done, full_size=692973785
R0 [P2] iter 933 done: global_full_size=692973785
R0 [P2] iter 933: PRE-JOIN GPU mem: 78.9GB free / 85.1GB total | delta_size=72178 full_size=692973785
R0 [P2] iter 933: join done, raw=72111 result_size=72106
R0 [P2] iter 933: split done, delta_size=72106
R0 [P2] iter 933: dedup done, delta_size=72106
R0 [P2] iter 933: subtract done, delta_size=71976
R0 [P2] iter 933: merge done, full_size=693045761
R0 [P2] iter 934 done: global_full_size=693045761
R0 [P2] iter 934: PRE-JOIN GPU mem: 78.9GB free / 85.1GB total | delta_size=71976 full_size=693045761
R0 [P2] iter 934: join done, raw=71910 result_size=71905
R0 [P2] iter 934: split done, delta_size=71905
R0 [P2] iter 934: dedup done, delta_size=71905
R0 [P2] iter 934: subtract done, delta_size=71775
R0 [P2] iter 934: merge done, full_size=693117536
R0 [P2] iter 935 done: global_full_size=693117536
R0 [P2] iter 935: PRE-JOIN GPU mem: 78.9GB free / 85.1GB total | delta_size=71775 full_size=693117536
R0 [P2] iter 935: join done, raw=71704 result_size=71699
R0 [P2] iter 935: split done, delta_size=71699
R0 [P2] iter 935: dedup done, delta_size=71699
R0 [P2] iter 935: subtract done, delta_size=71569
R0 [P2] iter 935: merge done, full_size=693189105
R0 [P2] iter 936 done: global_full_size=693189105
R0 [P2] iter 936: PRE-JOIN GPU mem: 78.9GB free / 85.1GB total | delta_size=71569 full_size=693189105
R0 [P2] iter 936: join done, raw=71495 result_size=71490
R0 [P2] iter 936: split done, delta_size=71490
R0 [P2] iter 936: dedup done, delta_size=71490
R0 [P2] iter 936: subtract done, delta_size=71360
R0 [P2] iter 936: merge done, full_size=693260465
R0 [P2] iter 937 done: global_full_size=693260465
R0 [P2] iter 937: PRE-JOIN GPU mem: 78.9GB free / 85.1GB total | delta_size=71360 full_size=693260465
R0 [P2] iter 937: join done, raw=71289 result_size=71284
R0 [P2] iter 937: split done, delta_size=71284
R0 [P2] iter 937: dedup done, delta_size=71284
R0 [P2] iter 937: subtract done, delta_size=71155
R0 [P2] iter 937: merge done, full_size=693331620
R0 [P2] iter 938 done: global_full_size=693331620
R0 [P2] iter 938: PRE-JOIN GPU mem: 78.9GB free / 85.1GB total | delta_size=71155 full_size=693331620
R0 [P2] iter 938: join done, raw=71084 result_size=71079
R0 [P2] iter 938: split done, delta_size=71079
R0 [P2] iter 938: dedup done, delta_size=71079
R0 [P2] iter 938: subtract done, delta_size=70951
R0 [P2] iter 938: merge done, full_size=693402571
R0 [P2] iter 939 done: global_full_size=693402571
R0 [P2] iter 939: PRE-JOIN GPU mem: 78.9GB free / 85.1GB total | delta_size=70951 full_size=693402571
R0 [P2] iter 939: join done, raw=70878 result_size=70873
R0 [P2] iter 939: split done, delta_size=70873
R0 [P2] iter 939: dedup done, delta_size=70873
R0 [P2] iter 939: subtract done, delta_size=70745
R0 [P2] iter 939: merge done, full_size=693473316
R0 [P2] iter 940 done: global_full_size=693473316
R0 [P2] iter 940: PRE-JOIN GPU mem: 78.9GB free / 85.1GB total | delta_size=70745 full_size=693473316
R0 [P2] iter 940: join done, raw=70672 result_size=70667
R0 [P2] iter 940: split done, delta_size=70667
R0 [P2] iter 940: dedup done, delta_size=70667
R0 [P2] iter 940: subtract done, delta_size=70539
R0 [P2] iter 940: merge done, full_size=693543855
R0 [P2] iter 941 done: global_full_size=693543855
R0 [P2] iter 941: PRE-JOIN GPU mem: 78.9GB free / 85.1GB total | delta_size=70539 full_size=693543855
R0 [P2] iter 941: join done, raw=70466 result_size=70461
R0 [P2] iter 941: split done, delta_size=70461
R0 [P2] iter 941: dedup done, delta_size=70461
R0 [P2] iter 941: subtract done, delta_size=70334
R0 [P2] iter 941: merge done, full_size=693614189
R0 [P2] iter 942 done: global_full_size=693614189
R0 [P2] iter 942: PRE-JOIN GPU mem: 78.9GB free / 85.1GB total | delta_size=70334 full_size=693614189
R0 [P2] iter 942: join done, raw=70258 result_size=70253
R0 [P2] iter 942: split done, delta_size=70253
R0 [P2] iter 942: dedup done, delta_size=70253
R0 [P2] iter 942: subtract done, delta_size=70127
R0 [P2] iter 942: merge done, full_size=693684316
R0 [P2] iter 943 done: global_full_size=693684316
R0 [P2] iter 943: PRE-JOIN GPU mem: 78.9GB free / 85.1GB total | delta_size=70127 full_size=693684316
R0 [P2] iter 943: join done, raw=70053 result_size=70048
R0 [P2] iter 943: split done, delta_size=70048
R0 [P2] iter 943: dedup done, delta_size=70048
R0 [P2] iter 943: subtract done, delta_size=69922
R0 [P2] iter 943: merge done, full_size=693754238
R0 [P2] iter 944 done: global_full_size=693754238
R0 [P2] iter 944: PRE-JOIN GPU mem: 78.9GB free / 85.1GB total | delta_size=69922 full_size=693754238
R0 [P2] iter 944: join done, raw=69846 result_size=69841
R0 [P2] iter 944: split done, delta_size=69841
R0 [P2] iter 944: dedup done, delta_size=69841
R0 [P2] iter 944: subtract done, delta_size=69716
R0 [P2] iter 944: merge done, full_size=693823954
R0 [P2] iter 945 done: global_full_size=693823954
R0 [P2] iter 945: PRE-JOIN GPU mem: 78.9GB free / 85.1GB total | delta_size=69716 full_size=693823954
R0 [P2] iter 945: join done, raw=69640 result_size=69635
R0 [P2] iter 945: split done, delta_size=69635
R0 [P2] iter 945: dedup done, delta_size=69635
R0 [P2] iter 945: subtract done, delta_size=69511
R0 [P2] iter 945: merge done, full_size=693893465
R0 [P2] iter 946 done: global_full_size=693893465
R0 [P2] iter 946: PRE-JOIN GPU mem: 78.9GB free / 85.1GB total | delta_size=69511 full_size=693893465
R0 [P2] iter 946: join done, raw=69434 result_size=69429
R0 [P2] iter 946: split done, delta_size=69429
R0 [P2] iter 946: dedup done, delta_size=69429
R0 [P2] iter 946: subtract done, delta_size=69305
R0 [P2] iter 946: merge done, full_size=693962770
R0 [P2] iter 947 done: global_full_size=693962770
R0 [P2] iter 947: PRE-JOIN GPU mem: 78.9GB free / 85.1GB total | delta_size=69305 full_size=693962770
R0 [P2] iter 947: join done, raw=69234 result_size=69229
R0 [P2] iter 947: split done, delta_size=69229
R0 [P2] iter 947: dedup done, delta_size=69229
R0 [P2] iter 947: subtract done, delta_size=69108
R0 [P2] iter 947: merge done, full_size=694031878
R0 [P2] iter 948 done: global_full_size=694031878
R0 [P2] iter 948: PRE-JOIN GPU mem: 78.9GB free / 85.1GB total | delta_size=69108 full_size=694031878
R0 [P2] iter 948: join done, raw=69037 result_size=69032
R0 [P2] iter 948: split done, delta_size=69032
R0 [P2] iter 948: dedup done, delta_size=69032
R0 [P2] iter 948: subtract done, delta_size=68911
R0 [P2] iter 948: merge done, full_size=694100789
R0 [P2] iter 949 done: global_full_size=694100789
R0 [P2] iter 949: PRE-JOIN GPU mem: 78.9GB free / 85.1GB total | delta_size=68911 full_size=694100789
R0 [P2] iter 949: join done, raw=68838 result_size=68833
R0 [P2] iter 949: split done, delta_size=68833
R0 [P2] iter 949: dedup done, delta_size=68833
R0 [P2] iter 949: subtract done, delta_size=68712
R0 [P2] iter 949: merge done, full_size=694169501
R0 [P2] iter 950 done: global_full_size=694169501
R0 [P2] iter 950: PRE-JOIN GPU mem: 78.9GB free / 85.1GB total | delta_size=68712 full_size=694169501
R0 [P2] iter 950: join done, raw=68640 result_size=68635
R0 [P2] iter 950: split done, delta_size=68635
R0 [P2] iter 950: dedup done, delta_size=68635
R0 [P2] iter 950: subtract done, delta_size=68514
R0 [P2] iter 950: merge done, full_size=694238015
R0 [P2] iter 951 done: global_full_size=694238015
R0 [P2] iter 951: PRE-JOIN GPU mem: 78.9GB free / 85.1GB total | delta_size=68514 full_size=694238015
R0 [P2] iter 951: join done, raw=68439 result_size=68434
R0 [P2] iter 951: split done, delta_size=68434
R0 [P2] iter 951: dedup done, delta_size=68434
R0 [P2] iter 951: subtract done, delta_size=68315
R0 [P2] iter 951: merge done, full_size=694306330
R0 [P2] iter 952 done: global_full_size=694306330
R0 [P2] iter 952: PRE-JOIN GPU mem: 78.9GB free / 85.1GB total | delta_size=68315 full_size=694306330
R0 [P2] iter 952: join done, raw=68243 result_size=68238
R0 [P2] iter 952: split done, delta_size=68238
R0 [P2] iter 952: dedup done, delta_size=68238
R0 [P2] iter 952: subtract done, delta_size=68119
R0 [P2] iter 952: merge done, full_size=694374449
R0 [P2] iter 953 done: global_full_size=694374449
R0 [P2] iter 953: PRE-JOIN GPU mem: 78.9GB free / 85.1GB total | delta_size=68119 full_size=694374449
R0 [P2] iter 953: join done, raw=68047 result_size=68042
R0 [P2] iter 953: split done, delta_size=68042
R0 [P2] iter 953: dedup done, delta_size=68042
R0 [P2] iter 953: subtract done, delta_size=67923
R0 [P2] iter 953: merge done, full_size=694442372
R0 [P2] iter 954 done: global_full_size=694442372
R0 [P2] iter 954: PRE-JOIN GPU mem: 78.9GB free / 85.1GB total | delta_size=67923 full_size=694442372
R0 [P2] iter 954: join done, raw=67851 result_size=67846
R0 [P2] iter 954: split done, delta_size=67846
R0 [P2] iter 954: dedup done, delta_size=67846
R0 [P2] iter 954: subtract done, delta_size=67727
R0 [P2] iter 954: merge done, full_size=694510099
R0 [P2] iter 955 done: global_full_size=694510099
R0 [P2] iter 955: PRE-JOIN GPU mem: 78.9GB free / 85.1GB total | delta_size=67727 full_size=694510099
R0 [P2] iter 955: join done, raw=67655 result_size=67650
R0 [P2] iter 955: split done, delta_size=67650
R0 [P2] iter 955: dedup done, delta_size=67650
R0 [P2] iter 955: subtract done, delta_size=67533
R0 [P2] iter 955: merge done, full_size=694577632
R0 [P2] iter 956 done: global_full_size=694577632
R0 [P2] iter 956: PRE-JOIN GPU mem: 78.9GB free / 85.1GB total | delta_size=67533 full_size=694577632
R0 [P2] iter 956: join done, raw=67461 result_size=67456
R0 [P2] iter 956: split done, delta_size=67456
R0 [P2] iter 956: dedup done, delta_size=67456
R0 [P2] iter 956: subtract done, delta_size=67339
R0 [P2] iter 956: merge done, full_size=694644971
R0 [P2] iter 957 done: global_full_size=694644971
R0 [P2] iter 957: PRE-JOIN GPU mem: 78.9GB free / 85.1GB total | delta_size=67339 full_size=694644971
R0 [P2] iter 957: join done, raw=67267 result_size=67262
R0 [P2] iter 957: split done, delta_size=67262
R0 [P2] iter 957: dedup done, delta_size=67262
R0 [P2] iter 957: subtract done, delta_size=67145
R0 [P2] iter 957: merge done, full_size=694712116
R0 [P2] iter 958 done: global_full_size=694712116
R0 [P2] iter 958: PRE-JOIN GPU mem: 78.9GB free / 85.1GB total | delta_size=67145 full_size=694712116
R0 [P2] iter 958: join done, raw=67077 result_size=67072
R0 [P2] iter 958: split done, delta_size=67072
R0 [P2] iter 958: dedup done, delta_size=67072
R0 [P2] iter 958: subtract done, delta_size=66957
R0 [P2] iter 958: merge done, full_size=694779073
R0 [P2] iter 959 done: global_full_size=694779073
R0 [P2] iter 959: PRE-JOIN GPU mem: 78.9GB free / 85.1GB total | delta_size=66957 full_size=694779073
R0 [P2] iter 959: join done, raw=66889 result_size=66884
R0 [P2] iter 959: split done, delta_size=66884
R0 [P2] iter 959: dedup done, delta_size=66884
R0 [P2] iter 959: subtract done, delta_size=66770
R0 [P2] iter 959: merge done, full_size=694845843
R0 [P2] iter 960 done: global_full_size=694845843
R0 [P2] iter 960: PRE-JOIN GPU mem: 78.9GB free / 85.1GB total | delta_size=66770 full_size=694845843
R0 [P2] iter 960: join done, raw=66697 result_size=66692
R0 [P2] iter 960: split done, delta_size=66692
R0 [P2] iter 960: dedup done, delta_size=66692
R0 [P2] iter 960: subtract done, delta_size=66578
R0 [P2] iter 960: merge done, full_size=694912421
R0 [P2] iter 961 done: global_full_size=694912421
R0 [P2] iter 961: PRE-JOIN GPU mem: 78.9GB free / 85.1GB total | delta_size=66578 full_size=694912421
R0 [P2] iter 961: join done, raw=66510 result_size=66505
R0 [P2] iter 961: split done, delta_size=66505
R0 [P2] iter 961: dedup done, delta_size=66505
R0 [P2] iter 961: subtract done, delta_size=66391
R0 [P2] iter 961: merge done, full_size=694978812
R0 [P2] iter 962 done: global_full_size=694978812
R0 [P2] iter 962: PRE-JOIN GPU mem: 78.9GB free / 85.1GB total | delta_size=66391 full_size=694978812
R0 [P2] iter 962: join done, raw=66322 result_size=66317
R0 [P2] iter 962: split done, delta_size=66317
R0 [P2] iter 962: dedup done, delta_size=66317
R0 [P2] iter 962: subtract done, delta_size=66205
R0 [P2] iter 962: merge done, full_size=695045017
R0 [P2] iter 963 done: global_full_size=695045017
R0 [P2] iter 963: PRE-JOIN GPU mem: 78.9GB free / 85.1GB total | delta_size=66205 full_size=695045017
R0 [P2] iter 963: join done, raw=66138 result_size=66133
R0 [P2] iter 963: split done, delta_size=66133
R0 [P2] iter 963: dedup done, delta_size=66133
R0 [P2] iter 963: subtract done, delta_size=66021
R0 [P2] iter 963: merge done, full_size=695111038
R0 [P2] iter 964 done: global_full_size=695111038
R0 [P2] iter 964: PRE-JOIN GPU mem: 78.9GB free / 85.1GB total | delta_size=66021 full_size=695111038
R0 [P2] iter 964: join done, raw=65957 result_size=65952
R0 [P2] iter 964: split done, delta_size=65952
R0 [P2] iter 964: dedup done, delta_size=65952
R0 [P2] iter 964: subtract done, delta_size=65840
R0 [P2] iter 964: merge done, full_size=695176878
R0 [P2] iter 965 done: global_full_size=695176878
R0 [P2] iter 965: PRE-JOIN GPU mem: 78.9GB free / 85.1GB total | delta_size=65840 full_size=695176878
R0 [P2] iter 965: join done, raw=65777 result_size=65772
R0 [P2] iter 965: split done, delta_size=65772
R0 [P2] iter 965: dedup done, delta_size=65772
R0 [P2] iter 965: subtract done, delta_size=65660
R0 [P2] iter 965: merge done, full_size=695242538
R0 [P2] iter 966 done: global_full_size=695242538
R0 [P2] iter 966: PRE-JOIN GPU mem: 78.9GB free / 85.1GB total | delta_size=65660 full_size=695242538
R0 [P2] iter 966: join done, raw=65596 result_size=65591
R0 [P2] iter 966: split done, delta_size=65591
R0 [P2] iter 966: dedup done, delta_size=65591
R0 [P2] iter 966: subtract done, delta_size=65478
R0 [P2] iter 966: merge done, full_size=695308016
R0 [P2] iter 967 done: global_full_size=695308016
R0 [P2] iter 967: PRE-JOIN GPU mem: 78.9GB free / 85.1GB total | delta_size=65478 full_size=695308016
R0 [P2] iter 967: join done, raw=65415 result_size=65410
R0 [P2] iter 967: split done, delta_size=65410
R0 [P2] iter 967: dedup done, delta_size=65410
R0 [P2] iter 967: subtract done, delta_size=65297
R0 [P2] iter 967: merge done, full_size=695373313
R0 [P2] iter 968 done: global_full_size=695373313
R0 [P2] iter 968: PRE-JOIN GPU mem: 78.9GB free / 85.1GB total | delta_size=65297 full_size=695373313
R0 [P2] iter 968: join done, raw=65236 result_size=65231
R0 [P2] iter 968: split done, delta_size=65231
R0 [P2] iter 968: dedup done, delta_size=65231
R0 [P2] iter 968: subtract done, delta_size=65118
R0 [P2] iter 968: merge done, full_size=695438431
R0 [P2] iter 969 done: global_full_size=695438431
R0 [P2] iter 969: PRE-JOIN GPU mem: 78.9GB free / 85.1GB total | delta_size=65118 full_size=695438431
R0 [P2] iter 969: join done, raw=65056 result_size=65051
R0 [P2] iter 969: split done, delta_size=65051
R0 [P2] iter 969: dedup done, delta_size=65051
R0 [P2] iter 969: subtract done, delta_size=64938
R0 [P2] iter 969: merge done, full_size=695503369
R0 [P2] iter 970 done: global_full_size=695503369
R0 [P2] iter 970: PRE-JOIN GPU mem: 78.9GB free / 85.1GB total | delta_size=64938 full_size=695503369
R0 [P2] iter 970: join done, raw=64879 result_size=64874
R0 [P2] iter 970: split done, delta_size=64874
R0 [P2] iter 970: dedup done, delta_size=64874
R0 [P2] iter 970: subtract done, delta_size=64761
R0 [P2] iter 970: merge done, full_size=695568130
R0 [P2] iter 971 done: global_full_size=695568130
R0 [P2] iter 971: PRE-JOIN GPU mem: 78.9GB free / 85.1GB total | delta_size=64761 full_size=695568130
R0 [P2] iter 971: join done, raw=64702 result_size=64697
R0 [P2] iter 971: split done, delta_size=64697
R0 [P2] iter 971: dedup done, delta_size=64697
R0 [P2] iter 971: subtract done, delta_size=64584
R0 [P2] iter 971: merge done, full_size=695632714
R0 [P2] iter 972 done: global_full_size=695632714
R0 [P2] iter 972: PRE-JOIN GPU mem: 78.9GB free / 85.1GB total | delta_size=64584 full_size=695632714
R0 [P2] iter 972: join done, raw=64526 result_size=64521
R0 [P2] iter 972: split done, delta_size=64521
R0 [P2] iter 972: dedup done, delta_size=64521
R0 [P2] iter 972: subtract done, delta_size=64408
R0 [P2] iter 972: merge done, full_size=695697122
R0 [P2] iter 973 done: global_full_size=695697122
R0 [P2] iter 973: PRE-JOIN GPU mem: 78.9GB free / 85.1GB total | delta_size=64408 full_size=695697122
R0 [P2] iter 973: join done, raw=64348 result_size=64343
R0 [P2] iter 973: split done, delta_size=64343
R0 [P2] iter 973: dedup done, delta_size=64343
R0 [P2] iter 973: subtract done, delta_size=64229
R0 [P2] iter 973: merge done, full_size=695761351
R0 [P2] iter 974 done: global_full_size=695761351
R0 [P2] iter 974: PRE-JOIN GPU mem: 78.9GB free / 85.1GB total | delta_size=64229 full_size=695761351
R0 [P2] iter 974: join done, raw=64169 result_size=64164
R0 [P2] iter 974: split done, delta_size=64164
R0 [P2] iter 974: dedup done, delta_size=64164
R0 [P2] iter 974: subtract done, delta_size=64050
R0 [P2] iter 974: merge done, full_size=695825401
R0 [P2] iter 975 done: global_full_size=695825401
R0 [P2] iter 975: PRE-JOIN GPU mem: 78.9GB free / 85.1GB total | delta_size=64050 full_size=695825401
R0 [P2] iter 975: join done, raw=63989 result_size=63984
R0 [P2] iter 975: split done, delta_size=63984
R0 [P2] iter 975: dedup done, delta_size=63984
R0 [P2] iter 975: subtract done, delta_size=63870
R0 [P2] iter 975: merge done, full_size=695889271
R0 [P2] iter 976 done: global_full_size=695889271
R0 [P2] iter 976: PRE-JOIN GPU mem: 78.9GB free / 85.1GB total | delta_size=63870 full_size=695889271
R0 [P2] iter 976: join done, raw=63807 result_size=63802
R0 [P2] iter 976: split done, delta_size=63802
R0 [P2] iter 976: dedup done, delta_size=63802
R0 [P2] iter 976: subtract done, delta_size=63687
R0 [P2] iter 976: merge done, full_size=695952958
R0 [P2] iter 977 done: global_full_size=695952958
R0 [P2] iter 977: PRE-JOIN GPU mem: 78.9GB free / 85.1GB total | delta_size=63687 full_size=695952958
R0 [P2] iter 977: join done, raw=63624 result_size=63619
R0 [P2] iter 977: split done, delta_size=63619
R0 [P2] iter 977: dedup done, delta_size=63619
R0 [P2] iter 977: subtract done, delta_size=63504
R0 [P2] iter 977: merge done, full_size=696016462
R0 [P2] iter 978 done: global_full_size=696016462
R0 [P2] iter 978: PRE-JOIN GPU mem: 78.9GB free / 85.1GB total | delta_size=63504 full_size=696016462
R0 [P2] iter 978: join done, raw=63443 result_size=63438
R0 [P2] iter 978: split done, delta_size=63438
R0 [P2] iter 978: dedup done, delta_size=63438
R0 [P2] iter 978: subtract done, delta_size=63323
R0 [P2] iter 978: merge done, full_size=696079785
R0 [P2] iter 979 done: global_full_size=696079785
R0 [P2] iter 979: PRE-JOIN GPU mem: 78.9GB free / 85.1GB total | delta_size=63323 full_size=696079785
R0 [P2] iter 979: join done, raw=63259 result_size=63254
R0 [P2] iter 979: split done, delta_size=63254
R0 [P2] iter 979: dedup done, delta_size=63254
R0 [P2] iter 979: subtract done, delta_size=63139
R0 [P2] iter 979: merge done, full_size=696142924
R0 [P2] iter 980 done: global_full_size=696142924
R0 [P2] iter 980: PRE-JOIN GPU mem: 78.9GB free / 85.1GB total | delta_size=63139 full_size=696142924
R0 [P2] iter 980: join done, raw=63075 result_size=63070
R0 [P2] iter 980: split done, delta_size=63070
R0 [P2] iter 980: dedup done, delta_size=63070
R0 [P2] iter 980: subtract done, delta_size=62955
R0 [P2] iter 980: merge done, full_size=696205879
R0 [P2] iter 981 done: global_full_size=696205879
R0 [P2] iter 981: PRE-JOIN GPU mem: 78.9GB free / 85.1GB total | delta_size=62955 full_size=696205879
R0 [P2] iter 981: join done, raw=62898 result_size=62893
R0 [P2] iter 981: split done, delta_size=62893
R0 [P2] iter 981: dedup done, delta_size=62893
R0 [P2] iter 981: subtract done, delta_size=62777
R0 [P2] iter 981: merge done, full_size=696268656
R0 [P2] iter 982 done: global_full_size=696268656
R0 [P2] iter 982: PRE-JOIN GPU mem: 78.9GB free / 85.1GB total | delta_size=62777 full_size=696268656
R0 [P2] iter 982: join done, raw=62717 result_size=62712
R0 [P2] iter 982: split done, delta_size=62712
R0 [P2] iter 982: dedup done, delta_size=62712
R0 [P2] iter 982: subtract done, delta_size=62598
R0 [P2] iter 982: merge done, full_size=696331254
R0 [P2] iter 983 done: global_full_size=696331254
R0 [P2] iter 983: PRE-JOIN GPU mem: 78.9GB free / 85.1GB total | delta_size=62598 full_size=696331254
R0 [P2] iter 983: join done, raw=62539 result_size=62534
R0 [P2] iter 983: split done, delta_size=62534
R0 [P2] iter 983: dedup done, delta_size=62534
R0 [P2] iter 983: subtract done, delta_size=62419
R0 [P2] iter 983: merge done, full_size=696393673
R0 [P2] iter 984 done: global_full_size=696393673
R0 [P2] iter 984: PRE-JOIN GPU mem: 78.9GB free / 85.1GB total | delta_size=62419 full_size=696393673
R0 [P2] iter 984: join done, raw=62363 result_size=62358
R0 [P2] iter 984: split done, delta_size=62358
R0 [P2] iter 984: dedup done, delta_size=62358
R0 [P2] iter 984: subtract done, delta_size=62244
R0 [P2] iter 984: merge done, full_size=696455917
R0 [P2] iter 985 done: global_full_size=696455917
R0 [P2] iter 985: PRE-JOIN GPU mem: 78.9GB free / 85.1GB total | delta_size=62244 full_size=696455917
R0 [P2] iter 985: join done, raw=62186 result_size=62181
R0 [P2] iter 985: split done, delta_size=62181
R0 [P2] iter 985: dedup done, delta_size=62181
R0 [P2] iter 985: subtract done, delta_size=62067
R0 [P2] iter 985: merge done, full_size=696517984
R0 [P2] iter 986 done: global_full_size=696517984
R0 [P2] iter 986: PRE-JOIN GPU mem: 78.9GB free / 85.1GB total | delta_size=62067 full_size=696517984
R0 [P2] iter 986: join done, raw=62005 result_size=62000
R0 [P2] iter 986: split done, delta_size=62000
R0 [P2] iter 986: dedup done, delta_size=62000
R0 [P2] iter 986: subtract done, delta_size=61887
R0 [P2] iter 986: merge done, full_size=696579871
R0 [P2] iter 987 done: global_full_size=696579871
R0 [P2] iter 987: PRE-JOIN GPU mem: 78.9GB free / 85.1GB total | delta_size=61887 full_size=696579871
R0 [P2] iter 987: join done, raw=61829 result_size=61823
R0 [P2] iter 987: split done, delta_size=61823
R0 [P2] iter 987: dedup done, delta_size=61823
R0 [P2] iter 987: subtract done, delta_size=61710
R0 [P2] iter 987: merge done, full_size=696641581
R0 [P2] iter 988 done: global_full_size=696641581
R0 [P2] iter 988: PRE-JOIN GPU mem: 78.9GB free / 85.1GB total | delta_size=61710 full_size=696641581
R0 [P2] iter 988: join done, raw=61648 result_size=61643
R0 [P2] iter 988: split done, delta_size=61643
R0 [P2] iter 988: dedup done, delta_size=61643
R0 [P2] iter 988: subtract done, delta_size=61531
R0 [P2] iter 988: merge done, full_size=696703112
R0 [P2] iter 989 done: global_full_size=696703112
R0 [P2] iter 989: PRE-JOIN GPU mem: 78.9GB free / 85.1GB total | delta_size=61531 full_size=696703112
R0 [P2] iter 989: join done, raw=61476 result_size=61471
R0 [P2] iter 989: split done, delta_size=61471
R0 [P2] iter 989: dedup done, delta_size=61471
R0 [P2] iter 989: subtract done, delta_size=61360
R0 [P2] iter 989: merge done, full_size=696764472
R0 [P2] iter 990 done: global_full_size=696764472
R0 [P2] iter 990: PRE-JOIN GPU mem: 78.9GB free / 85.1GB total | delta_size=61360 full_size=696764472
R0 [P2] iter 990: join done, raw=61303 result_size=61298
R0 [P2] iter 990: split done, delta_size=61298
R0 [P2] iter 990: dedup done, delta_size=61298
R0 [P2] iter 990: subtract done, delta_size=61187
R0 [P2] iter 990: merge done, full_size=696825659
R0 [P2] iter 991 done: global_full_size=696825659
R0 [P2] iter 991: PRE-JOIN GPU mem: 78.9GB free / 85.1GB total | delta_size=61187 full_size=696825659
R0 [P2] iter 991: join done, raw=61129 result_size=61124
R0 [P2] iter 991: split done, delta_size=61124
R0 [P2] iter 991: dedup done, delta_size=61124
R0 [P2] iter 991: subtract done, delta_size=61013
R0 [P2] iter 991: merge done, full_size=696886672
R0 [P2] iter 992 done: global_full_size=696886672
R0 [P2] iter 992: PRE-JOIN GPU mem: 78.9GB free / 85.1GB total | delta_size=61013 full_size=696886672
R0 [P2] iter 992: join done, raw=60957 result_size=60952
R0 [P2] iter 992: split done, delta_size=60952
R0 [P2] iter 992: dedup done, delta_size=60952
R0 [P2] iter 992: subtract done, delta_size=60842
R0 [P2] iter 992: merge done, full_size=696947514
R0 [P2] iter 993 done: global_full_size=696947514
R0 [P2] iter 993: PRE-JOIN GPU mem: 78.9GB free / 85.1GB total | delta_size=60842 full_size=696947514
R0 [P2] iter 993: join done, raw=60785 result_size=60780
R0 [P2] iter 993: split done, delta_size=60780
R0 [P2] iter 993: dedup done, delta_size=60780
R0 [P2] iter 993: subtract done, delta_size=60672
R0 [P2] iter 993: merge done, full_size=697008186
R0 [P2] iter 994 done: global_full_size=697008186
R0 [P2] iter 994: PRE-JOIN GPU mem: 78.9GB free / 85.1GB total | delta_size=60672 full_size=697008186
R0 [P2] iter 994: join done, raw=60614 result_size=60609
R0 [P2] iter 994: split done, delta_size=60609
R0 [P2] iter 994: dedup done, delta_size=60609
R0 [P2] iter 994: subtract done, delta_size=60502
R0 [P2] iter 994: merge done, full_size=697068688
R0 [P2] iter 995 done: global_full_size=697068688
R0 [P2] iter 995: PRE-JOIN GPU mem: 78.9GB free / 85.1GB total | delta_size=60502 full_size=697068688
R0 [P2] iter 995: join done, raw=60443 result_size=60438
R0 [P2] iter 995: split done, delta_size=60438
R0 [P2] iter 995: dedup done, delta_size=60438
R0 [P2] iter 995: subtract done, delta_size=60331
R0 [P2] iter 995: merge done, full_size=697129019
R0 [P2] iter 996 done: global_full_size=697129019
R0 [P2] iter 996: PRE-JOIN GPU mem: 78.9GB free / 85.1GB total | delta_size=60331 full_size=697129019
R0 [P2] iter 996: join done, raw=60272 result_size=60267
R0 [P2] iter 996: split done, delta_size=60267
R0 [P2] iter 996: dedup done, delta_size=60267
R0 [P2] iter 996: subtract done, delta_size=60160
R0 [P2] iter 996: merge done, full_size=697189179
R0 [P2] iter 997 done: global_full_size=697189179
R0 [P2] iter 997: PRE-JOIN GPU mem: 78.9GB free / 85.1GB total | delta_size=60160 full_size=697189179
R0 [P2] iter 997: join done, raw=60103 result_size=60098
R0 [P2] iter 997: split done, delta_size=60098
R0 [P2] iter 997: dedup done, delta_size=60098
R0 [P2] iter 997: subtract done, delta_size=59992
R0 [P2] iter 997: merge done, full_size=697249171
R0 [P2] iter 998 done: global_full_size=697249171
R0 [P2] iter 998: PRE-JOIN GPU mem: 78.9GB free / 85.1GB total | delta_size=59992 full_size=697249171
R0 [P2] iter 998: join done, raw=59935 result_size=59930
R0 [P2] iter 998: split done, delta_size=59930
R0 [P2] iter 998: dedup done, delta_size=59930
R0 [P2] iter 998: subtract done, delta_size=59825
R0 [P2] iter 998: merge done, full_size=697308996
R0 [P2] iter 999 done: global_full_size=697308996
R0 [P2] iter 999: PRE-JOIN GPU mem: 78.9GB free / 85.1GB total | delta_size=59825 full_size=697308996
R0 [P2] iter 999: join done, raw=59766 result_size=59761
R0 [P2] iter 999: split done, delta_size=59761
R0 [P2] iter 999: dedup done, delta_size=59761
R0 [P2] iter 999: subtract done, delta_size=59656
R0 [P2] iter 999: merge done, full_size=697368652
R0 [P2] iter 1000 done: global_full_size=697368652
R0 [P2] iter 1000: PRE-JOIN GPU mem: 78.9GB free / 85.1GB total | delta_size=59656 full_size=697368652
R0 [P2] iter 1000: join done, raw=59593 result_size=59589
R0 [P2] iter 1000: split done, delta_size=59589
R0 [P2] iter 1000: dedup done, delta_size=59589
R0 [P2] iter 1000: subtract done, delta_size=59485
R0 [P2] iter 1000: merge done, full_size=697428137
R0 [P2] iter 1001 done: global_full_size=697428137
R0 [P2] iter 1001: PRE-JOIN GPU mem: 78.9GB free / 85.1GB total | delta_size=59485 full_size=697428137
R0 [P2] iter 1001: join done, raw=59421 result_size=59418
R0 [P2] iter 1001: split done, delta_size=59418
R0 [P2] iter 1001: dedup done, delta_size=59418
R0 [P2] iter 1001: subtract done, delta_size=59316
R0 [P2] iter 1001: merge done, full_size=697487453
R0 [P2] iter 1002 done: global_full_size=697487453
R0 [P2] iter 1002: PRE-JOIN GPU mem: 78.9GB free / 85.1GB total | delta_size=59316 full_size=697487453
R0 [P2] iter 1002: join done, raw=59258 result_size=59255
R0 [P2] iter 1002: split done, delta_size=59255
R0 [P2] iter 1002: dedup done, delta_size=59255
R0 [P2] iter 1002: subtract done, delta_size=59153
R0 [P2] iter 1002: merge done, full_size=697546606
R0 [P2] iter 1003 done: global_full_size=697546606
R0 [P2] iter 1003: PRE-JOIN GPU mem: 78.9GB free / 85.1GB total | delta_size=59153 full_size=697546606
R0 [P2] iter 1003: join done, raw=59095 result_size=59092
R0 [P2] iter 1003: split done, delta_size=59092
R0 [P2] iter 1003: dedup done, delta_size=59092
R0 [P2] iter 1003: subtract done, delta_size=58990
R0 [P2] iter 1003: merge done, full_size=697605596
R0 [P2] iter 1004 done: global_full_size=697605596
R0 [P2] iter 1004: PRE-JOIN GPU mem: 78.9GB free / 85.1GB total | delta_size=58990 full_size=697605596
R0 [P2] iter 1004: join done, raw=58932 result_size=58929
R0 [P2] iter 1004: split done, delta_size=58929
R0 [P2] iter 1004: dedup done, delta_size=58929
R0 [P2] iter 1004: subtract done, delta_size=58827
R0 [P2] iter 1004: merge done, full_size=697664423
R0 [P2] iter 1005 done: global_full_size=697664423
R0 [P2] iter 1005: PRE-JOIN GPU mem: 78.9GB free / 85.1GB total | delta_size=58827 full_size=697664423
R0 [P2] iter 1005: join done, raw=58771 result_size=58768
R0 [P2] iter 1005: split done, delta_size=58768
R0 [P2] iter 1005: dedup done, delta_size=58768
R0 [P2] iter 1005: subtract done, delta_size=58666
R0 [P2] iter 1005: merge done, full_size=697723089
R0 [P2] iter 1006 done: global_full_size=697723089
R0 [P2] iter 1006: PRE-JOIN GPU mem: 78.9GB free / 85.1GB total | delta_size=58666 full_size=697723089
R0 [P2] iter 1006: join done, raw=58609 result_size=58606
R0 [P2] iter 1006: split done, delta_size=58606
R0 [P2] iter 1006: dedup done, delta_size=58606
R0 [P2] iter 1006: subtract done, delta_size=58504
R0 [P2] iter 1006: merge done, full_size=697781593
R0 [P2] iter 1007 done: global_full_size=697781593
R0 [P2] iter 1007: PRE-JOIN GPU mem: 78.9GB free / 85.1GB total | delta_size=58504 full_size=697781593
R0 [P2] iter 1007: join done, raw=58449 result_size=58446
R0 [P2] iter 1007: split done, delta_size=58446
R0 [P2] iter 1007: dedup done, delta_size=58446
R0 [P2] iter 1007: subtract done, delta_size=58344
R0 [P2] iter 1007: merge done, full_size=697839937
R0 [P2] iter 1008 done: global_full_size=697839937
R0 [P2] iter 1008: PRE-JOIN GPU mem: 78.9GB free / 85.1GB total | delta_size=58344 full_size=697839937
R0 [P2] iter 1008: join done, raw=58289 result_size=58286
R0 [P2] iter 1008: split done, delta_size=58286
R0 [P2] iter 1008: dedup done, delta_size=58286
R0 [P2] iter 1008: subtract done, delta_size=58184
R0 [P2] iter 1008: merge done, full_size=697898121
R0 [P2] iter 1009 done: global_full_size=697898121
R0 [P2] iter 1009: PRE-JOIN GPU mem: 78.9GB free / 85.1GB total | delta_size=58184 full_size=697898121
R0 [P2] iter 1009: join done, raw=58129 result_size=58126
R0 [P2] iter 1009: split done, delta_size=58126
R0 [P2] iter 1009: dedup done, delta_size=58126
R0 [P2] iter 1009: subtract done, delta_size=58024
R0 [P2] iter 1009: merge done, full_size=697956145
R0 [P2] iter 1010 done: global_full_size=697956145
R0 [P2] iter 1010: PRE-JOIN GPU mem: 78.9GB free / 85.1GB total | delta_size=58024 full_size=697956145
R0 [P2] iter 1010: join done, raw=57973 result_size=57970
R0 [P2] iter 1010: split done, delta_size=57970
R0 [P2] iter 1010: dedup done, delta_size=57970
R0 [P2] iter 1010: subtract done, delta_size=57868
R0 [P2] iter 1010: merge done, full_size=698014013
R0 [P2] iter 1011 done: global_full_size=698014013
R0 [P2] iter 1011: PRE-JOIN GPU mem: 78.9GB free / 85.1GB total | delta_size=57868 full_size=698014013
R0 [P2] iter 1011: join done, raw=57812 result_size=57809
R0 [P2] iter 1011: split done, delta_size=57809
R0 [P2] iter 1011: dedup done, delta_size=57809
R0 [P2] iter 1011: subtract done, delta_size=57707
R0 [P2] iter 1011: merge done, full_size=698071720
R0 [P2] iter 1012 done: global_full_size=698071720
R0 [P2] iter 1012: PRE-JOIN GPU mem: 78.9GB free / 85.1GB total | delta_size=57707 full_size=698071720
R0 [P2] iter 1012: join done, raw=57654 result_size=57651
R0 [P2] iter 1012: split done, delta_size=57651
R0 [P2] iter 1012: dedup done, delta_size=57651
R0 [P2] iter 1012: subtract done, delta_size=57549
R0 [P2] iter 1012: merge done, full_size=698129269
R0 [P2] iter 1013 done: global_full_size=698129269
R0 [P2] iter 1013: PRE-JOIN GPU mem: 78.9GB free / 85.1GB total | delta_size=57549 full_size=698129269
R0 [P2] iter 1013: join done, raw=57497 result_size=57494
R0 [P2] iter 1013: split done, delta_size=57494
R0 [P2] iter 1013: dedup done, delta_size=57494
R0 [P2] iter 1013: subtract done, delta_size=57392
R0 [P2] iter 1013: merge done, full_size=698186661
R0 [P2] iter 1014 done: global_full_size=698186661
R0 [P2] iter 1014: PRE-JOIN GPU mem: 78.9GB free / 85.1GB total | delta_size=57392 full_size=698186661
R0 [P2] iter 1014: join done, raw=57339 result_size=57336
R0 [P2] iter 1014: split done, delta_size=57336
R0 [P2] iter 1014: dedup done, delta_size=57336
R0 [P2] iter 1014: subtract done, delta_size=57235
R0 [P2] iter 1014: merge done, full_size=698243896
R0 [P2] iter 1015 done: global_full_size=698243896
R0 [P2] iter 1015: PRE-JOIN GPU mem: 78.9GB free / 85.1GB total | delta_size=57235 full_size=698243896
R0 [P2] iter 1015: join done, raw=57184 result_size=57181
R0 [P2] iter 1015: split done, delta_size=57181
R0 [P2] iter 1015: dedup done, delta_size=57181
R0 [P2] iter 1015: subtract done, delta_size=57080
R0 [P2] iter 1015: merge done, full_size=698300976
R0 [P2] iter 1016 done: global_full_size=698300976
R0 [P2] iter 1016: PRE-JOIN GPU mem: 78.9GB free / 85.1GB total | delta_size=57080 full_size=698300976
R0 [P2] iter 1016: join done, raw=57029 result_size=57027
R0 [P2] iter 1016: split done, delta_size=57027
R0 [P2] iter 1016: dedup done, delta_size=57027
R0 [P2] iter 1016: subtract done, delta_size=56926
R0 [P2] iter 1016: merge done, full_size=698357902
R0 [P2] iter 1017 done: global_full_size=698357902
R0 [P2] iter 1017: PRE-JOIN GPU mem: 78.9GB free / 85.1GB total | delta_size=56926 full_size=698357902
R0 [P2] iter 1017: join done, raw=56873 result_size=56871
R0 [P2] iter 1017: split done, delta_size=56871
R0 [P2] iter 1017: dedup done, delta_size=56871
R0 [P2] iter 1017: subtract done, delta_size=56770
R0 [P2] iter 1017: merge done, full_size=698414672
R0 [P2] iter 1018 done: global_full_size=698414672
R0 [P2] iter 1018: PRE-JOIN GPU mem: 78.9GB free / 85.1GB total | delta_size=56770 full_size=698414672
R0 [P2] iter 1018: join done, raw=56720 result_size=56718
R0 [P2] iter 1018: split done, delta_size=56718
R0 [P2] iter 1018: dedup done, delta_size=56718
R0 [P2] iter 1018: subtract done, delta_size=56618
R0 [P2] iter 1018: merge done, full_size=698471290
R0 [P2] iter 1019 done: global_full_size=698471290
R0 [P2] iter 1019: PRE-JOIN GPU mem: 78.9GB free / 85.1GB total | delta_size=56618 full_size=698471290
R0 [P2] iter 1019: join done, raw=56565 result_size=56563
R0 [P2] iter 1019: split done, delta_size=56563
R0 [P2] iter 1019: dedup done, delta_size=56563
R0 [P2] iter 1019: subtract done, delta_size=56463
R0 [P2] iter 1019: merge done, full_size=698527753
R0 [P2] iter 1020 done: global_full_size=698527753
R0 [P2] iter 1020: PRE-JOIN GPU mem: 78.9GB free / 85.1GB total | delta_size=56463 full_size=698527753
R0 [P2] iter 1020: join done, raw=56413 result_size=56411
R0 [P2] iter 1020: split done, delta_size=56411
R0 [P2] iter 1020: dedup done, delta_size=56411
R0 [P2] iter 1020: subtract done, delta_size=56310
R0 [P2] iter 1020: merge done, full_size=698584063
R0 [P2] iter 1021 done: global_full_size=698584063
R0 [P2] iter 1021: PRE-JOIN GPU mem: 78.9GB free / 85.1GB total | delta_size=56310 full_size=698584063
R0 [P2] iter 1021: join done, raw=56258 result_size=56256
R0 [P2] iter 1021: split done, delta_size=56256
R0 [P2] iter 1021: dedup done, delta_size=56256
R0 [P2] iter 1021: subtract done, delta_size=56155
R0 [P2] iter 1021: merge done, full_size=698640218
R0 [P2] iter 1022 done: global_full_size=698640218
R0 [P2] iter 1022: PRE-JOIN GPU mem: 78.9GB free / 85.1GB total | delta_size=56155 full_size=698640218
R0 [P2] iter 1022: join done, raw=56103 result_size=56101
R0 [P2] iter 1022: split done, delta_size=56101
R0 [P2] iter 1022: dedup done, delta_size=56101
R0 [P2] iter 1022: subtract done, delta_size=56000
R0 [P2] iter 1022: merge done, full_size=698696218
R0 [P2] iter 1023 done: global_full_size=698696218
R0 [P2] iter 1023: PRE-JOIN GPU mem: 78.9GB free / 85.1GB total | delta_size=56000 full_size=698696218
R0 [P2] iter 1023: join done, raw=55947 result_size=55945
R0 [P2] iter 1023: split done, delta_size=55945
R0 [P2] iter 1023: dedup done, delta_size=55945
R0 [P2] iter 1023: subtract done, delta_size=55842
R0 [P2] iter 1023: merge done, full_size=698752060
R0 [P2] iter 1024 done: global_full_size=698752060
R0 [P2] iter 1024: PRE-JOIN GPU mem: 78.9GB free / 85.1GB total | delta_size=55842 full_size=698752060
R0 [P2] iter 1024: join done, raw=55787 result_size=55785
R0 [P2] iter 1024: split done, delta_size=55785
R0 [P2] iter 1024: dedup done, delta_size=55785
R0 [P2] iter 1024: subtract done, delta_size=55686
R0 [P2] iter 1024: merge done, full_size=698807746
R0 [P2] iter 1025 done: global_full_size=698807746
R0 [P2] iter 1025: PRE-JOIN GPU mem: 78.9GB free / 85.1GB total | delta_size=55686 full_size=698807746
R0 [P2] iter 1025: join done, raw=55631 result_size=55629
R0 [P2] iter 1025: split done, delta_size=55629
R0 [P2] iter 1025: dedup done, delta_size=55629
R0 [P2] iter 1025: subtract done, delta_size=55530
R0 [P2] iter 1025: merge done, full_size=698863276
R0 [P2] iter 1026 done: global_full_size=698863276
R0 [P2] iter 1026: PRE-JOIN GPU mem: 78.9GB free / 85.1GB total | delta_size=55530 full_size=698863276
R0 [P2] iter 1026: join done, raw=55474 result_size=55472
R0 [P2] iter 1026: split done, delta_size=55472
R0 [P2] iter 1026: dedup done, delta_size=55472
R0 [P2] iter 1026: subtract done, delta_size=55373
R0 [P2] iter 1026: merge done, full_size=698918649
R0 [P2] iter 1027 done: global_full_size=698918649
R0 [P2] iter 1027: PRE-JOIN GPU mem: 78.9GB free / 85.1GB total | delta_size=55373 full_size=698918649
R0 [P2] iter 1027: join done, raw=55316 result_size=55314
R0 [P2] iter 1027: split done, delta_size=55314
R0 [P2] iter 1027: dedup done, delta_size=55314
R0 [P2] iter 1027: subtract done, delta_size=55216
R0 [P2] iter 1027: merge done, full_size=698973865
R0 [P2] iter 1028 done: global_full_size=698973865
R0 [P2] iter 1028: PRE-JOIN GPU mem: 78.9GB free / 85.1GB total | delta_size=55216 full_size=698973865
R0 [P2] iter 1028: join done, raw=55158 result_size=55156
R0 [P2] iter 1028: split done, delta_size=55156
R0 [P2] iter 1028: dedup done, delta_size=55156
R0 [P2] iter 1028: subtract done, delta_size=55058
R0 [P2] iter 1028: merge done, full_size=699028923
R0 [P2] iter 1029 done: global_full_size=699028923
R0 [P2] iter 1029: PRE-JOIN GPU mem: 78.9GB free / 85.1GB total | delta_size=55058 full_size=699028923
R0 [P2] iter 1029: join done, raw=55001 result_size=54999
R0 [P2] iter 1029: split done, delta_size=54999
R0 [P2] iter 1029: dedup done, delta_size=54999
R0 [P2] iter 1029: subtract done, delta_size=54902
R0 [P2] iter 1029: merge done, full_size=699083825
R0 [P2] iter 1030 done: global_full_size=699083825
R0 [P2] iter 1030: PRE-JOIN GPU mem: 78.9GB free / 85.1GB total | delta_size=54902 full_size=699083825
R0 [P2] iter 1030: join done, raw=54845 result_size=54843
R0 [P2] iter 1030: split done, delta_size=54843
R0 [P2] iter 1030: dedup done, delta_size=54843
R0 [P2] iter 1030: subtract done, delta_size=54746
R0 [P2] iter 1030: merge done, full_size=699138571
R0 [P2] iter 1031 done: global_full_size=699138571
R0 [P2] iter 1031: PRE-JOIN GPU mem: 78.9GB free / 85.1GB total | delta_size=54746 full_size=699138571
R0 [P2] iter 1031: join done, raw=54689 result_size=54687
R0 [P2] iter 1031: split done, delta_size=54687
R0 [P2] iter 1031: dedup done, delta_size=54687
R0 [P2] iter 1031: subtract done, delta_size=54590
R0 [P2] iter 1031: merge done, full_size=699193161
R0 [P2] iter 1032 done: global_full_size=699193161
R0 [P2] iter 1032: PRE-JOIN GPU mem: 78.9GB free / 85.1GB total | delta_size=54590 full_size=699193161
R0 [P2] iter 1032: join done, raw=54530 result_size=54528
R0 [P2] iter 1032: split done, delta_size=54528
R0 [P2] iter 1032: dedup done, delta_size=54528
R0 [P2] iter 1032: subtract done, delta_size=54431
R0 [P2] iter 1032: merge done, full_size=699247592
R0 [P2] iter 1033 done: global_full_size=699247592
R0 [P2] iter 1033: PRE-JOIN GPU mem: 78.9GB free / 85.1GB total | delta_size=54431 full_size=699247592
R0 [P2] iter 1033: join done, raw=54370 result_size=54368
R0 [P2] iter 1033: split done, delta_size=54368
R0 [P2] iter 1033: dedup done, delta_size=54368
R0 [P2] iter 1033: subtract done, delta_size=54271
R0 [P2] iter 1033: merge done, full_size=699301863
R0 [P2] iter 1034 done: global_full_size=699301863
R0 [P2] iter 1034: PRE-JOIN GPU mem: 78.9GB free / 85.1GB total | delta_size=54271 full_size=699301863
R0 [P2] iter 1034: join done, raw=54213 result_size=54211
R0 [P2] iter 1034: split done, delta_size=54211
R0 [P2] iter 1034: dedup done, delta_size=54211
R0 [P2] iter 1034: subtract done, delta_size=54114
R0 [P2] iter 1034: merge done, full_size=699355977
R0 [P2] iter 1035 done: global_full_size=699355977
R0 [P2] iter 1035: PRE-JOIN GPU mem: 78.9GB free / 85.1GB total | delta_size=54114 full_size=699355977
R0 [P2] iter 1035: join done, raw=54057 result_size=54055
R0 [P2] iter 1035: split done, delta_size=54055
R0 [P2] iter 1035: dedup done, delta_size=54055
R0 [P2] iter 1035: subtract done, delta_size=53956
R0 [P2] iter 1035: merge done, full_size=699409933
R0 [P2] iter 1036 done: global_full_size=699409933
R0 [P2] iter 1036: PRE-JOIN GPU mem: 78.9GB free / 85.1GB total | delta_size=53956 full_size=699409933
R0 [P2] iter 1036: join done, raw=53894 result_size=53892
R0 [P2] iter 1036: split done, delta_size=53892
R0 [P2] iter 1036: dedup done, delta_size=53892
R0 [P2] iter 1036: subtract done, delta_size=53795
R0 [P2] iter 1036: merge done, full_size=699463728
R0 [P2] iter 1037 done: global_full_size=699463728
R0 [P2] iter 1037: PRE-JOIN GPU mem: 78.9GB free / 85.1GB total | delta_size=53795 full_size=699463728
R0 [P2] iter 1037: join done, raw=53730 result_size=53728
R0 [P2] iter 1037: split done, delta_size=53728
R0 [P2] iter 1037: dedup done, delta_size=53728
R0 [P2] iter 1037: subtract done, delta_size=53632
R0 [P2] iter 1037: merge done, full_size=699517360
R0 [P2] iter 1038 done: global_full_size=699517360
R0 [P2] iter 1038: PRE-JOIN GPU mem: 78.9GB free / 85.1GB total | delta_size=53632 full_size=699517360
R0 [P2] iter 1038: join done, raw=53568 result_size=53566
R0 [P2] iter 1038: split done, delta_size=53566
R0 [P2] iter 1038: dedup done, delta_size=53566
R0 [P2] iter 1038: subtract done, delta_size=53471
R0 [P2] iter 1038: merge done, full_size=699570831
R0 [P2] iter 1039 done: global_full_size=699570831
R0 [P2] iter 1039: PRE-JOIN GPU mem: 78.9GB free / 85.1GB total | delta_size=53471 full_size=699570831
R0 [P2] iter 1039: join done, raw=53406 result_size=53404
R0 [P2] iter 1039: split done, delta_size=53404
R0 [P2] iter 1039: dedup done, delta_size=53404
R0 [P2] iter 1039: subtract done, delta_size=53310
R0 [P2] iter 1039: merge done, full_size=699624141
R0 [P2] iter 1040 done: global_full_size=699624141
R0 [P2] iter 1040: PRE-JOIN GPU mem: 78.9GB free / 85.1GB total | delta_size=53310 full_size=699624141
R0 [P2] iter 1040: join done, raw=53240 result_size=53238
R0 [P2] iter 1040: split done, delta_size=53238
R0 [P2] iter 1040: dedup done, delta_size=53238
R0 [P2] iter 1040: subtract done, delta_size=53143
R0 [P2] iter 1040: merge done, full_size=699677284
R0 [P2] iter 1041 done: global_full_size=699677284
R0 [P2] iter 1041: PRE-JOIN GPU mem: 78.9GB free / 85.1GB total | delta_size=53143 full_size=699677284
R0 [P2] iter 1041: join done, raw=53076 result_size=53074
R0 [P2] iter 1041: split done, delta_size=53074
R0 [P2] iter 1041: dedup done, delta_size=53074
R0 [P2] iter 1041: subtract done, delta_size=52981
R0 [P2] iter 1041: merge done, full_size=699730265
R0 [P2] iter 1042 done: global_full_size=699730265
R0 [P2] iter 1042: PRE-JOIN GPU mem: 78.9GB free / 85.1GB total | delta_size=52981 full_size=699730265
R0 [P2] iter 1042: join done, raw=52916 result_size=52914
R0 [P2] iter 1042: split done, delta_size=52914
R0 [P2] iter 1042: dedup done, delta_size=52914
R0 [P2] iter 1042: subtract done, delta_size=52823
R0 [P2] iter 1042: merge done, full_size=699783088
R0 [P2] iter 1043 done: global_full_size=699783088
R0 [P2] iter 1043: PRE-JOIN GPU mem: 78.9GB free / 85.1GB total | delta_size=52823 full_size=699783088
R0 [P2] iter 1043: join done, raw=52759 result_size=52757
R0 [P2] iter 1043: split done, delta_size=52757
R0 [P2] iter 1043: dedup done, delta_size=52757
R0 [P2] iter 1043: subtract done, delta_size=52666
R0 [P2] iter 1043: merge done, full_size=699835754
R0 [P2] iter 1044 done: global_full_size=699835754
R0 [P2] iter 1044: PRE-JOIN GPU mem: 78.9GB free / 85.1GB total | delta_size=52666 full_size=699835754
R0 [P2] iter 1044: join done, raw=52601 result_size=52599
R0 [P2] iter 1044: split done, delta_size=52599
R0 [P2] iter 1044: dedup done, delta_size=52599
R0 [P2] iter 1044: subtract done, delta_size=52508
R0 [P2] iter 1044: merge done, full_size=699888262
R0 [P2] iter 1045 done: global_full_size=699888262
R0 [P2] iter 1045: PRE-JOIN GPU mem: 78.9GB free / 85.1GB total | delta_size=52508 full_size=699888262
R0 [P2] iter 1045: join done, raw=52444 result_size=52442
R0 [P2] iter 1045: split done, delta_size=52442
R0 [P2] iter 1045: dedup done, delta_size=52442
R0 [P2] iter 1045: subtract done, delta_size=52351
R0 [P2] iter 1045: merge done, full_size=699940613
R0 [P2] iter 1046 done: global_full_size=699940613
R0 [P2] iter 1046: PRE-JOIN GPU mem: 78.9GB free / 85.1GB total | delta_size=52351 full_size=699940613
R0 [P2] iter 1046: join done, raw=52288 result_size=52286
R0 [P2] iter 1046: split done, delta_size=52286
R0 [P2] iter 1046: dedup done, delta_size=52286
R0 [P2] iter 1046: subtract done, delta_size=52196
R0 [P2] iter 1046: merge done, full_size=699992809
R0 [P2] iter 1047 done: global_full_size=699992809
R0 [P2] iter 1047: PRE-JOIN GPU mem: 78.9GB free / 85.1GB total | delta_size=52196 full_size=699992809
R0 [P2] iter 1047: join done, raw=52134 result_size=52132
R0 [P2] iter 1047: split done, delta_size=52132
R0 [P2] iter 1047: dedup done, delta_size=52132
R0 [P2] iter 1047: subtract done, delta_size=52042
R0 [P2] iter 1047: merge done, full_size=700044851
R0 [P2] iter 1048 done: global_full_size=700044851
R0 [P2] iter 1048: PRE-JOIN GPU mem: 78.9GB free / 85.1GB total | delta_size=52042 full_size=700044851
R0 [P2] iter 1048: join done, raw=51977 result_size=51975
R0 [P2] iter 1048: split done, delta_size=51975
R0 [P2] iter 1048: dedup done, delta_size=51975
R0 [P2] iter 1048: subtract done, delta_size=51885
R0 [P2] iter 1048: merge done, full_size=700096736
R0 [P2] iter 1049 done: global_full_size=700096736
R0 [P2] iter 1049: PRE-JOIN GPU mem: 78.9GB free / 85.1GB total | delta_size=51885 full_size=700096736
R0 [P2] iter 1049: join done, raw=51820 result_size=51818
R0 [P2] iter 1049: split done, delta_size=51818
R0 [P2] iter 1049: dedup done, delta_size=51818
R0 [P2] iter 1049: subtract done, delta_size=51729
R0 [P2] iter 1049: merge done, full_size=700148465
R0 [P2] iter 1050 done: global_full_size=700148465
R0 [P2] iter 1050: PRE-JOIN GPU mem: 78.9GB free / 85.1GB total | delta_size=51729 full_size=700148465
R0 [P2] iter 1050: join done, raw=51665 result_size=51663
R0 [P2] iter 1050: split done, delta_size=51663
R0 [P2] iter 1050: dedup done, delta_size=51663
R0 [P2] iter 1050: subtract done, delta_size=51574
R0 [P2] iter 1050: merge done, full_size=700200039
R0 [P2] iter 1051 done: global_full_size=700200039
R0 [P2] iter 1051: PRE-JOIN GPU mem: 78.8GB free / 85.1GB total | delta_size=51574 full_size=700200039
R0 [P2] iter 1051: join done, raw=51508 result_size=51506
R0 [P2] iter 1051: split done, delta_size=51506
R0 [P2] iter 1051: dedup done, delta_size=51506
R0 [P2] iter 1051: subtract done, delta_size=51417
R0 [P2] iter 1051: merge done, full_size=700251456
R0 [P2] iter 1052 done: global_full_size=700251456
R0 [P2] iter 1052: PRE-JOIN GPU mem: 78.8GB free / 85.1GB total | delta_size=51417 full_size=700251456
R0 [P2] iter 1052: join done, raw=51352 result_size=51350
R0 [P2] iter 1052: split done, delta_size=51350
R0 [P2] iter 1052: dedup done, delta_size=51350
R0 [P2] iter 1052: subtract done, delta_size=51261
R0 [P2] iter 1052: merge done, full_size=700302717
R0 [P2] iter 1053 done: global_full_size=700302717
R0 [P2] iter 1053: PRE-JOIN GPU mem: 78.8GB free / 85.1GB total | delta_size=51261 full_size=700302717
R0 [P2] iter 1053: join done, raw=51194 result_size=51192
R0 [P2] iter 1053: split done, delta_size=51192
R0 [P2] iter 1053: dedup done, delta_size=51192
R0 [P2] iter 1053: subtract done, delta_size=51103
R0 [P2] iter 1053: merge done, full_size=700353820
R0 [P2] iter 1054 done: global_full_size=700353820
R0 [P2] iter 1054: PRE-JOIN GPU mem: 78.8GB free / 85.1GB total | delta_size=51103 full_size=700353820
R0 [P2] iter 1054: join done, raw=51040 result_size=51038
R0 [P2] iter 1054: split done, delta_size=51038
R0 [P2] iter 1054: dedup done, delta_size=51038
R0 [P2] iter 1054: subtract done, delta_size=50949
R0 [P2] iter 1054: merge done, full_size=700404769
R0 [P2] iter 1055 done: global_full_size=700404769
R0 [P2] iter 1055: PRE-JOIN GPU mem: 78.8GB free / 85.1GB total | delta_size=50949 full_size=700404769
R0 [P2] iter 1055: join done, raw=50883 result_size=50881
R0 [P2] iter 1055: split done, delta_size=50881
R0 [P2] iter 1055: dedup done, delta_size=50881
R0 [P2] iter 1055: subtract done, delta_size=50792
R0 [P2] iter 1055: merge done, full_size=700455561
R0 [P2] iter 1056 done: global_full_size=700455561
R0 [P2] iter 1056: PRE-JOIN GPU mem: 78.8GB free / 85.1GB total | delta_size=50792 full_size=700455561
R0 [P2] iter 1056: join done, raw=50731 result_size=50729
R0 [P2] iter 1056: split done, delta_size=50729
R0 [P2] iter 1056: dedup done, delta_size=50729
R0 [P2] iter 1056: subtract done, delta_size=50640
R0 [P2] iter 1056: merge done, full_size=700506201
R0 [P2] iter 1057 done: global_full_size=700506201
R0 [P2] iter 1057: PRE-JOIN GPU mem: 78.8GB free / 85.1GB total | delta_size=50640 full_size=700506201
R0 [P2] iter 1057: join done, raw=50580 result_size=50578
R0 [P2] iter 1057: split done, delta_size=50578
R0 [P2] iter 1057: dedup done, delta_size=50578
R0 [P2] iter 1057: subtract done, delta_size=50489
R0 [P2] iter 1057: merge done, full_size=700556690
R0 [P2] iter 1058 done: global_full_size=700556690
R0 [P2] iter 1058: PRE-JOIN GPU mem: 78.8GB free / 85.1GB total | delta_size=50489 full_size=700556690
R0 [P2] iter 1058: join done, raw=50427 result_size=50425
R0 [P2] iter 1058: split done, delta_size=50425
R0 [P2] iter 1058: dedup done, delta_size=50425
R0 [P2] iter 1058: subtract done, delta_size=50337
R0 [P2] iter 1058: merge done, full_size=700607027
R0 [P2] iter 1059 done: global_full_size=700607027
R0 [P2] iter 1059: PRE-JOIN GPU mem: 78.8GB free / 85.1GB total | delta_size=50337 full_size=700607027
R0 [P2] iter 1059: join done, raw=50274 result_size=50272
R0 [P2] iter 1059: split done, delta_size=50272
R0 [P2] iter 1059: dedup done, delta_size=50272
R0 [P2] iter 1059: subtract done, delta_size=50184
R0 [P2] iter 1059: merge done, full_size=700657211
R0 [P2] iter 1060 done: global_full_size=700657211
R0 [P2] iter 1060: PRE-JOIN GPU mem: 78.8GB free / 85.1GB total | delta_size=50184 full_size=700657211
R0 [P2] iter 1060: join done, raw=50120 result_size=50118
R0 [P2] iter 1060: split done, delta_size=50118
R0 [P2] iter 1060: dedup done, delta_size=50118
R0 [P2] iter 1060: subtract done, delta_size=50030
R0 [P2] iter 1060: merge done, full_size=700707241
R0 [P2] iter 1061 done: global_full_size=700707241
R0 [P2] iter 1061: PRE-JOIN GPU mem: 78.8GB free / 85.1GB total | delta_size=50030 full_size=700707241
R0 [P2] iter 1061: join done, raw=49964 result_size=49962
R0 [P2] iter 1061: split done, delta_size=49962
R0 [P2] iter 1061: dedup done, delta_size=49962
R0 [P2] iter 1061: subtract done, delta_size=49875
R0 [P2] iter 1061: merge done, full_size=700757116
R0 [P2] iter 1062 done: global_full_size=700757116
R0 [P2] iter 1062: PRE-JOIN GPU mem: 78.8GB free / 85.1GB total | delta_size=49875 full_size=700757116
R0 [P2] iter 1062: join done, raw=49808 result_size=49806
R0 [P2] iter 1062: split done, delta_size=49806
R0 [P2] iter 1062: dedup done, delta_size=49806
R0 [P2] iter 1062: subtract done, delta_size=49719
R0 [P2] iter 1062: merge done, full_size=700806835
R0 [P2] iter 1063 done: global_full_size=700806835
R0 [P2] iter 1063: PRE-JOIN GPU mem: 78.8GB free / 85.1GB total | delta_size=49719 full_size=700806835
R0 [P2] iter 1063: join done, raw=49647 result_size=49645
R0 [P2] iter 1063: split done, delta_size=49645
R0 [P2] iter 1063: dedup done, delta_size=49645
R0 [P2] iter 1063: subtract done, delta_size=49558
R0 [P2] iter 1063: merge done, full_size=700856393
R0 [P2] iter 1064 done: global_full_size=700856393
R0 [P2] iter 1064: PRE-JOIN GPU mem: 78.8GB free / 85.1GB total | delta_size=49558 full_size=700856393
R0 [P2] iter 1064: join done, raw=49485 result_size=49483
R0 [P2] iter 1064: split done, delta_size=49483
R0 [P2] iter 1064: dedup done, delta_size=49483
R0 [P2] iter 1064: subtract done, delta_size=49398
R0 [P2] iter 1064: merge done, full_size=700905791
R0 [P2] iter 1065 done: global_full_size=700905791
R0 [P2] iter 1065: PRE-JOIN GPU mem: 78.8GB free / 85.1GB total | delta_size=49398 full_size=700905791
R0 [P2] iter 1065: join done, raw=49327 result_size=49325
R0 [P2] iter 1065: split done, delta_size=49325
R0 [P2] iter 1065: dedup done, delta_size=49325
R0 [P2] iter 1065: subtract done, delta_size=49240
R0 [P2] iter 1065: merge done, full_size=700955031
R0 [P2] iter 1066 done: global_full_size=700955031
R0 [P2] iter 1066: PRE-JOIN GPU mem: 78.8GB free / 85.1GB total | delta_size=49240 full_size=700955031
R0 [P2] iter 1066: join done, raw=49175 result_size=49173
R0 [P2] iter 1066: split done, delta_size=49173
R0 [P2] iter 1066: dedup done, delta_size=49173
R0 [P2] iter 1066: subtract done, delta_size=49088
R0 [P2] iter 1066: merge done, full_size=701004119
R0 [P2] iter 1067 done: global_full_size=701004119
R0 [P2] iter 1067: PRE-JOIN GPU mem: 78.8GB free / 85.1GB total | delta_size=49088 full_size=701004119
R0 [P2] iter 1067: join done, raw=49020 result_size=49018
R0 [P2] iter 1067: split done, delta_size=49018
R0 [P2] iter 1067: dedup done, delta_size=49018
R0 [P2] iter 1067: subtract done, delta_size=48934
R0 [P2] iter 1067: merge done, full_size=701053053
R0 [P2] iter 1068 done: global_full_size=701053053
R0 [P2] iter 1068: PRE-JOIN GPU mem: 78.8GB free / 85.1GB total | delta_size=48934 full_size=701053053
R0 [P2] iter 1068: join done, raw=48863 result_size=48861
R0 [P2] iter 1068: split done, delta_size=48861
R0 [P2] iter 1068: dedup done, delta_size=48861
R0 [P2] iter 1068: subtract done, delta_size=48778
R0 [P2] iter 1068: merge done, full_size=701101831
R0 [P2] iter 1069 done: global_full_size=701101831
R0 [P2] iter 1069: PRE-JOIN GPU mem: 78.8GB free / 85.1GB total | delta_size=48778 full_size=701101831
R0 [P2] iter 1069: join done, raw=48710 result_size=48708
R0 [P2] iter 1069: split done, delta_size=48708
R0 [P2] iter 1069: dedup done, delta_size=48708
R0 [P2] iter 1069: subtract done, delta_size=48626
R0 [P2] iter 1069: merge done, full_size=701150457
R0 [P2] iter 1070 done: global_full_size=701150457
R0 [P2] iter 1070: PRE-JOIN GPU mem: 78.8GB free / 85.1GB total | delta_size=48626 full_size=701150457
R0 [P2] iter 1070: join done, raw=48559 result_size=48557
R0 [P2] iter 1070: split done, delta_size=48557
R0 [P2] iter 1070: dedup done, delta_size=48557
R0 [P2] iter 1070: subtract done, delta_size=48475
R0 [P2] iter 1070: merge done, full_size=701198932
R0 [P2] iter 1071 done: global_full_size=701198932
R0 [P2] iter 1071: PRE-JOIN GPU mem: 78.8GB free / 85.1GB total | delta_size=48475 full_size=701198932
R0 [P2] iter 1071: join done, raw=48407 result_size=48405
R0 [P2] iter 1071: split done, delta_size=48405
R0 [P2] iter 1071: dedup done, delta_size=48405
R0 [P2] iter 1071: subtract done, delta_size=48323
R0 [P2] iter 1071: merge done, full_size=701247255
R0 [P2] iter 1072 done: global_full_size=701247255
R0 [P2] iter 1072: PRE-JOIN GPU mem: 78.8GB free / 85.1GB total | delta_size=48323 full_size=701247255
R0 [P2] iter 1072: join done, raw=48256 result_size=48254
R0 [P2] iter 1072: split done, delta_size=48254
R0 [P2] iter 1072: dedup done, delta_size=48254
R0 [P2] iter 1072: subtract done, delta_size=48172
R0 [P2] iter 1072: merge done, full_size=701295427
R0 [P2] iter 1073 done: global_full_size=701295427
R0 [P2] iter 1073: PRE-JOIN GPU mem: 78.8GB free / 85.1GB total | delta_size=48172 full_size=701295427
R0 [P2] iter 1073: join done, raw=48104 result_size=48102
R0 [P2] iter 1073: split done, delta_size=48102
R0 [P2] iter 1073: dedup done, delta_size=48102
R0 [P2] iter 1073: subtract done, delta_size=48020
R0 [P2] iter 1073: merge done, full_size=701343447
R0 [P2] iter 1074 done: global_full_size=701343447
R0 [P2] iter 1074: PRE-JOIN GPU mem: 78.8GB free / 85.1GB total | delta_size=48020 full_size=701343447
R0 [P2] iter 1074: join done, raw=47954 result_size=47952
R0 [P2] iter 1074: split done, delta_size=47952
R0 [P2] iter 1074: dedup done, delta_size=47952
R0 [P2] iter 1074: subtract done, delta_size=47870
R0 [P2] iter 1074: merge done, full_size=701391317
R0 [P2] iter 1075 done: global_full_size=701391317
R0 [P2] iter 1075: PRE-JOIN GPU mem: 78.8GB free / 85.1GB total | delta_size=47870 full_size=701391317
R0 [P2] iter 1075: join done, raw=47805 result_size=47803
R0 [P2] iter 1075: split done, delta_size=47803
R0 [P2] iter 1075: dedup done, delta_size=47803
R0 [P2] iter 1075: subtract done, delta_size=47721
R0 [P2] iter 1075: merge done, full_size=701439038
R0 [P2] iter 1076 done: global_full_size=701439038
R0 [P2] iter 1076: PRE-JOIN GPU mem: 78.8GB free / 85.1GB total | delta_size=47721 full_size=701439038
R0 [P2] iter 1076: join done, raw=47657 result_size=47655
R0 [P2] iter 1076: split done, delta_size=47655
R0 [P2] iter 1076: dedup done, delta_size=47655
R0 [P2] iter 1076: subtract done, delta_size=47574
R0 [P2] iter 1076: merge done, full_size=701486612
R0 [P2] iter 1077 done: global_full_size=701486612
R0 [P2] iter 1077: PRE-JOIN GPU mem: 78.8GB free / 85.1GB total | delta_size=47574 full_size=701486612
R0 [P2] iter 1077: join done, raw=47508 result_size=47506
R0 [P2] iter 1077: split done, delta_size=47506
R0 [P2] iter 1077: dedup done, delta_size=47506
R0 [P2] iter 1077: subtract done, delta_size=47425
R0 [P2] iter 1077: merge done, full_size=701534037
R0 [P2] iter 1078 done: global_full_size=701534037
R0 [P2] iter 1078: PRE-JOIN GPU mem: 78.8GB free / 85.1GB total | delta_size=47425 full_size=701534037
R0 [P2] iter 1078: join done, raw=47357 result_size=47355
R0 [P2] iter 1078: split done, delta_size=47355
R0 [P2] iter 1078: dedup done, delta_size=47355
R0 [P2] iter 1078: subtract done, delta_size=47274
R0 [P2] iter 1078: merge done, full_size=701581311
R0 [P2] iter 1079 done: global_full_size=701581311
R0 [P2] iter 1079: PRE-JOIN GPU mem: 78.8GB free / 85.1GB total | delta_size=47274 full_size=701581311
R0 [P2] iter 1079: join done, raw=47206 result_size=47204
R0 [P2] iter 1079: split done, delta_size=47204
R0 [P2] iter 1079: dedup done, delta_size=47204
R0 [P2] iter 1079: subtract done, delta_size=47123
R0 [P2] iter 1079: merge done, full_size=701628434
R0 [P2] iter 1080 done: global_full_size=701628434
R0 [P2] iter 1080: PRE-JOIN GPU mem: 78.8GB free / 85.1GB total | delta_size=47123 full_size=701628434
R0 [P2] iter 1080: join done, raw=47056 result_size=47054
R0 [P2] iter 1080: split done, delta_size=47054
R0 [P2] iter 1080: dedup done, delta_size=47054
R0 [P2] iter 1080: subtract done, delta_size=46973
R0 [P2] iter 1080: merge done, full_size=701675407
R0 [P2] iter 1081 done: global_full_size=701675407
R0 [P2] iter 1081: PRE-JOIN GPU mem: 78.8GB free / 85.1GB total | delta_size=46973 full_size=701675407
R0 [P2] iter 1081: join done, raw=46908 result_size=46906
R0 [P2] iter 1081: split done, delta_size=46906
R0 [P2] iter 1081: dedup done, delta_size=46906
R0 [P2] iter 1081: subtract done, delta_size=46825
R0 [P2] iter 1081: merge done, full_size=701722232
R0 [P2] iter 1082 done: global_full_size=701722232
R0 [P2] iter 1082: PRE-JOIN GPU mem: 78.8GB free / 85.1GB total | delta_size=46825 full_size=701722232
R0 [P2] iter 1082: join done, raw=46756 result_size=46754
R0 [P2] iter 1082: split done, delta_size=46754
R0 [P2] iter 1082: dedup done, delta_size=46754
R0 [P2] iter 1082: subtract done, delta_size=46673
R0 [P2] iter 1082: merge done, full_size=701768905
R0 [P2] iter 1083 done: global_full_size=701768905
R0 [P2] iter 1083: PRE-JOIN GPU mem: 78.8GB free / 85.1GB total | delta_size=46673 full_size=701768905
R0 [P2] iter 1083: join done, raw=46605 result_size=46603
R0 [P2] iter 1083: split done, delta_size=46603
R0 [P2] iter 1083: dedup done, delta_size=46603
R0 [P2] iter 1083: subtract done, delta_size=46523
R0 [P2] iter 1083: merge done, full_size=701815428
R0 [P2] iter 1084 done: global_full_size=701815428
R0 [P2] iter 1084: PRE-JOIN GPU mem: 78.8GB free / 85.1GB total | delta_size=46523 full_size=701815428
R0 [P2] iter 1084: join done, raw=46452 result_size=46450
R0 [P2] iter 1084: split done, delta_size=46450
R0 [P2] iter 1084: dedup done, delta_size=46450
R0 [P2] iter 1084: subtract done, delta_size=46370
R0 [P2] iter 1084: merge done, full_size=701861798
R0 [P2] iter 1085 done: global_full_size=701861798
R0 [P2] iter 1085: PRE-JOIN GPU mem: 78.8GB free / 85.1GB total | delta_size=46370 full_size=701861798
R0 [P2] iter 1085: join done, raw=46301 result_size=46299
R0 [P2] iter 1085: split done, delta_size=46299
R0 [P2] iter 1085: dedup done, delta_size=46299
R0 [P2] iter 1085: subtract done, delta_size=46220
R0 [P2] iter 1085: merge done, full_size=701908018
R0 [P2] iter 1086 done: global_full_size=701908018
R0 [P2] iter 1086: PRE-JOIN GPU mem: 78.8GB free / 85.1GB total | delta_size=46220 full_size=701908018
R0 [P2] iter 1086: join done, raw=46152 result_size=46150
R0 [P2] iter 1086: split done, delta_size=46150
R0 [P2] iter 1086: dedup done, delta_size=46150
R0 [P2] iter 1086: subtract done, delta_size=46071
R0 [P2] iter 1086: merge done, full_size=701954089
R0 [P2] iter 1087 done: global_full_size=701954089
R0 [P2] iter 1087: PRE-JOIN GPU mem: 78.8GB free / 85.1GB total | delta_size=46071 full_size=701954089
R0 [P2] iter 1087: join done, raw=46005 result_size=46003
R0 [P2] iter 1087: split done, delta_size=46003
R0 [P2] iter 1087: dedup done, delta_size=46003
R0 [P2] iter 1087: subtract done, delta_size=45924
R0 [P2] iter 1087: merge done, full_size=702000013
R0 [P2] iter 1088 done: global_full_size=702000013
R0 [P2] iter 1088: PRE-JOIN GPU mem: 78.8GB free / 85.1GB total | delta_size=45924 full_size=702000013
R0 [P2] iter 1088: join done, raw=45858 result_size=45856
R0 [P2] iter 1088: split done, delta_size=45856
R0 [P2] iter 1088: dedup done, delta_size=45856
R0 [P2] iter 1088: subtract done, delta_size=45777
R0 [P2] iter 1088: merge done, full_size=702045790
R0 [P2] iter 1089 done: global_full_size=702045790
R0 [P2] iter 1089: PRE-JOIN GPU mem: 78.8GB free / 85.1GB total | delta_size=45777 full_size=702045790
R0 [P2] iter 1089: join done, raw=45711 result_size=45709
R0 [P2] iter 1089: split done, delta_size=45709
R0 [P2] iter 1089: dedup done, delta_size=45709
R0 [P2] iter 1089: subtract done, delta_size=45630
R0 [P2] iter 1089: merge done, full_size=702091420
R0 [P2] iter 1090 done: global_full_size=702091420
R0 [P2] iter 1090: PRE-JOIN GPU mem: 78.8GB free / 85.1GB total | delta_size=45630 full_size=702091420
R0 [P2] iter 1090: join done, raw=45563 result_size=45561
R0 [P2] iter 1090: split done, delta_size=45561
R0 [P2] iter 1090: dedup done, delta_size=45561
R0 [P2] iter 1090: subtract done, delta_size=45482
R0 [P2] iter 1090: merge done, full_size=702136902
R0 [P2] iter 1091 done: global_full_size=702136902
R0 [P2] iter 1091: PRE-JOIN GPU mem: 78.8GB free / 85.1GB total | delta_size=45482 full_size=702136902
R0 [P2] iter 1091: join done, raw=45414 result_size=45412
R0 [P2] iter 1091: split done, delta_size=45412
R0 [P2] iter 1091: dedup done, delta_size=45412
R0 [P2] iter 1091: subtract done, delta_size=45333
R0 [P2] iter 1091: merge done, full_size=702182235
R0 [P2] iter 1092 done: global_full_size=702182235
R0 [P2] iter 1092: PRE-JOIN GPU mem: 78.8GB free / 85.1GB total | delta_size=45333 full_size=702182235
R0 [P2] iter 1092: join done, raw=45264 result_size=45262
R0 [P2] iter 1092: split done, delta_size=45262
R0 [P2] iter 1092: dedup done, delta_size=45262
R0 [P2] iter 1092: subtract done, delta_size=45183
R0 [P2] iter 1092: merge done, full_size=702227418
R0 [P2] iter 1093 done: global_full_size=702227418
R0 [P2] iter 1093: PRE-JOIN GPU mem: 78.8GB free / 85.1GB total | delta_size=45183 full_size=702227418
R0 [P2] iter 1093: join done, raw=45116 result_size=45114
R0 [P2] iter 1093: split done, delta_size=45114
R0 [P2] iter 1093: dedup done, delta_size=45114
R0 [P2] iter 1093: subtract done, delta_size=45035
R0 [P2] iter 1093: merge done, full_size=702272453
R0 [P2] iter 1094 done: global_full_size=702272453
R0 [P2] iter 1094: PRE-JOIN GPU mem: 78.8GB free / 85.1GB total | delta_size=45035 full_size=702272453
R0 [P2] iter 1094: join done, raw=44968 result_size=44966
R0 [P2] iter 1094: split done, delta_size=44966
R0 [P2] iter 1094: dedup done, delta_size=44966
R0 [P2] iter 1094: subtract done, delta_size=44887
R0 [P2] iter 1094: merge done, full_size=702317340
R0 [P2] iter 1095 done: global_full_size=702317340
R0 [P2] iter 1095: PRE-JOIN GPU mem: 78.8GB free / 85.1GB total | delta_size=44887 full_size=702317340
R0 [P2] iter 1095: join done, raw=44819 result_size=44817
R0 [P2] iter 1095: split done, delta_size=44817
R0 [P2] iter 1095: dedup done, delta_size=44817
R0 [P2] iter 1095: subtract done, delta_size=44738
R0 [P2] iter 1095: merge done, full_size=702362078
R0 [P2] iter 1096 done: global_full_size=702362078
R0 [P2] iter 1096: PRE-JOIN GPU mem: 78.8GB free / 85.1GB total | delta_size=44738 full_size=702362078
R0 [P2] iter 1096: join done, raw=44671 result_size=44669
R0 [P2] iter 1096: split done, delta_size=44669
R0 [P2] iter 1096: dedup done, delta_size=44669
R0 [P2] iter 1096: subtract done, delta_size=44591
R0 [P2] iter 1096: merge done, full_size=702406669
R0 [P2] iter 1097 done: global_full_size=702406669
R0 [P2] iter 1097: PRE-JOIN GPU mem: 78.8GB free / 85.1GB total | delta_size=44591 full_size=702406669
R0 [P2] iter 1097: join done, raw=44522 result_size=44520
R0 [P2] iter 1097: split done, delta_size=44520
R0 [P2] iter 1097: dedup done, delta_size=44520
R0 [P2] iter 1097: subtract done, delta_size=44444
R0 [P2] iter 1097: merge done, full_size=702451113
R0 [P2] iter 1098 done: global_full_size=702451113
R0 [P2] iter 1098: PRE-JOIN GPU mem: 78.8GB free / 85.1GB total | delta_size=44444 full_size=702451113
R0 [P2] iter 1098: join done, raw=44374 result_size=44372
R0 [P2] iter 1098: split done, delta_size=44372
R0 [P2] iter 1098: dedup done, delta_size=44372
R0 [P2] iter 1098: subtract done, delta_size=44296
R0 [P2] iter 1098: merge done, full_size=702495409
R0 [P2] iter 1099 done: global_full_size=702495409
R0 [P2] iter 1099: PRE-JOIN GPU mem: 78.8GB free / 85.1GB total | delta_size=44296 full_size=702495409
R0 [P2] iter 1099: join done, raw=44225 result_size=44223
R0 [P2] iter 1099: split done, delta_size=44223
R0 [P2] iter 1099: dedup done, delta_size=44223
R0 [P2] iter 1099: subtract done, delta_size=44147
R0 [P2] iter 1099: merge done, full_size=702539556
R0 [P2] iter 1100 done: global_full_size=702539556
R0 [P2] iter 1100: PRE-JOIN GPU mem: 78.8GB free / 85.1GB total | delta_size=44147 full_size=702539556
R0 [P2] iter 1100: join done, raw=44076 result_size=44074
R0 [P2] iter 1100: split done, delta_size=44074
R0 [P2] iter 1100: dedup done, delta_size=44074
R0 [P2] iter 1100: subtract done, delta_size=43998
R0 [P2] iter 1100: merge done, full_size=702583554
R0 [P2] iter 1101 done: global_full_size=702583554
R0 [P2] iter 1101: PRE-JOIN GPU mem: 78.8GB free / 85.1GB total | delta_size=43998 full_size=702583554
R0 [P2] iter 1101: join done, raw=43928 result_size=43926
R0 [P2] iter 1101: split done, delta_size=43926
R0 [P2] iter 1101: dedup done, delta_size=43926
R0 [P2] iter 1101: subtract done, delta_size=43850
R0 [P2] iter 1101: merge done, full_size=702627404
R0 [P2] iter 1102 done: global_full_size=702627404
R0 [P2] iter 1102: PRE-JOIN GPU mem: 78.8GB free / 85.1GB total | delta_size=43850 full_size=702627404
R0 [P2] iter 1102: join done, raw=43782 result_size=43780
R0 [P2] iter 1102: split done, delta_size=43780
R0 [P2] iter 1102: dedup done, delta_size=43780
R0 [P2] iter 1102: subtract done, delta_size=43704
R0 [P2] iter 1102: merge done, full_size=702671108
R0 [P2] iter 1103 done: global_full_size=702671108
R0 [P2] iter 1103: PRE-JOIN GPU mem: 78.8GB free / 85.1GB total | delta_size=43704 full_size=702671108
R0 [P2] iter 1103: join done, raw=43635 result_size=43633
R0 [P2] iter 1103: split done, delta_size=43633
R0 [P2] iter 1103: dedup done, delta_size=43633
R0 [P2] iter 1103: subtract done, delta_size=43557
R0 [P2] iter 1103: merge done, full_size=702714665
R0 [P2] iter 1104 done: global_full_size=702714665
R0 [P2] iter 1104: PRE-JOIN GPU mem: 78.8GB free / 85.1GB total | delta_size=43557 full_size=702714665
R0 [P2] iter 1104: join done, raw=43489 result_size=43487
R0 [P2] iter 1104: split done, delta_size=43487
R0 [P2] iter 1104: dedup done, delta_size=43487
R0 [P2] iter 1104: subtract done, delta_size=43411
R0 [P2] iter 1104: merge done, full_size=702758076
R0 [P2] iter 1105 done: global_full_size=702758076
R0 [P2] iter 1105: PRE-JOIN GPU mem: 78.8GB free / 85.1GB total | delta_size=43411 full_size=702758076
R0 [P2] iter 1105: join done, raw=43344 result_size=43342
R0 [P2] iter 1105: split done, delta_size=43342
R0 [P2] iter 1105: dedup done, delta_size=43342
R0 [P2] iter 1105: subtract done, delta_size=43266
R0 [P2] iter 1105: merge done, full_size=702801342
R0 [P2] iter 1106 done: global_full_size=702801342
R0 [P2] iter 1106: PRE-JOIN GPU mem: 78.8GB free / 85.1GB total | delta_size=43266 full_size=702801342
R0 [P2] iter 1106: join done, raw=43198 result_size=43196
R0 [P2] iter 1106: split done, delta_size=43196
R0 [P2] iter 1106: dedup done, delta_size=43196
R0 [P2] iter 1106: subtract done, delta_size=43120
R0 [P2] iter 1106: merge done, full_size=702844462
R0 [P2] iter 1107 done: global_full_size=702844462
R0 [P2] iter 1107: PRE-JOIN GPU mem: 78.8GB free / 85.1GB total | delta_size=43120 full_size=702844462
R0 [P2] iter 1107: join done, raw=43052 result_size=43050
R0 [P2] iter 1107: split done, delta_size=43050
R0 [P2] iter 1107: dedup done, delta_size=43050
R0 [P2] iter 1107: subtract done, delta_size=42974
R0 [P2] iter 1107: merge done, full_size=702887436
R0 [P2] iter 1108 done: global_full_size=702887436
R0 [P2] iter 1108: PRE-JOIN GPU mem: 78.8GB free / 85.1GB total | delta_size=42974 full_size=702887436
R0 [P2] iter 1108: join done, raw=42908 result_size=42906
R0 [P2] iter 1108: split done, delta_size=42906
R0 [P2] iter 1108: dedup done, delta_size=42906
R0 [P2] iter 1108: subtract done, delta_size=42830
R0 [P2] iter 1108: merge done, full_size=702930266
R0 [P2] iter 1109 done: global_full_size=702930266
R0 [P2] iter 1109: PRE-JOIN GPU mem: 78.8GB free / 85.1GB total | delta_size=42830 full_size=702930266
R0 [P2] iter 1109: join done, raw=42758 result_size=42756
R0 [P2] iter 1109: split done, delta_size=42756
R0 [P2] iter 1109: dedup done, delta_size=42756
R0 [P2] iter 1109: subtract done, delta_size=42680
R0 [P2] iter 1109: merge done, full_size=702972946
R0 [P2] iter 1110 done: global_full_size=702972946
R0 [P2] iter 1110: PRE-JOIN GPU mem: 78.8GB free / 85.1GB total | delta_size=42680 full_size=702972946
R0 [P2] iter 1110: join done, raw=42607 result_size=42605
R0 [P2] iter 1110: split done, delta_size=42605
R0 [P2] iter 1110: dedup done, delta_size=42605
R0 [P2] iter 1110: subtract done, delta_size=42529
R0 [P2] iter 1110: merge done, full_size=703015475
R0 [P2] iter 1111 done: global_full_size=703015475
R0 [P2] iter 1111: PRE-JOIN GPU mem: 78.8GB free / 85.1GB total | delta_size=42529 full_size=703015475
R0 [P2] iter 1111: join done, raw=42457 result_size=42455
R0 [P2] iter 1111: split done, delta_size=42455
R0 [P2] iter 1111: dedup done, delta_size=42455
R0 [P2] iter 1111: subtract done, delta_size=42380
R0 [P2] iter 1111: merge done, full_size=703057855
R0 [P2] iter 1112 done: global_full_size=703057855
R0 [P2] iter 1112: PRE-JOIN GPU mem: 78.8GB free / 85.1GB total | delta_size=42380 full_size=703057855
R0 [P2] iter 1112: join done, raw=42306 result_size=42304
R0 [P2] iter 1112: split done, delta_size=42304
R0 [P2] iter 1112: dedup done, delta_size=42304
R0 [P2] iter 1112: subtract done, delta_size=42230
R0 [P2] iter 1112: merge done, full_size=703100085
R0 [P2] iter 1113 done: global_full_size=703100085
R0 [P2] iter 1113: PRE-JOIN GPU mem: 78.8GB free / 85.1GB total | delta_size=42230 full_size=703100085
R0 [P2] iter 1113: join done, raw=42156 result_size=42154
R0 [P2] iter 1113: split done, delta_size=42154
R0 [P2] iter 1113: dedup done, delta_size=42154
R0 [P2] iter 1113: subtract done, delta_size=42081
R0 [P2] iter 1113: merge done, full_size=703142166
R0 [P2] iter 1114 done: global_full_size=703142166
R0 [P2] iter 1114: PRE-JOIN GPU mem: 78.8GB free / 85.1GB total | delta_size=42081 full_size=703142166
R0 [P2] iter 1114: join done, raw=42007 result_size=42005
R0 [P2] iter 1114: split done, delta_size=42005
R0 [P2] iter 1114: dedup done, delta_size=42005
R0 [P2] iter 1114: subtract done, delta_size=41932
R0 [P2] iter 1114: merge done, full_size=703184098
R0 [P2] iter 1115 done: global_full_size=703184098
R0 [P2] iter 1115: PRE-JOIN GPU mem: 78.8GB free / 85.1GB total | delta_size=41932 full_size=703184098
R0 [P2] iter 1115: join done, raw=41861 result_size=41859
R0 [P2] iter 1115: split done, delta_size=41859
R0 [P2] iter 1115: dedup done, delta_size=41859
R0 [P2] iter 1115: subtract done, delta_size=41787
R0 [P2] iter 1115: merge done, full_size=703225885
R0 [P2] iter 1116 done: global_full_size=703225885
R0 [P2] iter 1116: PRE-JOIN GPU mem: 78.8GB free / 85.1GB total | delta_size=41787 full_size=703225885
R0 [P2] iter 1116: join done, raw=41719 result_size=41717
R0 [P2] iter 1116: split done, delta_size=41717
R0 [P2] iter 1116: dedup done, delta_size=41717
R0 [P2] iter 1116: subtract done, delta_size=41645
R0 [P2] iter 1116: merge done, full_size=703267530
R0 [P2] iter 1117 done: global_full_size=703267530
R0 [P2] iter 1117: PRE-JOIN GPU mem: 78.8GB free / 85.1GB total | delta_size=41645 full_size=703267530
R0 [P2] iter 1117: join done, raw=41576 result_size=41574
R0 [P2] iter 1117: split done, delta_size=41574
R0 [P2] iter 1117: dedup done, delta_size=41574
R0 [P2] iter 1117: subtract done, delta_size=41502
R0 [P2] iter 1117: merge done, full_size=703309032
R0 [P2] iter 1118 done: global_full_size=703309032
R0 [P2] iter 1118: PRE-JOIN GPU mem: 78.8GB free / 85.1GB total | delta_size=41502 full_size=703309032
R0 [P2] iter 1118: join done, raw=41432 result_size=41430
R0 [P2] iter 1118: split done, delta_size=41430
R0 [P2] iter 1118: dedup done, delta_size=41430
R0 [P2] iter 1118: subtract done, delta_size=41358
R0 [P2] iter 1118: merge done, full_size=703350390
R0 [P2] iter 1119 done: global_full_size=703350390
R0 [P2] iter 1119: PRE-JOIN GPU mem: 78.8GB free / 85.1GB total | delta_size=41358 full_size=703350390
R0 [P2] iter 1119: join done, raw=41288 result_size=41286
R0 [P2] iter 1119: split done, delta_size=41286
R0 [P2] iter 1119: dedup done, delta_size=41286
R0 [P2] iter 1119: subtract done, delta_size=41214
R0 [P2] iter 1119: merge done, full_size=703391604
R0 [P2] iter 1120 done: global_full_size=703391604
R0 [P2] iter 1120: PRE-JOIN GPU mem: 78.8GB free / 85.1GB total | delta_size=41214 full_size=703391604
R0 [P2] iter 1120: join done, raw=41145 result_size=41143
R0 [P2] iter 1120: split done, delta_size=41143
R0 [P2] iter 1120: dedup done, delta_size=41143
R0 [P2] iter 1120: subtract done, delta_size=41070
R0 [P2] iter 1120: merge done, full_size=703432674
R0 [P2] iter 1121 done: global_full_size=703432674
R0 [P2] iter 1121: PRE-JOIN GPU mem: 78.8GB free / 85.1GB total | delta_size=41070 full_size=703432674
R0 [P2] iter 1121: join done, raw=41003 result_size=41001
R0 [P2] iter 1121: split done, delta_size=41001
R0 [P2] iter 1121: dedup done, delta_size=41001
R0 [P2] iter 1121: subtract done, delta_size=40928
R0 [P2] iter 1121: merge done, full_size=703473602
R0 [P2] iter 1122 done: global_full_size=703473602
R0 [P2] iter 1122: PRE-JOIN GPU mem: 78.8GB free / 85.1GB total | delta_size=40928 full_size=703473602
R0 [P2] iter 1122: join done, raw=40860 result_size=40858
R0 [P2] iter 1122: split done, delta_size=40858
R0 [P2] iter 1122: dedup done, delta_size=40858
R0 [P2] iter 1122: subtract done, delta_size=40785
R0 [P2] iter 1122: merge done, full_size=703514387
R0 [P2] iter 1123 done: global_full_size=703514387
R0 [P2] iter 1123: PRE-JOIN GPU mem: 78.8GB free / 85.1GB total | delta_size=40785 full_size=703514387
R0 [P2] iter 1123: join done, raw=40716 result_size=40714
R0 [P2] iter 1123: split done, delta_size=40714
R0 [P2] iter 1123: dedup done, delta_size=40714
R0 [P2] iter 1123: subtract done, delta_size=40641
R0 [P2] iter 1123: merge done, full_size=703555028
R0 [P2] iter 1124 done: global_full_size=703555028
R0 [P2] iter 1124: PRE-JOIN GPU mem: 78.8GB free / 85.1GB total | delta_size=40641 full_size=703555028
R0 [P2] iter 1124: join done, raw=40572 result_size=40570
R0 [P2] iter 1124: split done, delta_size=40570
R0 [P2] iter 1124: dedup done, delta_size=40570
R0 [P2] iter 1124: subtract done, delta_size=40497
R0 [P2] iter 1124: merge done, full_size=703595525
R0 [P2] iter 1125 done: global_full_size=703595525
R0 [P2] iter 1125: PRE-JOIN GPU mem: 78.8GB free / 85.1GB total | delta_size=40497 full_size=703595525
R0 [P2] iter 1125: join done, raw=40429 result_size=40427
R0 [P2] iter 1125: split done, delta_size=40427
R0 [P2] iter 1125: dedup done, delta_size=40427
R0 [P2] iter 1125: subtract done, delta_size=40354
R0 [P2] iter 1125: merge done, full_size=703635879
R0 [P2] iter 1126 done: global_full_size=703635879
R0 [P2] iter 1126: PRE-JOIN GPU mem: 78.8GB free / 85.1GB total | delta_size=40354 full_size=703635879
R0 [P2] iter 1126: join done, raw=40286 result_size=40284
R0 [P2] iter 1126: split done, delta_size=40284
R0 [P2] iter 1126: dedup done, delta_size=40284
R0 [P2] iter 1126: subtract done, delta_size=40211
R0 [P2] iter 1126: merge done, full_size=703676090
R0 [P2] iter 1127 done: global_full_size=703676090
R0 [P2] iter 1127: PRE-JOIN GPU mem: 78.8GB free / 85.1GB total | delta_size=40211 full_size=703676090
R0 [P2] iter 1127: join done, raw=40146 result_size=40144
R0 [P2] iter 1127: split done, delta_size=40144
R0 [P2] iter 1127: dedup done, delta_size=40144
R0 [P2] iter 1127: subtract done, delta_size=40071
R0 [P2] iter 1127: merge done, full_size=703716161
R0 [P2] iter 1128 done: global_full_size=703716161
R0 [P2] iter 1128: PRE-JOIN GPU mem: 78.8GB free / 85.1GB total | delta_size=40071 full_size=703716161
R0 [P2] iter 1128: join done, raw=40004 result_size=40002
R0 [P2] iter 1128: split done, delta_size=40002
R0 [P2] iter 1128: dedup done, delta_size=40002
R0 [P2] iter 1128: subtract done, delta_size=39929
R0 [P2] iter 1128: merge done, full_size=703756090
R0 [P2] iter 1129 done: global_full_size=703756090
R0 [P2] iter 1129: PRE-JOIN GPU mem: 78.8GB free / 85.1GB total | delta_size=39929 full_size=703756090
R0 [P2] iter 1129: join done, raw=39865 result_size=39863
R0 [P2] iter 1129: split done, delta_size=39863
R0 [P2] iter 1129: dedup done, delta_size=39863
R0 [P2] iter 1129: subtract done, delta_size=39790
R0 [P2] iter 1129: merge done, full_size=703795880
R0 [P2] iter 1130 done: global_full_size=703795880
R0 [P2] iter 1130: PRE-JOIN GPU mem: 78.8GB free / 85.1GB total | delta_size=39790 full_size=703795880
R0 [P2] iter 1130: join done, raw=39722 result_size=39720
R0 [P2] iter 1130: split done, delta_size=39720
R0 [P2] iter 1130: dedup done, delta_size=39720
R0 [P2] iter 1130: subtract done, delta_size=39648
R0 [P2] iter 1130: merge done, full_size=703835528
R0 [P2] iter 1131 done: global_full_size=703835528
R0 [P2] iter 1131: PRE-JOIN GPU mem: 78.8GB free / 85.1GB total | delta_size=39648 full_size=703835528
R0 [P2] iter 1131: join done, raw=39580 result_size=39578
R0 [P2] iter 1131: split done, delta_size=39578
R0 [P2] iter 1131: dedup done, delta_size=39578
R0 [P2] iter 1131: subtract done, delta_size=39506
R0 [P2] iter 1131: merge done, full_size=703875034
R0 [P2] iter 1132 done: global_full_size=703875034
R0 [P2] iter 1132: PRE-JOIN GPU mem: 78.8GB free / 85.1GB total | delta_size=39506 full_size=703875034
R0 [P2] iter 1132: join done, raw=39442 result_size=39440
R0 [P2] iter 1132: split done, delta_size=39440
R0 [P2] iter 1132: dedup done, delta_size=39440
R0 [P2] iter 1132: subtract done, delta_size=39368
R0 [P2] iter 1132: merge done, full_size=703914402
R0 [P2] iter 1133 done: global_full_size=703914402
R0 [P2] iter 1133: PRE-JOIN GPU mem: 78.8GB free / 85.1GB total | delta_size=39368 full_size=703914402
R0 [P2] iter 1133: join done, raw=39304 result_size=39302
R0 [P2] iter 1133: split done, delta_size=39302
R0 [P2] iter 1133: dedup done, delta_size=39302
R0 [P2] iter 1133: subtract done, delta_size=39230
R0 [P2] iter 1133: merge done, full_size=703953632
R0 [P2] iter 1134 done: global_full_size=703953632
R0 [P2] iter 1134: PRE-JOIN GPU mem: 78.8GB free / 85.1GB total | delta_size=39230 full_size=703953632
R0 [P2] iter 1134: join done, raw=39164 result_size=39162
R0 [P2] iter 1134: split done, delta_size=39162
R0 [P2] iter 1134: dedup done, delta_size=39162
R0 [P2] iter 1134: subtract done, delta_size=39091
R0 [P2] iter 1134: merge done, full_size=703992723
R0 [P2] iter 1135 done: global_full_size=703992723
R0 [P2] iter 1135: PRE-JOIN GPU mem: 78.8GB free / 85.1GB total | delta_size=39091 full_size=703992723
R0 [P2] iter 1135: join done, raw=39023 result_size=39021
R0 [P2] iter 1135: split done, delta_size=39021
R0 [P2] iter 1135: dedup done, delta_size=39021
R0 [P2] iter 1135: subtract done, delta_size=38950
R0 [P2] iter 1135: merge done, full_size=704031673
R0 [P2] iter 1136 done: global_full_size=704031673
R0 [P2] iter 1136: PRE-JOIN GPU mem: 78.8GB free / 85.1GB total | delta_size=38950 full_size=704031673
R0 [P2] iter 1136: join done, raw=38885 result_size=38883
R0 [P2] iter 1136: split done, delta_size=38883
R0 [P2] iter 1136: dedup done, delta_size=38883
R0 [P2] iter 1136: subtract done, delta_size=38812
R0 [P2] iter 1136: merge done, full_size=704070485
R0 [P2] iter 1137 done: global_full_size=704070485
R0 [P2] iter 1137: PRE-JOIN GPU mem: 78.8GB free / 85.1GB total | delta_size=38812 full_size=704070485
R0 [P2] iter 1137: join done, raw=38749 result_size=38747
R0 [P2] iter 1137: split done, delta_size=38747
R0 [P2] iter 1137: dedup done, delta_size=38747
R0 [P2] iter 1137: subtract done, delta_size=38676
R0 [P2] iter 1137: merge done, full_size=704109161
R0 [P2] iter 1138 done: global_full_size=704109161
R0 [P2] iter 1138: PRE-JOIN GPU mem: 78.8GB free / 85.1GB total | delta_size=38676 full_size=704109161
R0 [P2] iter 1138: join done, raw=38615 result_size=38613
R0 [P2] iter 1138: split done, delta_size=38613
R0 [P2] iter 1138: dedup done, delta_size=38613
R0 [P2] iter 1138: subtract done, delta_size=38542
R0 [P2] iter 1138: merge done, full_size=704147703
R0 [P2] iter 1139 done: global_full_size=704147703
R0 [P2] iter 1139: PRE-JOIN GPU mem: 78.8GB free / 85.1GB total | delta_size=38542 full_size=704147703
R0 [P2] iter 1139: join done, raw=38481 result_size=38479
R0 [P2] iter 1139: split done, delta_size=38479
R0 [P2] iter 1139: dedup done, delta_size=38479
R0 [P2] iter 1139: subtract done, delta_size=38408
R0 [P2] iter 1139: merge done, full_size=704186111
R0 [P2] iter 1140 done: global_full_size=704186111
R0 [P2] iter 1140: PRE-JOIN GPU mem: 78.8GB free / 85.1GB total | delta_size=38408 full_size=704186111
R0 [P2] iter 1140: join done, raw=38345 result_size=38343
R0 [P2] iter 1140: split done, delta_size=38343
R0 [P2] iter 1140: dedup done, delta_size=38343
R0 [P2] iter 1140: subtract done, delta_size=38272
R0 [P2] iter 1140: merge done, full_size=704224383
R0 [P2] iter 1141 done: global_full_size=704224383
R0 [P2] iter 1141: PRE-JOIN GPU mem: 78.8GB free / 85.1GB total | delta_size=38272 full_size=704224383
R0 [P2] iter 1141: join done, raw=38213 result_size=38211
R0 [P2] iter 1141: split done, delta_size=38211
R0 [P2] iter 1141: dedup done, delta_size=38211
R0 [P2] iter 1141: subtract done, delta_size=38140
R0 [P2] iter 1141: merge done, full_size=704262523
R0 [P2] iter 1142 done: global_full_size=704262523
R0 [P2] iter 1142: PRE-JOIN GPU mem: 78.8GB free / 85.1GB total | delta_size=38140 full_size=704262523
R0 [P2] iter 1142: join done, raw=38080 result_size=38078
R0 [P2] iter 1142: split done, delta_size=38078
R0 [P2] iter 1142: dedup done, delta_size=38078
R0 [P2] iter 1142: subtract done, delta_size=38008
R0 [P2] iter 1142: merge done, full_size=704300531
R0 [P2] iter 1143 done: global_full_size=704300531
R0 [P2] iter 1143: PRE-JOIN GPU mem: 78.8GB free / 85.1GB total | delta_size=38008 full_size=704300531
R0 [P2] iter 1143: join done, raw=37951 result_size=37949
R0 [P2] iter 1143: split done, delta_size=37949
R0 [P2] iter 1143: dedup done, delta_size=37949
R0 [P2] iter 1143: subtract done, delta_size=37879
R0 [P2] iter 1143: merge done, full_size=704338410
R0 [P2] iter 1144 done: global_full_size=704338410
R0 [P2] iter 1144: PRE-JOIN GPU mem: 78.8GB free / 85.1GB total | delta_size=37879 full_size=704338410
R0 [P2] iter 1144: join done, raw=37820 result_size=37818
R0 [P2] iter 1144: split done, delta_size=37818
R0 [P2] iter 1144: dedup done, delta_size=37818
R0 [P2] iter 1144: subtract done, delta_size=37749
R0 [P2] iter 1144: merge done, full_size=704376159
R0 [P2] iter 1145 done: global_full_size=704376159
R0 [P2] iter 1145: PRE-JOIN GPU mem: 78.8GB free / 85.1GB total | delta_size=37749 full_size=704376159
R0 [P2] iter 1145: join done, raw=37691 result_size=37689
R0 [P2] iter 1145: split done, delta_size=37689
R0 [P2] iter 1145: dedup done, delta_size=37689
R0 [P2] iter 1145: subtract done, delta_size=37619
R0 [P2] iter 1145: merge done, full_size=704413778
R0 [P2] iter 1146 done: global_full_size=704413778
R0 [P2] iter 1146: PRE-JOIN GPU mem: 78.8GB free / 85.1GB total | delta_size=37619 full_size=704413778
R0 [P2] iter 1146: join done, raw=37557 result_size=37555
R0 [P2] iter 1146: split done, delta_size=37555
R0 [P2] iter 1146: dedup done, delta_size=37555
R0 [P2] iter 1146: subtract done, delta_size=37486
R0 [P2] iter 1146: merge done, full_size=704451264
R0 [P2] iter 1147 done: global_full_size=704451264
R0 [P2] iter 1147: PRE-JOIN GPU mem: 78.8GB free / 85.1GB total | delta_size=37486 full_size=704451264
R0 [P2] iter 1147: join done, raw=37428 result_size=37426
R0 [P2] iter 1147: split done, delta_size=37426
R0 [P2] iter 1147: dedup done, delta_size=37426
R0 [P2] iter 1147: subtract done, delta_size=37357
R0 [P2] iter 1147: merge done, full_size=704488621
R0 [P2] iter 1148 done: global_full_size=704488621
R0 [P2] iter 1148: PRE-JOIN GPU mem: 78.8GB free / 85.1GB total | delta_size=37357 full_size=704488621
R0 [P2] iter 1148: join done, raw=37293 result_size=37291
R0 [P2] iter 1148: split done, delta_size=37291
R0 [P2] iter 1148: dedup done, delta_size=37291
R0 [P2] iter 1148: subtract done, delta_size=37223
R0 [P2] iter 1148: merge done, full_size=704525844
R0 [P2] iter 1149 done: global_full_size=704525844
R0 [P2] iter 1149: PRE-JOIN GPU mem: 78.8GB free / 85.1GB total | delta_size=37223 full_size=704525844
R0 [P2] iter 1149: join done, raw=37166 result_size=37164
R0 [P2] iter 1149: split done, delta_size=37164
R0 [P2] iter 1149: dedup done, delta_size=37164
R0 [P2] iter 1149: subtract done, delta_size=37098
R0 [P2] iter 1149: merge done, full_size=704562942
R0 [P2] iter 1150 done: global_full_size=704562942
R0 [P2] iter 1150: PRE-JOIN GPU mem: 78.8GB free / 85.1GB total | delta_size=37098 full_size=704562942
R0 [P2] iter 1150: join done, raw=37038 result_size=37036
R0 [P2] iter 1150: split done, delta_size=37036
R0 [P2] iter 1150: dedup done, delta_size=37036
R0 [P2] iter 1150: subtract done, delta_size=36971
R0 [P2] iter 1150: merge done, full_size=704599913
R0 [P2] iter 1151 done: global_full_size=704599913
R0 [P2] iter 1151: PRE-JOIN GPU mem: 78.8GB free / 85.1GB total | delta_size=36971 full_size=704599913
R0 [P2] iter 1151: join done, raw=36912 result_size=36910
R0 [P2] iter 1151: split done, delta_size=36910
R0 [P2] iter 1151: dedup done, delta_size=36910
R0 [P2] iter 1151: subtract done, delta_size=36845
R0 [P2] iter 1151: merge done, full_size=704636758
R0 [P2] iter 1152 done: global_full_size=704636758
R0 [P2] iter 1152: PRE-JOIN GPU mem: 78.8GB free / 85.1GB total | delta_size=36845 full_size=704636758
R0 [P2] iter 1152: join done, raw=36786 result_size=36784
R0 [P2] iter 1152: split done, delta_size=36784
R0 [P2] iter 1152: dedup done, delta_size=36784
R0 [P2] iter 1152: subtract done, delta_size=36719
R0 [P2] iter 1152: merge done, full_size=704673477
R0 [P2] iter 1153 done: global_full_size=704673477
R0 [P2] iter 1153: PRE-JOIN GPU mem: 78.8GB free / 85.1GB total | delta_size=36719 full_size=704673477
R0 [P2] iter 1153: join done, raw=36660 result_size=36658
R0 [P2] iter 1153: split done, delta_size=36658
R0 [P2] iter 1153: dedup done, delta_size=36658
R0 [P2] iter 1153: subtract done, delta_size=36593
R0 [P2] iter 1153: merge done, full_size=704710070
R0 [P2] iter 1154 done: global_full_size=704710070
R0 [P2] iter 1154: PRE-JOIN GPU mem: 78.8GB free / 85.1GB total | delta_size=36593 full_size=704710070
R0 [P2] iter 1154: join done, raw=36530 result_size=36528
R0 [P2] iter 1154: split done, delta_size=36528
R0 [P2] iter 1154: dedup done, delta_size=36528
R0 [P2] iter 1154: subtract done, delta_size=36465
R0 [P2] iter 1154: merge done, full_size=704746535
R0 [P2] iter 1155 done: global_full_size=704746535
R0 [P2] iter 1155: PRE-JOIN GPU mem: 78.8GB free / 85.1GB total | delta_size=36465 full_size=704746535
R0 [P2] iter 1155: join done, raw=36403 result_size=36401
R0 [P2] iter 1155: split done, delta_size=36401
R0 [P2] iter 1155: dedup done, delta_size=36401
R0 [P2] iter 1155: subtract done, delta_size=36338
R0 [P2] iter 1155: merge done, full_size=704782873
R0 [P2] iter 1156 done: global_full_size=704782873
R0 [P2] iter 1156: PRE-JOIN GPU mem: 78.8GB free / 85.1GB total | delta_size=36338 full_size=704782873
R0 [P2] iter 1156: join done, raw=36275 result_size=36273
R0 [P2] iter 1156: split done, delta_size=36273
R0 [P2] iter 1156: dedup done, delta_size=36273
R0 [P2] iter 1156: subtract done, delta_size=36211
R0 [P2] iter 1156: merge done, full_size=704819084
R0 [P2] iter 1157 done: global_full_size=704819084
R0 [P2] iter 1157: PRE-JOIN GPU mem: 78.8GB free / 85.1GB total | delta_size=36211 full_size=704819084
R0 [P2] iter 1157: join done, raw=36152 result_size=36150
R0 [P2] iter 1157: split done, delta_size=36150
R0 [P2] iter 1157: dedup done, delta_size=36150
R0 [P2] iter 1157: subtract done, delta_size=36089
R0 [P2] iter 1157: merge done, full_size=704855173
R0 [P2] iter 1158 done: global_full_size=704855173
R0 [P2] iter 1158: PRE-JOIN GPU mem: 78.8GB free / 85.1GB total | delta_size=36089 full_size=704855173
R0 [P2] iter 1158: join done, raw=36028 result_size=36026
R0 [P2] iter 1158: split done, delta_size=36026
R0 [P2] iter 1158: dedup done, delta_size=36026
R0 [P2] iter 1158: subtract done, delta_size=35965
R0 [P2] iter 1158: merge done, full_size=704891138
R0 [P2] iter 1159 done: global_full_size=704891138
R0 [P2] iter 1159: PRE-JOIN GPU mem: 78.8GB free / 85.1GB total | delta_size=35965 full_size=704891138
R0 [P2] iter 1159: join done, raw=35902 result_size=35900
R0 [P2] iter 1159: split done, delta_size=35900
R0 [P2] iter 1159: dedup done, delta_size=35900
R0 [P2] iter 1159: subtract done, delta_size=35839
R0 [P2] iter 1159: merge done, full_size=704926977
R0 [P2] iter 1160 done: global_full_size=704926977
R0 [P2] iter 1160: PRE-JOIN GPU mem: 78.8GB free / 85.1GB total | delta_size=35839 full_size=704926977
R0 [P2] iter 1160: join done, raw=35780 result_size=35778
R0 [P2] iter 1160: split done, delta_size=35778
R0 [P2] iter 1160: dedup done, delta_size=35778
R0 [P2] iter 1160: subtract done, delta_size=35717
R0 [P2] iter 1160: merge done, full_size=704962694
R0 [P2] iter 1161 done: global_full_size=704962694
R0 [P2] iter 1161: PRE-JOIN GPU mem: 78.8GB free / 85.1GB total | delta_size=35717 full_size=704962694
R0 [P2] iter 1161: join done, raw=35657 result_size=35655
R0 [P2] iter 1161: split done, delta_size=35655
R0 [P2] iter 1161: dedup done, delta_size=35655
R0 [P2] iter 1161: subtract done, delta_size=35594
R0 [P2] iter 1161: merge done, full_size=704998288
R0 [P2] iter 1162 done: global_full_size=704998288
R0 [P2] iter 1162: PRE-JOIN GPU mem: 78.8GB free / 85.1GB total | delta_size=35594 full_size=704998288
R0 [P2] iter 1162: join done, raw=35532 result_size=35530
R0 [P2] iter 1162: split done, delta_size=35530
R0 [P2] iter 1162: dedup done, delta_size=35530
R0 [P2] iter 1162: subtract done, delta_size=35469
R0 [P2] iter 1162: merge done, full_size=705033757
R0 [P2] iter 1163 done: global_full_size=705033757
R0 [P2] iter 1163: PRE-JOIN GPU mem: 78.8GB free / 85.1GB total | delta_size=35469 full_size=705033757
R0 [P2] iter 1163: join done, raw=35411 result_size=35409
R0 [P2] iter 1163: split done, delta_size=35409
R0 [P2] iter 1163: dedup done, delta_size=35409
R0 [P2] iter 1163: subtract done, delta_size=35347
R0 [P2] iter 1163: merge done, full_size=705069104
R0 [P2] iter 1164 done: global_full_size=705069104
R0 [P2] iter 1164: PRE-JOIN GPU mem: 78.8GB free / 85.1GB total | delta_size=35347 full_size=705069104
R0 [P2] iter 1164: join done, raw=35289 result_size=35287
R0 [P2] iter 1164: split done, delta_size=35287
R0 [P2] iter 1164: dedup done, delta_size=35287
R0 [P2] iter 1164: subtract done, delta_size=35225
R0 [P2] iter 1164: merge done, full_size=705104329
R0 [P2] iter 1165 done: global_full_size=705104329
R0 [P2] iter 1165: PRE-JOIN GPU mem: 78.8GB free / 85.1GB total | delta_size=35225 full_size=705104329
R0 [P2] iter 1165: join done, raw=35167 result_size=35165
R0 [P2] iter 1165: split done, delta_size=35165
R0 [P2] iter 1165: dedup done, delta_size=35165
R0 [P2] iter 1165: subtract done, delta_size=35103
R0 [P2] iter 1165: merge done, full_size=705139432
R0 [P2] iter 1166 done: global_full_size=705139432
R0 [P2] iter 1166: PRE-JOIN GPU mem: 78.8GB free / 85.1GB total | delta_size=35103 full_size=705139432
R0 [P2] iter 1166: join done, raw=35046 result_size=35044
R0 [P2] iter 1166: split done, delta_size=35044
R0 [P2] iter 1166: dedup done, delta_size=35044
R0 [P2] iter 1166: subtract done, delta_size=34981
R0 [P2] iter 1166: merge done, full_size=705174413
R0 [P2] iter 1167 done: global_full_size=705174413
R0 [P2] iter 1167: PRE-JOIN GPU mem: 78.8GB free / 85.1GB total | delta_size=34981 full_size=705174413
R0 [P2] iter 1167: join done, raw=34918 result_size=34916
R0 [P2] iter 1167: split done, delta_size=34916
R0 [P2] iter 1167: dedup done, delta_size=34916
R0 [P2] iter 1167: subtract done, delta_size=34854
R0 [P2] iter 1167: merge done, full_size=705209267
R0 [P2] iter 1168 done: global_full_size=705209267
R0 [P2] iter 1168: PRE-JOIN GPU mem: 78.8GB free / 85.1GB total | delta_size=34854 full_size=705209267
R0 [P2] iter 1168: join done, raw=34796 result_size=34794
R0 [P2] iter 1168: split done, delta_size=34794
R0 [P2] iter 1168: dedup done, delta_size=34794
R0 [P2] iter 1168: subtract done, delta_size=34734
R0 [P2] iter 1168: merge done, full_size=705244001
R0 [P2] iter 1169 done: global_full_size=705244001
R0 [P2] iter 1169: PRE-JOIN GPU mem: 78.8GB free / 85.1GB total | delta_size=34734 full_size=705244001
R0 [P2] iter 1169: join done, raw=34672 result_size=34670
R0 [P2] iter 1169: split done, delta_size=34670
R0 [P2] iter 1169: dedup done, delta_size=34670
R0 [P2] iter 1169: subtract done, delta_size=34610
R0 [P2] iter 1169: merge done, full_size=705278611
R0 [P2] iter 1170 done: global_full_size=705278611
R0 [P2] iter 1170: PRE-JOIN GPU mem: 78.8GB free / 85.1GB total | delta_size=34610 full_size=705278611
R0 [P2] iter 1170: join done, raw=34548 result_size=34546
R0 [P2] iter 1170: split done, delta_size=34546
R0 [P2] iter 1170: dedup done, delta_size=34546
R0 [P2] iter 1170: subtract done, delta_size=34486
R0 [P2] iter 1170: merge done, full_size=705313097
R0 [P2] iter 1171 done: global_full_size=705313097
R0 [P2] iter 1171: PRE-JOIN GPU mem: 78.8GB free / 85.1GB total | delta_size=34486 full_size=705313097
R0 [P2] iter 1171: join done, raw=34425 result_size=34422
R0 [P2] iter 1171: split done, delta_size=34422
R0 [P2] iter 1171: dedup done, delta_size=34422
R0 [P2] iter 1171: subtract done, delta_size=34362
R0 [P2] iter 1171: merge done, full_size=705347459
R0 [P2] iter 1172 done: global_full_size=705347459
R0 [P2] iter 1172: PRE-JOIN GPU mem: 78.8GB free / 85.1GB total | delta_size=34362 full_size=705347459
R0 [P2] iter 1172: join done, raw=34296 result_size=34295
R0 [P2] iter 1172: split done, delta_size=34295
R0 [P2] iter 1172: dedup done, delta_size=34295
R0 [P2] iter 1172: subtract done, delta_size=34237
R0 [P2] iter 1172: merge done, full_size=705381696
R0 [P2] iter 1173 done: global_full_size=705381696
R0 [P2] iter 1173: PRE-JOIN GPU mem: 78.8GB free / 85.1GB total | delta_size=34237 full_size=705381696
R0 [P2] iter 1173: join done, raw=34173 result_size=34172
R0 [P2] iter 1173: split done, delta_size=34172
R0 [P2] iter 1173: dedup done, delta_size=34172
R0 [P2] iter 1173: subtract done, delta_size=34114
R0 [P2] iter 1173: merge done, full_size=705415810
R0 [P2] iter 1174 done: global_full_size=705415810
R0 [P2] iter 1174: PRE-JOIN GPU mem: 78.8GB free / 85.1GB total | delta_size=34114 full_size=705415810
R0 [P2] iter 1174: join done, raw=34049 result_size=34048
R0 [P2] iter 1174: split done, delta_size=34048
R0 [P2] iter 1174: dedup done, delta_size=34048
R0 [P2] iter 1174: subtract done, delta_size=33989
R0 [P2] iter 1174: merge done, full_size=705449799
R0 [P2] iter 1175 done: global_full_size=705449799
R0 [P2] iter 1175: PRE-JOIN GPU mem: 78.8GB free / 85.1GB total | delta_size=33989 full_size=705449799
R0 [P2] iter 1175: join done, raw=33922 result_size=33921
R0 [P2] iter 1175: split done, delta_size=33921
R0 [P2] iter 1175: dedup done, delta_size=33921
R0 [P2] iter 1175: subtract done, delta_size=33862
R0 [P2] iter 1175: merge done, full_size=705483661
R0 [P2] iter 1176 done: global_full_size=705483661
R0 [P2] iter 1176: PRE-JOIN GPU mem: 78.8GB free / 85.1GB total | delta_size=33862 full_size=705483661
R0 [P2] iter 1176: join done, raw=33795 result_size=33794
R0 [P2] iter 1176: split done, delta_size=33794
R0 [P2] iter 1176: dedup done, delta_size=33794
R0 [P2] iter 1176: subtract done, delta_size=33735
R0 [P2] iter 1176: merge done, full_size=705517396
R0 [P2] iter 1177 done: global_full_size=705517396
R0 [P2] iter 1177: PRE-JOIN GPU mem: 78.8GB free / 85.1GB total | delta_size=33735 full_size=705517396
R0 [P2] iter 1177: join done, raw=33669 result_size=33668
R0 [P2] iter 1177: split done, delta_size=33668
R0 [P2] iter 1177: dedup done, delta_size=33668
R0 [P2] iter 1177: subtract done, delta_size=33610
R0 [P2] iter 1177: merge done, full_size=705551006
R0 [P2] iter 1178 done: global_full_size=705551006
R0 [P2] iter 1178: PRE-JOIN GPU mem: 78.8GB free / 85.1GB total | delta_size=33610 full_size=705551006
R0 [P2] iter 1178: join done, raw=33544 result_size=33543
R0 [P2] iter 1178: split done, delta_size=33543
R0 [P2] iter 1178: dedup done, delta_size=33543
R0 [P2] iter 1178: subtract done, delta_size=33487
R0 [P2] iter 1178: merge done, full_size=705584493
R0 [P2] iter 1179 done: global_full_size=705584493
R0 [P2] iter 1179: PRE-JOIN GPU mem: 78.8GB free / 85.1GB total | delta_size=33487 full_size=705584493
R0 [P2] iter 1179: join done, raw=33418 result_size=33417
R0 [P2] iter 1179: split done, delta_size=33417
R0 [P2] iter 1179: dedup done, delta_size=33417
R0 [P2] iter 1179: subtract done, delta_size=33360
R0 [P2] iter 1179: merge done, full_size=705617853
R0 [P2] iter 1180 done: global_full_size=705617853
R0 [P2] iter 1180: PRE-JOIN GPU mem: 78.8GB free / 85.1GB total | delta_size=33360 full_size=705617853
R0 [P2] iter 1180: join done, raw=33296 result_size=33295
R0 [P2] iter 1180: split done, delta_size=33295
R0 [P2] iter 1180: dedup done, delta_size=33295
R0 [P2] iter 1180: subtract done, delta_size=33239
R0 [P2] iter 1180: merge done, full_size=705651092
R0 [P2] iter 1181 done: global_full_size=705651092
R0 [P2] iter 1181: PRE-JOIN GPU mem: 78.8GB free / 85.1GB total | delta_size=33239 full_size=705651092
R0 [P2] iter 1181: join done, raw=33176 result_size=33175
R0 [P2] iter 1181: split done, delta_size=33175
R0 [P2] iter 1181: dedup done, delta_size=33175
R0 [P2] iter 1181: subtract done, delta_size=33120
R0 [P2] iter 1181: merge done, full_size=705684212
R0 [P2] iter 1182 done: global_full_size=705684212
R0 [P2] iter 1182: PRE-JOIN GPU mem: 78.8GB free / 85.1GB total | delta_size=33120 full_size=705684212
R0 [P2] iter 1182: join done, raw=33055 result_size=33054
R0 [P2] iter 1182: split done, delta_size=33054
R0 [P2] iter 1182: dedup done, delta_size=33054
R0 [P2] iter 1182: subtract done, delta_size=32999
R0 [P2] iter 1182: merge done, full_size=705717211
R0 [P2] iter 1183 done: global_full_size=705717211
R0 [P2] iter 1183: PRE-JOIN GPU mem: 78.8GB free / 85.1GB total | delta_size=32999 full_size=705717211
R0 [P2] iter 1183: join done, raw=32937 result_size=32936
R0 [P2] iter 1183: split done, delta_size=32936
R0 [P2] iter 1183: dedup done, delta_size=32936
R0 [P2] iter 1183: subtract done, delta_size=32882
R0 [P2] iter 1183: merge done, full_size=705750093
R0 [P2] iter 1184 done: global_full_size=705750093
R0 [P2] iter 1184: PRE-JOIN GPU mem: 78.8GB free / 85.1GB total | delta_size=32882 full_size=705750093
R0 [P2] iter 1184: join done, raw=32822 result_size=32821
R0 [P2] iter 1184: split done, delta_size=32821
R0 [P2] iter 1184: dedup done, delta_size=32821
R0 [P2] iter 1184: subtract done, delta_size=32767
R0 [P2] iter 1184: merge done, full_size=705782860
R0 [P2] iter 1185 done: global_full_size=705782860
R0 [P2] iter 1185: PRE-JOIN GPU mem: 78.8GB free / 85.1GB total | delta_size=32767 full_size=705782860
R0 [P2] iter 1185: join done, raw=32707 result_size=32706
R0 [P2] iter 1185: split done, delta_size=32706
R0 [P2] iter 1185: dedup done, delta_size=32706
R0 [P2] iter 1185: subtract done, delta_size=32652
R0 [P2] iter 1185: merge done, full_size=705815512
R0 [P2] iter 1186 done: global_full_size=705815512
R0 [P2] iter 1186: PRE-JOIN GPU mem: 78.8GB free / 85.1GB total | delta_size=32652 full_size=705815512
R0 [P2] iter 1186: join done, raw=32592 result_size=32591
R0 [P2] iter 1186: split done, delta_size=32591
R0 [P2] iter 1186: dedup done, delta_size=32591
R0 [P2] iter 1186: subtract done, delta_size=32537
R0 [P2] iter 1186: merge done, full_size=705848049
R0 [P2] iter 1187 done: global_full_size=705848049
R0 [P2] iter 1187: PRE-JOIN GPU mem: 78.8GB free / 85.1GB total | delta_size=32537 full_size=705848049
R0 [P2] iter 1187: join done, raw=32480 result_size=32479
R0 [P2] iter 1187: split done, delta_size=32479
R0 [P2] iter 1187: dedup done, delta_size=32479
R0 [P2] iter 1187: subtract done, delta_size=32425
R0 [P2] iter 1187: merge done, full_size=705880474
R0 [P2] iter 1188 done: global_full_size=705880474
R0 [P2] iter 1188: PRE-JOIN GPU mem: 78.8GB free / 85.1GB total | delta_size=32425 full_size=705880474
R0 [P2] iter 1188: join done, raw=32365 result_size=32364
R0 [P2] iter 1188: split done, delta_size=32364
R0 [P2] iter 1188: dedup done, delta_size=32364
R0 [P2] iter 1188: subtract done, delta_size=32310
R0 [P2] iter 1188: merge done, full_size=705912784
R0 [P2] iter 1189 done: global_full_size=705912784
R0 [P2] iter 1189: PRE-JOIN GPU mem: 78.8GB free / 85.1GB total | delta_size=32310 full_size=705912784
R0 [P2] iter 1189: join done, raw=32254 result_size=32253
R0 [P2] iter 1189: split done, delta_size=32253
R0 [P2] iter 1189: dedup done, delta_size=32253
R0 [P2] iter 1189: subtract done, delta_size=32199
R0 [P2] iter 1189: merge done, full_size=705944983
R0 [P2] iter 1190 done: global_full_size=705944983
R0 [P2] iter 1190: PRE-JOIN GPU mem: 78.8GB free / 85.1GB total | delta_size=32199 full_size=705944983
R0 [P2] iter 1190: join done, raw=32147 result_size=32146
R0 [P2] iter 1190: split done, delta_size=32146
R0 [P2] iter 1190: dedup done, delta_size=32146
R0 [P2] iter 1190: subtract done, delta_size=32092
R0 [P2] iter 1190: merge done, full_size=705977075
R0 [P2] iter 1191 done: global_full_size=705977075
R0 [P2] iter 1191: PRE-JOIN GPU mem: 78.8GB free / 85.1GB total | delta_size=32092 full_size=705977075
R0 [P2] iter 1191: join done, raw=32037 result_size=32036
R0 [P2] iter 1191: split done, delta_size=32036
R0 [P2] iter 1191: dedup done, delta_size=32036
R0 [P2] iter 1191: subtract done, delta_size=31982
R0 [P2] iter 1191: merge done, full_size=706009057
R0 [P2] iter 1192 done: global_full_size=706009057
R0 [P2] iter 1192: PRE-JOIN GPU mem: 78.8GB free / 85.1GB total | delta_size=31982 full_size=706009057
R0 [P2] iter 1192: join done, raw=31929 result_size=31928
R0 [P2] iter 1192: split done, delta_size=31928
R0 [P2] iter 1192: dedup done, delta_size=31928
R0 [P2] iter 1192: subtract done, delta_size=31874
R0 [P2] iter 1192: merge done, full_size=706040931
R0 [P2] iter 1193 done: global_full_size=706040931
R0 [P2] iter 1193: PRE-JOIN GPU mem: 78.8GB free / 85.1GB total | delta_size=31874 full_size=706040931
R0 [P2] iter 1193: join done, raw=31821 result_size=31820
R0 [P2] iter 1193: split done, delta_size=31820
R0 [P2] iter 1193: dedup done, delta_size=31820
R0 [P2] iter 1193: subtract done, delta_size=31766
R0 [P2] iter 1193: merge done, full_size=706072697
R0 [P2] iter 1194 done: global_full_size=706072697
R0 [P2] iter 1194: PRE-JOIN GPU mem: 78.8GB free / 85.1GB total | delta_size=31766 full_size=706072697
R0 [P2] iter 1194: join done, raw=31715 result_size=31714
R0 [P2] iter 1194: split done, delta_size=31714
R0 [P2] iter 1194: dedup done, delta_size=31714
R0 [P2] iter 1194: subtract done, delta_size=31660
R0 [P2] iter 1194: merge done, full_size=706104357
R0 [P2] iter 1195 done: global_full_size=706104357
R0 [P2] iter 1195: PRE-JOIN GPU mem: 78.8GB free / 85.1GB total | delta_size=31660 full_size=706104357
R0 [P2] iter 1195: join done, raw=31609 result_size=31608
R0 [P2] iter 1195: split done, delta_size=31608
R0 [P2] iter 1195: dedup done, delta_size=31608
R0 [P2] iter 1195: subtract done, delta_size=31554
R0 [P2] iter 1195: merge done, full_size=706135911
R0 [P2] iter 1196 done: global_full_size=706135911
R0 [P2] iter 1196: PRE-JOIN GPU mem: 78.8GB free / 85.1GB total | delta_size=31554 full_size=706135911
R0 [P2] iter 1196: join done, raw=31506 result_size=31505
R0 [P2] iter 1196: split done, delta_size=31505
R0 [P2] iter 1196: dedup done, delta_size=31505
R0 [P2] iter 1196: subtract done, delta_size=31452
R0 [P2] iter 1196: merge done, full_size=706167363
R0 [P2] iter 1197 done: global_full_size=706167363
R0 [P2] iter 1197: PRE-JOIN GPU mem: 78.8GB free / 85.1GB total | delta_size=31452 full_size=706167363
R0 [P2] iter 1197: join done, raw=31400 result_size=31399
R0 [P2] iter 1197: split done, delta_size=31399
R0 [P2] iter 1197: dedup done, delta_size=31399
R0 [P2] iter 1197: subtract done, delta_size=31346
R0 [P2] iter 1197: merge done, full_size=706198709
R0 [P2] iter 1198 done: global_full_size=706198709
R0 [P2] iter 1198: PRE-JOIN GPU mem: 78.8GB free / 85.1GB total | delta_size=31346 full_size=706198709
R0 [P2] iter 1198: join done, raw=31296 result_size=31295
R0 [P2] iter 1198: split done, delta_size=31295
R0 [P2] iter 1198: dedup done, delta_size=31295
R0 [P2] iter 1198: subtract done, delta_size=31241
R0 [P2] iter 1198: merge done, full_size=706229950
R0 [P2] iter 1199 done: global_full_size=706229950
R0 [P2] iter 1199: PRE-JOIN GPU mem: 78.8GB free / 85.1GB total | delta_size=31241 full_size=706229950
R0 [P2] iter 1199: join done, raw=31195 result_size=31194
R0 [P2] iter 1199: split done, delta_size=31194
R0 [P2] iter 1199: dedup done, delta_size=31194
R0 [P2] iter 1199: subtract done, delta_size=31142
R0 [P2] iter 1199: merge done, full_size=706261092
R0 [P2] iter 1200 done: global_full_size=706261092
R0 [P2] iter 1200: PRE-JOIN GPU mem: 78.8GB free / 85.1GB total | delta_size=31142 full_size=706261092
R0 [P2] iter 1200: join done, raw=31088 result_size=31087
R0 [P2] iter 1200: split done, delta_size=31087
R0 [P2] iter 1200: dedup done, delta_size=31087
R0 [P2] iter 1200: subtract done, delta_size=31034
R0 [P2] iter 1200: merge done, full_size=706292126
R0 [P2] iter 1201 done: global_full_size=706292126
R0 [P2] iter 1201: PRE-JOIN GPU mem: 78.8GB free / 85.1GB total | delta_size=31034 full_size=706292126
R0 [P2] iter 1201: join done, raw=30982 result_size=30981
R0 [P2] iter 1201: split done, delta_size=30981
R0 [P2] iter 1201: dedup done, delta_size=30981
R0 [P2] iter 1201: subtract done, delta_size=30931
R0 [P2] iter 1201: merge done, full_size=706323057
R0 [P2] iter 1202 done: global_full_size=706323057
R0 [P2] iter 1202: PRE-JOIN GPU mem: 78.8GB free / 85.1GB total | delta_size=30931 full_size=706323057
R0 [P2] iter 1202: join done, raw=30875 result_size=30874
R0 [P2] iter 1202: split done, delta_size=30874
R0 [P2] iter 1202: dedup done, delta_size=30874
R0 [P2] iter 1202: subtract done, delta_size=30825
R0 [P2] iter 1202: merge done, full_size=706353882
R0 [P2] iter 1203 done: global_full_size=706353882
R0 [P2] iter 1203: PRE-JOIN GPU mem: 78.8GB free / 85.1GB total | delta_size=30825 full_size=706353882
R0 [P2] iter 1203: join done, raw=30771 result_size=30770
R0 [P2] iter 1203: split done, delta_size=30770
R0 [P2] iter 1203: dedup done, delta_size=30770
R0 [P2] iter 1203: subtract done, delta_size=30721
R0 [P2] iter 1203: merge done, full_size=706384603
R0 [P2] iter 1204 done: global_full_size=706384603
R0 [P2] iter 1204: PRE-JOIN GPU mem: 78.8GB free / 85.1GB total | delta_size=30721 full_size=706384603
R0 [P2] iter 1204: join done, raw=30667 result_size=30666
R0 [P2] iter 1204: split done, delta_size=30666
R0 [P2] iter 1204: dedup done, delta_size=30666
R0 [P2] iter 1204: subtract done, delta_size=30616
R0 [P2] iter 1204: merge done, full_size=706415219
R0 [P2] iter 1205 done: global_full_size=706415219
R0 [P2] iter 1205: PRE-JOIN GPU mem: 78.8GB free / 85.1GB total | delta_size=30616 full_size=706415219
R0 [P2] iter 1205: join done, raw=30560 result_size=30559
R0 [P2] iter 1205: split done, delta_size=30559
R0 [P2] iter 1205: dedup done, delta_size=30559
R0 [P2] iter 1205: subtract done, delta_size=30511
R0 [P2] iter 1205: merge done, full_size=706445730
R0 [P2] iter 1206 done: global_full_size=706445730
R0 [P2] iter 1206: PRE-JOIN GPU mem: 78.8GB free / 85.1GB total | delta_size=30511 full_size=706445730
R0 [P2] iter 1206: join done, raw=30456 result_size=30455
R0 [P2] iter 1206: split done, delta_size=30455
R0 [P2] iter 1206: dedup done, delta_size=30455
R0 [P2] iter 1206: subtract done, delta_size=30407
R0 [P2] iter 1206: merge done, full_size=706476137
R0 [P2] iter 1207 done: global_full_size=706476137
R0 [P2] iter 1207: PRE-JOIN GPU mem: 78.8GB free / 85.1GB total | delta_size=30407 full_size=706476137
R0 [P2] iter 1207: join done, raw=30355 result_size=30354
R0 [P2] iter 1207: split done, delta_size=30354
R0 [P2] iter 1207: dedup done, delta_size=30354
R0 [P2] iter 1207: subtract done, delta_size=30306
R0 [P2] iter 1207: merge done, full_size=706506443
R0 [P2] iter 1208 done: global_full_size=706506443
R0 [P2] iter 1208: PRE-JOIN GPU mem: 78.8GB free / 85.1GB total | delta_size=30306 full_size=706506443
R0 [P2] iter 1208: join done, raw=30252 result_size=30251
R0 [P2] iter 1208: split done, delta_size=30251
R0 [P2] iter 1208: dedup done, delta_size=30251
R0 [P2] iter 1208: subtract done, delta_size=30206
R0 [P2] iter 1208: merge done, full_size=706536649
R0 [P2] iter 1209 done: global_full_size=706536649
R0 [P2] iter 1209: PRE-JOIN GPU mem: 78.8GB free / 85.1GB total | delta_size=30206 full_size=706536649
R0 [P2] iter 1209: join done, raw=30151 result_size=30150
R0 [P2] iter 1209: split done, delta_size=30150
R0 [P2] iter 1209: dedup done, delta_size=30150
R0 [P2] iter 1209: subtract done, delta_size=30104
R0 [P2] iter 1209: merge done, full_size=706566753
R0 [P2] iter 1210 done: global_full_size=706566753
R0 [P2] iter 1210: PRE-JOIN GPU mem: 78.8GB free / 85.1GB total | delta_size=30104 full_size=706566753
R0 [P2] iter 1210: join done, raw=30048 result_size=30047
R0 [P2] iter 1210: split done, delta_size=30047
R0 [P2] iter 1210: dedup done, delta_size=30047
R0 [P2] iter 1210: subtract done, delta_size=30001
R0 [P2] iter 1210: merge done, full_size=706596754
R0 [P2] iter 1211 done: global_full_size=706596754
R0 [P2] iter 1211: PRE-JOIN GPU mem: 78.8GB free / 85.1GB total | delta_size=30001 full_size=706596754
R0 [P2] iter 1211: join done, raw=29941 result_size=29940
R0 [P2] iter 1211: split done, delta_size=29940
R0 [P2] iter 1211: dedup done, delta_size=29940
R0 [P2] iter 1211: subtract done, delta_size=29898
R0 [P2] iter 1211: merge done, full_size=706626652
R0 [P2] iter 1212 done: global_full_size=706626652
R0 [P2] iter 1212: PRE-JOIN GPU mem: 78.8GB free / 85.1GB total | delta_size=29898 full_size=706626652
R0 [P2] iter 1212: join done, raw=29832 result_size=29831
R0 [P2] iter 1212: split done, delta_size=29831
R0 [P2] iter 1212: dedup done, delta_size=29831
R0 [P2] iter 1212: subtract done, delta_size=29789
R0 [P2] iter 1212: merge done, full_size=706656441
R0 [P2] iter 1213 done: global_full_size=706656441
R0 [P2] iter 1213: PRE-JOIN GPU mem: 78.8GB free / 85.1GB total | delta_size=29789 full_size=706656441
R0 [P2] iter 1213: join done, raw=29730 result_size=29729
R0 [P2] iter 1213: split done, delta_size=29729
R0 [P2] iter 1213: dedup done, delta_size=29729
R0 [P2] iter 1213: subtract done, delta_size=29687
R0 [P2] iter 1213: merge done, full_size=706686128
R0 [P2] iter 1214 done: global_full_size=706686128
R0 [P2] iter 1214: PRE-JOIN GPU mem: 78.8GB free / 85.1GB total | delta_size=29687 full_size=706686128
R0 [P2] iter 1214: join done, raw=29630 result_size=29629
R0 [P2] iter 1214: split done, delta_size=29629
R0 [P2] iter 1214: dedup done, delta_size=29629
R0 [P2] iter 1214: subtract done, delta_size=29588
R0 [P2] iter 1214: merge done, full_size=706715716
R0 [P2] iter 1215 done: global_full_size=706715716
R0 [P2] iter 1215: PRE-JOIN GPU mem: 78.8GB free / 85.1GB total | delta_size=29588 full_size=706715716
R0 [P2] iter 1215: join done, raw=29532 result_size=29531
R0 [P2] iter 1215: split done, delta_size=29531
R0 [P2] iter 1215: dedup done, delta_size=29531
R0 [P2] iter 1215: subtract done, delta_size=29490
R0 [P2] iter 1215: merge done, full_size=706745206
R0 [P2] iter 1216 done: global_full_size=706745206
R0 [P2] iter 1216: PRE-JOIN GPU mem: 78.8GB free / 85.1GB total | delta_size=29490 full_size=706745206
R0 [P2] iter 1216: join done, raw=29433 result_size=29432
R0 [P2] iter 1216: split done, delta_size=29432
R0 [P2] iter 1216: dedup done, delta_size=29432
R0 [P2] iter 1216: subtract done, delta_size=29391
R0 [P2] iter 1216: merge done, full_size=706774597
R0 [P2] iter 1217 done: global_full_size=706774597
R0 [P2] iter 1217: PRE-JOIN GPU mem: 78.8GB free / 85.1GB total | delta_size=29391 full_size=706774597
R0 [P2] iter 1217: join done, raw=29334 result_size=29333
R0 [P2] iter 1217: split done, delta_size=29333
R0 [P2] iter 1217: dedup done, delta_size=29333
R0 [P2] iter 1217: subtract done, delta_size=29292
R0 [P2] iter 1217: merge done, full_size=706803889
R0 [P2] iter 1218 done: global_full_size=706803889
R0 [P2] iter 1218: PRE-JOIN GPU mem: 78.8GB free / 85.1GB total | delta_size=29292 full_size=706803889
R0 [P2] iter 1218: join done, raw=29236 result_size=29235
R0 [P2] iter 1218: split done, delta_size=29235
R0 [P2] iter 1218: dedup done, delta_size=29235
R0 [P2] iter 1218: subtract done, delta_size=29195
R0 [P2] iter 1218: merge done, full_size=706833084
R0 [P2] iter 1219 done: global_full_size=706833084
R0 [P2] iter 1219: PRE-JOIN GPU mem: 78.8GB free / 85.1GB total | delta_size=29195 full_size=706833084
R0 [P2] iter 1219: join done, raw=29138 result_size=29137
R0 [P2] iter 1219: split done, delta_size=29137
R0 [P2] iter 1219: dedup done, delta_size=29137
R0 [P2] iter 1219: subtract done, delta_size=29098
R0 [P2] iter 1219: merge done, full_size=706862182
R0 [P2] iter 1220 done: global_full_size=706862182
R0 [P2] iter 1220: PRE-JOIN GPU mem: 78.8GB free / 85.1GB total | delta_size=29098 full_size=706862182
R0 [P2] iter 1220: join done, raw=29040 result_size=29039
R0 [P2] iter 1220: split done, delta_size=29039
R0 [P2] iter 1220: dedup done, delta_size=29039
R0 [P2] iter 1220: subtract done, delta_size=29000
R0 [P2] iter 1220: merge done, full_size=706891182
R0 [P2] iter 1221 done: global_full_size=706891182
R0 [P2] iter 1221: PRE-JOIN GPU mem: 78.8GB free / 85.1GB total | delta_size=29000 full_size=706891182
R0 [P2] iter 1221: join done, raw=28941 result_size=28940
R0 [P2] iter 1221: split done, delta_size=28940
R0 [P2] iter 1221: dedup done, delta_size=28940
R0 [P2] iter 1221: subtract done, delta_size=28901
R0 [P2] iter 1221: merge done, full_size=706920083
R0 [P2] iter 1222 done: global_full_size=706920083
R0 [P2] iter 1222: PRE-JOIN GPU mem: 78.8GB free / 85.1GB total | delta_size=28901 full_size=706920083
R0 [P2] iter 1222: join done, raw=28844 result_size=28843
R0 [P2] iter 1222: split done, delta_size=28843
R0 [P2] iter 1222: dedup done, delta_size=28843
R0 [P2] iter 1222: subtract done, delta_size=28804
R0 [P2] iter 1222: merge done, full_size=706948887
R0 [P2] iter 1223 done: global_full_size=706948887
R0 [P2] iter 1223: PRE-JOIN GPU mem: 78.8GB free / 85.1GB total | delta_size=28804 full_size=706948887
R0 [P2] iter 1223: join done, raw=28746 result_size=28745
R0 [P2] iter 1223: split done, delta_size=28745
R0 [P2] iter 1223: dedup done, delta_size=28745
R0 [P2] iter 1223: subtract done, delta_size=28706
R0 [P2] iter 1223: merge done, full_size=706977593
R0 [P2] iter 1224 done: global_full_size=706977593
R0 [P2] iter 1224: PRE-JOIN GPU mem: 78.8GB free / 85.1GB total | delta_size=28706 full_size=706977593
R0 [P2] iter 1224: join done, raw=28648 result_size=28647
R0 [P2] iter 1224: split done, delta_size=28647
R0 [P2] iter 1224: dedup done, delta_size=28647
R0 [P2] iter 1224: subtract done, delta_size=28609
R0 [P2] iter 1224: merge done, full_size=707006202
R0 [P2] iter 1225 done: global_full_size=707006202
R0 [P2] iter 1225: PRE-JOIN GPU mem: 78.8GB free / 85.1GB total | delta_size=28609 full_size=707006202
R0 [P2] iter 1225: join done, raw=28550 result_size=28550
R0 [P2] iter 1225: split done, delta_size=28550
R0 [P2] iter 1225: dedup done, delta_size=28550
R0 [P2] iter 1225: subtract done, delta_size=28512
R0 [P2] iter 1225: merge done, full_size=707034714
R0 [P2] iter 1226 done: global_full_size=707034714
R0 [P2] iter 1226: PRE-JOIN GPU mem: 78.8GB free / 85.1GB total | delta_size=28512 full_size=707034714
R0 [P2] iter 1226: join done, raw=28454 result_size=28454
R0 [P2] iter 1226: split done, delta_size=28454
R0 [P2] iter 1226: dedup done, delta_size=28454
R0 [P2] iter 1226: subtract done, delta_size=28416
R0 [P2] iter 1226: merge done, full_size=707063130
R0 [P2] iter 1227 done: global_full_size=707063130
R0 [P2] iter 1227: PRE-JOIN GPU mem: 78.8GB free / 85.1GB total | delta_size=28416 full_size=707063130
R0 [P2] iter 1227: join done, raw=28361 result_size=28361
R0 [P2] iter 1227: split done, delta_size=28361
R0 [P2] iter 1227: dedup done, delta_size=28361
R0 [P2] iter 1227: subtract done, delta_size=28323
R0 [P2] iter 1227: merge done, full_size=707091453
R0 [P2] iter 1228 done: global_full_size=707091453
R0 [P2] iter 1228: PRE-JOIN GPU mem: 78.8GB free / 85.1GB total | delta_size=28323 full_size=707091453
R0 [P2] iter 1228: join done, raw=28268 result_size=28268
R0 [P2] iter 1228: split done, delta_size=28268
R0 [P2] iter 1228: dedup done, delta_size=28268
R0 [P2] iter 1228: subtract done, delta_size=28230
R0 [P2] iter 1228: merge done, full_size=707119683
R0 [P2] iter 1229 done: global_full_size=707119683
R0 [P2] iter 1229: PRE-JOIN GPU mem: 78.8GB free / 85.1GB total | delta_size=28230 full_size=707119683
R0 [P2] iter 1229: join done, raw=28176 result_size=28176
R0 [P2] iter 1229: split done, delta_size=28176
R0 [P2] iter 1229: dedup done, delta_size=28176
R0 [P2] iter 1229: subtract done, delta_size=28138
R0 [P2] iter 1229: merge done, full_size=707147821
R0 [P2] iter 1230 done: global_full_size=707147821
R0 [P2] iter 1230: PRE-JOIN GPU mem: 78.8GB free / 85.1GB total | delta_size=28138 full_size=707147821
R0 [P2] iter 1230: join done, raw=28084 result_size=28084
R0 [P2] iter 1230: split done, delta_size=28084
R0 [P2] iter 1230: dedup done, delta_size=28084
R0 [P2] iter 1230: subtract done, delta_size=28046
R0 [P2] iter 1230: merge done, full_size=707175867
R0 [P2] iter 1231 done: global_full_size=707175867
R0 [P2] iter 1231: PRE-JOIN GPU mem: 78.8GB free / 85.1GB total | delta_size=28046 full_size=707175867
R0 [P2] iter 1231: join done, raw=27994 result_size=27994
R0 [P2] iter 1231: split done, delta_size=27994
R0 [P2] iter 1231: dedup done, delta_size=27994
R0 [P2] iter 1231: subtract done, delta_size=27956
R0 [P2] iter 1231: merge done, full_size=707203823
R0 [P2] iter 1232 done: global_full_size=707203823
R0 [P2] iter 1232: PRE-JOIN GPU mem: 78.8GB free / 85.1GB total | delta_size=27956 full_size=707203823
R0 [P2] iter 1232: join done, raw=27904 result_size=27904
R0 [P2] iter 1232: split done, delta_size=27904
R0 [P2] iter 1232: dedup done, delta_size=27904
R0 [P2] iter 1232: subtract done, delta_size=27866
R0 [P2] iter 1232: merge done, full_size=707231689
R0 [P2] iter 1233 done: global_full_size=707231689
R0 [P2] iter 1233: PRE-JOIN GPU mem: 78.8GB free / 85.1GB total | delta_size=27866 full_size=707231689
R0 [P2] iter 1233: join done, raw=27813 result_size=27813
R0 [P2] iter 1233: split done, delta_size=27813
R0 [P2] iter 1233: dedup done, delta_size=27813
R0 [P2] iter 1233: subtract done, delta_size=27776
R0 [P2] iter 1233: merge done, full_size=707259465
R0 [P2] iter 1234 done: global_full_size=707259465
R0 [P2] iter 1234: PRE-JOIN GPU mem: 78.8GB free / 85.1GB total | delta_size=27776 full_size=707259465
R0 [P2] iter 1234: join done, raw=27723 result_size=27723
R0 [P2] iter 1234: split done, delta_size=27723
R0 [P2] iter 1234: dedup done, delta_size=27723
R0 [P2] iter 1234: subtract done, delta_size=27686
R0 [P2] iter 1234: merge done, full_size=707287151
R0 [P2] iter 1235 done: global_full_size=707287151
R0 [P2] iter 1235: PRE-JOIN GPU mem: 78.8GB free / 85.1GB total | delta_size=27686 full_size=707287151
R0 [P2] iter 1235: join done, raw=27634 result_size=27634
R0 [P2] iter 1235: split done, delta_size=27634
R0 [P2] iter 1235: dedup done, delta_size=27634
R0 [P2] iter 1235: subtract done, delta_size=27597
R0 [P2] iter 1235: merge done, full_size=707314748
R0 [P2] iter 1236 done: global_full_size=707314748
R0 [P2] iter 1236: PRE-JOIN GPU mem: 78.8GB free / 85.1GB total | delta_size=27597 full_size=707314748
R0 [P2] iter 1236: join done, raw=27543 result_size=27543
R0 [P2] iter 1236: split done, delta_size=27543
R0 [P2] iter 1236: dedup done, delta_size=27543
R0 [P2] iter 1236: subtract done, delta_size=27506
R0 [P2] iter 1236: merge done, full_size=707342254
R0 [P2] iter 1237 done: global_full_size=707342254
R0 [P2] iter 1237: PRE-JOIN GPU mem: 78.8GB free / 85.1GB total | delta_size=27506 full_size=707342254
R0 [P2] iter 1237: join done, raw=27453 result_size=27453
R0 [P2] iter 1237: split done, delta_size=27453
R0 [P2] iter 1237: dedup done, delta_size=27453
R0 [P2] iter 1237: subtract done, delta_size=27416
R0 [P2] iter 1237: merge done, full_size=707369670
R0 [P2] iter 1238 done: global_full_size=707369670
R0 [P2] iter 1238: PRE-JOIN GPU mem: 78.8GB free / 85.1GB total | delta_size=27416 full_size=707369670
R0 [P2] iter 1238: join done, raw=27362 result_size=27362
R0 [P2] iter 1238: split done, delta_size=27362
R0 [P2] iter 1238: dedup done, delta_size=27362
R0 [P2] iter 1238: subtract done, delta_size=27325
R0 [P2] iter 1238: merge done, full_size=707396995
R0 [P2] iter 1239 done: global_full_size=707396995
R0 [P2] iter 1239: PRE-JOIN GPU mem: 78.8GB free / 85.1GB total | delta_size=27325 full_size=707396995
R0 [P2] iter 1239: join done, raw=27271 result_size=27271
R0 [P2] iter 1239: split done, delta_size=27271
R0 [P2] iter 1239: dedup done, delta_size=27271
R0 [P2] iter 1239: subtract done, delta_size=27235
R0 [P2] iter 1239: merge done, full_size=707424230
R0 [P2] iter 1240 done: global_full_size=707424230
R0 [P2] iter 1240: PRE-JOIN GPU mem: 78.8GB free / 85.1GB total | delta_size=27235 full_size=707424230
R0 [P2] iter 1240: join done, raw=27180 result_size=27180
R0 [P2] iter 1240: split done, delta_size=27180
R0 [P2] iter 1240: dedup done, delta_size=27180
R0 [P2] iter 1240: subtract done, delta_size=27144
R0 [P2] iter 1240: merge done, full_size=707451374
R0 [P2] iter 1241 done: global_full_size=707451374
R0 [P2] iter 1241: PRE-JOIN GPU mem: 78.8GB free / 85.1GB total | delta_size=27144 full_size=707451374
R0 [P2] iter 1241: join done, raw=27091 result_size=27091
R0 [P2] iter 1241: split done, delta_size=27091
R0 [P2] iter 1241: dedup done, delta_size=27091
R0 [P2] iter 1241: subtract done, delta_size=27055
R0 [P2] iter 1241: merge done, full_size=707478429
R0 [P2] iter 1242 done: global_full_size=707478429
R0 [P2] iter 1242: PRE-JOIN GPU mem: 78.8GB free / 85.1GB total | delta_size=27055 full_size=707478429
R0 [P2] iter 1242: join done, raw=27004 result_size=27004
R0 [P2] iter 1242: split done, delta_size=27004
R0 [P2] iter 1242: dedup done, delta_size=27004
R0 [P2] iter 1242: subtract done, delta_size=26968
R0 [P2] iter 1242: merge done, full_size=707505397
R0 [P2] iter 1243 done: global_full_size=707505397
R0 [P2] iter 1243: PRE-JOIN GPU mem: 78.8GB free / 85.1GB total | delta_size=26968 full_size=707505397
R0 [P2] iter 1243: join done, raw=26918 result_size=26918
R0 [P2] iter 1243: split done, delta_size=26918
R0 [P2] iter 1243: dedup done, delta_size=26918
R0 [P2] iter 1243: subtract done, delta_size=26882
R0 [P2] iter 1243: merge done, full_size=707532279
R0 [P2] iter 1244 done: global_full_size=707532279
R0 [P2] iter 1244: PRE-JOIN GPU mem: 78.8GB free / 85.1GB total | delta_size=26882 full_size=707532279
R0 [P2] iter 1244: join done, raw=26832 result_size=26832
R0 [P2] iter 1244: split done, delta_size=26832
R0 [P2] iter 1244: dedup done, delta_size=26832
R0 [P2] iter 1244: subtract done, delta_size=26796
R0 [P2] iter 1244: merge done, full_size=707559075
R0 [P2] iter 1245 done: global_full_size=707559075
R0 [P2] iter 1245: PRE-JOIN GPU mem: 78.8GB free / 85.1GB total | delta_size=26796 full_size=707559075
R0 [P2] iter 1245: join done, raw=26747 result_size=26747
R0 [P2] iter 1245: split done, delta_size=26747
R0 [P2] iter 1245: dedup done, delta_size=26747
R0 [P2] iter 1245: subtract done, delta_size=26711
R0 [P2] iter 1245: merge done, full_size=707585786
R0 [P2] iter 1246 done: global_full_size=707585786
R0 [P2] iter 1246: PRE-JOIN GPU mem: 78.8GB free / 85.1GB total | delta_size=26711 full_size=707585786
R0 [P2] iter 1246: join done, raw=26663 result_size=26663
R0 [P2] iter 1246: split done, delta_size=26663
R0 [P2] iter 1246: dedup done, delta_size=26663
R0 [P2] iter 1246: subtract done, delta_size=26627
R0 [P2] iter 1246: merge done, full_size=707612413
R0 [P2] iter 1247 done: global_full_size=707612413
R0 [P2] iter 1247: PRE-JOIN GPU mem: 78.8GB free / 85.1GB total | delta_size=26627 full_size=707612413
R0 [P2] iter 1247: join done, raw=26577 result_size=26577
R0 [P2] iter 1247: split done, delta_size=26577
R0 [P2] iter 1247: dedup done, delta_size=26577
R0 [P2] iter 1247: subtract done, delta_size=26541
R0 [P2] iter 1247: merge done, full_size=707638954
R0 [P2] iter 1248 done: global_full_size=707638954
R0 [P2] iter 1248: PRE-JOIN GPU mem: 78.8GB free / 85.1GB total | delta_size=26541 full_size=707638954
R0 [P2] iter 1248: join done, raw=26491 result_size=26491
R0 [P2] iter 1248: split done, delta_size=26491
R0 [P2] iter 1248: dedup done, delta_size=26491
R0 [P2] iter 1248: subtract done, delta_size=26455
R0 [P2] iter 1248: merge done, full_size=707665409
R0 [P2] iter 1249 done: global_full_size=707665409
R0 [P2] iter 1249: PRE-JOIN GPU mem: 78.8GB free / 85.1GB total | delta_size=26455 full_size=707665409
R0 [P2] iter 1249: join done, raw=26404 result_size=26404
R0 [P2] iter 1249: split done, delta_size=26404
R0 [P2] iter 1249: dedup done, delta_size=26404
R0 [P2] iter 1249: subtract done, delta_size=26368
R0 [P2] iter 1249: merge done, full_size=707691777
R0 [P2] iter 1250 done: global_full_size=707691777
R0 [P2] iter 1250: PRE-JOIN GPU mem: 78.8GB free / 85.1GB total | delta_size=26368 full_size=707691777
R0 [P2] iter 1250: join done, raw=26319 result_size=26319
R0 [P2] iter 1250: split done, delta_size=26319
R0 [P2] iter 1250: dedup done, delta_size=26319
R0 [P2] iter 1250: subtract done, delta_size=26283
R0 [P2] iter 1250: merge done, full_size=707718060
R0 [P2] iter 1251 done: global_full_size=707718060
R0 [P2] iter 1251: PRE-JOIN GPU mem: 78.8GB free / 85.1GB total | delta_size=26283 full_size=707718060
R0 [P2] iter 1251: join done, raw=26235 result_size=26235
R0 [P2] iter 1251: split done, delta_size=26235
R0 [P2] iter 1251: dedup done, delta_size=26235
R0 [P2] iter 1251: subtract done, delta_size=26199
R0 [P2] iter 1251: merge done, full_size=707744259
R0 [P2] iter 1252 done: global_full_size=707744259
R0 [P2] iter 1252: PRE-JOIN GPU mem: 78.8GB free / 85.1GB total | delta_size=26199 full_size=707744259
R0 [P2] iter 1252: join done, raw=26152 result_size=26152
R0 [P2] iter 1252: split done, delta_size=26152
R0 [P2] iter 1252: dedup done, delta_size=26152
R0 [P2] iter 1252: subtract done, delta_size=26117
R0 [P2] iter 1252: merge done, full_size=707770376
R0 [P2] iter 1253 done: global_full_size=707770376
R0 [P2] iter 1253: PRE-JOIN GPU mem: 78.8GB free / 85.1GB total | delta_size=26117 full_size=707770376
R0 [P2] iter 1253: join done, raw=26070 result_size=26070
R0 [P2] iter 1253: split done, delta_size=26070
R0 [P2] iter 1253: dedup done, delta_size=26070
R0 [P2] iter 1253: subtract done, delta_size=26036
R0 [P2] iter 1253: merge done, full_size=707796412
R0 [P2] iter 1254 done: global_full_size=707796412
R0 [P2] iter 1254: PRE-JOIN GPU mem: 78.8GB free / 85.1GB total | delta_size=26036 full_size=707796412
R0 [P2] iter 1254: join done, raw=25989 result_size=25989
R0 [P2] iter 1254: split done, delta_size=25989
R0 [P2] iter 1254: dedup done, delta_size=25989
R0 [P2] iter 1254: subtract done, delta_size=25955
R0 [P2] iter 1254: merge done, full_size=707822367
R0 [P2] iter 1255 done: global_full_size=707822367
R0 [P2] iter 1255: PRE-JOIN GPU mem: 78.8GB free / 85.1GB total | delta_size=25955 full_size=707822367
R0 [P2] iter 1255: join done, raw=25908 result_size=25908
R0 [P2] iter 1255: split done, delta_size=25908
R0 [P2] iter 1255: dedup done, delta_size=25908
R0 [P2] iter 1255: subtract done, delta_size=25874
R0 [P2] iter 1255: merge done, full_size=707848241
R0 [P2] iter 1256 done: global_full_size=707848241
R0 [P2] iter 1256: PRE-JOIN GPU mem: 78.8GB free / 85.1GB total | delta_size=25874 full_size=707848241
R0 [P2] iter 1256: join done, raw=25827 result_size=25827
R0 [P2] iter 1256: split done, delta_size=25827
R0 [P2] iter 1256: dedup done, delta_size=25827
R0 [P2] iter 1256: subtract done, delta_size=25794
R0 [P2] iter 1256: merge done, full_size=707874035
R0 [P2] iter 1257 done: global_full_size=707874035
R0 [P2] iter 1257: PRE-JOIN GPU mem: 78.8GB free / 85.1GB total | delta_size=25794 full_size=707874035
R0 [P2] iter 1257: join done, raw=25746 result_size=25746
R0 [P2] iter 1257: split done, delta_size=25746
R0 [P2] iter 1257: dedup done, delta_size=25746
R0 [P2] iter 1257: subtract done, delta_size=25713
R0 [P2] iter 1257: merge done, full_size=707899748
R0 [P2] iter 1258 done: global_full_size=707899748
R0 [P2] iter 1258: PRE-JOIN GPU mem: 78.8GB free / 85.1GB total | delta_size=25713 full_size=707899748
R0 [P2] iter 1258: join done, raw=25664 result_size=25664
R0 [P2] iter 1258: split done, delta_size=25664
R0 [P2] iter 1258: dedup done, delta_size=25664
R0 [P2] iter 1258: subtract done, delta_size=25631
R0 [P2] iter 1258: merge done, full_size=707925379
R0 [P2] iter 1259 done: global_full_size=707925379
R0 [P2] iter 1259: PRE-JOIN GPU mem: 78.8GB free / 85.1GB total | delta_size=25631 full_size=707925379
R0 [P2] iter 1259: join done, raw=25581 result_size=25581
R0 [P2] iter 1259: split done, delta_size=25581
R0 [P2] iter 1259: dedup done, delta_size=25581
R0 [P2] iter 1259: subtract done, delta_size=25548
R0 [P2] iter 1259: merge done, full_size=707950927
R0 [P2] iter 1260 done: global_full_size=707950927
R0 [P2] iter 1260: PRE-JOIN GPU mem: 78.8GB free / 85.1GB total | delta_size=25548 full_size=707950927
R0 [P2] iter 1260: join done, raw=25498 result_size=25498
R0 [P2] iter 1260: split done, delta_size=25498
R0 [P2] iter 1260: dedup done, delta_size=25498
R0 [P2] iter 1260: subtract done, delta_size=25465
R0 [P2] iter 1260: merge done, full_size=707976392
R0 [P2] iter 1261 done: global_full_size=707976392
R0 [P2] iter 1261: PRE-JOIN GPU mem: 78.8GB free / 85.1GB total | delta_size=25465 full_size=707976392
R0 [P2] iter 1261: join done, raw=25415 result_size=25415
R0 [P2] iter 1261: split done, delta_size=25415
R0 [P2] iter 1261: dedup done, delta_size=25415
R0 [P2] iter 1261: subtract done, delta_size=25382
R0 [P2] iter 1261: merge done, full_size=708001774
R0 [P2] iter 1262 done: global_full_size=708001774
R0 [P2] iter 1262: PRE-JOIN GPU mem: 78.8GB free / 85.1GB total | delta_size=25382 full_size=708001774
R0 [P2] iter 1262: join done, raw=25332 result_size=25332
R0 [P2] iter 1262: split done, delta_size=25332
R0 [P2] iter 1262: dedup done, delta_size=25332
R0 [P2] iter 1262: subtract done, delta_size=25299
R0 [P2] iter 1262: merge done, full_size=708027073
R0 [P2] iter 1263 done: global_full_size=708027073
R0 [P2] iter 1263: PRE-JOIN GPU mem: 78.8GB free / 85.1GB total | delta_size=25299 full_size=708027073
R0 [P2] iter 1263: join done, raw=25249 result_size=25249
R0 [P2] iter 1263: split done, delta_size=25249
R0 [P2] iter 1263: dedup done, delta_size=25249
R0 [P2] iter 1263: subtract done, delta_size=25216
R0 [P2] iter 1263: merge done, full_size=708052289
R0 [P2] iter 1264 done: global_full_size=708052289
R0 [P2] iter 1264: PRE-JOIN GPU mem: 78.8GB free / 85.1GB total | delta_size=25216 full_size=708052289
R0 [P2] iter 1264: join done, raw=25166 result_size=25166
R0 [P2] iter 1264: split done, delta_size=25166
R0 [P2] iter 1264: dedup done, delta_size=25166
R0 [P2] iter 1264: subtract done, delta_size=25133
R0 [P2] iter 1264: merge done, full_size=708077422
R0 [P2] iter 1265 done: global_full_size=708077422
R0 [P2] iter 1265: PRE-JOIN GPU mem: 78.8GB free / 85.1GB total | delta_size=25133 full_size=708077422
R0 [P2] iter 1265: join done, raw=25082 result_size=25082
R0 [P2] iter 1265: split done, delta_size=25082
R0 [P2] iter 1265: dedup done, delta_size=25082
R0 [P2] iter 1265: subtract done, delta_size=25049
R0 [P2] iter 1265: merge done, full_size=708102471
R0 [P2] iter 1266 done: global_full_size=708102471
R0 [P2] iter 1266: PRE-JOIN GPU mem: 78.8GB free / 85.1GB total | delta_size=25049 full_size=708102471
R0 [P2] iter 1266: join done, raw=24997 result_size=24997
R0 [P2] iter 1266: split done, delta_size=24997
R0 [P2] iter 1266: dedup done, delta_size=24997
R0 [P2] iter 1266: subtract done, delta_size=24965
R0 [P2] iter 1266: merge done, full_size=708127436
R0 [P2] iter 1267 done: global_full_size=708127436
R0 [P2] iter 1267: PRE-JOIN GPU mem: 78.8GB free / 85.1GB total | delta_size=24965 full_size=708127436
R0 [P2] iter 1267: join done, raw=24913 result_size=24913
R0 [P2] iter 1267: split done, delta_size=24913
R0 [P2] iter 1267: dedup done, delta_size=24913
R0 [P2] iter 1267: subtract done, delta_size=24881
R0 [P2] iter 1267: merge done, full_size=708152317
R0 [P2] iter 1268 done: global_full_size=708152317
R0 [P2] iter 1268: PRE-JOIN GPU mem: 78.8GB free / 85.1GB total | delta_size=24881 full_size=708152317
R0 [P2] iter 1268: join done, raw=24831 result_size=24831
R0 [P2] iter 1268: split done, delta_size=24831
R0 [P2] iter 1268: dedup done, delta_size=24831
R0 [P2] iter 1268: subtract done, delta_size=24799
R0 [P2] iter 1268: merge done, full_size=708177116
R0 [P2] iter 1269 done: global_full_size=708177116
R0 [P2] iter 1269: PRE-JOIN GPU mem: 78.8GB free / 85.1GB total | delta_size=24799 full_size=708177116
R0 [P2] iter 1269: join done, raw=24749 result_size=24749
R0 [P2] iter 1269: split done, delta_size=24749
R0 [P2] iter 1269: dedup done, delta_size=24749
R0 [P2] iter 1269: subtract done, delta_size=24717
R0 [P2] iter 1269: merge done, full_size=708201833
R0 [P2] iter 1270 done: global_full_size=708201833
R0 [P2] iter 1270: PRE-JOIN GPU mem: 78.8GB free / 85.1GB total | delta_size=24717 full_size=708201833
R0 [P2] iter 1270: join done, raw=24667 result_size=24667
R0 [P2] iter 1270: split done, delta_size=24667
R0 [P2] iter 1270: dedup done, delta_size=24667
R0 [P2] iter 1270: subtract done, delta_size=24635
R0 [P2] iter 1270: merge done, full_size=708226468
R0 [P2] iter 1271 done: global_full_size=708226468
R0 [P2] iter 1271: PRE-JOIN GPU mem: 78.8GB free / 85.1GB total | delta_size=24635 full_size=708226468
R0 [P2] iter 1271: join done, raw=24583 result_size=24583
R0 [P2] iter 1271: split done, delta_size=24583
R0 [P2] iter 1271: dedup done, delta_size=24583
R0 [P2] iter 1271: subtract done, delta_size=24552
R0 [P2] iter 1271: merge done, full_size=708251020
R0 [P2] iter 1272 done: global_full_size=708251020
R0 [P2] iter 1272: PRE-JOIN GPU mem: 78.8GB free / 85.1GB total | delta_size=24552 full_size=708251020
R0 [P2] iter 1272: join done, raw=24500 result_size=24500
R0 [P2] iter 1272: split done, delta_size=24500
R0 [P2] iter 1272: dedup done, delta_size=24500
R0 [P2] iter 1272: subtract done, delta_size=24470
R0 [P2] iter 1272: merge done, full_size=708275490
R0 [P2] iter 1273 done: global_full_size=708275490
R0 [P2] iter 1273: PRE-JOIN GPU mem: 78.8GB free / 85.1GB total | delta_size=24470 full_size=708275490
R0 [P2] iter 1273: join done, raw=24418 result_size=24418
R0 [P2] iter 1273: split done, delta_size=24418
R0 [P2] iter 1273: dedup done, delta_size=24418
R0 [P2] iter 1273: subtract done, delta_size=24388
R0 [P2] iter 1273: merge done, full_size=708299878
R0 [P2] iter 1274 done: global_full_size=708299878
R0 [P2] iter 1274: PRE-JOIN GPU mem: 78.8GB free / 85.1GB total | delta_size=24388 full_size=708299878
R0 [P2] iter 1274: join done, raw=24337 result_size=24337
R0 [P2] iter 1274: split done, delta_size=24337
R0 [P2] iter 1274: dedup done, delta_size=24337
R0 [P2] iter 1274: subtract done, delta_size=24308
R0 [P2] iter 1274: merge done, full_size=708324186
R0 [P2] iter 1275 done: global_full_size=708324186
R0 [P2] iter 1275: PRE-JOIN GPU mem: 78.8GB free / 85.1GB total | delta_size=24308 full_size=708324186
R0 [P2] iter 1275: join done, raw=24258 result_size=24258
R0 [P2] iter 1275: split done, delta_size=24258
R0 [P2] iter 1275: dedup done, delta_size=24258
R0 [P2] iter 1275: subtract done, delta_size=24231
R0 [P2] iter 1275: merge done, full_size=708348417
R0 [P2] iter 1276 done: global_full_size=708348417
R0 [P2] iter 1276: PRE-JOIN GPU mem: 78.8GB free / 85.1GB total | delta_size=24231 full_size=708348417
R0 [P2] iter 1276: join done, raw=24182 result_size=24182
R0 [P2] iter 1276: split done, delta_size=24182
R0 [P2] iter 1276: dedup done, delta_size=24182
R0 [P2] iter 1276: subtract done, delta_size=24155
R0 [P2] iter 1276: merge done, full_size=708372572
R0 [P2] iter 1277 done: global_full_size=708372572
R0 [P2] iter 1277: PRE-JOIN GPU mem: 78.8GB free / 85.1GB total | delta_size=24155 full_size=708372572
R0 [P2] iter 1277: join done, raw=24106 result_size=24106
R0 [P2] iter 1277: split done, delta_size=24106
R0 [P2] iter 1277: dedup done, delta_size=24106
R0 [P2] iter 1277: subtract done, delta_size=24080
R0 [P2] iter 1277: merge done, full_size=708396652
R0 [P2] iter 1278 done: global_full_size=708396652
R0 [P2] iter 1278: PRE-JOIN GPU mem: 78.8GB free / 85.1GB total | delta_size=24080 full_size=708396652
R0 [P2] iter 1278: join done, raw=24031 result_size=24031
R0 [P2] iter 1278: split done, delta_size=24031
R0 [P2] iter 1278: dedup done, delta_size=24031
R0 [P2] iter 1278: subtract done, delta_size=24005
R0 [P2] iter 1278: merge done, full_size=708420657
R0 [P2] iter 1279 done: global_full_size=708420657
R0 [P2] iter 1279: PRE-JOIN GPU mem: 78.8GB free / 85.1GB total | delta_size=24005 full_size=708420657
R0 [P2] iter 1279: join done, raw=23956 result_size=23956
R0 [P2] iter 1279: split done, delta_size=23956
R0 [P2] iter 1279: dedup done, delta_size=23956
R0 [P2] iter 1279: subtract done, delta_size=23930
R0 [P2] iter 1279: merge done, full_size=708444587
R0 [P2] iter 1280 done: global_full_size=708444587
R0 [P2] iter 1280: PRE-JOIN GPU mem: 78.8GB free / 85.1GB total | delta_size=23930 full_size=708444587
R0 [P2] iter 1280: join done, raw=23882 result_size=23882
R0 [P2] iter 1280: split done, delta_size=23882
R0 [P2] iter 1280: dedup done, delta_size=23882
R0 [P2] iter 1280: subtract done, delta_size=23855
R0 [P2] iter 1280: merge done, full_size=708468442
R0 [P2] iter 1281 done: global_full_size=708468442
R0 [P2] iter 1281: PRE-JOIN GPU mem: 78.8GB free / 85.1GB total | delta_size=23855 full_size=708468442
R0 [P2] iter 1281: join done, raw=23810 result_size=23810
R0 [P2] iter 1281: split done, delta_size=23810
R0 [P2] iter 1281: dedup done, delta_size=23810
R0 [P2] iter 1281: subtract done, delta_size=23783
R0 [P2] iter 1281: merge done, full_size=708492225
R0 [P2] iter 1282 done: global_full_size=708492225
R0 [P2] iter 1282: PRE-JOIN GPU mem: 78.8GB free / 85.1GB total | delta_size=23783 full_size=708492225
R0 [P2] iter 1282: join done, raw=23739 result_size=23739
R0 [P2] iter 1282: split done, delta_size=23739
R0 [P2] iter 1282: dedup done, delta_size=23739
R0 [P2] iter 1282: subtract done, delta_size=23712
R0 [P2] iter 1282: merge done, full_size=708515937
R0 [P2] iter 1283 done: global_full_size=708515937
R0 [P2] iter 1283: PRE-JOIN GPU mem: 78.8GB free / 85.1GB total | delta_size=23712 full_size=708515937
R0 [P2] iter 1283: join done, raw=23667 result_size=23667
R0 [P2] iter 1283: split done, delta_size=23667
R0 [P2] iter 1283: dedup done, delta_size=23667
R0 [P2] iter 1283: subtract done, delta_size=23640
R0 [P2] iter 1283: merge done, full_size=708539577
R0 [P2] iter 1284 done: global_full_size=708539577
R0 [P2] iter 1284: PRE-JOIN GPU mem: 78.8GB free / 85.1GB total | delta_size=23640 full_size=708539577
R0 [P2] iter 1284: join done, raw=23594 result_size=23594
R0 [P2] iter 1284: split done, delta_size=23594
R0 [P2] iter 1284: dedup done, delta_size=23594
R0 [P2] iter 1284: subtract done, delta_size=23569
R0 [P2] iter 1284: merge done, full_size=708563146
R0 [P2] iter 1285 done: global_full_size=708563146
R0 [P2] iter 1285: PRE-JOIN GPU mem: 78.8GB free / 85.1GB total | delta_size=23569 full_size=708563146
R0 [P2] iter 1285: join done, raw=23522 result_size=23522
R0 [P2] iter 1285: split done, delta_size=23522
R0 [P2] iter 1285: dedup done, delta_size=23522
R0 [P2] iter 1285: subtract done, delta_size=23498
R0 [P2] iter 1285: merge done, full_size=708586644
R0 [P2] iter 1286 done: global_full_size=708586644
R0 [P2] iter 1286: PRE-JOIN GPU mem: 78.8GB free / 85.1GB total | delta_size=23498 full_size=708586644
R0 [P2] iter 1286: join done, raw=23451 result_size=23451
R0 [P2] iter 1286: split done, delta_size=23451
R0 [P2] iter 1286: dedup done, delta_size=23451
R0 [P2] iter 1286: subtract done, delta_size=23427
R0 [P2] iter 1286: merge done, full_size=708610071
R0 [P2] iter 1287 done: global_full_size=708610071
R0 [P2] iter 1287: PRE-JOIN GPU mem: 78.8GB free / 85.1GB total | delta_size=23427 full_size=708610071
R0 [P2] iter 1287: join done, raw=23380 result_size=23380
R0 [P2] iter 1287: split done, delta_size=23380
R0 [P2] iter 1287: dedup done, delta_size=23380
R0 [P2] iter 1287: subtract done, delta_size=23356
R0 [P2] iter 1287: merge done, full_size=708633427
R0 [P2] iter 1288 done: global_full_size=708633427
R0 [P2] iter 1288: PRE-JOIN GPU mem: 78.8GB free / 85.1GB total | delta_size=23356 full_size=708633427
R0 [P2] iter 1288: join done, raw=23309 result_size=23309
R0 [P2] iter 1288: split done, delta_size=23309
R0 [P2] iter 1288: dedup done, delta_size=23309
R0 [P2] iter 1288: subtract done, delta_size=23285
R0 [P2] iter 1288: merge done, full_size=708656712
R0 [P2] iter 1289 done: global_full_size=708656712
R0 [P2] iter 1289: PRE-JOIN GPU mem: 78.8GB free / 85.1GB total | delta_size=23285 full_size=708656712
R0 [P2] iter 1289: join done, raw=23239 result_size=23239
R0 [P2] iter 1289: split done, delta_size=23239
R0 [P2] iter 1289: dedup done, delta_size=23239
R0 [P2] iter 1289: subtract done, delta_size=23215
R0 [P2] iter 1289: merge done, full_size=708679927
R0 [P2] iter 1290 done: global_full_size=708679927
R0 [P2] iter 1290: PRE-JOIN GPU mem: 78.8GB free / 85.1GB total | delta_size=23215 full_size=708679927
R0 [P2] iter 1290: join done, raw=23170 result_size=23170
R0 [P2] iter 1290: split done, delta_size=23170
R0 [P2] iter 1290: dedup done, delta_size=23170
R0 [P2] iter 1290: subtract done, delta_size=23146
R0 [P2] iter 1290: merge done, full_size=708703073
R0 [P2] iter 1291 done: global_full_size=708703073
R0 [P2] iter 1291: PRE-JOIN GPU mem: 78.8GB free / 85.1GB total | delta_size=23146 full_size=708703073
R0 [P2] iter 1291: join done, raw=23100 result_size=23100
R0 [P2] iter 1291: split done, delta_size=23100
R0 [P2] iter 1291: dedup done, delta_size=23100
R0 [P2] iter 1291: subtract done, delta_size=23076
R0 [P2] iter 1291: merge done, full_size=708726149
R0 [P2] iter 1292 done: global_full_size=708726149
R0 [P2] iter 1292: PRE-JOIN GPU mem: 78.8GB free / 85.1GB total | delta_size=23076 full_size=708726149
R0 [P2] iter 1292: join done, raw=23030 result_size=23030
R0 [P2] iter 1292: split done, delta_size=23030
R0 [P2] iter 1292: dedup done, delta_size=23030
R0 [P2] iter 1292: subtract done, delta_size=23006
R0 [P2] iter 1292: merge done, full_size=708749155
R0 [P2] iter 1293 done: global_full_size=708749155
R0 [P2] iter 1293: PRE-JOIN GPU mem: 78.8GB free / 85.1GB total | delta_size=23006 full_size=708749155
R0 [P2] iter 1293: join done, raw=22961 result_size=22961
R0 [P2] iter 1293: split done, delta_size=22961
R0 [P2] iter 1293: dedup done, delta_size=22961
R0 [P2] iter 1293: subtract done, delta_size=22937
R0 [P2] iter 1293: merge done, full_size=708772092
R0 [P2] iter 1294 done: global_full_size=708772092
R0 [P2] iter 1294: PRE-JOIN GPU mem: 78.8GB free / 85.1GB total | delta_size=22937 full_size=708772092
R0 [P2] iter 1294: join done, raw=22892 result_size=22892
R0 [P2] iter 1294: split done, delta_size=22892
R0 [P2] iter 1294: dedup done, delta_size=22892
R0 [P2] iter 1294: subtract done, delta_size=22868
R0 [P2] iter 1294: merge done, full_size=708794960
R0 [P2] iter 1295 done: global_full_size=708794960
R0 [P2] iter 1295: PRE-JOIN GPU mem: 78.8GB free / 85.1GB total | delta_size=22868 full_size=708794960
R0 [P2] iter 1295: join done, raw=22824 result_size=22824
R0 [P2] iter 1295: split done, delta_size=22824
R0 [P2] iter 1295: dedup done, delta_size=22824
R0 [P2] iter 1295: subtract done, delta_size=22800
R0 [P2] iter 1295: merge done, full_size=708817760
R0 [P2] iter 1296 done: global_full_size=708817760
R0 [P2] iter 1296: PRE-JOIN GPU mem: 78.8GB free / 85.1GB total | delta_size=22800 full_size=708817760
R0 [P2] iter 1296: join done, raw=22756 result_size=22756
R0 [P2] iter 1296: split done, delta_size=22756
R0 [P2] iter 1296: dedup done, delta_size=22756
R0 [P2] iter 1296: subtract done, delta_size=22732
R0 [P2] iter 1296: merge done, full_size=708840492
R0 [P2] iter 1297 done: global_full_size=708840492
R0 [P2] iter 1297: PRE-JOIN GPU mem: 78.8GB free / 85.1GB total | delta_size=22732 full_size=708840492
R0 [P2] iter 1297: join done, raw=22687 result_size=22687
R0 [P2] iter 1297: split done, delta_size=22687
R0 [P2] iter 1297: dedup done, delta_size=22687
R0 [P2] iter 1297: subtract done, delta_size=22663
R0 [P2] iter 1297: merge done, full_size=708863155
R0 [P2] iter 1298 done: global_full_size=708863155
R0 [P2] iter 1298: PRE-JOIN GPU mem: 78.8GB free / 85.1GB total | delta_size=22663 full_size=708863155
R0 [P2] iter 1298: join done, raw=22618 result_size=22618
R0 [P2] iter 1298: split done, delta_size=22618
R0 [P2] iter 1298: dedup done, delta_size=22618
R0 [P2] iter 1298: subtract done, delta_size=22594
R0 [P2] iter 1298: merge done, full_size=708885749
R0 [P2] iter 1299 done: global_full_size=708885749
R0 [P2] iter 1299: PRE-JOIN GPU mem: 78.8GB free / 85.1GB total | delta_size=22594 full_size=708885749
R0 [P2] iter 1299: join done, raw=22549 result_size=22549
R0 [P2] iter 1299: split done, delta_size=22549
R0 [P2] iter 1299: dedup done, delta_size=22549
R0 [P2] iter 1299: subtract done, delta_size=22525
R0 [P2] iter 1299: merge done, full_size=708908274
R0 [P2] iter 1300 done: global_full_size=708908274
R0 [P2] iter 1300: PRE-JOIN GPU mem: 78.8GB free / 85.1GB total | delta_size=22525 full_size=708908274
R0 [P2] iter 1300: join done, raw=22481 result_size=22481
R0 [P2] iter 1300: split done, delta_size=22481
R0 [P2] iter 1300: dedup done, delta_size=22481
R0 [P2] iter 1300: subtract done, delta_size=22457
R0 [P2] iter 1300: merge done, full_size=708930731
R0 [P2] iter 1301 done: global_full_size=708930731
R0 [P2] iter 1301: PRE-JOIN GPU mem: 78.8GB free / 85.1GB total | delta_size=22457 full_size=708930731
R0 [P2] iter 1301: join done, raw=22413 result_size=22413
R0 [P2] iter 1301: split done, delta_size=22413
R0 [P2] iter 1301: dedup done, delta_size=22413
R0 [P2] iter 1301: subtract done, delta_size=22389
R0 [P2] iter 1301: merge done, full_size=708953120
R0 [P2] iter 1302 done: global_full_size=708953120
R0 [P2] iter 1302: PRE-JOIN GPU mem: 78.8GB free / 85.1GB total | delta_size=22389 full_size=708953120
R0 [P2] iter 1302: join done, raw=22344 result_size=22344
R0 [P2] iter 1302: split done, delta_size=22344
R0 [P2] iter 1302: dedup done, delta_size=22344
R0 [P2] iter 1302: subtract done, delta_size=22320
R0 [P2] iter 1302: merge done, full_size=708975440
R0 [P2] iter 1303 done: global_full_size=708975440
R0 [P2] iter 1303: PRE-JOIN GPU mem: 78.8GB free / 85.1GB total | delta_size=22320 full_size=708975440
R0 [P2] iter 1303: join done, raw=22276 result_size=22276
R0 [P2] iter 1303: split done, delta_size=22276
R0 [P2] iter 1303: dedup done, delta_size=22276
R0 [P2] iter 1303: subtract done, delta_size=22252
R0 [P2] iter 1303: merge done, full_size=708997692
R0 [P2] iter 1304 done: global_full_size=708997692
R0 [P2] iter 1304: PRE-JOIN GPU mem: 78.8GB free / 85.1GB total | delta_size=22252 full_size=708997692
R0 [P2] iter 1304: join done, raw=22209 result_size=22209
R0 [P2] iter 1304: split done, delta_size=22209
R0 [P2] iter 1304: dedup done, delta_size=22209
R0 [P2] iter 1304: subtract done, delta_size=22185
R0 [P2] iter 1304: merge done, full_size=709019877
R0 [P2] iter 1305 done: global_full_size=709019877
R0 [P2] iter 1305: PRE-JOIN GPU mem: 78.8GB free / 85.1GB total | delta_size=22185 full_size=709019877
R0 [P2] iter 1305: join done, raw=22142 result_size=22142
R0 [P2] iter 1305: split done, delta_size=22142
R0 [P2] iter 1305: dedup done, delta_size=22142
R0 [P2] iter 1305: subtract done, delta_size=22118
R0 [P2] iter 1305: merge done, full_size=709041995
R0 [P2] iter 1306 done: global_full_size=709041995
R0 [P2] iter 1306: PRE-JOIN GPU mem: 78.8GB free / 85.1GB total | delta_size=22118 full_size=709041995
R0 [P2] iter 1306: join done, raw=22076 result_size=22076
R0 [P2] iter 1306: split done, delta_size=22076
R0 [P2] iter 1306: dedup done, delta_size=22076
R0 [P2] iter 1306: subtract done, delta_size=22052
R0 [P2] iter 1306: merge done, full_size=709064047
R0 [P2] iter 1307 done: global_full_size=709064047
R0 [P2] iter 1307: PRE-JOIN GPU mem: 78.8GB free / 85.1GB total | delta_size=22052 full_size=709064047
R0 [P2] iter 1307: join done, raw=22010 result_size=22010
R0 [P2] iter 1307: split done, delta_size=22010
R0 [P2] iter 1307: dedup done, delta_size=22010
R0 [P2] iter 1307: subtract done, delta_size=21986
R0 [P2] iter 1307: merge done, full_size=709086033
R0 [P2] iter 1308 done: global_full_size=709086033
R0 [P2] iter 1308: PRE-JOIN GPU mem: 78.8GB free / 85.1GB total | delta_size=21986 full_size=709086033
R0 [P2] iter 1308: join done, raw=21944 result_size=21944
R0 [P2] iter 1308: split done, delta_size=21944
R0 [P2] iter 1308: dedup done, delta_size=21944
R0 [P2] iter 1308: subtract done, delta_size=21920
R0 [P2] iter 1308: merge done, full_size=709107953
R0 [P2] iter 1309 done: global_full_size=709107953
R0 [P2] iter 1309: PRE-JOIN GPU mem: 78.8GB free / 85.1GB total | delta_size=21920 full_size=709107953
R0 [P2] iter 1309: join done, raw=21876 result_size=21876
R0 [P2] iter 1309: split done, delta_size=21876
R0 [P2] iter 1309: dedup done, delta_size=21876
R0 [P2] iter 1309: subtract done, delta_size=21852
R0 [P2] iter 1309: merge done, full_size=709129805
R0 [P2] iter 1310 done: global_full_size=709129805
R0 [P2] iter 1310: PRE-JOIN GPU mem: 78.8GB free / 85.1GB total | delta_size=21852 full_size=709129805
R0 [P2] iter 1310: join done, raw=21808 result_size=21808
R0 [P2] iter 1310: split done, delta_size=21808
R0 [P2] iter 1310: dedup done, delta_size=21808
R0 [P2] iter 1310: subtract done, delta_size=21784
R0 [P2] iter 1310: merge done, full_size=709151589
R0 [P2] iter 1311 done: global_full_size=709151589
R0 [P2] iter 1311: PRE-JOIN GPU mem: 78.8GB free / 85.1GB total | delta_size=21784 full_size=709151589
R0 [P2] iter 1311: join done, raw=21740 result_size=21740
R0 [P2] iter 1311: split done, delta_size=21740
R0 [P2] iter 1311: dedup done, delta_size=21740
R0 [P2] iter 1311: subtract done, delta_size=21716
R0 [P2] iter 1311: merge done, full_size=709173305
R0 [P2] iter 1312 done: global_full_size=709173305
R0 [P2] iter 1312: PRE-JOIN GPU mem: 78.8GB free / 85.1GB total | delta_size=21716 full_size=709173305
R0 [P2] iter 1312: join done, raw=21672 result_size=21672
R0 [P2] iter 1312: split done, delta_size=21672
R0 [P2] iter 1312: dedup done, delta_size=21672
R0 [P2] iter 1312: subtract done, delta_size=21648
R0 [P2] iter 1312: merge done, full_size=709194953
R0 [P2] iter 1313 done: global_full_size=709194953
R0 [P2] iter 1313: PRE-JOIN GPU mem: 78.8GB free / 85.1GB total | delta_size=21648 full_size=709194953
R0 [P2] iter 1313: join done, raw=21604 result_size=21604
R0 [P2] iter 1313: split done, delta_size=21604
R0 [P2] iter 1313: dedup done, delta_size=21604
R0 [P2] iter 1313: subtract done, delta_size=21580
R0 [P2] iter 1313: merge done, full_size=709216533
R0 [P2] iter 1314 done: global_full_size=709216533
R0 [P2] iter 1314: PRE-JOIN GPU mem: 78.8GB free / 85.1GB total | delta_size=21580 full_size=709216533
R0 [P2] iter 1314: join done, raw=21536 result_size=21536
R0 [P2] iter 1314: split done, delta_size=21536
R0 [P2] iter 1314: dedup done, delta_size=21536
R0 [P2] iter 1314: subtract done, delta_size=21512
R0 [P2] iter 1314: merge done, full_size=709238045
R0 [P2] iter 1315 done: global_full_size=709238045
R0 [P2] iter 1315: PRE-JOIN GPU mem: 78.8GB free / 85.1GB total | delta_size=21512 full_size=709238045
R0 [P2] iter 1315: join done, raw=21468 result_size=21468
R0 [P2] iter 1315: split done, delta_size=21468
R0 [P2] iter 1315: dedup done, delta_size=21468
R0 [P2] iter 1315: subtract done, delta_size=21444
R0 [P2] iter 1315: merge done, full_size=709259489
R0 [P2] iter 1316 done: global_full_size=709259489
R0 [P2] iter 1316: PRE-JOIN GPU mem: 78.8GB free / 85.1GB total | delta_size=21444 full_size=709259489
R0 [P2] iter 1316: join done, raw=21400 result_size=21400
R0 [P2] iter 1316: split done, delta_size=21400
R0 [P2] iter 1316: dedup done, delta_size=21400
R0 [P2] iter 1316: subtract done, delta_size=21376
R0 [P2] iter 1316: merge done, full_size=709280865
R0 [P2] iter 1317 done: global_full_size=709280865
R0 [P2] iter 1317: PRE-JOIN GPU mem: 78.8GB free / 85.1GB total | delta_size=21376 full_size=709280865
R0 [P2] iter 1317: join done, raw=21332 result_size=21332
R0 [P2] iter 1317: split done, delta_size=21332
R0 [P2] iter 1317: dedup done, delta_size=21332
R0 [P2] iter 1317: subtract done, delta_size=21308
R0 [P2] iter 1317: merge done, full_size=709302173
R0 [P2] iter 1318 done: global_full_size=709302173
R0 [P2] iter 1318: PRE-JOIN GPU mem: 78.8GB free / 85.1GB total | delta_size=21308 full_size=709302173
R0 [P2] iter 1318: join done, raw=21264 result_size=21264
R0 [P2] iter 1318: split done, delta_size=21264
R0 [P2] iter 1318: dedup done, delta_size=21264
R0 [P2] iter 1318: subtract done, delta_size=21240
R0 [P2] iter 1318: merge done, full_size=709323413
R0 [P2] iter 1319 done: global_full_size=709323413
R0 [P2] iter 1319: PRE-JOIN GPU mem: 78.8GB free / 85.1GB total | delta_size=21240 full_size=709323413
R0 [P2] iter 1319: join done, raw=21196 result_size=21196
R0 [P2] iter 1319: split done, delta_size=21196
R0 [P2] iter 1319: dedup done, delta_size=21196
R0 [P2] iter 1319: subtract done, delta_size=21172
R0 [P2] iter 1319: merge done, full_size=709344585
R0 [P2] iter 1320 done: global_full_size=709344585
R0 [P2] iter 1320: PRE-JOIN GPU mem: 78.8GB free / 85.1GB total | delta_size=21172 full_size=709344585
R0 [P2] iter 1320: join done, raw=21129 result_size=21129
R0 [P2] iter 1320: split done, delta_size=21129
R0 [P2] iter 1320: dedup done, delta_size=21129
R0 [P2] iter 1320: subtract done, delta_size=21105
R0 [P2] iter 1320: merge done, full_size=709365690
R0 [P2] iter 1321 done: global_full_size=709365690
R0 [P2] iter 1321: PRE-JOIN GPU mem: 78.8GB free / 85.1GB total | delta_size=21105 full_size=709365690
R0 [P2] iter 1321: join done, raw=21061 result_size=21061
R0 [P2] iter 1321: split done, delta_size=21061
R0 [P2] iter 1321: dedup done, delta_size=21061
R0 [P2] iter 1321: subtract done, delta_size=21037
R0 [P2] iter 1321: merge done, full_size=709386727
R0 [P2] iter 1322 done: global_full_size=709386727
R0 [P2] iter 1322: PRE-JOIN GPU mem: 78.8GB free / 85.1GB total | delta_size=21037 full_size=709386727
R0 [P2] iter 1322: join done, raw=20996 result_size=20996
R0 [P2] iter 1322: split done, delta_size=20996
R0 [P2] iter 1322: dedup done, delta_size=20996
R0 [P2] iter 1322: subtract done, delta_size=20972
R0 [P2] iter 1322: merge done, full_size=709407699
R0 [P2] iter 1323 done: global_full_size=709407699
R0 [P2] iter 1323: PRE-JOIN GPU mem: 78.8GB free / 85.1GB total | delta_size=20972 full_size=709407699
R0 [P2] iter 1323: join done, raw=20930 result_size=20930
R0 [P2] iter 1323: split done, delta_size=20930
R0 [P2] iter 1323: dedup done, delta_size=20930
R0 [P2] iter 1323: subtract done, delta_size=20906
R0 [P2] iter 1323: merge done, full_size=709428605
R0 [P2] iter 1324 done: global_full_size=709428605
R0 [P2] iter 1324: PRE-JOIN GPU mem: 78.8GB free / 85.1GB total | delta_size=20906 full_size=709428605
R0 [P2] iter 1324: join done, raw=20864 result_size=20864
R0 [P2] iter 1324: split done, delta_size=20864
R0 [P2] iter 1324: dedup done, delta_size=20864
R0 [P2] iter 1324: subtract done, delta_size=20840
R0 [P2] iter 1324: merge done, full_size=709449445
R0 [P2] iter 1325 done: global_full_size=709449445
R0 [P2] iter 1325: PRE-JOIN GPU mem: 78.8GB free / 85.1GB total | delta_size=20840 full_size=709449445
R0 [P2] iter 1325: join done, raw=20799 result_size=20799
R0 [P2] iter 1325: split done, delta_size=20799
R0 [P2] iter 1325: dedup done, delta_size=20799
R0 [P2] iter 1325: subtract done, delta_size=20775
R0 [P2] iter 1325: merge done, full_size=709470220
R0 [P2] iter 1326 done: global_full_size=709470220
R0 [P2] iter 1326: PRE-JOIN GPU mem: 78.8GB free / 85.1GB total | delta_size=20775 full_size=709470220
R0 [P2] iter 1326: join done, raw=20733 result_size=20733
R0 [P2] iter 1326: split done, delta_size=20733
R0 [P2] iter 1326: dedup done, delta_size=20733
R0 [P2] iter 1326: subtract done, delta_size=20709
R0 [P2] iter 1326: merge done, full_size=709490929
R0 [P2] iter 1327 done: global_full_size=709490929
R0 [P2] iter 1327: PRE-JOIN GPU mem: 78.8GB free / 85.1GB total | delta_size=20709 full_size=709490929
R0 [P2] iter 1327: join done, raw=20668 result_size=20668
R0 [P2] iter 1327: split done, delta_size=20668
R0 [P2] iter 1327: dedup done, delta_size=20668
R0 [P2] iter 1327: subtract done, delta_size=20644
R0 [P2] iter 1327: merge done, full_size=709511573
R0 [P2] iter 1328 done: global_full_size=709511573
R0 [P2] iter 1328: PRE-JOIN GPU mem: 78.8GB free / 85.1GB total | delta_size=20644 full_size=709511573
R0 [P2] iter 1328: join done, raw=20604 result_size=20604
R0 [P2] iter 1328: split done, delta_size=20604
R0 [P2] iter 1328: dedup done, delta_size=20604
R0 [P2] iter 1328: subtract done, delta_size=20580
R0 [P2] iter 1328: merge done, full_size=709532153
R0 [P2] iter 1329 done: global_full_size=709532153
R0 [P2] iter 1329: PRE-JOIN GPU mem: 78.8GB free / 85.1GB total | delta_size=20580 full_size=709532153
R0 [P2] iter 1329: join done, raw=20540 result_size=20540
R0 [P2] iter 1329: split done, delta_size=20540
R0 [P2] iter 1329: dedup done, delta_size=20540
R0 [P2] iter 1329: subtract done, delta_size=20517
R0 [P2] iter 1329: merge done, full_size=709552670
R0 [P2] iter 1330 done: global_full_size=709552670
R0 [P2] iter 1330: PRE-JOIN GPU mem: 78.8GB free / 85.1GB total | delta_size=20517 full_size=709552670
R0 [P2] iter 1330: join done, raw=20476 result_size=20476
R0 [P2] iter 1330: split done, delta_size=20476
R0 [P2] iter 1330: dedup done, delta_size=20476
R0 [P2] iter 1330: subtract done, delta_size=20453
R0 [P2] iter 1330: merge done, full_size=709573123
R0 [P2] iter 1331 done: global_full_size=709573123
R0 [P2] iter 1331: PRE-JOIN GPU mem: 78.8GB free / 85.1GB total | delta_size=20453 full_size=709573123
R0 [P2] iter 1331: join done, raw=20414 result_size=20414
R0 [P2] iter 1331: split done, delta_size=20414
R0 [P2] iter 1331: dedup done, delta_size=20414
R0 [P2] iter 1331: subtract done, delta_size=20391
R0 [P2] iter 1331: merge done, full_size=709593514
R0 [P2] iter 1332 done: global_full_size=709593514
R0 [P2] iter 1332: PRE-JOIN GPU mem: 78.8GB free / 85.1GB total | delta_size=20391 full_size=709593514
R0 [P2] iter 1332: join done, raw=20352 result_size=20352
R0 [P2] iter 1332: split done, delta_size=20352
R0 [P2] iter 1332: dedup done, delta_size=20352
R0 [P2] iter 1332: subtract done, delta_size=20329
R0 [P2] iter 1332: merge done, full_size=709613843
R0 [P2] iter 1333 done: global_full_size=709613843
R0 [P2] iter 1333: PRE-JOIN GPU mem: 78.8GB free / 85.1GB total | delta_size=20329 full_size=709613843
R0 [P2] iter 1333: join done, raw=20290 result_size=20290
R0 [P2] iter 1333: split done, delta_size=20290
R0 [P2] iter 1333: dedup done, delta_size=20290
R0 [P2] iter 1333: subtract done, delta_size=20267
R0 [P2] iter 1333: merge done, full_size=709634110
R0 [P2] iter 1334 done: global_full_size=709634110
R0 [P2] iter 1334: PRE-JOIN GPU mem: 78.8GB free / 85.1GB total | delta_size=20267 full_size=709634110
R0 [P2] iter 1334: join done, raw=20228 result_size=20228
R0 [P2] iter 1334: split done, delta_size=20228
R0 [P2] iter 1334: dedup done, delta_size=20228
R0 [P2] iter 1334: subtract done, delta_size=20205
R0 [P2] iter 1334: merge done, full_size=709654315
R0 [P2] iter 1335 done: global_full_size=709654315
R0 [P2] iter 1335: PRE-JOIN GPU mem: 78.8GB free / 85.1GB total | delta_size=20205 full_size=709654315
R0 [P2] iter 1335: join done, raw=20167 result_size=20167
R0 [P2] iter 1335: split done, delta_size=20167
R0 [P2] iter 1335: dedup done, delta_size=20167
R0 [P2] iter 1335: subtract done, delta_size=20144
R0 [P2] iter 1335: merge done, full_size=709674459
R0 [P2] iter 1336 done: global_full_size=709674459
R0 [P2] iter 1336: PRE-JOIN GPU mem: 78.8GB free / 85.1GB total | delta_size=20144 full_size=709674459
R0 [P2] iter 1336: join done, raw=20106 result_size=20106
R0 [P2] iter 1336: split done, delta_size=20106
R0 [P2] iter 1336: dedup done, delta_size=20106
R0 [P2] iter 1336: subtract done, delta_size=20083
R0 [P2] iter 1336: merge done, full_size=709694542
R0 [P2] iter 1337 done: global_full_size=709694542
R0 [P2] iter 1337: PRE-JOIN GPU mem: 78.8GB free / 85.1GB total | delta_size=20083 full_size=709694542
R0 [P2] iter 1337: join done, raw=20044 result_size=20044
R0 [P2] iter 1337: split done, delta_size=20044
R0 [P2] iter 1337: dedup done, delta_size=20044
R0 [P2] iter 1337: subtract done, delta_size=20021
R0 [P2] iter 1337: merge done, full_size=709714563
R0 [P2] iter 1338 done: global_full_size=709714563
R0 [P2] iter 1338: PRE-JOIN GPU mem: 78.8GB free / 85.1GB total | delta_size=20021 full_size=709714563
R0 [P2] iter 1338: join done, raw=19982 result_size=19982
R0 [P2] iter 1338: split done, delta_size=19982
R0 [P2] iter 1338: dedup done, delta_size=19982
R0 [P2] iter 1338: subtract done, delta_size=19959
R0 [P2] iter 1338: merge done, full_size=709734522
R0 [P2] iter 1339 done: global_full_size=709734522
R0 [P2] iter 1339: PRE-JOIN GPU mem: 78.8GB free / 85.1GB total | delta_size=19959 full_size=709734522
R0 [P2] iter 1339: join done, raw=19921 result_size=19921
R0 [P2] iter 1339: split done, delta_size=19921
R0 [P2] iter 1339: dedup done, delta_size=19921
R0 [P2] iter 1339: subtract done, delta_size=19898
R0 [P2] iter 1339: merge done, full_size=709754420
R0 [P2] iter 1340 done: global_full_size=709754420
R0 [P2] iter 1340: PRE-JOIN GPU mem: 78.8GB free / 85.1GB total | delta_size=19898 full_size=709754420
R0 [P2] iter 1340: join done, raw=19859 result_size=19859
R0 [P2] iter 1340: split done, delta_size=19859
R0 [P2] iter 1340: dedup done, delta_size=19859
R0 [P2] iter 1340: subtract done, delta_size=19836
R0 [P2] iter 1340: merge done, full_size=709774256
R0 [P2] iter 1341 done: global_full_size=709774256
R0 [P2] iter 1341: PRE-JOIN GPU mem: 78.8GB free / 85.1GB total | delta_size=19836 full_size=709774256
R0 [P2] iter 1341: join done, raw=19798 result_size=19798
R0 [P2] iter 1341: split done, delta_size=19798
R0 [P2] iter 1341: dedup done, delta_size=19798
R0 [P2] iter 1341: subtract done, delta_size=19775
R0 [P2] iter 1341: merge done, full_size=709794031
R0 [P2] iter 1342 done: global_full_size=709794031
R0 [P2] iter 1342: PRE-JOIN GPU mem: 78.8GB free / 85.1GB total | delta_size=19775 full_size=709794031
R0 [P2] iter 1342: join done, raw=19738 result_size=19738
R0 [P2] iter 1342: split done, delta_size=19738
R0 [P2] iter 1342: dedup done, delta_size=19738
R0 [P2] iter 1342: subtract done, delta_size=19715
R0 [P2] iter 1342: merge done, full_size=709813746
R0 [P2] iter 1343 done: global_full_size=709813746
R0 [P2] iter 1343: PRE-JOIN GPU mem: 78.8GB free / 85.1GB total | delta_size=19715 full_size=709813746
R0 [P2] iter 1343: join done, raw=19679 result_size=19679
R0 [P2] iter 1343: split done, delta_size=19679
R0 [P2] iter 1343: dedup done, delta_size=19679
R0 [P2] iter 1343: subtract done, delta_size=19656
R0 [P2] iter 1343: merge done, full_size=709833402
R0 [P2] iter 1344 done: global_full_size=709833402
R0 [P2] iter 1344: PRE-JOIN GPU mem: 78.8GB free / 85.1GB total | delta_size=19656 full_size=709833402
R0 [P2] iter 1344: join done, raw=19619 result_size=19619
R0 [P2] iter 1344: split done, delta_size=19619
R0 [P2] iter 1344: dedup done, delta_size=19619
R0 [P2] iter 1344: subtract done, delta_size=19596
R0 [P2] iter 1344: merge done, full_size=709852998
R0 [P2] iter 1345 done: global_full_size=709852998
R0 [P2] iter 1345: PRE-JOIN GPU mem: 78.8GB free / 85.1GB total | delta_size=19596 full_size=709852998
R0 [P2] iter 1345: join done, raw=19560 result_size=19560
R0 [P2] iter 1345: split done, delta_size=19560
R0 [P2] iter 1345: dedup done, delta_size=19560
R0 [P2] iter 1345: subtract done, delta_size=19537
R0 [P2] iter 1345: merge done, full_size=709872535
R0 [P2] iter 1346 done: global_full_size=709872535
R0 [P2] iter 1346: PRE-JOIN GPU mem: 78.8GB free / 85.1GB total | delta_size=19537 full_size=709872535
R0 [P2] iter 1346: join done, raw=19499 result_size=19499
R0 [P2] iter 1346: split done, delta_size=19499
R0 [P2] iter 1346: dedup done, delta_size=19499
R0 [P2] iter 1346: subtract done, delta_size=19476
R0 [P2] iter 1346: merge done, full_size=709892011
R0 [P2] iter 1347 done: global_full_size=709892011
R0 [P2] iter 1347: PRE-JOIN GPU mem: 78.8GB free / 85.1GB total | delta_size=19476 full_size=709892011
R0 [P2] iter 1347: join done, raw=19439 result_size=19439
R0 [P2] iter 1347: split done, delta_size=19439
R0 [P2] iter 1347: dedup done, delta_size=19439
R0 [P2] iter 1347: subtract done, delta_size=19415
R0 [P2] iter 1347: merge done, full_size=709911426
R0 [P2] iter 1348 done: global_full_size=709911426
R0 [P2] iter 1348: PRE-JOIN GPU mem: 78.8GB free / 85.1GB total | delta_size=19415 full_size=709911426
R0 [P2] iter 1348: join done, raw=19379 result_size=19379
R0 [P2] iter 1348: split done, delta_size=19379
R0 [P2] iter 1348: dedup done, delta_size=19379
R0 [P2] iter 1348: subtract done, delta_size=19355
R0 [P2] iter 1348: merge done, full_size=709930781
R0 [P2] iter 1349 done: global_full_size=709930781
R0 [P2] iter 1349: PRE-JOIN GPU mem: 78.8GB free / 85.1GB total | delta_size=19355 full_size=709930781
R0 [P2] iter 1349: join done, raw=19319 result_size=19319
R0 [P2] iter 1349: split done, delta_size=19319
R0 [P2] iter 1349: dedup done, delta_size=19319
R0 [P2] iter 1349: subtract done, delta_size=19295
R0 [P2] iter 1349: merge done, full_size=709950076
R0 [P2] iter 1350 done: global_full_size=709950076
R0 [P2] iter 1350: PRE-JOIN GPU mem: 78.8GB free / 85.1GB total | delta_size=19295 full_size=709950076
R0 [P2] iter 1350: join done, raw=19259 result_size=19259
R0 [P2] iter 1350: split done, delta_size=19259
R0 [P2] iter 1350: dedup done, delta_size=19259
R0 [P2] iter 1350: subtract done, delta_size=19235
R0 [P2] iter 1350: merge done, full_size=709969311
R0 [P2] iter 1351 done: global_full_size=709969311
R0 [P2] iter 1351: PRE-JOIN GPU mem: 78.8GB free / 85.1GB total | delta_size=19235 full_size=709969311
R0 [P2] iter 1351: join done, raw=19199 result_size=19199
R0 [P2] iter 1351: split done, delta_size=19199
R0 [P2] iter 1351: dedup done, delta_size=19199
R0 [P2] iter 1351: subtract done, delta_size=19175
R0 [P2] iter 1351: merge done, full_size=709988486
R0 [P2] iter 1352 done: global_full_size=709988486
R0 [P2] iter 1352: PRE-JOIN GPU mem: 78.8GB free / 85.1GB total | delta_size=19175 full_size=709988486
R0 [P2] iter 1352: join done, raw=19139 result_size=19139
R0 [P2] iter 1352: split done, delta_size=19139
R0 [P2] iter 1352: dedup done, delta_size=19139
R0 [P2] iter 1352: subtract done, delta_size=19115
R0 [P2] iter 1352: merge done, full_size=710007601
R0 [P2] iter 1353 done: global_full_size=710007601
R0 [P2] iter 1353: PRE-JOIN GPU mem: 78.8GB free / 85.1GB total | delta_size=19115 full_size=710007601
R0 [P2] iter 1353: join done, raw=19080 result_size=19080
R0 [P2] iter 1353: split done, delta_size=19080
R0 [P2] iter 1353: dedup done, delta_size=19080
R0 [P2] iter 1353: subtract done, delta_size=19056
R0 [P2] iter 1353: merge done, full_size=710026657
R0 [P2] iter 1354 done: global_full_size=710026657
R0 [P2] iter 1354: PRE-JOIN GPU mem: 78.8GB free / 85.1GB total | delta_size=19056 full_size=710026657
R0 [P2] iter 1354: join done, raw=19021 result_size=19021
R0 [P2] iter 1354: split done, delta_size=19021
R0 [P2] iter 1354: dedup done, delta_size=19021
R0 [P2] iter 1354: subtract done, delta_size=18997
R0 [P2] iter 1354: merge done, full_size=710045654
R0 [P2] iter 1355 done: global_full_size=710045654
R0 [P2] iter 1355: PRE-JOIN GPU mem: 78.8GB free / 85.1GB total | delta_size=18997 full_size=710045654
R0 [P2] iter 1355: join done, raw=18962 result_size=18962
R0 [P2] iter 1355: split done, delta_size=18962
R0 [P2] iter 1355: dedup done, delta_size=18962
R0 [P2] iter 1355: subtract done, delta_size=18938
R0 [P2] iter 1355: merge done, full_size=710064592
R0 [P2] iter 1356 done: global_full_size=710064592
R0 [P2] iter 1356: PRE-JOIN GPU mem: 78.8GB free / 85.1GB total | delta_size=18938 full_size=710064592
R0 [P2] iter 1356: join done, raw=18903 result_size=18903
R0 [P2] iter 1356: split done, delta_size=18903
R0 [P2] iter 1356: dedup done, delta_size=18903
R0 [P2] iter 1356: subtract done, delta_size=18879
R0 [P2] iter 1356: merge done, full_size=710083471
R0 [P2] iter 1357 done: global_full_size=710083471
R0 [P2] iter 1357: PRE-JOIN GPU mem: 78.8GB free / 85.1GB total | delta_size=18879 full_size=710083471
R0 [P2] iter 1357: join done, raw=18845 result_size=18845
R0 [P2] iter 1357: split done, delta_size=18845
R0 [P2] iter 1357: dedup done, delta_size=18845
R0 [P2] iter 1357: subtract done, delta_size=18821
R0 [P2] iter 1357: merge done, full_size=710102292
R0 [P2] iter 1358 done: global_full_size=710102292
R0 [P2] iter 1358: PRE-JOIN GPU mem: 78.8GB free / 85.1GB total | delta_size=18821 full_size=710102292
R0 [P2] iter 1358: join done, raw=18788 result_size=18788
R0 [P2] iter 1358: split done, delta_size=18788
R0 [P2] iter 1358: dedup done, delta_size=18788
R0 [P2] iter 1358: subtract done, delta_size=18764
R0 [P2] iter 1358: merge done, full_size=710121056
R0 [P2] iter 1359 done: global_full_size=710121056
R0 [P2] iter 1359: PRE-JOIN GPU mem: 78.8GB free / 85.1GB total | delta_size=18764 full_size=710121056
R0 [P2] iter 1359: join done, raw=18732 result_size=18732
R0 [P2] iter 1359: split done, delta_size=18732
R0 [P2] iter 1359: dedup done, delta_size=18732
R0 [P2] iter 1359: subtract done, delta_size=18708
R0 [P2] iter 1359: merge done, full_size=710139764
R0 [P2] iter 1360 done: global_full_size=710139764
R0 [P2] iter 1360: PRE-JOIN GPU mem: 78.8GB free / 85.1GB total | delta_size=18708 full_size=710139764
R0 [P2] iter 1360: join done, raw=18676 result_size=18676
R0 [P2] iter 1360: split done, delta_size=18676
R0 [P2] iter 1360: dedup done, delta_size=18676
R0 [P2] iter 1360: subtract done, delta_size=18653
R0 [P2] iter 1360: merge done, full_size=710158417
R0 [P2] iter 1361 done: global_full_size=710158417
R0 [P2] iter 1361: PRE-JOIN GPU mem: 78.8GB free / 85.1GB total | delta_size=18653 full_size=710158417
R0 [P2] iter 1361: join done, raw=18621 result_size=18621
R0 [P2] iter 1361: split done, delta_size=18621
R0 [P2] iter 1361: dedup done, delta_size=18621
R0 [P2] iter 1361: subtract done, delta_size=18598
R0 [P2] iter 1361: merge done, full_size=710177015
R0 [P2] iter 1362 done: global_full_size=710177015
R0 [P2] iter 1362: PRE-JOIN GPU mem: 78.8GB free / 85.1GB total | delta_size=18598 full_size=710177015
R0 [P2] iter 1362: join done, raw=18566 result_size=18566
R0 [P2] iter 1362: split done, delta_size=18566
R0 [P2] iter 1362: dedup done, delta_size=18566
R0 [P2] iter 1362: subtract done, delta_size=18543
R0 [P2] iter 1362: merge done, full_size=710195558
R0 [P2] iter 1363 done: global_full_size=710195558
R0 [P2] iter 1363: PRE-JOIN GPU mem: 78.8GB free / 85.1GB total | delta_size=18543 full_size=710195558
R0 [P2] iter 1363: join done, raw=18511 result_size=18511
R0 [P2] iter 1363: split done, delta_size=18511
R0 [P2] iter 1363: dedup done, delta_size=18511
R0 [P2] iter 1363: subtract done, delta_size=18488
R0 [P2] iter 1363: merge done, full_size=710214046
R0 [P2] iter 1364 done: global_full_size=710214046
R0 [P2] iter 1364: PRE-JOIN GPU mem: 78.8GB free / 85.1GB total | delta_size=18488 full_size=710214046
R0 [P2] iter 1364: join done, raw=18455 result_size=18455
R0 [P2] iter 1364: split done, delta_size=18455
R0 [P2] iter 1364: dedup done, delta_size=18455
R0 [P2] iter 1364: subtract done, delta_size=18432
R0 [P2] iter 1364: merge done, full_size=710232478
R0 [P2] iter 1365 done: global_full_size=710232478
R0 [P2] iter 1365: PRE-JOIN GPU mem: 78.8GB free / 85.1GB total | delta_size=18432 full_size=710232478
R0 [P2] iter 1365: join done, raw=18401 result_size=18401
R0 [P2] iter 1365: split done, delta_size=18401
R0 [P2] iter 1365: dedup done, delta_size=18401
R0 [P2] iter 1365: subtract done, delta_size=18378
R0 [P2] iter 1365: merge done, full_size=710250856
R0 [P2] iter 1366 done: global_full_size=710250856
R0 [P2] iter 1366: PRE-JOIN GPU mem: 78.8GB free / 85.1GB total | delta_size=18378 full_size=710250856
R0 [P2] iter 1366: join done, raw=18347 result_size=18347
R0 [P2] iter 1366: split done, delta_size=18347
R0 [P2] iter 1366: dedup done, delta_size=18347
R0 [P2] iter 1366: subtract done, delta_size=18324
R0 [P2] iter 1366: merge done, full_size=710269180
R0 [P2] iter 1367 done: global_full_size=710269180
R0 [P2] iter 1367: PRE-JOIN GPU mem: 78.8GB free / 85.1GB total | delta_size=18324 full_size=710269180
R0 [P2] iter 1367: join done, raw=18292 result_size=18292
R0 [P2] iter 1367: split done, delta_size=18292
R0 [P2] iter 1367: dedup done, delta_size=18292
R0 [P2] iter 1367: subtract done, delta_size=18269
R0 [P2] iter 1367: merge done, full_size=710287449
R0 [P2] iter 1368 done: global_full_size=710287449
R0 [P2] iter 1368: PRE-JOIN GPU mem: 78.8GB free / 85.1GB total | delta_size=18269 full_size=710287449
R0 [P2] iter 1368: join done, raw=18238 result_size=18238
R0 [P2] iter 1368: split done, delta_size=18238
R0 [P2] iter 1368: dedup done, delta_size=18238
R0 [P2] iter 1368: subtract done, delta_size=18215
R0 [P2] iter 1368: merge done, full_size=710305664
R0 [P2] iter 1369 done: global_full_size=710305664
R0 [P2] iter 1369: PRE-JOIN GPU mem: 78.8GB free / 85.1GB total | delta_size=18215 full_size=710305664
R0 [P2] iter 1369: join done, raw=18184 result_size=18184
R0 [P2] iter 1369: split done, delta_size=18184
R0 [P2] iter 1369: dedup done, delta_size=18184
R0 [P2] iter 1369: subtract done, delta_size=18161
R0 [P2] iter 1369: merge done, full_size=710323825
R0 [P2] iter 1370 done: global_full_size=710323825
R0 [P2] iter 1370: PRE-JOIN GPU mem: 78.8GB free / 85.1GB total | delta_size=18161 full_size=710323825
R0 [P2] iter 1370: join done, raw=18130 result_size=18130
R0 [P2] iter 1370: split done, delta_size=18130
R0 [P2] iter 1370: dedup done, delta_size=18130
R0 [P2] iter 1370: subtract done, delta_size=18107
R0 [P2] iter 1370: merge done, full_size=710341932
R0 [P2] iter 1371 done: global_full_size=710341932
R0 [P2] iter 1371: PRE-JOIN GPU mem: 78.8GB free / 85.1GB total | delta_size=18107 full_size=710341932
R0 [P2] iter 1371: join done, raw=18076 result_size=18076
R0 [P2] iter 1371: split done, delta_size=18076
R0 [P2] iter 1371: dedup done, delta_size=18076
R0 [P2] iter 1371: subtract done, delta_size=18053
R0 [P2] iter 1371: merge done, full_size=710359985
R0 [P2] iter 1372 done: global_full_size=710359985
R0 [P2] iter 1372: PRE-JOIN GPU mem: 78.8GB free / 85.1GB total | delta_size=18053 full_size=710359985
R0 [P2] iter 1372: join done, raw=18023 result_size=18023
R0 [P2] iter 1372: split done, delta_size=18023
R0 [P2] iter 1372: dedup done, delta_size=18023
R0 [P2] iter 1372: subtract done, delta_size=18000
R0 [P2] iter 1372: merge done, full_size=710377985
R0 [P2] iter 1373 done: global_full_size=710377985
R0 [P2] iter 1373: PRE-JOIN GPU mem: 78.8GB free / 85.1GB total | delta_size=18000 full_size=710377985
R0 [P2] iter 1373: join done, raw=17969 result_size=17969
R0 [P2] iter 1373: split done, delta_size=17969
R0 [P2] iter 1373: dedup done, delta_size=17969
R0 [P2] iter 1373: subtract done, delta_size=17946
R0 [P2] iter 1373: merge done, full_size=710395931
R0 [P2] iter 1374 done: global_full_size=710395931
R0 [P2] iter 1374: PRE-JOIN GPU mem: 78.8GB free / 85.1GB total | delta_size=17946 full_size=710395931
R0 [P2] iter 1374: join done, raw=17916 result_size=17916
R0 [P2] iter 1374: split done, delta_size=17916
R0 [P2] iter 1374: dedup done, delta_size=17916
R0 [P2] iter 1374: subtract done, delta_size=17893
R0 [P2] iter 1374: merge done, full_size=710413824
R0 [P2] iter 1375 done: global_full_size=710413824
R0 [P2] iter 1375: PRE-JOIN GPU mem: 78.8GB free / 85.1GB total | delta_size=17893 full_size=710413824
R0 [P2] iter 1375: join done, raw=17863 result_size=17863
R0 [P2] iter 1375: split done, delta_size=17863
R0 [P2] iter 1375: dedup done, delta_size=17863
R0 [P2] iter 1375: subtract done, delta_size=17840
R0 [P2] iter 1375: merge done, full_size=710431664
R0 [P2] iter 1376 done: global_full_size=710431664
R0 [P2] iter 1376: PRE-JOIN GPU mem: 78.8GB free / 85.1GB total | delta_size=17840 full_size=710431664
R0 [P2] iter 1376: join done, raw=17811 result_size=17811
R0 [P2] iter 1376: split done, delta_size=17811
R0 [P2] iter 1376: dedup done, delta_size=17811
R0 [P2] iter 1376: subtract done, delta_size=17788
R0 [P2] iter 1376: merge done, full_size=710449452
R0 [P2] iter 1377 done: global_full_size=710449452
R0 [P2] iter 1377: PRE-JOIN GPU mem: 78.8GB free / 85.1GB total | delta_size=17788 full_size=710449452
R0 [P2] iter 1377: join done, raw=17758 result_size=17758
R0 [P2] iter 1377: split done, delta_size=17758
R0 [P2] iter 1377: dedup done, delta_size=17758
R0 [P2] iter 1377: subtract done, delta_size=17735
R0 [P2] iter 1377: merge done, full_size=710467187
R0 [P2] iter 1378 done: global_full_size=710467187
R0 [P2] iter 1378: PRE-JOIN GPU mem: 78.8GB free / 85.1GB total | delta_size=17735 full_size=710467187
R0 [P2] iter 1378: join done, raw=17705 result_size=17705
R0 [P2] iter 1378: split done, delta_size=17705
R0 [P2] iter 1378: dedup done, delta_size=17705
R0 [P2] iter 1378: subtract done, delta_size=17682
R0 [P2] iter 1378: merge done, full_size=710484869
R0 [P2] iter 1379 done: global_full_size=710484869
R0 [P2] iter 1379: PRE-JOIN GPU mem: 78.8GB free / 85.1GB total | delta_size=17682 full_size=710484869
R0 [P2] iter 1379: join done, raw=17652 result_size=17652
R0 [P2] iter 1379: split done, delta_size=17652
R0 [P2] iter 1379: dedup done, delta_size=17652
R0 [P2] iter 1379: subtract done, delta_size=17629
R0 [P2] iter 1379: merge done, full_size=710502498
R0 [P2] iter 1380 done: global_full_size=710502498
R0 [P2] iter 1380: PRE-JOIN GPU mem: 78.8GB free / 85.1GB total | delta_size=17629 full_size=710502498
R0 [P2] iter 1380: join done, raw=17599 result_size=17599
R0 [P2] iter 1380: split done, delta_size=17599
R0 [P2] iter 1380: dedup done, delta_size=17599
R0 [P2] iter 1380: subtract done, delta_size=17576
R0 [P2] iter 1380: merge done, full_size=710520074
R0 [P2] iter 1381 done: global_full_size=710520074
R0 [P2] iter 1381: PRE-JOIN GPU mem: 78.8GB free / 85.1GB total | delta_size=17576 full_size=710520074
R0 [P2] iter 1381: join done, raw=17546 result_size=17546
R0 [P2] iter 1381: split done, delta_size=17546
R0 [P2] iter 1381: dedup done, delta_size=17546
R0 [P2] iter 1381: subtract done, delta_size=17523
R0 [P2] iter 1381: merge done, full_size=710537597
R0 [P2] iter 1382 done: global_full_size=710537597
R0 [P2] iter 1382: PRE-JOIN GPU mem: 78.8GB free / 85.1GB total | delta_size=17523 full_size=710537597
R0 [P2] iter 1382: join done, raw=17492 result_size=17492
R0 [P2] iter 1382: split done, delta_size=17492
R0 [P2] iter 1382: dedup done, delta_size=17492
R0 [P2] iter 1382: subtract done, delta_size=17469
R0 [P2] iter 1382: merge done, full_size=710555066
R0 [P2] iter 1383 done: global_full_size=710555066
R0 [P2] iter 1383: PRE-JOIN GPU mem: 78.8GB free / 85.1GB total | delta_size=17469 full_size=710555066
R0 [P2] iter 1383: join done, raw=17438 result_size=17438
R0 [P2] iter 1383: split done, delta_size=17438
R0 [P2] iter 1383: dedup done, delta_size=17438
R0 [P2] iter 1383: subtract done, delta_size=17415
R0 [P2] iter 1383: merge done, full_size=710572481
R0 [P2] iter 1384 done: global_full_size=710572481
R0 [P2] iter 1384: PRE-JOIN GPU mem: 78.8GB free / 85.1GB total | delta_size=17415 full_size=710572481
R0 [P2] iter 1384: join done, raw=17384 result_size=17384
R0 [P2] iter 1384: split done, delta_size=17384
R0 [P2] iter 1384: dedup done, delta_size=17384
R0 [P2] iter 1384: subtract done, delta_size=17361
R0 [P2] iter 1384: merge done, full_size=710589842
R0 [P2] iter 1385 done: global_full_size=710589842
R0 [P2] iter 1385: PRE-JOIN GPU mem: 78.8GB free / 85.1GB total | delta_size=17361 full_size=710589842
R0 [P2] iter 1385: join done, raw=17330 result_size=17330
R0 [P2] iter 1385: split done, delta_size=17330
R0 [P2] iter 1385: dedup done, delta_size=17330
R0 [P2] iter 1385: subtract done, delta_size=17306
R0 [P2] iter 1385: merge done, full_size=710607148
R0 [P2] iter 1386 done: global_full_size=710607148
R0 [P2] iter 1386: PRE-JOIN GPU mem: 78.8GB free / 85.1GB total | delta_size=17306 full_size=710607148
R0 [P2] iter 1386: join done, raw=17275 result_size=17275
R0 [P2] iter 1386: split done, delta_size=17275
R0 [P2] iter 1386: dedup done, delta_size=17275
R0 [P2] iter 1386: subtract done, delta_size=17251
R0 [P2] iter 1386: merge done, full_size=710624399
R0 [P2] iter 1387 done: global_full_size=710624399
R0 [P2] iter 1387: PRE-JOIN GPU mem: 78.8GB free / 85.1GB total | delta_size=17251 full_size=710624399
R0 [P2] iter 1387: join done, raw=17221 result_size=17221
R0 [P2] iter 1387: split done, delta_size=17221
R0 [P2] iter 1387: dedup done, delta_size=17221
R0 [P2] iter 1387: subtract done, delta_size=17197
R0 [P2] iter 1387: merge done, full_size=710641596
R0 [P2] iter 1388 done: global_full_size=710641596
R0 [P2] iter 1388: PRE-JOIN GPU mem: 78.8GB free / 85.1GB total | delta_size=17197 full_size=710641596
R0 [P2] iter 1388: join done, raw=17166 result_size=17166
R0 [P2] iter 1388: split done, delta_size=17166
R0 [P2] iter 1388: dedup done, delta_size=17166
R0 [P2] iter 1388: subtract done, delta_size=17142
R0 [P2] iter 1388: merge done, full_size=710658738
R0 [P2] iter 1389 done: global_full_size=710658738
R0 [P2] iter 1389: PRE-JOIN GPU mem: 78.8GB free / 85.1GB total | delta_size=17142 full_size=710658738
R0 [P2] iter 1389: join done, raw=17112 result_size=17112
R0 [P2] iter 1389: split done, delta_size=17112
R0 [P2] iter 1389: dedup done, delta_size=17112
R0 [P2] iter 1389: subtract done, delta_size=17088
R0 [P2] iter 1389: merge done, full_size=710675826
R0 [P2] iter 1390 done: global_full_size=710675826
R0 [P2] iter 1390: PRE-JOIN GPU mem: 78.8GB free / 85.1GB total | delta_size=17088 full_size=710675826
R0 [P2] iter 1390: join done, raw=17057 result_size=17057
R0 [P2] iter 1390: split done, delta_size=17057
R0 [P2] iter 1390: dedup done, delta_size=17057
R0 [P2] iter 1390: subtract done, delta_size=17033
R0 [P2] iter 1390: merge done, full_size=710692859
R0 [P2] iter 1391 done: global_full_size=710692859
R0 [P2] iter 1391: PRE-JOIN GPU mem: 78.8GB free / 85.1GB total | delta_size=17033 full_size=710692859
R0 [P2] iter 1391: join done, raw=17003 result_size=17003
R0 [P2] iter 1391: split done, delta_size=17003
R0 [P2] iter 1391: dedup done, delta_size=17003
R0 [P2] iter 1391: subtract done, delta_size=16979
R0 [P2] iter 1391: merge done, full_size=710709838
R0 [P2] iter 1392 done: global_full_size=710709838
R0 [P2] iter 1392: PRE-JOIN GPU mem: 78.8GB free / 85.1GB total | delta_size=16979 full_size=710709838
R0 [P2] iter 1392: join done, raw=16949 result_size=16949
R0 [P2] iter 1392: split done, delta_size=16949
R0 [P2] iter 1392: dedup done, delta_size=16949
R0 [P2] iter 1392: subtract done, delta_size=16925
R0 [P2] iter 1392: merge done, full_size=710726763
R0 [P2] iter 1393 done: global_full_size=710726763
R0 [P2] iter 1393: PRE-JOIN GPU mem: 78.8GB free / 85.1GB total | delta_size=16925 full_size=710726763
R0 [P2] iter 1393: join done, raw=16895 result_size=16895
R0 [P2] iter 1393: split done, delta_size=16895
R0 [P2] iter 1393: dedup done, delta_size=16895
R0 [P2] iter 1393: subtract done, delta_size=16871
R0 [P2] iter 1393: merge done, full_size=710743634
R0 [P2] iter 1394 done: global_full_size=710743634
R0 [P2] iter 1394: PRE-JOIN GPU mem: 78.8GB free / 85.1GB total | delta_size=16871 full_size=710743634
R0 [P2] iter 1394: join done, raw=16841 result_size=16841
R0 [P2] iter 1394: split done, delta_size=16841
R0 [P2] iter 1394: dedup done, delta_size=16841
R0 [P2] iter 1394: subtract done, delta_size=16817
R0 [P2] iter 1394: merge done, full_size=710760451
R0 [P2] iter 1395 done: global_full_size=710760451
R0 [P2] iter 1395: PRE-JOIN GPU mem: 78.8GB free / 85.1GB total | delta_size=16817 full_size=710760451
R0 [P2] iter 1395: join done, raw=16787 result_size=16787
R0 [P2] iter 1395: split done, delta_size=16787
R0 [P2] iter 1395: dedup done, delta_size=16787
R0 [P2] iter 1395: subtract done, delta_size=16763
R0 [P2] iter 1395: merge done, full_size=710777214
R0 [P2] iter 1396 done: global_full_size=710777214
R0 [P2] iter 1396: PRE-JOIN GPU mem: 78.8GB free / 85.1GB total | delta_size=16763 full_size=710777214
R0 [P2] iter 1396: join done, raw=16734 result_size=16734
R0 [P2] iter 1396: split done, delta_size=16734
R0 [P2] iter 1396: dedup done, delta_size=16734
R0 [P2] iter 1396: subtract done, delta_size=16710
R0 [P2] iter 1396: merge done, full_size=710793924
R0 [P2] iter 1397 done: global_full_size=710793924
R0 [P2] iter 1397: PRE-JOIN GPU mem: 78.8GB free / 85.1GB total | delta_size=16710 full_size=710793924
R0 [P2] iter 1397: join done, raw=16682 result_size=16682
R0 [P2] iter 1397: split done, delta_size=16682
R0 [P2] iter 1397: dedup done, delta_size=16682
R0 [P2] iter 1397: subtract done, delta_size=16658
R0 [P2] iter 1397: merge done, full_size=710810582
R0 [P2] iter 1398 done: global_full_size=710810582
R0 [P2] iter 1398: PRE-JOIN GPU mem: 78.8GB free / 85.1GB total | delta_size=16658 full_size=710810582
R0 [P2] iter 1398: join done, raw=16629 result_size=16629
R0 [P2] iter 1398: split done, delta_size=16629
R0 [P2] iter 1398: dedup done, delta_size=16629
R0 [P2] iter 1398: subtract done, delta_size=16605
R0 [P2] iter 1398: merge done, full_size=710827187
R0 [P2] iter 1399 done: global_full_size=710827187
R0 [P2] iter 1399: PRE-JOIN GPU mem: 78.8GB free / 85.1GB total | delta_size=16605 full_size=710827187
R0 [P2] iter 1399: join done, raw=16576 result_size=16576
R0 [P2] iter 1399: split done, delta_size=16576
R0 [P2] iter 1399: dedup done, delta_size=16576
R0 [P2] iter 1399: subtract done, delta_size=16552
R0 [P2] iter 1399: merge done, full_size=710843739
R0 [P2] iter 1400 done: global_full_size=710843739
R0 [P2] iter 1400: PRE-JOIN GPU mem: 78.8GB free / 85.1GB total | delta_size=16552 full_size=710843739
R0 [P2] iter 1400: join done, raw=16522 result_size=16522
R0 [P2] iter 1400: split done, delta_size=16522
R0 [P2] iter 1400: dedup done, delta_size=16522
R0 [P2] iter 1400: subtract done, delta_size=16498
R0 [P2] iter 1400: merge done, full_size=710860237
R0 [P2] iter 1401 done: global_full_size=710860237
R0 [P2] iter 1401: PRE-JOIN GPU mem: 78.8GB free / 85.1GB total | delta_size=16498 full_size=710860237
R0 [P2] iter 1401: join done, raw=16470 result_size=16470
R0 [P2] iter 1401: split done, delta_size=16470
R0 [P2] iter 1401: dedup done, delta_size=16470
R0 [P2] iter 1401: subtract done, delta_size=16446
R0 [P2] iter 1401: merge done, full_size=710876683
R0 [P2] iter 1402 done: global_full_size=710876683
R0 [P2] iter 1402: PRE-JOIN GPU mem: 78.8GB free / 85.1GB total | delta_size=16446 full_size=710876683
R0 [P2] iter 1402: join done, raw=16417 result_size=16417
R0 [P2] iter 1402: split done, delta_size=16417
R0 [P2] iter 1402: dedup done, delta_size=16417
R0 [P2] iter 1402: subtract done, delta_size=16393
R0 [P2] iter 1402: merge done, full_size=710893076
R0 [P2] iter 1403 done: global_full_size=710893076
R0 [P2] iter 1403: PRE-JOIN GPU mem: 78.8GB free / 85.1GB total | delta_size=16393 full_size=710893076
R0 [P2] iter 1403: join done, raw=16363 result_size=16363
R0 [P2] iter 1403: split done, delta_size=16363
R0 [P2] iter 1403: dedup done, delta_size=16363
R0 [P2] iter 1403: subtract done, delta_size=16340
R0 [P2] iter 1403: merge done, full_size=710909416
R0 [P2] iter 1404 done: global_full_size=710909416
R0 [P2] iter 1404: PRE-JOIN GPU mem: 78.8GB free / 85.1GB total | delta_size=16340 full_size=710909416
R0 [P2] iter 1404: join done, raw=16312 result_size=16312
R0 [P2] iter 1404: split done, delta_size=16312
R0 [P2] iter 1404: dedup done, delta_size=16312
R0 [P2] iter 1404: subtract done, delta_size=16289
R0 [P2] iter 1404: merge done, full_size=710925705
R0 [P2] iter 1405 done: global_full_size=710925705
R0 [P2] iter 1405: PRE-JOIN GPU mem: 78.8GB free / 85.1GB total | delta_size=16289 full_size=710925705
R0 [P2] iter 1405: join done, raw=16261 result_size=16261
R0 [P2] iter 1405: split done, delta_size=16261
R0 [P2] iter 1405: dedup done, delta_size=16261
R0 [P2] iter 1405: subtract done, delta_size=16238
R0 [P2] iter 1405: merge done, full_size=710941943
R0 [P2] iter 1406 done: global_full_size=710941943
R0 [P2] iter 1406: PRE-JOIN GPU mem: 78.8GB free / 85.1GB total | delta_size=16238 full_size=710941943
R0 [P2] iter 1406: join done, raw=16210 result_size=16210
R0 [P2] iter 1406: split done, delta_size=16210
R0 [P2] iter 1406: dedup done, delta_size=16210
R0 [P2] iter 1406: subtract done, delta_size=16187
R0 [P2] iter 1406: merge done, full_size=710958130
R0 [P2] iter 1407 done: global_full_size=710958130
R0 [P2] iter 1407: PRE-JOIN GPU mem: 78.8GB free / 85.1GB total | delta_size=16187 full_size=710958130
R0 [P2] iter 1407: join done, raw=16157 result_size=16157
R0 [P2] iter 1407: split done, delta_size=16157
R0 [P2] iter 1407: dedup done, delta_size=16157
R0 [P2] iter 1407: subtract done, delta_size=16134
R0 [P2] iter 1407: merge done, full_size=710974264
R0 [P2] iter 1408 done: global_full_size=710974264
R0 [P2] iter 1408: PRE-JOIN GPU mem: 78.8GB free / 85.1GB total | delta_size=16134 full_size=710974264
R0 [P2] iter 1408: join done, raw=16105 result_size=16105
R0 [P2] iter 1408: split done, delta_size=16105
R0 [P2] iter 1408: dedup done, delta_size=16105
R0 [P2] iter 1408: subtract done, delta_size=16082
R0 [P2] iter 1408: merge done, full_size=710990346
R0 [P2] iter 1409 done: global_full_size=710990346
R0 [P2] iter 1409: PRE-JOIN GPU mem: 78.8GB free / 85.1GB total | delta_size=16082 full_size=710990346
R0 [P2] iter 1409: join done, raw=16054 result_size=16054
R0 [P2] iter 1409: split done, delta_size=16054
R0 [P2] iter 1409: dedup done, delta_size=16054
R0 [P2] iter 1409: subtract done, delta_size=16031
R0 [P2] iter 1409: merge done, full_size=711006377
R0 [P2] iter 1410 done: global_full_size=711006377
R0 [P2] iter 1410: PRE-JOIN GPU mem: 78.8GB free / 85.1GB total | delta_size=16031 full_size=711006377
R0 [P2] iter 1410: join done, raw=16003 result_size=16003
R0 [P2] iter 1410: split done, delta_size=16003
R0 [P2] iter 1410: dedup done, delta_size=16003
R0 [P2] iter 1410: subtract done, delta_size=15980
R0 [P2] iter 1410: merge done, full_size=711022357
R0 [P2] iter 1411 done: global_full_size=711022357
R0 [P2] iter 1411: PRE-JOIN GPU mem: 78.8GB free / 85.1GB total | delta_size=15980 full_size=711022357
R0 [P2] iter 1411: join done, raw=15952 result_size=15952
R0 [P2] iter 1411: split done, delta_size=15952
R0 [P2] iter 1411: dedup done, delta_size=15952
R0 [P2] iter 1411: subtract done, delta_size=15929
R0 [P2] iter 1411: merge done, full_size=711038286
R0 [P2] iter 1412 done: global_full_size=711038286
R0 [P2] iter 1412: PRE-JOIN GPU mem: 78.8GB free / 85.1GB total | delta_size=15929 full_size=711038286
R0 [P2] iter 1412: join done, raw=15901 result_size=15901
R0 [P2] iter 1412: split done, delta_size=15901
R0 [P2] iter 1412: dedup done, delta_size=15901
R0 [P2] iter 1412: subtract done, delta_size=15878
R0 [P2] iter 1412: merge done, full_size=711054164
R0 [P2] iter 1413 done: global_full_size=711054164
R0 [P2] iter 1413: PRE-JOIN GPU mem: 78.8GB free / 85.1GB total | delta_size=15878 full_size=711054164
R0 [P2] iter 1413: join done, raw=15849 result_size=15849
R0 [P2] iter 1413: split done, delta_size=15849
R0 [P2] iter 1413: dedup done, delta_size=15849
R0 [P2] iter 1413: subtract done, delta_size=15826
R0 [P2] iter 1413: merge done, full_size=711069990
R0 [P2] iter 1414 done: global_full_size=711069990
R0 [P2] iter 1414: PRE-JOIN GPU mem: 78.8GB free / 85.1GB total | delta_size=15826 full_size=711069990
R0 [P2] iter 1414: join done, raw=15796 result_size=15796
R0 [P2] iter 1414: split done, delta_size=15796
R0 [P2] iter 1414: dedup done, delta_size=15796
R0 [P2] iter 1414: subtract done, delta_size=15774
R0 [P2] iter 1414: merge done, full_size=711085764
R0 [P2] iter 1415 done: global_full_size=711085764
R0 [P2] iter 1415: PRE-JOIN GPU mem: 78.8GB free / 85.1GB total | delta_size=15774 full_size=711085764
R0 [P2] iter 1415: join done, raw=15744 result_size=15744
R0 [P2] iter 1415: split done, delta_size=15744
R0 [P2] iter 1415: dedup done, delta_size=15744
R0 [P2] iter 1415: subtract done, delta_size=15722
R0 [P2] iter 1415: merge done, full_size=711101486
R0 [P2] iter 1416 done: global_full_size=711101486
R0 [P2] iter 1416: PRE-JOIN GPU mem: 78.8GB free / 85.1GB total | delta_size=15722 full_size=711101486
R0 [P2] iter 1416: join done, raw=15693 result_size=15693
R0 [P2] iter 1416: split done, delta_size=15693
R0 [P2] iter 1416: dedup done, delta_size=15693
R0 [P2] iter 1416: subtract done, delta_size=15671
R0 [P2] iter 1416: merge done, full_size=711117157
R0 [P2] iter 1417 done: global_full_size=711117157
R0 [P2] iter 1417: PRE-JOIN GPU mem: 78.8GB free / 85.1GB total | delta_size=15671 full_size=711117157
R0 [P2] iter 1417: join done, raw=15641 result_size=15641
R0 [P2] iter 1417: split done, delta_size=15641
R0 [P2] iter 1417: dedup done, delta_size=15641
R0 [P2] iter 1417: subtract done, delta_size=15619
R0 [P2] iter 1417: merge done, full_size=711132776
R0 [P2] iter 1418 done: global_full_size=711132776
R0 [P2] iter 1418: PRE-JOIN GPU mem: 78.8GB free / 85.1GB total | delta_size=15619 full_size=711132776
R0 [P2] iter 1418: join done, raw=15589 result_size=15589
R0 [P2] iter 1418: split done, delta_size=15589
R0 [P2] iter 1418: dedup done, delta_size=15589
R0 [P2] iter 1418: subtract done, delta_size=15567
R0 [P2] iter 1418: merge done, full_size=711148343
R0 [P2] iter 1419 done: global_full_size=711148343
R0 [P2] iter 1419: PRE-JOIN GPU mem: 78.8GB free / 85.1GB total | delta_size=15567 full_size=711148343
R0 [P2] iter 1419: join done, raw=15537 result_size=15537
R0 [P2] iter 1419: split done, delta_size=15537
R0 [P2] iter 1419: dedup done, delta_size=15537
R0 [P2] iter 1419: subtract done, delta_size=15515
R0 [P2] iter 1419: merge done, full_size=711163858
R0 [P2] iter 1420 done: global_full_size=711163858
R0 [P2] iter 1420: PRE-JOIN GPU mem: 78.8GB free / 85.1GB total | delta_size=15515 full_size=711163858
R0 [P2] iter 1420: join done, raw=15486 result_size=15486
R0 [P2] iter 1420: split done, delta_size=15486
R0 [P2] iter 1420: dedup done, delta_size=15486
R0 [P2] iter 1420: subtract done, delta_size=15464
R0 [P2] iter 1420: merge done, full_size=711179322
R0 [P2] iter 1421 done: global_full_size=711179322
R0 [P2] iter 1421: PRE-JOIN GPU mem: 78.8GB free / 85.1GB total | delta_size=15464 full_size=711179322
R0 [P2] iter 1421: join done, raw=15435 result_size=15435
R0 [P2] iter 1421: split done, delta_size=15435
R0 [P2] iter 1421: dedup done, delta_size=15435
R0 [P2] iter 1421: subtract done, delta_size=15413
R0 [P2] iter 1421: merge done, full_size=711194735
R0 [P2] iter 1422 done: global_full_size=711194735
R0 [P2] iter 1422: PRE-JOIN GPU mem: 78.8GB free / 85.1GB total | delta_size=15413 full_size=711194735
R0 [P2] iter 1422: join done, raw=15384 result_size=15384
R0 [P2] iter 1422: split done, delta_size=15384
R0 [P2] iter 1422: dedup done, delta_size=15384
R0 [P2] iter 1422: subtract done, delta_size=15362
R0 [P2] iter 1422: merge done, full_size=711210097
R0 [P2] iter 1423 done: global_full_size=711210097
R0 [P2] iter 1423: PRE-JOIN GPU mem: 78.8GB free / 85.1GB total | delta_size=15362 full_size=711210097
R0 [P2] iter 1423: join done, raw=15333 result_size=15333
R0 [P2] iter 1423: split done, delta_size=15333
R0 [P2] iter 1423: dedup done, delta_size=15333
R0 [P2] iter 1423: subtract done, delta_size=15311
R0 [P2] iter 1423: merge done, full_size=711225408
R0 [P2] iter 1424 done: global_full_size=711225408
R0 [P2] iter 1424: PRE-JOIN GPU mem: 78.8GB free / 85.1GB total | delta_size=15311 full_size=711225408
R0 [P2] iter 1424: join done, raw=15283 result_size=15283
R0 [P2] iter 1424: split done, delta_size=15283
R0 [P2] iter 1424: dedup done, delta_size=15283
R0 [P2] iter 1424: subtract done, delta_size=15261
srun: forcing job termination
srun: got SIGCONT
R0 [P2] iter 1424: merge done, full_size=711240669
R0 [P2] iter 1425 done: global_full_size=711240669
R0 [P2] iter 1425: PRE-JOIN GPU mem: 78.8GB free / 85.1GB total | delta_size=15261 full_size=711240669
R0 [P2] iter 1425: join done, raw=15232 result_size=15232
R0 [P2] iter 1425: split done, delta_size=15232
R0 [P2] iter 1425: dedup done, delta_size=15232
R0 [P2] iter 1425: subtract done, delta_size=15210
R0 [P2] iter 1425: merge done, full_size=711255879
R0 [P2] iter 1426 done: global_full_size=711255879
R0 [P2] iter 1426: PRE-JOIN GPU mem: 78.8GB free / 85.1GB total | delta_size=15210 full_size=711255879
R0 [P2] iter 1426: join done, raw=15179 result_size=15179
R0 [P2] iter 1426: split done, delta_size=15179
R0 [P2] iter 1426: dedup done, delta_size=15179
R0 [P2] iter 1426: subtract done, delta_size=15157
R0 [P2] iter 1426: merge done, full_size=711271036
R0 [P2] iter 1427 done: global_full_size=711271036
R0 [P2] iter 1427: PRE-JOIN GPU mem: 78.8GB free / 85.1GB total | delta_size=15157 full_size=711271036
R0 [P2] iter 1427: join done, raw=15127 result_size=15127
R0 [P2] iter 1427: split done, delta_size=15127
R0 [P2] iter 1427: dedup done, delta_size=15127
R0 [P2] iter 1427: subtract done, delta_size=15106
R0 [P2] iter 1427: merge done, full_size=711286142
R0 [P2] iter 1428 done: global_full_size=711286142
R0 [P2] iter 1428: PRE-JOIN GPU mem: 78.8GB free / 85.1GB total | delta_size=15106 full_size=711286142
R0 [P2] iter 1428: join done, raw=15076 result_size=15076
R0 [P2] iter 1428: split done, delta_size=15076
R0 [P2] iter 1428: dedup done, delta_size=15076
R0 [P2] iter 1428: subtract done, delta_size=15056
R0 [P2] iter 1428: merge done, full_size=711301198
R0 [P2] iter 1429 done: global_full_size=711301198
R0 [P2] iter 1429: PRE-JOIN GPU mem: 78.8GB free / 85.1GB total | delta_size=15056 full_size=711301198
R0 [P2] iter 1429: join done, raw=15026 result_size=15026
R0 [P2] iter 1429: split done, delta_size=15026
R0 [P2] iter 1429: dedup done, delta_size=15026
R0 [P2] iter 1429: subtract done, delta_size=15006
R0 [P2] iter 1429: merge done, full_size=711316204
R0 [P2] iter 1430 done: global_full_size=711316204
R0 [P2] iter 1430: PRE-JOIN GPU mem: 78.8GB free / 85.1GB total | delta_size=15006 full_size=711316204
R0 [P2] iter 1430: join done, raw=14976 result_size=14976
R0 [P2] iter 1430: split done, delta_size=14976
R0 [P2] iter 1430: dedup done, delta_size=14976
R0 [P2] iter 1430: subtract done, delta_size=14956
R0 [P2] iter 1430: merge done, full_size=711331160
R0 [P2] iter 1431 done: global_full_size=711331160
R0 [P2] iter 1431: PRE-JOIN GPU mem: 78.8GB free / 85.1GB total | delta_size=14956 full_size=711331160
R0 [P2] iter 1431: join done, raw=14926 result_size=14926
R0 [P2] iter 1431: split done, delta_size=14926
R0 [P2] iter 1431: dedup done, delta_size=14926
R0 [P2] iter 1431: subtract done, delta_size=14906
R0 [P2] iter 1431: merge done, full_size=711346066
R0 [P2] iter 1432 done: global_full_size=711346066
R0 [P2] iter 1432: PRE-JOIN GPU mem: 78.8GB free / 85.1GB total | delta_size=14906 full_size=711346066
R0 [P2] iter 1432: join done, raw=14876 result_size=14876
R0 [P2] iter 1432: split done, delta_size=14876
R0 [P2] iter 1432: dedup done, delta_size=14876
R0 [P2] iter 1432: subtract done, delta_size=14856
R0 [P2] iter 1432: merge done, full_size=711360922
R0 [P2] iter 1433 done: global_full_size=711360922
R0 [P2] iter 1433: PRE-JOIN GPU mem: 78.8GB free / 85.1GB total | delta_size=14856 full_size=711360922
R0 [P2] iter 1433: join done, raw=14826 result_size=14826
R0 [P2] iter 1433: split done, delta_size=14826
R0 [P2] iter 1433: dedup done, delta_size=14826
R0 [P2] iter 1433: subtract done, delta_size=14806
R0 [P2] iter 1433: merge done, full_size=711375728
R0 [P2] iter 1434 done: global_full_size=711375728
R0 [P2] iter 1434: PRE-JOIN GPU mem: 78.8GB free / 85.1GB total | delta_size=14806 full_size=711375728
R0 [P2] iter 1434: join done, raw=14776 result_size=14776
R0 [P2] iter 1434: split done, delta_size=14776
R0 [P2] iter 1434: dedup done, delta_size=14776
R0 [P2] iter 1434: subtract done, delta_size=14756
R0 [P2] iter 1434: merge done, full_size=711390484
R0 [P2] iter 1435 done: global_full_size=711390484
R0 [P2] iter 1435: PRE-JOIN GPU mem: 78.8GB free / 85.1GB total | delta_size=14756 full_size=711390484
R0 [P2] iter 1435: join done, raw=14725 result_size=14725
R0 [P2] iter 1435: split done, delta_size=14725
R0 [P2] iter 1435: dedup done, delta_size=14725
R0 [P2] iter 1435: subtract done, delta_size=14705
R0 [P2] iter 1435: merge done, full_size=711405189
R0 [P2] iter 1436 done: global_full_size=711405189
R0 [P2] iter 1436: PRE-JOIN GPU mem: 78.8GB free / 85.1GB total | delta_size=14705 full_size=711405189
R0 [P2] iter 1436: join done, raw=14674 result_size=14674
R0 [P2] iter 1436: split done, delta_size=14674
R0 [P2] iter 1436: dedup done, delta_size=14674
R0 [P2] iter 1436: subtract done, delta_size=14654
R0 [P2] iter 1436: merge done, full_size=711419843
R0 [P2] iter 1437 done: global_full_size=711419843
R0 [P2] iter 1437: PRE-JOIN GPU mem: 78.8GB free / 85.1GB total | delta_size=14654 full_size=711419843
R0 [P2] iter 1437: join done, raw=14623 result_size=14623
R0 [P2] iter 1437: split done, delta_size=14623
R0 [P2] iter 1437: dedup done, delta_size=14623
R0 [P2] iter 1437: subtract done, delta_size=14603
R0 [P2] iter 1437: merge done, full_size=711434446
R0 [P2] iter 1438 done: global_full_size=711434446
R0 [P2] iter 1438: PRE-JOIN GPU mem: 78.8GB free / 85.1GB total | delta_size=14603 full_size=711434446
R0 [P2] iter 1438: join done, raw=14573 result_size=14573
R0 [P2] iter 1438: split done, delta_size=14573
R0 [P2] iter 1438: dedup done, delta_size=14573
R0 [P2] iter 1438: subtract done, delta_size=14553
R0 [P2] iter 1438: merge done, full_size=711448999
R0 [P2] iter 1439 done: global_full_size=711448999
R0 [P2] iter 1439: PRE-JOIN GPU mem: 78.8GB free / 85.1GB total | delta_size=14553 full_size=711448999
R0 [P2] iter 1439: join done, raw=14522 result_size=14522
R0 [P2] iter 1439: split done, delta_size=14522
R0 [P2] iter 1439: dedup done, delta_size=14522
R0 [P2] iter 1439: subtract done, delta_size=14502
R0 [P2] iter 1439: merge done, full_size=711463501
R0 [P2] iter 1440 done: global_full_size=711463501
R0 [P2] iter 1440: PRE-JOIN GPU mem: 78.8GB free / 85.1GB total | delta_size=14502 full_size=711463501
R0 [P2] iter 1440: join done, raw=14472 result_size=14472
R0 [P2] iter 1440: split done, delta_size=14472
R0 [P2] iter 1440: dedup done, delta_size=14472
R0 [P2] iter 1440: subtract done, delta_size=14452
R0 [P2] iter 1440: merge done, full_size=711477953
R0 [P2] iter 1441 done: global_full_size=711477953
R0 [P2] iter 1441: PRE-JOIN GPU mem: 78.8GB free / 85.1GB total | delta_size=14452 full_size=711477953
R0 [P2] iter 1441: join done, raw=14422 result_size=14422
R0 [P2] iter 1441: split done, delta_size=14422
R0 [P2] iter 1441: dedup done, delta_size=14422
R0 [P2] iter 1441: subtract done, delta_size=14402
srun: Job step aborted: Waiting up to 32 seconds for job step to finish.
[2026-10-02T20:09:09.679] error: *** STEP 59217961.2 ON nid008420 CANCELLED AT 2026-10-02T20:09:09 DUE to SIGNAL Killed ***
srun: error: nid008420: task 0: Killed
srun: Terminating StepId=59217961.2
