R0 [P1] parallel_read done: row_size=20679 total_rows=165435
R1 [P1] parallel_read done: row_size=20679 total_rows=165435
R4 [P1] parallel_read done: row_size=20679 total_rows=165435
R2 [P1] parallel_read done: row_size=20680 total_rows=165435
R6 [P1] parallel_read done: row_size=20679 total_rows=165435
R3 [P1] parallel_read done: row_size=20679 total_rows=165435
R7 [P1] parallel_read done: row_size=20680 total_rows=165435
R5 [P1] parallel_read done: row_size=20680 total_rows=165435
R3 [P1] allgather done
R1 [P1] allgather done
R2 [P1] allgather done
R5 [P1] allgather done
R7 [P1] allgather done
R6 [P1] allgather done
R0 [P1] allgather done
R4 [P1] allgather done
R4 [P1] entity arrays + dedup done: g_size=165435 l_size=165435
R5 [P1] entity arrays + dedup done: g_size=165435 l_size=165435
R3 [P1] entity arrays + dedup done: g_size=165435 l_size=165435
R4 [P1] initial HT built: ht_rows=524288
R5 [P1] initial HT built: ht_rows=524288
R2 [P1] entity arrays + dedup done: g_size=165435 l_size=165435
R3 [P1] initial HT built: ht_rows=524288
R4 [P1] step 0: g_rev join done, temp_g_rev_size=206898
R2 [P1] initial HT built: ht_rows=524288
R5 [P1] step 0: seed join done, temp_l_size=206898
R3 [P1] step 0: seed join done, temp_l_size=206898
R2 [P1] step 0: g_rev join done, temp_g_rev_size=206898
R4 [P1] step 0: g_rev dedup done, g_rev_size=203354
R3 [P1] step 0: seed dedup done, l_size=203354
R5 [P1] step 0: seed dedup done, l_size=203354
R2 [P1] step 0: g_rev dedup done, g_rev_size=203354
R6 [P1] entity arrays + dedup done: g_size=165435 l_size=165435
R3 [P1] step 0: g_rev join done, temp_g_rev_size=206898
R5 [P1] step 0: g_rev join done, temp_g_rev_size=206898
R6 [P1] initial HT built: ht_rows=524288
R3 [P1] step 0: g_rev dedup done, g_rev_size=203354
R2 [P1] step 0: g squared, g_size=203354 ht_rows=524288
R4 [P1] step 0: g squared, g_size=203354 ht_rows=524288
R5 [P1] step 0: g_rev dedup done, g_rev_size=203354
R7 [P1] entity arrays + dedup done: g_size=165435 l_size=165435
R6 [P1] step 0: g_rev join done, temp_g_rev_size=206898
R2 [P1] step 1: seed join done, temp_l_size=255858
R3 [P1] step 0: g squared, g_size=203354 ht_rows=524288
R7 [P1] initial HT built: ht_rows=524288
R1 [P1] entity arrays + dedup done: g_size=165435 l_size=165435
R6 [P1] step 0: g_rev dedup done, g_rev_size=203354
R1 [P1] initial HT built: ht_rows=524288
R5 [P1] step 0: g squared, g_size=203354 ht_rows=524288
R2 [P1] step 1: seed dedup done, l_size=248868
R4 [P1] step 1: g_rev join done, temp_g_rev_size=319732
R3 [P1] step 1: seed join done, temp_l_size=319732
R7 [P1] step 0: seed join done, temp_l_size=206898
R0 [P1] entity arrays + dedup done: g_size=165435 l_size=165435
R4 [P1] step 1: g_rev dedup done, g_rev_size=305075
R1 [P1] step 0: seed join done, temp_l_size=206898
R5 [P1] step 1: g_rev join done, temp_g_rev_size=319732
R2 [P1] step 1: g_rev join done, temp_g_rev_size=319732
R3 [P1] step 1: seed dedup done, l_size=305075
R7 [P1] step 0: seed dedup done, l_size=203354
R6 [P1] step 0: g squared, g_size=203354 ht_rows=524288
R0 [P1] initial HT built: ht_rows=524288
R1 [P1] step 0: seed dedup done, l_size=203354
R2 [P1] step 1: g_rev dedup done, g_rev_size=305075
R5 [P1] step 1: g_rev dedup done, g_rev_size=305075
R7 [P1] step 0: g_rev join done, temp_g_rev_size=206898
R6 [P1] step 1: seed join done, temp_l_size=255858
R0 [P1] step 0: g_rev join done, temp_g_rev_size=206898
R4 [P1] step 1: g squared, g_size=305075 ht_rows=524288
R1 [P1] step 0: g_rev join done, temp_g_rev_size=206898
R3 [P1] step 1: g_rev join done, temp_g_rev_size=319732
R7 [P1] step 0: g_rev dedup done, g_rev_size=203354
R6 [P1] step 1: seed dedup done, l_size=248868
R0 [P1] step 0: g_rev dedup done, g_rev_size=203354
R4 [P1] step 2: seed join done, temp_l_size=393524
R5 [P1] step 1: g squared, g_size=305075 ht_rows=524288
R2 [P1] step 1: g squared, g_size=305075 ht_rows=524288
R3 [P1] step 1: g_rev dedup done, g_rev_size=305075
R1 [P1] step 0: g_rev dedup done, g_rev_size=203354
R6 [P1] step 1: g_rev join done, temp_g_rev_size=319732
R4 [P1] step 2: seed dedup done, l_size=376027
R0 [P1] step 0: g squared, g_size=203354 ht_rows=524288
R7 [P1] step 0: g squared, g_size=203354 ht_rows=524288
R5 [P1] step 2: seed join done, temp_l_size=499135
R2 [P1] step 2: g_rev join done, temp_g_rev_size=789207
R1 [P1] step 0: g squared, g_size=203354 ht_rows=524288
R3 [P1] step 1: g squared, g_size=305075 ht_rows=524288
R6 [P1] step 1: g_rev dedup done, g_rev_size=305075
R0 [P1] step 1: g_rev join done, temp_g_rev_size=319732
R7 [P1] step 1: seed join done, temp_l_size=319732
R2 [P1] step 2: g_rev dedup done, g_rev_size=679183
R4 [P1] step 2: g_rev join done, temp_g_rev_size=789207
R1 [P1] step 1: g_rev join done, temp_g_rev_size=319732
R5 [P1] step 2: seed dedup done, l_size=460476
R6 [P1] step 1: g squared, g_size=305075 ht_rows=524288
R3 [P1] step 2: g_rev join done, temp_g_rev_size=789207
R7 [P1] step 1: seed dedup done, l_size=305075
R0 [P1] step 1: g_rev dedup done, g_rev_size=305075
R1 [P1] step 1: g_rev dedup done, g_rev_size=305075
R5 [P1] step 2: g_rev join done, temp_g_rev_size=789207
R4 [P1] step 2: g_rev dedup done, g_rev_size=679183
R2 [P1] step 2: g squared, g_size=679183 ht_rows=2097152
R6 [P1] step 2: seed join done, temp_l_size=628587
R7 [P1] step 1: g_rev join done, temp_g_rev_size=319732
R3 [P1] step 2: g_rev dedup done, g_rev_size=679183
R2 [P1] partition filter done: gk_fwd=85401 gk_rev=84527
Rank 2 Phase 1: 0.1003s | seed_size=248868 (length 3), g^k_size=679183
R1 [P1] step 1: g squared, g_size=305075 ht_rows=524288
R7 [P1] step 1: g_rev dedup done, g_rev_size=305075
R0 [P1] step 1: g squared, g_size=305075 ht_rows=524288
R2 [P2] dedup full done: full_size=84527
R5 [P1] step 2: g_rev dedup done, g_rev_size=679183
R2 [P2] delta copy done: delta_size=84527
R6 [P1] step 2: seed dedup done, l_size=560354
R2 [P2] HT built: gk_fwd_size=85401 ht_rows=262144
R4 [P1] step 2: g squared, g_size=679183 ht_rows=2097152
R3 [P1] step 2: g squared, g_size=679183 ht_rows=2097152
R1 [P1] step 2: g_rev join done, temp_g_rev_size=789207
R0 [P1] step 2: g_rev join done, temp_g_rev_size=789207
R7 [P1] step 1: g squared, g_size=305075 ht_rows=524288
R1 [P1] step 2: g_rev dedup done, g_rev_size=679183
R6 [P1] step 2: g_rev join done, temp_g_rev_size=789207
R3 [P1] partition filter done: gk_fwd=85224 gk_rev=85853
Rank 3 Phase 1: 0.1063s | seed_size=305075 (length 4), g^k_size=679183
R0 [P1] step 2: g_rev dedup done, g_rev_size=679183
R4 [P1] partition filter done: gk_fwd=84678 gk_rev=84989
Rank 4 Phase 1: 0.0874s | seed_size=376027 (length 5), g^k_size=679183
R5 [P1] step 2: g squared, g_size=679183 ht_rows=2097152
R7 [P1] step 2: seed join done, temp_l_size=789207
R3 [P2] dedup full done: full_size=85853
R4 [P2] dedup full done: full_size=84989
R3 [P2] delta copy done: delta_size=85853
R1 [P1] step 2: g squared, g_size=679183 ht_rows=2097152
R4 [P2] delta copy done: delta_size=84989
R6 [P1] step 2: g_rev dedup done, g_rev_size=679183
R3 [P2] HT built: gk_fwd_size=85224 ht_rows=262144
R0 [P1] step 2: g squared, g_size=679183 ht_rows=2097152
R1 [P1] partition filter done: gk_fwd=85406 gk_rev=86121
Rank 1 Phase 1: 0.1082s | seed_size=203354 (length 2), g^k_size=679183
R4 [P2] HT built: gk_fwd_size=84678 ht_rows=262144
R0 [P1] partition filter done: gk_fwd=85210 gk_rev=85997
Rank 0 Phase 1: 0.1076s | seed_size=165435 (length 1), g^k_size=679183
R0 [P2] dedup full done: full_size=85997
R0 [P2] delta copy done: delta_size=85997
R1 [P2] dedup full done: full_size=86121
R5 [P1] partition filter done: gk_fwd=83787 gk_rev=83276
Rank 5 Phase 1: 0.0718s | seed_size=460476 (length 6), g^k_size=679183
R1 [P2] delta copy done: delta_size=86121
R0 [P2] HT built: gk_fwd_size=85210 ht_rows=262144
R7 [P1] step 2: seed dedup done, l_size=679183
R1 [P2] HT built: gk_fwd_size=85406 ht_rows=262144
R5 [P2] dedup full done: full_size=83276
R6 [P1] step 2: g squared, g_size=679183 ht_rows=2097152
R5 [P2] delta copy done: delta_size=83276
R5 [P2] HT built: gk_fwd_size=83787 ht_rows=262144
R7 [P1] step 2: g_rev join done, temp_g_rev_size=789207
R6 [P1] partition filter done: gk_fwd=85463 gk_rev=84291
Rank 6 Phase 1: 0.0968s | seed_size=560354 (length 7), g^k_size=679183
R7 [P1] step 2: g_rev dedup done, g_rev_size=679183
R6 [P2] dedup full done: full_size=84291
R6 [P2] delta copy done: delta_size=84291
R6 [P2] HT built: gk_fwd_size=85463 ht_rows=262144
R7 [P1] step 2: g squared, g_size=679183 ht_rows=2097152
R7 [P1] partition filter done: gk_fwd=84014 gk_rev=84129
Rank 7 Phase 1: 0.0991s | seed_size=679183 (length 8), g^k_size=679183
R7 [P2] dedup full done: full_size=84129
R7 [P2] delta copy done: delta_size=84129
R7 [P2] HT built: gk_fwd_size=84014 ht_rows=262144
R4 [P2] entering loop: global_full_size=679183
R0 [P2] entering loop: global_full_size=679183
R5 [P2] entering loop: global_full_size=679183
R1 [P2] entering loop: global_full_size=679183
R6 [P2] entering loop: global_full_size=679183
R2 [P2] entering loop: global_full_size=679183
R7 [P2] entering loop: global_full_size=679183
R3 [P2] entering loop: global_full_size=679183
R5 [P2] iter 0: PRE-JOIN GPU mem: 84.6GB free / 85.1GB total | delta_size=83276 full_size=83276
R0 [P2] iter 0: PRE-JOIN GPU mem: 84.6GB free / 85.1GB total | delta_size=85997 full_size=85997
R7 [P2] iter 0: PRE-JOIN GPU mem: 84.6GB free / 85.1GB total | delta_size=84129 full_size=84129
R2 [P2] iter 0: PRE-JOIN GPU mem: 84.6GB free / 85.1GB total | delta_size=84527 full_size=84527
R4 [P2] iter 0: PRE-JOIN GPU mem: 84.6GB free / 85.1GB total | delta_size=84989 full_size=84989
R1 [P2] iter 0: PRE-JOIN GPU mem: 84.6GB free / 85.1GB total | delta_size=86121 full_size=86121
R6 [P2] iter 0: PRE-JOIN GPU mem: 84.6GB free / 85.1GB total | delta_size=84291 full_size=84291
R3 [P2] iter 0: PRE-JOIN GPU mem: 84.6GB free / 85.1GB total | delta_size=85853 full_size=85853
R3 [P2] iter 0: join done, raw=551292 result_size=490575
R2 [P2] iter 0: join done, raw=552938 result_size=491164
R5 [P2] iter 0: join done, raw=526466 result_size=471234
R7 [P2] iter 0: join done, raw=534038 result_size=475801
R6 [P2] iter 0: join done, raw=541245 result_size=481736
R4 [P2] iter 0: join done, raw=543580 result_size=482607
R1 [P2] iter 0: join done, raw=552653 result_size=491339
R0 [P2] iter 0: join done, raw=548572 result_size=486825
R1 [P2] iter 0: split done, delta_size=493712
R7 [P2] iter 0: split done, delta_size=475327
R2 [P2] iter 0: split done, delta_size=482240
R0 [P2] iter 0: split done, delta_size=495614
R3 [P2] iter 0: split done, delta_size=487657
R6 [P2] iter 0: split done, delta_size=483456
R5 [P2] iter 0: split done, delta_size=468571
R4 [P2] iter 0: split done, delta_size=484704
R2 [P2] iter 0: dedup done, delta_size=306386
R0 [P2] iter 0: dedup done, delta_size=314434
R1 [P2] iter 0: dedup done, delta_size=313432
R2 [P2] iter 0: subtract done, delta_size=298756
R0 [P2] iter 0: subtract done, delta_size=306356
R1 [P2] iter 0: subtract done, delta_size=305506
R7 [P2] iter 0: dedup done, delta_size=303230
R3 [P2] iter 0: dedup done, delta_size=307626
R6 [P2] iter 0: dedup done, delta_size=306700
R0 [P2] iter 0: merge done, full_size=392353
R2 [P2] iter 0: merge done, full_size=383283
R5 [P2] iter 0: dedup done, delta_size=300159
R1 [P2] iter 0: merge done, full_size=391627
R4 [P2] iter 0: dedup done, delta_size=306509
R3 [P2] iter 0: subtract done, delta_size=299701
R7 [P2] iter 0: subtract done, delta_size=295614
R6 [P2] iter 0: subtract done, delta_size=298936
R3 [P2] iter 0: merge done, full_size=385554
R5 [P2] iter 0: subtract done, delta_size=292823
R4 [P2] iter 0: subtract done, delta_size=298805
R7 [P2] iter 0: merge done, full_size=379743
R5 [P2] iter 0: merge done, full_size=376099
R6 [P2] iter 0: merge done, full_size=383227
R0 [P2] iter 1 done: global_full_size=3075680
R4 [P2] iter 0: merge done, full_size=383794
R1 [P2] iter 1 done: global_full_size=3075680
R4 [P2] iter 1 done: global_full_size=3075680
R2 [P2] iter 1 done: global_full_size=3075680
R5 [P2] iter 1 done: global_full_size=3075680
R3 [P2] iter 1 done: global_full_size=3075680
R6 [P2] iter 1 done: global_full_size=3075680
R0 [P2] iter 1: PRE-JOIN GPU mem: 84.6GB free / 85.1GB total | delta_size=306356 full_size=392353
R7 [P2] iter 1 done: global_full_size=3075680
R1 [P2] iter 1: PRE-JOIN GPU mem: 84.6GB free / 85.1GB total | delta_size=305506 full_size=391627
R4 [P2] iter 1: PRE-JOIN GPU mem: 84.6GB free / 85.1GB total | delta_size=298805 full_size=383794
R3 [P2] iter 1: PRE-JOIN GPU mem: 84.6GB free / 85.1GB total | delta_size=299701 full_size=385554
R5 [P2] iter 1: PRE-JOIN GPU mem: 84.6GB free / 85.1GB total | delta_size=292823 full_size=376099
R2 [P2] iter 1: PRE-JOIN GPU mem: 84.6GB free / 85.1GB total | delta_size=298756 full_size=383283
R7 [P2] iter 1: PRE-JOIN GPU mem: 84.6GB free / 85.1GB total | delta_size=295614 full_size=379743
R6 [P2] iter 1: PRE-JOIN GPU mem: 84.6GB free / 85.1GB total | delta_size=298936 full_size=383227
R0 [P2] iter 1: join done, raw=1983296 result_size=1551110
R2 [P2] iter 1: join done, raw=1987805 result_size=1558415
R1 [P2] iter 1: join done, raw=1966895 result_size=1558852
R5 [P2] iter 1: join done, raw=1894775 result_size=1501543
R3 [P2] iter 1: join done, raw=1964883 result_size=1548089
R4 [P2] iter 1: join done, raw=1958657 result_size=1525976
R6 [P2] iter 1: join done, raw=1969355 result_size=1531891
R7 [P2] iter 1: join done, raw=1900992 result_size=1504820
R0 [P2] iter 1: split done, delta_size=1575198
R1 [P2] iter 1: split done, delta_size=1573942
R2 [P2] iter 1: split done, delta_size=1512373
R7 [P2] iter 1: split done, delta_size=1525608
R5 [P2] iter 1: split done, delta_size=1494119
R3 [P2] iter 1: split done, delta_size=1533430
R6 [P2] iter 1: split done, delta_size=1536932
R4 [P2] iter 1: split done, delta_size=1529094
R7 [P2] iter 1: dedup done, delta_size=742021
R5 [P2] iter 1: dedup done, delta_size=731447
R6 [P2] iter 1: dedup done, delta_size=747075
R7 [P2] iter 1: subtract done, delta_size=640447
R5 [P2] iter 1: subtract done, delta_size=631697
R4 [P2] iter 1: dedup done, delta_size=741268
R6 [P2] iter 1: subtract done, delta_size=643290
R7 [P2] iter 1: merge done, full_size=1020190
R5 [P2] iter 1: merge done, full_size=1007796
R4 [P2] iter 1: subtract done, delta_size=638061
R6 [P2] iter 1: merge done, full_size=1026517
R4 [P2] iter 1: merge done, full_size=1021855
R0 [P2] iter 1: dedup done, delta_size=759734
R0 [P2] iter 1: subtract done, delta_size=652269
R1 [P2] iter 1: dedup done, delta_size=765226
R1 [P2] iter 1: subtract done, delta_size=658786
R2 [P2] iter 1: dedup done, delta_size=739470
R2 [P2] iter 1: subtract done, delta_size=636103
R0 [P2] iter 1: merge done, full_size=1044622
R1 [P2] iter 1: merge done, full_size=1050413
R2 [P2] iter 1: merge done, full_size=1019386
R3 [P2] iter 1: dedup done, delta_size=745216
R3 [P2] iter 1: subtract done, delta_size=641930
R3 [P2] iter 1: merge done, full_size=1027484
R0 [P2] iter 2 done: global_full_size=8218263
R1 [P2] iter 2 done: global_full_size=8218263
R2 [P2] iter 2 done: global_full_size=8218263
R3 [P2] iter 2 done: global_full_size=8218263
R0 [P2] iter 2: PRE-JOIN GPU mem: 84.6GB free / 85.1GB total | delta_size=652269 full_size=1044622
R4 [P2] iter 2 done: global_full_size=8218263
R3 [P2] iter 2: PRE-JOIN GPU mem: 84.6GB free / 85.1GB total | delta_size=641930 full_size=1027484
R5 [P2] iter 2 done: global_full_size=8218263
R1 [P2] iter 2: PRE-JOIN GPU mem: 84.6GB free / 85.1GB total | delta_size=658786 full_size=1050413
R6 [P2] iter 2 done: global_full_size=8218263
R2 [P2] iter 2: PRE-JOIN GPU mem: 84.6GB free / 85.1GB total | delta_size=636103 full_size=1019386
R7 [P2] iter 2 done: global_full_size=8218263
R4 [P2] iter 2: PRE-JOIN GPU mem: 84.6GB free / 85.1GB total | delta_size=638061 full_size=1021855
R5 [P2] iter 2: PRE-JOIN GPU mem: 84.6GB free / 85.1GB total | delta_size=631697 full_size=1007796
R6 [P2] iter 2: PRE-JOIN GPU mem: 84.6GB free / 85.1GB total | delta_size=643290 full_size=1026517
R7 [P2] iter 2: PRE-JOIN GPU mem: 84.6GB free / 85.1GB total | delta_size=640447 full_size=1020190
R0 [P2] iter 2: join done, raw=3941894 result_size=3010632
R1 [P2] iter 2: join done, raw=4003219 result_size=3077731
R2 [P2] iter 2: join done, raw=3970337 result_size=3035388
R3 [P2] iter 2: join done, raw=3957266 result_size=3031359
R4 [P2] iter 2: join done, raw=3964112 result_size=2988961
R6 [P2] iter 2: join done, raw=3990213 result_size=3030544
R5 [P2] iter 2: join done, raw=3878010 result_size=2985487
R7 [P2] iter 2: join done, raw=3873686 result_size=2984162
R6 [P2] iter 2: split done, delta_size=3005944
R7 [P2] iter 2: split done, delta_size=2993199
R4 [P2] iter 2: split done, delta_size=3013116
R5 [P2] iter 2: split done, delta_size=2949340
R1 [P2] iter 2: split done, delta_size=3118015
R2 [P2] iter 2: split done, delta_size=2961874
R6 [P2] iter 2: dedup done, delta_size=1340355
R0 [P2] iter 2: split done, delta_size=3083361
R7 [P2] iter 2: dedup done, delta_size=1340076
R6 [P2] iter 2: subtract done, delta_size=1001150
R7 [P2] iter 2: subtract done, delta_size=1005467
R5 [P2] iter 2: dedup done, delta_size=1324291
R3 [P2] iter 2: split done, delta_size=3019415
R4 [P2] iter 2: dedup done, delta_size=1337559
R4 [P2] iter 2: subtract done, delta_size=1001538
R5 [P2] iter 2: subtract done, delta_size=993911
R6 [P2] iter 2: merge done, full_size=2027667
R7 [P2] iter 2: merge done, full_size=2025657
R4 [P2] iter 2: merge done, full_size=2023393
R5 [P2] iter 2: merge done, full_size=2001707
R1 [P2] iter 2: dedup done, delta_size=1381423
R1 [P2] iter 2: subtract done, delta_size=1032758
R2 [P2] iter 2: dedup done, delta_size=1327567
R2 [P2] iter 2: subtract done, delta_size=992983
R0 [P2] iter 2: dedup done, delta_size=1366436
R0 [P2] iter 2: subtract done, delta_size=1019921
R1 [P2] iter 2: merge done, full_size=2083171
R2 [P2] iter 2: merge done, full_size=2012369
R0 [P2] iter 2: merge done, full_size=2064543
R3 [P2] iter 2: dedup done, delta_size=1347657
R3 [P2] iter 2: subtract done, delta_size=1009249
R3 [P2] iter 2: merge done, full_size=2036733
R0 [P2] iter 3 done: global_full_size=16275240
R4 [P2] iter 3 done: global_full_size=16275240
R1 [P2] iter 3 done: global_full_size=16275240
R5 [P2] iter 3 done: global_full_size=16275240
R2 [P2] iter 3 done: global_full_size=16275240
R6 [P2] iter 3 done: global_full_size=16275240
R3 [P2] iter 3 done: global_full_size=16275240
R3 [P2] iter 3: PRE-JOIN GPU mem: 84.6GB free / 85.1GB total | delta_size=1009249 full_size=2036733
R7 [P2] iter 3 done: global_full_size=16275240
R7 [P2] iter 3: PRE-JOIN GPU mem: 84.6GB free / 85.1GB total | delta_size=1005467 full_size=2025657
R0 [P2] iter 3: PRE-JOIN GPU mem: 84.6GB free / 85.1GB total | delta_size=1019921 full_size=2064543
R4 [P2] iter 3: PRE-JOIN GPU mem: 84.6GB free / 85.1GB total | delta_size=1001538 full_size=2023393
R1 [P2] iter 3: PRE-JOIN GPU mem: 84.6GB free / 85.1GB total | delta_size=1032758 full_size=2083171
R5 [P2] iter 3: PRE-JOIN GPU mem: 84.6GB free / 85.1GB total | delta_size=993911 full_size=2001707
R2 [P2] iter 3: PRE-JOIN GPU mem: 84.6GB free / 85.1GB total | delta_size=992983 full_size=2012369
R6 [P2] iter 3: PRE-JOIN GPU mem: 84.6GB free / 85.1GB total | delta_size=1001150 full_size=2027667
R0 [P2] iter 3: join done, raw=5747755 result_size=4458368
R1 [P2] iter 3: join done, raw=5876911 result_size=4550385
R2 [P2] iter 3: join done, raw=5797370 result_size=4476577
R3 [P2] iter 3: join done, raw=5794680 result_size=4484404
R5 [P2] iter 3: join done, raw=5685336 result_size=4424568
R6 [P2] iter 3: join done, raw=5745019 result_size=4466089
R7 [P2] iter 3: join done, raw=5657702 result_size=4418048
R4 [P2] iter 3: join done, raw=5793644 result_size=4447806
R3 [P2] iter 3: split done, delta_size=4467428
R7 [P2] iter 3: split done, delta_size=4391105
R6 [P2] iter 3: split done, delta_size=4439206
R5 [P2] iter 3: split done, delta_size=4392678
R4 [P2] iter 3: split done, delta_size=4454917
R2 [P2] iter 3: split done, delta_size=4393343
R1 [P2] iter 3: split done, delta_size=4611232
R0 [P2] iter 3: split done, delta_size=4576336
R7 [P2] iter 3: dedup done, delta_size=1949113
R6 [P2] iter 3: dedup done, delta_size=1956152
R7 [P2] iter 3: subtract done, delta_size=1322802
R7 [P2] iter 3: merge done, full_size=3348459
R6 [P2] iter 3: subtract done, delta_size=1325513
R5 [P2] iter 3: dedup done, delta_size=1943944
R4 [P2] iter 3: dedup done, delta_size=1956677
R5 [P2] iter 3: subtract done, delta_size=1318937
R6 [P2] iter 3: merge done, full_size=3353180
R4 [P2] iter 3: subtract done, delta_size=1324568
R5 [P2] iter 3: merge done, full_size=3320644
R4 [P2] iter 3: merge done, full_size=3347961
R3 [P2] iter 3: dedup done, delta_size=1972760
R1 [P2] iter 3: dedup done, delta_size=2018957
R0 [P2] iter 3: dedup done, delta_size=1999239
R1 [P2] iter 3: subtract done, delta_size=1364049
R0 [P2] iter 3: subtract done, delta_size=1352864
R3 [P2] iter 3: subtract done, delta_size=1335920
R1 [P2] iter 3: merge done, full_size=3447220
R0 [P2] iter 3: merge done, full_size=3417407
R2 [P2] iter 3: dedup done, delta_size=1940050
R2 [P2] iter 3: subtract done, delta_size=1313938
R2 [P2] iter 3: merge done, full_size=3326307
R3 [P2] iter 3: merge done, full_size=3372653
R0 [P2] iter 4 done: global_full_size=26933831
R1 [P2] iter 4 done: global_full_size=26933831
R2 [P2] iter 4 done: global_full_size=26933831
R4 [P2] iter 4 done: global_full_size=26933831
R3 [P2] iter 4 done: global_full_size=26933831
R5 [P2] iter 4 done: global_full_size=26933831
R0 [P2] iter 4: PRE-JOIN GPU mem: 84.6GB free / 85.1GB total | delta_size=1352864 full_size=3417407
R6 [P2] iter 4 done: global_full_size=26933831
R3 [P2] iter 4: PRE-JOIN GPU mem: 84.6GB free / 85.1GB total | delta_size=1335920 full_size=3372653
R7 [P2] iter 4 done: global_full_size=26933831
R1 [P2] iter 4: PRE-JOIN GPU mem: 84.6GB free / 85.1GB total | delta_size=1364049 full_size=3447220
R2 [P2] iter 4: PRE-JOIN GPU mem: 84.6GB free / 85.1GB total | delta_size=1313938 full_size=3326307
R4 [P2] iter 4: PRE-JOIN GPU mem: 84.6GB free / 85.1GB total | delta_size=1324568 full_size=3347961
R5 [P2] iter 4: PRE-JOIN GPU mem: 84.6GB free / 85.1GB total | delta_size=1318937 full_size=3320644
R6 [P2] iter 4: PRE-JOIN GPU mem: 84.6GB free / 85.1GB total | delta_size=1325513 full_size=3353180
R7 [P2] iter 4: PRE-JOIN GPU mem: 84.6GB free / 85.1GB total | delta_size=1322802 full_size=3348459
R0 [P2] iter 4: join done, raw=7224660 result_size=5702631
R1 [P2] iter 4: join done, raw=7379369 result_size=5772482
R2 [P2] iter 4: join done, raw=7289586 result_size=5687151
R3 [P2] iter 4: join done, raw=7249421 result_size=5680883
R6 [P2] iter 4: join done, raw=7192821 result_size=5676056
R5 [P2] iter 4: join done, raw=7113949 result_size=5631080
R7 [P2] iter 4: join done, raw=7060356 result_size=5597839
R4 [P2] iter 4: join done, raw=7272182 result_size=5675662
R1 [P2] iter 4: split done, delta_size=5822706
R3 [P2] iter 4: split done, delta_size=5690909
R6 [P2] iter 4: split done, delta_size=5628945
R5 [P2] iter 4: split done, delta_size=5606645
R7 [P2] iter 4: split done, delta_size=5603544
R2 [P2] iter 4: split done, delta_size=5600054
R4 [P2] iter 4: split done, delta_size=5664612
R0 [P2] iter 4: split done, delta_size=5806369
R1 [P2] iter 4: dedup done, delta_size=2576511
R1 [P2] iter 4: subtract done, delta_size=1643363
R1 [P2] iter 4: merge done, full_size=5090583
R3 [P2] iter 4: dedup done, delta_size=2533602
R3 [P2] iter 4: subtract done, delta_size=1618837
R3 [P2] iter 4: merge done, full_size=4991490
R6 [P2] iter 4: dedup done, delta_size=2504569
R0 [P2] iter 4: dedup done, delta_size=2558551
R2 [P2] iter 4: dedup done, delta_size=2483110
R0 [P2] iter 4: subtract done, delta_size=1629163
R2 [P2] iter 4: subtract done, delta_size=1583575
R5 [P2] iter 4: dedup done, delta_size=2498887
R4 [P2] iter 4: dedup done, delta_size=2508909
R2 [P2] iter 4: merge done, full_size=4909882
R0 [P2] iter 4: merge done, full_size=5046570
R7 [P2] iter 4: dedup done, delta_size=2505168
R6 [P2] iter 4: subtract done, delta_size=1599289
R5 [P2] iter 4: subtract done, delta_size=1598667
R4 [P2] iter 4: subtract done, delta_size=1602247
R7 [P2] iter 4: subtract done, delta_size=1605796
R5 [P2] iter 4: merge done, full_size=4919311
R6 [P2] iter 4: merge done, full_size=4952469
R4 [P2] iter 4: merge done, full_size=4950208
R7 [P2] iter 4: merge done, full_size=4954255
R0 [P2] iter 5 done: global_full_size=39814768
R4 [P2] iter 5 done: global_full_size=39814768
R1 [P2] iter 5 done: global_full_size=39814768
R5 [P2] iter 5 done: global_full_size=39814768
R2 [P2] iter 5 done: global_full_size=39814768
R6 [P2] iter 5 done: global_full_size=39814768
R3 [P2] iter 5 done: global_full_size=39814768
R7 [P2] iter 5 done: global_full_size=39814768
R1 [P2] iter 5: PRE-JOIN GPU mem: 84.6GB free / 85.1GB total | delta_size=1643363 full_size=5090583
R4 [P2] iter 5: PRE-JOIN GPU mem: 84.6GB free / 85.1GB total | delta_size=1602247 full_size=4950208
R0 [P2] iter 5: PRE-JOIN GPU mem: 84.6GB free / 85.1GB total | delta_size=1629163 full_size=5046570
R5 [P2] iter 5: PRE-JOIN GPU mem: 84.6GB free / 85.1GB total | delta_size=1598667 full_size=4919311
R2 [P2] iter 5: PRE-JOIN GPU mem: 84.6GB free / 85.1GB total | delta_size=1583575 full_size=4909882
R6 [P2] iter 5: PRE-JOIN GPU mem: 84.6GB free / 85.1GB total | delta_size=1599289 full_size=4952469
R3 [P2] iter 5: PRE-JOIN GPU mem: 84.6GB free / 85.1GB total | delta_size=1618837 full_size=4991490
R7 [P2] iter 5: PRE-JOIN GPU mem: 84.5GB free / 85.1GB total | delta_size=1605796 full_size=4954255
R0 [P2] iter 5: join done, raw=8379448 result_size=6688465
R1 [P2] iter 5: join done, raw=8598365 result_size=6770934
R2 [P2] iter 5: join done, raw=8424333 result_size=6638923
R3 [P2] iter 5: join done, raw=8427061 result_size=6670467
R6 [P2] iter 5: join done, raw=8282486 result_size=6618732
R4 [P2] iter 5: join done, raw=8385403 result_size=6634232
R7 [P2] iter 5: join done, raw=8259954 result_size=6599830
R5 [P2] iter 5: join done, raw=8317586 result_size=6616778
R5 [P2] iter 5: split done, delta_size=6582695
R3 [P2] iter 5: split done, delta_size=6683097
R6 [P2] iter 5: split done, delta_size=6583912
R1 [P2] iter 5: split done, delta_size=6789518
R4 [P2] iter 5: split done, delta_size=6634473
R7 [P2] iter 5: split done, delta_size=6585069
R0 [P2] iter 5: split done, delta_size=6799778
R2 [P2] iter 5: split done, delta_size=6579819
R3 [P2] iter 5: dedup done, delta_size=3003269
R1 [P2] iter 5: dedup done, delta_size=3037911
R3 [P2] iter 5: subtract done, delta_size=1863066
R1 [P2] iter 5: subtract done, delta_size=1876817
R5 [P2] iter 5: dedup done, delta_size=2963228
R0 [P2] iter 5: dedup done, delta_size=3032109
R0 [P2] iter 5: subtract done, delta_size=1876381
R1 [P2] iter 5: merge done, full_size=6967400
R0 [P2] iter 5: merge done, full_size=6922951
R5 [P2] iter 5: subtract done, delta_size=1836708
R6 [P2] iter 5: dedup done, delta_size=2960835
R3 [P2] iter 5: merge done, full_size=6854556
R2 [P2] iter 5: dedup done, delta_size=2942896
R2 [P2] iter 5: subtract done, delta_size=1815976
R4 [P2] iter 5: dedup done, delta_size=2978667
R2 [P2] iter 5: merge done, full_size=6725858
R7 [P2] iter 5: dedup done, delta_size=2971881
R6 [P2] iter 5: subtract done, delta_size=1836983
R4 [P2] iter 5: subtract done, delta_size=1849478
R7 [P2] iter 5: subtract done, delta_size=1844494
R5 [P2] iter 5: merge done, full_size=6756019
R6 [P2] iter 5: merge done, full_size=6789452
R7 [P2] iter 5: merge done, full_size=6798749
R4 [P2] iter 5: merge done, full_size=6799686
R0 [P2] iter 6 done: global_full_size=54614671
R1 [P2] iter 6 done: global_full_size=54614671
R2 [P2] iter 6 done: global_full_size=54614671
R4 [P2] iter 6 done: global_full_size=54614671
R3 [P2] iter 6 done: global_full_size=54614671
R5 [P2] iter 6 done: global_full_size=54614671
R6 [P2] iter 6 done: global_full_size=54614671
R7 [P2] iter 6 done: global_full_size=54614671
R0 [P2] iter 6: PRE-JOIN GPU mem: 84.5GB free / 85.1GB total | delta_size=1876381 full_size=6922951
R4 [P2] iter 6: PRE-JOIN GPU mem: 84.5GB free / 85.1GB total | delta_size=1849478 full_size=6799686
R1 [P2] iter 6: PRE-JOIN GPU mem: 84.5GB free / 85.1GB total | delta_size=1876817 full_size=6967400
R5 [P2] iter 6: PRE-JOIN GPU mem: 84.5GB free / 85.1GB total | delta_size=1836708 full_size=6756019
R2 [P2] iter 6: PRE-JOIN GPU mem: 84.5GB free / 85.1GB total | delta_size=1815976 full_size=6725858
R6 [P2] iter 6: PRE-JOIN GPU mem: 84.5GB free / 85.1GB total | delta_size=1836983 full_size=6789452
R3 [P2] iter 6: PRE-JOIN GPU mem: 84.5GB free / 85.1GB total | delta_size=1863066 full_size=6854556
R7 [P2] iter 6: PRE-JOIN GPU mem: 84.5GB free / 85.1GB total | delta_size=1844494 full_size=6798749
R4 [P2] iter 6: join done, raw=9391304 result_size=7496717
R7 [P2] iter 6: join done, raw=9234046 result_size=7433943
R6 [P2] iter 6: join done, raw=9201009 result_size=7430449
R5 [P2] iter 6: join done, raw=9323812 result_size=7467222
R1 [P2] iter 6: join done, raw=9547232 result_size=7600434
R0 [P2] iter 6: join done, raw=9427125 result_size=7558260
R2 [P2] iter 6: join done, raw=9386836 result_size=7472480
R3 [P2] iter 6: join done, raw=9380365 result_size=7495013
R3 [P2] iter 6: split done, delta_size=7541268
R6 [P2] iter 6: split done, delta_size=7402686
R2 [P2] iter 6: split done, delta_size=7401396
R7 [P2] iter 6: split done, delta_size=7403112
R0 [P2] iter 6: split done, delta_size=7650950
R1 [P2] iter 6: split done, delta_size=7641899
R5 [P2] iter 6: split done, delta_size=7421843
R4 [P2] iter 6: split done, delta_size=7491364
R3 [P2] iter 6: dedup done, delta_size=3420516
R3 [P2] iter 6: subtract done, delta_size=2094914
R6 [P2] iter 6: dedup done, delta_size=3358791
R6 [P2] iter 6: subtract done, delta_size=2058284
R7 [P2] iter 6: dedup done, delta_size=3365029
R3 [P2] iter 6: merge done, full_size=8949470
R1 [P2] iter 6: dedup done, delta_size=3450181
R5 [P2] iter 6: dedup done, delta_size=3365698
R2 [P2] iter 6: dedup done, delta_size=3344062
R0 [P2] iter 6: dedup done, delta_size=3443836
R1 [P2] iter 6: subtract done, delta_size=2102764
R2 [P2] iter 6: subtract done, delta_size=2035783
R0 [P2] iter 6: subtract done, delta_size=2095292
R6 [P2] iter 6: merge done, full_size=8847736
R7 [P2] iter 6: subtract done, delta_size=2059266
R5 [P2] iter 6: subtract done, delta_size=2054504
R2 [P2] iter 6: merge done, full_size=8761641
R1 [P2] iter 6: merge done, full_size=9070164
R0 [P2] iter 6: merge done, full_size=9018243
R4 [P2] iter 6: dedup done, delta_size=3390625
R7 [P2] iter 6: merge done, full_size=8858015
R5 [P2] iter 6: merge done, full_size=8810523
R4 [P2] iter 6: subtract done, delta_size=2077364
R4 [P2] iter 6: merge done, full_size=8877050
R0 [P2] iter 7 done: global_full_size=71192842
R4 [P2] iter 7 done: global_full_size=71192842
R1 [P2] iter 7 done: global_full_size=71192842
R5 [P2] iter 7 done: global_full_size=71192842
R2 [P2] iter 7 done: global_full_size=71192842
R6 [P2] iter 7 done: global_full_size=71192842
R3 [P2] iter 7 done: global_full_size=71192842
R7 [P2] iter 7 done: global_full_size=71192842
R0 [P2] iter 7: PRE-JOIN GPU mem: 84.5GB free / 85.1GB total | delta_size=2095292 full_size=9018243
R4 [P2] iter 7: PRE-JOIN GPU mem: 84.5GB free / 85.1GB total | delta_size=2077364 full_size=8877050
R1 [P2] iter 7: PRE-JOIN GPU mem: 84.5GB free / 85.1GB total | delta_size=2102764 full_size=9070164
R5 [P2] iter 7: PRE-JOIN GPU mem: 84.5GB free / 85.1GB total | delta_size=2054504 full_size=8810523
R2 [P2] iter 7: PRE-JOIN GPU mem: 84.5GB free / 85.1GB total | delta_size=2035783 full_size=8761641
R6 [P2] iter 7: PRE-JOIN GPU mem: 84.5GB free / 85.1GB total | delta_size=2058284 full_size=8847736
R3 [P2] iter 7: PRE-JOIN GPU mem: 84.5GB free / 85.1GB total | delta_size=2094914 full_size=8949470
R7 [P2] iter 7: PRE-JOIN GPU mem: 84.5GB free / 85.1GB total | delta_size=2059266 full_size=8858015
R0 [P2] iter 7: join done, raw=10314597 result_size=8319180
R1 [P2] iter 7: join done, raw=10507524 result_size=8419120
R2 [P2] iter 7: join done, raw=10300251 result_size=8229837
R4 [P2] iter 7: join done, raw=10355088 result_size=8297672
R3 [P2] iter 7: join done, raw=10366347 result_size=8289675
R5 [P2] iter 7: join done, raw=10278159 result_size=8250118
R7 [P2] iter 7: join done, raw=10078632 result_size=8167721
R6 [P2] iter 7: join done, raw=10115253 result_size=8203408
R3 [P2] iter 7: split done, delta_size=8339374
R6 [P2] iter 7: split done, delta_size=8187487
R7 [P2] iter 7: split done, delta_size=8179248
R1 [P2] iter 7: split done, delta_size=8430490
R2 [P2] iter 7: split done, delta_size=8190034
R0 [P2] iter 7: split done, delta_size=8393860
R5 [P2] iter 7: split done, delta_size=8178912
R4 [P2] iter 7: split done, delta_size=8277326
R6 [P2] iter 7: dedup done, delta_size=3727070
R7 [P2] iter 7: dedup done, delta_size=3733467
R1 [P2] iter 7: dedup done, delta_size=3828457
R0 [P2] iter 7: dedup done, delta_size=3805407
R1 [P2] iter 7: subtract done, delta_size=2310551
R0 [P2] iter 7: subtract done, delta_size=2286498
R6 [P2] iter 7: subtract done, delta_size=2259150
R7 [P2] iter 7: subtract done, delta_size=2266994
R6 [P2] iter 7: merge done, full_size=11106886
R7 [P2] iter 7: merge done, full_size=11125009
R4 [P2] iter 7: dedup done, delta_size=3758562
R5 [P2] iter 7: dedup done, delta_size=3729041
R4 [P2] iter 7: subtract done, delta_size=2272404
R5 [P2] iter 7: subtract done, delta_size=2252616
R4 [P2] iter 7: merge done, full_size=11149454
R5 [P2] iter 7: merge done, full_size=11063139
R2 [P2] iter 7: dedup done, delta_size=3716242
R3 [P2] iter 7: dedup done, delta_size=3796761
R2 [P2] iter 7: subtract done, delta_size=2240419
R1 [P2] iter 7: merge done, full_size=11380715
R0 [P2] iter 7: merge done, full_size=11304741
R2 [P2] iter 7: merge done, full_size=11002060
R3 [P2] iter 7: subtract done, delta_size=2304147
R3 [P2] iter 7: merge done, full_size=11253617
R0 [P2] iter 8 done: global_full_size=89385621
R1 [P2] iter 8 done: global_full_size=89385621
R4 [P2] iter 8 done: global_full_size=89385621
R2 [P2] iter 8 done: global_full_size=89385621
R5 [P2] iter 8 done: global_full_size=89385621
R3 [P2] iter 8 done: global_full_size=89385621
R6 [P2] iter 8 done: global_full_size=89385621
R0 [P2] iter 8: PRE-JOIN GPU mem: 84.5GB free / 85.1GB total | delta_size=2286498 full_size=11304741
R7 [P2] iter 8 done: global_full_size=89385621
R7 [P2] iter 8: PRE-JOIN GPU mem: 84.5GB free / 85.1GB total | delta_size=2266994 full_size=11125009
R1 [P2] iter 8: PRE-JOIN GPU mem: 84.5GB free / 85.1GB total | delta_size=2310551 full_size=11380715
R4 [P2] iter 8: PRE-JOIN GPU mem: 84.5GB free / 85.1GB total | delta_size=2272404 full_size=11149454
R2 [P2] iter 8: PRE-JOIN GPU mem: 84.5GB free / 85.1GB total | delta_size=2240419 full_size=11002060
R5 [P2] iter 8: PRE-JOIN GPU mem: 84.5GB free / 85.1GB total | delta_size=2252616 full_size=11063139
R3 [P2] iter 8: PRE-JOIN GPU mem: 84.5GB free / 85.1GB total | delta_size=2304147 full_size=11253617
R6 [P2] iter 8: PRE-JOIN GPU mem: 84.5GB free / 85.1GB total | delta_size=2259150 full_size=11106886
R7 [P2] iter 8: join done, raw=10950846 result_size=8884900
R5 [P2] iter 8: join done, raw=11120885 result_size=8969624
R6 [P2] iter 8: join done, raw=10966205 result_size=8913547
R4 [P2] iter 8: join done, raw=11225643 result_size=9011372
R1 [P2] iter 8: join done, raw=11450608 result_size=9172774
R0 [P2] iter 8: join done, raw=11101765 result_size=8993905
R2 [P2] iter 8: join done, raw=11143351 result_size=8936090
R3 [P2] iter 8: join done, raw=11287635 result_size=9030094
R2 [P2] iter 8: split done, delta_size=8891264
R3 [P2] iter 8: split done, delta_size=9053223
R6 [P2] iter 8: split done, delta_size=8928775
R0 [P2] iter 8: split done, delta_size=9112231
R1 [P2] iter 8: split done, delta_size=9138074
R7 [P2] iter 8: split done, delta_size=8876753
R5 [P2] iter 8: split done, delta_size=8903697
R2 [P2] iter 8: dedup done, delta_size=4042989
R3 [P2] iter 8: dedup done, delta_size=4132098
R2 [P2] iter 8: subtract done, delta_size=2409041
R2 [P2] iter 8: merge done, full_size=13411101
R3 [P2] iter 8: subtract done, delta_size=2484560
R0 [P2] iter 8: dedup done, delta_size=4144772
R1 [P2] iter 8: dedup done, delta_size=4160165
R0 [P2] iter 8: subtract done, delta_size=2469886
R1 [P2] iter 8: subtract done, delta_size=2486369
R3 [P2] iter 8: merge done, full_size=13738177
R0 [P2] iter 8: merge done, full_size=13774627
R1 [P2] iter 8: merge done, full_size=13867084
R4 [P2] iter 8: split done, delta_size=9008289
R6 [P2] iter 8: dedup done, delta_size=4068358
R6 [P2] iter 8: subtract done, delta_size=2442746
R5 [P2] iter 8: dedup done, delta_size=4065835
R7 [P2] iter 8: dedup done, delta_size=4074864
R4 [P2] iter 8: dedup done, delta_size=4092518
R6 [P2] iter 8: merge done, full_size=13549632
R7 [P2] iter 8: subtract done, delta_size=2459312
R5 [P2] iter 8: subtract done, delta_size=2439443
R4 [P2] iter 8: subtract done, delta_size=2448168
R5 [P2] iter 8: merge done, full_size=13502582
R4 [P2] iter 8: merge done, full_size=13597622
R7 [P2] iter 8: merge done, full_size=13584321
R0 [P2] iter 9 done: global_full_size=109025146
R4 [P2] iter 9 done: global_full_size=109025146
R1 [P2] iter 9 done: global_full_size=109025146
R5 [P2] iter 9 done: global_full_size=109025146
R2 [P2] iter 9 done: global_full_size=109025146
R6 [P2] iter 9 done: global_full_size=109025146
R6 [P2] iter 9: PRE-JOIN GPU mem: 84.5GB free / 85.1GB total | delta_size=2442746 full_size=13549632
R3 [P2] iter 9 done: global_full_size=109025146
R7 [P2] iter 9 done: global_full_size=109025146
R7 [P2] iter 9: PRE-JOIN GPU mem: 84.5GB free / 85.1GB total | delta_size=2459312 full_size=13584321
R1 [P2] iter 9: PRE-JOIN GPU mem: 84.5GB free / 85.1GB total | delta_size=2486369 full_size=13867084
R4 [P2] iter 9: PRE-JOIN GPU mem: 84.5GB free / 85.1GB total | delta_size=2448168 full_size=13597622
R3 [P2] iter 9: PRE-JOIN GPU mem: 84.5GB free / 85.1GB total | delta_size=2484560 full_size=13738177
R5 [P2] iter 9: PRE-JOIN GPU mem: 84.5GB free / 85.1GB total | delta_size=2439443 full_size=13502582
R0 [P2] iter 9: PRE-JOIN GPU mem: 84.5GB free / 85.1GB total | delta_size=2469886 full_size=13774627
R2 [P2] iter 9: PRE-JOIN GPU mem: 84.5GB free / 85.1GB total | delta_size=2409041 full_size=13411101
R7 [P2] iter 9: join done, raw=11802840 result_size=9574448
R5 [P2] iter 9: join done, raw=11896168 result_size=9609197
R6 [P2] iter 9: join done, raw=11758365 result_size=9558882
R4 [P2] iter 9: join done, raw=12011218 result_size=9630500
R1 [P2] iter 9: join done, raw=12208398 result_size=9797245
R2 [P2] iter 9: join done, raw=11898010 result_size=9543799
R0 [P2] iter 9: join done, raw=11900082 result_size=9655372
R3 [P2] iter 9: join done, raw=12122357 result_size=9679383
R2 [P2] iter 9: split done, delta_size=9526626
R3 [P2] iter 9: split done, delta_size=9711050
R5 [P2] iter 9: split done, delta_size=9553582
R1 [P2] iter 9: split done, delta_size=9757633
R0 [P2] iter 9: split done, delta_size=9786559
R4 [P2] iter 9: split done, delta_size=9627075
R7 [P2] iter 9: split done, delta_size=9519154
R6 [P2] iter 9: split done, delta_size=9567147
R2 [P2] iter 9: dedup done, delta_size=4344862
R3 [P2] iter 9: dedup done, delta_size=4438948
R2 [P2] iter 9: subtract done, delta_size=2573528
R3 [P2] iter 9: subtract done, delta_size=2643114
R2 [P2] iter 9: merge done, full_size=15984629
R1 [P2] iter 9: dedup done, delta_size=4455323
R0 [P2] iter 9: dedup done, delta_size=4458346
R3 [P2] iter 9: merge done, full_size=16381291
R1 [P2] iter 9: subtract done, delta_size=2637086
R0 [P2] iter 9: subtract done, delta_size=2642773
R1 [P2] iter 9: merge done, full_size=16504170
R0 [P2] iter 9: merge done, full_size=16417400
R4 [P2] iter 9: dedup done, delta_size=4389266
R6 [P2] iter 9: dedup done, delta_size=4374001
R5 [P2] iter 9: dedup done, delta_size=4373368
R4 [P2] iter 9: subtract done, delta_size=2612110
R7 [P2] iter 9: dedup done, delta_size=4376117
R6 [P2] iter 9: subtract done, delta_size=2605148
R5 [P2] iter 9: subtract done, delta_size=2601353
R7 [P2] iter 9: subtract done, delta_size=2624508
R4 [P2] iter 9: merge done, full_size=16209732
R6 [P2] iter 9: merge done, full_size=16154780
R5 [P2] iter 9: merge done, full_size=16103935
R7 [P2] iter 9: merge done, full_size=16208829
R0 [P2] iter 10 done: global_full_size=129964766
R4 [P2] iter 10 done: global_full_size=129964766
R1 [P2] iter 10 done: global_full_size=129964766
R5 [P2] iter 10 done: global_full_size=129964766
R2 [P2] iter 10 done: global_full_size=129964766
R6 [P2] iter 10 done: global_full_size=129964766
R3 [P2] iter 10 done: global_full_size=129964766
R7 [P2] iter 10 done: global_full_size=129964766
R7 [P2] iter 10: PRE-JOIN GPU mem: 84.4GB free / 85.1GB total | delta_size=2624508 full_size=16208829
R0 [P2] iter 10: PRE-JOIN GPU mem: 84.4GB free / 85.1GB total | delta_size=2642773 full_size=16417400
R5 [P2] iter 10: PRE-JOIN GPU mem: 84.4GB free / 85.1GB total | delta_size=2601353 full_size=16103935
R1 [P2] iter 10: PRE-JOIN GPU mem: 84.4GB free / 85.1GB total | delta_size=2637086 full_size=16504170
R6 [P2] iter 10: PRE-JOIN GPU mem: 84.4GB free / 85.1GB total | delta_size=2605148 full_size=16154780
R2 [P2] iter 10: PRE-JOIN GPU mem: 84.4GB free / 85.1GB total | delta_size=2573528 full_size=15984629
R4 [P2] iter 10: PRE-JOIN GPU mem: 84.4GB free / 85.1GB total | delta_size=2612110 full_size=16209732
R3 [P2] iter 10: PRE-JOIN GPU mem: 84.4GB free / 85.1GB total | delta_size=2643114 full_size=16381291
R7 [P2] iter 10: join done, raw=12535526 result_size=10161492
R6 [P2] iter 10: join done, raw=12524722 result_size=10164143
R4 [P2] iter 10: join done, raw=12710885 result_size=10222417
R5 [P2] iter 10: join done, raw=12629981 result_size=10198384
R0 [P2] iter 10: join done, raw=12647909 result_size=10265043
R1 [P2] iter 10: join done, raw=12853203 result_size=10323764
R3 [P2] iter 10: join done, raw=12808670 result_size=10236455
R2 [P2] iter 10: join done, raw=12598650 result_size=10136197
R5 [P2] iter 10: split done, delta_size=10134807
R2 [P2] iter 10: split done, delta_size=10114987
R4 [P2] iter 10: split done, delta_size=10216146
R3 [P2] iter 10: split done, delta_size=10253688
R6 [P2] iter 10: split done, delta_size=10137440
R7 [P2] iter 10: split done, delta_size=10108086
R0 [P2] iter 10: split done, delta_size=10417076
R1 [P2] iter 10: split done, delta_size=10325665
R5 [P2] iter 10: dedup done, delta_size=4650164
R2 [P2] iter 10: dedup done, delta_size=4623479
R3 [P2] iter 10: dedup done, delta_size=4703793
R5 [P2] iter 10: subtract done, delta_size=2751564
R4 [P2] iter 10: dedup done, delta_size=4674151
R2 [P2] iter 10: subtract done, delta_size=2728353
R3 [P2] iter 10: subtract done, delta_size=2790668
R6 [P2] iter 10: dedup done, delta_size=4647259
R7 [P2] iter 10: dedup done, delta_size=4657434
R2 [P2] iter 10: merge done, full_size=18712982
R4 [P2] iter 10: subtract done, delta_size=2776724
R5 [P2] iter 10: merge done, full_size=18855499
R0 [P2] iter 10: dedup done, delta_size=4751434
R3 [P2] iter 10: merge done, full_size=19171959
R6 [P2] iter 10: subtract done, delta_size=2761154
R1 [P2] iter 10: dedup done, delta_size=4727967
R7 [P2] iter 10: subtract done, delta_size=2785962
R0 [P2] iter 10: subtract done, delta_size=2807660
R1 [P2] iter 10: subtract done, delta_size=2793419
R4 [P2] iter 10: merge done, full_size=18986456
R0 [P2] iter 10: merge done, full_size=19225060
R1 [P2] iter 10: merge done, full_size=19297589
R7 [P2] iter 10: merge done, full_size=18994791
R6 [P2] iter 10: merge done, full_size=18915934
R0 [P2] iter 11 done: global_full_size=152160270
R4 [P2] iter 11 done: global_full_size=152160270
R1 [P2] iter 11 done: global_full_size=152160270
R5 [P2] iter 11 done: global_full_size=152160270
R2 [P2] iter 11 done: global_full_size=152160270
R6 [P2] iter 11 done: global_full_size=152160270
R3 [P2] iter 11 done: global_full_size=152160270
R7 [P2] iter 11 done: global_full_size=152160270
R1 [P2] iter 11: PRE-JOIN GPU mem: 84.4GB free / 85.1GB total | delta_size=2793419 full_size=19297589
R0 [P2] iter 11: PRE-JOIN GPU mem: 84.4GB free / 85.1GB total | delta_size=2807660 full_size=19225060
R2 [P2] iter 11: PRE-JOIN GPU mem: 84.4GB free / 85.1GB total | delta_size=2728353 full_size=18712982
R3 [P2] iter 11: PRE-JOIN GPU mem: 84.4GB free / 85.1GB total | delta_size=2790668 full_size=19171959
R4 [P2] iter 11: PRE-JOIN GPU mem: 84.4GB free / 85.1GB total | delta_size=2776724 full_size=18986456
R5 [P2] iter 11: PRE-JOIN GPU mem: 84.4GB free / 85.1GB total | delta_size=2751564 full_size=18855499
R6 [P2] iter 11: PRE-JOIN GPU mem: 84.4GB free / 85.1GB total | delta_size=2761154 full_size=18915934
R7 [P2] iter 11: PRE-JOIN GPU mem: 84.4GB free / 85.1GB total | delta_size=2785962 full_size=18994791
R0 [P2] iter 11: join done, raw=13411122 result_size=10884700
R1 [P2] iter 11: join done, raw=13599627 result_size=10911801
R2 [P2] iter 11: join done, raw=13251333 result_size=10675730
R3 [P2] iter 11: join done, raw=13493493 result_size=10789859
R6 [P2] iter 11: join done, raw=13262642 result_size=10751130
R5 [P2] iter 11: join done, raw=13303061 result_size=10741757
R4 [P2] iter 11: join done, raw=13486042 result_size=10823073
R7 [P2] iter 11: join done, raw=13308552 result_size=10784691
R7 [P2] iter 11: split done, delta_size=10663983
R6 [P2] iter 11: split done, delta_size=10702352
R5 [P2] iter 11: split done, delta_size=10747550
R4 [P2] iter 11: split done, delta_size=10822686
R0 [P2] iter 11: split done, delta_size=11077616
R1 [P2] iter 11: split done, delta_size=10916781
R3 [P2] iter 11: split done, delta_size=10765676
R2 [P2] iter 11: split done, delta_size=10666097
R7 [P2] iter 11: dedup done, delta_size=4924031
R6 [P2] iter 11: dedup done, delta_size=4912514
R7 [P2] iter 11: subtract done, delta_size=2942680
R6 [P2] iter 11: subtract done, delta_size=2914135
R7 [P2] iter 11: merge done, full_size=21937471
R5 [P2] iter 11: dedup done, delta_size=4920916
R6 [P2] iter 11: merge done, full_size=21830069
R5 [P2] iter 11: subtract done, delta_size=2901910
R4 [P2] iter 11: dedup done, delta_size=4946792
R5 [P2] iter 11: merge done, full_size=21757409
R4 [P2] iter 11: subtract done, delta_size=2932496
R4 [P2] iter 11: merge done, full_size=21918952
R1 [P2] iter 11: dedup done, delta_size=5000290
R1 [P2] iter 11: subtract done, delta_size=2950771
R0 [P2] iter 11: dedup done, delta_size=5049736
R0 [P2] iter 11: subtract done, delta_size=2971765
R3 [P2] iter 11: dedup done, delta_size=4949973
R1 [P2] iter 11: merge done, full_size=22248360
R2 [P2] iter 11: dedup done, delta_size=4873945
R0 [P2] iter 11: merge done, full_size=22196825
R3 [P2] iter 11: subtract done, delta_size=2924004
R2 [P2] iter 11: subtract done, delta_size=2865508
R2 [P2] iter 11: merge done, full_size=21578490
R3 [P2] iter 11: merge done, full_size=22095963
R0 [P2] iter 12 done: global_full_size=175563539
R1 [P2] iter 12 done: global_full_size=175563539
R2 [P2] iter 12 done: global_full_size=175563539
R3 [P2] iter 12 done: global_full_size=175563539
R4 [P2] iter 12 done: global_full_size=175563539
R5 [P2] iter 12 done: global_full_size=175563539
R6 [P2] iter 12 done: global_full_size=175563539
R7 [P2] iter 12 done: global_full_size=175563539
R7 [P2] iter 12: PRE-JOIN GPU mem: 84.4GB free / 85.1GB total | delta_size=2942680 full_size=21937471
R4 [P2] iter 12: PRE-JOIN GPU mem: 84.4GB free / 85.1GB total | delta_size=2932496 full_size=21918952
R5 [P2] iter 12: PRE-JOIN GPU mem: 84.4GB free / 85.1GB total | delta_size=2901910 full_size=21757409
R6 [P2] iter 12: PRE-JOIN GPU mem: 84.4GB free / 85.1GB total | delta_size=2914135 full_size=21830069
R0 [P2] iter 12: PRE-JOIN GPU mem: 84.4GB free / 85.1GB total | delta_size=2971765 full_size=22196825
R1 [P2] iter 12: PRE-JOIN GPU mem: 84.4GB free / 85.1GB total | delta_size=2950771 full_size=22248360
R2 [P2] iter 12: PRE-JOIN GPU mem: 84.4GB free / 85.1GB total | delta_size=2865508 full_size=21578490
R3 [P2] iter 12: PRE-JOIN GPU mem: 84.4GB free / 85.1GB total | delta_size=2924004 full_size=22095963
R0 [P2] iter 12: join done, raw=14159913 result_size=11485293
R1 [P2] iter 12: join done, raw=14288319 result_size=11459172
R2 [P2] iter 12: join done, raw=13869255 result_size=11184932
R3 [P2] iter 12: join done, raw=14038586 result_size=11260822
R7 [P2] iter 12: join done, raw=14077591 result_size=11387579
R6 [P2] iter 12: join done, raw=13968963 result_size=11314704
R5 [P2] iter 12: join done, raw=14007785 result_size=11316151
R4 [P2] iter 12: join done, raw=14198025 result_size=11402623
R3 [P2] iter 12: split done, delta_size=11288124
R1 [P2] iter 12: split done, delta_size=11498031
R2 [P2] iter 12: split done, delta_size=11145431
R0 [P2] iter 12: split done, delta_size=11701232
R5 [P2] iter 12: split done, delta_size=11330869
R7 [P2] iter 12: split done, delta_size=11208402
R6 [P2] iter 12: split done, delta_size=11225363
R4 [P2] iter 12: split done, delta_size=11413824
R1 [P2] iter 12: dedup done, delta_size=5257091
R1 [P2] iter 12: subtract done, delta_size=3075111
R5 [P2] iter 12: dedup done, delta_size=5174602
R7 [P2] iter 12: dedup done, delta_size=5177824
R6 [P2] iter 12: dedup done, delta_size=5142594
R5 [P2] iter 12: subtract done, delta_size=3023250
R4 [P2] iter 12: dedup done, delta_size=5211121
R7 [P2] iter 12: subtract done, delta_size=3074945
R6 [P2] iter 12: subtract done, delta_size=3030570
R4 [P2] iter 12: subtract done, delta_size=3066771
R5 [P2] iter 12: merge done, full_size=24780659
R7 [P2] iter 12: merge done, full_size=25012416
R6 [P2] iter 12: merge done, full_size=24860639
R4 [P2] iter 12: merge done, full_size=24985723
R0 [P2] iter 12: dedup done, delta_size=5316786
R3 [P2] iter 12: dedup done, delta_size=5186868
R0 [P2] iter 12: subtract done, delta_size=3097093
R1 [P2] iter 12: merge done, full_size=25323471
R2 [P2] iter 12: dedup done, delta_size=5102977
R0 [P2] iter 12: merge done, full_size=25293918
R3 [P2] iter 12: subtract done, delta_size=3042997
R2 [P2] iter 12: subtract done, delta_size=2982925
R3 [P2] iter 12: merge done, full_size=25138960
R2 [P2] iter 12: merge done, full_size=24561415
R0 [P2] iter 13 done: global_full_size=199957201
R1 [P2] iter 13 done: global_full_size=199957201
R2 [P2] iter 13 done: global_full_size=199957201
R3 [P2] iter 13 done: global_full_size=199957201
R4 [P2] iter 13 done: global_full_size=199957201
R5 [P2] iter 13 done: global_full_size=199957201
R6 [P2] iter 13 done: global_full_size=199957201
R7 [P2] iter 13 done: global_full_size=199957201
R4 [P2] iter 13: PRE-JOIN GPU mem: 84.3GB free / 85.1GB total | delta_size=3066771 full_size=24985723
R5 [P2] iter 13: PRE-JOIN GPU mem: 84.3GB free / 85.1GB total | delta_size=3023250 full_size=24780659
R6 [P2] iter 13: PRE-JOIN GPU mem: 84.3GB free / 85.1GB total | delta_size=3030570 full_size=24860639
R7 [P2] iter 13: PRE-JOIN GPU mem: 84.3GB free / 85.1GB total | delta_size=3074945 full_size=25012416
R0 [P2] iter 13: PRE-JOIN GPU mem: 84.3GB free / 85.1GB total | delta_size=3097093 full_size=25293918
R1 [P2] iter 13: PRE-JOIN GPU mem: 84.3GB free / 85.1GB total | delta_size=3075111 full_size=25323471
R2 [P2] iter 13: PRE-JOIN GPU mem: 84.4GB free / 85.1GB total | delta_size=2982925 full_size=24561415
R3 [P2] iter 13: PRE-JOIN GPU mem: 84.3GB free / 85.1GB total | delta_size=3042997 full_size=25138960
R6 [P2] iter 13: join done, raw=14421008 result_size=11716155
R5 [P2] iter 13: join done, raw=14525216 result_size=11726963
R7 [P2] iter 13: join done, raw=14565228 result_size=11791738
R4 [P2] iter 13: join done, raw=14772380 result_size=11873937
R0 [P2] iter 13: join done, raw=14658372 result_size=11904766
R1 [P2] iter 13: join done, raw=14739846 result_size=11842409
R3 [P2] iter 13: join done, raw=14490273 result_size=11665208
R2 [P2] iter 13: join done, raw=14387942 result_size=11612193
R2 [P2] iter 13: split done, delta_size=11487426
R1 [P2] iter 13: split done, delta_size=11905144
R5 [P2] iter 13: split done, delta_size=11775522
R4 [P2] iter 13: split done, delta_size=11851773
R7 [P2] iter 13: split done, delta_size=11594027
R6 [P2] iter 13: split done, delta_size=11666546
R0 [P2] iter 13: split done, delta_size=12148127
R3 [P2] iter 13: split done, delta_size=11704804
R2 [P2] iter 13: dedup done, delta_size=5290143
R1 [P2] iter 13: dedup done, delta_size=5461011
R5 [P2] iter 13: dedup done, delta_size=5389986
R1 [P2] iter 13: subtract done, delta_size=3169850
R2 [P2] iter 13: subtract done, delta_size=3069344
R4 [P2] iter 13: dedup done, delta_size=5435013
R5 [P2] iter 13: subtract done, delta_size=3124789
R1 [P2] iter 13: merge done, full_size=28493321
R2 [P2] iter 13: merge done, full_size=27630759
R4 [P2] iter 13: subtract done, delta_size=3165385
R6 [P2] iter 13: dedup done, delta_size=5347396
R7 [P2] iter 13: dedup done, delta_size=5374876
R5 [P2] iter 13: merge done, full_size=27905448
R0 [P2] iter 13: dedup done, delta_size=5535924
R3 [P2] iter 13: dedup done, delta_size=5397811
R4 [P2] iter 13: merge done, full_size=28151108
R6 [P2] iter 13: subtract done, delta_size=3132552
R7 [P2] iter 13: subtract done, delta_size=3165415
R0 [P2] iter 13: subtract done, delta_size=3194606
R3 [P2] iter 13: subtract done, delta_size=3148701
R0 [P2] iter 13: merge done, full_size=28488524
R7 [P2] iter 13: merge done, full_size=28177831
R6 [P2] iter 13: merge done, full_size=27993191
R3 [P2] iter 13: merge done, full_size=28287661
R0 [P2] iter 14 done: global_full_size=225127843
R1 [P2] iter 14 done: global_full_size=225127843
R4 [P2] iter 14 done: global_full_size=225127843
R2 [P2] iter 14 done: global_full_size=225127843
R5 [P2] iter 14 done: global_full_size=225127843
R3 [P2] iter 14 done: global_full_size=225127843
R6 [P2] iter 14 done: global_full_size=225127843
R6 [P2] iter 14: PRE-JOIN GPU mem: 84.3GB free / 85.1GB total | delta_size=3132552 full_size=27993191
R1 [P2] iter 14: PRE-JOIN GPU mem: 84.3GB free / 85.1GB total | delta_size=3169850 full_size=28493321
R7 [P2] iter 14 done: global_full_size=225127843
R7 [P2] iter 14: PRE-JOIN GPU mem: 84.3GB free / 85.1GB total | delta_size=3165415 full_size=28177831
R2 [P2] iter 14: PRE-JOIN GPU mem: 84.3GB free / 85.1GB total | delta_size=3069344 full_size=27630759
R4 [P2] iter 14: PRE-JOIN GPU mem: 84.3GB free / 85.1GB total | delta_size=3165385 full_size=28151108
R0 [P2] iter 14: PRE-JOIN GPU mem: 84.3GB free / 85.1GB total | delta_size=3194606 full_size=28488524
R5 [P2] iter 14: PRE-JOIN GPU mem: 84.3GB free / 85.1GB total | delta_size=3124789 full_size=27905448
R3 [P2] iter 14: PRE-JOIN GPU mem: 84.3GB free / 85.1GB total | delta_size=3148701 full_size=28287661
R1 [P2] iter 14: join done, raw=15170094 result_size=12191634
R0 [P2] iter 14: join done, raw=15056750 result_size=12237385
R2 [P2] iter 14: join done, raw=14803132 result_size=11941970
R3 [P2] iter 14: join done, raw=14920324 result_size=12057034
R6 [P2] iter 14: join done, raw=14841079 result_size=12054415
R5 [P2] iter 14: join done, raw=14998931 result_size=12098731
R7 [P2] iter 14: join done, raw=14923805 result_size=12079096
R4 [P2] iter 14: join done, raw=15256391 result_size=12244831
R5 [P2] iter 14: split done, delta_size=12106385
R6 [P2] iter 14: split done, delta_size=12064397
R7 [P2] iter 14: split done, delta_size=11946992
R3 [P2] iter 14: split done, delta_size=12072029
R1 [P2] iter 14: split done, delta_size=12241478
R2 [P2] iter 14: split done, delta_size=11820072
R4 [P2] iter 14: split done, delta_size=12170363
R0 [P2] iter 14: split done, delta_size=12483380
R5 [P2] iter 14: dedup done, delta_size=5555471
R1 [P2] iter 14: dedup done, delta_size=5629259
R0 [P2] iter 14: dedup done, delta_size=5696174
R1 [P2] iter 14: subtract done, delta_size=3261644
R0 [P2] iter 14: subtract done, delta_size=3283103
R3 [P2] iter 14: dedup done, delta_size=5574534
R6 [P2] iter 14: dedup done, delta_size=5517601
R2 [P2] iter 14: dedup done, delta_size=5451259
R0 [P2] iter 14: merge done, full_size=31771627
R1 [P2] iter 14: merge done, full_size=31754965
R3 [P2] iter 14: subtract done, delta_size=3247897
R2 [P2] iter 14: subtract done, delta_size=3158275
R3 [P2] iter 14: merge done, full_size=31535558
R2 [P2] iter 14: merge done, full_size=30789034
R5 [P2] iter 14: subtract done, delta_size=3210858
R7 [P2] iter 14: dedup done, delta_size=5536013
R4 [P2] iter 14: dedup done, delta_size=5601449
R6 [P2] iter 14: subtract done, delta_size=3220761
R7 [P2] iter 14: subtract done, delta_size=3248416
R4 [P2] iter 14: subtract done, delta_size=3249967
R5 [P2] iter 14: merge done, full_size=31116306
R6 [P2] iter 14: merge done, full_size=31213952
R7 [P2] iter 14: merge done, full_size=31426247
R4 [P2] iter 14: merge done, full_size=31401075
R0 [P2] iter 15 done: global_full_size=251008764
R4 [P2] iter 15 done: global_full_size=251008764
R1 [P2] iter 15 done: global_full_size=251008764
R5 [P2] iter 15 done: global_full_size=251008764
R2 [P2] iter 15 done: global_full_size=251008764
R6 [P2] iter 15 done: global_full_size=251008764
R3 [P2] iter 15 done: global_full_size=251008764
R7 [P2] iter 15 done: global_full_size=251008764
R0 [P2] iter 15: PRE-JOIN GPU mem: 84.3GB free / 85.1GB total | delta_size=3283103 full_size=31771627
R4 [P2] iter 15: PRE-JOIN GPU mem: 84.3GB free / 85.1GB total | delta_size=3249967 full_size=31401075
R1 [P2] iter 15: PRE-JOIN GPU mem: 84.3GB free / 85.1GB total | delta_size=3261644 full_size=31754965
R5 [P2] iter 15: PRE-JOIN GPU mem: 84.3GB free / 85.1GB total | delta_size=3210858 full_size=31116306
R2 [P2] iter 15: PRE-JOIN GPU mem: 84.3GB free / 85.1GB total | delta_size=3158275 full_size=30789034
R6 [P2] iter 15: PRE-JOIN GPU mem: 84.3GB free / 85.1GB total | delta_size=3220761 full_size=31213952
R3 [P2] iter 15: PRE-JOIN GPU mem: 84.3GB free / 85.1GB total | delta_size=3247897 full_size=31535558
R7 [P2] iter 15: PRE-JOIN GPU mem: 84.3GB free / 85.1GB total | delta_size=3248416 full_size=31426247
R0 [P2] iter 15: join done, raw=15522639 result_size=12603115
R1 [P2] iter 15: join done, raw=15642643 result_size=12566107
R2 [P2] iter 15: join done, raw=15271869 result_size=12284229
R6 [P2] iter 15: join done, raw=15334359 result_size=12420501
R3 [P2] iter 15: join done, raw=15454626 result_size=12466788
R4 [P2] iter 15: join done, raw=15763530 result_size=12637094
R5 [P2] iter 15: join done, raw=15475337 result_size=12458524
R7 [P2] iter 15: join done, raw=15381681 result_size=12415776
R2 [P2] iter 15: split done, delta_size=12184600
R6 [P2] iter 15: split done, delta_size=12418712
R7 [P2] iter 15: split done, delta_size=12347684
R3 [P2] iter 15: split done, delta_size=12443307
R1 [P2] iter 15: split done, delta_size=12625187
R5 [P2] iter 15: split done, delta_size=12431599
R0 [P2] iter 15: split done, delta_size=12870587
R4 [P2] iter 15: split done, delta_size=12530458
R6 [P2] iter 15: dedup done, delta_size=5671256
R7 [P2] iter 15: dedup done, delta_size=5705742
R6 [P2] iter 15: subtract done, delta_size=3300043
R1 [P2] iter 15: dedup done, delta_size=5792622
R0 [P2] iter 15: dedup done, delta_size=5847483
R1 [P2] iter 15: subtract done, delta_size=3346163
R0 [P2] iter 15: subtract done, delta_size=3355882
R2 [P2] iter 15: dedup done, delta_size=5604405
R3 [P2] iter 15: dedup done, delta_size=5740493
R1 [P2] iter 15: merge done, full_size=35101128
R0 [P2] iter 15: merge done, full_size=35127509
R2 [P2] iter 15: subtract done, delta_size=3226690
R3 [P2] iter 15: subtract done, delta_size=3327593
R2 [P2] iter 15: merge done, full_size=34015724
R7 [P2] iter 15: subtract done, delta_size=3328021
R4 [P2] iter 15: dedup done, delta_size=5759072
R3 [P2] iter 15: merge done, full_size=34863151
R5 [P2] iter 15: dedup done, delta_size=5704255
R6 [P2] iter 15: merge done, full_size=34513995
R4 [P2] iter 15: subtract done, delta_size=3333232
R7 [P2] iter 15: merge done, full_size=34754268
R4 [P2] iter 15: merge done, full_size=34734307
R5 [P2] iter 15: subtract done, delta_size=3286169
R5 [P2] iter 15: merge done, full_size=34402475
R0 [P2] iter 16 done: global_full_size=277512557
R4 [P2] iter 16 done: global_full_size=277512557
R1 [P2] iter 16 done: global_full_size=277512557
R5 [P2] iter 16 done: global_full_size=277512557
R2 [P2] iter 16 done: global_full_size=277512557
R6 [P2] iter 16 done: global_full_size=277512557
R3 [P2] iter 16 done: global_full_size=277512557
R7 [P2] iter 16 done: global_full_size=277512557
R0 [P2] iter 16: PRE-JOIN GPU mem: 84.3GB free / 85.1GB total | delta_size=3355882 full_size=35127509
R4 [P2] iter 16: PRE-JOIN GPU mem: 84.3GB free / 85.1GB total | delta_size=3333232 full_size=34734307
R1 [P2] iter 16: PRE-JOIN GPU mem: 84.3GB free / 85.1GB total | delta_size=3346163 full_size=35101128
R5 [P2] iter 16: PRE-JOIN GPU mem: 84.3GB free / 85.1GB total | delta_size=3286169 full_size=34402475
R2 [P2] iter 16: PRE-JOIN GPU mem: 84.3GB free / 85.1GB total | delta_size=3226690 full_size=34015724
R6 [P2] iter 16: PRE-JOIN GPU mem: 84.3GB free / 85.1GB total | delta_size=3300043 full_size=34513995
R3 [P2] iter 16: PRE-JOIN GPU mem: 84.3GB free / 85.1GB total | delta_size=3327593 full_size=34863151
R7 [P2] iter 16: PRE-JOIN GPU mem: 84.3GB free / 85.1GB total | delta_size=3328021 full_size=34754268
R1 [P2] iter 16: join done, raw=16089445 result_size=12904978
R7 [P2] iter 16: join done, raw=15844019 result_size=12741325
R5 [P2] iter 16: join done, raw=15934718 result_size=12762537
R6 [P2] iter 16: join done, raw=15799552 result_size=12759014
R4 [P2] iter 16: join done, raw=16154829 result_size=12934143
R0 [P2] iter 16: join done, raw=15989609 result_size=12919029
R3 [P2] iter 16: join done, raw=15942175 result_size=12819396
R2 [P2] iter 16: join done, raw=15682060 result_size=12562363
R6 [P2] iter 16: split done, delta_size=12678619
R5 [P2] iter 16: split done, delta_size=12746577
R3 [P2] iter 16: split done, delta_size=12760016
R1 [P2] iter 16: split done, delta_size=12973891
R7 [P2] iter 16: split done, delta_size=12630080
R0 [P2] iter 16: split done, delta_size=13259927
R2 [P2] iter 16: split done, delta_size=12472529
R4 [P2] iter 16: split done, delta_size=12881146
R6 [P2] iter 16: dedup done, delta_size=5780081
R5 [P2] iter 16: dedup done, delta_size=5842160
R6 [P2] iter 16: subtract done, delta_size=3341120
R5 [P2] iter 16: subtract done, delta_size=3352308
R7 [P2] iter 16: dedup done, delta_size=5828131
R1 [P2] iter 16: dedup done, delta_size=5944882
R3 [P2] iter 16: dedup done, delta_size=5877350
R6 [P2] iter 16: merge done, full_size=37855115
R0 [P2] iter 16: dedup done, delta_size=6002368
R4 [P2] iter 16: dedup done, delta_size=5911772
R2 [P2] iter 16: dedup done, delta_size=5723521
R1 [P2] iter 16: subtract done, delta_size=3415398
R7 [P2] iter 16: subtract done, delta_size=3377057
R0 [P2] iter 16: subtract done, delta_size=3419802
R3 [P2] iter 16: subtract done, delta_size=3390554
R5 [P2] iter 16: merge done, full_size=37754783
R4 [P2] iter 16: subtract done, delta_size=3405815
R1 [P2] iter 16: merge done, full_size=38516526
R2 [P2] iter 16: subtract done, delta_size=3277204
R0 [P2] iter 16: merge done, full_size=38547311
R7 [P2] iter 16: merge done, full_size=38131325
R3 [P2] iter 16: merge done, full_size=38253705
R4 [P2] iter 16: merge done, full_size=38140122
R2 [P2] iter 16: merge done, full_size=37292928
R0 [P2] iter 17 done: global_full_size=304491815
R4 [P2] iter 17 done: global_full_size=304491815
R1 [P2] iter 17 done: global_full_size=304491815
R5 [P2] iter 17 done: global_full_size=304491815
R2 [P2] iter 17 done: global_full_size=304491815
R6 [P2] iter 17 done: global_full_size=304491815
R3 [P2] iter 17 done: global_full_size=304491815
R7 [P2] iter 17 done: global_full_size=304491815
R3 [P2] iter 17: PRE-JOIN GPU mem: 84.2GB free / 85.1GB total | delta_size=3390554 full_size=38253705
R0 [P2] iter 17: PRE-JOIN GPU mem: 84.2GB free / 85.1GB total | delta_size=3419802 full_size=38547311
R1 [P2] iter 17: PRE-JOIN GPU mem: 84.2GB free / 85.1GB total | delta_size=3415398 full_size=38516526
R2 [P2] iter 17: PRE-JOIN GPU mem: 84.2GB free / 85.1GB total | delta_size=3277204 full_size=37292928
R4 [P2] iter 17: PRE-JOIN GPU mem: 84.2GB free / 85.1GB total | delta_size=3405815 full_size=38140122
R5 [P2] iter 17: PRE-JOIN GPU mem: 84.2GB free / 85.1GB total | delta_size=3352308 full_size=37754783
R6 [P2] iter 17: PRE-JOIN GPU mem: 84.2GB free / 85.1GB total | delta_size=3341120 full_size=37855115
R7 [P2] iter 17: PRE-JOIN GPU mem: 84.2GB free / 85.1GB total | delta_size=3377057 full_size=38131325
R1 [P2] iter 17: join done, raw=16446279 result_size=13147775
R0 [P2] iter 17: join done, raw=16362645 result_size=13180987
R3 [P2] iter 17: join done, raw=16307245 result_size=13073576
R2 [P2] iter 17: join done, raw=15993678 result_size=12791913
R6 [P2] iter 17: join done, raw=16015078 result_size=12928689
R4 [P2] iter 17: join done, raw=16503736 result_size=13198168
R5 [P2] iter 17: join done, raw=16296797 result_size=13028192
R7 [P2] iter 17: join done, raw=16132262 result_size=12942154
R5 [P2] iter 17: split done, delta_size=12937445
R7 [P2] iter 17: split done, delta_size=12818220
R6 [P2] iter 17: split done, delta_size=12894342
R3 [P2] iter 17: split done, delta_size=13063347
R2 [P2] iter 17: split done, delta_size=12715421
R4 [P2] iter 17: split done, delta_size=13087943
R5 [P2] iter 17: dedup done, delta_size=5933429
R1 [P2] iter 17: split done, delta_size=13235672
R0 [P2] iter 17: split done, delta_size=13539064
R5 [P2] iter 17: subtract done, delta_size=3384780
R5 [P2] iter 17: merge done, full_size=41139563
R7 [P2] iter 17: dedup done, delta_size=5913063
R3 [P2] iter 17: dedup done, delta_size=6020788
R6 [P2] iter 17: dedup done, delta_size=5878667
R2 [P2] iter 17: dedup done, delta_size=5831733
R4 [P2] iter 17: dedup done, delta_size=6016920
R3 [P2] iter 17: subtract done, delta_size=3458635
R7 [P2] iter 17: subtract done, delta_size=3413352
R2 [P2] iter 17: subtract done, delta_size=3326239
R6 [P2] iter 17: subtract done, delta_size=3383822
R4 [P2] iter 17: subtract done, delta_size=3448289
R1 [P2] iter 17: dedup done, delta_size=6071375
R7 [P2] iter 17: merge done, full_size=41544677
R2 [P2] iter 17: merge done, full_size=40619167
R0 [P2] iter 17: dedup done, delta_size=6121222
R3 [P2] iter 17: merge done, full_size=41712340
R6 [P2] iter 17: merge done, full_size=41238937
R1 [P2] iter 17: subtract done, delta_size=3472710
R4 [P2] iter 17: merge done, full_size=41588411
R0 [P2] iter 17: subtract done, delta_size=3467316
R1 [P2] iter 17: merge done, full_size=41989236
R0 [P2] iter 17: merge done, full_size=42014627
R0 [P2] iter 18 done: global_full_size=331846958
R4 [P2] iter 18 done: global_full_size=331846958
R1 [P2] iter 18 done: global_full_size=331846958
R5 [P2] iter 18 done: global_full_size=331846958
R2 [P2] iter 18 done: global_full_size=331846958
R6 [P2] iter 18 done: global_full_size=331846958
R3 [P2] iter 18 done: global_full_size=331846958
R7 [P2] iter 18 done: global_full_size=331846958
R0 [P2] iter 18: PRE-JOIN GPU mem: 84.2GB free / 85.1GB total | delta_size=3467316 full_size=42014627
R6 [P2] iter 18: PRE-JOIN GPU mem: 84.2GB free / 85.1GB total | delta_size=3383822 full_size=41238937
R1 [P2] iter 18: PRE-JOIN GPU mem: 84.2GB free / 85.1GB total | delta_size=3472710 full_size=41989236
R7 [P2] iter 18: PRE-JOIN GPU mem: 84.2GB free / 85.1GB total | delta_size=3413352 full_size=41544677
R2 [P2] iter 18: PRE-JOIN GPU mem: 84.2GB free / 85.1GB total | delta_size=3326239 full_size=40619167
R4 [P2] iter 18: PRE-JOIN GPU mem: 84.2GB free / 85.1GB total | delta_size=3448289 full_size=41588411
R3 [P2] iter 18: PRE-JOIN GPU mem: 84.2GB free / 85.1GB total | delta_size=3458635 full_size=41712340
R5 [P2] iter 18: PRE-JOIN GPU mem: 84.2GB free / 85.1GB total | delta_size=3384780 full_size=41139563
R0 [P2] iter 18: join done, raw=16643278 result_size=13395502
R2 [P2] iter 18: join done, raw=16237029 result_size=12978749
R1 [P2] iter 18: join done, raw=16862665 result_size=13422299
R3 [P2] iter 18: join done, raw=16684461 result_size=13346290
R4 [P2] iter 18: join done, raw=16786241 result_size=13435815
R6 [P2] iter 18: join done, raw=16240220 result_size=13120299
R5 [P2] iter 18: join done, raw=16556100 result_size=13230381
R7 [P2] iter 18: join done, raw=16402633 result_size=13119853
R5 [P2] iter 18: split done, delta_size=13132693
R2 [P2] iter 18: split done, delta_size=12921132
R3 [P2] iter 18: split done, delta_size=13310933
R7 [P2] iter 18: split done, delta_size=12986304
R4 [P2] iter 18: split done, delta_size=13313128
R6 [P2] iter 18: split done, delta_size=13115814
R1 [P2] iter 18: split done, delta_size=13488849
R0 [P2] iter 18: split done, delta_size=13780335
R5 [P2] iter 18: dedup done, delta_size=6021340
R5 [P2] iter 18: subtract done, delta_size=3420645
R2 [P2] iter 18: dedup done, delta_size=5924060
R3 [P2] iter 18: dedup done, delta_size=6128669
R1 [P2] iter 18: dedup done, delta_size=6180543
R2 [P2] iter 18: subtract done, delta_size=3363979
R0 [P2] iter 18: dedup done, delta_size=6211566
R5 [P2] iter 18: merge done, full_size=44560208
R7 [P2] iter 18: dedup done, delta_size=5992348
R3 [P2] iter 18: subtract done, delta_size=3491520
R4 [P2] iter 18: dedup done, delta_size=6120183
R6 [P2] iter 18: dedup done, delta_size=5971015
R1 [P2] iter 18: subtract done, delta_size=3515231
R0 [P2] iter 18: subtract done, delta_size=3498324
R2 [P2] iter 18: merge done, full_size=43983146
R3 [P2] iter 18: merge done, full_size=45203860
R7 [P2] iter 18: subtract done, delta_size=3444770
R4 [P2] iter 18: subtract done, delta_size=3493552
R6 [P2] iter 18: subtract done, delta_size=3417953
R1 [P2] iter 18: merge done, full_size=45504467
R0 [P2] iter 18: merge done, full_size=45512951
R7 [P2] iter 18: merge done, full_size=44989447
R4 [P2] iter 18: merge done, full_size=45081963
R6 [P2] iter 18: merge done, full_size=44656890
R0 [P2] iter 19 done: global_full_size=359492932
R1 [P2] iter 19 done: global_full_size=359492932
R4 [P2] iter 19 done: global_full_size=359492932
R2 [P2] iter 19 done: global_full_size=359492932
R5 [P2] iter 19 done: global_full_size=359492932
R3 [P2] iter 19 done: global_full_size=359492932
R6 [P2] iter 19 done: global_full_size=359492932
R6 [P2] iter 19: PRE-JOIN GPU mem: 84.2GB free / 85.1GB total | delta_size=3417953 full_size=44656890
R1 [P2] iter 19: PRE-JOIN GPU mem: 84.2GB free / 85.1GB total | delta_size=3515231 full_size=45504467
R7 [P2] iter 19 done: global_full_size=359492932
R7 [P2] iter 19: PRE-JOIN GPU mem: 84.2GB free / 85.1GB total | delta_size=3444770 full_size=44989447
R0 [P2] iter 19: PRE-JOIN GPU mem: 84.2GB free / 85.1GB total | delta_size=3498324 full_size=45512951
R4 [P2] iter 19: PRE-JOIN GPU mem: 84.2GB free / 85.1GB total | delta_size=3493552 full_size=45081963
R2 [P2] iter 19: PRE-JOIN GPU mem: 84.2GB free / 85.1GB total | delta_size=3363979 full_size=43983146
R5 [P2] iter 19: PRE-JOIN GPU mem: 84.2GB free / 85.1GB total | delta_size=3420645 full_size=44560208
R3 [P2] iter 19: PRE-JOIN GPU mem: 84.2GB free / 85.1GB total | delta_size=3491520 full_size=45203860
R1 [P2] iter 19: join done, raw=17116543 result_size=13582603
R0 [P2] iter 19: join done, raw=16845381 result_size=13538692
R7 [P2] iter 19: join done, raw=16575700 result_size=13250871
R2 [P2] iter 19: join done, raw=16468220 result_size=13166092
R3 [P2] iter 19: join done, raw=16880315 result_size=13490042
R5 [P2] iter 19: join done, raw=16745332 result_size=13372247
R6 [P2] iter 19: join done, raw=16464637 result_size=13283915
R4 [P2] iter 19: join done, raw=16945463 result_size=13589283
R2 [P2] iter 19: split done, delta_size=13048823
R1 [P2] iter 19: split done, delta_size=13664294
R3 [P2] iter 19: split done, delta_size=13466065
R0 [P2] iter 19: split done, delta_size=13982847
R5 [P2] iter 19: split done, delta_size=13295138
R4 [P2] iter 19: split done, delta_size=13440222
R6 [P2] iter 19: split done, delta_size=13296220
R5 [P2] iter 19: dedup done, delta_size=6085803
R7 [P2] iter 19: split done, delta_size=13080136
R5 [P2] iter 19: subtract done, delta_size=3435136
R5 [P2] iter 19: merge done, full_size=47995344
R2 [P2] iter 19: dedup done, delta_size=5974818
R4 [P2] iter 19: dedup done, delta_size=6181657
R6 [P2] iter 19: dedup done, delta_size=6044120
R7 [P2] iter 19: dedup done, delta_size=6032632
R4 [P2] iter 19: subtract done, delta_size=3504841
R6 [P2] iter 19: subtract done, delta_size=3440572
R7 [P2] iter 19: subtract done, delta_size=3447959
R4 [P2] iter 19: merge done, full_size=48586804
R6 [P2] iter 19: merge done, full_size=48097462
R7 [P2] iter 19: merge done, full_size=48437406
R2 [P2] iter 19: subtract done, delta_size=3367904
R1 [P2] iter 19: dedup done, delta_size=6253495
R0 [P2] iter 19: dedup done, delta_size=6275107
R1 [P2] iter 19: subtract done, delta_size=3534246
R0 [P2] iter 19: subtract done, delta_size=3505989
R3 [P2] iter 19: dedup done, delta_size=6198114
R0 [P2] iter 19: merge done, full_size=49018940
R1 [P2] iter 19: merge done, full_size=49038713
R2 [P2] iter 19: merge done, full_size=47351050
R3 [P2] iter 19: subtract done, delta_size=3508324
R3 [P2] iter 19: merge done, full_size=48712184
R0 [P2] iter 20 done: global_full_size=387237903
R1 [P2] iter 20 done: global_full_size=387237903
R2 [P2] iter 20 done: global_full_size=387237903
R4 [P2] iter 20 done: global_full_size=387237903
R3 [P2] iter 20 done: global_full_size=387237903
R5 [P2] iter 20 done: global_full_size=387237903
R6 [P2] iter 20 done: global_full_size=387237903
R6 [P2] iter 20: PRE-JOIN GPU mem: 84.1GB free / 85.1GB total | delta_size=3440572 full_size=48097462
R7 [P2] iter 20 done: global_full_size=387237903
R7 [P2] iter 20: PRE-JOIN GPU mem: 84.1GB free / 85.1GB total | delta_size=3447959 full_size=48437406
R4 [P2] iter 20: PRE-JOIN GPU mem: 84.1GB free / 85.1GB total | delta_size=3504841 full_size=48586804
R5 [P2] iter 20: PRE-JOIN GPU mem: 84.1GB free / 85.1GB total | delta_size=3435136 full_size=47995344
R0 [P2] iter 20: PRE-JOIN GPU mem: 84.1GB free / 85.1GB total | delta_size=3505989 full_size=49018940
R1 [P2] iter 20: PRE-JOIN GPU mem: 84.1GB free / 85.1GB total | delta_size=3534246 full_size=49038713
R2 [P2] iter 20: PRE-JOIN GPU mem: 84.2GB free / 85.1GB total | delta_size=3367904 full_size=47351050
R3 [P2] iter 20: PRE-JOIN GPU mem: 84.1GB free / 85.1GB total | delta_size=3508324 full_size=48712184
R6 [P2] iter 20: join done, raw=16585045 result_size=13359470
R7 [P2] iter 20: join done, raw=16548411 result_size=13234889
R4 [P2] iter 20: join done, raw=16952232 result_size=13617596
R5 [P2] iter 20: join done, raw=16856347 result_size=13432819
R0 [P2] iter 20: join done, raw=16870928 result_size=13549238
R1 [P2] iter 20: join done, raw=17195585 result_size=13639573
R2 [P2] iter 20: join done, raw=16454952 result_size=13159813
R3 [P2] iter 20: join done, raw=16895671 result_size=13514815
R3 [P2] iter 20: split done, delta_size=13496454
R2 [P2] iter 20: split done, delta_size=13068099
R1 [P2] iter 20: split done, delta_size=13696762
R0 [P2] iter 20: split done, delta_size=14005971
R5 [P2] iter 20: split done, delta_size=13362141
R6 [P2] iter 20: split done, delta_size=13337925
R3 [P2] iter 20: dedup done, delta_size=6206749
R7 [P2] iter 20: split done, delta_size=13097799
R4 [P2] iter 20: split done, delta_size=13443062
R3 [P2] iter 20: subtract done, delta_size=3496102
R2 [P2] iter 20: dedup done, delta_size=5971388
R1 [P2] iter 20: dedup done, delta_size=6262104
R0 [P2] iter 20: dedup done, delta_size=6268237
R2 [P2] iter 20: subtract done, delta_size=3348589
R3 [P2] iter 20: merge done, full_size=52208286
R1 [P2] iter 20: subtract done, delta_size=3515074
R0 [P2] iter 20: subtract done, delta_size=3467149
R1 [P2] iter 20: merge done, full_size=52553787
R0 [P2] iter 20: merge done, full_size=52486089
R5 [P2] iter 20: dedup done, delta_size=6102882
R7 [P2] iter 20: dedup done, delta_size=6027744
R6 [P2] iter 20: dedup done, delta_size=6055958
R2 [P2] iter 20: merge done, full_size=50699639
R4 [P2] iter 20: dedup done, delta_size=6168215
R5 [P2] iter 20: subtract done, delta_size=3421884
R7 [P2] iter 20: subtract done, delta_size=3426685
R6 [P2] iter 20: subtract done, delta_size=3425210
R4 [P2] iter 20: subtract done, delta_size=3468628
R5 [P2] iter 20: merge done, full_size=51417228
R6 [P2] iter 20: merge done, full_size=51522672
R7 [P2] iter 20: merge done, full_size=51864091
R4 [P2] iter 20: merge done, full_size=52055432
R0 [P2] iter 21 done: global_full_size=414807224
R4 [P2] iter 21 done: global_full_size=414807224
R1 [P2] iter 21 done: global_full_size=414807224
R5 [P2] iter 21 done: global_full_size=414807224
R2 [P2] iter 21 done: global_full_size=414807224
R2 [P2] iter 21: PRE-JOIN GPU mem: 84.1GB free / 85.1GB total | delta_size=3348589 full_size=50699639
R6 [P2] iter 21 done: global_full_size=414807224
R3 [P2] iter 21 done: global_full_size=414807224
R7 [P2] iter 21 done: global_full_size=414807224
R0 [P2] iter 21: PRE-JOIN GPU mem: 84.1GB free / 85.1GB total | delta_size=3467149 full_size=52486089
R4 [P2] iter 21: PRE-JOIN GPU mem: 84.1GB free / 85.1GB total | delta_size=3468628 full_size=52055432
R1 [P2] iter 21: PRE-JOIN GPU mem: 84.1GB free / 85.1GB total | delta_size=3515074 full_size=52553787
R5 [P2] iter 21: PRE-JOIN GPU mem: 84.1GB free / 85.1GB total | delta_size=3421884 full_size=51417228
R3 [P2] iter 21: PRE-JOIN GPU mem: 84.1GB free / 85.1GB total | delta_size=3496102 full_size=52208286
R6 [P2] iter 21: PRE-JOIN GPU mem: 84.1GB free / 85.1GB total | delta_size=3425210 full_size=51522672
R7 [P2] iter 21: PRE-JOIN GPU mem: 84.1GB free / 85.1GB total | delta_size=3426685 full_size=51864091
R7 [P2] iter 21: join done, raw=16392489 result_size=13104601
R6 [P2] iter 21: join done, raw=16494021 result_size=13282940
R4 [P2] iter 21: join done, raw=16751516 result_size=13477098
R5 [P2] iter 21: join done, raw=16780899 result_size=13344094
R0 [P2] iter 21: join done, raw=16703884 result_size=13415781
R1 [P2] iter 21: join done, raw=17072809 result_size=13554555
R3 [P2] iter 21: join done, raw=16796988 result_size=13442155
R2 [P2] iter 21: join done, raw=16327106 result_size=13077756
R6 [P2] iter 21: split done, delta_size=13236486
R3 [P2] iter 21: split done, delta_size=13357297
R7 [P2] iter 21: split done, delta_size=13056843
R2 [P2] iter 21: split done, delta_size=12969966
R1 [P2] iter 21: split done, delta_size=13580514
R0 [P2] iter 21: split done, delta_size=13858271
R5 [P2] iter 21: split done, delta_size=13296597
R4 [P2] iter 21: split done, delta_size=13343006
R6 [P2] iter 21: dedup done, delta_size=6019918
R7 [P2] iter 21: dedup done, delta_size=6005708
R3 [P2] iter 21: dedup done, delta_size=6151185
R1 [P2] iter 21: dedup done, delta_size=6211855
R6 [P2] iter 21: subtract done, delta_size=3374725
R2 [P2] iter 21: dedup done, delta_size=5929376
R0 [P2] iter 21: dedup done, delta_size=6206408
R7 [P2] iter 21: subtract done, delta_size=3399515
R1 [P2] iter 21: subtract done, delta_size=3456990
R3 [P2] iter 21: subtract done, delta_size=3443215
R0 [P2] iter 21: subtract done, delta_size=3399666
R2 [P2] iter 21: subtract done, delta_size=3304630
R6 [P2] iter 21: merge done, full_size=54897397
R4 [P2] iter 21: dedup done, delta_size=6129925
R5 [P2] iter 21: dedup done, delta_size=6062034
R1 [P2] iter 21: merge done, full_size=56010777
R7 [P2] iter 21: merge done, full_size=55263606
R0 [P2] iter 21: merge done, full_size=55885755
R4 [P2] iter 21: subtract done, delta_size=3426492
R5 [P2] iter 21: subtract done, delta_size=3374678
R3 [P2] iter 21: merge done, full_size=55651501
R2 [P2] iter 21: merge done, full_size=54004269
R4 [P2] iter 21: merge done, full_size=55481924
R5 [P2] iter 21: merge done, full_size=54791906
R0 [P2] iter 22 done: global_full_size=441987135
R1 [P2] iter 22 done: global_full_size=441987135
R2 [P2] iter 22 done: global_full_size=441987135
R3 [P2] iter 22 done: global_full_size=441987135
R4 [P2] iter 22 done: global_full_size=441987135
R0 [P2] iter 22: PRE-JOIN GPU mem: 84.1GB free / 85.1GB total | delta_size=3399666 full_size=55885755
R5 [P2] iter 22 done: global_full_size=441987135
R1 [P2] iter 22: PRE-JOIN GPU mem: 84.1GB free / 85.1GB total | delta_size=3456990 full_size=56010777
R6 [P2] iter 22 done: global_full_size=441987135
R2 [P2] iter 22: PRE-JOIN GPU mem: 84.1GB free / 85.1GB total | delta_size=3304630 full_size=54004269
R7 [P2] iter 22 done: global_full_size=441987135
R3 [P2] iter 22: PRE-JOIN GPU mem: 84.1GB free / 85.1GB total | delta_size=3443215 full_size=55651501
R5 [P2] iter 22: PRE-JOIN GPU mem: 84.1GB free / 85.1GB total | delta_size=3374678 full_size=54791906
R6 [P2] iter 22: PRE-JOIN GPU mem: 84.1GB free / 85.1GB total | delta_size=3374725 full_size=54897397
R7 [P2] iter 22: PRE-JOIN GPU mem: 84.1GB free / 85.1GB total | delta_size=3399515 full_size=55263606
R4 [P2] iter 22: PRE-JOIN GPU mem: 84.1GB free / 85.1GB total | delta_size=3426492 full_size=55481924
R0 [P2] iter 22: join done, raw=16422632 result_size=13194067
R1 [P2] iter 22: join done, raw=16777702 result_size=13329925
R5 [P2] iter 22: join done, raw=16541138 result_size=13172457
R3 [P2] iter 22: join done, raw=16525686 result_size=13249556
R2 [P2] iter 22: join done, raw=16141705 result_size=12938602
R7 [P2] iter 22: join done, raw=16180153 result_size=12940945
R4 [P2] iter 22: join done, raw=16578368 result_size=13313306
R6 [P2] iter 22: join done, raw=16249997 result_size=13095479
R5 [P2] iter 22: split done, delta_size=13105595
R7 [P2] iter 22: split done, delta_size=12950819
R6 [P2] iter 22: split done, delta_size=13040034
R4 [P2] iter 22: split done, delta_size=13140449
R3 [P2] iter 22: split done, delta_size=13133408
R5 [P2] iter 22: dedup done, delta_size=5976333
R0 [P2] iter 22: split done, delta_size=13636449
R1 [P2] iter 22: split done, delta_size=13426663
R2 [P2] iter 22: split done, delta_size=12800920
R5 [P2] iter 22: subtract done, delta_size=3313356
R7 [P2] iter 22: dedup done, delta_size=5946650
R6 [P2] iter 22: dedup done, delta_size=5929571
R4 [P2] iter 22: dedup done, delta_size=6033454
R5 [P2] iter 22: merge done, full_size=58105262
R7 [P2] iter 22: subtract done, delta_size=3346731
R6 [P2] iter 22: subtract done, delta_size=3316515
R4 [P2] iter 22: subtract done, delta_size=3365222
R7 [P2] iter 22: merge done, full_size=58610337
R6 [P2] iter 22: merge done, full_size=58213912
R4 [P2] iter 22: merge done, full_size=58847146
R3 [P2] iter 22: dedup done, delta_size=6057404
R0 [P2] iter 22: dedup done, delta_size=6104438
R1 [P2] iter 22: dedup done, delta_size=6135233
R3 [P2] iter 22: subtract done, delta_size=3381830
R2 [P2] iter 22: dedup done, delta_size=5852263
R0 [P2] iter 22: subtract done, delta_size=3329770
R1 [P2] iter 22: subtract done, delta_size=3404268
R2 [P2] iter 22: subtract done, delta_size=3256974
R3 [P2] iter 22: merge done, full_size=59033331
R0 [P2] iter 22: merge done, full_size=59215525
R1 [P2] iter 22: merge done, full_size=59415045
R2 [P2] iter 22: merge done, full_size=57261243
R0 [P2] iter 23 done: global_full_size=468701801
R1 [P2] iter 23 done: global_full_size=468701801
R2 [P2] iter 23 done: global_full_size=468701801
R3 [P2] iter 23 done: global_full_size=468701801
R1 [P2] iter 23: PRE-JOIN GPU mem: 84.1GB free / 85.1GB total | delta_size=3404268 full_size=59415045
R0 [P2] iter 23: PRE-JOIN GPU mem: 84.1GB free / 85.1GB total | delta_size=3329770 full_size=59215525
R4 [P2] iter 23 done: global_full_size=468701801
R2 [P2] iter 23: PRE-JOIN GPU mem: 84.1GB free / 85.1GB total | delta_size=3256974 full_size=57261243
R5 [P2] iter 23 done: global_full_size=468701801
R3 [P2] iter 23: PRE-JOIN GPU mem: 84.1GB free / 85.1GB total | delta_size=3381830 full_size=59033331
R6 [P2] iter 23 done: global_full_size=468701801
R7 [P2] iter 23 done: global_full_size=468701801
R4 [P2] iter 23: PRE-JOIN GPU mem: 84.1GB free / 85.1GB total | delta_size=3365222 full_size=58847146
R5 [P2] iter 23: PRE-JOIN GPU mem: 84.1GB free / 85.1GB total | delta_size=3313356 full_size=58105262
R6 [P2] iter 23: PRE-JOIN GPU mem: 84.1GB free / 85.1GB total | delta_size=3316515 full_size=58213912
R7 [P2] iter 23: PRE-JOIN GPU mem: 84.1GB free / 85.1GB total | delta_size=3346731 full_size=58610337
R1 [P2] iter 23: join done, raw=16606353 result_size=13164371
R0 [P2] iter 23: join done, raw=16143952 result_size=12976325
R3 [P2] iter 23: join done, raw=16277239 result_size=13045244
R2 [P2] iter 23: join done, raw=16079388 result_size=12851447
R6 [P2] iter 23: join done, raw=16103455 result_size=12937069
R4 [P2] iter 23: join done, raw=16331339 result_size=13106119
R7 [P2] iter 23: join done, raw=15995160 result_size=12758021
R5 [P2] iter 23: join done, raw=16299473 result_size=12968290
R5 [P2] iter 23: split done, delta_size=12944237
R3 [P2] iter 23: split done, delta_size=12958173
R2 [P2] iter 23: split done, delta_size=12632541
R4 [P2] iter 23: split done, delta_size=12934212
R7 [P2] iter 23: split done, delta_size=12808758
R6 [P2] iter 23: split done, delta_size=12852239
R1 [P2] iter 23: split done, delta_size=13249417
R0 [P2] iter 23: split done, delta_size=13427309
R5 [P2] iter 23: dedup done, delta_size=5887425
R2 [P2] iter 23: dedup done, delta_size=5753781
R5 [P2] iter 23: subtract done, delta_size=3252123
R7 [P2] iter 23: dedup done, delta_size=5863582
R6 [P2] iter 23: dedup done, delta_size=5826250
R5 [P2] iter 23: merge done, full_size=61357385
R4 [P2] iter 23: dedup done, delta_size=5927942
R7 [P2] iter 23: subtract done, delta_size=3272598
R6 [P2] iter 23: subtract done, delta_size=3255089
R3 [P2] iter 23: dedup done, delta_size=5958348
R2 [P2] iter 23: subtract done, delta_size=3188078
R4 [P2] iter 23: subtract done, delta_size=3299170
R0 [P2] iter 23: dedup done, delta_size=5999803
R7 [P2] iter 23: merge done, full_size=61882935
R1 [P2] iter 23: dedup done, delta_size=6027219
R6 [P2] iter 23: merge done, full_size=61469001
R0 [P2] iter 23: subtract done, delta_size=3262124
R1 [P2] iter 23: subtract done, delta_size=3321804
R4 [P2] iter 23: merge done, full_size=62146316
R3 [P2] iter 23: subtract done, delta_size=3313983
R1 [P2] iter 23: merge done, full_size=62736849
R0 [P2] iter 23: merge done, full_size=62477649
R2 [P2] iter 23: merge done, full_size=60449321
R3 [P2] iter 23: merge done, full_size=62347314
R0 [P2] iter 24 done: global_full_size=494866770
R1 [P2] iter 24 done: global_full_size=494866770
R2 [P2] iter 24 done: global_full_size=494866770
R4 [P2] iter 24 done: global_full_size=494866770
R3 [P2] iter 24 done: global_full_size=494866770
R5 [P2] iter 24 done: global_full_size=494866770
R6 [P2] iter 24 done: global_full_size=494866770
R7 [P2] iter 24 done: global_full_size=494866770
R4 [P2] iter 24: PRE-JOIN GPU mem: 84.0GB free / 85.1GB total | delta_size=3299170 full_size=62146316
R1 [P2] iter 24: PRE-JOIN GPU mem: 84.0GB free / 85.1GB total | delta_size=3321804 full_size=62736849
R5 [P2] iter 24: PRE-JOIN GPU mem: 84.0GB free / 85.1GB total | delta_size=3252123 full_size=61357385
R2 [P2] iter 24: PRE-JOIN GPU mem: 84.1GB free / 85.1GB total | delta_size=3188078 full_size=60449321
R6 [P2] iter 24: PRE-JOIN GPU mem: 84.0GB free / 85.1GB total | delta_size=3255089 full_size=61469001
R3 [P2] iter 24: PRE-JOIN GPU mem: 84.0GB free / 85.1GB total | delta_size=3313983 full_size=62347314
R7 [P2] iter 24: PRE-JOIN GPU mem: 84.0GB free / 85.1GB total | delta_size=3272598 full_size=61882935
R0 [P2] iter 24: PRE-JOIN GPU mem: 84.0GB free / 85.1GB total | delta_size=3262124 full_size=62477649
R4 [P2] iter 24: join done, raw=16037073 result_size=12887412
R7 [P2] iter 24: join done, raw=15628498 result_size=12507721
R6 [P2] iter 24: join done, raw=15861113 result_size=12744999
R5 [P2] iter 24: join done, raw=16105828 result_size=12790967
R0 [P2] iter 24: join done, raw=15892678 result_size=12764158
R1 [P2] iter 24: join done, raw=16261677 result_size=12912932
R3 [P2] iter 24: join done, raw=16044567 result_size=12831697
R2 [P2] iter 24: join done, raw=15791016 result_size=12612399
R6 [P2] iter 24: split done, delta_size=12643900
R2 [P2] iter 24: split done, delta_size=12415943
R0 [P2] iter 24: split done, delta_size=13220248
R5 [P2] iter 24: split done, delta_size=12719026
R1 [P2] iter 24: split done, delta_size=13011126
R3 [P2] iter 24: split done, delta_size=12762147
R7 [P2] iter 24: split done, delta_size=12583609
R4 [P2] iter 24: split done, delta_size=12696286
R6 [P2] iter 24: dedup done, delta_size=5727267
R2 [P2] iter 24: dedup done, delta_size=5653616
R6 [P2] iter 24: subtract done, delta_size=3186807
R0 [P2] iter 24: dedup done, delta_size=5892967
R5 [P2] iter 24: dedup done, delta_size=5779745
R1 [P2] iter 24: dedup done, delta_size=5910226
R3 [P2] iter 24: dedup done, delta_size=5859292
R2 [P2] iter 24: subtract done, delta_size=3118454
R7 [P2] iter 24: dedup done, delta_size=5753291
R0 [P2] iter 24: subtract done, delta_size=3184361
R1 [P2] iter 24: subtract done, delta_size=3249243
R6 [P2] iter 24: merge done, full_size=64655808
R4 [P2] iter 24: dedup done, delta_size=5816963
R5 [P2] iter 24: subtract done, delta_size=3170778
R3 [P2] iter 24: subtract done, delta_size=3240450
R2 [P2] iter 24: merge done, full_size=63567775
R7 [P2] iter 24: subtract done, delta_size=3197329
R0 [P2] iter 24: merge done, full_size=65662010
R1 [P2] iter 24: merge done, full_size=65986092
R5 [P2] iter 24: merge done, full_size=64528163
R4 [P2] iter 24: subtract done, delta_size=3226024
R7 [P2] iter 24: merge done, full_size=65080264
R3 [P2] iter 24: merge done, full_size=65587764
R4 [P2] iter 24: merge done, full_size=65372340
R0 [P2] iter 25 done: global_full_size=520440216
R1 [P2] iter 25 done: global_full_size=520440216
R2 [P2] iter 25 done: global_full_size=520440216
R3 [P2] iter 25 done: global_full_size=520440216
R1 [P2] iter 25: PRE-JOIN GPU mem: 84.0GB free / 85.1GB total | delta_size=3249243 full_size=65986092
R0 [P2] iter 25: PRE-JOIN GPU mem: 84.0GB free / 85.1GB total | delta_size=3184361 full_size=65662010
R4 [P2] iter 25 done: global_full_size=520440216
R2 [P2] iter 25: PRE-JOIN GPU mem: 84.0GB free / 85.1GB total | delta_size=3118454 full_size=63567775
R5 [P2] iter 25 done: global_full_size=520440216
R3 [P2] iter 25: PRE-JOIN GPU mem: 84.0GB free / 85.1GB total | delta_size=3240450 full_size=65587764
R6 [P2] iter 25 done: global_full_size=520440216
R7 [P2] iter 25 done: global_full_size=520440216
R4 [P2] iter 25: PRE-JOIN GPU mem: 84.0GB free / 85.1GB total | delta_size=3226024 full_size=65372340
R7 [P2] iter 25: PRE-JOIN GPU mem: 84.0GB free / 85.1GB total | delta_size=3197329 full_size=65080264
R5 [P2] iter 25: PRE-JOIN GPU mem: 84.0GB free / 85.1GB total | delta_size=3170778 full_size=64528163
R6 [P2] iter 25: PRE-JOIN GPU mem: 84.0GB free / 85.1GB total | delta_size=3186807 full_size=64655808
R7 [P2] iter 25: join done, raw=15328840 result_size=12272944
R4 [P2] iter 25: join done, raw=15830153 result_size=12669345
R5 [P2] iter 25: join done, raw=15758073 result_size=12501543
R6 [P2] iter 25: join done, raw=15610682 result_size=12518012
R0 [P2] iter 25: join done, raw=15593547 result_size=12511390
R1 [P2] iter 25: join done, raw=15986064 result_size=12671649
R2 [P2] iter 25: join done, raw=15497177 result_size=12383976
R3 [P2] iter 25: join done, raw=15733794 result_size=12581463
R2 [P2] iter 25: split done, delta_size=12147937
R5 [P2] iter 25: split done, delta_size=12451638
R1 [P2] iter 25: split done, delta_size=12809505
R0 [P2] iter 25: split done, delta_size=12958945
R3 [P2] iter 25: split done, delta_size=12516419
R7 [P2] iter 25: split done, delta_size=12337764
R2 [P2] iter 25: dedup done, delta_size=5516229
R1 [P2] iter 25: dedup done, delta_size=5772738
R2 [P2] iter 25: subtract done, delta_size=3021338
R0 [P2] iter 25: dedup done, delta_size=5747696
R3 [P2] iter 25: dedup done, delta_size=5714518
R1 [P2] iter 25: subtract done, delta_size=3163147
R0 [P2] iter 25: subtract done, delta_size=3089986
R2 [P2] iter 25: merge done, full_size=66589113
R3 [P2] iter 25: subtract done, delta_size=3133856
R1 [P2] iter 25: merge done, full_size=69149239
R0 [P2] iter 25: merge done, full_size=68751996
R3 [P2] iter 25: merge done, full_size=68721620
R6 [P2] iter 25: split done, delta_size=12442068
R4 [P2] iter 25: split done, delta_size=12446046
R5 [P2] iter 25: dedup done, delta_size=5630629
R7 [P2] iter 25: dedup done, delta_size=5619497
R5 [P2] iter 25: subtract done, delta_size=3076587
R7 [P2] iter 25: subtract done, delta_size=3112685
R4 [P2] iter 25: dedup done, delta_size=5672316
R6 [P2] iter 25: dedup done, delta_size=5609364
R7 [P2] iter 25: merge done, full_size=68192949
R5 [P2] iter 25: merge done, full_size=67604750
R6 [P2] iter 25: subtract done, delta_size=3103029
R4 [P2] iter 25: subtract done, delta_size=3136958
R6 [P2] iter 25: merge done, full_size=67758837
R4 [P2] iter 25: merge done, full_size=68509298
R0 [P2] iter 26 done: global_full_size=545277802
R1 [P2] iter 26 done: global_full_size=545277802
R2 [P2] iter 26 done: global_full_size=545277802
R4 [P2] iter 26 done: global_full_size=545277802
R3 [P2] iter 26 done: global_full_size=545277802
R5 [P2] iter 26 done: global_full_size=545277802
R0 [P2] iter 26: PRE-JOIN GPU mem: 84.0GB free / 85.1GB total | delta_size=3089986 full_size=68751996
R6 [P2] iter 26 done: global_full_size=545277802
R1 [P2] iter 26: PRE-JOIN GPU mem: 84.0GB free / 85.1GB total | delta_size=3163147 full_size=69149239
R7 [P2] iter 26 done: global_full_size=545277802
R2 [P2] iter 26: PRE-JOIN GPU mem: 84.0GB free / 85.1GB total | delta_size=3021338 full_size=66589113
R4 [P2] iter 26: PRE-JOIN GPU mem: 84.0GB free / 85.1GB total | delta_size=3136958 full_size=68509298
R3 [P2] iter 26: PRE-JOIN GPU mem: 84.0GB free / 85.1GB total | delta_size=3133856 full_size=68721620
R5 [P2] iter 26: PRE-JOIN GPU mem: 84.0GB free / 85.1GB total | delta_size=3076587 full_size=67604750
R6 [P2] iter 26: PRE-JOIN GPU mem: 84.0GB free / 85.1GB total | delta_size=3103029 full_size=67758837
R7 [P2] iter 26: PRE-JOIN GPU mem: 84.0GB free / 85.1GB total | delta_size=3112685 full_size=68192949
R6 [P2] iter 26: join done, raw=15399438 result_size=12288437
R1 [P2] iter 26: join done, raw=15669622 result_size=12396428
R0 [P2] iter 26: join done, raw=15288417 result_size=12232006
R4 [P2] iter 26: join done, raw=15626837 result_size=12431532
R7 [P2] iter 26: join done, raw=15045431 result_size=12018000
R2 [P2] iter 26: join done, raw=15194574 result_size=12091259
R5 [P2] iter 26: join done, raw=15459559 result_size=12231087
R3 [P2] iter 26: join done, raw=15375589 result_size=12263022
R6 [P2] iter 26: split done, delta_size=12153761
R5 [P2] iter 26: split done, delta_size=12202811
R4 [P2] iter 26: split done, delta_size=12189750
R7 [P2] iter 26: split done, delta_size=12076948
R6 [P2] iter 26: dedup done, delta_size=5452228
R1 [P2] iter 26: split done, delta_size=12570170
R0 [P2] iter 26: split done, delta_size=12689423
R2 [P2] iter 26: split done, delta_size=11840415
R6 [P2] iter 26: subtract done, delta_size=3010895
R3 [P2] iter 26: split done, delta_size=12228493
R5 [P2] iter 26: dedup done, delta_size=5470600
R4 [P2] iter 26: dedup done, delta_size=5519895
R7 [P2] iter 26: dedup done, delta_size=5457687
R4 [P2] iter 26: subtract done, delta_size=3042542
R6 [P2] iter 26: merge done, full_size=70769732
R5 [P2] iter 26: subtract done, delta_size=2978776
R7 [P2] iter 26: subtract done, delta_size=3014748
R0 [P2] iter 26: dedup done, delta_size=5590068
R1 [P2] iter 26: dedup done, delta_size=5619867
R0 [P2] iter 26: subtract done, delta_size=2997551
R1 [P2] iter 26: subtract done, delta_size=3065973
R4 [P2] iter 26: merge done, full_size=71551840
R5 [P2] iter 26: merge done, full_size=70583526
R7 [P2] iter 26: merge done, full_size=71207697
R0 [P2] iter 26: merge done, full_size=71749547
R1 [P2] iter 26: merge done, full_size=72215212
R2 [P2] iter 26: dedup done, delta_size=5348423
R3 [P2] iter 26: dedup done, delta_size=5538909
R3 [P2] iter 26: subtract done, delta_size=3029368
R2 [P2] iter 26: subtract done, delta_size=2924585
R3 [P2] iter 26: merge done, full_size=71750988
R2 [P2] iter 26: merge done, full_size=69513698
R0 [P2] iter 27 done: global_full_size=569342240
R4 [P2] iter 27 done: global_full_size=569342240
R1 [P2] iter 27 done: global_full_size=569342240
R1 [P2] iter 27: PRE-JOIN GPU mem: 84.0GB free / 85.1GB total | delta_size=3065973 full_size=72215212
R5 [P2] iter 27 done: global_full_size=569342240
R2 [P2] iter 27 done: global_full_size=569342240
R2 [P2] iter 27: PRE-JOIN GPU mem: 84.0GB free / 85.1GB total | delta_size=2924585 full_size=69513698
R6 [P2] iter 27 done: global_full_size=569342240
R3 [P2] iter 27 done: global_full_size=569342240
R3 [P2] iter 27: PRE-JOIN GPU mem: 84.0GB free / 85.1GB total | delta_size=3029368 full_size=71750988
R7 [P2] iter 27 done: global_full_size=569342240
R0 [P2] iter 27: PRE-JOIN GPU mem: 84.0GB free / 85.1GB total | delta_size=2997551 full_size=71749547
R5 [P2] iter 27: PRE-JOIN GPU mem: 84.0GB free / 85.1GB total | delta_size=2978776 full_size=70583526
R6 [P2] iter 27: PRE-JOIN GPU mem: 84.0GB free / 85.1GB total | delta_size=3010895 full_size=70769732
R4 [P2] iter 27: PRE-JOIN GPU mem: 84.0GB free / 85.1GB total | delta_size=3042542 full_size=71551840
R7 [P2] iter 27: PRE-JOIN GPU mem: 84.0GB free / 85.1GB total | delta_size=3014748 full_size=71207697
R1 [P2] iter 27: join done, raw=15315108 result_size=12091930
R0 [P2] iter 27: join done, raw=15102478 result_size=12005414
R3 [P2] iter 27: join done, raw=15143125 result_size=11996539
R2 [P2] iter 27: join done, raw=14953018 result_size=11834880
R7 [P2] iter 27: join done, raw=14749849 result_size=11733119
R5 [P2] iter 27: join done, raw=15164569 result_size=11943233
R4 [P2] iter 27: join done, raw=15395988 result_size=12157831
R6 [P2] iter 27: join done, raw=15211344 result_size=12048025
R5 [P2] iter 27: split done, delta_size=11975157
R4 [P2] iter 27: split done, delta_size=11897736
R6 [P2] iter 27: split done, delta_size=11875295
R7 [P2] iter 27: split done, delta_size=11799046
R2 [P2] iter 27: split done, delta_size=11546590
R5 [P2] iter 27: dedup done, delta_size=5314238
R1 [P2] iter 27: split done, delta_size=12307553
R0 [P2] iter 27: split done, delta_size=12426795
R5 [P2] iter 27: subtract done, delta_size=2883057
R3 [P2] iter 27: split done, delta_size=11982799
R4 [P2] iter 27: dedup done, delta_size=5355411
R6 [P2] iter 27: dedup done, delta_size=5291023
R5 [P2] iter 27: merge done, full_size=73466583
R7 [P2] iter 27: dedup done, delta_size=5297944
R4 [P2] iter 27: subtract done, delta_size=2933767
R6 [P2] iter 27: subtract done, delta_size=2914405
R7 [P2] iter 27: subtract done, delta_size=2914966
R4 [P2] iter 27: merge done, full_size=74485607
R6 [P2] iter 27: merge done, full_size=73684137
R7 [P2] iter 27: merge done, full_size=74122663
R1 [P2] iter 27: dedup done, delta_size=5463242
R0 [P2] iter 27: dedup done, delta_size=5431188
R1 [P2] iter 27: subtract done, delta_size=2966591
R0 [P2] iter 27: subtract done, delta_size=2903705
R2 [P2] iter 27: dedup done, delta_size=5183500
R1 [P2] iter 27: merge done, full_size=75181803
R0 [P2] iter 27: merge done, full_size=74653252
R2 [P2] iter 27: subtract done, delta_size=2823884
R3 [P2] iter 27: dedup done, delta_size=5371257
R3 [P2] iter 27: subtract done, delta_size=2932107
R2 [P2] iter 27: merge done, full_size=72337582
R3 [P2] iter 27: merge done, full_size=74683095
R0 [P2] iter 28 done: global_full_size=592614722
R1 [P2] iter 28 done: global_full_size=592614722
R2 [P2] iter 28 done: global_full_size=592614722
R3 [P2] iter 28 done: global_full_size=592614722
R2 [P2] iter 28: PRE-JOIN GPU mem: 84.0GB free / 85.1GB total | delta_size=2823884 full_size=72337582
R0 [P2] iter 28: PRE-JOIN GPU mem: 83.9GB free / 85.1GB total | delta_size=2903705 full_size=74653252
R1 [P2] iter 28: PRE-JOIN GPU mem: 83.9GB free / 85.1GB total | delta_size=2966591 full_size=75181803
R3 [P2] iter 28: PRE-JOIN GPU mem: 83.9GB free / 85.1GB total | delta_size=2932107 full_size=74683095
R4 [P2] iter 28 done: global_full_size=592614722
R5 [P2] iter 28 done: global_full_size=592614722
R6 [P2] iter 28 done: global_full_size=592614722
R7 [P2] iter 28 done: global_full_size=592614722
R4 [P2] iter 28: PRE-JOIN GPU mem: 83.9GB free / 85.1GB total | delta_size=2933767 full_size=74485607
R5 [P2] iter 28: PRE-JOIN GPU mem: 84.0GB free / 85.1GB total | delta_size=2883057 full_size=73466583
R6 [P2] iter 28: PRE-JOIN GPU mem: 83.9GB free / 85.1GB total | delta_size=2914405 full_size=73684137
R7 [P2] iter 28: PRE-JOIN GPU mem: 83.9GB free / 85.1GB total | delta_size=2914966 full_size=74122663
R0 [P2] iter 28: join done, raw=14784287 result_size=11685051
R1 [P2] iter 28: join done, raw=14852975 result_size=11732727
R3 [P2] iter 28: join done, raw=14810215 result_size=11693323
R2 [P2] iter 28: join done, raw=14515887 result_size=11477931
R4 [P2] iter 28: join done, raw=15073560 result_size=11826334
R5 [P2] iter 28: join done, raw=14833717 result_size=11593558
R6 [P2] iter 28: join done, raw=14834896 result_size=11715149
R7 [P2] iter 28: join done, raw=14356143 result_size=11379020
R5 [P2] iter 28: split done, delta_size=11682048
R3 [P2] iter 28: split done, delta_size=11676610
R7 [P2] iter 28: split done, delta_size=11447122
R6 [P2] iter 28: split done, delta_size=11498981
R4 [P2] iter 28: split done, delta_size=11560697
R2 [P2] iter 28: split done, delta_size=11187771
R1 [P2] iter 28: split done, delta_size=11953900
R0 [P2] iter 28: split done, delta_size=12095964
R5 [P2] iter 28: dedup done, delta_size=5153603
R3 [P2] iter 28: dedup done, delta_size=5204460
R5 [P2] iter 28: subtract done, delta_size=2786599
R7 [P2] iter 28: dedup done, delta_size=5114526
R6 [P2] iter 28: dedup done, delta_size=5107550
R2 [P2] iter 28: dedup done, delta_size=5005847
R4 [P2] iter 28: dedup done, delta_size=5188160
R1 [P2] iter 28: dedup done, delta_size=5282464
R5 [P2] iter 28: merge done, full_size=76253182
R7 [P2] iter 28: subtract done, delta_size=2798941
R6 [P2] iter 28: subtract done, delta_size=2799317
R4 [P2] iter 28: subtract done, delta_size=2837483
R1 [P2] iter 28: subtract done, delta_size=2849487
R7 [P2] iter 28: merge done, full_size=76921604
R2 [P2] iter 28: subtract done, delta_size=2713197
R3 [P2] iter 28: subtract done, delta_size=2828671
R6 [P2] iter 28: merge done, full_size=76483454
R0 [P2] iter 28: dedup done, delta_size=5257621
R4 [P2] iter 28: merge done, full_size=77323090
R0 [P2] iter 28: subtract done, delta_size=2797571
R1 [P2] iter 28: merge done, full_size=78031290
R0 [P2] iter 28: merge done, full_size=77450823
R3 [P2] iter 28: merge done, full_size=77511766
R2 [P2] iter 28: merge done, full_size=75050779
R4 [P2] iter 29 done: global_full_size=615025988
R5 [P2] iter 29 done: global_full_size=615025988
R6 [P2] iter 29 done: global_full_size=615025988
R7 [P2] iter 29 done: global_full_size=615025988
R0 [P2] iter 29 done: global_full_size=615025988
R0 [P2] iter 29: PRE-JOIN GPU mem: 83.9GB free / 85.1GB total | delta_size=2797571 full_size=77450823
R4 [P2] iter 29: PRE-JOIN GPU mem: 83.9GB free / 85.1GB total | delta_size=2837483 full_size=77323090
R1 [P2] iter 29 done: global_full_size=615025988
R1 [P2] iter 29: PRE-JOIN GPU mem: 83.9GB free / 85.1GB total | delta_size=2849487 full_size=78031290
R5 [P2] iter 29: PRE-JOIN GPU mem: 83.9GB free / 85.1GB total | delta_size=2786599 full_size=76253182
R2 [P2] iter 29 done: global_full_size=615025988
R2 [P2] iter 29: PRE-JOIN GPU mem: 83.9GB free / 85.1GB total | delta_size=2713197 full_size=75050779
R6 [P2] iter 29: PRE-JOIN GPU mem: 83.9GB free / 85.1GB total | delta_size=2799317 full_size=76483454
R3 [P2] iter 29 done: global_full_size=615025988
R3 [P2] iter 29: PRE-JOIN GPU mem: 83.9GB free / 85.1GB total | delta_size=2828671 full_size=77511766
R7 [P2] iter 29: PRE-JOIN GPU mem: 83.9GB free / 85.1GB total | delta_size=2798941 full_size=76921604
R5 [P2] iter 29: join done, raw=14350812 result_size=11198505
R7 [P2] iter 29: join done, raw=13787348 result_size=10942578
R6 [P2] iter 29: join done, raw=14302211 result_size=11290559
R0 [P2] iter 29: join done, raw=14311206 result_size=11287905
R4 [P2] iter 29: join done, raw=14678918 result_size=11459779
R1 [P2] iter 29: join done, raw=14247055 result_size=11265383
R3 [P2] iter 29: join done, raw=14307136 result_size=11290774
R2 [P2] iter 29: join done, raw=13955832 result_size=11031634
R5 [P2] iter 29: split done, delta_size=11259997
R3 [P2] iter 29: split done, delta_size=11278117
R4 [P2] iter 29: split done, delta_size=11149781
R2 [P2] iter 29: split done, delta_size=10753162
R0 [P2] iter 29: split done, delta_size=11647537
R1 [P2] iter 29: split done, delta_size=11533968
R6 [P2] iter 29: split done, delta_size=11100407
R7 [P2] iter 29: split done, delta_size=11044148
R5 [P2] iter 29: dedup done, delta_size=4961084
R3 [P2] iter 29: dedup done, delta_size=5018763
R4 [P2] iter 29: dedup done, delta_size=5006223
R5 [P2] iter 29: subtract done, delta_size=2678101
R2 [P2] iter 29: dedup done, delta_size=4813867
R0 [P2] iter 29: dedup done, delta_size=5055407
R1 [P2] iter 29: dedup done, delta_size=5089909
R3 [P2] iter 29: subtract done, delta_size=2720152
R2 [P2] iter 29: subtract done, delta_size=2601901
R4 [P2] iter 29: subtract done, delta_size=2731005
R5 [P2] iter 29: merge done, full_size=78931283
R0 [P2] iter 29: subtract done, delta_size=2685242
R1 [P2] iter 29: subtract done, delta_size=2740533
R6 [P2] iter 29: dedup done, delta_size=4934337
R7 [P2] iter 29: dedup done, delta_size=4923371
R3 [P2] iter 29: merge done, full_size=80231918
R2 [P2] iter 29: merge done, full_size=77652680
R0 [P2] iter 29: merge done, full_size=80136065
R4 [P2] iter 29: merge done, full_size=80054095
R6 [P2] iter 29: subtract done, delta_size=2705052
R7 [P2] iter 29: subtract done, delta_size=2690957
R1 [P2] iter 29: merge done, full_size=80771823
R6 [P2] iter 29: merge done, full_size=79188506
R7 [P2] iter 29: merge done, full_size=79612561
R0 [P2] iter 30 done: global_full_size=636578931
R1 [P2] iter 30 done: global_full_size=636578931
R2 [P2] iter 30 done: global_full_size=636578931
R3 [P2] iter 30 done: global_full_size=636578931
R0 [P2] iter 30: PRE-JOIN GPU mem: 83.9GB free / 85.1GB total | delta_size=2685242 full_size=80136065
R1 [P2] iter 30: PRE-JOIN GPU mem: 83.9GB free / 85.1GB total | delta_size=2740533 full_size=80771823
R2 [P2] iter 30: PRE-JOIN GPU mem: 83.9GB free / 85.1GB total | delta_size=2601901 full_size=77652680
R3 [P2] iter 30: PRE-JOIN GPU mem: 83.9GB free / 85.1GB total | delta_size=2720152 full_size=80231918
R4 [P2] iter 30 done: global_full_size=636578931
R4 [P2] iter 30: PRE-JOIN GPU mem: 83.9GB free / 85.1GB total | delta_size=2731005 full_size=80054095
R5 [P2] iter 30 done: global_full_size=636578931
R5 [P2] iter 30: PRE-JOIN GPU mem: 83.9GB free / 85.1GB total | delta_size=2678101 full_size=78931283
R6 [P2] iter 30 done: global_full_size=636578931
R6 [P2] iter 30: PRE-JOIN GPU mem: 83.9GB free / 85.1GB total | delta_size=2705052 full_size=79188506
R7 [P2] iter 30 done: global_full_size=636578931
R7 [P2] iter 30: PRE-JOIN GPU mem: 83.9GB free / 85.1GB total | delta_size=2690957 full_size=79612561
R1 [P2] iter 30: join done, raw=13679806 result_size=10825351
R0 [P2] iter 30: join done, raw=13769640 result_size=10865012
R2 [P2] iter 30: join done, raw=13436152 result_size=10599529
R3 [P2] iter 30: join done, raw=13764799 result_size=10864733
R5 [P2] iter 30: join done, raw=13808188 result_size=10782421
R7 [P2] iter 30: join done, raw=13316632 result_size=10553912
R6 [P2] iter 30: join done, raw=13825061 result_size=10887427
R4 [P2] iter 30: join done, raw=14160409 result_size=11052822
R6 [P2] iter 30: split done, delta_size=10696740
R5 [P2] iter 30: split done, delta_size=10848767
R2 [P2] iter 30: split done, delta_size=10336652
R7 [P2] iter 30: split done, delta_size=10651514
R4 [P2] iter 30: split done, delta_size=10751114
R3 [P2] iter 30: split done, delta_size=10839028
R0 [P2] iter 30: split done, delta_size=11184967
R6 [P2] iter 30: dedup done, delta_size=4748531
R5 [P2] iter 30: dedup done, delta_size=4774210
R1 [P2] iter 30: split done, delta_size=11122425
R6 [P2] iter 30: subtract done, delta_size=2594847
R5 [P2] iter 30: subtract done, delta_size=2574708
R7 [P2] iter 30: dedup done, delta_size=4736616
R4 [P2] iter 30: dedup done, delta_size=4822056
R6 [P2] iter 30: merge done, full_size=81783353
R7 [P2] iter 30: subtract done, delta_size=2578967
R5 [P2] iter 30: merge done, full_size=81505991
R4 [P2] iter 30: subtract done, delta_size=2630820
R7 [P2] iter 30: merge done, full_size=82191528
R4 [P2] iter 30: merge done, full_size=82684915
R0 [P2] iter 30: dedup done, delta_size=4847188
R2 [P2] iter 30: dedup done, delta_size=4622893
R0 [P2] iter 30: subtract done, delta_size=2571730
R3 [P2] iter 30: dedup done, delta_size=4806245
R1 [P2] iter 30: dedup done, delta_size=4900471
R0 [P2] iter 30: merge done, full_size=82707795
R1 [P2] iter 30: subtract done, delta_size=2632837
R2 [P2] iter 30: subtract done, delta_size=2498624
R3 [P2] iter 30: subtract done, delta_size=2593306
R1 [P2] iter 30: merge done, full_size=83404660
R2 [P2] iter 30: merge done, full_size=80151304
R3 [P2] iter 30: merge done, full_size=82825224
R0 [P2] iter 31 done: global_full_size=657254770
R1 [P2] iter 31 done: global_full_size=657254770
R2 [P2] iter 31 done: global_full_size=657254770
R3 [P2] iter 31 done: global_full_size=657254770
R3 [P2] iter 31: PRE-JOIN GPU mem: 83.9GB free / 85.1GB total | delta_size=2593306 full_size=82825224
R0 [P2] iter 31: PRE-JOIN GPU mem: 83.9GB free / 85.1GB total | delta_size=2571730 full_size=82707795
R1 [P2] iter 31: PRE-JOIN GPU mem: 83.9GB free / 85.1GB total | delta_size=2632837 full_size=83404660
R2 [P2] iter 31: PRE-JOIN GPU mem: 83.9GB free / 85.1GB total | delta_size=2498624 full_size=80151304
R4 [P2] iter 31 done: global_full_size=657254770
R5 [P2] iter 31 done: global_full_size=657254770
R6 [P2] iter 31 done: global_full_size=657254770
R7 [P2] iter 31 done: global_full_size=657254770
R4 [P2] iter 31: PRE-JOIN GPU mem: 83.9GB free / 85.1GB total | delta_size=2630820 full_size=82684915
R5 [P2] iter 31: PRE-JOIN GPU mem: 83.9GB free / 85.1GB total | delta_size=2574708 full_size=81505991
R6 [P2] iter 31: PRE-JOIN GPU mem: 83.9GB free / 85.1GB total | delta_size=2594847 full_size=81783353
R7 [P2] iter 31: PRE-JOIN GPU mem: 83.9GB free / 85.1GB total | delta_size=2578967 full_size=82191528
R1 [P2] iter 31: join done, raw=13156016 result_size=10403541
R0 [P2] iter 31: join done, raw=13299429 result_size=10451384
R2 [P2] iter 31: join done, raw=12994858 result_size=10222845
R3 [P2] iter 31: join done, raw=13160144 result_size=10384173
R7 [P2] iter 31: join done, raw=12901592 result_size=10172447
R5 [P2] iter 31: join done, raw=13277243 result_size=10374295
R6 [P2] iter 31: join done, raw=13322301 result_size=10463634
R4 [P2] iter 31: join done, raw=13683506 result_size=10662816
R3 [P2] iter 31: split done, delta_size=10423978
R5 [P2] iter 31: split done, delta_size=10445137
R7 [P2] iter 31: split done, delta_size=10252953
R2 [P2] iter 31: split done, delta_size=9950497
R6 [P2] iter 31: split done, delta_size=10241013
R4 [P2] iter 31: split done, delta_size=10370555
R0 [P2] iter 31: split done, delta_size=10744701
R1 [P2] iter 31: split done, delta_size=10706301
R3 [P2] iter 31: dedup done, delta_size=4595012
R2 [P2] iter 31: dedup done, delta_size=4427895
R3 [P2] iter 31: subtract done, delta_size=2475319
R2 [P2] iter 31: subtract done, delta_size=2386614
R0 [P2] iter 31: dedup done, delta_size=4631880
R1 [P2] iter 31: dedup done, delta_size=4697323
R3 [P2] iter 31: merge done, full_size=85300543
R2 [P2] iter 31: merge done, full_size=82537918
R0 [P2] iter 31: subtract done, delta_size=2452900
R1 [P2] iter 31: subtract done, delta_size=2521262
R0 [P2] iter 31: merge done, full_size=85160695
R1 [P2] iter 31: merge done, full_size=85925922
R5 [P2] iter 31: dedup done, delta_size=4569379
R4 [P2] iter 31: dedup done, delta_size=4627621
R6 [P2] iter 31: dedup done, delta_size=4532936
R5 [P2] iter 31: subtract done, delta_size=2453780
R7 [P2] iter 31: dedup done, delta_size=4529355
R4 [P2] iter 31: subtract done, delta_size=2512681
R6 [P2] iter 31: subtract done, delta_size=2464989
R5 [P2] iter 31: merge done, full_size=83959771
R7 [P2] iter 31: subtract done, delta_size=2455095
R6 [P2] iter 31: merge done, full_size=84248342
R4 [P2] iter 31: merge done, full_size=85197596
R7 [P2] iter 31: merge done, full_size=84646623
R0 [P2] iter 32 done: global_full_size=676977410
R4 [P2] iter 32 done: global_full_size=676977410
R1 [P2] iter 32 done: global_full_size=676977410
R5 [P2] iter 32 done: global_full_size=676977410
R2 [P2] iter 32 done: global_full_size=676977410
R6 [P2] iter 32 done: global_full_size=676977410
R3 [P2] iter 32 done: global_full_size=676977410
R7 [P2] iter 32 done: global_full_size=676977410
R0 [P2] iter 32: PRE-JOIN GPU mem: 83.9GB free / 85.1GB total | delta_size=2452900 full_size=85160695
R4 [P2] iter 32: PRE-JOIN GPU mem: 83.9GB free / 85.1GB total | delta_size=2512681 full_size=85197596
R1 [P2] iter 32: PRE-JOIN GPU mem: 83.9GB free / 85.1GB total | delta_size=2521262 full_size=85925922
R5 [P2] iter 32: PRE-JOIN GPU mem: 83.9GB free / 85.1GB total | delta_size=2453780 full_size=83959771
R2 [P2] iter 32: PRE-JOIN GPU mem: 83.9GB free / 85.1GB total | delta_size=2386614 full_size=82537918
R6 [P2] iter 32: PRE-JOIN GPU mem: 83.9GB free / 85.1GB total | delta_size=2464989 full_size=84248342
R3 [P2] iter 32: PRE-JOIN GPU mem: 83.9GB free / 85.1GB total | delta_size=2475319 full_size=85300543
R7 [P2] iter 32: PRE-JOIN GPU mem: 83.9GB free / 85.1GB total | delta_size=2455095 full_size=84646623
R7 [P2] iter 32: join done, raw=12380470 result_size=9722550
R4 [P2] iter 32: join done, raw=13118905 result_size=10202582
R6 [P2] iter 32: join done, raw=12678997 result_size=9955741
R5 [P2] iter 32: join done, raw=12695455 result_size=9916869
R1 [P2] iter 32: join done, raw=12673060 result_size=9993637
R0 [P2] iter 32: join done, raw=12764161 result_size=10001501
R2 [P2] iter 32: join done, raw=12482406 result_size=9788751
R3 [P2] iter 32: join done, raw=12671966 result_size=9958797
R2 [P2] iter 32: split done, delta_size=9516655
R1 [P2] iter 32: split done, delta_size=10223208
R6 [P2] iter 32: split done, delta_size=9775086
R0 [P2] iter 32: split done, delta_size=10286553
R3 [P2] iter 32: split done, delta_size=9992202
R5 [P2] iter 32: split done, delta_size=9994860
R7 [P2] iter 32: split done, delta_size=9819308
R4 [P2] iter 32: split done, delta_size=9932556
R2 [P2] iter 32: dedup done, delta_size=4215188
R1 [P2] iter 32: dedup done, delta_size=4468739
R6 [P2] iter 32: dedup done, delta_size=4306261
R0 [P2] iter 32: dedup done, delta_size=4409778
R3 [P2] iter 32: dedup done, delta_size=4377551
R2 [P2] iter 32: subtract done, delta_size=2250907
R1 [P2] iter 32: subtract done, delta_size=2376126
R0 [P2] iter 32: subtract done, delta_size=2325485
R6 [P2] iter 32: subtract done, delta_size=2325608
R3 [P2] iter 32: subtract done, delta_size=2344123
R5 [P2] iter 32: dedup done, delta_size=4347373
R2 [P2] iter 32: merge done, full_size=84788825
R7 [P2] iter 32: dedup done, delta_size=4308624
R4 [P2] iter 32: dedup done, delta_size=4408381
R1 [P2] iter 32: merge done, full_size=88302048
R0 [P2] iter 32: merge done, full_size=87486180
R6 [P2] iter 32: merge done, full_size=86573950
R3 [P2] iter 32: merge done, full_size=87644666
R5 [P2] iter 32: subtract done, delta_size=2316321
R7 [P2] iter 32: subtract done, delta_size=2320126
R4 [P2] iter 32: subtract done, delta_size=2374238
R5 [P2] iter 32: merge done, full_size=86276092
R7 [P2] iter 32: merge done, full_size=86966749
R4 [P2] iter 32: merge done, full_size=87571834
R0 [P2] iter 33 done: global_full_size=695610344
R4 [P2] iter 33 done: global_full_size=695610344
R1 [P2] iter 33 done: global_full_size=695610344
R5 [P2] iter 33 done: global_full_size=695610344
R2 [P2] iter 33 done: global_full_size=695610344
R6 [P2] iter 33 done: global_full_size=695610344
R3 [P2] iter 33 done: global_full_size=695610344
R7 [P2] iter 33 done: global_full_size=695610344
R7 [P2] iter 33: PRE-JOIN GPU mem: 83.9GB free / 85.1GB total | delta_size=2320126 full_size=86966749
R0 [P2] iter 33: PRE-JOIN GPU mem: 83.9GB free / 85.1GB total | delta_size=2325485 full_size=87486180
R4 [P2] iter 33: PRE-JOIN GPU mem: 83.9GB free / 85.1GB total | delta_size=2374238 full_size=87571834
R1 [P2] iter 33: PRE-JOIN GPU mem: 83.9GB free / 85.1GB total | delta_size=2376126 full_size=88302048
R5 [P2] iter 33: PRE-JOIN GPU mem: 83.9GB free / 85.1GB total | delta_size=2316321 full_size=86276092
R2 [P2] iter 33: PRE-JOIN GPU mem: 83.9GB free / 85.1GB total | delta_size=2250907 full_size=84788825
R6 [P2] iter 33: PRE-JOIN GPU mem: 83.9GB free / 85.1GB total | delta_size=2325608 full_size=86573950
R3 [P2] iter 33: PRE-JOIN GPU mem: 83.9GB free / 85.1GB total | delta_size=2344123 full_size=87644666
R1 [P2] iter 33: join done, raw=11986341 result_size=9443569
R0 [P2] iter 33: join done, raw=12110966 result_size=9475117
R7 [P2] iter 33: join done, raw=11709580 result_size=9183988
R2 [P2] iter 33: join done, raw=11752488 result_size=9209245
R3 [P2] iter 33: join done, raw=12013221 result_size=9421950
R6 [P2] iter 33: join done, raw=11933235 result_size=9391128
R4 [P2] iter 33: join done, raw=12349270 result_size=9618523
R5 [P2] iter 33: join done, raw=11991480 result_size=9337770
R0 [P2] iter 33: split done, delta_size=9715890
R2 [P2] iter 33: split done, delta_size=8977857
R1 [P2] iter 33: split done, delta_size=9619207
R6 [P2] iter 33: split done, delta_size=9247830
R5 [P2] iter 33: split done, delta_size=9404555
R7 [P2] iter 33: split done, delta_size=9284647
R3 [P2] iter 33: split done, delta_size=9427397
R4 [P2] iter 33: split done, delta_size=9403907
R0 [P2] iter 33: dedup done, delta_size=4151082
R6 [P2] iter 33: dedup done, delta_size=4053697
R0 [P2] iter 33: subtract done, delta_size=2165006
R7 [P2] iter 33: dedup done, delta_size=4050175
R5 [P2] iter 33: dedup done, delta_size=4079345
R4 [P2] iter 33: dedup done, delta_size=4148081
R2 [P2] iter 33: dedup done, delta_size=3963341
R1 [P2] iter 33: dedup done, delta_size=4191570
R6 [P2] iter 33: subtract done, delta_size=2163681
R7 [P2] iter 33: subtract done, delta_size=2154578
R5 [P2] iter 33: subtract done, delta_size=2142965
R4 [P2] iter 33: subtract done, delta_size=2205474
R1 [P2] iter 33: subtract done, delta_size=2200216
R6 [P2] iter 33: merge done, full_size=88737631
R5 [P2] iter 33: merge done, full_size=88419057
R7 [P2] iter 33: merge done, full_size=89121327
R4 [P2] iter 33: merge done, full_size=89777308
R0 [P2] iter 33: merge done, full_size=89651186
R1 [P2] iter 33: merge done, full_size=90502264
R2 [P2] iter 33: subtract done, delta_size=2089274
R3 [P2] iter 33: dedup done, delta_size=4120328
R3 [P2] iter 33: subtract done, delta_size=2180320
R2 [P2] iter 33: merge done, full_size=86878099
R3 [P2] iter 33: merge done, full_size=89824986
R0 [P2] iter 34 done: global_full_size=712911858
R1 [P2] iter 34 done: global_full_size=712911858
R4 [P2] iter 34 done: global_full_size=712911858
R2 [P2] iter 34 done: global_full_size=712911858
R5 [P2] iter 34 done: global_full_size=712911858
R3 [P2] iter 34 done: global_full_size=712911858
R6 [P2] iter 34 done: global_full_size=712911858
R6 [P2] iter 34: PRE-JOIN GPU mem: 83.9GB free / 85.1GB total | delta_size=2163681 full_size=88737631
R0 [P2] iter 34: PRE-JOIN GPU mem: 83.8GB free / 85.1GB total | delta_size=2165006 full_size=89651186
R7 [P2] iter 34 done: global_full_size=712911858
R7 [P2] iter 34: PRE-JOIN GPU mem: 83.8GB free / 85.1GB total | delta_size=2154578 full_size=89121327
R1 [P2] iter 34: PRE-JOIN GPU mem: 83.8GB free / 85.1GB total | delta_size=2200216 full_size=90502264
R4 [P2] iter 34: PRE-JOIN GPU mem: 83.8GB free / 85.1GB total | delta_size=2205474 full_size=89777308
R2 [P2] iter 34: PRE-JOIN GPU mem: 83.9GB free / 85.1GB total | delta_size=2089274 full_size=86878099
R5 [P2] iter 34: PRE-JOIN GPU mem: 83.9GB free / 85.1GB total | delta_size=2142965 full_size=88419057
R3 [P2] iter 34: PRE-JOIN GPU mem: 83.8GB free / 85.1GB total | delta_size=2180320 full_size=89824986
R0 [P2] iter 34: join done, raw=11149490 result_size=8747706
R1 [P2] iter 34: join done, raw=11055734 result_size=8714608
R3 [P2] iter 34: join done, raw=11138175 result_size=8744859
R2 [P2] iter 34: join done, raw=10918859 result_size=8537733
R6 [P2] iter 34: join done, raw=11082018 result_size=8699606
R7 [P2] iter 34: join done, raw=10793392 result_size=8476011
R5 [P2] iter 34: join done, raw=11048495 result_size=8617818
R4 [P2] iter 34: join done, raw=11455323 result_size=8901421
R1 [P2] iter 34: split done, delta_size=8888369
R5 [P2] iter 34: split done, delta_size=8677768
R7 [P2] iter 34: split done, delta_size=8630491
R6 [P2] iter 34: split done, delta_size=8573381
R2 [P2] iter 34: split done, delta_size=8304698
R4 [P2] iter 34: split done, delta_size=8677867
R3 [P2] iter 34: split done, delta_size=8717948
R0 [P2] iter 34: split done, delta_size=8969240
R1 [P2] iter 34: dedup done, delta_size=3877808
R2 [P2] iter 34: dedup done, delta_size=3664509
R1 [P2] iter 34: subtract done, delta_size=2030143
R2 [P2] iter 34: subtract done, delta_size=1916411
R0 [P2] iter 34: dedup done, delta_size=3841230
R3 [P2] iter 34: dedup done, delta_size=3824909
R1 [P2] iter 34: merge done, full_size=92532407
R0 [P2] iter 34: subtract done, delta_size=1989150
R2 [P2] iter 34: merge done, full_size=88794510
R3 [P2] iter 34: subtract done, delta_size=2012416
R0 [P2] iter 34: merge done, full_size=91640336
R3 [P2] iter 34: merge done, full_size=91837402
R6 [P2] iter 34: dedup done, delta_size=3760809
R7 [P2] iter 34: dedup done, delta_size=3760749
R5 [P2] iter 34: dedup done, delta_size=3773805
R6 [P2] iter 34: subtract done, delta_size=1989783
R7 [P2] iter 34: subtract done, delta_size=1986257
R5 [P2] iter 34: subtract done, delta_size=1970573
R4 [P2] iter 34: dedup done, delta_size=3839143
R7 [P2] iter 34: merge done, full_size=91107584
R6 [P2] iter 34: merge done, full_size=90727414
R5 [P2] iter 34: merge done, full_size=90389630
R4 [P2] iter 34: subtract done, delta_size=2022419
R4 [P2] iter 34: merge done, full_size=91799727
R0 [P2] iter 35 done: global_full_size=728829010
R1 [P2] iter 35 done: global_full_size=728829010
R2 [P2] iter 35 done: global_full_size=728829010
R3 [P2] iter 35 done: global_full_size=728829010
R0 [P2] iter 35: PRE-JOIN GPU mem: 83.8GB free / 85.1GB total | delta_size=1989150 full_size=91640336
R1 [P2] iter 35: PRE-JOIN GPU mem: 83.8GB free / 85.1GB total | delta_size=2030143 full_size=92532407
R2 [P2] iter 35: PRE-JOIN GPU mem: 83.9GB free / 85.1GB total | delta_size=1916411 full_size=88794510
R3 [P2] iter 35: PRE-JOIN GPU mem: 83.8GB free / 85.1GB total | delta_size=2012416 full_size=91837402
R4 [P2] iter 35 done: global_full_size=728829010
R5 [P2] iter 35 done: global_full_size=728829010
R6 [P2] iter 35 done: global_full_size=728829010
R7 [P2] iter 35 done: global_full_size=728829010
R4 [P2] iter 35: PRE-JOIN GPU mem: 83.8GB free / 85.1GB total | delta_size=2022419 full_size=91799727
R5 [P2] iter 35: PRE-JOIN GPU mem: 83.8GB free / 85.1GB total | delta_size=1970573 full_size=90389630
R6 [P2] iter 35: PRE-JOIN GPU mem: 83.8GB free / 85.1GB total | delta_size=1989783 full_size=90727414
R7 [P2] iter 35: PRE-JOIN GPU mem: 83.8GB free / 85.1GB total | delta_size=1986257 full_size=91107584
R6 [P2] iter 35: join done, raw=10357950 result_size=8084808
R7 [P2] iter 35: join done, raw=10134246 result_size=7924964
R4 [P2] iter 35: join done, raw=10628374 result_size=8238321
R5 [P2] iter 35: join done, raw=10327688 result_size=8020706
R0 [P2] iter 35: join done, raw=10370915 result_size=8138337
R1 [P2] iter 35: join done, raw=10372115 result_size=8126040
R2 [P2] iter 35: join done, raw=10203574 result_size=7940815
R3 [P2] iter 35: join done, raw=10419467 result_size=8149392
R7 [P2] iter 35: split done, delta_size=8063961
R6 [P2] iter 35: split done, delta_size=7964298
R3 [P2] iter 35: split done, delta_size=8126599
R2 [P2] iter 35: split done, delta_size=7724857
R1 [P2] iter 35: split done, delta_size=8242161
R0 [P2] iter 35: split done, delta_size=8325745
R3 [P2] iter 35: dedup done, delta_size=3545279
R4 [P2] iter 35: split done, delta_size=8074984
R5 [P2] iter 35: split done, delta_size=8100778
R2 [P2] iter 35: dedup done, delta_size=3390421
R3 [P2] iter 35: subtract done, delta_size=1853603
R1 [P2] iter 35: dedup done, delta_size=3581452
R2 [P2] iter 35: subtract done, delta_size=1772937
R0 [P2] iter 35: dedup done, delta_size=3540679
R1 [P2] iter 35: subtract done, delta_size=1862937
R0 [P2] iter 35: subtract done, delta_size=1822624
R3 [P2] iter 35: merge done, full_size=93691005
R2 [P2] iter 35: merge done, full_size=90567447
R1 [P2] iter 35: merge done, full_size=94395344
R0 [P2] iter 35: merge done, full_size=93462960
R7 [P2] iter 35: dedup done, delta_size=3489581
R6 [P2] iter 35: dedup done, delta_size=3482196
R7 [P2] iter 35: subtract done, delta_size=1832726
R6 [P2] iter 35: subtract done, delta_size=1832695
R4 [P2] iter 35: dedup done, delta_size=3552235
R5 [P2] iter 35: dedup done, delta_size=3496142
R7 [P2] iter 35: merge done, full_size=92940310
R6 [P2] iter 35: merge done, full_size=92560109
R5 [P2] iter 35: subtract done, delta_size=1831076
R4 [P2] iter 35: subtract done, delta_size=1870034
R5 [P2] iter 35: merge done, full_size=92220706
R4 [P2] iter 35: merge done, full_size=93669761
R0 [P2] iter 36 done: global_full_size=743507642
R1 [P2] iter 36 done: global_full_size=743507642
R4 [P2] iter 36 done: global_full_size=743507642
R2 [P2] iter 36 done: global_full_size=743507642
R5 [P2] iter 36 done: global_full_size=743507642
R3 [P2] iter 36 done: global_full_size=743507642
R6 [P2] iter 36 done: global_full_size=743507642
R7 [P2] iter 36 done: global_full_size=743507642
R5 [P2] iter 36: PRE-JOIN GPU mem: 83.8GB free / 85.1GB total | delta_size=1831076 full_size=92220706
R6 [P2] iter 36: PRE-JOIN GPU mem: 83.8GB free / 85.1GB total | delta_size=1832695 full_size=92560109
R4 [P2] iter 36: PRE-JOIN GPU mem: 83.8GB free / 85.1GB total | delta_size=1870034 full_size=93669761
R7 [P2] iter 36: PRE-JOIN GPU mem: 83.8GB free / 85.1GB total | delta_size=1832726 full_size=92940310
R0 [P2] iter 36: PRE-JOIN GPU mem: 83.8GB free / 85.1GB total | delta_size=1822624 full_size=93462960
R1 [P2] iter 36: PRE-JOIN GPU mem: 83.8GB free / 85.1GB total | delta_size=1862937 full_size=94395344
R2 [P2] iter 36: PRE-JOIN GPU mem: 83.9GB free / 85.1GB total | delta_size=1772937 full_size=90567447
R3 [P2] iter 36: PRE-JOIN GPU mem: 83.8GB free / 85.1GB total | delta_size=1853603 full_size=93691005
R7 [P2] iter 36: join done, raw=9510310 result_size=7404995
R5 [P2] iter 36: join done, raw=9817788 result_size=7555351
R6 [P2] iter 36: join done, raw=9699193 result_size=7546837
R4 [P2] iter 36: join done, raw=10048480 result_size=7728439
R1 [P2] iter 36: join done, raw=9664507 result_size=7545330
R0 [P2] iter 36: join done, raw=9692383 result_size=7556185
R2 [P2] iter 36: join done, raw=9669992 result_size=7461433
R3 [P2] iter 36: join done, raw=9807601 result_size=7607366
R5 [P2] iter 36: split done, delta_size=7613538
R1 [P2] iter 36: split done, delta_size=7680782
R2 [P2] iter 36: split done, delta_size=7265838
R3 [P2] iter 36: split done, delta_size=7581471
R6 [P2] iter 36: split done, delta_size=7418711
R0 [P2] iter 36: split done, delta_size=7757137
R7 [P2] iter 36: split done, delta_size=7540369
R4 [P2] iter 36: split done, delta_size=7548090
R5 [P2] iter 36: dedup done, delta_size=3252376
R1 [P2] iter 36: dedup done, delta_size=3308335
R2 [P2] iter 36: dedup done, delta_size=3159679
R6 [P2] iter 36: dedup done, delta_size=3213426
R0 [P2] iter 36: dedup done, delta_size=3269859
R3 [P2] iter 36: dedup done, delta_size=3278768
R5 [P2] iter 36: subtract done, delta_size=1685235
R1 [P2] iter 36: subtract done, delta_size=1706306
R7 [P2] iter 36: dedup done, delta_size=3233178
R4 [P2] iter 36: dedup done, delta_size=3284566
R0 [P2] iter 36: subtract done, delta_size=1659162
R2 [P2] iter 36: subtract done, delta_size=1642673
R6 [P2] iter 36: subtract done, delta_size=1672927
R3 [P2] iter 36: subtract done, delta_size=1700551
R1 [P2] iter 36: merge done, full_size=96101650
R0 [P2] iter 36: merge done, full_size=95122122
R5 [P2] iter 36: merge done, full_size=93905941
R7 [P2] iter 36: subtract done, delta_size=1679975
R2 [P2] iter 36: merge done, full_size=92210120
R4 [P2] iter 36: subtract done, delta_size=1714027
R6 [P2] iter 36: merge done, full_size=94233036
R3 [P2] iter 36: merge done, full_size=95391556
R7 [P2] iter 36: merge done, full_size=94620285
R4 [P2] iter 36: merge done, full_size=95383788
R0 [P2] iter 37 done: global_full_size=756968498
R4 [P2] iter 37 done: global_full_size=756968498
R1 [P2] iter 37 done: global_full_size=756968498
R5 [P2] iter 37 done: global_full_size=756968498
R2 [P2] iter 37 done: global_full_size=756968498
R6 [P2] iter 37 done: global_full_size=756968498
R3 [P2] iter 37 done: global_full_size=756968498
R7 [P2] iter 37 done: global_full_size=756968498
R0 [P2] iter 37: PRE-JOIN GPU mem: 83.8GB free / 85.1GB total | delta_size=1659162 full_size=95122122
R4 [P2] iter 37: PRE-JOIN GPU mem: 83.8GB free / 85.1GB total | delta_size=1714027 full_size=95383788
R1 [P2] iter 37: PRE-JOIN GPU mem: 83.8GB free / 85.1GB total | delta_size=1706306 full_size=96101650
R6 [P2] iter 37: PRE-JOIN GPU mem: 83.8GB free / 85.1GB total | delta_size=1672927 full_size=94233036
R2 [P2] iter 37: PRE-JOIN GPU mem: 83.8GB free / 85.1GB total | delta_size=1642673 full_size=92210120
R5 [P2] iter 37: PRE-JOIN GPU mem: 83.8GB free / 85.1GB total | delta_size=1685235 full_size=93905941
R3 [P2] iter 37: PRE-JOIN GPU mem: 83.8GB free / 85.1GB total | delta_size=1700551 full_size=95391556
R7 [P2] iter 37: PRE-JOIN GPU mem: 83.8GB free / 85.1GB total | delta_size=1679975 full_size=94620285
R0 [P2] iter 37: join done, raw=8946770 result_size=6940361
R1 [P2] iter 37: join done, raw=8984166 result_size=6967826
R2 [P2] iter 37: join done, raw=9056521 result_size=6953572
R3 [P2] iter 37: join done, raw=9139777 result_size=7030655
R7 [P2] iter 37: join done, raw=8844503 result_size=6848409
R6 [P2] iter 37: join done, raw=8955996 result_size=6942411
R5 [P2] iter 37: join done, raw=9189375 result_size=7028278
R4 [P2] iter 37: join done, raw=9339702 result_size=7136184
R6 [P2] iter 37: split done, delta_size=6840491
R5 [P2] iter 37: split done, delta_size=7085712
R7 [P2] iter 37: split done, delta_size=6956777
R4 [P2] iter 37: split done, delta_size=6978669
R6 [P2] iter 37: dedup done, delta_size=2939112
R1 [P2] iter 37: split done, delta_size=7105088
R0 [P2] iter 37: split done, delta_size=7147927
R2 [P2] iter 37: split done, delta_size=6724183
R5 [P2] iter 37: dedup done, delta_size=2994928
R7 [P2] iter 37: dedup done, delta_size=2960826
R4 [P2] iter 37: dedup done, delta_size=3009899
R6 [P2] iter 37: subtract done, delta_size=1516944
R3 [P2] iter 37: split done, delta_size=7008849
R5 [P2] iter 37: subtract done, delta_size=1532156
R7 [P2] iter 37: subtract done, delta_size=1522946
R4 [P2] iter 37: subtract done, delta_size=1553428
R6 [P2] iter 37: merge done, full_size=95749980
R5 [P2] iter 37: merge done, full_size=95438097
R7 [P2] iter 37: merge done, full_size=96143231
R4 [P2] iter 37: merge done, full_size=96937216
R0 [P2] iter 37: dedup done, delta_size=2995353
R1 [P2] iter 37: dedup done, delta_size=3038185
R0 [P2] iter 37: subtract done, delta_size=1505621
R1 [P2] iter 37: subtract done, delta_size=1550370
R2 [P2] iter 37: dedup done, delta_size=2899784
R1 [P2] iter 37: merge done, full_size=97652020
R0 [P2] iter 37: merge done, full_size=96627743
R3 [P2] iter 37: dedup done, delta_size=3007033
R2 [P2] iter 37: subtract done, delta_size=1486292
R3 [P2] iter 37: subtract done, delta_size=1544056
R2 [P2] iter 37: merge done, full_size=93696412
R3 [P2] iter 37: merge done, full_size=96935612
R0 [P2] iter 38 done: global_full_size=769180311
R1 [P2] iter 38 done: global_full_size=769180311
R2 [P2] iter 38 done: global_full_size=769180311
R3 [P2] iter 38 done: global_full_size=769180311
R4 [P2] iter 38 done: global_full_size=769180311
R5 [P2] iter 38 done: global_full_size=769180311
R6 [P2] iter 38 done: global_full_size=769180311
R3 [P2] iter 38: PRE-JOIN GPU mem: 83.8GB free / 85.1GB total | delta_size=1544056 full_size=96935612
R7 [P2] iter 38 done: global_full_size=769180311
R7 [P2] iter 38: PRE-JOIN GPU mem: 83.8GB free / 85.1GB total | delta_size=1522946 full_size=96143231
R0 [P2] iter 38: PRE-JOIN GPU mem: 83.8GB free / 85.1GB total | delta_size=1505621 full_size=96627743
R4 [P2] iter 38: PRE-JOIN GPU mem: 83.8GB free / 85.1GB total | delta_size=1553428 full_size=96937216
R1 [P2] iter 38: PRE-JOIN GPU mem: 83.8GB free / 85.1GB total | delta_size=1550370 full_size=97652020
R5 [P2] iter 38: PRE-JOIN GPU mem: 83.8GB free / 85.1GB total | delta_size=1532156 full_size=95438097
R2 [P2] iter 38: PRE-JOIN GPU mem: 83.8GB free / 85.1GB total | delta_size=1486292 full_size=93696412
R6 [P2] iter 38: PRE-JOIN GPU mem: 83.8GB free / 85.1GB total | delta_size=1516944 full_size=95749980
R5 [P2] iter 38: join done, raw=8361200 result_size=6374801
R7 [P2] iter 38: join done, raw=8030515 result_size=6210091
R6 [P2] iter 38: join done, raw=8089388 result_size=6279874
R4 [P2] iter 38: join done, raw=8422062 result_size=6437043
R1 [P2] iter 38: join done, raw=8195848 result_size=6346171
R0 [P2] iter 38: join done, raw=8083241 result_size=6259245
R2 [P2] iter 38: join done, raw=8188730 result_size=6289852
R3 [P2] iter 38: join done, raw=8323989 result_size=6376782
R1 [P2] iter 38: split done, delta_size=6411367
R3 [P2] iter 38: split done, delta_size=6361587
R2 [P2] iter 38: split done, delta_size=6064033
R0 [P2] iter 38: split done, delta_size=6465795
R1 [P2] iter 38: dedup done, delta_size=2732101
R0 [P2] iter 38: dedup done, delta_size=2705454
R3 [P2] iter 38: dedup done, delta_size=2717191
R2 [P2] iter 38: dedup done, delta_size=2607119
R4 [P2] iter 38: split done, delta_size=6313714
R1 [P2] iter 38: subtract done, delta_size=1375250
R7 [P2] iter 38: split done, delta_size=6310832
R6 [P2] iter 38: split done, delta_size=6193357
R0 [P2] iter 38: subtract done, delta_size=1342445
R3 [P2] iter 38: subtract done, delta_size=1371537
R2 [P2] iter 38: subtract done, delta_size=1315798
R1 [P2] iter 38: merge done, full_size=99027270
R0 [P2] iter 38: merge done, full_size=97970188
R3 [P2] iter 38: merge done, full_size=98307149
R2 [P2] iter 38: merge done, full_size=95012210
R5 [P2] iter 38: split done, delta_size=6453174
R4 [P2] iter 38: dedup done, delta_size=2713012
R6 [P2] iter 38: dedup done, delta_size=2650317
R5 [P2] iter 38: dedup done, delta_size=2711097
R7 [P2] iter 38: dedup done, delta_size=2684152
R4 [P2] iter 38: subtract done, delta_size=1380907
R6 [P2] iter 38: subtract done, delta_size=1348342
R5 [P2] iter 38: subtract done, delta_size=1362048
R7 [P2] iter 38: subtract done, delta_size=1363894
R4 [P2] iter 38: merge done, full_size=98318123
R5 [P2] iter 38: merge done, full_size=96800145
R6 [P2] iter 38: merge done, full_size=97098322
R7 [P2] iter 38: merge done, full_size=97507125
R0 [P2] iter 39 done: global_full_size=780040532
R4 [P2] iter 39 done: global_full_size=780040532
R1 [P2] iter 39 done: global_full_size=780040532
R1 [P2] iter 39: PRE-JOIN GPU mem: 83.8GB free / 85.1GB total | delta_size=1375250 full_size=99027270
R5 [P2] iter 39 done: global_full_size=780040532
R2 [P2] iter 39 done: global_full_size=780040532
R6 [P2] iter 39 done: global_full_size=780040532
R3 [P2] iter 39 done: global_full_size=780040532
R3 [P2] iter 39: PRE-JOIN GPU mem: 83.8GB free / 85.1GB total | delta_size=1371537 full_size=98307149
R7 [P2] iter 39 done: global_full_size=780040532
R0 [P2] iter 39: PRE-JOIN GPU mem: 83.8GB free / 85.1GB total | delta_size=1342445 full_size=97970188
R5 [P2] iter 39: PRE-JOIN GPU mem: 83.8GB free / 85.1GB total | delta_size=1362048 full_size=96800145
R2 [P2] iter 39: PRE-JOIN GPU mem: 83.8GB free / 85.1GB total | delta_size=1315798 full_size=95012210
R6 [P2] iter 39: PRE-JOIN GPU mem: 83.8GB free / 85.1GB total | delta_size=1348342 full_size=97098322
R7 [P2] iter 39: PRE-JOIN GPU mem: 83.8GB free / 85.1GB total | delta_size=1363894 full_size=97507125
R4 [P2] iter 39: PRE-JOIN GPU mem: 83.8GB free / 85.1GB total | delta_size=1380907 full_size=98318123
R1 [P2] iter 39: join done, raw=7261658 result_size=5629613
R0 [P2] iter 39: join done, raw=7143367 result_size=5546715
R2 [P2] iter 39: join done, raw=7162368 result_size=5526334
R3 [P2] iter 39: join done, raw=7308820 result_size=5605016
R7 [P2] iter 39: join done, raw=7143205 result_size=5533375
R5 [P2] iter 39: join done, raw=7379204 result_size=5635506
R6 [P2] iter 39: join done, raw=7107745 result_size=5539742
R4 [P2] iter 39: join done, raw=7389649 result_size=5664515
R4 [P2] iter 39: split done, delta_size=5594530
R5 [P2] iter 39: split done, delta_size=5703704
R6 [P2] iter 39: split done, delta_size=5458121
R7 [P2] iter 39: split done, delta_size=5576210
R4 [P2] iter 39: dedup done, delta_size=2401758
R5 [P2] iter 39: dedup done, delta_size=2398094
R6 [P2] iter 39: dedup done, delta_size=2342834
R7 [P2] iter 39: dedup done, delta_size=2380471
R4 [P2] iter 39: subtract done, delta_size=1216923
R5 [P2] iter 39: subtract done, delta_size=1190285
R7 [P2] iter 39: subtract done, delta_size=1203736
R6 [P2] iter 39: subtract done, delta_size=1179168
R4 [P2] iter 39: merge done, full_size=99535046
R5 [P2] iter 39: merge done, full_size=97990430
R7 [P2] iter 39: merge done, full_size=98710861
R6 [P2] iter 39: merge done, full_size=98277490
R2 [P2] iter 39: split done, delta_size=5351886
R1 [P2] iter 39: split done, delta_size=5691543
R3 [P2] iter 39: split done, delta_size=5619474
R0 [P2] iter 39: split done, delta_size=5685348
R1 [P2] iter 39: dedup done, delta_size=2414879
R1 [P2] iter 39: subtract done, delta_size=1206315
R3 [P2] iter 39: dedup done, delta_size=2401786
R2 [P2] iter 39: dedup done, delta_size=2305629
R0 [P2] iter 39: dedup done, delta_size=2385277
R0 [P2] iter 39: subtract done, delta_size=1172086
R1 [P2] iter 39: merge done, full_size=100233585
R3 [P2] iter 39: subtract done, delta_size=1196066
R2 [P2] iter 39: subtract done, delta_size=1156623
R0 [P2] iter 39: merge done, full_size=99142274
R3 [P2] iter 39: merge done, full_size=99503215
R2 [P2] iter 39: merge done, full_size=96168833
R0 [P2] iter 40 done: global_full_size=789561734
R1 [P2] iter 40 done: global_full_size=789561734
R2 [P2] iter 40 done: global_full_size=789561734
R4 [P2] iter 40 done: global_full_size=789561734
R3 [P2] iter 40 done: global_full_size=789561734
R5 [P2] iter 40 done: global_full_size=789561734
R6 [P2] iter 40 done: global_full_size=789561734
R7 [P2] iter 40 done: global_full_size=789561734
R5 [P2] iter 40: PRE-JOIN GPU mem: 83.8GB free / 85.1GB total | delta_size=1190285 full_size=97990430
R6 [P2] iter 40: PRE-JOIN GPU mem: 83.8GB free / 85.1GB total | delta_size=1179168 full_size=98277490
R7 [P2] iter 40: PRE-JOIN GPU mem: 83.8GB free / 85.1GB total | delta_size=1203736 full_size=98710861
R4 [P2] iter 40: PRE-JOIN GPU mem: 83.8GB free / 85.1GB total | delta_size=1216923 full_size=99535046
R2 [P2] iter 40: PRE-JOIN GPU mem: 83.8GB free / 85.1GB total | delta_size=1156623 full_size=96168833
R3 [P2] iter 40: PRE-JOIN GPU mem: 83.8GB free / 85.1GB total | delta_size=1196066 full_size=99503215
R0 [P2] iter 40: PRE-JOIN GPU mem: 83.8GB free / 85.1GB total | delta_size=1172086 full_size=99142274
R1 [P2] iter 40: PRE-JOIN GPU mem: 83.8GB free / 85.1GB total | delta_size=1206315 full_size=100233585
R0 [P2] iter 40: join done, raw=6245076 result_size=4860469
R1 [P2] iter 40: join done, raw=6388758 result_size=4952033
R2 [P2] iter 40: join done, raw=6317647 result_size=4873936
R3 [P2] iter 40: join done, raw=6385695 result_size=4921890
R5 [P2] iter 40: join done, raw=6411761 result_size=4942168
R6 [P2] iter 40: join done, raw=6238384 result_size=4872313
R7 [P2] iter 40: join done, raw=6299976 result_size=4903308
R4 [P2] iter 40: join done, raw=6540296 result_size=5000690
R7 [P2] iter 40: split done, delta_size=4903370
R6 [P2] iter 40: split done, delta_size=4788444
R2 [P2] iter 40: split done, delta_size=4736917
R0 [P2] iter 40: split done, delta_size=4989293
R4 [P2] iter 40: split done, delta_size=4927461
R5 [P2] iter 40: split done, delta_size=4976659
R1 [P2] iter 40: split done, delta_size=5081288
R3 [P2] iter 40: split done, delta_size=4923375
R7 [P2] iter 40: dedup done, delta_size=2092686
R6 [P2] iter 40: dedup done, delta_size=2060984
R2 [P2] iter 40: dedup done, delta_size=2036064
R0 [P2] iter 40: dedup done, delta_size=2095698
R1 [P2] iter 40: dedup done, delta_size=2147409
R3 [P2] iter 40: dedup done, delta_size=2110036
R0 [P2] iter 40: subtract done, delta_size=1029024
R2 [P2] iter 40: subtract done, delta_size=1021338
R1 [P2] iter 40: subtract done, delta_size=1076097
R7 [P2] iter 40: subtract done, delta_size=1062287
R3 [P2] iter 40: subtract done, delta_size=1053750
R0 [P2] iter 40: merge done, full_size=100171298
R2 [P2] iter 40: merge done, full_size=97190171
R1 [P2] iter 40: merge done, full_size=101309682
R3 [P2] iter 40: merge done, full_size=100556965
R6 [P2] iter 40: subtract done, delta_size=1038811
R5 [P2] iter 40: dedup done, delta_size=2101981
R4 [P2] iter 40: dedup done, delta_size=2117854
R4 [P2] iter 40: subtract done, delta_size=1072427
R5 [P2] iter 40: subtract done, delta_size=1042618
R7 [P2] iter 40: merge done, full_size=99773148
R6 [P2] iter 40: merge done, full_size=99316301
R4 [P2] iter 40: merge done, full_size=100607473
R5 [P2] iter 40: merge done, full_size=99033048
R0 [P2] iter 41 done: global_full_size=797958086
R1 [P2] iter 41 done: global_full_size=797958086
R1 [P2] iter 41: PRE-JOIN GPU mem: 83.8GB free / 85.1GB total | delta_size=1076097 full_size=101309682
R2 [P2] iter 41 done: global_full_size=797958086
R2 [P2] iter 41: PRE-JOIN GPU mem: 83.8GB free / 85.1GB total | delta_size=1021338 full_size=97190171
R3 [P2] iter 41 done: global_full_size=797958086
R3 [P2] iter 41: PRE-JOIN GPU mem: 83.8GB free / 85.1GB total | delta_size=1053750 full_size=100556965
R0 [P2] iter 41: PRE-JOIN GPU mem: 83.8GB free / 85.1GB total | delta_size=1029024 full_size=100171298
R4 [P2] iter 41 done: global_full_size=797958086
R4 [P2] iter 41: PRE-JOIN GPU mem: 83.8GB free / 85.1GB total | delta_size=1072427 full_size=100607473
R5 [P2] iter 41 done: global_full_size=797958086
R5 [P2] iter 41: PRE-JOIN GPU mem: 83.8GB free / 85.1GB total | delta_size=1042618 full_size=99033048
R6 [P2] iter 41 done: global_full_size=797958086
R6 [P2] iter 41: PRE-JOIN GPU mem: 83.8GB free / 85.1GB total | delta_size=1038811 full_size=99316301
R7 [P2] iter 41 done: global_full_size=797958086
R7 [P2] iter 41: PRE-JOIN GPU mem: 83.8GB free / 85.1GB total | delta_size=1062287 full_size=99773148
R6 [P2] iter 41: join done, raw=5578215 result_size=4363174
R7 [P2] iter 41: join done, raw=5649703 result_size=4388504
R4 [P2] iter 41: join done, raw=5834381 result_size=4469288
R5 [P2] iter 41: join done, raw=5689208 result_size=4404018
R0 [P2] iter 41: join done, raw=5527168 result_size=4321902
R1 [P2] iter 41: join done, raw=5778874 result_size=4462863
R2 [P2] iter 41: join done, raw=5686826 result_size=4379681
R3 [P2] iter 41: join done, raw=5695410 result_size=4393885
R2 [P2] iter 41: split done, delta_size=4236788
R1 [P2] iter 41: split done, delta_size=4580162
R3 [P2] iter 41: split done, delta_size=4385691
R0 [P2] iter 41: split done, delta_size=4483747
R1 [P2] iter 41: dedup done, delta_size=1930527
R2 [P2] iter 41: dedup done, delta_size=1816132
R1 [P2] iter 41: subtract done, delta_size=964133
R0 [P2] iter 41: dedup done, delta_size=1873913
R3 [P2] iter 41: dedup done, delta_size=1876112
R2 [P2] iter 41: subtract done, delta_size=909973
R0 [P2] iter 41: subtract done, delta_size=921939
R1 [P2] iter 41: merge done, full_size=102273815
R3 [P2] iter 41: subtract done, delta_size=939612
R2 [P2] iter 41: merge done, full_size=98100144
R0 [P2] iter 41: merge done, full_size=101093237
R3 [P2] iter 41: merge done, full_size=101496577
R7 [P2] iter 41: split done, delta_size=4392401
R6 [P2] iter 41: split done, delta_size=4271488
R4 [P2] iter 41: split done, delta_size=4388638
R5 [P2] iter 41: split done, delta_size=4444400
R7 [P2] iter 41: dedup done, delta_size=1866285
R6 [P2] iter 41: dedup done, delta_size=1834237
R5 [P2] iter 41: dedup done, delta_size=1869460
R4 [P2] iter 41: dedup done, delta_size=1880589
R7 [P2] iter 41: subtract done, delta_size=947033
R4 [P2] iter 41: subtract done, delta_size=951065
R6 [P2] iter 41: subtract done, delta_size=928543
R5 [P2] iter 41: subtract done, delta_size=933129
R6 [P2] iter 41: merge done, full_size=100244844
R4 [P2] iter 41: merge done, full_size=101558538
R7 [P2] iter 41: merge done, full_size=100720181
R5 [P2] iter 41: merge done, full_size=99966177
R0 [P2] iter 42 done: global_full_size=805453513
R1 [P2] iter 42 done: global_full_size=805453513
R4 [P2] iter 42 done: global_full_size=805453513
R2 [P2] iter 42 done: global_full_size=805453513
R5 [P2] iter 42 done: global_full_size=805453513
R5 [P2] iter 42: PRE-JOIN GPU mem: 83.8GB free / 85.1GB total | delta_size=933129 full_size=99966177
R3 [P2] iter 42 done: global_full_size=805453513
R6 [P2] iter 42 done: global_full_size=805453513
R0 [P2] iter 42: PRE-JOIN GPU mem: 83.8GB free / 85.1GB total | delta_size=921939 full_size=101093237
R7 [P2] iter 42 done: global_full_size=805453513
R1 [P2] iter 42: PRE-JOIN GPU mem: 83.8GB free / 85.1GB total | delta_size=964133 full_size=102273815
R4 [P2] iter 42: PRE-JOIN GPU mem: 83.8GB free / 85.1GB total | delta_size=951065 full_size=101558538
R2 [P2] iter 42: PRE-JOIN GPU mem: 83.8GB free / 85.1GB total | delta_size=909973 full_size=98100144
R6 [P2] iter 42: PRE-JOIN GPU mem: 83.8GB free / 85.1GB total | delta_size=928543 full_size=100244844
R3 [P2] iter 42: PRE-JOIN GPU mem: 83.8GB free / 85.1GB total | delta_size=939612 full_size=101496577
R7 [P2] iter 42: PRE-JOIN GPU mem: 83.8GB free / 85.1GB total | delta_size=947033 full_size=100720181
R1 [P2] iter 42: join done, raw=5233585 result_size=4047502
R0 [P2] iter 42: join done, raw=5014153 result_size=3910706
R2 [P2] iter 42: join done, raw=5153518 result_size=3969442
R3 [P2] iter 42: join done, raw=5188506 result_size=3977909
R6 [P2] iter 42: join done, raw=5024320 result_size=3938249
R5 [P2] iter 42: join done, raw=5189775 result_size=4000722
R7 [P2] iter 42: join done, raw=5130028 result_size=3980606
R4 [P2] iter 42: join done, raw=5264292 result_size=4038340
R6 [P2] iter 42: split done, delta_size=3868207
R2 [P2] iter 42: split done, delta_size=3819661
R5 [P2] iter 42: split done, delta_size=4041615
R4 [P2] iter 42: split done, delta_size=3970104
R7 [P2] iter 42: split done, delta_size=3975647
R6 [P2] iter 42: dedup done, delta_size=1659124
R5 [P2] iter 42: dedup done, delta_size=1688208
R4 [P2] iter 42: dedup done, delta_size=1694103
R7 [P2] iter 42: dedup done, delta_size=1686346
R6 [P2] iter 42: subtract done, delta_size=838211
R0 [P2] iter 42: split done, delta_size=4087690
R1 [P2] iter 42: split done, delta_size=4124149
R5 [P2] iter 42: subtract done, delta_size=836558
R4 [P2] iter 42: subtract done, delta_size=854741
R7 [P2] iter 42: subtract done, delta_size=849024
R6 [P2] iter 42: merge done, full_size=101083055
R5 [P2] iter 42: merge done, full_size=100802735
R4 [P2] iter 42: merge done, full_size=102413279
R3 [P2] iter 42: split done, delta_size=3976403
R7 [P2] iter 42: merge done, full_size=101569205
R0 [P2] iter 42: dedup done, delta_size=1694183
R1 [P2] iter 42: dedup done, delta_size=1735511
R2 [P2] iter 42: dedup done, delta_size=1634529
R0 [P2] iter 42: subtract done, delta_size=828414
R1 [P2] iter 42: subtract done, delta_size=863108
R0 [P2] iter 42: merge done, full_size=101921651
R1 [P2] iter 42: merge done, full_size=103136923
R2 [P2] iter 42: subtract done, delta_size=814491
R3 [P2] iter 42: dedup done, delta_size=1688140
R2 [P2] iter 42: merge done, full_size=98914635
R3 [P2] iter 42: subtract done, delta_size=838503
R3 [P2] iter 42: merge done, full_size=102335080
R0 [P2] iter 43 done: global_full_size=812176563
R1 [P2] iter 43 done: global_full_size=812176563
R2 [P2] iter 43 done: global_full_size=812176563
R3 [P2] iter 43 done: global_full_size=812176563
R4 [P2] iter 43 done: global_full_size=812176563
R5 [P2] iter 43 done: global_full_size=812176563
R6 [P2] iter 43 done: global_full_size=812176563
R6 [P2] iter 43: PRE-JOIN GPU mem: 83.8GB free / 85.1GB total | delta_size=838211 full_size=101083055
R7 [P2] iter 43 done: global_full_size=812176563
R4 [P2] iter 43: PRE-JOIN GPU mem: 83.8GB free / 85.1GB total | delta_size=854741 full_size=102413279
R5 [P2] iter 43: PRE-JOIN GPU mem: 83.8GB free / 85.1GB total | delta_size=836558 full_size=100802735
R7 [P2] iter 43: PRE-JOIN GPU mem: 83.8GB free / 85.1GB total | delta_size=849024 full_size=101569205
R0 [P2] iter 43: PRE-JOIN GPU mem: 83.8GB free / 85.1GB total | delta_size=828414 full_size=101921651
R1 [P2] iter 43: PRE-JOIN GPU mem: 83.8GB free / 85.1GB total | delta_size=863108 full_size=103136923
R2 [P2] iter 43: PRE-JOIN GPU mem: 83.8GB free / 85.1GB total | delta_size=814491 full_size=98914635
R3 [P2] iter 43: PRE-JOIN GPU mem: 83.8GB free / 85.1GB total | delta_size=838503 full_size=102335080
R6 [P2] iter 43: join done, raw=4586746 result_size=3591386
R5 [P2] iter 43: join done, raw=4713823 result_size=3619775
R4 [P2] iter 43: join done, raw=4821546 result_size=3684684
R7 [P2] iter 43: join done, raw=4614161 result_size=3588489
R0 [P2] iter 43: join done, raw=4553631 result_size=3555400
R1 [P2] iter 43: join done, raw=4724122 result_size=3655747
R2 [P2] iter 43: join done, raw=4709819 result_size=3608240
R3 [P2] iter 43: join done, raw=4695707 result_size=3584592
R2 [P2] iter 43: split done, delta_size=3452176
R0 [P2] iter 43: split done, delta_size=3707781
R1 [P2] iter 43: split done, delta_size=3730955
R3 [P2] iter 43: split done, delta_size=3600655
R2 [P2] iter 43: dedup done, delta_size=1469514
R1 [P2] iter 43: dedup done, delta_size=1560462
R0 [P2] iter 43: dedup done, delta_size=1525902
R4 [P2] iter 43: split done, delta_size=3598713
R6 [P2] iter 43: split done, delta_size=3533376
R7 [P2] iter 43: split done, delta_size=3614117
R5 [P2] iter 43: split done, delta_size=3650540
R3 [P2] iter 43: dedup done, delta_size=1519127
R2 [P2] iter 43: subtract done, delta_size=731145
R1 [P2] iter 43: subtract done, delta_size=774551
R0 [P2] iter 43: subtract done, delta_size=740252
R3 [P2] iter 43: subtract done, delta_size=747682
R2 [P2] iter 43: merge done, full_size=99645780
R1 [P2] iter 43: merge done, full_size=103911474
R0 [P2] iter 43: merge done, full_size=102661903
R3 [P2] iter 43: merge done, full_size=103082762
R6 [P2] iter 43: dedup done, delta_size=1503345
R7 [P2] iter 43: dedup done, delta_size=1524898
R4 [P2] iter 43: dedup done, delta_size=1526193
R5 [P2] iter 43: dedup done, delta_size=1511813
R7 [P2] iter 43: subtract done, delta_size=761962
R6 [P2] iter 43: subtract done, delta_size=757830
R5 [P2] iter 43: subtract done, delta_size=741490
R7 [P2] iter 43: merge done, full_size=102331167
R4 [P2] iter 43: subtract done, delta_size=766432
R6 [P2] iter 43: merge done, full_size=101840885
R5 [P2] iter 43: merge done, full_size=101544225
R0 [P2] iter 44 done: global_full_size=818197907
R4 [P2] iter 43: merge done, full_size=103179711
R4 [P2] iter 44 done: global_full_size=818197907
R1 [P2] iter 44 done: global_full_size=818197907
R5 [P2] iter 44 done: global_full_size=818197907
R2 [P2] iter 44 done: global_full_size=818197907
R6 [P2] iter 44 done: global_full_size=818197907
R3 [P2] iter 44 done: global_full_size=818197907
R3 [P2] iter 44: PRE-JOIN GPU mem: 83.8GB free / 85.1GB total | delta_size=747682 full_size=103082762
R7 [P2] iter 44 done: global_full_size=818197907
R0 [P2] iter 44: PRE-JOIN GPU mem: 83.8GB free / 85.1GB total | delta_size=740252 full_size=102661903
R4 [P2] iter 44: PRE-JOIN GPU mem: 83.8GB free / 85.1GB total | delta_size=766432 full_size=103179711
R1 [P2] iter 44: PRE-JOIN GPU mem: 83.8GB free / 85.1GB total | delta_size=774551 full_size=103911474
R5 [P2] iter 44: PRE-JOIN GPU mem: 83.8GB free / 85.1GB total | delta_size=741490 full_size=101544225
R2 [P2] iter 44: PRE-JOIN GPU mem: 83.8GB free / 85.1GB total | delta_size=731145 full_size=99645780
R6 [P2] iter 44: PRE-JOIN GPU mem: 83.8GB free / 85.1GB total | delta_size=757830 full_size=101840885
R7 [P2] iter 44: PRE-JOIN GPU mem: 83.8GB free / 85.1GB total | delta_size=761962 full_size=102331167
R6 [P2] iter 44: join done, raw=4226967 result_size=3283775
R0 [P2] iter 44: join done, raw=4097872 result_size=3203223
R5 [P2] iter 44: join done, raw=4241017 result_size=3255397
R1 [P2] iter 44: join done, raw=4311179 result_size=3316877
R4 [P2] iter 44: join done, raw=4376496 result_size=3333863
R2 [P2] iter 44: join done, raw=4331380 result_size=3295877
R7 [P2] iter 44: join done, raw=4162698 result_size=3239593
R3 [P2] iter 44: join done, raw=4267229 result_size=3235356
R2 [P2] iter 44: split done, delta_size=3125989
R1 [P2] iter 44: split done, delta_size=3417286
R0 [P2] iter 44: split done, delta_size=3340615
R3 [P2] iter 44: split done, delta_size=3256220
R2 [P2] iter 44: dedup done, delta_size=1322076
R1 [P2] iter 44: dedup done, delta_size=1413364
R0 [P2] iter 44: dedup done, delta_size=1371798
R3 [P2] iter 44: dedup done, delta_size=1367053
R1 [P2] iter 44: subtract done, delta_size=702625
R2 [P2] iter 44: subtract done, delta_size=659646
R0 [P2] iter 44: subtract done, delta_size=667804
R7 [P2] iter 44: split done, delta_size=3275377
R3 [P2] iter 44: subtract done, delta_size=672749
R6 [P2] iter 44: split done, delta_size=3218579
R5 [P2] iter 44: split done, delta_size=3284168
R1 [P2] iter 44: merge done, full_size=104614099
R0 [P2] iter 44: merge done, full_size=103329707
R2 [P2] iter 44: merge done, full_size=100305426
R7 [P2] iter 44: dedup done, delta_size=1374440
R3 [P2] iter 44: merge done, full_size=103755511
R4 [P2] iter 44: split done, delta_size=3245727
R6 [P2] iter 44: dedup done, delta_size=1355361
R5 [P2] iter 44: dedup done, delta_size=1349679
R7 [P2] iter 44: subtract done, delta_size=688427
R4 [P2] iter 44: dedup done, delta_size=1370332
R6 [P2] iter 44: subtract done, delta_size=679919
R5 [P2] iter 44: subtract done, delta_size=662745
R7 [P2] iter 44: merge done, full_size=103019594
R4 [P2] iter 44: subtract done, delta_size=685824
R6 [P2] iter 44: merge done, full_size=102520804
R5 [P2] iter 44: merge done, full_size=102206970
R4 [P2] iter 44: merge done, full_size=103865535
R4 [P2] iter 45 done: global_full_size=823617646
R0 [P2] iter 45 done: global_full_size=823617646
R5 [P2] iter 45 done: global_full_size=823617646
R1 [P2] iter 45 done: global_full_size=823617646
R2 [P2] iter 45 done: global_full_size=823617646
R6 [P2] iter 45 done: global_full_size=823617646
R3 [P2] iter 45 done: global_full_size=823617646
R3 [P2] iter 45: PRE-JOIN GPU mem: 83.8GB free / 85.1GB total | delta_size=672749 full_size=103755511
R7 [P2] iter 45 done: global_full_size=823617646
R0 [P2] iter 45: PRE-JOIN GPU mem: 83.8GB free / 85.1GB total | delta_size=667804 full_size=103329707
R4 [P2] iter 45: PRE-JOIN GPU mem: 83.8GB free / 85.1GB total | delta_size=685824 full_size=103865535
R1 [P2] iter 45: PRE-JOIN GPU mem: 83.8GB free / 85.1GB total | delta_size=702625 full_size=104614099
R5 [P2] iter 45: PRE-JOIN GPU mem: 83.8GB free / 85.1GB total | delta_size=662745 full_size=102206970
R2 [P2] iter 45: PRE-JOIN GPU mem: 83.8GB free / 85.1GB total | delta_size=659646 full_size=100305426
R6 [P2] iter 45: PRE-JOIN GPU mem: 83.8GB free / 85.1GB total | delta_size=679919 full_size=102520804
R7 [P2] iter 45: PRE-JOIN GPU mem: 83.8GB free / 85.1GB total | delta_size=688427 full_size=103019594
R0 [P2] iter 45: join done, raw=3728697 result_size=2903693
R1 [P2] iter 45: join done, raw=3992785 result_size=3044042
R2 [P2] iter 45: join done, raw=3943051 result_size=3000277
R3 [P2] iter 45: join done, raw=3901541 result_size=2963150
R5 [P2] iter 45: join done, raw=3861545 result_size=2955592
R6 [P2] iter 45: join done, raw=3875827 result_size=2996484
R4 [P2] iter 45: join done, raw=3956095 result_size=3010583
R7 [P2] iter 45: join done, raw=3818630 result_size=2965701
R2 [P2] iter 45: split done, delta_size=2845360
R1 [P2] iter 45: split done, delta_size=3131254
R0 [P2] iter 45: split done, delta_size=3046563
R7 [P2] iter 45: split done, delta_size=3011612
R3 [P2] iter 45: split done, delta_size=2977093
R1 [P2] iter 45: dedup done, delta_size=1287412
R2 [P2] iter 45: dedup done, delta_size=1198391
R0 [P2] iter 45: dedup done, delta_size=1242964
R1 [P2] iter 45: subtract done, delta_size=643169
R0 [P2] iter 45: subtract done, delta_size=613085
R6 [P2] iter 45: split done, delta_size=2908045
R5 [P2] iter 45: split done, delta_size=2975128
R4 [P2] iter 45: split done, delta_size=2944467
R7 [P2] iter 45: dedup done, delta_size=1247026
R2 [P2] iter 45: subtract done, delta_size=603276
R6 [P2] iter 45: dedup done, delta_size=1216572
R5 [P2] iter 45: dedup done, delta_size=1213147
R4 [P2] iter 45: dedup done, delta_size=1234408
R7 [P2] iter 45: subtract done, delta_size=630501
R1 [P2] iter 45: merge done, full_size=105257268
R6 [P2] iter 45: subtract done, delta_size=614406
R0 [P2] iter 45: merge done, full_size=103942792
R4 [P2] iter 45: subtract done, delta_size=623424
R5 [P2] iter 45: subtract done, delta_size=601732
R7 [P2] iter 45: merge done, full_size=103650095
R6 [P2] iter 45: merge done, full_size=103135210
R4 [P2] iter 45: merge done, full_size=104488959
R5 [P2] iter 45: merge done, full_size=102808702
R2 [P2] iter 45: merge done, full_size=100908702
R3 [P2] iter 45: dedup done, delta_size=1241707
R3 [P2] iter 45: subtract done, delta_size=615739
R0 [P2] iter 46 done: global_full_size=828562978
R1 [P2] iter 46 done: global_full_size=828562978
R2 [P2] iter 46 done: global_full_size=828562978
R4 [P2] iter 46 done: global_full_size=828562978
R3 [P2] iter 45: merge done, full_size=104371250
R3 [P2] iter 46 done: global_full_size=828562978
R5 [P2] iter 46 done: global_full_size=828562978
R6 [P2] iter 46 done: global_full_size=828562978
R7 [P2] iter 46 done: global_full_size=828562978
R4 [P2] iter 46: PRE-JOIN GPU mem: 83.8GB free / 85.1GB total | delta_size=623424 full_size=104488959
R5 [P2] iter 46: PRE-JOIN GPU mem: 83.8GB free / 85.1GB total | delta_size=601732 full_size=102808702
R6 [P2] iter 46: PRE-JOIN GPU mem: 83.8GB free / 85.1GB total | delta_size=614406 full_size=103135210
R7 [P2] iter 46: PRE-JOIN GPU mem: 83.8GB free / 85.1GB total | delta_size=630501 full_size=103650095
R0 [P2] iter 46: PRE-JOIN GPU mem: 83.8GB free / 85.1GB total | delta_size=613085 full_size=103942792
R1 [P2] iter 46: PRE-JOIN GPU mem: 83.8GB free / 85.1GB total | delta_size=643169 full_size=105257268
R2 [P2] iter 46: PRE-JOIN GPU mem: 83.8GB free / 85.1GB total | delta_size=603276 full_size=100908702
R3 [P2] iter 46: PRE-JOIN GPU mem: 83.8GB free / 85.1GB total | delta_size=615739 full_size=104371250
R2 [P2] iter 46: join done, raw=3598514 result_size=2758448
R0 [P2] iter 46: join done, raw=3454764 result_size=2675209
R1 [P2] iter 46: join done, raw=3669714 result_size=2812379
R3 [P2] iter 46: join done, raw=3603054 result_size=2742247
R4 [P2] iter 46: join done, raw=3624468 result_size=2767851
R5 [P2] iter 46: join done, raw=3533359 result_size=2706636
R6 [P2] iter 46: join done, raw=3489888 result_size=2733248
R7 [P2] iter 46: join done, raw=3534835 result_size=2739036
R0 [P2] iter 46: split done, delta_size=2806674
R3 [P2] iter 46: split done, delta_size=2762461
R7 [P2] iter 46: split done, delta_size=2774371
R2 [P2] iter 46: split done, delta_size=2606605
R1 [P2] iter 46: split done, delta_size=2874006
R6 [P2] iter 46: split done, delta_size=2669326
R4 [P2] iter 46: split done, delta_size=2701012
R5 [P2] iter 46: split done, delta_size=2740599
R0 [P2] iter 46: dedup done, delta_size=1136119
R3 [P2] iter 46: dedup done, delta_size=1141777
R2 [P2] iter 46: dedup done, delta_size=1093982
R1 [P2] iter 46: dedup done, delta_size=1180497
R7 [P2] iter 46: dedup done, delta_size=1143780
R0 [P2] iter 46: subtract done, delta_size=562345
R6 [P2] iter 46: dedup done, delta_size=1111655
R4 [P2] iter 46: dedup done, delta_size=1125540
R3 [P2] iter 46: subtract done, delta_size=570229
R5 [P2] iter 46: dedup done, delta_size=1111011
R1 [P2] iter 46: subtract done, delta_size=593819
R2 [P2] iter 46: subtract done, delta_size=551756
R7 [P2] iter 46: subtract done, delta_size=578405
R0 [P2] iter 46: merge done, full_size=104505137
R6 [P2] iter 46: subtract done, delta_size=567577
R4 [P2] iter 46: subtract done, delta_size=574364
R5 [P2] iter 46: subtract done, delta_size=556146
R3 [P2] iter 46: merge done, full_size=104941479
R1 [P2] iter 46: merge done, full_size=105851087
R7 [P2] iter 46: merge done, full_size=104228500
R2 [P2] iter 46: merge done, full_size=101460458
R6 [P2] iter 46: merge done, full_size=103702787
R4 [P2] iter 46: merge done, full_size=105063323
R0 [P2] iter 47 done: global_full_size=833117619
R4 [P2] iter 47 done: global_full_size=833117619
R1 [P2] iter 47 done: global_full_size=833117619
R5 [P2] iter 46: merge done, full_size=103364848
R5 [P2] iter 47 done: global_full_size=833117619
R2 [P2] iter 47 done: global_full_size=833117619
R6 [P2] iter 47 done: global_full_size=833117619
R3 [P2] iter 47 done: global_full_size=833117619
R7 [P2] iter 47 done: global_full_size=833117619
R0 [P2] iter 47: PRE-JOIN GPU mem: 83.8GB free / 85.1GB total | delta_size=562345 full_size=104505137
R4 [P2] iter 47: PRE-JOIN GPU mem: 83.8GB free / 85.1GB total | delta_size=574364 full_size=105063323
R1 [P2] iter 47: PRE-JOIN GPU mem: 83.8GB free / 85.1GB total | delta_size=593819 full_size=105851087
R5 [P2] iter 47: PRE-JOIN GPU mem: 83.8GB free / 85.1GB total | delta_size=556146 full_size=103364848
R2 [P2] iter 47: PRE-JOIN GPU mem: 83.8GB free / 85.1GB total | delta_size=551756 full_size=101460458
R6 [P2] iter 47: PRE-JOIN GPU mem: 83.8GB free / 85.1GB total | delta_size=567577 full_size=103702787
R3 [P2] iter 47: PRE-JOIN GPU mem: 83.8GB free / 85.1GB total | delta_size=570229 full_size=104941479
R7 [P2] iter 47: PRE-JOIN GPU mem: 83.8GB free / 85.1GB total | delta_size=578405 full_size=104228500
R2 [P2] iter 47: join done, raw=3257509 result_size=2508341
R1 [P2] iter 47: join done, raw=3369869 result_size=2580762
R0 [P2] iter 47: join done, raw=3165269 result_size=2454796
R3 [P2] iter 47: join done, raw=3295724 result_size=2508006
R4 [P2] iter 47: join done, raw=3323081 result_size=2536237
R5 [P2] iter 47: join done, raw=3221239 result_size=2486723
R7 [P2] iter 47: join done, raw=3194029 result_size=2483860
R6 [P2] iter 47: join done, raw=3169725 result_size=2495749
R0 [P2] iter 47: split done, delta_size=2558116
R2 [P2] iter 47: split done, delta_size=2374253
R3 [P2] iter 47: split done, delta_size=2546123
R0 [P2] iter 47: dedup done, delta_size=1031920
R1 [P2] iter 47: split done, delta_size=2619879
R7 [P2] iter 47: split done, delta_size=2517628
R6 [P2] iter 47: split done, delta_size=2444235
R0 [P2] iter 47: subtract done, delta_size=502032
R2 [P2] iter 47: dedup done, delta_size=995396
R1 [P2] iter 47: dedup done, delta_size=1077770
R3 [P2] iter 47: dedup done, delta_size=1041818
R4 [P2] iter 47: split done, delta_size=2480460
R5 [P2] iter 47: split done, delta_size=2513780
R6 [P2] iter 47: dedup done, delta_size=1013304
R7 [P2] iter 47: dedup done, delta_size=1039999
R1 [P2] iter 47: subtract done, delta_size=538751
R0 [P2] iter 47: merge done, full_size=105007169
R2 [P2] iter 47: subtract done, delta_size=495548
R3 [P2] iter 47: subtract done, delta_size=513156
R5 [P2] iter 47: dedup done, delta_size=1013428
R4 [P2] iter 47: dedup done, delta_size=1028452
R6 [P2] iter 47: subtract done, delta_size=510963
R7 [P2] iter 47: subtract done, delta_size=520000
R1 [P2] iter 47: merge done, full_size=106389838
R5 [P2] iter 47: subtract done, delta_size=499694
R4 [P2] iter 47: subtract done, delta_size=518570
R2 [P2] iter 47: merge done, full_size=101956006
R3 [P2] iter 47: merge done, full_size=105454635
R7 [P2] iter 47: merge done, full_size=104748500
R6 [P2] iter 47: merge done, full_size=104213750
R5 [P2] iter 47: merge done, full_size=103864542
R0 [P2] iter 48 done: global_full_size=837216333
R4 [P2] iter 47: merge done, full_size=105581893
R4 [P2] iter 48 done: global_full_size=837216333
R1 [P2] iter 48 done: global_full_size=837216333
R5 [P2] iter 48 done: global_full_size=837216333
R2 [P2] iter 48 done: global_full_size=837216333
R2 [P2] iter 48: PRE-JOIN GPU mem: 83.8GB free / 85.1GB total | delta_size=495548 full_size=101956006
R6 [P2] iter 48 done: global_full_size=837216333
R3 [P2] iter 48 done: global_full_size=837216333
R3 [P2] iter 48: PRE-JOIN GPU mem: 83.8GB free / 85.1GB total | delta_size=513156 full_size=105454635
R7 [P2] iter 48 done: global_full_size=837216333
R0 [P2] iter 48: PRE-JOIN GPU mem: 83.8GB free / 85.1GB total | delta_size=502032 full_size=105007169
R4 [P2] iter 48: PRE-JOIN GPU mem: 83.8GB free / 85.1GB total | delta_size=518570 full_size=105581893
R1 [P2] iter 48: PRE-JOIN GPU mem: 83.8GB free / 85.1GB total | delta_size=538751 full_size=106389838
R5 [P2] iter 48: PRE-JOIN GPU mem: 83.8GB free / 85.1GB total | delta_size=499694 full_size=103864542
R6 [P2] iter 48: PRE-JOIN GPU mem: 83.8GB free / 85.1GB total | delta_size=510963 full_size=104213750
R7 [P2] iter 48: PRE-JOIN GPU mem: 83.8GB free / 85.1GB total | delta_size=520000 full_size=104748500
R0 [P2] iter 48: join done, raw=2816439 result_size=2191745
R1 [P2] iter 48: join done, raw=3068699 result_size=2338103
R2 [P2] iter 48: join done, raw=2944008 result_size=2260368
R5 [P2] iter 48: join done, raw=2861493 result_size=2221358
R3 [P2] iter 48: join done, raw=2938056 result_size=2237455
R7 [P2] iter 48: join done, raw=2880305 result_size=2235110
R4 [P2] iter 48: join done, raw=3013032 result_size=2293483
R6 [P2] iter 48: join done, raw=2826534 result_size=2230633
R0 [P2] iter 48: split done, delta_size=2299099
R6 [P2] iter 48: split done, delta_size=2198033
R7 [P2] iter 48: split done, delta_size=2248271
R5 [P2] iter 48: split done, delta_size=2256331
R4 [P2] iter 48: split done, delta_size=2237410
R6 [P2] iter 48: dedup done, delta_size=910232
R2 [P2] iter 48: split done, delta_size=2128523
R7 [P2] iter 48: dedup done, delta_size=932585
R1 [P2] iter 48: split done, delta_size=2356070
R5 [P2] iter 48: dedup done, delta_size=910394
R4 [P2] iter 48: dedup done, delta_size=929502
R6 [P2] iter 48: subtract done, delta_size=449244
R7 [P2] iter 48: subtract done, delta_size=464478
R5 [P2] iter 48: subtract done, delta_size=441970
R4 [P2] iter 48: subtract done, delta_size=460846
R6 [P2] iter 48: merge done, full_size=104662994
R7 [P2] iter 48: merge done, full_size=105212978
R5 [P2] iter 48: merge done, full_size=104306512
R4 [P2] iter 48: merge done, full_size=106042739
R3 [P2] iter 48: split done, delta_size=2284518
R0 [P2] iter 48: dedup done, delta_size=925071
R0 [P2] iter 48: subtract done, delta_size=444885
R1 [P2] iter 48: dedup done, delta_size=967574
R2 [P2] iter 48: dedup done, delta_size=891805
R1 [P2] iter 48: subtract done, delta_size=476962
R0 [P2] iter 48: merge done, full_size=105452054
R1 [P2] iter 48: merge done, full_size=106866800
R3 [P2] iter 48: dedup done, delta_size=934314
R2 [P2] iter 48: subtract done, delta_size=439152
R3 [P2] iter 48: subtract done, delta_size=455421
R2 [P2] iter 48: merge done, full_size=102395158
R0 [P2] iter 49 done: global_full_size=840849291
R1 [P2] iter 49 done: global_full_size=840849291
R2 [P2] iter 49 done: global_full_size=840849291
R3 [P2] iter 48: merge done, full_size=105910056
R3 [P2] iter 49 done: global_full_size=840849291
R4 [P2] iter 49 done: global_full_size=840849291
R5 [P2] iter 49 done: global_full_size=840849291
R6 [P2] iter 49 done: global_full_size=840849291
R7 [P2] iter 49 done: global_full_size=840849291
R4 [P2] iter 49: PRE-JOIN GPU mem: 83.8GB free / 85.1GB total | delta_size=460846 full_size=106042739
R6 [P2] iter 49: PRE-JOIN GPU mem: 83.8GB free / 85.1GB total | delta_size=449244 full_size=104662994
R7 [P2] iter 49: PRE-JOIN GPU mem: 83.8GB free / 85.1GB total | delta_size=464478 full_size=105212978
R5 [P2] iter 49: PRE-JOIN GPU mem: 83.8GB free / 85.1GB total | delta_size=441970 full_size=104306512
R0 [P2] iter 49: PRE-JOIN GPU mem: 83.8GB free / 85.1GB total | delta_size=444885 full_size=105452054
R1 [P2] iter 49: PRE-JOIN GPU mem: 83.8GB free / 85.1GB total | delta_size=476962 full_size=106866800
R2 [P2] iter 49: PRE-JOIN GPU mem: 83.8GB free / 85.1GB total | delta_size=439152 full_size=102395158
R3 [P2] iter 49: PRE-JOIN GPU mem: 83.8GB free / 85.1GB total | delta_size=455421 full_size=105910056
R6 [P2] iter 49: join done, raw=2459826 result_size=1956911
R7 [P2] iter 49: join done, raw=2545341 result_size=1972031
R5 [P2] iter 49: join done, raw=2508792 result_size=1957318
R4 [P2] iter 49: join done, raw=2641677 result_size=2031853
R1 [P2] iter 49: join done, raw=2692615 result_size=2072906
R3 [P2] iter 49: join done, raw=2594879 result_size=1979992
R0 [P2] iter 49: join done, raw=2480493 result_size=1938948
R2 [P2] iter 49: join done, raw=2605733 result_size=2003946
R1 [P2] iter 49: split done, delta_size=2090751
R2 [P2] iter 49: split done, delta_size=1868009
R3 [P2] iter 49: split done, delta_size=2023152
R0 [P2] iter 49: split done, delta_size=2042421
R5 [P2] iter 49: split done, delta_size=1979693
R4 [P2] iter 49: split done, delta_size=1965213
R7 [P2] iter 49: split done, delta_size=2011442
R6 [P2] iter 49: split done, delta_size=1933224
R1 [P2] iter 49: dedup done, delta_size=862781
R0 [P2] iter 49: dedup done, delta_size=827297
R2 [P2] iter 49: dedup done, delta_size=791066
R3 [P2] iter 49: dedup done, delta_size=834357
R7 [P2] iter 49: dedup done, delta_size=837693
R4 [P2] iter 49: dedup done, delta_size=826611
R5 [P2] iter 49: dedup done, delta_size=808089
R6 [P2] iter 49: dedup done, delta_size=809048
R1 [P2] iter 49: subtract done, delta_size=427211
R0 [P2] iter 49: subtract done, delta_size=397931
R2 [P2] iter 49: subtract done, delta_size=392716
R3 [P2] iter 49: subtract done, delta_size=404806
R5 [P2] iter 49: subtract done, delta_size=393755
R7 [P2] iter 49: subtract done, delta_size=419753
R4 [P2] iter 49: subtract done, delta_size=409253
R6 [P2] iter 49: subtract done, delta_size=398370
R1 [P2] iter 49: merge done, full_size=107294011
R0 [P2] iter 49: merge done, full_size=105849985
R2 [P2] iter 49: merge done, full_size=102787874
R3 [P2] iter 49: merge done, full_size=106314862
R6 [P2] iter 49: merge done, full_size=105061364
R4 [P2] iter 49: merge done, full_size=106451992
R5 [P2] iter 49: merge done, full_size=104700267
R0 [P2] iter 50 done: global_full_size=844093086
R4 [P2] iter 50 done: global_full_size=844093086
R1 [P2] iter 50 done: global_full_size=844093086
R5 [P2] iter 50 done: global_full_size=844093086
R2 [P2] iter 50 done: global_full_size=844093086
R6 [P2] iter 50 done: global_full_size=844093086
R3 [P2] iter 50 done: global_full_size=844093086
R3 [P2] iter 50: PRE-JOIN GPU mem: 83.8GB free / 85.1GB total | delta_size=404806 full_size=106314862
R7 [P2] iter 49: merge done, full_size=105632731
R7 [P2] iter 50 done: global_full_size=844093086
R0 [P2] iter 50: PRE-JOIN GPU mem: 83.8GB free / 85.1GB total | delta_size=397931 full_size=105849985
R4 [P2] iter 50: PRE-JOIN GPU mem: 83.8GB free / 85.1GB total | delta_size=409253 full_size=106451992
R1 [P2] iter 50: PRE-JOIN GPU mem: 83.8GB free / 85.1GB total | delta_size=427211 full_size=107294011
R5 [P2] iter 50: PRE-JOIN GPU mem: 83.8GB free / 85.1GB total | delta_size=393755 full_size=104700267
R2 [P2] iter 50: PRE-JOIN GPU mem: 83.8GB free / 85.1GB total | delta_size=392716 full_size=102787874
R6 [P2] iter 50: PRE-JOIN GPU mem: 83.8GB free / 85.1GB total | delta_size=398370 full_size=105061364
R7 [P2] iter 50: PRE-JOIN GPU mem: 83.8GB free / 85.1GB total | delta_size=419753 full_size=105632731
R1 [P2] iter 50: join done, raw=2425202 result_size=1871401
R0 [P2] iter 50: join done, raw=2229446 result_size=1731399
R3 [P2] iter 50: join done, raw=2336026 result_size=1767228
R2 [P2] iter 50: join done, raw=2331151 result_size=1797181
R5 [P2] iter 50: join done, raw=2232096 result_size=1747633
R7 [P2] iter 50: join done, raw=2272861 result_size=1769390
R6 [P2] iter 50: join done, raw=2160158 result_size=1742229
R4 [P2] iter 50: join done, raw=2328121 result_size=1812326
R2 [P2] iter 50: split done, delta_size=1669675
R5 [P2] iter 50: split done, delta_size=1762916
R6 [P2] iter 50: split done, delta_size=1729118
R3 [P2] iter 50: split done, delta_size=1801025
R0 [P2] iter 50: split done, delta_size=1824488
R7 [P2] iter 50: split done, delta_size=1823983
R2 [P2] iter 50: dedup done, delta_size=707354
R4 [P2] iter 50: split done, delta_size=1748636
R1 [P2] iter 50: split done, delta_size=1878946
R5 [P2] iter 50: dedup done, delta_size=722949
R0 [P2] iter 50: dedup done, delta_size=743199
R3 [P2] iter 50: dedup done, delta_size=745147
R6 [P2] iter 50: dedup done, delta_size=724599
R7 [P2] iter 50: dedup done, delta_size=760202
R1 [P2] iter 50: dedup done, delta_size=775764
R4 [P2] iter 50: dedup done, delta_size=738216
R2 [P2] iter 50: subtract done, delta_size=355017
R0 [P2] iter 50: subtract done, delta_size=358534
R5 [P2] iter 50: subtract done, delta_size=354489
R1 [P2] iter 50: subtract done, delta_size=385330
R6 [P2] iter 50: subtract done, delta_size=357941
R3 [P2] iter 50: subtract done, delta_size=363077
R7 [P2] iter 50: subtract done, delta_size=382629
R4 [P2] iter 50: subtract done, delta_size=369467
R2 [P2] iter 50: merge done, full_size=103142891
R0 [P2] iter 50: merge done, full_size=106208519
R5 [P2] iter 50: merge done, full_size=105054756
R1 [P2] iter 50: merge done, full_size=107679341
R3 [P2] iter 50: merge done, full_size=106677939
R6 [P2] iter 50: merge done, full_size=105419305
R4 [P2] iter 50: merge done, full_size=106821459
R0 [P2] iter 51 done: global_full_size=847019570
R4 [P2] iter 51 done: global_full_size=847019570
R1 [P2] iter 51 done: global_full_size=847019570
R5 [P2] iter 51 done: global_full_size=847019570
R2 [P2] iter 51 done: global_full_size=847019570
R2 [P2] iter 51: PRE-JOIN GPU mem: 83.8GB free / 85.1GB total | delta_size=355017 full_size=103142891
R6 [P2] iter 51 done: global_full_size=847019570
R3 [P2] iter 51 done: global_full_size=847019570
R3 [P2] iter 51: PRE-JOIN GPU mem: 83.8GB free / 85.1GB total | delta_size=363077 full_size=106677939
R7 [P2] iter 50: merge done, full_size=106015360
R7 [P2] iter 51 done: global_full_size=847019570
R0 [P2] iter 51: PRE-JOIN GPU mem: 83.8GB free / 85.1GB total | delta_size=358534 full_size=106208519
R4 [P2] iter 51: PRE-JOIN GPU mem: 83.8GB free / 85.1GB total | delta_size=369467 full_size=106821459
R1 [P2] iter 51: PRE-JOIN GPU mem: 83.8GB free / 85.1GB total | delta_size=385330 full_size=107679341
R6 [P2] iter 51: PRE-JOIN GPU mem: 83.8GB free / 85.1GB total | delta_size=357941 full_size=105419305
R7 [P2] iter 51: PRE-JOIN GPU mem: 83.8GB free / 85.1GB total | delta_size=382629 full_size=106015360
R5 [P2] iter 51: PRE-JOIN GPU mem: 83.8GB free / 85.1GB total | delta_size=354489 full_size=105054756
R2 [P2] iter 51: join done, raw=2089005 result_size=1616406
R0 [P2] iter 51: join done, raw=1975493 result_size=1546796
R6 [P2] iter 51: join done, raw=1892271 result_size=1542803
R1 [P2] iter 51: join done, raw=2170725 result_size=1677664
R3 [P2] iter 51: join done, raw=2057933 result_size=1560153
R5 [P2] iter 51: join done, raw=1967955 result_size=1559457
R7 [P2] iter 51: join done, raw=2030168 result_size=1585887
R4 [P2] iter 51: join done, raw=2055172 result_size=1613931
R5 [P2] iter 51: split done, delta_size=1577254
R3 [P2] iter 51: split done, delta_size=1604051
R6 [P2] iter 51: split done, delta_size=1553182
R4 [P2] iter 51: split done, delta_size=1559475
R2 [P2] iter 51: split done, delta_size=1482078
R7 [P2] iter 51: split done, delta_size=1632957
R0 [P2] iter 51: split done, delta_size=1625409
R3 [P2] iter 51: dedup done, delta_size=665009
R2 [P2] iter 51: dedup done, delta_size=628210
R5 [P2] iter 51: dedup done, delta_size=648906
R6 [P2] iter 51: dedup done, delta_size=649656
R1 [P2] iter 51: split done, delta_size=1668691
R0 [P2] iter 51: dedup done, delta_size=663572
R4 [P2] iter 51: dedup done, delta_size=661051
R1 [P2] iter 51: dedup done, delta_size=693649
R3 [P2] iter 51: subtract done, delta_size=325003
R2 [P2] iter 51: subtract done, delta_size=313247
R0 [P2] iter 51: subtract done, delta_size=316345
R1 [P2] iter 51: subtract done, delta_size=342898
R6 [P2] iter 51: subtract done, delta_size=319450
R7 [P2] iter 51: dedup done, delta_size=685263
R5 [P2] iter 51: subtract done, delta_size=314203
R3 [P2] iter 51: merge done, full_size=107002942
R0 [P2] iter 51: merge done, full_size=106524864
R1 [P2] iter 51: merge done, full_size=108022239
R2 [P2] iter 51: merge done, full_size=103456138
R4 [P2] iter 51: subtract done, delta_size=330720
R7 [P2] iter 51: subtract done, delta_size=343024
R6 [P2] iter 51: merge done, full_size=105738755
R5 [P2] iter 51: merge done, full_size=105368959
R7 [P2] iter 51: merge done, full_size=106358384
R0 [P2] iter 52 done: global_full_size=849624460
R4 [P2] iter 51: merge done, full_size=107152179
R4 [P2] iter 52 done: global_full_size=849624460
R1 [P2] iter 52 done: global_full_size=849624460
R5 [P2] iter 52 done: global_full_size=849624460
R2 [P2] iter 52 done: global_full_size=849624460
R6 [P2] iter 52 done: global_full_size=849624460
R3 [P2] iter 52 done: global_full_size=849624460
R7 [P2] iter 52 done: global_full_size=849624460
R0 [P2] iter 52: PRE-JOIN GPU mem: 83.8GB free / 85.1GB total | delta_size=316345 full_size=106524864
R4 [P2] iter 52: PRE-JOIN GPU mem: 83.8GB free / 85.1GB total | delta_size=330720 full_size=107152179
R1 [P2] iter 52: PRE-JOIN GPU mem: 83.8GB free / 85.1GB total | delta_size=342898 full_size=108022239
R5 [P2] iter 52: PRE-JOIN GPU mem: 83.8GB free / 85.1GB total | delta_size=314203 full_size=105368959
R2 [P2] iter 52: PRE-JOIN GPU mem: 83.8GB free / 85.1GB total | delta_size=313247 full_size=103456138
R6 [P2] iter 52: PRE-JOIN GPU mem: 83.8GB free / 85.1GB total | delta_size=319450 full_size=105738755
R3 [P2] iter 52: PRE-JOIN GPU mem: 83.8GB free / 85.1GB total | delta_size=325003 full_size=107002942
R7 [P2] iter 52: PRE-JOIN GPU mem: 83.8GB free / 85.1GB total | delta_size=343024 full_size=106358384
R1 [P2] iter 52: join done, raw=1926632 result_size=1480116
R0 [P2] iter 52: join done, raw=1703270 result_size=1340216
R2 [P2] iter 52: join done, raw=1825396 result_size=1405847
R3 [P2] iter 52: join done, raw=1815271 result_size=1371695
R4 [P2] iter 52: join done, raw=1749232 result_size=1386659
R6 [P2] iter 52: join done, raw=1628659 result_size=1337058
R7 [P2] iter 52: join done, raw=1773952 result_size=1387230
R5 [P2] iter 52: join done, raw=1696304 result_size=1352427
R6 [P2] iter 52: split done, delta_size=1352748
R5 [P2] iter 52: split done, delta_size=1382528
R7 [P2] iter 52: split done, delta_size=1415018
R4 [P2] iter 52: split done, delta_size=1363621
R2 [P2] iter 52: split done, delta_size=1285025
R0 [P2] iter 52: split done, delta_size=1425021
R1 [P2] iter 52: split done, delta_size=1442359
R6 [P2] iter 52: dedup done, delta_size=566673
R5 [P2] iter 52: dedup done, delta_size=568385
R3 [P2] iter 52: split done, delta_size=1394928
R7 [P2] iter 52: dedup done, delta_size=600417
R4 [P2] iter 52: dedup done, delta_size=580237
R6 [P2] iter 52: subtract done, delta_size=272027
R5 [P2] iter 52: subtract done, delta_size=269529
R7 [P2] iter 52: subtract done, delta_size=295267
R4 [P2] iter 52: subtract done, delta_size=284923
R2 [P2] iter 52: dedup done, delta_size=544516
R0 [P2] iter 52: dedup done, delta_size=580176
R1 [P2] iter 52: dedup done, delta_size=599811
R6 [P2] iter 52: merge done, full_size=106010782
R5 [P2] iter 52: merge done, full_size=105638488
R0 [P2] iter 52: subtract done, delta_size=270065
R1 [P2] iter 52: subtract done, delta_size=290953
R4 [P2] iter 52: merge done, full_size=107437102
R7 [P2] iter 52: merge done, full_size=106653651
R2 [P2] iter 52: subtract done, delta_size=265171
R1 [P2] iter 52: merge done, full_size=108313192
R0 [P2] iter 52: merge done, full_size=106794929
R3 [P2] iter 52: dedup done, delta_size=582115
R3 [P2] iter 52: subtract done, delta_size=280154
R2 [P2] iter 52: merge done, full_size=103721309
R0 [P2] iter 53 done: global_full_size=851852549
R1 [P2] iter 53 done: global_full_size=851852549
R2 [P2] iter 53 done: global_full_size=851852549
R4 [P2] iter 53 done: global_full_size=851852549
R3 [P2] iter 52: merge done, full_size=107283096
R3 [P2] iter 53 done: global_full_size=851852549
R5 [P2] iter 53 done: global_full_size=851852549
R0 [P2] iter 53: PRE-JOIN GPU mem: 83.8GB free / 85.1GB total | delta_size=270065 full_size=106794929
R6 [P2] iter 53 done: global_full_size=851852549
R6 [P2] iter 53: PRE-JOIN GPU mem: 83.8GB free / 85.1GB total | delta_size=272027 full_size=106010782
R1 [P2] iter 53: PRE-JOIN GPU mem: 83.8GB free / 85.1GB total | delta_size=290953 full_size=108313192
R7 [P2] iter 53 done: global_full_size=851852549
R7 [P2] iter 53: PRE-JOIN GPU mem: 83.8GB free / 85.1GB total | delta_size=295267 full_size=106653651
R2 [P2] iter 53: PRE-JOIN GPU mem: 83.8GB free / 85.1GB total | delta_size=265171 full_size=103721309
R4 [P2] iter 53: PRE-JOIN GPU mem: 83.8GB free / 85.1GB total | delta_size=284923 full_size=107437102
R3 [P2] iter 53: PRE-JOIN GPU mem: 83.8GB free / 85.1GB total | delta_size=280154 full_size=107283096
R5 [P2] iter 53: PRE-JOIN GPU mem: 83.8GB free / 85.1GB total | delta_size=269529 full_size=105638488
R3 [P2] iter 53: join done, raw=1513508 result_size=1156801
R1 [P2] iter 53: join done, raw=1609668 result_size=1244495
R0 [P2] iter 53: join done, raw=1404769 result_size=1122589
R4 [P2] iter 53: join done, raw=1425649 result_size=1149564
R5 [P2] iter 53: join done, raw=1400468 result_size=1131005
R2 [P2] iter 53: join done, raw=1507448 result_size=1170985
R6 [P2] iter 53: join done, raw=1358302 result_size=1120372
R7 [P2] iter 53: join done, raw=1489386 result_size=1167418
R6 [P2] iter 53: split done, delta_size=1126826
R4 [P2] iter 53: split done, delta_size=1153588
R5 [P2] iter 53: split done, delta_size=1150295
R7 [P2] iter 53: split done, delta_size=1199408
R6 [P2] iter 53: dedup done, delta_size=479630
R7 [P2] iter 53: dedup done, delta_size=516217
R4 [P2] iter 53: dedup done, delta_size=499684
R5 [P2] iter 53: dedup done, delta_size=482604
R2 [P2] iter 53: split done, delta_size=1073405
R2 [P2] iter 53: dedup done, delta_size=461225
R6 [P2] iter 53: subtract done, delta_size=224320
R0 [P2] iter 53: split done, delta_size=1196894
R7 [P2] iter 53: subtract done, delta_size=249838
R5 [P2] iter 53: subtract done, delta_size=224482
R4 [P2] iter 53: subtract done, delta_size=243302
R1 [P2] iter 53: split done, delta_size=1196749
R2 [P2] iter 53: subtract done, delta_size=222109
R0 [P2] iter 53: dedup done, delta_size=495072
R3 [P2] iter 53: split done, delta_size=1166064
R6 [P2] iter 53: merge done, full_size=106235102
R1 [P2] iter 53: dedup done, delta_size=506536
R7 [P2] iter 53: merge done, full_size=106903489
R3 [P2] iter 53: dedup done, delta_size=499613
R0 [P2] iter 53: subtract done, delta_size=226491
R5 [P2] iter 53: merge done, full_size=105862970
R4 [P2] iter 53: merge done, full_size=107680404
R1 [P2] iter 53: subtract done, delta_size=243776
R2 [P2] iter 53: merge done, full_size=103943418
R0 [P2] iter 53: merge done, full_size=107021420
R3 [P2] iter 53: subtract done, delta_size=237323
R1 [P2] iter 53: merge done, full_size=108556968
R0 [P2] iter 54 done: global_full_size=853724190
R1 [P2] iter 54 done: global_full_size=853724190
R2 [P2] iter 54 done: global_full_size=853724190
R3 [P2] iter 53: merge done, full_size=107520419
R3 [P2] iter 54 done: global_full_size=853724190
R4 [P2] iter 54 done: global_full_size=853724190
R0 [P2] iter 54: PRE-JOIN GPU mem: 83.8GB free / 85.1GB total | delta_size=226491 full_size=107021420
R5 [P2] iter 54 done: global_full_size=853724190
R1 [P2] iter 54: PRE-JOIN GPU mem: 83.8GB free / 85.1GB total | delta_size=243776 full_size=108556968
R6 [P2] iter 54 done: global_full_size=853724190
R2 [P2] iter 54: PRE-JOIN GPU mem: 83.8GB free / 85.1GB total | delta_size=222109 full_size=103943418
R7 [P2] iter 54 done: global_full_size=853724190
R3 [P2] iter 54: PRE-JOIN GPU mem: 83.8GB free / 85.1GB total | delta_size=237323 full_size=107520419
R4 [P2] iter 54: PRE-JOIN GPU mem: 83.8GB free / 85.1GB total | delta_size=243302 full_size=107680404
R5 [P2] iter 54: PRE-JOIN GPU mem: 83.8GB free / 85.1GB total | delta_size=224482 full_size=105862970
R6 [P2] iter 54: PRE-JOIN GPU mem: 83.8GB free / 85.1GB total | delta_size=224320 full_size=106235102
R7 [P2] iter 54: PRE-JOIN GPU mem: 83.8GB free / 85.1GB total | delta_size=249838 full_size=106903489
R6 [P2] iter 54: join done, raw=1114588 result_size=928301
R7 [P2] iter 54: join done, raw=1233104 result_size=971448
R4 [P2] iter 54: join done, raw=1189935 result_size=961070
R5 [P2] iter 54: join done, raw=1140729 result_size=931161
R2 [P2] iter 54: join done, raw=1233820 result_size=967558
R0 [P2] iter 54: join done, raw=1160231 result_size=933151
R1 [P2] iter 54: join done, raw=1334858 result_size=1038806
R3 [P2] iter 54: join done, raw=1251792 result_size=970813
R5 [P2] iter 54: split done, delta_size=951581
R6 [P2] iter 54: split done, delta_size=927358
R1 [P2] iter 54: split done, delta_size=997310
R0 [P2] iter 54: split done, delta_size=986358
R4 [P2] iter 54: split done, delta_size=968166
R7 [P2] iter 54: split done, delta_size=1009853
R2 [P2] iter 54: split done, delta_size=890224
R3 [P2] iter 54: split done, delta_size=971458
R5 [P2] iter 54: dedup done, delta_size=403889
R1 [P2] iter 54: dedup done, delta_size=421839
R0 [P2] iter 54: dedup done, delta_size=412426
R6 [P2] iter 54: dedup done, delta_size=398819
R2 [P2] iter 54: dedup done, delta_size=384260
R3 [P2] iter 54: dedup done, delta_size=421196
R4 [P2] iter 54: dedup done, delta_size=421739
R7 [P2] iter 54: dedup done, delta_size=437669
R1 [P2] iter 54: subtract done, delta_size=204889
R5 [P2] iter 54: subtract done, delta_size=189889
R0 [P2] iter 54: subtract done, delta_size=187892
R6 [P2] iter 54: subtract done, delta_size=191007
R4 [P2] iter 54: subtract done, delta_size=207993
R7 [P2] iter 54: subtract done, delta_size=212136
R2 [P2] iter 54: subtract done, delta_size=187574
R3 [P2] iter 54: subtract done, delta_size=202864
R5 [P2] iter 54: merge done, full_size=106052859
R6 [P2] iter 54: merge done, full_size=106426109
R7 [P2] iter 54: merge done, full_size=107115625
R4 [P2] iter 54: merge done, full_size=107888397
R1 [P2] iter 54: merge done, full_size=108761857
R0 [P2] iter 54: merge done, full_size=107209312
R2 [P2] iter 54: merge done, full_size=104130992
R0 [P2] iter 55 done: global_full_size=855308434
R1 [P2] iter 55 done: global_full_size=855308434
R2 [P2] iter 55 done: global_full_size=855308434
R3 [P2] iter 54: merge done, full_size=107723283
R3 [P2] iter 55 done: global_full_size=855308434
R3 [P2] iter 55: PRE-JOIN GPU mem: 83.8GB free / 85.1GB total | delta_size=202864 full_size=107723283
R0 [P2] iter 55: PRE-JOIN GPU mem: 83.8GB free / 85.1GB total | delta_size=187892 full_size=107209312
R1 [P2] iter 55: PRE-JOIN GPU mem: 83.8GB free / 85.1GB total | delta_size=204889 full_size=108761857
R2 [P2] iter 55: PRE-JOIN GPU mem: 83.8GB free / 85.1GB total | delta_size=187574 full_size=104130992
R4 [P2] iter 55 done: global_full_size=855308434
R5 [P2] iter 55 done: global_full_size=855308434
R6 [P2] iter 55 done: global_full_size=855308434
R7 [P2] iter 55 done: global_full_size=855308434
R4 [P2] iter 55: PRE-JOIN GPU mem: 83.8GB free / 85.1GB total | delta_size=207993 full_size=107888397
R5 [P2] iter 55: PRE-JOIN GPU mem: 83.8GB free / 85.1GB total | delta_size=189889 full_size=106052859
R6 [P2] iter 55: PRE-JOIN GPU mem: 83.8GB free / 85.1GB total | delta_size=191007 full_size=106426109
R7 [P2] iter 55: PRE-JOIN GPU mem: 83.8GB free / 85.1GB total | delta_size=212136 full_size=107115625
R6 [P2] iter 55: join done, raw=941796 result_size=784531
R5 [P2] iter 55: join done, raw=963280 result_size=790210
R7 [P2] iter 55: join done, raw=1019916 result_size=806804
R4 [P2] iter 55: join done, raw=1006547 result_size=813349
R0 [P2] iter 55: join done, raw=958071 result_size=776134
R3 [P2] iter 55: join done, raw=1042455 result_size=818709
R2 [P2] iter 55: join done, raw=1036166 result_size=817647
R1 [P2] iter 55: join done, raw=1110701 result_size=866562
R1 [P2] iter 55: split done, delta_size=831142
R0 [P2] iter 55: split done, delta_size=827287
R2 [P2] iter 55: split done, delta_size=753476
R6 [P2] iter 55: split done, delta_size=774222
R7 [P2] iter 55: split done, delta_size=838633
R5 [P2] iter 55: split done, delta_size=808696
R4 [P2] iter 55: split done, delta_size=820867
R3 [P2] iter 55: split done, delta_size=819623
R1 [P2] iter 55: dedup done, delta_size=354305
R0 [P2] iter 55: dedup done, delta_size=346906
R2 [P2] iter 55: dedup done, delta_size=324366
R6 [P2] iter 55: dedup done, delta_size=335354
R5 [P2] iter 55: dedup done, delta_size=343318
R7 [P2] iter 55: dedup done, delta_size=364075
R1 [P2] iter 55: subtract done, delta_size=170553
R0 [P2] iter 55: subtract done, delta_size=157979
R5 [P2] iter 55: subtract done, delta_size=159440
R6 [P2] iter 55: subtract done, delta_size=160102
R4 [P2] iter 55: dedup done, delta_size=356466
R3 [P2] iter 55: dedup done, delta_size=353386
R7 [P2] iter 55: subtract done, delta_size=173703
R2 [P2] iter 55: subtract done, delta_size=158863
R1 [P2] iter 55: merge done, full_size=108932410
R4 [P2] iter 55: subtract done, delta_size=174525
R5 [P2] iter 55: merge done, full_size=106212299
R0 [P2] iter 55: merge done, full_size=107367291
R6 [P2] iter 55: merge done, full_size=106586211
R7 [P2] iter 55: merge done, full_size=107289328
R4 [P2] iter 55: merge done, full_size=108062922
R3 [P2] iter 55: subtract done, delta_size=169389
R2 [P2] iter 55: merge done, full_size=104289855
R0 [P2] iter 56 done: global_full_size=856632988
R1 [P2] iter 56 done: global_full_size=856632988
R2 [P2] iter 56 done: global_full_size=856632988
R3 [P2] iter 55: merge done, full_size=107892672
R3 [P2] iter 56 done: global_full_size=856632988
R4 [P2] iter 56 done: global_full_size=856632988
R5 [P2] iter 56 done: global_full_size=856632988
R6 [P2] iter 56 done: global_full_size=856632988
R7 [P2] iter 56 done: global_full_size=856632988
R7 [P2] iter 56: PRE-JOIN GPU mem: 83.8GB free / 85.1GB total | delta_size=173703 full_size=107289328
R4 [P2] iter 56: PRE-JOIN GPU mem: 83.8GB free / 85.1GB total | delta_size=174525 full_size=108062922
R5 [P2] iter 56: PRE-JOIN GPU mem: 83.8GB free / 85.1GB total | delta_size=159440 full_size=106212299
R6 [P2] iter 56: PRE-JOIN GPU mem: 83.8GB free / 85.1GB total | delta_size=160102 full_size=106586211
R0 [P2] iter 56: PRE-JOIN GPU mem: 83.8GB free / 85.1GB total | delta_size=157979 full_size=107367291
R1 [P2] iter 56: PRE-JOIN GPU mem: 83.8GB free / 85.1GB total | delta_size=170553 full_size=108932410
R2 [P2] iter 56: PRE-JOIN GPU mem: 83.8GB free / 85.1GB total | delta_size=158863 full_size=104289855
R3 [P2] iter 56: PRE-JOIN GPU mem: 83.8GB free / 85.1GB total | delta_size=169389 full_size=107892672
R5 [P2] iter 56: join done, raw=817975 result_size=666800
R7 [P2] iter 56: join done, raw=824238 result_size=657863
R6 [P2] iter 56: join done, raw=785680 result_size=657153
R4 [P2] iter 56: join done, raw=840495 result_size=674881
R1 [P2] iter 56: join done, raw=916864 result_size=715503
R2 [P2] iter 56: join done, raw=874323 result_size=688779
R0 [P2] iter 56: join done, raw=798412 result_size=647688
R3 [P2] iter 56: join done, raw=867584 result_size=678757
R6 [P2] iter 56: split done, delta_size=645749
R5 [P2] iter 56: split done, delta_size=681331
R7 [P2] iter 56: split done, delta_size=690002
R4 [P2] iter 56: split done, delta_size=689620
R2 [P2] iter 56: split done, delta_size=621528
R0 [P2] iter 56: split done, delta_size=685880
R1 [P2] iter 56: split done, delta_size=686363
R5 [P2] iter 56: dedup done, delta_size=289385
R6 [P2] iter 56: dedup done, delta_size=281399
R7 [P2] iter 56: dedup done, delta_size=299793
R4 [P2] iter 56: dedup done, delta_size=298686
R3 [P2] iter 56: split done, delta_size=686951
R5 [P2] iter 56: subtract done, delta_size=133156
R6 [P2] iter 56: subtract done, delta_size=133796
R7 [P2] iter 56: subtract done, delta_size=143011
R4 [P2] iter 56: subtract done, delta_size=144673
R2 [P2] iter 56: dedup done, delta_size=268093
R1 [P2] iter 56: dedup done, delta_size=292750
R0 [P2] iter 56: dedup done, delta_size=288055
R5 [P2] iter 56: merge done, full_size=106345455
R1 [P2] iter 56: subtract done, delta_size=139420
R0 [P2] iter 56: subtract done, delta_size=130227
R6 [P2] iter 56: merge done, full_size=106720007
R7 [P2] iter 56: merge done, full_size=107432339
R4 [P2] iter 56: merge done, full_size=108207595
R2 [P2] iter 56: subtract done, delta_size=129275
R1 [P2] iter 56: merge done, full_size=109071830
R0 [P2] iter 56: merge done, full_size=107497518
R3 [P2] iter 56: dedup done, delta_size=293223
R2 [P2] iter 56: merge done, full_size=104419130
R3 [P2] iter 56: subtract done, delta_size=137694
R0 [P2] iter 57 done: global_full_size=857724240
R4 [P2] iter 57 done: global_full_size=857724240
R1 [P2] iter 57 done: global_full_size=857724240
R5 [P2] iter 57 done: global_full_size=857724240
R2 [P2] iter 57 done: global_full_size=857724240
R6 [P2] iter 57 done: global_full_size=857724240
R3 [P2] iter 56: merge done, full_size=108030366
R3 [P2] iter 57 done: global_full_size=857724240
R3 [P2] iter 57: PRE-JOIN GPU mem: 83.8GB free / 85.1GB total | delta_size=137694 full_size=108030366
R7 [P2] iter 57 done: global_full_size=857724240
R0 [P2] iter 57: PRE-JOIN GPU mem: 83.8GB free / 85.1GB total | delta_size=130227 full_size=107497518
R4 [P2] iter 57: PRE-JOIN GPU mem: 83.8GB free / 85.1GB total | delta_size=144673 full_size=108207595
R1 [P2] iter 57: PRE-JOIN GPU mem: 83.8GB free / 85.1GB total | delta_size=139420 full_size=109071830
R5 [P2] iter 57: PRE-JOIN GPU mem: 83.8GB free / 85.1GB total | delta_size=133156 full_size=106345455
R2 [P2] iter 57: PRE-JOIN GPU mem: 83.8GB free / 85.1GB total | delta_size=129275 full_size=104419130
R6 [P2] iter 57: PRE-JOIN GPU mem: 83.8GB free / 85.1GB total | delta_size=133796 full_size=106720007
R7 [P2] iter 57: PRE-JOIN GPU mem: 83.8GB free / 85.1GB total | delta_size=143011 full_size=107432339
R5 [P2] iter 57: join done, raw=675116 result_size=552975
R1 [P2] iter 57: join done, raw=741295 result_size=583967
R2 [P2] iter 57: join done, raw=701836 result_size=558439
R3 [P2] iter 57: join done, raw=697151 result_size=547352
R0 [P2] iter 57: join done, raw=636707 result_size=523683
R4 [P2] iter 57: join done, raw=690857 result_size=556730
R6 [P2] iter 57: join done, raw=639528 result_size=536665
R7 [P2] iter 57: join done, raw=662467 result_size=534109
R1 [P2] iter 57: split done, delta_size=560263
R4 [P2] iter 57: split done, delta_size=566316
R2 [P2] iter 57: split done, delta_size=495766
R0 [P2] iter 57: split done, delta_size=555476
R6 [P2] iter 57: split done, delta_size=529547
R1 [P2] iter 57: dedup done, delta_size=240670
R5 [P2] iter 57: split done, delta_size=555206
R7 [P2] iter 57: split done, delta_size=566929
R0 [P2] iter 57: dedup done, delta_size=237919
R3 [P2] iter 57: split done, delta_size=564417
R2 [P2] iter 57: dedup done, delta_size=218412
R4 [P2] iter 57: dedup done, delta_size=250102
R6 [P2] iter 57: dedup done, delta_size=234512
R1 [P2] iter 57: subtract done, delta_size=115250
R3 [P2] iter 57: dedup done, delta_size=243609
R5 [P2] iter 57: dedup done, delta_size=240125
R0 [P2] iter 57: subtract done, delta_size=108065
R7 [P2] iter 57: dedup done, delta_size=249853
R2 [P2] iter 57: subtract done, delta_size=105344
R4 [P2] iter 57: subtract done, delta_size=121468
R6 [P2] iter 57: subtract done, delta_size=109339
R5 [P2] iter 57: subtract done, delta_size=110203
R1 [P2] iter 57: merge done, full_size=109187080
R7 [P2] iter 57: subtract done, delta_size=119857
R3 [P2] iter 57: subtract done, delta_size=113704
R0 [P2] iter 57: merge done, full_size=107605583
R2 [P2] iter 57: merge done, full_size=104524474
R4 [P2] iter 57: merge done, full_size=108329063
R6 [P2] iter 57: merge done, full_size=106829346
R5 [P2] iter 57: merge done, full_size=106455658
R7 [P2] iter 57: merge done, full_size=107552196
R0 [P2] iter 58 done: global_full_size=858627470
R1 [P2] iter 58 done: global_full_size=858627470
R2 [P2] iter 58 done: global_full_size=858627470
R3 [P2] iter 57: merge done, full_size=108144070
R3 [P2] iter 58 done: global_full_size=858627470
R0 [P2] iter 58: PRE-JOIN GPU mem: 83.8GB free / 85.1GB total | delta_size=108065 full_size=107605583
R1 [P2] iter 58: PRE-JOIN GPU mem: 83.8GB free / 85.1GB total | delta_size=115250 full_size=109187080
R3 [P2] iter 58: PRE-JOIN GPU mem: 83.8GB free / 85.1GB total | delta_size=113704 full_size=108144070
R2 [P2] iter 58: PRE-JOIN GPU mem: 83.8GB free / 85.1GB total | delta_size=105344 full_size=104524474
R4 [P2] iter 58 done: global_full_size=858627470
R4 [P2] iter 58: PRE-JOIN GPU mem: 83.8GB free / 85.1GB total | delta_size=121468 full_size=108329063
R5 [P2] iter 58 done: global_full_size=858627470
R5 [P2] iter 58: PRE-JOIN GPU mem: 83.8GB free / 85.1GB total | delta_size=110203 full_size=106455658
R6 [P2] iter 58 done: global_full_size=858627470
R6 [P2] iter 58: PRE-JOIN GPU mem: 83.8GB free / 85.1GB total | delta_size=109339 full_size=106829346
R7 [P2] iter 58 done: global_full_size=858627470
R7 [P2] iter 58: PRE-JOIN GPU mem: 83.8GB free / 85.1GB total | delta_size=119857 full_size=107552196
R0 [P2] iter 58: join done, raw=530136 result_size=435684
R1 [P2] iter 58: join done, raw=609524 result_size=482720
R2 [P2] iter 58: join done, raw=581570 result_size=462651
R3 [P2] iter 58: join done, raw=578003 result_size=449615
R5 [P2] iter 58: join done, raw=557189 result_size=459710
R6 [P2] iter 58: join done, raw=521265 result_size=440193
R4 [P2] iter 58: join done, raw=574286 result_size=469198
R7 [P2] iter 58: join done, raw=551377 result_size=448782
R6 [P2] iter 58: split done, delta_size=445953
R2 [P2] iter 58: split done, delta_size=413314
R0 [P2] iter 58: split done, delta_size=458464
R5 [P2] iter 58: split done, delta_size=453038
R7 [P2] iter 58: split done, delta_size=472727
R1 [P2] iter 58: split done, delta_size=472282
R2 [P2] iter 58: dedup done, delta_size=183527
R0 [P2] iter 58: dedup done, delta_size=199403
R4 [P2] iter 58: split done, delta_size=469698
R6 [P2] iter 58: dedup done, delta_size=197727
R3 [P2] iter 58: split done, delta_size=463077
R1 [P2] iter 58: dedup done, delta_size=204532
R5 [P2] iter 58: dedup done, delta_size=200207
R7 [P2] iter 58: dedup done, delta_size=209445
R0 [P2] iter 58: subtract done, delta_size=92475
R3 [P2] iter 58: dedup done, delta_size=202544
R2 [P2] iter 58: subtract done, delta_size=91488
R4 [P2] iter 58: dedup done, delta_size=210414
R1 [P2] iter 58: subtract done, delta_size=101187
R0 [P2] iter 58: merge done, full_size=107698058
R5 [P2] iter 58: subtract done, delta_size=94240
R3 [P2] iter 58: subtract done, delta_size=97341
R6 [P2] iter 58: subtract done, delta_size=92966
R7 [P2] iter 58: subtract done, delta_size=101404
R2 [P2] iter 58: merge done, full_size=104615962
R1 [P2] iter 58: merge done, full_size=109288267
R3 [P2] iter 58: merge done, full_size=108241411
R4 [P2] iter 58: subtract done, delta_size=104059
R7 [P2] iter 58: merge done, full_size=107653600
R6 [P2] iter 58: merge done, full_size=106922312
R5 [P2] iter 58: merge done, full_size=106549898
R0 [P2] iter 59 done: global_full_size=859402630
R4 [P2] iter 58: merge done, full_size=108433122
R4 [P2] iter 59 done: global_full_size=859402630
R1 [P2] iter 59 done: global_full_size=859402630
R1 [P2] iter 59: PRE-JOIN GPU mem: 83.8GB free / 85.1GB total | delta_size=101187 full_size=109288267
R5 [P2] iter 59 done: global_full_size=859402630
R2 [P2] iter 59 done: global_full_size=859402630
R2 [P2] iter 59: PRE-JOIN GPU mem: 83.8GB free / 85.1GB total | delta_size=91488 full_size=104615962
R6 [P2] iter 59 done: global_full_size=859402630
R3 [P2] iter 59 done: global_full_size=859402630
R7 [P2] iter 59 done: global_full_size=859402630
R0 [P2] iter 59: PRE-JOIN GPU mem: 83.8GB free / 85.1GB total | delta_size=92475 full_size=107698058
R3 [P2] iter 59: PRE-JOIN GPU mem: 83.8GB free / 85.1GB total | delta_size=97341 full_size=108241411
R4 [P2] iter 59: PRE-JOIN GPU mem: 83.8GB free / 85.1GB total | delta_size=104059 full_size=108433122
R5 [P2] iter 59: PRE-JOIN GPU mem: 83.8GB free / 85.1GB total | delta_size=94240 full_size=106549898
R6 [P2] iter 59: PRE-JOIN GPU mem: 83.8GB free / 85.1GB total | delta_size=92966 full_size=106922312
R7 [P2] iter 59: PRE-JOIN GPU mem: 83.8GB free / 85.1GB total | delta_size=101404 full_size=107653600
R0 [P2] iter 59: join done, raw=469958 result_size=381937
R1 [P2] iter 59: join done, raw=550428 result_size=428214
R2 [P2] iter 59: join done, raw=537670 result_size=416082
R3 [P2] iter 59: join done, raw=519519 result_size=391444
R7 [P2] iter 59: join done, raw=481449 result_size=392096
R6 [P2] iter 59: join done, raw=444473 result_size=376882
R4 [P2] iter 59: join done, raw=496260 result_size=407662
R5 [P2] iter 59: join done, raw=493688 result_size=406803
R0 [P2] iter 59: split done, delta_size=396945
R2 [P2] iter 59: split done, delta_size=370276
R7 [P2] iter 59: split done, delta_size=414202
R1 [P2] iter 59: split done, delta_size=414013
R6 [P2] iter 59: split done, delta_size=389200
R7 [P2] iter 59: dedup done, delta_size=180049
R5 [P2] iter 59: split done, delta_size=396210
R4 [P2] iter 59: split done, delta_size=412857
R6 [P2] iter 59: dedup done, delta_size=170566
R4 [P2] iter 59: dedup done, delta_size=183433
R5 [P2] iter 59: dedup done, delta_size=173587
R7 [P2] iter 59: subtract done, delta_size=88479
R6 [P2] iter 59: subtract done, delta_size=82438
R4 [P2] iter 59: subtract done, delta_size=91478
R5 [P2] iter 59: subtract done, delta_size=82421
R7 [P2] iter 59: merge done, full_size=107742079
R6 [P2] iter 59: merge done, full_size=107004750
R4 [P2] iter 59: merge done, full_size=108524600
R5 [P2] iter 59: merge done, full_size=106632319
R3 [P2] iter 59: split done, delta_size=407417
R0 [P2] iter 59: dedup done, delta_size=172023
R2 [P2] iter 59: dedup done, delta_size=161186
R0 [P2] iter 59: subtract done, delta_size=81589
R1 [P2] iter 59: dedup done, delta_size=179384
R2 [P2] iter 59: subtract done, delta_size=82147
R1 [P2] iter 59: subtract done, delta_size=90352
R0 [P2] iter 59: merge done, full_size=107779647
R1 [P2] iter 59: merge done, full_size=109378619
R3 [P2] iter 59: dedup done, delta_size=175769
R2 [P2] iter 59: merge done, full_size=104698109
R3 [P2] iter 59: subtract done, delta_size=87407
R0 [P2] iter 60 done: global_full_size=860088941
R1 [P2] iter 60 done: global_full_size=860088941
R2 [P2] iter 60 done: global_full_size=860088941
R3 [P2] iter 59: merge done, full_size=108328818
R3 [P2] iter 60 done: global_full_size=860088941
R4 [P2] iter 60 done: global_full_size=860088941
R5 [P2] iter 60 done: global_full_size=860088941
R6 [P2] iter 60 done: global_full_size=860088941
R6 [P2] iter 60: PRE-JOIN GPU mem: 83.8GB free / 85.1GB total | delta_size=82438 full_size=107004750
R7 [P2] iter 60 done: global_full_size=860088941
R7 [P2] iter 60: PRE-JOIN GPU mem: 83.8GB free / 85.1GB total | delta_size=88479 full_size=107742079
R4 [P2] iter 60: PRE-JOIN GPU mem: 83.8GB free / 85.1GB total | delta_size=91478 full_size=108524600
R5 [P2] iter 60: PRE-JOIN GPU mem: 83.8GB free / 85.1GB total | delta_size=82421 full_size=106632319
R0 [P2] iter 60: PRE-JOIN GPU mem: 83.8GB free / 85.1GB total | delta_size=81589 full_size=107779647
R1 [P2] iter 60: PRE-JOIN GPU mem: 83.8GB free / 85.1GB total | delta_size=90352 full_size=109378619
R2 [P2] iter 60: PRE-JOIN GPU mem: 83.8GB free / 85.1GB total | delta_size=82147 full_size=104698109
R3 [P2] iter 60: PRE-JOIN GPU mem: 83.8GB free / 85.1GB total | delta_size=87407 full_size=108328818
R6 [P2] iter 60: join done, raw=397576 result_size=335074
R7 [P2] iter 60: join done, raw=437907 result_size=351183
R4 [P2] iter 60: join done, raw=443373 result_size=362393
R5 [P2] iter 60: join done, raw=443209 result_size=361666
R0 [P2] iter 60: join done, raw=423646 result_size=341081
R1 [P2] iter 60: join done, raw=495563 result_size=381749
R2 [P2] iter 60: join done, raw=491656 result_size=378042
R3 [P2] iter 60: join done, raw=466886 result_size=350405
R2 [P2] iter 60: split done, delta_size=335403
R0 [P2] iter 60: split done, delta_size=351922
R3 [P2] iter 60: split done, delta_size=367408
R7 [P2] iter 60: split done, delta_size=372753
R1 [P2] iter 60: split done, delta_size=363118
R5 [P2] iter 60: split done, delta_size=354771
R6 [P2] iter 60: split done, delta_size=348673
R4 [P2] iter 60: split done, delta_size=367545
R2 [P2] iter 60: dedup done, delta_size=143334
R1 [P2] iter 60: dedup done, delta_size=156816
R0 [P2] iter 60: dedup done, delta_size=149736
R3 [P2] iter 60: dedup done, delta_size=155683
R6 [P2] iter 60: dedup done, delta_size=150998
R7 [P2] iter 60: dedup done, delta_size=157542
R5 [P2] iter 60: dedup done, delta_size=152170
R4 [P2] iter 60: dedup done, delta_size=161030
R2 [P2] iter 60: subtract done, delta_size=72224
R0 [P2] iter 60: subtract done, delta_size=70047
R1 [P2] iter 60: subtract done, delta_size=78934
R3 [P2] iter 60: subtract done, delta_size=76176
R6 [P2] iter 60: subtract done, delta_size=72519
R5 [P2] iter 60: subtract done, delta_size=70605
R7 [P2] iter 60: subtract done, delta_size=76653
R4 [P2] iter 60: subtract done, delta_size=79532
R2 [P2] iter 60: merge done, full_size=104770333
R1 [P2] iter 60: merge done, full_size=109457553
R0 [P2] iter 60: merge done, full_size=107849694
R3 [P2] iter 60: merge done, full_size=108404994
R7 [P2] iter 60: merge done, full_size=107818732
R5 [P2] iter 60: merge done, full_size=106702924
R6 [P2] iter 60: merge done, full_size=107077269
R4 [P2] iter 60: merge done, full_size=108604132
R4 [P2] iter 61 done: global_full_size=860685631
R0 [P2] iter 61 done: global_full_size=860685631
R5 [P2] iter 61 done: global_full_size=860685631
R1 [P2] iter 61 done: global_full_size=860685631
R6 [P2] iter 61 done: global_full_size=860685631
R2 [P2] iter 61 done: global_full_size=860685631
R2 [P2] iter 61: PRE-JOIN GPU mem: 83.8GB free / 85.1GB total | delta_size=72224 full_size=104770333
R7 [P2] iter 61 done: global_full_size=860685631
R3 [P2] iter 61 done: global_full_size=860685631
R3 [P2] iter 61: PRE-JOIN GPU mem: 83.8GB free / 85.1GB total | delta_size=76176 full_size=108404994
R4 [P2] iter 61: PRE-JOIN GPU mem: 83.8GB free / 85.1GB total | delta_size=79532 full_size=108604132
R0 [P2] iter 61: PRE-JOIN GPU mem: 83.8GB free / 85.1GB total | delta_size=70047 full_size=107849694
R5 [P2] iter 61: PRE-JOIN GPU mem: 83.8GB free / 85.1GB total | delta_size=70605 full_size=106702924
R1 [P2] iter 61: PRE-JOIN GPU mem: 83.8GB free / 85.1GB total | delta_size=78934 full_size=109457553
R6 [P2] iter 61: PRE-JOIN GPU mem: 83.8GB free / 85.1GB total | delta_size=72519 full_size=107077269
R7 [P2] iter 61: PRE-JOIN GPU mem: 83.8GB free / 85.1GB total | delta_size=76653 full_size=107818732
R0 [P2] iter 61: join done, raw=353055 result_size=288849
R3 [P2] iter 61: join done, raw=392504 result_size=298225
R1 [P2] iter 61: join done, raw=425857 result_size=327898
R2 [P2] iter 61: join done, raw=425163 result_size=327682
R4 [P2] iter 61: join done, raw=384515 result_size=311222
R5 [P2] iter 61: join done, raw=376078 result_size=308135
R6 [P2] iter 61: join done, raw=347155 result_size=290834
R7 [P2] iter 61: join done, raw=374517 result_size=302947
R2 [P2] iter 61: split done, delta_size=285458
R1 [P2] iter 61: split done, delta_size=306934
R0 [P2] iter 61: split done, delta_size=299628
R2 [P2] iter 61: dedup done, delta_size=121664
R1 [P2] iter 61: dedup done, delta_size=131806
R4 [P2] iter 61: split done, delta_size=317265
R3 [P2] iter 61: split done, delta_size=316732
R0 [P2] iter 61: dedup done, delta_size=126609
R3 [P2] iter 61: dedup done, delta_size=133827
R2 [P2] iter 61: subtract done, delta_size=58914
R1 [P2] iter 61: subtract done, delta_size=65776
R0 [P2] iter 61: subtract done, delta_size=57678
R3 [P2] iter 61: subtract done, delta_size=63969
R5 [P2] iter 61: split done, delta_size=304835
R7 [P2] iter 61: split done, delta_size=322954
R6 [P2] iter 61: split done, delta_size=301986
R2 [P2] iter 61: merge done, full_size=104829247
R1 [P2] iter 61: merge done, full_size=109523329
R0 [P2] iter 61: merge done, full_size=107907372
R3 [P2] iter 61: merge done, full_size=108468963
R4 [P2] iter 61: dedup done, delta_size=138602
R5 [P2] iter 61: dedup done, delta_size=130198
R7 [P2] iter 61: dedup done, delta_size=136158
R6 [P2] iter 61: dedup done, delta_size=129989
R4 [P2] iter 61: subtract done, delta_size=67434
R6 [P2] iter 61: subtract done, delta_size=59864
R5 [P2] iter 61: subtract done, delta_size=57361
R7 [P2] iter 61: subtract done, delta_size=64397
R4 [P2] iter 61: merge done, full_size=108671566
R5 [P2] iter 61: merge done, full_size=106760285
R6 [P2] iter 61: merge done, full_size=107137133
R0 [P2] iter 62 done: global_full_size=861181024
R4 [P2] iter 62 done: global_full_size=861181024
R1 [P2] iter 62 done: global_full_size=861181024
R5 [P2] iter 62 done: global_full_size=861181024
R2 [P2] iter 62 done: global_full_size=861181024
R6 [P2] iter 62 done: global_full_size=861181024
R3 [P2] iter 62 done: global_full_size=861181024
R3 [P2] iter 62: PRE-JOIN GPU mem: 83.8GB free / 85.1GB total | delta_size=63969 full_size=108468963
R7 [P2] iter 61: merge done, full_size=107883129
R7 [P2] iter 62 done: global_full_size=861181024
R0 [P2] iter 62: PRE-JOIN GPU mem: 83.8GB free / 85.1GB total | delta_size=57678 full_size=107907372
R4 [P2] iter 62: PRE-JOIN GPU mem: 83.8GB free / 85.1GB total | delta_size=67434 full_size=108671566
R1 [P2] iter 62: PRE-JOIN GPU mem: 83.8GB free / 85.1GB total | delta_size=65776 full_size=109523329
R5 [P2] iter 62: PRE-JOIN GPU mem: 83.8GB free / 85.1GB total | delta_size=57361 full_size=106760285
R2 [P2] iter 62: PRE-JOIN GPU mem: 83.8GB free / 85.1GB total | delta_size=58914 full_size=104829247
R6 [P2] iter 62: PRE-JOIN GPU mem: 83.8GB free / 85.1GB total | delta_size=59864 full_size=107137133
R7 [P2] iter 62: PRE-JOIN GPU mem: 83.8GB free / 85.1GB total | delta_size=64397 full_size=107883129
R6 [P2] iter 62: join done, raw=283736 result_size=236991
R5 [P2] iter 62: join done, raw=301444 result_size=245941
R7 [P2] iter 62: join done, raw=300751 result_size=247008
R4 [P2] iter 62: join done, raw=325350 result_size=261648
R0 [P2] iter 62: join done, raw=281163 result_size=234275
R1 [P2] iter 62: join done, raw=349050 result_size=270993
R2 [P2] iter 62: join done, raw=337966 result_size=262993
R3 [P2] iter 62: join done, raw=318141 result_size=244648
R3 [P2] iter 62: split done, delta_size=259137
R0 [P2] iter 62: split done, delta_size=242281
R1 [P2] iter 62: split done, delta_size=250461
R2 [P2] iter 62: split done, delta_size=229612
R6 [P2] iter 62: split done, delta_size=250438
R5 [P2] iter 62: split done, delta_size=249209
R6 [P2] iter 62: dedup done, delta_size=107668
R7 [P2] iter 62: split done, delta_size=268801
R4 [P2] iter 62: split done, delta_size=254558
R0 [P2] iter 62: dedup done, delta_size=102112
R1 [P2] iter 62: dedup done, delta_size=107260
R2 [P2] iter 62: dedup done, delta_size=98468
R3 [P2] iter 62: dedup done, delta_size=108688
R5 [P2] iter 62: dedup done, delta_size=106604
R4 [P2] iter 62: dedup done, delta_size=112822
R7 [P2] iter 62: dedup done, delta_size=112037
R0 [P2] iter 62: subtract done, delta_size=45831
R1 [P2] iter 62: subtract done, delta_size=52947
R6 [P2] iter 62: subtract done, delta_size=48723
R2 [P2] iter 62: subtract done, delta_size=47537
R3 [P2] iter 62: subtract done, delta_size=51511
R5 [P2] iter 62: subtract done, delta_size=46460
R4 [P2] iter 62: subtract done, delta_size=54090
R7 [P2] iter 62: subtract done, delta_size=52035
R0 [P2] iter 62: merge done, full_size=107953203
R6 [P2] iter 62: merge done, full_size=107185856
R1 [P2] iter 62: merge done, full_size=109576276
R2 [P2] iter 62: merge done, full_size=104876784
R5 [P2] iter 62: merge done, full_size=106806745
R3 [P2] iter 62: merge done, full_size=108520474
R4 [P2] iter 62: merge done, full_size=108725656
R0 [P2] iter 63 done: global_full_size=861580158
R4 [P2] iter 63 done: global_full_size=861580158
R1 [P2] iter 63 done: global_full_size=861580158
R5 [P2] iter 63 done: global_full_size=861580158
R2 [P2] iter 63 done: global_full_size=861580158
R2 [P2] iter 63: PRE-JOIN GPU mem: 83.8GB free / 85.1GB total | delta_size=47537 full_size=104876784
R6 [P2] iter 63 done: global_full_size=861580158
R3 [P2] iter 63 done: global_full_size=861580158
R3 [P2] iter 63: PRE-JOIN GPU mem: 83.8GB free / 85.1GB total | delta_size=51511 full_size=108520474
R7 [P2] iter 62: merge done, full_size=107935164
R7 [P2] iter 63 done: global_full_size=861580158
R0 [P2] iter 63: PRE-JOIN GPU mem: 83.8GB free / 85.1GB total | delta_size=45831 full_size=107953203
R4 [P2] iter 63: PRE-JOIN GPU mem: 83.8GB free / 85.1GB total | delta_size=54090 full_size=108725656
R1 [P2] iter 63: PRE-JOIN GPU mem: 83.8GB free / 85.1GB total | delta_size=52947 full_size=109576276
R5 [P2] iter 63: PRE-JOIN GPU mem: 83.8GB free / 85.1GB total | delta_size=46460 full_size=106806745
R6 [P2] iter 63: PRE-JOIN GPU mem: 83.8GB free / 85.1GB total | delta_size=48723 full_size=107185856
R7 [P2] iter 63: PRE-JOIN GPU mem: 83.8GB free / 85.1GB total | delta_size=52035 full_size=107935164
R0 [P2] iter 63: join done, raw=227744 result_size=191387
R3 [P2] iter 63: join done, raw=260357 result_size=198351
R4 [P2] iter 63: join done, raw=261563 result_size=210958
R5 [P2] iter 63: join done, raw=250526 result_size=202476
R6 [P2] iter 63: join done, raw=231351 result_size=192082
R2 [P2] iter 63: join done, raw=278673 result_size=214825
R1 [P2] iter 63: join done, raw=287651 result_size=222239
R7 [P2] iter 63: join done, raw=242123 result_size=200916
R6 [P2] iter 63: split done, delta_size=205486
R2 [P2] iter 63: split done, delta_size=188611
R7 [P2] iter 63: split done, delta_size=216205
R5 [P2] iter 63: split done, delta_size=203308
R6 [P2] iter 63: dedup done, delta_size=86879
R4 [P2] iter 63: split done, delta_size=204710
R0 [P2] iter 63: split done, delta_size=198405
R3 [P2] iter 63: split done, delta_size=210325
R1 [P2] iter 63: split done, delta_size=206184
R7 [P2] iter 63: dedup done, delta_size=87796
R5 [P2] iter 63: dedup done, delta_size=86116
R4 [P2] iter 63: dedup done, delta_size=89792
R6 [P2] iter 63: subtract done, delta_size=37696
R7 [P2] iter 63: subtract done, delta_size=38853
R5 [P2] iter 63: subtract done, delta_size=36083
R4 [P2] iter 63: subtract done, delta_size=41871
R6 [P2] iter 63: merge done, full_size=107223552
R7 [P2] iter 63: merge done, full_size=107974017
R5 [P2] iter 63: merge done, full_size=106842828
R4 [P2] iter 63: merge done, full_size=108767527
R2 [P2] iter 63: dedup done, delta_size=79432
R2 [P2] iter 63: subtract done, delta_size=37460
R0 [P2] iter 63: dedup done, delta_size=83269
R0 [P2] iter 63: subtract done, delta_size=36599
R3 [P2] iter 63: dedup done, delta_size=86352
R3 [P2] iter 63: subtract done, delta_size=40163
R2 [P2] iter 63: merge done, full_size=104914244
R1 [P2] iter 63: dedup done, delta_size=87692
R0 [P2] iter 63: merge done, full_size=107989802
R1 [P2] iter 63: subtract done, delta_size=42526
R3 [P2] iter 63: merge done, full_size=108560637
R0 [P2] iter 64 done: global_full_size=861891409
R1 [P2] iter 63: merge done, full_size=109618802
R1 [P2] iter 64 done: global_full_size=861891409
R4 [P2] iter 64 done: global_full_size=861891409
R2 [P2] iter 64 done: global_full_size=861891409
R5 [P2] iter 64 done: global_full_size=861891409
R3 [P2] iter 64 done: global_full_size=861891409
R6 [P2] iter 64 done: global_full_size=861891409
R7 [P2] iter 64 done: global_full_size=861891409
R4 [P2] iter 64: PRE-JOIN GPU mem: 83.8GB free / 85.1GB total | delta_size=41871 full_size=108767527
R5 [P2] iter 64: PRE-JOIN GPU mem: 83.8GB free / 85.1GB total | delta_size=36083 full_size=106842828
R6 [P2] iter 64: PRE-JOIN GPU mem: 83.8GB free / 85.1GB total | delta_size=37696 full_size=107223552
R7 [P2] iter 64: PRE-JOIN GPU mem: 83.8GB free / 85.1GB total | delta_size=38853 full_size=107974017
R0 [P2] iter 64: PRE-JOIN GPU mem: 83.8GB free / 85.1GB total | delta_size=36599 full_size=107989802
R1 [P2] iter 64: PRE-JOIN GPU mem: 83.8GB free / 85.1GB total | delta_size=42526 full_size=109618802
R2 [P2] iter 64: PRE-JOIN GPU mem: 83.8GB free / 85.1GB total | delta_size=37460 full_size=104914244
R3 [P2] iter 64: PRE-JOIN GPU mem: 83.8GB free / 85.1GB total | delta_size=40163 full_size=108560637
R4 [P2] iter 64: join done, raw=207533 result_size=167140
R7 [P2] iter 64: join done, raw=189388 result_size=156771
R5 [P2] iter 64: join done, raw=201949 result_size=162636
R6 [P2] iter 64: join done, raw=182596 result_size=151782
R3 [P2] iter 64: join done, raw=202201 result_size=157286
R0 [P2] iter 64: join done, raw=180962 result_size=152111
R1 [P2] iter 64: join done, raw=233067 result_size=179206
R2 [P2] iter 64: join done, raw=221895 result_size=171265
R6 [P2] iter 64: split done, delta_size=164237
R5 [P2] iter 64: split done, delta_size=162394
R6 [P2] iter 64: dedup done, delta_size=69659
R4 [P2] iter 64: split done, delta_size=161995
R7 [P2] iter 64: split done, delta_size=168368
R2 [P2] iter 64: split done, delta_size=151787
R0 [P2] iter 64: split done, delta_size=158090
R1 [P2] iter 64: split done, delta_size=164750
R3 [P2] iter 64: split done, delta_size=166576
R5 [P2] iter 64: dedup done, delta_size=68936
R7 [P2] iter 64: dedup done, delta_size=68362
R4 [P2] iter 64: dedup done, delta_size=70839
R6 [P2] iter 64: subtract done, delta_size=29243
R5 [P2] iter 64: subtract done, delta_size=27994
R7 [P2] iter 64: subtract done, delta_size=30511
R4 [P2] iter 64: subtract done, delta_size=32078
R6 [P2] iter 64: merge done, full_size=107252795
R0 [P2] iter 64: dedup done, delta_size=66789
R7 [P2] iter 64: merge done, full_size=108004528
R5 [P2] iter 64: merge done, full_size=106870822
R0 [P2] iter 64: subtract done, delta_size=28235
R4 [P2] iter 64: merge done, full_size=108799605
R2 [P2] iter 64: dedup done, delta_size=63511
R1 [P2] iter 64: dedup done, delta_size=70701
R2 [P2] iter 64: subtract done, delta_size=29479
R3 [P2] iter 64: dedup done, delta_size=68195
R1 [P2] iter 64: subtract done, delta_size=33591
R3 [P2] iter 64: subtract done, delta_size=31350
R0 [P2] iter 64: merge done, full_size=108018037
R2 [P2] iter 64: merge done, full_size=104943723
R3 [P2] iter 64: merge done, full_size=108591987
R0 [P2] iter 65 done: global_full_size=862133890
R1 [P2] iter 64: merge done, full_size=109652393
R1 [P2] iter 65 done: global_full_size=862133890
R4 [P2] iter 65 done: global_full_size=862133890
R2 [P2] iter 65 done: global_full_size=862133890
R5 [P2] iter 65 done: global_full_size=862133890
R3 [P2] iter 65 done: global_full_size=862133890
R6 [P2] iter 65 done: global_full_size=862133890
R7 [P2] iter 65 done: global_full_size=862133890
R4 [P2] iter 65: PRE-JOIN GPU mem: 83.8GB free / 85.1GB total | delta_size=32078 full_size=108799605
R5 [P2] iter 65: PRE-JOIN GPU mem: 83.8GB free / 85.1GB total | delta_size=27994 full_size=106870822
R6 [P2] iter 65: PRE-JOIN GPU mem: 83.8GB free / 85.1GB total | delta_size=29243 full_size=107252795
R0 [P2] iter 65: PRE-JOIN GPU mem: 83.8GB free / 85.1GB total | delta_size=28235 full_size=108018037
R1 [P2] iter 65: PRE-JOIN GPU mem: 83.8GB free / 85.1GB total | delta_size=33591 full_size=109652393
R2 [P2] iter 65: PRE-JOIN GPU mem: 83.8GB free / 85.1GB total | delta_size=29479 full_size=104943723
R3 [P2] iter 65: PRE-JOIN GPU mem: 83.8GB free / 85.1GB total | delta_size=31350 full_size=108591987
R7 [P2] iter 65: PRE-JOIN GPU mem: 83.8GB free / 85.1GB total | delta_size=30511 full_size=108004528
R3 [P2] iter 65: join done, raw=157977 result_size=123473
R0 [P2] iter 65: join done, raw=136618 result_size=115811
R1 [P2] iter 65: join done, raw=181942 result_size=139153
R2 [P2] iter 65: join done, raw=175090 result_size=136135
R5 [P2] iter 65: join done, raw=159016 result_size=128648
R7 [P2] iter 65: join done, raw=149079 result_size=124386
R6 [P2] iter 65: join done, raw=142469 result_size=117202
R4 [P2] iter 65: join done, raw=163168 result_size=129215
R0 [P2] iter 65: split done, delta_size=121391
R4 [P2] iter 65: split done, delta_size=126755
R2 [P2] iter 65: split done, delta_size=115063
R5 [P2] iter 65: split done, delta_size=129348
R3 [P2] iter 65: split done, delta_size=131436
R6 [P2] iter 65: split done, delta_size=127317
R7 [P2] iter 65: split done, delta_size=132823
R0 [P2] iter 65: dedup done, delta_size=50938
R1 [P2] iter 65: split done, delta_size=129890
R1 [P2] iter 65: dedup done, delta_size=55347
R2 [P2] iter 65: dedup done, delta_size=48607
R3 [P2] iter 65: dedup done, delta_size=53520
R6 [P2] iter 65: dedup done, delta_size=53999
R4 [P2] iter 65: dedup done, delta_size=54915
R0 [P2] iter 65: subtract done, delta_size=20767
R2 [P2] iter 65: subtract done, delta_size=21551
R1 [P2] iter 65: subtract done, delta_size=25585
R3 [P2] iter 65: subtract done, delta_size=23991
R6 [P2] iter 65: subtract done, delta_size=21509
R4 [P2] iter 65: subtract done, delta_size=23482
R0 [P2] iter 65: merge done, full_size=108038804
R2 [P2] iter 65: merge done, full_size=104965274
R3 [P2] iter 65: merge done, full_size=108615978
R1 [P2] iter 65: merge done, full_size=109677978
R5 [P2] iter 65: dedup done, delta_size=54477
R5 [P2] iter 65: subtract done, delta_size=21014
R7 [P2] iter 65: dedup done, delta_size=53900
R7 [P2] iter 65: subtract done, delta_size=23353
R4 [P2] iter 65: merge done, full_size=108823087
R6 [P2] iter 65: merge done, full_size=107274304
R5 [P2] iter 65: merge done, full_size=106891836
R0 [P2] iter 66 done: global_full_size=862315142
R4 [P2] iter 66 done: global_full_size=862315142
R1 [P2] iter 66 done: global_full_size=862315142
R5 [P2] iter 66 done: global_full_size=862315142
R2 [P2] iter 66 done: global_full_size=862315142
R2 [P2] iter 66: PRE-JOIN GPU mem: 83.8GB free / 85.1GB total | delta_size=21551 full_size=104965274
R6 [P2] iter 66 done: global_full_size=862315142
R3 [P2] iter 66 done: global_full_size=862315142
R3 [P2] iter 66: PRE-JOIN GPU mem: 83.8GB free / 85.1GB total | delta_size=23991 full_size=108615978
R7 [P2] iter 65: merge done, full_size=108027881
R7 [P2] iter 66 done: global_full_size=862315142
R0 [P2] iter 66: PRE-JOIN GPU mem: 83.8GB free / 85.1GB total | delta_size=20767 full_size=108038804
R1 [P2] iter 66: PRE-JOIN GPU mem: 83.8GB free / 85.1GB total | delta_size=25585 full_size=109677978
R4 [P2] iter 66: PRE-JOIN GPU mem: 83.8GB free / 85.1GB total | delta_size=23482 full_size=108823087
R5 [P2] iter 66: PRE-JOIN GPU mem: 83.8GB free / 85.1GB total | delta_size=21014 full_size=106891836
R6 [P2] iter 66: PRE-JOIN GPU mem: 83.8GB free / 85.1GB total | delta_size=21509 full_size=107274304
R7 [P2] iter 66: PRE-JOIN GPU mem: 83.8GB free / 85.1GB total | delta_size=23353 full_size=108027881
R3 [P2] iter 66: join done, raw=120314 result_size=93526
R2 [P2] iter 66: join done, raw=128556 result_size=100742
R0 [P2] iter 66: join done, raw=103808 result_size=88563
R1 [P2] iter 66: join done, raw=139396 result_size=107617
R5 [P2] iter 66: join done, raw=118928 result_size=95582
R7 [P2] iter 66: join done, raw=115225 result_size=97111
R6 [P2] iter 66: join done, raw=106492 result_size=88074
R4 [P2] iter 66: join done, raw=121028 result_size=97082
R2 [P2] iter 66: split done, delta_size=87518
R3 [P2] iter 66: split done, delta_size=101584
R0 [P2] iter 66: split done, delta_size=91125
R5 [P2] iter 66: split done, delta_size=98127
R0 [P2] iter 66: dedup done, delta_size=38002
R3 [P2] iter 66: dedup done, delta_size=41305
R4 [P2] iter 66: split done, delta_size=91250
R1 [P2] iter 66: split done, delta_size=97571
R2 [P2] iter 66: dedup done, delta_size=37369
R7 [P2] iter 66: split done, delta_size=103848
R6 [P2] iter 66: split done, delta_size=97274
R1 [P2] iter 66: dedup done, delta_size=42066
R0 [P2] iter 66: subtract done, delta_size=15325
R3 [P2] iter 66: subtract done, delta_size=17981
R2 [P2] iter 66: subtract done, delta_size=16383
R1 [P2] iter 66: subtract done, delta_size=19397
R7 [P2] iter 66: dedup done, delta_size=41745
R4 [P2] iter 66: dedup done, delta_size=40228
R6 [P2] iter 66: dedup done, delta_size=40832
R5 [P2] iter 66: dedup done, delta_size=41677
R7 [P2] iter 66: subtract done, delta_size=18013
R4 [P2] iter 66: subtract done, delta_size=16772
R6 [P2] iter 66: subtract done, delta_size=15746
R0 [P2] iter 66: merge done, full_size=108054129
R5 [P2] iter 66: subtract done, delta_size=15879
R2 [P2] iter 66: merge done, full_size=104981657
R3 [P2] iter 66: merge done, full_size=108633959
R1 [P2] iter 66: merge done, full_size=109697375
R4 [P2] iter 66: merge done, full_size=108839859
R7 [P2] iter 66: merge done, full_size=108045894
R6 [P2] iter 66: merge done, full_size=107290050
R4 [P2] iter 67 done: global_full_size=862450638
R5 [P2] iter 66: merge done, full_size=106907715
R5 [P2] iter 67 done: global_full_size=862450638
R0 [P2] iter 67 done: global_full_size=862450638
R6 [P2] iter 67 done: global_full_size=862450638
R1 [P2] iter 67 done: global_full_size=862450638
R7 [P2] iter 67 done: global_full_size=862450638
R2 [P2] iter 67 done: global_full_size=862450638
R3 [P2] iter 67 done: global_full_size=862450638
R0 [P2] iter 67: PRE-JOIN GPU mem: 83.8GB free / 85.1GB total | delta_size=15325 full_size=108054129
R1 [P2] iter 67: PRE-JOIN GPU mem: 83.8GB free / 85.1GB total | delta_size=19397 full_size=109697375
R2 [P2] iter 67: PRE-JOIN GPU mem: 83.8GB free / 85.1GB total | delta_size=16383 full_size=104981657
R3 [P2] iter 67: PRE-JOIN GPU mem: 83.8GB free / 85.1GB total | delta_size=17981 full_size=108633959
R4 [P2] iter 67: PRE-JOIN GPU mem: 83.8GB free / 85.1GB total | delta_size=16772 full_size=108839859
R5 [P2] iter 67: PRE-JOIN GPU mem: 83.8GB free / 85.1GB total | delta_size=15879 full_size=106907715
R6 [P2] iter 67: PRE-JOIN GPU mem: 83.8GB free / 85.1GB total | delta_size=15746 full_size=107290050
R7 [P2] iter 67: PRE-JOIN GPU mem: 83.8GB free / 85.1GB total | delta_size=18013 full_size=108045894
R0 [P2] iter 67: join done, raw=82514 result_size=70456
R1 [P2] iter 67: join done, raw=107511 result_size=82180
R3 [P2] iter 67: join done, raw=89554 result_size=70810
R2 [P2] iter 67: join done, raw=102497 result_size=79048
R6 [P2] iter 67: join done, raw=81359 result_size=65987
R7 [P2] iter 67: join done, raw=91799 result_size=77198
R5 [P2] iter 67: join done, raw=92781 result_size=74789
R4 [P2] iter 67: join done, raw=91640 result_size=73609
R0 [P2] iter 67: split done, delta_size=68410
R7 [P2] iter 67: split done, delta_size=80626
R6 [P2] iter 67: split done, delta_size=75739
R0 [P2] iter 67: dedup done, delta_size=28575
R5 [P2] iter 67: split done, delta_size=75963
R7 [P2] iter 67: dedup done, delta_size=31656
R1 [P2] iter 67: split done, delta_size=76932
R6 [P2] iter 67: dedup done, delta_size=30978
R2 [P2] iter 67: split done, delta_size=68711
R4 [P2] iter 67: split done, delta_size=68560
R1 [P2] iter 67: dedup done, delta_size=32743
R2 [P2] iter 67: dedup done, delta_size=28649
R5 [P2] iter 67: dedup done, delta_size=31685
R4 [P2] iter 67: dedup done, delta_size=29739
R3 [P2] iter 67: split done, delta_size=79136
R3 [P2] iter 67: dedup done, delta_size=31353
R0 [P2] iter 67: subtract done, delta_size=11434
R7 [P2] iter 67: subtract done, delta_size=13301
R6 [P2] iter 67: subtract done, delta_size=11497
R1 [P2] iter 67: subtract done, delta_size=15331
R2 [P2] iter 67: subtract done, delta_size=12476
R5 [P2] iter 67: subtract done, delta_size=11823
R4 [P2] iter 67: subtract done, delta_size=12345
R3 [P2] iter 67: subtract done, delta_size=13573
R0 [P2] iter 67: merge done, full_size=108065563
R7 [P2] iter 67: merge done, full_size=108059195
R1 [P2] iter 67: merge done, full_size=109712706
R6 [P2] iter 67: merge done, full_size=107301547
R2 [P2] iter 67: merge done, full_size=104994133
R5 [P2] iter 67: merge done, full_size=106919538
R3 [P2] iter 67: merge done, full_size=108647532
R0 [P2] iter 68 done: global_full_size=862552418
R1 [P2] iter 68 done: global_full_size=862552418
R4 [P2] iter 67: merge done, full_size=108852204
R4 [P2] iter 68 done: global_full_size=862552418
R2 [P2] iter 68 done: global_full_size=862552418
R5 [P2] iter 68 done: global_full_size=862552418
R3 [P2] iter 68 done: global_full_size=862552418
R3 [P2] iter 68: PRE-JOIN GPU mem: 83.8GB free / 85.1GB total | delta_size=13573 full_size=108647532
R6 [P2] iter 68 done: global_full_size=862552418
R0 [P2] iter 68: PRE-JOIN GPU mem: 83.8GB free / 85.1GB total | delta_size=11434 full_size=108065563
R7 [P2] iter 68 done: global_full_size=862552418
R1 [P2] iter 68: PRE-JOIN GPU mem: 83.8GB free / 85.1GB total | delta_size=15331 full_size=109712706
R4 [P2] iter 68: PRE-JOIN GPU mem: 83.8GB free / 85.1GB total | delta_size=12345 full_size=108852204
R2 [P2] iter 68: PRE-JOIN GPU mem: 83.8GB free / 85.1GB total | delta_size=12476 full_size=104994133
R5 [P2] iter 68: PRE-JOIN GPU mem: 83.8GB free / 85.1GB total | delta_size=11823 full_size=106919538
R6 [P2] iter 68: PRE-JOIN GPU mem: 83.8GB free / 85.1GB total | delta_size=11497 full_size=107301547
R7 [P2] iter 68: PRE-JOIN GPU mem: 83.8GB free / 85.1GB total | delta_size=13301 full_size=108059195
R5 [P2] iter 68: join done, raw=75026 result_size=59240
R0 [P2] iter 68: join done, raw=66103 result_size=55510
R6 [P2] iter 68: join done, raw=62892 result_size=50785
R1 [P2] iter 68: join done, raw=86270 result_size=65874
R7 [P2] iter 68: join done, raw=70327 result_size=59267
R2 [P2] iter 68: join done, raw=82147 result_size=62844
R4 [P2] iter 68: join done, raw=74096 result_size=59076
R3 [P2] iter 68: join done, raw=71064 result_size=55828
R5 [P2] iter 68: split done, delta_size=60023
R5 [P2] iter 68: dedup done, delta_size=24812
R1 [P2] iter 68: split done, delta_size=62320
R1 [P2] iter 68: dedup done, delta_size=26694
R2 [P2] iter 68: split done, delta_size=53828
R4 [P2] iter 68: split done, delta_size=52279
R4 [P2] iter 68: dedup done, delta_size=22661
R2 [P2] iter 68: dedup done, delta_size=21998
R3 [P2] iter 68: split done, delta_size=63055
R7 [P2] iter 68: split done, delta_size=63309
R3 [P2] iter 68: dedup done, delta_size=24794
R0 [P2] iter 68: split done, delta_size=53411
R6 [P2] iter 68: split done, delta_size=60199
R7 [P2] iter 68: dedup done, delta_size=24426
R0 [P2] iter 68: dedup done, delta_size=22205
R6 [P2] iter 68: dedup done, delta_size=24494
R5 [P2] iter 68: subtract done, delta_size=8850
R1 [P2] iter 68: subtract done, delta_size=12177
R2 [P2] iter 68: subtract done, delta_size=9467
R4 [P2] iter 68: subtract done, delta_size=8913
R3 [P2] iter 68: subtract done, delta_size=10486
R7 [P2] iter 68: subtract done, delta_size=10120
R0 [P2] iter 68: subtract done, delta_size=8820
R6 [P2] iter 68: subtract done, delta_size=8964
R5 [P2] iter 68: merge done, full_size=106928388
R1 [P2] iter 68: merge done, full_size=109724883
R4 [P2] iter 68: merge done, full_size=108861117
R2 [P2] iter 68: merge done, full_size=105003600
R7 [P2] iter 68: merge done, full_size=108069315
R3 [P2] iter 68: merge done, full_size=108658018
R6 [P2] iter 68: merge done, full_size=107310511
R4 [P2] iter 69 done: global_full_size=862630215
R5 [P2] iter 69 done: global_full_size=862630215
R6 [P2] iter 69 done: global_full_size=862630215
R0 [P2] iter 68: merge done, full_size=108074383
R0 [P2] iter 69 done: global_full_size=862630215
R7 [P2] iter 69 done: global_full_size=862630215
R1 [P2] iter 69 done: global_full_size=862630215
R4 [P2] iter 69: PRE-JOIN GPU mem: 83.8GB free / 85.1GB total | delta_size=8913 full_size=108861117
R2 [P2] iter 69 done: global_full_size=862630215
R6 [P2] iter 69: PRE-JOIN GPU mem: 83.8GB free / 85.1GB total | delta_size=8964 full_size=107310511
R3 [P2] iter 69 done: global_full_size=862630215
R5 [P2] iter 69: PRE-JOIN GPU mem: 83.8GB free / 85.1GB total | delta_size=8850 full_size=106928388
R0 [P2] iter 69: PRE-JOIN GPU mem: 83.8GB free / 85.1GB total | delta_size=8820 full_size=108074383
R7 [P2] iter 69: PRE-JOIN GPU mem: 83.8GB free / 85.1GB total | delta_size=10120 full_size=108069315
R1 [P2] iter 69: PRE-JOIN GPU mem: 83.8GB free / 85.1GB total | delta_size=12177 full_size=109724883
R2 [P2] iter 69: PRE-JOIN GPU mem: 83.8GB free / 85.1GB total | delta_size=9467 full_size=105003600
R3 [P2] iter 69: PRE-JOIN GPU mem: 83.8GB free / 85.1GB total | delta_size=10486 full_size=108658018
R5 [P2] iter 69: join done, raw=56684 result_size=44663
R6 [P2] iter 69: join done, raw=49208 result_size=39051
R0 [P2] iter 69: join done, raw=50815 result_size=42722
R7 [P2] iter 69: join done, raw=52272 result_size=44174
R1 [P2] iter 69: join done, raw=68098 result_size=50916
R4 [P2] iter 69: join done, raw=55879 result_size=43486
R2 [P2] iter 69: join done, raw=63063 result_size=48238
R3 [P2] iter 69: join done, raw=54679 result_size=42635
R1 [P2] iter 69: split done, delta_size=47179
R1 [P2] iter 69: dedup done, delta_size=19783
R2 [P2] iter 69: split done, delta_size=38549
R4 [P2] iter 69: split done, delta_size=38541
R4 [P2] iter 69: dedup done, delta_size=16639
R2 [P2] iter 69: dedup done, delta_size=15611
R3 [P2] iter 69: split done, delta_size=47395
R7 [P2] iter 69: split done, delta_size=49970
R0 [P2] iter 69: split done, delta_size=40873
R3 [P2] iter 69: dedup done, delta_size=18262
R6 [P2] iter 69: split done, delta_size=47123
R7 [P2] iter 69: dedup done, delta_size=19163
R0 [P2] iter 69: dedup done, delta_size=16586
R5 [P2] iter 69: split done, delta_size=46255
R6 [P2] iter 69: dedup done, delta_size=18778
R5 [P2] iter 69: dedup done, delta_size=18743
R1 [P2] iter 69: subtract done, delta_size=8464
R2 [P2] iter 69: subtract done, delta_size=6196
R4 [P2] iter 69: subtract done, delta_size=6234
R3 [P2] iter 69: subtract done, delta_size=7080
R7 [P2] iter 69: subtract done, delta_size=7485
R0 [P2] iter 69: subtract done, delta_size=6256
R6 [P2] iter 69: subtract done, delta_size=6446
R5 [P2] iter 69: subtract done, delta_size=6186
R4 [P2] iter 69: merge done, full_size=108867351
R7 [P2] iter 69: merge done, full_size=108076800
R1 [P2] iter 69: merge done, full_size=109733347
R6 [P2] iter 69: merge done, full_size=107316957
R2 [P2] iter 69: merge done, full_size=105009796
R5 [P2] iter 69: merge done, full_size=106934574
R3 [P2] iter 69: merge done, full_size=108665098
R4 [P2] iter 70 done: global_full_size=862684562
R0 [P2] iter 69: merge done, full_size=108080639
R0 [P2] iter 70 done: global_full_size=862684562
R5 [P2] iter 70 done: global_full_size=862684562
R1 [P2] iter 70 done: global_full_size=862684562
R6 [P2] iter 70 done: global_full_size=862684562
R2 [P2] iter 70 done: global_full_size=862684562
R7 [P2] iter 70 done: global_full_size=862684562
R3 [P2] iter 70 done: global_full_size=862684562
R4 [P2] iter 70: PRE-JOIN GPU mem: 83.8GB free / 85.1GB total | delta_size=6234 full_size=108867351
R0 [P2] iter 70: PRE-JOIN GPU mem: 83.8GB free / 85.1GB total | delta_size=6256 full_size=108080639
R5 [P2] iter 70: PRE-JOIN GPU mem: 83.8GB free / 85.1GB total | delta_size=6186 full_size=106934574
R1 [P2] iter 70: PRE-JOIN GPU mem: 83.8GB free / 85.1GB total | delta_size=8464 full_size=109733347
R6 [P2] iter 70: PRE-JOIN GPU mem: 83.8GB free / 85.1GB total | delta_size=6446 full_size=107316957
R2 [P2] iter 70: PRE-JOIN GPU mem: 83.8GB free / 85.1GB total | delta_size=6196 full_size=105009796
R7 [P2] iter 70: PRE-JOIN GPU mem: 83.8GB free / 85.1GB total | delta_size=7485 full_size=108076800
R3 [P2] iter 70: PRE-JOIN GPU mem: 83.8GB free / 85.1GB total | delta_size=7080 full_size=108665098
R5 [P2] iter 70: join done, raw=37216 result_size=28662
R7 [P2] iter 70: join done, raw=35562 result_size=30143
R0 [P2] iter 70: join done, raw=33533 result_size=28697
R4 [P2] iter 70: join done, raw=37789 result_size=29290
R1 [P2] iter 70: join done, raw=47870 result_size=35838
R6 [P2] iter 70: join done, raw=33129 result_size=26167
R2 [P2] iter 70: join done, raw=38691 result_size=30239
R3 [P2] iter 70: join done, raw=36196 result_size=28047
R3 [P2] iter 70: split done, delta_size=31074
R3 [P2] iter 70: dedup done, delta_size=11752
R7 [P2] iter 70: split done, delta_size=33448
R0 [P2] iter 70: split done, delta_size=28762
R6 [P2] iter 70: split done, delta_size=33604
R7 [P2] iter 70: dedup done, delta_size=12762
R5 [P2] iter 70: split done, delta_size=31099
R0 [P2] iter 70: dedup done, delta_size=11307
R6 [P2] iter 70: dedup done, delta_size=13025
R5 [P2] iter 70: dedup done, delta_size=12556
R1 [P2] iter 70: split done, delta_size=31937
R1 [P2] iter 70: dedup done, delta_size=13388
R4 [P2] iter 70: split done, delta_size=23382
R2 [P2] iter 70: split done, delta_size=23777
R4 [P2] iter 70: dedup done, delta_size=10583
R2 [P2] iter 70: dedup done, delta_size=9698
R3 [P2] iter 70: subtract done, delta_size=4012
R7 [P2] iter 70: subtract done, delta_size=4497
R0 [P2] iter 70: subtract done, delta_size=3942
R6 [P2] iter 70: subtract done, delta_size=3837
R5 [P2] iter 70: subtract done, delta_size=3632
R1 [P2] iter 70: subtract done, delta_size=5294
R2 [P2] iter 70: subtract done, delta_size=3354
R4 [P2] iter 70: subtract done, delta_size=3709
R3 [P2] iter 70: merge done, full_size=108669110
R0 [P2] iter 70: merge done, full_size=108084581
R7 [P2] iter 70: merge done, full_size=108081297
R1 [P2] iter 70: merge done, full_size=109738641
R6 [P2] iter 70: merge done, full_size=107320794
R2 [P2] iter 70: merge done, full_size=105013150
R5 [P2] iter 70: merge done, full_size=106938206
R4 [P2] iter 70: merge done, full_size=108871060
R4 [P2] iter 71 done: global_full_size=862716839
R0 [P2] iter 71 done: global_full_size=862716839
R1 [P2] iter 71 done: global_full_size=862716839
R5 [P2] iter 71 done: global_full_size=862716839
R2 [P2] iter 71 done: global_full_size=862716839
R2 [P2] iter 71: PRE-JOIN GPU mem: 83.8GB free / 85.1GB total | delta_size=3354 full_size=105013150
R6 [P2] iter 71 done: global_full_size=862716839
R3 [P2] iter 71 done: global_full_size=862716839
R3 [P2] iter 71: PRE-JOIN GPU mem: 83.8GB free / 85.1GB total | delta_size=4012 full_size=108669110
R7 [P2] iter 71 done: global_full_size=862716839
R0 [P2] iter 71: PRE-JOIN GPU mem: 83.8GB free / 85.1GB total | delta_size=3942 full_size=108084581
R4 [P2] iter 71: PRE-JOIN GPU mem: 83.8GB free / 85.1GB total | delta_size=3709 full_size=108871060
R1 [P2] iter 71: PRE-JOIN GPU mem: 83.8GB free / 85.1GB total | delta_size=5294 full_size=109738641
R5 [P2] iter 71: PRE-JOIN GPU mem: 83.8GB free / 85.1GB total | delta_size=3632 full_size=106938206
R6 [P2] iter 71: PRE-JOIN GPU mem: 83.8GB free / 85.1GB total | delta_size=3837 full_size=107320794
R7 [P2] iter 71: PRE-JOIN GPU mem: 83.8GB free / 85.1GB total | delta_size=4497 full_size=108081297
R0 [P2] iter 71: join done, raw=19434 result_size=17253
R2 [P2] iter 71: join done, raw=18818 result_size=15109
R5 [P2] iter 71: join done, raw=19539 result_size=15482
R3 [P2] iter 71: join done, raw=18689 result_size=15263
R7 [P2] iter 71: join done, raw=20377 result_size=17399
R1 [P2] iter 71: join done, raw=29706 result_size=22019
R4 [P2] iter 71: join done, raw=19673 result_size=15554
R6 [P2] iter 71: join done, raw=18294 result_size=14256
R7 [P2] iter 71: split done, delta_size=17964
R0 [P2] iter 71: split done, delta_size=17783
R6 [P2] iter 71: split done, delta_size=20178
R7 [P2] iter 71: dedup done, delta_size=7419
R0 [P2] iter 71: dedup done, delta_size=7332
R5 [P2] iter 71: split done, delta_size=16996
R6 [P2] iter 71: dedup done, delta_size=7890
R5 [P2] iter 71: dedup done, delta_size=7358
R1 [P2] iter 71: split done, delta_size=18762
R4 [P2] iter 71: split done, delta_size=12335
R1 [P2] iter 71: dedup done, delta_size=8228
R2 [P2] iter 71: split done, delta_size=12295
R4 [P2] iter 71: dedup done, delta_size=6179
R2 [P2] iter 71: dedup done, delta_size=5216
R3 [P2] iter 71: split done, delta_size=16022
R3 [P2] iter 71: dedup done, delta_size=6428
R7 [P2] iter 71: subtract done, delta_size=1971
R0 [P2] iter 71: subtract done, delta_size=2012
R6 [P2] iter 71: subtract done, delta_size=1582
R5 [P2] iter 71: subtract done, delta_size=1687
R2 [P2] iter 71: subtract done, delta_size=1392
R4 [P2] iter 71: subtract done, delta_size=1865
R1 [P2] iter 71: subtract done, delta_size=2880
R3 [P2] iter 71: subtract done, delta_size=1859
R0 [P2] iter 71: merge done, full_size=108086593
R7 [P2] iter 71: merge done, full_size=108083268
R2 [P2] iter 71: merge done, full_size=105014542
R5 [P2] iter 71: merge done, full_size=106939893
R1 [P2] iter 71: merge done, full_size=109741521
R6 [P2] iter 71: merge done, full_size=107322376
R3 [P2] iter 71: merge done, full_size=108670969
R4 [P2] iter 71: merge done, full_size=108872925
R0 [P2] iter 72 done: global_full_size=862732087
R4 [P2] iter 72 done: global_full_size=862732087
R5 [P2] iter 72 done: global_full_size=862732087
R1 [P2] iter 72 done: global_full_size=862732087
R6 [P2] iter 72 done: global_full_size=862732087
R2 [P2] iter 72 done: global_full_size=862732087
R7 [P2] iter 72 done: global_full_size=862732087
R3 [P2] iter 72 done: global_full_size=862732087
R4 [P2] iter 72: PRE-JOIN GPU mem: 83.8GB free / 85.1GB total | delta_size=1865 full_size=108872925
R0 [P2] iter 72: PRE-JOIN GPU mem: 83.8GB free / 85.1GB total | delta_size=2012 full_size=108086593
R5 [P2] iter 72: PRE-JOIN GPU mem: 83.8GB free / 85.1GB total | delta_size=1687 full_size=106939893
R1 [P2] iter 72: PRE-JOIN GPU mem: 83.8GB free / 85.1GB total | delta_size=2880 full_size=109741521
R6 [P2] iter 72: PRE-JOIN GPU mem: 83.8GB free / 85.1GB total | delta_size=1582 full_size=107322376
R2 [P2] iter 72: PRE-JOIN GPU mem: 83.8GB free / 85.1GB total | delta_size=1392 full_size=105014542
R7 [P2] iter 72: PRE-JOIN GPU mem: 83.8GB free / 85.1GB total | delta_size=1971 full_size=108083268
R3 [P2] iter 72: PRE-JOIN GPU mem: 83.8GB free / 85.1GB total | delta_size=1859 full_size=108670969
R6 [P2] iter 72: join done, raw=7289 result_size=5710
R4 [P2] iter 72: join done, raw=8812 result_size=7045
R0 [P2] iter 72: join done, raw=8941 result_size=8230
R5 [P2] iter 72: join done, raw=8860 result_size=7350
R2 [P2] iter 72: join done, raw=7481 result_size=6163
R7 [P2] iter 72: join done, raw=8746 result_size=7636
R3 [P2] iter 72: join done, raw=8500 result_size=7196
R1 [P2] iter 72: join done, raw=15575 result_size=11647
R5 [P2] iter 72: split done, delta_size=7637
R4 [P2] iter 72: split done, delta_size=6210
R7 [P2] iter 72: split done, delta_size=7539
R2 [P2] iter 72: split done, delta_size=5004
R3 [P2] iter 72: split done, delta_size=6397
R5 [P2] iter 72: dedup done, delta_size=3765
R7 [P2] iter 72: dedup done, delta_size=3523
R4 [P2] iter 72: dedup done, delta_size=3403
R3 [P2] iter 72: dedup done, delta_size=2991
R0 [P2] iter 72: split done, delta_size=8827
R6 [P2] iter 72: split done, delta_size=9641
R0 [P2] iter 72: dedup done, delta_size=4168
R6 [P2] iter 72: dedup done, delta_size=4121
R1 [P2] iter 72: split done, delta_size=9722
R1 [P2] iter 72: dedup done, delta_size=4678
R5 [P2] iter 72: subtract done, delta_size=584
R7 [P2] iter 72: subtract done, delta_size=605
R4 [P2] iter 72: subtract done, delta_size=731
R3 [P2] iter 72: subtract done, delta_size=685
R2 [P2] iter 72: dedup done, delta_size=2343
R0 [P2] iter 72: subtract done, delta_size=826
R6 [P2] iter 72: subtract done, delta_size=461
R1 [P2] iter 72: subtract done, delta_size=1377
R5 [P2] iter 72: merge done, full_size=106940477
R7 [P2] iter 72: merge done, full_size=108083873
R4 [P2] iter 72: merge done, full_size=108873656
R6 [P2] iter 72: merge done, full_size=107322837
R3 [P2] iter 72: merge done, full_size=108671654
R0 [P2] iter 72: merge done, full_size=108087419
R2 [P2] iter 72: subtract done, delta_size=437
R1 [P2] iter 72: merge done, full_size=109742898
R0 [P2] iter 73 done: global_full_size=862737793
R1 [P2] iter 73 done: global_full_size=862737793
R2 [P2] iter 72: merge done, full_size=105014979
R2 [P2] iter 73 done: global_full_size=862737793
R3 [P2] iter 73 done: global_full_size=862737793
R4 [P2] iter 73 done: global_full_size=862737793
R4 [P2] iter 73: PRE-JOIN GPU mem: 83.8GB free / 85.1GB total | delta_size=731 full_size=108873656
R5 [P2] iter 73 done: global_full_size=862737793
R5 [P2] iter 73: PRE-JOIN GPU mem: 83.8GB free / 85.1GB total | delta_size=584 full_size=106940477
R6 [P2] iter 73 done: global_full_size=862737793
R6 [P2] iter 73: PRE-JOIN GPU mem: 83.8GB free / 85.1GB total | delta_size=461 full_size=107322837
R7 [P2] iter 73 done: global_full_size=862737793
R7 [P2] iter 73: PRE-JOIN GPU mem: 83.8GB free / 85.1GB total | delta_size=605 full_size=108083873
R4 [P2] iter 73: join done, raw=3492 result_size=2566
R5 [P2] iter 73: join done, raw=3139 result_size=2805
R0 [P2] iter 73: PRE-JOIN GPU mem: 83.8GB free / 85.1GB total | delta_size=826 full_size=108087419
R6 [P2] iter 73: join done, raw=2205 result_size=1871
R1 [P2] iter 73: PRE-JOIN GPU mem: 83.8GB free / 85.1GB total | delta_size=1377 full_size=109742898
R7 [P2] iter 73: join done, raw=2732 result_size=2538
R2 [P2] iter 73: PRE-JOIN GPU mem: 83.8GB free / 85.1GB total | delta_size=437 full_size=105014979
R3 [P2] iter 73: PRE-JOIN GPU mem: 83.8GB free / 85.1GB total | delta_size=685 full_size=108671654
R0 [P2] iter 73: join done, raw=3476 result_size=3346
R1 [P2] iter 73: join done, raw=7300 result_size=5293
R3 [P2] iter 73: join done, raw=3441 result_size=2824
R2 [P2] iter 73: join done, raw=2602 result_size=2236
R5 [P2] iter 73: split done, delta_size=2908
R6 [P2] iter 73: split done, delta_size=3445
R4 [P2] iter 73: split done, delta_size=2902
R7 [P2] iter 73: split done, delta_size=3020
R0 [P2] iter 73: split done, delta_size=3485
R1 [P2] iter 73: split done, delta_size=3852
R6 [P2] iter 73: dedup done, delta_size=1661
R2 [P2] iter 73: split done, delta_size=1673
R5 [P2] iter 73: dedup done, delta_size=1667
R3 [P2] iter 73: split done, delta_size=2194
R7 [P2] iter 73: dedup done, delta_size=1670
R3 [P2] iter 73: dedup done, delta_size=1283
R0 [P2] iter 73: dedup done, delta_size=1916
R1 [P2] iter 73: dedup done, delta_size=2055
R4 [P2] iter 73: dedup done, delta_size=1613
R2 [P2] iter 73: dedup done, delta_size=922
R5 [P2] iter 73: subtract done, delta_size=125
R6 [P2] iter 73: subtract done, delta_size=96
R7 [P2] iter 73: subtract done, delta_size=162
R4 [P2] iter 73: subtract done, delta_size=172
R0 [P2] iter 73: subtract done, delta_size=190
R3 [P2] iter 73: subtract done, delta_size=152
R1 [P2] iter 73: subtract done, delta_size=417
R7 [P2] iter 73: merge done, full_size=108084035
R6 [P2] iter 73: merge done, full_size=107322933
R2 [P2] iter 73: subtract done, delta_size=63
R5 [P2] iter 73: merge done, full_size=106940602
R4 [P2] iter 73: merge done, full_size=108873828
R0 [P2] iter 73: merge done, full_size=108087609
R3 [P2] iter 73: merge done, full_size=108671806
R1 [P2] iter 73: merge done, full_size=109743315
R4 [P2] iter 74 done: global_full_size=862739170
R0 [P2] iter 74 done: global_full_size=862739170
R5 [P2] iter 74 done: global_full_size=862739170
R1 [P2] iter 74 done: global_full_size=862739170
R6 [P2] iter 74 done: global_full_size=862739170
R2 [P2] iter 73: merge done, full_size=105015042
R2 [P2] iter 74 done: global_full_size=862739170
R3 [P2] iter 74 done: global_full_size=862739170
R0 [P2] iter 74: PRE-JOIN GPU mem: 83.8GB free / 85.1GB total | delta_size=190 full_size=108087609
R1 [P2] iter 74: PRE-JOIN GPU mem: 83.8GB free / 85.1GB total | delta_size=417 full_size=109743315
R2 [P2] iter 74: PRE-JOIN GPU mem: 83.8GB free / 85.1GB total | delta_size=63 full_size=105015042
R3 [P2] iter 74: PRE-JOIN GPU mem: 83.8GB free / 85.1GB total | delta_size=152 full_size=108671806
R7 [P2] iter 74 done: global_full_size=862739170
R7 [P2] iter 74: PRE-JOIN GPU mem: 83.8GB free / 85.1GB total | delta_size=162 full_size=108084035
R4 [P2] iter 74: PRE-JOIN GPU mem: 83.8GB free / 85.1GB total | delta_size=172 full_size=108873828
R5 [P2] iter 74: PRE-JOIN GPU mem: 83.8GB free / 85.1GB total | delta_size=125 full_size=106940602
R6 [P2] iter 74: PRE-JOIN GPU mem: 83.8GB free / 85.1GB total | delta_size=96 full_size=107322933
R0 [P2] iter 74: join done, raw=867 result_size=837
R4 [P2] iter 74: join done, raw=833 result_size=563
R2 [P2] iter 74: join done, raw=469 result_size=469
R5 [P2] iter 74: join done, raw=722 result_size=632
R3 [P2] iter 74: join done, raw=892 result_size=678
R6 [P2] iter 74: join done, raw=549 result_size=498
R1 [P2] iter 74: join done, raw=2169 result_size=1581
R7 [P2] iter 74: join done, raw=758 result_size=758
R5 [P2] iter 74: split done, delta_size=811
R1 [P2] iter 74: split done, delta_size=919
R6 [P2] iter 74: split done, delta_size=750
R2 [P2] iter 74: split done, delta_size=417
R7 [P2] iter 74: split done, delta_size=862
R3 [P2] iter 74: split done, delta_size=540
R4 [P2] iter 74: split done, delta_size=785
R0 [P2] iter 74: split done, delta_size=932
R5 [P2] iter 74: dedup done, delta_size=535
R2 [P2] iter 74: dedup done, delta_size=283
R6 [P2] iter 74: dedup done, delta_size=444
R3 [P2] iter 74: dedup done, delta_size=380
R4 [P2] iter 74: dedup done, delta_size=443
R1 [P2] iter 74: dedup done, delta_size=558
R7 [P2] iter 74: dedup done, delta_size=504
R0 [P2] iter 74: dedup done, delta_size=566
R3 [P2] iter 74: subtract done, delta_size=7
R0 [P2] iter 74: subtract done, delta_size=14
R1 [P2] iter 74: subtract done, delta_size=70
R4 [P2] iter 74: subtract done, delta_size=0
R5 [P2] iter 74: subtract done, delta_size=5
R6 [P2] iter 74: subtract done, delta_size=5
R7 [P2] iter 74: subtract done, delta_size=39
R5 [P2] iter 74: merge done, full_size=106940607
R6 [P2] iter 74: merge done, full_size=107322938
R7 [P2] iter 74: merge done, full_size=108084074
R2 [P2] iter 74: subtract done, delta_size=10
R1 [P2] iter 74: merge done, full_size=109743385
R0 [P2] iter 74: merge done, full_size=108087623
R3 [P2] iter 74: merge done, full_size=108671813
R0 [P2] iter 75 done: global_full_size=862739320
R1 [P2] iter 75 done: global_full_size=862739320
R2 [P2] iter 74: merge done, full_size=105015052
R2 [P2] iter 75 done: global_full_size=862739320
R3 [P2] iter 75 done: global_full_size=862739320
R4 [P2] iter 75 done: global_full_size=862739320
R5 [P2] iter 75 done: global_full_size=862739320
R6 [P2] iter 75 done: global_full_size=862739320
R7 [P2] iter 75 done: global_full_size=862739320
R4 [P2] iter 75: PRE-JOIN GPU mem: 83.8GB free / 85.1GB total | delta_size=0 full_size=108873828
R4 [P2] iter 75: join done, raw=0 result_size=0
R5 [P2] iter 75: PRE-JOIN GPU mem: 83.8GB free / 85.1GB total | delta_size=5 full_size=106940607
R6 [P2] iter 75: PRE-JOIN GPU mem: 83.8GB free / 85.1GB total | delta_size=5 full_size=107322938
R7 [P2] iter 75: PRE-JOIN GPU mem: 83.8GB free / 85.1GB total | delta_size=39 full_size=108084074
R0 [P2] iter 75: PRE-JOIN GPU mem: 83.8GB free / 85.1GB total | delta_size=14 full_size=108087623
R1 [P2] iter 75: PRE-JOIN GPU mem: 83.8GB free / 85.1GB total | delta_size=70 full_size=109743385
R5 [P2] iter 75: join done, raw=25 result_size=25
R2 [P2] iter 75: PRE-JOIN GPU mem: 83.8GB free / 85.1GB total | delta_size=10 full_size=105015052
R6 [P2] iter 75: join done, raw=40 result_size=40
R3 [P2] iter 75: PRE-JOIN GPU mem: 83.8GB free / 85.1GB total | delta_size=7 full_size=108671813
R7 [P2] iter 75: join done, raw=202 result_size=202
R0 [P2] iter 75: join done, raw=52 result_size=52
R1 [P2] iter 75: join done, raw=346 result_size=254
R2 [P2] iter 75: join done, raw=80 result_size=80
R3 [P2] iter 75: join done, raw=47 result_size=35
R0 [P2] iter 75: split done, delta_size=120
R4 [P2] iter 75: split done, delta_size=66
R1 [P2] iter 75: split done, delta_size=64
R5 [P2] iter 75: split done, delta_size=109
R2 [P2] iter 75: split done, delta_size=65
R6 [P2] iter 75: split done, delta_size=87
R3 [P2] iter 75: split done, delta_size=74
R7 [P2] iter 75: split done, delta_size=103
R0 [P2] iter 75: dedup done, delta_size=95
R5 [P2] iter 75: dedup done, delta_size=107
R1 [P2] iter 75: dedup done, delta_size=62
R6 [P2] iter 75: dedup done, delta_size=75
R2 [P2] iter 75: dedup done, delta_size=55
R4 [P2] iter 75: dedup done, delta_size=53
R3 [P2] iter 75: dedup done, delta_size=72
R7 [P2] iter 75: dedup done, delta_size=80
R0 [P2] iter 75: subtract done, delta_size=0
R5 [P2] iter 75: subtract done, delta_size=0
R1 [P2] iter 75: subtract done, delta_size=0
R6 [P2] iter 75: subtract done, delta_size=0
R3 [P2] iter 75: subtract done, delta_size=0
R4 [P2] iter 75: subtract done, delta_size=0
R7 [P2] iter 75: subtract done, delta_size=0
R0 [P2] iter 76 done: global_full_size=862739320
R1 [P2] iter 76 done: global_full_size=862739320
R2 [P2] iter 75: subtract done, delta_size=0
R2 [P2] iter 76 done: global_full_size=862739320
R3 [P2] iter 76 done: global_full_size=862739320
R4 [P2] iter 76 done: global_full_size=862739320
R5 [P2] iter 76 done: global_full_size=862739320
R6 [P2] iter 76 done: global_full_size=862739320
R7 [P2] iter 76 done: global_full_size=862739320
Phase 2: 5.2773s | TC(g^k) = 862739320 tuples, 76 iterations
  Join: 0.8316s | Dedup: 0.2973s | Subtract: 0.0824s | Merge: 0.2847s | HT build: 0.0002s
  Comm: 2.8583s
R0 [P2→P3] GPU mem: 83.8GB free / 85.1GB total
R0 [P2→P3] Live allocations:
  full (TC(g^k) rev): 108087623 tuples = 0.9GB
  delta:              0 tuples = 0.0GB
  seed:               165435 tuples = 0.0GB
R0 [P2→P3] Accounted: 0.9GB | Unaccounted: 0.5GB
R0 [P3] entering Phase 3: seed_size=165435 full_size=108087623
R4 [P2→P3] GPU mem: 83.8GB free / 85.1GB total
R4 [P2→P3] Live allocations:
  full (TC(g^k) rev): 108873828 tuples = 0.9GB
  delta:              0 tuples = 0.0GB
  seed:               376027 tuples = 0.0GB
R4 [P2→P3] Accounted: 0.9GB | Unaccounted: 0.5GB
R4 [P3] entering Phase 3: seed_size=376027 full_size=108873828
R1 [P2→P3] GPU mem: 83.8GB free / 85.1GB total
R1 [P2→P3] Live allocations:
  full (TC(g^k) rev): 109743385 tuples = 0.9GB
  delta:              0 tuples = 0.0GB
  seed:               203354 tuples = 0.0GB
R1 [P2→P3] Accounted: 0.9GB | Unaccounted: 0.5GB
R1 [P3] entering Phase 3: seed_size=203354 full_size=109743385
R5 [P2→P3] GPU mem: 83.8GB free / 85.1GB total
R5 [P2→P3] Live allocations:
  full (TC(g^k) rev): 106940607 tuples = 0.9GB
  delta:              0 tuples = 0.0GB
  seed:               460476 tuples = 0.0GB
R5 [P2→P3] Accounted: 0.9GB | Unaccounted: 0.5GB
R5 [P3] entering Phase 3: seed_size=460476 full_size=106940607
R5 [P3] allgather counts done: total_seed_size=2998772
R2 [P2→P3] GPU mem: 83.8GB free / 85.1GB total
R2 [P2→P3] Live allocations:
  full (TC(g^k) rev): 105015052 tuples = 0.8GB
  delta:              0 tuples = 0.0GB
  seed:               248868 tuples = 0.0GB
R2 [P2→P3] Accounted: 0.8GB | Unaccounted: 0.4GB
R2 [P3] entering Phase 3: seed_size=248868 full_size=105015052
R6 [P2→P3] GPU mem: 83.8GB free / 85.1GB total
R6 [P2→P3] Live allocations:
  full (TC(g^k) rev): 107322938 tuples = 0.9GB
  delta:              0 tuples = 0.0GB
  seed:               560354 tuples = 0.0GB
R6 [P2→P3] Accounted: 0.9GB | Unaccounted: 0.5GB
R6 [P3] entering Phase 3: seed_size=560354 full_size=107322938
R6 [P3] allgather counts done: total_seed_size=2998772
R3 [P2→P3] GPU mem: 83.8GB free / 85.1GB total
R3 [P2→P3] Live allocations:
  full (TC(g^k) rev): 108671813 tuples = 0.9GB
  delta:              0 tuples = 0.0GB
  seed:               305075 tuples = 0.0GB
R3 [P2→P3] Accounted: 0.9GB | Unaccounted: 0.5GB
R3 [P3] entering Phase 3: seed_size=305075 full_size=108671813
R7 [P2→P3] GPU mem: 83.8GB free / 85.1GB total
R7 [P2→P3] Live allocations:
  full (TC(g^k) rev): 108084074 tuples = 0.9GB
  delta:              0 tuples = 0.0GB
  seed:               679183 tuples = 0.0GB
R7 [P2→P3] Accounted: 0.9GB | Unaccounted: 0.5GB
R7 [P3] entering Phase 3: seed_size=679183 full_size=108084074
R7 [P3] allgather counts done: total_seed_size=2998772
R2 [P3] allgather counts done: total_seed_size=2998772
R4 [P3] allgather counts done: total_seed_size=2998772
R0 [P3] allgather counts done: total_seed_size=2998772
R1 [P3] allgather counts done: total_seed_size=2998772
R3 [P3] allgather counts done: total_seed_size=2998772
R3 [P3] allgatherv seeds done
R0 [P3] allgatherv seeds done
R1 [P3] allgatherv seeds done
R7 [P3] allgatherv seeds done
R2 [P3] allgatherv seeds done
R4 [P3] allgatherv seeds done
R5 [P3] allgatherv seeds done
R6 [P3] allgatherv seeds done
R0 [P3] seed HT built: total_seed_size=2998772 seed_ht_rows=8388608 | GPU mem: 83.7GB free
  Live: full=0.9GB + delta=0.0GB + seed=0.0GB + seed_ht=0.1GB = 0.9GB | used=1.4GB
R1 [P3] seed HT built: total_seed_size=2998772 seed_ht_rows=8388608 | GPU mem: 83.7GB free
  Live: full=0.9GB + delta=0.0GB + seed=0.0GB + seed_ht=0.1GB = 0.9GB | used=1.4GB
R2 [P3] seed HT built: total_seed_size=2998772 seed_ht_rows=8388608 | GPU mem: 83.7GB free
  Live: full=0.8GB + delta=0.0GB + seed=0.0GB + seed_ht=0.1GB = 0.9GB | used=1.4GB
R3 [P3] seed HT built: total_seed_size=2998772 seed_ht_rows=8388608 | GPU mem: 83.7GB free
  Live: full=0.9GB + delta=0.0GB + seed=0.0GB + seed_ht=0.1GB = 0.9GB | used=1.4GB
R0 [P3] reversed full in place: full_size=108087623
R1 [P3] reversed full in place: full_size=109743385
R1 [P3] PRE-JOIN GPU mem: 83.7GB free / 85.1GB total | probe_size=109743385 seed_ht_rows=8388608
R0 [P3] PRE-JOIN GPU mem: 83.7GB free / 85.1GB total | probe_size=108087623 seed_ht_rows=8388608
R4 [P3] seed HT built: total_seed_size=2998772 seed_ht_rows=8388608 | GPU mem: 83.7GB free
  Live: full=0.9GB + delta=0.0GB + seed=0.0GB + seed_ht=0.1GB = 0.9GB | used=1.4GB
R5 [P3] seed HT built: total_seed_size=2998772 seed_ht_rows=8388608 | GPU mem: 83.7GB free
  Live: full=0.9GB + delta=0.0GB + seed=0.0GB + seed_ht=0.1GB = 0.9GB | used=1.4GB
R3 [P3] reversed full in place: full_size=108671813
R6 [P3] seed HT built: total_seed_size=2998772 seed_ht_rows=8388608 | GPU mem: 83.7GB free
  Live: full=0.9GB + delta=0.0GB + seed=0.0GB + seed_ht=0.1GB = 0.9GB | used=1.4GB
R3 [P3] PRE-JOIN GPU mem: 83.7GB free / 85.1GB total | probe_size=108671813 seed_ht_rows=8388608
R7 [P3] seed HT built: total_seed_size=2998772 seed_ht_rows=8388608 | GPU mem: 83.7GB free
  Live: full=0.9GB + delta=0.0GB + seed=0.0GB + seed_ht=0.1GB = 0.9GB | used=1.4GB
R2 [P3] reversed full in place: full_size=105015052
R2 [P3] PRE-JOIN GPU mem: 83.7GB free / 85.1GB total | probe_size=105015052 seed_ht_rows=8388608
R5 [P3] reversed full in place: full_size=106940607
R6 [P3] reversed full in place: full_size=107322938
R7 [P3] reversed full in place: full_size=108084074
R4 [P3] reversed full in place: full_size=108873828
R4 [P3] PRE-JOIN GPU mem: 83.7GB free / 85.1GB total | probe_size=108873828 seed_ht_rows=8388608
R5 [P3] PRE-JOIN GPU mem: 83.7GB free / 85.1GB total | probe_size=106940607 seed_ht_rows=8388608
R6 [P3] PRE-JOIN GPU mem: 83.7GB free / 85.1GB total | probe_size=107322938 seed_ht_rows=8388608
R7 [P3] PRE-JOIN GPU mem: 83.7GB free / 85.1GB total | probe_size=108084074 seed_ht_rows=8388608
R3 [P3] join raw=2512035426 -> kept=109536564 (22.9x collapse)
R3 [P3] join done: extended_size=109536564 (0.9GB) | GPU mem: 82.9GB free
R3 [P3] PRE-SPLIT GPU mem: 83.8GB free / 85.1GB total | extended_size=109536564 (0.9GB)
R2 [P3] join raw=2431924402 -> kept=105857139 (23.0x collapse)
R2 [P3] join done: extended_size=105857139 (0.8GB) | GPU mem: 83.0GB free
R2 [P3] PRE-SPLIT GPU mem: 83.8GB free / 85.1GB total | extended_size=105857139 (0.8GB)
R7 [P3] join raw=2502983605 -> kept=108946527 (23.0x collapse)
R7 [P3] join done: extended_size=108946527 (0.9GB) | GPU mem: 82.9GB free
R5 [P3] join raw=2473149809 -> kept=107789315 (22.9x collapse)
R5 [P3] join done: extended_size=107789315 (0.9GB) | GPU mem: 82.9GB free
R7 [P3] PRE-SPLIT GPU mem: 83.8GB free / 85.1GB total | extended_size=108946527 (0.9GB)
R5 [P3] PRE-SPLIT GPU mem: 83.8GB free / 85.1GB total | extended_size=107789315 (0.9GB)
R6 [P3] join raw=2482855101 -> kept=108175109 (23.0x collapse)
R6 [P3] join done: extended_size=108175109 (0.9GB) | GPU mem: 82.9GB free
R6 [P3] PRE-SPLIT GPU mem: 83.8GB free / 85.1GB total | extended_size=108175109 (0.9GB)
R4 [P3] join raw=2521711701 -> kept=109736724 (23.0x collapse)
R4 [P3] join done: extended_size=109736724 (0.9GB) | GPU mem: 82.9GB free
R4 [P3] PRE-SPLIT GPU mem: 83.8GB free / 85.1GB total | extended_size=109736724 (0.9GB)
R0 [P3] join raw=2499338118 -> kept=108945827 (22.9x collapse)
R0 [P3] join done: extended_size=108945827 (0.9GB) | GPU mem: 82.9GB free
R0 [P3] PRE-SPLIT GPU mem: 83.8GB free / 85.1GB total | extended_size=108945827 (0.9GB)
R1 [P3] join raw=2539421597 -> kept=110607524 (23.0x collapse)
R1 [P3] join done: extended_size=110607524 (0.9GB) | GPU mem: 82.9GB free
R1 [P3] PRE-SPLIT GPU mem: 83.8GB free / 85.1GB total | extended_size=110607524 (0.9GB)
R3 [P3] extended sorted & copied to host, GPU freed: 84.6GB free
R2 [P3] extended sorted & copied to host, GPU freed: 84.6GB free
R5 [P3] extended sorted & copied to host, GPU freed: 84.6GB free
R7 [P3] extended sorted & copied to host, GPU freed: 84.6GB free
R6 [P3] extended sorted & copied to host, GPU freed: 84.6GB free
R4 [P3] extended sorted & copied to host, GPU freed: 84.6GB free
R0 [P3] extended sorted & copied to host, GPU freed: 84.6GB free
R1 [P3] extended sorted & copied to host, GPU freed: 84.6GB free
R2 [P3] extended split done: ext_split_size=105857139
R5 [P3] extended split done: ext_split_size=107789315
R3 [P3] extended split done: ext_split_size=109536564
R6 [P3] extended split done: ext_split_size=108175109
R0 [P3] extended split done: ext_split_size=108945827
R7 [P3] extended split done: ext_split_size=108946527
R4 [P3] extended split done: ext_split_size=109736724
R1 [P3] extended split done: ext_split_size=110607524
R2 [P3] seed split done: seed_split_size=372364
R0 [P3] seed split done: seed_split_size=379251
R1 [P3] seed split done: seed_split_size=379120
R3 [P3] seed split done: seed_split_size=378807
R4 [P3] seed split done: seed_split_size=374944
R5 [P3] seed split done: seed_split_size=367472
R6 [P3] seed split done: seed_split_size=373235
R7 [P3] seed split done: seed_split_size=373579
R2 [P3] concat done: result_size=106229503 (seed=372364 + ext=105857139)
R1 [P3] concat done: result_size=110986644 (seed=379120 + ext=110607524)
R4 [P3] concat done: result_size=110111668 (seed=374944 + ext=109736724)
R3 [P3] concat done: result_size=109915371 (seed=378807 + ext=109536564)
R0 [P3] concat done: result_size=109325078 (seed=379251 + ext=108945827)
R5 [P3] concat done: result_size=108156787 (seed=367472 + ext=107789315)
R6 [P3] concat done: result_size=108548344 (seed=373235 + ext=108175109)
R7 [P3] concat done: result_size=109320106 (seed=373579 + ext=108946527)
R2 [P3] dedup done: result_size=106077469
R6 [P3] dedup done: result_size=108395524
R4 [P3] dedup done: result_size=109958312
R5 [P3] dedup done: result_size=108007056
R7 [P3] dedup done: result_size=109167646
R0 [P3] dedup done: result_size=109168691
R3 [P3] dedup done: result_size=109759594
R1 [P3] dedup done: result_size=110831396
Phase 1: 0.1076s | seed_size=165435 (length 1), g^k_size=679183
Phase 2: 5.2773s | TC(g^k) = 862739320 tuples, 76 iterations
  Join: 0.8316s | Dedup: 0.2973s | Subtract: 0.0824s | Merge: 0.2847s | HT build: 0.0002s
  Comm: 2.8583s
Phase 3: 1.6037s
  Join: 1.1417s | HT build: 0.0042s | Comm: 0.2724s | Dedup: 0.0418s | Kernels: 0.1402s
─────────────────────────────────────
Total: 6.9898s | TC size: 871365688
