R0 [P1] parallel_read done: row_size=12369181 total_rows=12369181
R0 [P1] allgather done
R0 [P1] entity arrays + dedup done: g_size=12369181 l_size=12369181
R0 [P1] initial HT built: ht_rows=33554432
R0 [P1] partition filter done: gk_fwd=12369181 gk_rev=12369181
Rank 0 Phase 1: 0.2187s | seed_size=12369181 (length 1), g^k_size=12369181
R0 [P2] dedup full done: full_size=12369181
R0 [P2] delta copy done: delta_size=12369181
R0 [P2] HT built: gk_fwd_size=12369181 ht_rows=33554432
R0 [P2] entering loop: global_full_size=12369181
R0 [P2] iter 0: PRE-JOIN GPU mem: 84.1GB free / 85.1GB total | delta_size=12369181 full_size=12369181
R0 [P2] iter 0: join done, raw=11783640 result_size=11754517
R0 [P2] iter 0: split done, delta_size=11754517
R0 [P2] iter 0: dedup done, delta_size=11754517
R0 [P2] iter 0: subtract done, delta_size=11741166
R0 [P2] iter 0: merge done, full_size=24110347
R0 [P2] iter 1 done: global_full_size=24110347
R0 [P2] iter 1: PRE-JOIN GPU mem: 84.0GB free / 85.1GB total | delta_size=11741166 full_size=24110347
R0 [P2] iter 1: join done, raw=11274935 result_size=11239319
R0 [P2] iter 1: split done, delta_size=11239319
R0 [P2] iter 1: dedup done, delta_size=11239319
R0 [P2] iter 1: subtract done, delta_size=11154767
R0 [P2] iter 1: merge done, full_size=35265114
R0 [P2] iter 2 done: global_full_size=35265114
R0 [P2] iter 2: PRE-JOIN GPU mem: 83.9GB free / 85.1GB total | delta_size=11154767 full_size=35265114
R0 [P2] iter 2: join done, raw=10751216 result_size=10714308
R0 [P2] iter 2: split done, delta_size=10714308
R0 [P2] iter 2: dedup done, delta_size=10714308
R0 [P2] iter 2: subtract done, delta_size=10582083
R0 [P2] iter 2: merge done, full_size=45847197
R0 [P2] iter 3 done: global_full_size=45847197
R0 [P2] iter 3: PRE-JOIN GPU mem: 83.8GB free / 85.1GB total | delta_size=10582083 full_size=45847197
R0 [P2] iter 3: join done, raw=10230243 result_size=10194351
R0 [P2] iter 3: split done, delta_size=10194351
R0 [P2] iter 3: dedup done, delta_size=10194351
R0 [P2] iter 3: subtract done, delta_size=10027065
R0 [P2] iter 3: merge done, full_size=55874262
R0 [P2] iter 4 done: global_full_size=55874262
R0 [P2] iter 4: PRE-JOIN GPU mem: 83.7GB free / 85.1GB total | delta_size=10027065 full_size=55874262
R0 [P2] iter 4: join done, raw=9720989 result_size=9686813
R0 [P2] iter 4: split done, delta_size=9686813
R0 [P2] iter 4: dedup done, delta_size=9686813
R0 [P2] iter 4: subtract done, delta_size=9496004
R0 [P2] iter 4: merge done, full_size=65370266
R0 [P2] iter 5 done: global_full_size=65370266
R0 [P2] iter 5: PRE-JOIN GPU mem: 83.7GB free / 85.1GB total | delta_size=9496004 full_size=65370266
R0 [P2] iter 5: join done, raw=9232240 result_size=9200154
R0 [P2] iter 5: split done, delta_size=9200154
R0 [P2] iter 5: dedup done, delta_size=9200154
R0 [P2] iter 5: subtract done, delta_size=8993751
R0 [P2] iter 5: merge done, full_size=74364017
R0 [P2] iter 6 done: global_full_size=74364017
R0 [P2] iter 6: PRE-JOIN GPU mem: 83.6GB free / 85.1GB total | delta_size=8993751 full_size=74364017
R0 [P2] iter 6: join done, raw=8765861 result_size=8735960
R0 [P2] iter 6: split done, delta_size=8735960
R0 [P2] iter 6: dedup done, delta_size=8735960
R0 [P2] iter 6: subtract done, delta_size=8521794
R0 [P2] iter 6: merge done, full_size=82885811
R0 [P2] iter 7 done: global_full_size=82885811
R0 [P2] iter 7: PRE-JOIN GPU mem: 83.5GB free / 85.1GB total | delta_size=8521794 full_size=82885811
R0 [P2] iter 7: join done, raw=8325919 result_size=8298017
R0 [P2] iter 7: split done, delta_size=8298017
R0 [P2] iter 7: dedup done, delta_size=8298017
R0 [P2] iter 7: subtract done, delta_size=8080554
R0 [P2] iter 7: merge done, full_size=90966365
R0 [P2] iter 8 done: global_full_size=90966365
R0 [P2] iter 8: PRE-JOIN GPU mem: 83.5GB free / 85.1GB total | delta_size=8080554 full_size=90966365
R0 [P2] iter 8: join done, raw=7910686 result_size=7884735
R0 [P2] iter 8: split done, delta_size=7884735
R0 [P2] iter 8: dedup done, delta_size=7884735
R0 [P2] iter 8: subtract done, delta_size=7667420
R0 [P2] iter 8: merge done, full_size=98633785
R0 [P2] iter 9 done: global_full_size=98633785
R0 [P2] iter 9: PRE-JOIN GPU mem: 83.4GB free / 85.1GB total | delta_size=7667420 full_size=98633785
R0 [P2] iter 9: join done, raw=7519124 result_size=7494909
R0 [P2] iter 9: split done, delta_size=7494909
R0 [P2] iter 9: dedup done, delta_size=7494909
R0 [P2] iter 9: subtract done, delta_size=7280879
R0 [P2] iter 9: merge done, full_size=105914664
R0 [P2] iter 10 done: global_full_size=105914664
R0 [P2] iter 10: PRE-JOIN GPU mem: 83.4GB free / 85.1GB total | delta_size=7280879 full_size=105914664
R0 [P2] iter 10: join done, raw=7152137 result_size=7129645
R0 [P2] iter 10: split done, delta_size=7129645
R0 [P2] iter 10: dedup done, delta_size=7129645
R0 [P2] iter 10: subtract done, delta_size=6920375
R0 [P2] iter 10: merge done, full_size=112835039
R0 [P2] iter 11 done: global_full_size=112835039
R0 [P2] iter 11: PRE-JOIN GPU mem: 83.3GB free / 85.1GB total | delta_size=6920375 full_size=112835039
R0 [P2] iter 11: join done, raw=6807805 result_size=6786869
R0 [P2] iter 11: split done, delta_size=6786869
R0 [P2] iter 11: dedup done, delta_size=6786869
R0 [P2] iter 11: subtract done, delta_size=6583029
R0 [P2] iter 11: merge done, full_size=119418068
R0 [P2] iter 12 done: global_full_size=119418068
R0 [P2] iter 12: PRE-JOIN GPU mem: 83.3GB free / 85.1GB total | delta_size=6583029 full_size=119418068
R0 [P2] iter 12: join done, raw=6483846 result_size=6464343
R0 [P2] iter 12: split done, delta_size=6464343
R0 [P2] iter 12: dedup done, delta_size=6464343
R0 [P2] iter 12: subtract done, delta_size=6266898
R0 [P2] iter 12: merge done, full_size=125684966
R0 [P2] iter 13 done: global_full_size=125684966
R0 [P2] iter 13: PRE-JOIN GPU mem: 83.2GB free / 85.1GB total | delta_size=6266898 full_size=125684966
R0 [P2] iter 13: join done, raw=6179656 result_size=6161557
R0 [P2] iter 13: split done, delta_size=6161557
R0 [P2] iter 13: dedup done, delta_size=6161557
R0 [P2] iter 13: subtract done, delta_size=5971080
R0 [P2] iter 13: merge done, full_size=131656046
R0 [P2] iter 14 done: global_full_size=131656046
R0 [P2] iter 14: PRE-JOIN GPU mem: 83.2GB free / 85.1GB total | delta_size=5971080 full_size=131656046
R0 [P2] iter 14: join done, raw=5894234 result_size=5877373
R0 [P2] iter 14: split done, delta_size=5877373
R0 [P2] iter 14: dedup done, delta_size=5877373
R0 [P2] iter 14: subtract done, delta_size=5694336
R0 [P2] iter 14: merge done, full_size=137350382
R0 [P2] iter 15 done: global_full_size=137350382
R0 [P2] iter 15: PRE-JOIN GPU mem: 83.1GB free / 85.1GB total | delta_size=5694336 full_size=137350382
R0 [P2] iter 15: join done, raw=5625976 result_size=5610212
R0 [P2] iter 15: split done, delta_size=5610212
R0 [P2] iter 15: dedup done, delta_size=5610212
R0 [P2] iter 15: subtract done, delta_size=5434530
R0 [P2] iter 15: merge done, full_size=142784912
R0 [P2] iter 16 done: global_full_size=142784912
R0 [P2] iter 16: PRE-JOIN GPU mem: 83.1GB free / 85.1GB total | delta_size=5434530 full_size=142784912
R0 [P2] iter 16: join done, raw=5373695 result_size=5359013
R0 [P2] iter 16: split done, delta_size=5359013
R0 [P2] iter 16: dedup done, delta_size=5359013
R0 [P2] iter 16: subtract done, delta_size=5190792
R0 [P2] iter 16: merge done, full_size=147975704
R0 [P2] iter 17 done: global_full_size=147975704
R0 [P2] iter 17: PRE-JOIN GPU mem: 83.0GB free / 85.1GB total | delta_size=5190792 full_size=147975704
R0 [P2] iter 17: join done, raw=5136851 result_size=5123142
R0 [P2] iter 17: split done, delta_size=5123142
R0 [P2] iter 17: dedup done, delta_size=5123142
R0 [P2] iter 17: subtract done, delta_size=4962435
R0 [P2] iter 17: merge done, full_size=152938139
R0 [P2] iter 18 done: global_full_size=152938139
R0 [P2] iter 18: PRE-JOIN GPU mem: 83.0GB free / 85.1GB total | delta_size=4962435 full_size=152938139
R0 [P2] iter 18: join done, raw=4914100 result_size=4901303
R0 [P2] iter 18: split done, delta_size=4901303
R0 [P2] iter 18: dedup done, delta_size=4901303
R0 [P2] iter 18: subtract done, delta_size=4747849
R0 [P2] iter 18: merge done, full_size=157685988
R0 [P2] iter 19 done: global_full_size=157685988
R0 [P2] iter 19: PRE-JOIN GPU mem: 83.0GB free / 85.1GB total | delta_size=4747849 full_size=157685988
R0 [P2] iter 19: join done, raw=4704418 result_size=4692437
R0 [P2] iter 19: split done, delta_size=4692437
R0 [P2] iter 19: dedup done, delta_size=4692437
R0 [P2] iter 19: subtract done, delta_size=4545915
R0 [P2] iter 19: merge done, full_size=162231903
R0 [P2] iter 20 done: global_full_size=162231903
R0 [P2] iter 20: PRE-JOIN GPU mem: 82.9GB free / 85.1GB total | delta_size=4545915 full_size=162231903
R0 [P2] iter 20: join done, raw=4506935 result_size=4495696
R0 [P2] iter 20: split done, delta_size=4495696
R0 [P2] iter 20: dedup done, delta_size=4495696
R0 [P2] iter 20: subtract done, delta_size=4355816
R0 [P2] iter 20: merge done, full_size=166587719
R0 [P2] iter 21 done: global_full_size=166587719
R0 [P2] iter 21: PRE-JOIN GPU mem: 82.9GB free / 85.1GB total | delta_size=4355816 full_size=166587719
R0 [P2] iter 21: join done, raw=4320386 result_size=4309811
R0 [P2] iter 21: split done, delta_size=4309811
R0 [P2] iter 21: dedup done, delta_size=4309811
R0 [P2] iter 21: subtract done, delta_size=4176357
R0 [P2] iter 21: merge done, full_size=170764076
R0 [P2] iter 22 done: global_full_size=170764076
R0 [P2] iter 22: PRE-JOIN GPU mem: 82.9GB free / 85.1GB total | delta_size=4176357 full_size=170764076
R0 [P2] iter 22: join done, raw=4144162 result_size=4134232
R0 [P2] iter 22: split done, delta_size=4134232
R0 [P2] iter 22: dedup done, delta_size=4134232
R0 [P2] iter 22: subtract done, delta_size=4006941
R0 [P2] iter 22: merge done, full_size=174771017
R0 [P2] iter 23 done: global_full_size=174771017
R0 [P2] iter 23: PRE-JOIN GPU mem: 82.8GB free / 85.1GB total | delta_size=4006941 full_size=174771017
R0 [P2] iter 23: join done, raw=3977271 result_size=3967959
R0 [P2] iter 23: split done, delta_size=3967959
R0 [P2] iter 23: dedup done, delta_size=3967959
R0 [P2] iter 23: subtract done, delta_size=3846467
R0 [P2] iter 23: merge done, full_size=178617484
R0 [P2] iter 24 done: global_full_size=178617484
R0 [P2] iter 24: PRE-JOIN GPU mem: 82.8GB free / 85.1GB total | delta_size=3846467 full_size=178617484
R0 [P2] iter 24: join done, raw=3819695 result_size=3810961
R0 [P2] iter 24: split done, delta_size=3810961
R0 [P2] iter 24: dedup done, delta_size=3810961
R0 [P2] iter 24: subtract done, delta_size=3694930
R0 [P2] iter 24: merge done, full_size=182312414
R0 [P2] iter 25 done: global_full_size=182312414
R0 [P2] iter 25: PRE-JOIN GPU mem: 82.8GB free / 85.1GB total | delta_size=3694930 full_size=182312414
R0 [P2] iter 25: join done, raw=3670251 result_size=3662047
R0 [P2] iter 25: split done, delta_size=3662047
R0 [P2] iter 25: dedup done, delta_size=3662047
R0 [P2] iter 25: subtract done, delta_size=3551437
R0 [P2] iter 25: merge done, full_size=185863851
R0 [P2] iter 26 done: global_full_size=185863851
R0 [P2] iter 26: PRE-JOIN GPU mem: 82.8GB free / 85.1GB total | delta_size=3551437 full_size=185863851
R0 [P2] iter 26: join done, raw=3529036 result_size=3521314
R0 [P2] iter 26: split done, delta_size=3521314
R0 [P2] iter 26: dedup done, delta_size=3521314
R0 [P2] iter 26: subtract done, delta_size=3415756
R0 [P2] iter 26: merge done, full_size=189279607
R0 [P2] iter 27 done: global_full_size=189279607
R0 [P2] iter 27: PRE-JOIN GPU mem: 82.7GB free / 85.1GB total | delta_size=3415756 full_size=189279607
R0 [P2] iter 27: join done, raw=3395300 result_size=3388031
R0 [P2] iter 27: split done, delta_size=3388031
R0 [P2] iter 27: dedup done, delta_size=3388031
R0 [P2] iter 27: subtract done, delta_size=3287368
R0 [P2] iter 27: merge done, full_size=192566975
R0 [P2] iter 28 done: global_full_size=192566975
R0 [P2] iter 28: PRE-JOIN GPU mem: 82.7GB free / 85.1GB total | delta_size=3287368 full_size=192566975
R0 [P2] iter 28: join done, raw=3268618 result_size=3261783
R0 [P2] iter 28: split done, delta_size=3261783
R0 [P2] iter 28: dedup done, delta_size=3261783
R0 [P2] iter 28: subtract done, delta_size=3165730
R0 [P2] iter 28: merge done, full_size=195732705
R0 [P2] iter 29 done: global_full_size=195732705
R0 [P2] iter 29: PRE-JOIN GPU mem: 82.7GB free / 85.1GB total | delta_size=3165730 full_size=195732705
R0 [P2] iter 29: join done, raw=3148281 result_size=3141848
R0 [P2] iter 29: split done, delta_size=3141848
R0 [P2] iter 29: dedup done, delta_size=3141848
R0 [P2] iter 29: subtract done, delta_size=3050097
R0 [P2] iter 29: merge done, full_size=198782802
R0 [P2] iter 30 done: global_full_size=198782802
R0 [P2] iter 30: PRE-JOIN GPU mem: 82.7GB free / 85.1GB total | delta_size=3050097 full_size=198782802
R0 [P2] iter 30: join done, raw=3034170 result_size=3028089
R0 [P2] iter 30: split done, delta_size=3028089
R0 [P2] iter 30: dedup done, delta_size=3028089
R0 [P2] iter 30: subtract done, delta_size=2940488
R0 [P2] iter 30: merge done, full_size=201723290
R0 [P2] iter 31 done: global_full_size=201723290
R0 [P2] iter 31: PRE-JOIN GPU mem: 82.6GB free / 85.1GB total | delta_size=2940488 full_size=201723290
R0 [P2] iter 31: join done, raw=2925844 result_size=2920081
R0 [P2] iter 31: split done, delta_size=2920081
R0 [P2] iter 31: dedup done, delta_size=2920081
R0 [P2] iter 31: subtract done, delta_size=2836366
R0 [P2] iter 31: merge done, full_size=204559656
R0 [P2] iter 32 done: global_full_size=204559656
R0 [P2] iter 32: PRE-JOIN GPU mem: 82.6GB free / 85.1GB total | delta_size=2836366 full_size=204559656
R0 [P2] iter 32: join done, raw=2822660 result_size=2817202
R0 [P2] iter 32: split done, delta_size=2817202
R0 [P2] iter 32: dedup done, delta_size=2817202
R0 [P2] iter 32: subtract done, delta_size=2737232
R0 [P2] iter 32: merge done, full_size=207296888
R0 [P2] iter 33 done: global_full_size=207296888
R0 [P2] iter 33: PRE-JOIN GPU mem: 82.6GB free / 85.1GB total | delta_size=2737232 full_size=207296888
R0 [P2] iter 33: join done, raw=2724621 result_size=2719467
R0 [P2] iter 33: split done, delta_size=2719467
R0 [P2] iter 33: dedup done, delta_size=2719467
R0 [P2] iter 33: subtract done, delta_size=2642998
R0 [P2] iter 33: merge done, full_size=209939886
R0 [P2] iter 34 done: global_full_size=209939886
R0 [P2] iter 34: PRE-JOIN GPU mem: 82.6GB free / 85.1GB total | delta_size=2642998 full_size=209939886
R0 [P2] iter 34: join done, raw=2631244 result_size=2626378
R0 [P2] iter 34: split done, delta_size=2626378
R0 [P2] iter 34: dedup done, delta_size=2626378
R0 [P2] iter 34: subtract done, delta_size=2553132
R0 [P2] iter 34: merge done, full_size=212493018
R0 [P2] iter 35 done: global_full_size=212493018
R0 [P2] iter 35: PRE-JOIN GPU mem: 82.6GB free / 85.1GB total | delta_size=2553132 full_size=212493018
R0 [P2] iter 35: join done, raw=2542352 result_size=2537728
R0 [P2] iter 35: split done, delta_size=2537728
R0 [P2] iter 35: dedup done, delta_size=2537728
R0 [P2] iter 35: subtract done, delta_size=2467574
R0 [P2] iter 35: merge done, full_size=214960592
R0 [P2] iter 36 done: global_full_size=214960592
R0 [P2] iter 36: PRE-JOIN GPU mem: 82.5GB free / 85.1GB total | delta_size=2467574 full_size=214960592
R0 [P2] iter 36: join done, raw=2457128 result_size=2452724
R0 [P2] iter 36: split done, delta_size=2452724
R0 [P2] iter 36: dedup done, delta_size=2452724
R0 [P2] iter 36: subtract done, delta_size=2385406
R0 [P2] iter 36: merge done, full_size=217345998
R0 [P2] iter 37 done: global_full_size=217345998
R0 [P2] iter 37: PRE-JOIN GPU mem: 82.5GB free / 85.1GB total | delta_size=2385406 full_size=217345998
R0 [P2] iter 37: join done, raw=2375969 result_size=2371763
R0 [P2] iter 37: split done, delta_size=2371763
R0 [P2] iter 37: dedup done, delta_size=2371763
R0 [P2] iter 37: subtract done, delta_size=2307178
R0 [P2] iter 37: merge done, full_size=219653176
R0 [P2] iter 38 done: global_full_size=219653176
R0 [P2] iter 38: PRE-JOIN GPU mem: 82.5GB free / 85.1GB total | delta_size=2307178 full_size=219653176
R0 [P2] iter 38: join done, raw=2298261 result_size=2294244
R0 [P2] iter 38: split done, delta_size=2294244
R0 [P2] iter 38: dedup done, delta_size=2294244
R0 [P2] iter 38: subtract done, delta_size=2232223
R0 [P2] iter 38: merge done, full_size=221885399
R0 [P2] iter 39 done: global_full_size=221885399
R0 [P2] iter 39: PRE-JOIN GPU mem: 82.5GB free / 85.1GB total | delta_size=2232223 full_size=221885399
R0 [P2] iter 39: join done, raw=2223796 result_size=2219984
R0 [P2] iter 39: split done, delta_size=2219984
R0 [P2] iter 39: dedup done, delta_size=2219984
R0 [P2] iter 39: subtract done, delta_size=2160443
R0 [P2] iter 39: merge done, full_size=224045842
R0 [P2] iter 40 done: global_full_size=224045842
R0 [P2] iter 40: PRE-JOIN GPU mem: 82.5GB free / 85.1GB total | delta_size=2160443 full_size=224045842
R0 [P2] iter 40: join done, raw=2152486 result_size=2148863
R0 [P2] iter 40: split done, delta_size=2148863
R0 [P2] iter 40: dedup done, delta_size=2148863
R0 [P2] iter 40: subtract done, delta_size=2091703
R0 [P2] iter 40: merge done, full_size=226137545
R0 [P2] iter 41 done: global_full_size=226137545
R0 [P2] iter 41: PRE-JOIN GPU mem: 82.4GB free / 85.1GB total | delta_size=2091703 full_size=226137545
R0 [P2] iter 41: join done, raw=2084094 result_size=2080628
R0 [P2] iter 41: split done, delta_size=2080628
R0 [P2] iter 41: dedup done, delta_size=2080628
R0 [P2] iter 41: subtract done, delta_size=2025824
R0 [P2] iter 41: merge done, full_size=228163369
R0 [P2] iter 42 done: global_full_size=228163369
R0 [P2] iter 42: PRE-JOIN GPU mem: 82.4GB free / 85.1GB total | delta_size=2025824 full_size=228163369
R0 [P2] iter 42: join done, raw=2018514 result_size=2015199
R0 [P2] iter 42: split done, delta_size=2015199
R0 [P2] iter 42: dedup done, delta_size=2015199
R0 [P2] iter 42: subtract done, delta_size=1962641
R0 [P2] iter 42: merge done, full_size=230126010
R0 [P2] iter 43 done: global_full_size=230126010
R0 [P2] iter 43: PRE-JOIN GPU mem: 82.4GB free / 85.1GB total | delta_size=1962641 full_size=230126010
R0 [P2] iter 43: join done, raw=1955828 result_size=1952666
R0 [P2] iter 43: split done, delta_size=1952666
R0 [P2] iter 43: dedup done, delta_size=1952666
R0 [P2] iter 43: subtract done, delta_size=1902297
R0 [P2] iter 43: merge done, full_size=232028307
R0 [P2] iter 44 done: global_full_size=232028307
R0 [P2] iter 44: PRE-JOIN GPU mem: 82.4GB free / 85.1GB total | delta_size=1902297 full_size=232028307
R0 [P2] iter 44: join done, raw=1896088 result_size=1893064
R0 [P2] iter 44: split done, delta_size=1893064
R0 [P2] iter 44: dedup done, delta_size=1893064
R0 [P2] iter 44: subtract done, delta_size=1844676
R0 [P2] iter 44: merge done, full_size=233872983
R0 [P2] iter 45 done: global_full_size=233872983
R0 [P2] iter 45: PRE-JOIN GPU mem: 82.4GB free / 85.1GB total | delta_size=1844676 full_size=233872983
R0 [P2] iter 45: join done, raw=1838745 result_size=1835856
R0 [P2] iter 45: split done, delta_size=1835856
R0 [P2] iter 45: dedup done, delta_size=1835856
R0 [P2] iter 45: subtract done, delta_size=1789364
R0 [P2] iter 45: merge done, full_size=235662347
R0 [P2] iter 46 done: global_full_size=235662347
R0 [P2] iter 46: PRE-JOIN GPU mem: 82.4GB free / 85.1GB total | delta_size=1789364 full_size=235662347
R0 [P2] iter 46: join done, raw=1783616 result_size=1780856
R0 [P2] iter 46: split done, delta_size=1780856
R0 [P2] iter 46: dedup done, delta_size=1780856
R0 [P2] iter 46: subtract done, delta_size=1736175
R0 [P2] iter 46: merge done, full_size=237398522
R0 [P2] iter 47 done: global_full_size=237398522
R0 [P2] iter 47: PRE-JOIN GPU mem: 82.4GB free / 85.1GB total | delta_size=1736175 full_size=237398522
R0 [P2] iter 47: join done, raw=1730656 result_size=1728032
R0 [P2] iter 47: split done, delta_size=1728032
R0 [P2] iter 47: dedup done, delta_size=1728032
R0 [P2] iter 47: subtract done, delta_size=1685072
R0 [P2] iter 47: merge done, full_size=239083594
R0 [P2] iter 48 done: global_full_size=239083594
R0 [P2] iter 48: PRE-JOIN GPU mem: 82.3GB free / 85.1GB total | delta_size=1685072 full_size=239083594
R0 [P2] iter 48: join done, raw=1679726 result_size=1677194
R0 [P2] iter 48: split done, delta_size=1677194
R0 [P2] iter 48: dedup done, delta_size=1677194
R0 [P2] iter 48: subtract done, delta_size=1635829
R0 [P2] iter 48: merge done, full_size=240719423
R0 [P2] iter 49 done: global_full_size=240719423
R0 [P2] iter 49: PRE-JOIN GPU mem: 82.3GB free / 85.1GB total | delta_size=1635829 full_size=240719423
R0 [P2] iter 49: join done, raw=1630873 result_size=1628434
R0 [P2] iter 49: split done, delta_size=1628434
R0 [P2] iter 49: dedup done, delta_size=1628434
R0 [P2] iter 49: subtract done, delta_size=1588590
R0 [P2] iter 49: merge done, full_size=242308013
R0 [P2] iter 50 done: global_full_size=242308013
R0 [P2] iter 50: PRE-JOIN GPU mem: 82.3GB free / 85.1GB total | delta_size=1588590 full_size=242308013
R0 [P2] iter 50: join done, raw=1583795 result_size=1581455
R0 [P2] iter 50: split done, delta_size=1581455
R0 [P2] iter 50: dedup done, delta_size=1581455
R0 [P2] iter 50: subtract done, delta_size=1543102
R0 [P2] iter 50: merge done, full_size=243851115
R0 [P2] iter 51 done: global_full_size=243851115
R0 [P2] iter 51: PRE-JOIN GPU mem: 82.3GB free / 85.1GB total | delta_size=1543102 full_size=243851115
R0 [P2] iter 51: join done, raw=1538738 result_size=1536497
R0 [P2] iter 51: split done, delta_size=1536497
R0 [P2] iter 51: dedup done, delta_size=1536497
R0 [P2] iter 51: subtract done, delta_size=1499463
R0 [P2] iter 51: merge done, full_size=245350578
R0 [P2] iter 52 done: global_full_size=245350578
R0 [P2] iter 52: PRE-JOIN GPU mem: 82.3GB free / 85.1GB total | delta_size=1499463 full_size=245350578
R0 [P2] iter 52: join done, raw=1495256 result_size=1493095
R0 [P2] iter 52: split done, delta_size=1493095
R0 [P2] iter 52: dedup done, delta_size=1493095
R0 [P2] iter 52: subtract done, delta_size=1457331
R0 [P2] iter 52: merge done, full_size=246807909
R0 [P2] iter 53 done: global_full_size=246807909
R0 [P2] iter 53: PRE-JOIN GPU mem: 82.3GB free / 85.1GB total | delta_size=1457331 full_size=246807909
R0 [P2] iter 53: join done, raw=1453159 result_size=1451086
R0 [P2] iter 53: split done, delta_size=1451086
R0 [P2] iter 53: dedup done, delta_size=1451086
R0 [P2] iter 53: subtract done, delta_size=1416616
R0 [P2] iter 53: merge done, full_size=248224525
R0 [P2] iter 54 done: global_full_size=248224525
R0 [P2] iter 54: PRE-JOIN GPU mem: 82.3GB free / 85.1GB total | delta_size=1416616 full_size=248224525
R0 [P2] iter 54: join done, raw=1412622 result_size=1410644
R0 [P2] iter 54: split done, delta_size=1410644
R0 [P2] iter 54: dedup done, delta_size=1410644
R0 [P2] iter 54: subtract done, delta_size=1377441
R0 [P2] iter 54: merge done, full_size=249601966
R0 [P2] iter 55 done: global_full_size=249601966
R0 [P2] iter 55: PRE-JOIN GPU mem: 82.3GB free / 85.1GB total | delta_size=1377441 full_size=249601966
R0 [P2] iter 55: join done, raw=1373822 result_size=1371923
R0 [P2] iter 55: split done, delta_size=1371923
R0 [P2] iter 55: dedup done, delta_size=1371923
R0 [P2] iter 55: subtract done, delta_size=1339895
R0 [P2] iter 55: merge done, full_size=250941861
R0 [P2] iter 56 done: global_full_size=250941861
R0 [P2] iter 56: PRE-JOIN GPU mem: 82.3GB free / 85.1GB total | delta_size=1339895 full_size=250941861
R0 [P2] iter 56: join done, raw=1336390 result_size=1334573
R0 [P2] iter 56: split done, delta_size=1334573
R0 [P2] iter 56: dedup done, delta_size=1334573
R0 [P2] iter 56: subtract done, delta_size=1303671
R0 [P2] iter 56: merge done, full_size=252245532
R0 [P2] iter 57 done: global_full_size=252245532
R0 [P2] iter 57: PRE-JOIN GPU mem: 82.2GB free / 85.1GB total | delta_size=1303671 full_size=252245532
R0 [P2] iter 57: join done, raw=1300369 result_size=1298626
R0 [P2] iter 57: split done, delta_size=1298626
R0 [P2] iter 57: dedup done, delta_size=1298626
R0 [P2] iter 57: subtract done, delta_size=1268787
R0 [P2] iter 57: merge done, full_size=253514319
R0 [P2] iter 58 done: global_full_size=253514319
R0 [P2] iter 58: PRE-JOIN GPU mem: 82.2GB free / 85.1GB total | delta_size=1268787 full_size=253514319
R0 [P2] iter 58: join done, raw=1265612 result_size=1263922
R0 [P2] iter 58: split done, delta_size=1263922
R0 [P2] iter 58: dedup done, delta_size=1263922
R0 [P2] iter 58: subtract done, delta_size=1235132
R0 [P2] iter 58: merge done, full_size=254749451
R0 [P2] iter 59 done: global_full_size=254749451
R0 [P2] iter 59: PRE-JOIN GPU mem: 82.2GB free / 85.1GB total | delta_size=1235132 full_size=254749451
R0 [P2] iter 59: join done, raw=1232072 result_size=1230430
R0 [P2] iter 59: split done, delta_size=1230430
R0 [P2] iter 59: dedup done, delta_size=1230430
R0 [P2] iter 59: subtract done, delta_size=1202638
R0 [P2] iter 59: merge done, full_size=255952089
R0 [P2] iter 60 done: global_full_size=255952089
R0 [P2] iter 60: PRE-JOIN GPU mem: 82.2GB free / 85.1GB total | delta_size=1202638 full_size=255952089
R0 [P2] iter 60: join done, raw=1199623 result_size=1198039
R0 [P2] iter 60: split done, delta_size=1198039
R0 [P2] iter 60: dedup done, delta_size=1198039
R0 [P2] iter 60: subtract done, delta_size=1171147
R0 [P2] iter 60: merge done, full_size=257123236
R0 [P2] iter 61 done: global_full_size=257123236
R0 [P2] iter 61: PRE-JOIN GPU mem: 82.2GB free / 85.1GB total | delta_size=1171147 full_size=257123236
R0 [P2] iter 61: join done, raw=1168193 result_size=1166675
R0 [P2] iter 61: split done, delta_size=1166675
R0 [P2] iter 61: dedup done, delta_size=1166675
R0 [P2] iter 61: subtract done, delta_size=1140670
R0 [P2] iter 61: merge done, full_size=258263906
R0 [P2] iter 62 done: global_full_size=258263906
R0 [P2] iter 62: PRE-JOIN GPU mem: 82.2GB free / 85.1GB total | delta_size=1140670 full_size=258263906
R0 [P2] iter 62: join done, raw=1137663 result_size=1136195
R0 [P2] iter 62: split done, delta_size=1136195
R0 [P2] iter 62: dedup done, delta_size=1136195
R0 [P2] iter 62: subtract done, delta_size=1111001
R0 [P2] iter 62: merge done, full_size=259374907
R0 [P2] iter 63 done: global_full_size=259374907
R0 [P2] iter 63: PRE-JOIN GPU mem: 82.2GB free / 85.1GB total | delta_size=1111001 full_size=259374907
R0 [P2] iter 63: join done, raw=1108138 result_size=1106723
R0 [P2] iter 63: split done, delta_size=1106723
R0 [P2] iter 63: dedup done, delta_size=1106723
R0 [P2] iter 63: subtract done, delta_size=1082399
R0 [P2] iter 63: merge done, full_size=260457306
R0 [P2] iter 64 done: global_full_size=260457306
R0 [P2] iter 64: PRE-JOIN GPU mem: 82.2GB free / 85.1GB total | delta_size=1082399 full_size=260457306
R0 [P2] iter 64: join done, raw=1079496 result_size=1078130
R0 [P2] iter 64: split done, delta_size=1078130
R0 [P2] iter 64: dedup done, delta_size=1078130
R0 [P2] iter 64: subtract done, delta_size=1054619
R0 [P2] iter 64: merge done, full_size=261511925
R0 [P2] iter 65 done: global_full_size=261511925
R0 [P2] iter 65: PRE-JOIN GPU mem: 82.2GB free / 85.1GB total | delta_size=1054619 full_size=261511925
R0 [P2] iter 65: join done, raw=1051898 result_size=1050579
R0 [P2] iter 65: split done, delta_size=1050579
R0 [P2] iter 65: dedup done, delta_size=1050579
R0 [P2] iter 65: subtract done, delta_size=1027802
R0 [P2] iter 65: merge done, full_size=262539727
R0 [P2] iter 66 done: global_full_size=262539727
R0 [P2] iter 66: PRE-JOIN GPU mem: 82.2GB free / 85.1GB total | delta_size=1027802 full_size=262539727
R0 [P2] iter 66: join done, raw=1025258 result_size=1023992
R0 [P2] iter 66: split done, delta_size=1023992
R0 [P2] iter 66: dedup done, delta_size=1023992
R0 [P2] iter 66: subtract done, delta_size=1001914
R0 [P2] iter 66: merge done, full_size=263541641
R0 [P2] iter 67 done: global_full_size=263541641
R0 [P2] iter 67: PRE-JOIN GPU mem: 82.2GB free / 85.1GB total | delta_size=1001914 full_size=263541641
R0 [P2] iter 67: join done, raw=999454 result_size=998227
R0 [P2] iter 67: split done, delta_size=998227
R0 [P2] iter 67: dedup done, delta_size=998227
R0 [P2] iter 67: subtract done, delta_size=976865
R0 [P2] iter 67: merge done, full_size=264518506
R0 [P2] iter 68 done: global_full_size=264518506
R0 [P2] iter 68: PRE-JOIN GPU mem: 82.1GB free / 85.1GB total | delta_size=976865 full_size=264518506
R0 [P2] iter 68: join done, raw=974565 result_size=973386
R0 [P2] iter 68: split done, delta_size=973386
R0 [P2] iter 68: dedup done, delta_size=973386
R0 [P2] iter 68: subtract done, delta_size=952708
R0 [P2] iter 68: merge done, full_size=265471214
R0 [P2] iter 69 done: global_full_size=265471214
R0 [P2] iter 69: PRE-JOIN GPU mem: 82.1GB free / 85.1GB total | delta_size=952708 full_size=265471214
R0 [P2] iter 69: join done, raw=950412 result_size=949273
R0 [P2] iter 69: split done, delta_size=949273
R0 [P2] iter 69: dedup done, delta_size=949273
R0 [P2] iter 69: subtract done, delta_size=929295
R0 [P2] iter 69: merge done, full_size=266400509
R0 [P2] iter 70 done: global_full_size=266400509
R0 [P2] iter 70: PRE-JOIN GPU mem: 82.1GB free / 85.1GB total | delta_size=929295 full_size=266400509
R0 [P2] iter 70: join done, raw=927074 result_size=925968
R0 [P2] iter 70: split done, delta_size=925968
R0 [P2] iter 70: dedup done, delta_size=925968
R0 [P2] iter 70: subtract done, delta_size=906569
R0 [P2] iter 70: merge done, full_size=267307078
R0 [P2] iter 71 done: global_full_size=267307078
R0 [P2] iter 71: PRE-JOIN GPU mem: 82.1GB free / 85.1GB total | delta_size=906569 full_size=267307078
R0 [P2] iter 71: join done, raw=904395 result_size=903331
R0 [P2] iter 71: split done, delta_size=903331
R0 [P2] iter 71: dedup done, delta_size=903331
R0 [P2] iter 71: subtract done, delta_size=884520
R0 [P2] iter 71: merge done, full_size=268191598
R0 [P2] iter 72 done: global_full_size=268191598
R0 [P2] iter 72: PRE-JOIN GPU mem: 82.1GB free / 85.1GB total | delta_size=884520 full_size=268191598
R0 [P2] iter 72: join done, raw=882456 result_size=881435
R0 [P2] iter 72: split done, delta_size=881435
R0 [P2] iter 72: dedup done, delta_size=881435
R0 [P2] iter 72: subtract done, delta_size=863191
R0 [P2] iter 72: merge done, full_size=269054789
R0 [P2] iter 73 done: global_full_size=269054789
R0 [P2] iter 73: PRE-JOIN GPU mem: 82.1GB free / 85.1GB total | delta_size=863191 full_size=269054789
R0 [P2] iter 73: join done, raw=861252 result_size=860259
R0 [P2] iter 73: split done, delta_size=860259
R0 [P2] iter 73: dedup done, delta_size=860259
R0 [P2] iter 73: subtract done, delta_size=842528
R0 [P2] iter 73: merge done, full_size=269897317
R0 [P2] iter 74 done: global_full_size=269897317
R0 [P2] iter 74: PRE-JOIN GPU mem: 82.1GB free / 85.1GB total | delta_size=842528 full_size=269897317
R0 [P2] iter 74: join done, raw=840704 result_size=839740
R0 [P2] iter 74: split done, delta_size=839740
R0 [P2] iter 74: dedup done, delta_size=839740
R0 [P2] iter 74: subtract done, delta_size=822578
R0 [P2] iter 74: merge done, full_size=270719895
R0 [P2] iter 75 done: global_full_size=270719895
R0 [P2] iter 75: PRE-JOIN GPU mem: 82.1GB free / 85.1GB total | delta_size=822578 full_size=270719895
R0 [P2] iter 75: join done, raw=820830 result_size=819899
R0 [P2] iter 75: split done, delta_size=819899
R0 [P2] iter 75: dedup done, delta_size=819899
R0 [P2] iter 75: subtract done, delta_size=803231
R0 [P2] iter 75: merge done, full_size=271523126
R0 [P2] iter 76 done: global_full_size=271523126
R0 [P2] iter 76: PRE-JOIN GPU mem: 82.1GB free / 85.1GB total | delta_size=803231 full_size=271523126
R0 [P2] iter 76: join done, raw=801599 result_size=800696
R0 [P2] iter 76: split done, delta_size=800696
R0 [P2] iter 76: dedup done, delta_size=800696
R0 [P2] iter 76: subtract done, delta_size=784511
R0 [P2] iter 76: merge done, full_size=272307637
R0 [P2] iter 77 done: global_full_size=272307637
R0 [P2] iter 77: PRE-JOIN GPU mem: 82.1GB free / 85.1GB total | delta_size=784511 full_size=272307637
R0 [P2] iter 77: join done, raw=782900 result_size=782025
R0 [P2] iter 77: split done, delta_size=782025
R0 [P2] iter 77: dedup done, delta_size=782025
R0 [P2] iter 77: subtract done, delta_size=766285
R0 [P2] iter 77: merge done, full_size=273073922
R0 [P2] iter 78 done: global_full_size=273073922
R0 [P2] iter 78: PRE-JOIN GPU mem: 82.1GB free / 85.1GB total | delta_size=766285 full_size=273073922
R0 [P2] iter 78: join done, raw=764683 result_size=763835
R0 [P2] iter 78: split done, delta_size=763835
R0 [P2] iter 78: dedup done, delta_size=763835
R0 [P2] iter 78: subtract done, delta_size=748543
R0 [P2] iter 78: merge done, full_size=273822465
R0 [P2] iter 79 done: global_full_size=273822465
R0 [P2] iter 79: PRE-JOIN GPU mem: 82.1GB free / 85.1GB total | delta_size=748543 full_size=273822465
R0 [P2] iter 79: join done, raw=747019 result_size=746194
R0 [P2] iter 79: split done, delta_size=746194
R0 [P2] iter 79: dedup done, delta_size=746194
R0 [P2] iter 79: subtract done, delta_size=731357
R0 [P2] iter 79: merge done, full_size=274553822
R0 [P2] iter 80 done: global_full_size=274553822
R0 [P2] iter 80: PRE-JOIN GPU mem: 82.1GB free / 85.1GB total | delta_size=731357 full_size=274553822
R0 [P2] iter 80: join done, raw=729991 result_size=729170
R0 [P2] iter 80: split done, delta_size=729170
R0 [P2] iter 80: dedup done, delta_size=729170
R0 [P2] iter 80: subtract done, delta_size=714737
R0 [P2] iter 80: merge done, full_size=275268559
R0 [P2] iter 81 done: global_full_size=275268559
R0 [P2] iter 81: PRE-JOIN GPU mem: 82.1GB free / 85.1GB total | delta_size=714737 full_size=275268559
R0 [P2] iter 81: join done, raw=713390 result_size=712601
R0 [P2] iter 81: split done, delta_size=712601
R0 [P2] iter 81: dedup done, delta_size=712601
R0 [P2] iter 81: subtract done, delta_size=698547
R0 [P2] iter 81: merge done, full_size=275967106
R0 [P2] iter 82 done: global_full_size=275967106
R0 [P2] iter 82: PRE-JOIN GPU mem: 82.1GB free / 85.1GB total | delta_size=698547 full_size=275967106
R0 [P2] iter 82: join done, raw=697113 result_size=696349
R0 [P2] iter 82: split done, delta_size=696349
R0 [P2] iter 82: dedup done, delta_size=696349
R0 [P2] iter 82: subtract done, delta_size=682720
R0 [P2] iter 82: merge done, full_size=276649826
R0 [P2] iter 83 done: global_full_size=276649826
R0 [P2] iter 83: PRE-JOIN GPU mem: 82.1GB free / 85.1GB total | delta_size=682720 full_size=276649826
R0 [P2] iter 83: join done, raw=681412 result_size=680671
R0 [P2] iter 83: split done, delta_size=680671
R0 [P2] iter 83: dedup done, delta_size=680671
R0 [P2] iter 83: subtract done, delta_size=667415
R0 [P2] iter 83: merge done, full_size=277317241
R0 [P2] iter 84 done: global_full_size=277317241
R0 [P2] iter 84: PRE-JOIN GPU mem: 82.1GB free / 85.1GB total | delta_size=667415 full_size=277317241
R0 [P2] iter 84: join done, raw=666114 result_size=665401
R0 [P2] iter 84: split done, delta_size=665401
R0 [P2] iter 84: dedup done, delta_size=665401
R0 [P2] iter 84: subtract done, delta_size=652499
R0 [P2] iter 84: merge done, full_size=277969740
R0 [P2] iter 85 done: global_full_size=277969740
R0 [P2] iter 85: PRE-JOIN GPU mem: 82.0GB free / 85.1GB total | delta_size=652499 full_size=277969740
R0 [P2] iter 85: join done, raw=651205 result_size=650525
R0 [P2] iter 85: split done, delta_size=650525
R0 [P2] iter 85: dedup done, delta_size=650525
R0 [P2] iter 85: subtract done, delta_size=637957
R0 [P2] iter 85: merge done, full_size=278607697
R0 [P2] iter 86 done: global_full_size=278607697
R0 [P2] iter 86: PRE-JOIN GPU mem: 82.0GB free / 85.1GB total | delta_size=637957 full_size=278607697
R0 [P2] iter 86: join done, raw=636705 result_size=636042
R0 [P2] iter 86: split done, delta_size=636042
R0 [P2] iter 86: dedup done, delta_size=636042
R0 [P2] iter 86: subtract done, delta_size=623884
R0 [P2] iter 86: merge done, full_size=279231581
R0 [P2] iter 87 done: global_full_size=279231581
R0 [P2] iter 87: PRE-JOIN GPU mem: 82.0GB free / 85.1GB total | delta_size=623884 full_size=279231581
R0 [P2] iter 87: join done, raw=622653 result_size=622004
R0 [P2] iter 87: split done, delta_size=622004
R0 [P2] iter 87: dedup done, delta_size=622004
R0 [P2] iter 87: subtract done, delta_size=610179
R0 [P2] iter 87: merge done, full_size=279841760
R0 [P2] iter 88 done: global_full_size=279841760
R0 [P2] iter 88: PRE-JOIN GPU mem: 82.0GB free / 85.1GB total | delta_size=610179 full_size=279841760
R0 [P2] iter 88: join done, raw=609039 result_size=608400
R0 [P2] iter 88: split done, delta_size=608400
R0 [P2] iter 88: dedup done, delta_size=608400
R0 [P2] iter 88: subtract done, delta_size=596886
R0 [P2] iter 88: merge done, full_size=280438646
R0 [P2] iter 89 done: global_full_size=280438646
R0 [P2] iter 89: PRE-JOIN GPU mem: 82.0GB free / 85.1GB total | delta_size=596886 full_size=280438646
R0 [P2] iter 89: join done, raw=595808 result_size=595194
R0 [P2] iter 89: split done, delta_size=595194
R0 [P2] iter 89: dedup done, delta_size=595194
R0 [P2] iter 89: subtract done, delta_size=583994
R0 [P2] iter 89: merge done, full_size=281022640
R0 [P2] iter 90 done: global_full_size=281022640
R0 [P2] iter 90: PRE-JOIN GPU mem: 82.0GB free / 85.1GB total | delta_size=583994 full_size=281022640
R0 [P2] iter 90: join done, raw=582946 result_size=582343
R0 [P2] iter 90: split done, delta_size=582343
R0 [P2] iter 90: dedup done, delta_size=582343
R0 [P2] iter 90: subtract done, delta_size=571458
R0 [P2] iter 90: merge done, full_size=281594098
R0 [P2] iter 91 done: global_full_size=281594098
R0 [P2] iter 91: PRE-JOIN GPU mem: 82.0GB free / 85.1GB total | delta_size=571458 full_size=281594098
R0 [P2] iter 91: join done, raw=570529 result_size=569939
R0 [P2] iter 91: split done, delta_size=569939
R0 [P2] iter 91: dedup done, delta_size=569939
R0 [P2] iter 91: subtract done, delta_size=559334
R0 [P2] iter 91: merge done, full_size=282153432
R0 [P2] iter 92 done: global_full_size=282153432
R0 [P2] iter 92: PRE-JOIN GPU mem: 82.0GB free / 85.1GB total | delta_size=559334 full_size=282153432
R0 [P2] iter 92: join done, raw=558500 result_size=557926
R0 [P2] iter 92: split done, delta_size=557926
R0 [P2] iter 92: dedup done, delta_size=557926
R0 [P2] iter 92: subtract done, delta_size=547594
R0 [P2] iter 92: merge done, full_size=282701026
R0 [P2] iter 93 done: global_full_size=282701026
R0 [P2] iter 93: PRE-JOIN GPU mem: 82.0GB free / 85.1GB total | delta_size=547594 full_size=282701026
R0 [P2] iter 93: join done, raw=546738 result_size=546174
R0 [P2] iter 93: split done, delta_size=546174
R0 [P2] iter 93: dedup done, delta_size=546174
R0 [P2] iter 93: subtract done, delta_size=536118
R0 [P2] iter 93: merge done, full_size=283237144
R0 [P2] iter 94 done: global_full_size=283237144
R0 [P2] iter 94: PRE-JOIN GPU mem: 82.0GB free / 85.1GB total | delta_size=536118 full_size=283237144
R0 [P2] iter 94: join done, raw=535291 result_size=534741
R0 [P2] iter 94: split done, delta_size=534741
R0 [P2] iter 94: dedup done, delta_size=534741
R0 [P2] iter 94: subtract done, delta_size=524931
R0 [P2] iter 94: merge done, full_size=283762075
R0 [P2] iter 95 done: global_full_size=283762075
R0 [P2] iter 95: PRE-JOIN GPU mem: 82.0GB free / 85.1GB total | delta_size=524931 full_size=283762075
R0 [P2] iter 95: join done, raw=524080 result_size=523540
R0 [P2] iter 95: split done, delta_size=523540
R0 [P2] iter 95: dedup done, delta_size=523540
R0 [P2] iter 95: subtract done, delta_size=513935
R0 [P2] iter 95: merge done, full_size=284276010
R0 [P2] iter 96 done: global_full_size=284276010
R0 [P2] iter 96: PRE-JOIN GPU mem: 82.0GB free / 85.1GB total | delta_size=513935 full_size=284276010
R0 [P2] iter 96: join done, raw=513169 result_size=512644
R0 [P2] iter 96: split done, delta_size=512644
R0 [P2] iter 96: dedup done, delta_size=512644
R0 [P2] iter 96: subtract done, delta_size=503279
R0 [P2] iter 96: merge done, full_size=284779289
R0 [P2] iter 97 done: global_full_size=284779289
R0 [P2] iter 97: PRE-JOIN GPU mem: 82.0GB free / 85.1GB total | delta_size=503279 full_size=284779289
R0 [P2] iter 97: join done, raw=502532 result_size=502022
R0 [P2] iter 97: split done, delta_size=502022
R0 [P2] iter 97: dedup done, delta_size=502022
R0 [P2] iter 97: subtract done, delta_size=492906
R0 [P2] iter 97: merge done, full_size=285272195
R0 [P2] iter 98 done: global_full_size=285272195
R0 [P2] iter 98: PRE-JOIN GPU mem: 82.0GB free / 85.1GB total | delta_size=492906 full_size=285272195
R0 [P2] iter 98: join done, raw=492157 result_size=491663
R0 [P2] iter 98: split done, delta_size=491663
R0 [P2] iter 98: dedup done, delta_size=491663
R0 [P2] iter 98: subtract done, delta_size=482769
R0 [P2] iter 98: merge done, full_size=285754964
R0 [P2] iter 99 done: global_full_size=285754964
R0 [P2] iter 99: PRE-JOIN GPU mem: 82.0GB free / 85.1GB total | delta_size=482769 full_size=285754964
R0 [P2] iter 99: join done, raw=482044 result_size=481562
R0 [P2] iter 99: split done, delta_size=481562
R0 [P2] iter 99: dedup done, delta_size=481562
R0 [P2] iter 99: subtract done, delta_size=472903
R0 [P2] iter 99: merge done, full_size=286227867
R0 [P2] iter 100 done: global_full_size=286227867
R0 [P2] iter 100: PRE-JOIN GPU mem: 82.0GB free / 85.1GB total | delta_size=472903 full_size=286227867
R0 [P2] iter 100: join done, raw=472143 result_size=471680
R0 [P2] iter 100: split done, delta_size=471680
R0 [P2] iter 100: dedup done, delta_size=471680
R0 [P2] iter 100: subtract done, delta_size=463230
R0 [P2] iter 100: merge done, full_size=286691097
R0 [P2] iter 101 done: global_full_size=286691097
R0 [P2] iter 101: PRE-JOIN GPU mem: 82.0GB free / 85.1GB total | delta_size=463230 full_size=286691097
R0 [P2] iter 101: join done, raw=462519 result_size=462064
R0 [P2] iter 101: split done, delta_size=462064
R0 [P2] iter 101: dedup done, delta_size=462064
R0 [P2] iter 101: subtract done, delta_size=453825
R0 [P2] iter 101: merge done, full_size=287144922
R0 [P2] iter 102 done: global_full_size=287144922
R0 [P2] iter 102: PRE-JOIN GPU mem: 82.0GB free / 85.1GB total | delta_size=453825 full_size=287144922
R0 [P2] iter 102: join done, raw=453153 result_size=452704
R0 [P2] iter 102: split done, delta_size=452704
R0 [P2] iter 102: dedup done, delta_size=452704
R0 [P2] iter 102: subtract done, delta_size=444649
R0 [P2] iter 102: merge done, full_size=287589571
R0 [P2] iter 103 done: global_full_size=287589571
R0 [P2] iter 103: PRE-JOIN GPU mem: 82.0GB free / 85.1GB total | delta_size=444649 full_size=287589571
R0 [P2] iter 103: join done, raw=443998 result_size=443560
R0 [P2] iter 103: split done, delta_size=443560
R0 [P2] iter 103: dedup done, delta_size=443560
R0 [P2] iter 103: subtract done, delta_size=435694
R0 [P2] iter 103: merge done, full_size=288025265
R0 [P2] iter 104 done: global_full_size=288025265
R0 [P2] iter 104: PRE-JOIN GPU mem: 82.0GB free / 85.1GB total | delta_size=435694 full_size=288025265
R0 [P2] iter 104: join done, raw=435121 result_size=434694
R0 [P2] iter 104: split done, delta_size=434694
R0 [P2] iter 104: dedup done, delta_size=434694
R0 [P2] iter 104: subtract done, delta_size=426996
R0 [P2] iter 104: merge done, full_size=288452261
R0 [P2] iter 105 done: global_full_size=288452261
R0 [P2] iter 105: PRE-JOIN GPU mem: 82.0GB free / 85.1GB total | delta_size=426996 full_size=288452261
R0 [P2] iter 105: join done, raw=426483 result_size=426062
R0 [P2] iter 105: split done, delta_size=426062
R0 [P2] iter 105: dedup done, delta_size=426062
R0 [P2] iter 105: subtract done, delta_size=418559
R0 [P2] iter 105: merge done, full_size=288870820
R0 [P2] iter 106 done: global_full_size=288870820
R0 [P2] iter 106: PRE-JOIN GPU mem: 82.0GB free / 85.1GB total | delta_size=418559 full_size=288870820
R0 [P2] iter 106: join done, raw=417986 result_size=417572
R0 [P2] iter 106: split done, delta_size=417572
R0 [P2] iter 106: dedup done, delta_size=417572
R0 [P2] iter 106: subtract done, delta_size=410260
R0 [P2] iter 106: merge done, full_size=289281080
R0 [P2] iter 107 done: global_full_size=289281080
R0 [P2] iter 107: PRE-JOIN GPU mem: 82.0GB free / 85.1GB total | delta_size=410260 full_size=289281080
R0 [P2] iter 107: join done, raw=409718 result_size=409313
R0 [P2] iter 107: split done, delta_size=409313
R0 [P2] iter 107: dedup done, delta_size=409313
R0 [P2] iter 107: subtract done, delta_size=402159
R0 [P2] iter 107: merge done, full_size=289683239
R0 [P2] iter 108 done: global_full_size=289683239
R0 [P2] iter 108: PRE-JOIN GPU mem: 82.0GB free / 85.1GB total | delta_size=402159 full_size=289683239
R0 [P2] iter 108: join done, raw=401658 result_size=401266
R0 [P2] iter 108: split done, delta_size=401266
R0 [P2] iter 108: dedup done, delta_size=401266
R0 [P2] iter 108: subtract done, delta_size=394267
R0 [P2] iter 108: merge done, full_size=290077506
R0 [P2] iter 109 done: global_full_size=290077506
R0 [P2] iter 109: PRE-JOIN GPU mem: 82.0GB free / 85.1GB total | delta_size=394267 full_size=290077506
R0 [P2] iter 109: join done, raw=393787 result_size=393402
R0 [P2] iter 109: split done, delta_size=393402
R0 [P2] iter 109: dedup done, delta_size=393402
R0 [P2] iter 109: subtract done, delta_size=386569
R0 [P2] iter 109: merge done, full_size=290464075
R0 [P2] iter 110 done: global_full_size=290464075
R0 [P2] iter 110: PRE-JOIN GPU mem: 81.9GB free / 85.1GB total | delta_size=386569 full_size=290464075
R0 [P2] iter 110: join done, raw=386132 result_size=385749
R0 [P2] iter 110: split done, delta_size=385749
R0 [P2] iter 110: dedup done, delta_size=385749
R0 [P2] iter 110: subtract done, delta_size=379072
R0 [P2] iter 110: merge done, full_size=290843147
R0 [P2] iter 111 done: global_full_size=290843147
R0 [P2] iter 111: PRE-JOIN GPU mem: 81.9GB free / 85.1GB total | delta_size=379072 full_size=290843147
R0 [P2] iter 111: join done, raw=378608 result_size=378229
R0 [P2] iter 111: split done, delta_size=378229
R0 [P2] iter 111: dedup done, delta_size=378229
R0 [P2] iter 111: subtract done, delta_size=371709
R0 [P2] iter 111: merge done, full_size=291214856
R0 [P2] iter 112 done: global_full_size=291214856
R0 [P2] iter 112: PRE-JOIN GPU mem: 81.9GB free / 85.1GB total | delta_size=371709 full_size=291214856
R0 [P2] iter 112: join done, raw=371231 result_size=370864
R0 [P2] iter 112: split done, delta_size=370864
R0 [P2] iter 112: dedup done, delta_size=370864
R0 [P2] iter 112: subtract done, delta_size=364479
R0 [P2] iter 112: merge done, full_size=291579335
R0 [P2] iter 113 done: global_full_size=291579335
R0 [P2] iter 113: PRE-JOIN GPU mem: 81.9GB free / 85.1GB total | delta_size=364479 full_size=291579335
R0 [P2] iter 113: join done, raw=364031 result_size=363672
R0 [P2] iter 113: split done, delta_size=363672
R0 [P2] iter 113: dedup done, delta_size=363672
R0 [P2] iter 113: subtract done, delta_size=357450
R0 [P2] iter 113: merge done, full_size=291936785
R0 [P2] iter 114 done: global_full_size=291936785
R0 [P2] iter 114: PRE-JOIN GPU mem: 81.9GB free / 85.1GB total | delta_size=357450 full_size=291936785
R0 [P2] iter 114: join done, raw=357041 result_size=356691
R0 [P2] iter 114: split done, delta_size=356691
R0 [P2] iter 114: dedup done, delta_size=356691
R0 [P2] iter 114: subtract done, delta_size=350579
R0 [P2] iter 114: merge done, full_size=292287364
R0 [P2] iter 115 done: global_full_size=292287364
R0 [P2] iter 115: PRE-JOIN GPU mem: 81.9GB free / 85.1GB total | delta_size=350579 full_size=292287364
R0 [P2] iter 115: join done, raw=350138 result_size=349796
R0 [P2] iter 115: split done, delta_size=349796
R0 [P2] iter 115: dedup done, delta_size=349796
R0 [P2] iter 115: subtract done, delta_size=343826
R0 [P2] iter 115: merge done, full_size=292631190
R0 [P2] iter 116 done: global_full_size=292631190
R0 [P2] iter 116: PRE-JOIN GPU mem: 81.9GB free / 85.1GB total | delta_size=343826 full_size=292631190
R0 [P2] iter 116: join done, raw=343396 result_size=343059
R0 [P2] iter 116: split done, delta_size=343059
R0 [P2] iter 116: dedup done, delta_size=343059
R0 [P2] iter 116: subtract done, delta_size=337251
R0 [P2] iter 116: merge done, full_size=292968441
R0 [P2] iter 117 done: global_full_size=292968441
R0 [P2] iter 117: PRE-JOIN GPU mem: 81.9GB free / 85.1GB total | delta_size=337251 full_size=292968441
R0 [P2] iter 117: join done, raw=336833 result_size=336508
R0 [P2] iter 117: split done, delta_size=336508
R0 [P2] iter 117: dedup done, delta_size=336508
R0 [P2] iter 117: subtract done, delta_size=330834
R0 [P2] iter 117: merge done, full_size=293299275
R0 [P2] iter 118 done: global_full_size=293299275
R0 [P2] iter 118: PRE-JOIN GPU mem: 81.9GB free / 85.1GB total | delta_size=330834 full_size=293299275
R0 [P2] iter 118: join done, raw=330363 result_size=330044
R0 [P2] iter 118: split done, delta_size=330044
R0 [P2] iter 118: dedup done, delta_size=330044
R0 [P2] iter 118: subtract done, delta_size=324481
R0 [P2] iter 118: merge done, full_size=293623756
R0 [P2] iter 119 done: global_full_size=293623756
R0 [P2] iter 119: PRE-JOIN GPU mem: 81.9GB free / 85.1GB total | delta_size=324481 full_size=293623756
R0 [P2] iter 119: join done, raw=324022 result_size=323713
R0 [P2] iter 119: split done, delta_size=323713
R0 [P2] iter 119: dedup done, delta_size=323713
R0 [P2] iter 119: subtract done, delta_size=318277
R0 [P2] iter 119: merge done, full_size=293942033
R0 [P2] iter 120 done: global_full_size=293942033
R0 [P2] iter 120: PRE-JOIN GPU mem: 81.9GB free / 85.1GB total | delta_size=318277 full_size=293942033
R0 [P2] iter 120: join done, raw=317830 result_size=317530
R0 [P2] iter 120: split done, delta_size=317530
R0 [P2] iter 120: dedup done, delta_size=317530
R0 [P2] iter 120: subtract done, delta_size=312207
R0 [P2] iter 120: merge done, full_size=294254240
R0 [P2] iter 121 done: global_full_size=294254240
R0 [P2] iter 121: PRE-JOIN GPU mem: 81.9GB free / 85.1GB total | delta_size=312207 full_size=294254240
R0 [P2] iter 121: join done, raw=311735 result_size=311441
R0 [P2] iter 121: split done, delta_size=311441
R0 [P2] iter 121: dedup done, delta_size=311441
R0 [P2] iter 121: subtract done, delta_size=306229
R0 [P2] iter 121: merge done, full_size=294560469
R0 [P2] iter 122 done: global_full_size=294560469
R0 [P2] iter 122: PRE-JOIN GPU mem: 81.9GB free / 85.1GB total | delta_size=306229 full_size=294560469
R0 [P2] iter 122: join done, raw=305774 result_size=305483
R0 [P2] iter 122: split done, delta_size=305483
R0 [P2] iter 122: dedup done, delta_size=305483
R0 [P2] iter 122: subtract done, delta_size=300369
R0 [P2] iter 122: merge done, full_size=294860838
R0 [P2] iter 123 done: global_full_size=294860838
R0 [P2] iter 123: PRE-JOIN GPU mem: 81.9GB free / 85.1GB total | delta_size=300369 full_size=294860838
R0 [P2] iter 123: join done, raw=299900 result_size=299612
R0 [P2] iter 123: split done, delta_size=299612
R0 [P2] iter 123: dedup done, delta_size=299612
R0 [P2] iter 123: subtract done, delta_size=294613
R0 [P2] iter 123: merge done, full_size=295155451
R0 [P2] iter 124 done: global_full_size=295155451
R0 [P2] iter 124: PRE-JOIN GPU mem: 81.9GB free / 85.1GB total | delta_size=294613 full_size=295155451
R0 [P2] iter 124: join done, raw=294163 result_size=293877
R0 [P2] iter 124: split done, delta_size=293877
R0 [P2] iter 124: dedup done, delta_size=293877
R0 [P2] iter 124: subtract done, delta_size=288989
R0 [P2] iter 124: merge done, full_size=295444440
R0 [P2] iter 125 done: global_full_size=295444440
R0 [P2] iter 125: PRE-JOIN GPU mem: 81.9GB free / 85.1GB total | delta_size=288989 full_size=295444440
R0 [P2] iter 125: join done, raw=288547 result_size=288267
R0 [P2] iter 125: split done, delta_size=288267
R0 [P2] iter 125: dedup done, delta_size=288267
R0 [P2] iter 125: subtract done, delta_size=283497
R0 [P2] iter 125: merge done, full_size=295727937
R0 [P2] iter 126 done: global_full_size=295727937
R0 [P2] iter 126: PRE-JOIN GPU mem: 81.9GB free / 85.1GB total | delta_size=283497 full_size=295727937
R0 [P2] iter 126: join done, raw=283053 result_size=282776
R0 [P2] iter 126: split done, delta_size=282776
R0 [P2] iter 126: dedup done, delta_size=282776
R0 [P2] iter 126: subtract done, delta_size=278116
R0 [P2] iter 126: merge done, full_size=296006053
R0 [P2] iter 127 done: global_full_size=296006053
R0 [P2] iter 127: PRE-JOIN GPU mem: 81.9GB free / 85.1GB total | delta_size=278116 full_size=296006053
R0 [P2] iter 127: join done, raw=277725 result_size=277452
R0 [P2] iter 127: split done, delta_size=277452
R0 [P2] iter 127: dedup done, delta_size=277452
R0 [P2] iter 127: subtract done, delta_size=272891
R0 [P2] iter 127: merge done, full_size=296278944
R0 [P2] iter 128 done: global_full_size=296278944
R0 [P2] iter 128: PRE-JOIN GPU mem: 81.9GB free / 85.1GB total | delta_size=272891 full_size=296278944
R0 [P2] iter 128: join done, raw=272486 result_size=272220
R0 [P2] iter 128: split done, delta_size=272220
R0 [P2] iter 128: dedup done, delta_size=272220
R0 [P2] iter 128: subtract done, delta_size=267767
R0 [P2] iter 128: merge done, full_size=296546711
R0 [P2] iter 129 done: global_full_size=296546711
R0 [P2] iter 129: PRE-JOIN GPU mem: 81.9GB free / 85.1GB total | delta_size=267767 full_size=296546711
R0 [P2] iter 129: join done, raw=267400 result_size=267140
R0 [P2] iter 129: split done, delta_size=267140
R0 [P2] iter 129: dedup done, delta_size=267140
R0 [P2] iter 129: subtract done, delta_size=262794
R0 [P2] iter 129: merge done, full_size=296809505
R0 [P2] iter 130 done: global_full_size=296809505
R0 [P2] iter 130: PRE-JOIN GPU mem: 81.9GB free / 85.1GB total | delta_size=262794 full_size=296809505
R0 [P2] iter 130: join done, raw=262387 result_size=262134
R0 [P2] iter 130: split done, delta_size=262134
R0 [P2] iter 130: dedup done, delta_size=262134
R0 [P2] iter 130: subtract done, delta_size=257893
R0 [P2] iter 130: merge done, full_size=297067398
R0 [P2] iter 131 done: global_full_size=297067398
R0 [P2] iter 131: PRE-JOIN GPU mem: 81.9GB free / 85.1GB total | delta_size=257893 full_size=297067398
R0 [P2] iter 131: join done, raw=257555 result_size=257308
R0 [P2] iter 131: split done, delta_size=257308
R0 [P2] iter 131: dedup done, delta_size=257308
R0 [P2] iter 131: subtract done, delta_size=253165
R0 [P2] iter 131: merge done, full_size=297320563
R0 [P2] iter 132 done: global_full_size=297320563
R0 [P2] iter 132: PRE-JOIN GPU mem: 81.9GB free / 85.1GB total | delta_size=253165 full_size=297320563
R0 [P2] iter 132: join done, raw=252819 result_size=252577
R0 [P2] iter 132: split done, delta_size=252577
R0 [P2] iter 132: dedup done, delta_size=252577
R0 [P2] iter 132: subtract done, delta_size=248514
R0 [P2] iter 132: merge done, full_size=297569077
R0 [P2] iter 133 done: global_full_size=297569077
R0 [P2] iter 133: PRE-JOIN GPU mem: 81.9GB free / 85.1GB total | delta_size=248514 full_size=297569077
R0 [P2] iter 133: join done, raw=248230 result_size=247993
R0 [P2] iter 133: split done, delta_size=247993
R0 [P2] iter 133: dedup done, delta_size=247993
R0 [P2] iter 133: subtract done, delta_size=244027
R0 [P2] iter 133: merge done, full_size=297813104
R0 [P2] iter 134 done: global_full_size=297813104
R0 [P2] iter 134: PRE-JOIN GPU mem: 81.9GB free / 85.1GB total | delta_size=244027 full_size=297813104
R0 [P2] iter 134: join done, raw=243719 result_size=243489
R0 [P2] iter 134: split done, delta_size=243489
R0 [P2] iter 134: dedup done, delta_size=243489
R0 [P2] iter 134: subtract done, delta_size=239619
R0 [P2] iter 134: merge done, full_size=298052723
R0 [P2] iter 135 done: global_full_size=298052723
R0 [P2] iter 135: PRE-JOIN GPU mem: 81.9GB free / 85.1GB total | delta_size=239619 full_size=298052723
R0 [P2] iter 135: join done, raw=239267 result_size=239043
R0 [P2] iter 135: split done, delta_size=239043
R0 [P2] iter 135: dedup done, delta_size=239043
R0 [P2] iter 135: subtract done, delta_size=235256
R0 [P2] iter 135: merge done, full_size=298287979
R0 [P2] iter 136 done: global_full_size=298287979
R0 [P2] iter 136: PRE-JOIN GPU mem: 81.9GB free / 85.1GB total | delta_size=235256 full_size=298287979
R0 [P2] iter 136: join done, raw=234933 result_size=234713
R0 [P2] iter 136: split done, delta_size=234713
R0 [P2] iter 136: dedup done, delta_size=234713
R0 [P2] iter 136: subtract done, delta_size=231021
R0 [P2] iter 136: merge done, full_size=298519000
R0 [P2] iter 137 done: global_full_size=298519000
R0 [P2] iter 137: PRE-JOIN GPU mem: 81.9GB free / 85.1GB total | delta_size=231021 full_size=298519000
R0 [P2] iter 137: join done, raw=230693 result_size=230479
R0 [P2] iter 137: split done, delta_size=230479
R0 [P2] iter 137: dedup done, delta_size=230479
R0 [P2] iter 137: subtract done, delta_size=226880
R0 [P2] iter 137: merge done, full_size=298745880
R0 [P2] iter 138 done: global_full_size=298745880
R0 [P2] iter 138: PRE-JOIN GPU mem: 81.9GB free / 85.1GB total | delta_size=226880 full_size=298745880
R0 [P2] iter 138: join done, raw=226529 result_size=226319
R0 [P2] iter 138: split done, delta_size=226319
R0 [P2] iter 138: dedup done, delta_size=226319
R0 [P2] iter 138: subtract done, delta_size=222783
R0 [P2] iter 138: merge done, full_size=298968663
R0 [P2] iter 139 done: global_full_size=298968663
R0 [P2] iter 139: PRE-JOIN GPU mem: 81.9GB free / 85.1GB total | delta_size=222783 full_size=298968663
R0 [P2] iter 139: join done, raw=222458 result_size=222255
R0 [P2] iter 139: split done, delta_size=222255
R0 [P2] iter 139: dedup done, delta_size=222255
R0 [P2] iter 139: subtract done, delta_size=218791
R0 [P2] iter 139: merge done, full_size=299187454
R0 [P2] iter 140 done: global_full_size=299187454
R0 [P2] iter 140: PRE-JOIN GPU mem: 81.9GB free / 85.1GB total | delta_size=218791 full_size=299187454
R0 [P2] iter 140: join done, raw=218485 result_size=218289
R0 [P2] iter 140: split done, delta_size=218289
R0 [P2] iter 140: dedup done, delta_size=218289
R0 [P2] iter 140: subtract done, delta_size=214876
R0 [P2] iter 140: merge done, full_size=299402330
R0 [P2] iter 141 done: global_full_size=299402330
R0 [P2] iter 141: PRE-JOIN GPU mem: 81.9GB free / 85.1GB total | delta_size=214876 full_size=299402330
R0 [P2] iter 141: join done, raw=214567 result_size=214377
R0 [P2] iter 141: split done, delta_size=214377
R0 [P2] iter 141: dedup done, delta_size=214377
R0 [P2] iter 141: subtract done, delta_size=211035
R0 [P2] iter 141: merge done, full_size=299613365
R0 [P2] iter 142 done: global_full_size=299613365
R0 [P2] iter 142: PRE-JOIN GPU mem: 81.9GB free / 85.1GB total | delta_size=211035 full_size=299613365
R0 [P2] iter 142: join done, raw=210713 result_size=210526
R0 [P2] iter 142: split done, delta_size=210526
R0 [P2] iter 142: dedup done, delta_size=210526
R0 [P2] iter 142: subtract done, delta_size=207238
R0 [P2] iter 142: merge done, full_size=299820603
R0 [P2] iter 143 done: global_full_size=299820603
R0 [P2] iter 143: PRE-JOIN GPU mem: 81.9GB free / 85.1GB total | delta_size=207238 full_size=299820603
R0 [P2] iter 143: join done, raw=206963 result_size=206778
R0 [P2] iter 143: split done, delta_size=206778
R0 [P2] iter 143: dedup done, delta_size=206778
R0 [P2] iter 143: subtract done, delta_size=203554
R0 [P2] iter 143: merge done, full_size=300024157
R0 [P2] iter 144 done: global_full_size=300024157
R0 [P2] iter 144: PRE-JOIN GPU mem: 81.9GB free / 85.1GB total | delta_size=203554 full_size=300024157
R0 [P2] iter 144: join done, raw=203262 result_size=203079
R0 [P2] iter 144: split done, delta_size=203079
R0 [P2] iter 144: dedup done, delta_size=203079
R0 [P2] iter 144: subtract done, delta_size=199942
R0 [P2] iter 144: merge done, full_size=300224099
R0 [P2] iter 145 done: global_full_size=300224099
R0 [P2] iter 145: PRE-JOIN GPU mem: 81.9GB free / 85.1GB total | delta_size=199942 full_size=300224099
R0 [P2] iter 145: join done, raw=199684 result_size=199506
R0 [P2] iter 145: split done, delta_size=199506
R0 [P2] iter 145: dedup done, delta_size=199506
R0 [P2] iter 145: subtract done, delta_size=196447
R0 [P2] iter 145: merge done, full_size=300420546
R0 [P2] iter 146 done: global_full_size=300420546
R0 [P2] iter 146: PRE-JOIN GPU mem: 81.9GB free / 85.1GB total | delta_size=196447 full_size=300420546
R0 [P2] iter 146: join done, raw=196180 result_size=196004
R0 [P2] iter 146: split done, delta_size=196004
R0 [P2] iter 146: dedup done, delta_size=196004
R0 [P2] iter 146: subtract done, delta_size=193009
R0 [P2] iter 146: merge done, full_size=300613555
R0 [P2] iter 147 done: global_full_size=300613555
R0 [P2] iter 147: PRE-JOIN GPU mem: 81.9GB free / 85.1GB total | delta_size=193009 full_size=300613555
R0 [P2] iter 147: join done, raw=192779 result_size=192606
R0 [P2] iter 147: split done, delta_size=192606
R0 [P2] iter 147: dedup done, delta_size=192606
R0 [P2] iter 147: subtract done, delta_size=189671
R0 [P2] iter 147: merge done, full_size=300803226
R0 [P2] iter 148 done: global_full_size=300803226
R0 [P2] iter 148: PRE-JOIN GPU mem: 81.9GB free / 85.1GB total | delta_size=189671 full_size=300803226
R0 [P2] iter 148: join done, raw=189444 result_size=189276
R0 [P2] iter 148: split done, delta_size=189276
R0 [P2] iter 148: dedup done, delta_size=189276
R0 [P2] iter 148: subtract done, delta_size=186401
R0 [P2] iter 148: merge done, full_size=300989627
R0 [P2] iter 149 done: global_full_size=300989627
R0 [P2] iter 149: PRE-JOIN GPU mem: 81.9GB free / 85.1GB total | delta_size=186401 full_size=300989627
R0 [P2] iter 149: join done, raw=186182 result_size=186014
R0 [P2] iter 149: split done, delta_size=186014
R0 [P2] iter 149: dedup done, delta_size=186014
R0 [P2] iter 149: subtract done, delta_size=183190
R0 [P2] iter 149: merge done, full_size=301172817
R0 [P2] iter 150 done: global_full_size=301172817
R0 [P2] iter 150: PRE-JOIN GPU mem: 81.9GB free / 85.1GB total | delta_size=183190 full_size=301172817
R0 [P2] iter 150: join done, raw=182939 result_size=182775
R0 [P2] iter 150: split done, delta_size=182775
R0 [P2] iter 150: dedup done, delta_size=182775
R0 [P2] iter 150: subtract done, delta_size=180006
R0 [P2] iter 150: merge done, full_size=301352823
R0 [P2] iter 151 done: global_full_size=301352823
R0 [P2] iter 151: PRE-JOIN GPU mem: 81.9GB free / 85.1GB total | delta_size=180006 full_size=301352823
R0 [P2] iter 151: join done, raw=179786 result_size=179623
R0 [P2] iter 151: split done, delta_size=179623
R0 [P2] iter 151: dedup done, delta_size=179623
R0 [P2] iter 151: subtract done, delta_size=176916
R0 [P2] iter 151: merge done, full_size=301529739
R0 [P2] iter 152 done: global_full_size=301529739
R0 [P2] iter 152: PRE-JOIN GPU mem: 81.9GB free / 85.1GB total | delta_size=176916 full_size=301529739
R0 [P2] iter 152: join done, raw=176721 result_size=176561
R0 [P2] iter 152: split done, delta_size=176561
R0 [P2] iter 152: dedup done, delta_size=176561
R0 [P2] iter 152: subtract done, delta_size=173891
R0 [P2] iter 152: merge done, full_size=301703630
R0 [P2] iter 153 done: global_full_size=301703630
R0 [P2] iter 153: PRE-JOIN GPU mem: 81.9GB free / 85.1GB total | delta_size=173891 full_size=301703630
R0 [P2] iter 153: join done, raw=173709 result_size=173550
R0 [P2] iter 153: split done, delta_size=173550
R0 [P2] iter 153: dedup done, delta_size=173550
R0 [P2] iter 153: subtract done, delta_size=170943
R0 [P2] iter 153: merge done, full_size=301874573
R0 [P2] iter 154 done: global_full_size=301874573
R0 [P2] iter 154: PRE-JOIN GPU mem: 81.9GB free / 85.1GB total | delta_size=170943 full_size=301874573
R0 [P2] iter 154: join done, raw=170772 result_size=170616
R0 [P2] iter 154: split done, delta_size=170616
R0 [P2] iter 154: dedup done, delta_size=170616
R0 [P2] iter 154: subtract done, delta_size=168059
R0 [P2] iter 154: merge done, full_size=302042632
R0 [P2] iter 155 done: global_full_size=302042632
R0 [P2] iter 155: PRE-JOIN GPU mem: 81.9GB free / 85.1GB total | delta_size=168059 full_size=302042632
R0 [P2] iter 155: join done, raw=167851 result_size=167697
R0 [P2] iter 155: split done, delta_size=167697
R0 [P2] iter 155: dedup done, delta_size=167697
R0 [P2] iter 155: subtract done, delta_size=165180
R0 [P2] iter 155: merge done, full_size=302207812
R0 [P2] iter 156 done: global_full_size=302207812
R0 [P2] iter 156: PRE-JOIN GPU mem: 81.9GB free / 85.1GB total | delta_size=165180 full_size=302207812
R0 [P2] iter 156: join done, raw=164982 result_size=164834
R0 [P2] iter 156: split done, delta_size=164834
R0 [P2] iter 156: dedup done, delta_size=164834
R0 [P2] iter 156: subtract done, delta_size=162377
R0 [P2] iter 156: merge done, full_size=302370189
R0 [P2] iter 157 done: global_full_size=302370189
R0 [P2] iter 157: PRE-JOIN GPU mem: 81.9GB free / 85.1GB total | delta_size=162377 full_size=302370189
R0 [P2] iter 157: join done, raw=162202 result_size=162056
R0 [P2] iter 157: split done, delta_size=162056
R0 [P2] iter 157: dedup done, delta_size=162056
R0 [P2] iter 157: subtract done, delta_size=159648
R0 [P2] iter 157: merge done, full_size=302529837
R0 [P2] iter 158 done: global_full_size=302529837
R0 [P2] iter 158: PRE-JOIN GPU mem: 81.9GB free / 85.1GB total | delta_size=159648 full_size=302529837
R0 [P2] iter 158: join done, raw=159463 result_size=159321
R0 [P2] iter 158: split done, delta_size=159321
R0 [P2] iter 158: dedup done, delta_size=159321
R0 [P2] iter 158: subtract done, delta_size=156967
R0 [P2] iter 158: merge done, full_size=302686804
R0 [P2] iter 159 done: global_full_size=302686804
R0 [P2] iter 159: PRE-JOIN GPU mem: 81.9GB free / 85.1GB total | delta_size=156967 full_size=302686804
R0 [P2] iter 159: join done, raw=156785 result_size=156648
R0 [P2] iter 159: split done, delta_size=156648
R0 [P2] iter 159: dedup done, delta_size=156648
R0 [P2] iter 159: subtract done, delta_size=154347
R0 [P2] iter 159: merge done, full_size=302841151
R0 [P2] iter 160 done: global_full_size=302841151
R0 [P2] iter 160: PRE-JOIN GPU mem: 81.8GB free / 85.1GB total | delta_size=154347 full_size=302841151
R0 [P2] iter 160: join done, raw=154188 result_size=154053
R0 [P2] iter 160: split done, delta_size=154053
R0 [P2] iter 160: dedup done, delta_size=154053
R0 [P2] iter 160: subtract done, delta_size=151796
R0 [P2] iter 160: merge done, full_size=302992947
R0 [P2] iter 161 done: global_full_size=302992947
R0 [P2] iter 161: PRE-JOIN GPU mem: 81.8GB free / 85.1GB total | delta_size=151796 full_size=302992947
R0 [P2] iter 161: join done, raw=151648 result_size=151516
R0 [P2] iter 161: split done, delta_size=151516
R0 [P2] iter 161: dedup done, delta_size=151516
R0 [P2] iter 161: subtract done, delta_size=149304
R0 [P2] iter 161: merge done, full_size=303142251
R0 [P2] iter 162 done: global_full_size=303142251
R0 [P2] iter 162: PRE-JOIN GPU mem: 81.8GB free / 85.1GB total | delta_size=149304 full_size=303142251
R0 [P2] iter 162: join done, raw=149150 result_size=149019
R0 [P2] iter 162: split done, delta_size=149019
R0 [P2] iter 162: dedup done, delta_size=149019
R0 [P2] iter 162: subtract done, delta_size=146842
R0 [P2] iter 162: merge done, full_size=303289093
R0 [P2] iter 163 done: global_full_size=303289093
R0 [P2] iter 163: PRE-JOIN GPU mem: 81.8GB free / 85.1GB total | delta_size=146842 full_size=303289093
R0 [P2] iter 163: join done, raw=146716 result_size=146588
R0 [P2] iter 163: split done, delta_size=146588
R0 [P2] iter 163: dedup done, delta_size=146588
R0 [P2] iter 163: subtract done, delta_size=144451
R0 [P2] iter 163: merge done, full_size=303433544
R0 [P2] iter 164 done: global_full_size=303433544
R0 [P2] iter 164: PRE-JOIN GPU mem: 81.8GB free / 85.1GB total | delta_size=144451 full_size=303433544
R0 [P2] iter 164: join done, raw=144327 result_size=144200
R0 [P2] iter 164: split done, delta_size=144200
R0 [P2] iter 164: dedup done, delta_size=144200
R0 [P2] iter 164: subtract done, delta_size=142092
R0 [P2] iter 164: merge done, full_size=303575636
R0 [P2] iter 165 done: global_full_size=303575636
R0 [P2] iter 165: PRE-JOIN GPU mem: 81.8GB free / 85.1GB total | delta_size=142092 full_size=303575636
R0 [P2] iter 165: join done, raw=141958 result_size=141836
R0 [P2] iter 165: split done, delta_size=141836
R0 [P2] iter 165: dedup done, delta_size=141836
R0 [P2] iter 165: subtract done, delta_size=139762
R0 [P2] iter 165: merge done, full_size=303715398
R0 [P2] iter 166 done: global_full_size=303715398
R0 [P2] iter 166: PRE-JOIN GPU mem: 81.8GB free / 85.1GB total | delta_size=139762 full_size=303715398
R0 [P2] iter 166: join done, raw=139607 result_size=139490
R0 [P2] iter 166: split done, delta_size=139490
R0 [P2] iter 166: dedup done, delta_size=139490
R0 [P2] iter 166: subtract done, delta_size=137447
R0 [P2] iter 166: merge done, full_size=303852845
R0 [P2] iter 167 done: global_full_size=303852845
R0 [P2] iter 167: PRE-JOIN GPU mem: 81.8GB free / 85.1GB total | delta_size=137447 full_size=303852845
R0 [P2] iter 167: join done, raw=137320 result_size=137204
R0 [P2] iter 167: split done, delta_size=137204
R0 [P2] iter 167: dedup done, delta_size=137204
R0 [P2] iter 167: subtract done, delta_size=135205
R0 [P2] iter 167: merge done, full_size=303988050
R0 [P2] iter 168 done: global_full_size=303988050
R0 [P2] iter 168: PRE-JOIN GPU mem: 81.8GB free / 85.1GB total | delta_size=135205 full_size=303988050
R0 [P2] iter 168: join done, raw=135059 result_size=134943
R0 [P2] iter 168: split done, delta_size=134943
R0 [P2] iter 168: dedup done, delta_size=134943
R0 [P2] iter 168: subtract done, delta_size=132998
R0 [P2] iter 168: merge done, full_size=304121048
R0 [P2] iter 169 done: global_full_size=304121048
R0 [P2] iter 169: PRE-JOIN GPU mem: 81.8GB free / 85.1GB total | delta_size=132998 full_size=304121048
R0 [P2] iter 169: join done, raw=132854 result_size=132740
R0 [P2] iter 169: split done, delta_size=132740
R0 [P2] iter 169: dedup done, delta_size=132740
R0 [P2] iter 169: subtract done, delta_size=130838
R0 [P2] iter 169: merge done, full_size=304251886
R0 [P2] iter 170 done: global_full_size=304251886
R0 [P2] iter 170: PRE-JOIN GPU mem: 81.8GB free / 85.1GB total | delta_size=130838 full_size=304251886
R0 [P2] iter 170: join done, raw=130688 result_size=130575
R0 [P2] iter 170: split done, delta_size=130575
R0 [P2] iter 170: dedup done, delta_size=130575
R0 [P2] iter 170: subtract done, delta_size=128704
R0 [P2] iter 170: merge done, full_size=304380590
R0 [P2] iter 171 done: global_full_size=304380590
R0 [P2] iter 171: PRE-JOIN GPU mem: 81.8GB free / 85.1GB total | delta_size=128704 full_size=304380590
R0 [P2] iter 171: join done, raw=128583 result_size=128474
R0 [P2] iter 171: split done, delta_size=128474
R0 [P2] iter 171: dedup done, delta_size=128474
R0 [P2] iter 171: subtract done, delta_size=126643
R0 [P2] iter 171: merge done, full_size=304507233
R0 [P2] iter 172 done: global_full_size=304507233
R0 [P2] iter 172: PRE-JOIN GPU mem: 81.8GB free / 85.1GB total | delta_size=126643 full_size=304507233
R0 [P2] iter 172: join done, raw=126497 result_size=126388
R0 [P2] iter 172: split done, delta_size=126388
R0 [P2] iter 172: dedup done, delta_size=126388
R0 [P2] iter 172: subtract done, delta_size=124587
R0 [P2] iter 172: merge done, full_size=304631820
R0 [P2] iter 173 done: global_full_size=304631820
R0 [P2] iter 173: PRE-JOIN GPU mem: 81.8GB free / 85.1GB total | delta_size=124587 full_size=304631820
R0 [P2] iter 173: join done, raw=124440 result_size=124332
R0 [P2] iter 173: split done, delta_size=124332
R0 [P2] iter 173: dedup done, delta_size=124332
R0 [P2] iter 173: subtract done, delta_size=122571
R0 [P2] iter 173: merge done, full_size=304754391
R0 [P2] iter 174 done: global_full_size=304754391
R0 [P2] iter 174: PRE-JOIN GPU mem: 81.8GB free / 85.1GB total | delta_size=122571 full_size=304754391
R0 [P2] iter 174: join done, raw=122420 result_size=122314
R0 [P2] iter 174: split done, delta_size=122314
R0 [P2] iter 174: dedup done, delta_size=122314
R0 [P2] iter 174: subtract done, delta_size=120581
R0 [P2] iter 174: merge done, full_size=304874972
R0 [P2] iter 175 done: global_full_size=304874972
R0 [P2] iter 175: PRE-JOIN GPU mem: 81.8GB free / 85.1GB total | delta_size=120581 full_size=304874972
R0 [P2] iter 175: join done, raw=120443 result_size=120341
R0 [P2] iter 175: split done, delta_size=120341
R0 [P2] iter 175: dedup done, delta_size=120341
R0 [P2] iter 175: subtract done, delta_size=118650
R0 [P2] iter 175: merge done, full_size=304993622
R0 [P2] iter 176 done: global_full_size=304993622
R0 [P2] iter 176: PRE-JOIN GPU mem: 81.8GB free / 85.1GB total | delta_size=118650 full_size=304993622
R0 [P2] iter 176: join done, raw=118490 result_size=118392
R0 [P2] iter 176: split done, delta_size=118392
R0 [P2] iter 176: dedup done, delta_size=118392
R0 [P2] iter 176: subtract done, delta_size=116736
R0 [P2] iter 176: merge done, full_size=305110358
R0 [P2] iter 177 done: global_full_size=305110358
R0 [P2] iter 177: PRE-JOIN GPU mem: 81.8GB free / 85.1GB total | delta_size=116736 full_size=305110358
R0 [P2] iter 177: join done, raw=116582 result_size=116485
R0 [P2] iter 177: split done, delta_size=116485
R0 [P2] iter 177: dedup done, delta_size=116485
R0 [P2] iter 177: subtract done, delta_size=114863
R0 [P2] iter 177: merge done, full_size=305225221
R0 [P2] iter 178 done: global_full_size=305225221
R0 [P2] iter 178: PRE-JOIN GPU mem: 81.8GB free / 85.1GB total | delta_size=114863 full_size=305225221
R0 [P2] iter 178: join done, raw=114685 result_size=114592
R0 [P2] iter 178: split done, delta_size=114592
R0 [P2] iter 178: dedup done, delta_size=114592
R0 [P2] iter 178: subtract done, delta_size=113003
R0 [P2] iter 178: merge done, full_size=305338224
R0 [P2] iter 179 done: global_full_size=305338224
R0 [P2] iter 179: PRE-JOIN GPU mem: 81.8GB free / 85.1GB total | delta_size=113003 full_size=305338224
R0 [P2] iter 179: join done, raw=112835 result_size=112744
R0 [P2] iter 179: split done, delta_size=112744
R0 [P2] iter 179: dedup done, delta_size=112744
R0 [P2] iter 179: subtract done, delta_size=111182
R0 [P2] iter 179: merge done, full_size=305449406
R0 [P2] iter 180 done: global_full_size=305449406
R0 [P2] iter 180: PRE-JOIN GPU mem: 81.8GB free / 85.1GB total | delta_size=111182 full_size=305449406
R0 [P2] iter 180: join done, raw=111005 result_size=110914
R0 [P2] iter 180: split done, delta_size=110914
R0 [P2] iter 180: dedup done, delta_size=110914
R0 [P2] iter 180: subtract done, delta_size=109388
R0 [P2] iter 180: merge done, full_size=305558794
R0 [P2] iter 181 done: global_full_size=305558794
R0 [P2] iter 181: PRE-JOIN GPU mem: 81.8GB free / 85.1GB total | delta_size=109388 full_size=305558794
R0 [P2] iter 181: join done, raw=109206 result_size=109115
R0 [P2] iter 181: split done, delta_size=109115
R0 [P2] iter 181: dedup done, delta_size=109115
R0 [P2] iter 181: subtract done, delta_size=107616
R0 [P2] iter 181: merge done, full_size=305666410
R0 [P2] iter 182 done: global_full_size=305666410
R0 [P2] iter 182: PRE-JOIN GPU mem: 81.8GB free / 85.1GB total | delta_size=107616 full_size=305666410
R0 [P2] iter 182: join done, raw=107440 result_size=107352
R0 [P2] iter 182: split done, delta_size=107352
R0 [P2] iter 182: dedup done, delta_size=107352
R0 [P2] iter 182: subtract done, delta_size=105882
R0 [P2] iter 182: merge done, full_size=305772292
R0 [P2] iter 183 done: global_full_size=305772292
R0 [P2] iter 183: PRE-JOIN GPU mem: 81.8GB free / 85.1GB total | delta_size=105882 full_size=305772292
R0 [P2] iter 183: join done, raw=105715 result_size=105627
R0 [P2] iter 183: split done, delta_size=105627
R0 [P2] iter 183: dedup done, delta_size=105627
R0 [P2] iter 183: subtract done, delta_size=104183
R0 [P2] iter 183: merge done, full_size=305876475
R0 [P2] iter 184 done: global_full_size=305876475
R0 [P2] iter 184: PRE-JOIN GPU mem: 81.8GB free / 85.1GB total | delta_size=104183 full_size=305876475
R0 [P2] iter 184: join done, raw=104051 result_size=103966
R0 [P2] iter 184: split done, delta_size=103966
R0 [P2] iter 184: dedup done, delta_size=103966
R0 [P2] iter 184: subtract done, delta_size=102551
R0 [P2] iter 184: merge done, full_size=305979026
R0 [P2] iter 185 done: global_full_size=305979026
R0 [P2] iter 185: PRE-JOIN GPU mem: 81.8GB free / 85.1GB total | delta_size=102551 full_size=305979026
R0 [P2] iter 185: join done, raw=102428 result_size=102346
R0 [P2] iter 185: split done, delta_size=102346
R0 [P2] iter 185: dedup done, delta_size=102346
R0 [P2] iter 185: subtract done, delta_size=100962
R0 [P2] iter 185: merge done, full_size=306079988
R0 [P2] iter 186 done: global_full_size=306079988
R0 [P2] iter 186: PRE-JOIN GPU mem: 81.8GB free / 85.1GB total | delta_size=100962 full_size=306079988
R0 [P2] iter 186: join done, raw=100826 result_size=100745
R0 [P2] iter 186: split done, delta_size=100745
R0 [P2] iter 186: dedup done, delta_size=100745
R0 [P2] iter 186: subtract done, delta_size=99395
R0 [P2] iter 186: merge done, full_size=306179383
R0 [P2] iter 187 done: global_full_size=306179383
R0 [P2] iter 187: PRE-JOIN GPU mem: 81.8GB free / 85.1GB total | delta_size=99395 full_size=306179383
R0 [P2] iter 187: join done, raw=99289 result_size=99208
R0 [P2] iter 187: split done, delta_size=99208
R0 [P2] iter 187: dedup done, delta_size=99208
R0 [P2] iter 187: subtract done, delta_size=97891
R0 [P2] iter 187: merge done, full_size=306277274
R0 [P2] iter 188 done: global_full_size=306277274
R0 [P2] iter 188: PRE-JOIN GPU mem: 81.8GB free / 85.1GB total | delta_size=97891 full_size=306277274
R0 [P2] iter 188: join done, raw=97765 result_size=97685
R0 [P2] iter 188: split done, delta_size=97685
R0 [P2] iter 188: dedup done, delta_size=97685
R0 [P2] iter 188: subtract done, delta_size=96392
R0 [P2] iter 188: merge done, full_size=306373666
R0 [P2] iter 189 done: global_full_size=306373666
R0 [P2] iter 189: PRE-JOIN GPU mem: 81.8GB free / 85.1GB total | delta_size=96392 full_size=306373666
R0 [P2] iter 189: join done, raw=96274 result_size=96196
R0 [P2] iter 189: split done, delta_size=96196
R0 [P2] iter 189: dedup done, delta_size=96196
R0 [P2] iter 189: subtract done, delta_size=94926
R0 [P2] iter 189: merge done, full_size=306468592
R0 [P2] iter 190 done: global_full_size=306468592
R0 [P2] iter 190: PRE-JOIN GPU mem: 81.8GB free / 85.1GB total | delta_size=94926 full_size=306468592
R0 [P2] iter 190: join done, raw=94783 result_size=94707
R0 [P2] iter 190: split done, delta_size=94707
R0 [P2] iter 190: dedup done, delta_size=94707
R0 [P2] iter 190: subtract done, delta_size=93469
R0 [P2] iter 190: merge done, full_size=306562061
R0 [P2] iter 191 done: global_full_size=306562061
R0 [P2] iter 191: PRE-JOIN GPU mem: 81.8GB free / 85.1GB total | delta_size=93469 full_size=306562061
R0 [P2] iter 191: join done, raw=93345 result_size=93272
R0 [P2] iter 191: split done, delta_size=93272
R0 [P2] iter 191: dedup done, delta_size=93272
R0 [P2] iter 191: subtract done, delta_size=92049
R0 [P2] iter 191: merge done, full_size=306654110
R0 [P2] iter 192 done: global_full_size=306654110
R0 [P2] iter 192: PRE-JOIN GPU mem: 81.8GB free / 85.1GB total | delta_size=92049 full_size=306654110
R0 [P2] iter 192: join done, raw=91930 result_size=91860
R0 [P2] iter 192: split done, delta_size=91860
R0 [P2] iter 192: dedup done, delta_size=91860
R0 [P2] iter 192: subtract done, delta_size=90659
R0 [P2] iter 192: merge done, full_size=306744769
R0 [P2] iter 193 done: global_full_size=306744769
R0 [P2] iter 193: PRE-JOIN GPU mem: 81.8GB free / 85.1GB total | delta_size=90659 full_size=306744769
R0 [P2] iter 193: join done, raw=90542 result_size=90473
R0 [P2] iter 193: split done, delta_size=90473
R0 [P2] iter 193: dedup done, delta_size=90473
R0 [P2] iter 193: subtract done, delta_size=89296
R0 [P2] iter 193: merge done, full_size=306834065
R0 [P2] iter 194 done: global_full_size=306834065
R0 [P2] iter 194: PRE-JOIN GPU mem: 81.8GB free / 85.1GB total | delta_size=89296 full_size=306834065
R0 [P2] iter 194: join done, raw=89171 result_size=89102
R0 [P2] iter 194: split done, delta_size=89102
R0 [P2] iter 194: dedup done, delta_size=89102
R0 [P2] iter 194: subtract done, delta_size=87947
R0 [P2] iter 194: merge done, full_size=306922012
R0 [P2] iter 195 done: global_full_size=306922012
R0 [P2] iter 195: PRE-JOIN GPU mem: 81.8GB free / 85.1GB total | delta_size=87947 full_size=306922012
R0 [P2] iter 195: join done, raw=87808 result_size=87740
R0 [P2] iter 195: split done, delta_size=87740
R0 [P2] iter 195: dedup done, delta_size=87740
R0 [P2] iter 195: subtract done, delta_size=86604
R0 [P2] iter 195: merge done, full_size=307008616
R0 [P2] iter 196 done: global_full_size=307008616
R0 [P2] iter 196: PRE-JOIN GPU mem: 81.8GB free / 85.1GB total | delta_size=86604 full_size=307008616
R0 [P2] iter 196: join done, raw=86456 result_size=86389
R0 [P2] iter 196: split done, delta_size=86389
R0 [P2] iter 196: dedup done, delta_size=86389
R0 [P2] iter 196: subtract done, delta_size=85278
R0 [P2] iter 196: merge done, full_size=307093894
R0 [P2] iter 197 done: global_full_size=307093894
R0 [P2] iter 197: PRE-JOIN GPU mem: 81.8GB free / 85.1GB total | delta_size=85278 full_size=307093894
R0 [P2] iter 197: join done, raw=85133 result_size=85068
R0 [P2] iter 197: split done, delta_size=85068
R0 [P2] iter 197: dedup done, delta_size=85068
R0 [P2] iter 197: subtract done, delta_size=83977
R0 [P2] iter 197: merge done, full_size=307177871
R0 [P2] iter 198 done: global_full_size=307177871
R0 [P2] iter 198: PRE-JOIN GPU mem: 81.8GB free / 85.1GB total | delta_size=83977 full_size=307177871
R0 [P2] iter 198: join done, raw=83841 result_size=83778
R0 [P2] iter 198: split done, delta_size=83778
R0 [P2] iter 198: dedup done, delta_size=83778
R0 [P2] iter 198: subtract done, delta_size=82709
R0 [P2] iter 198: merge done, full_size=307260580
R0 [P2] iter 199 done: global_full_size=307260580
R0 [P2] iter 199: PRE-JOIN GPU mem: 81.8GB free / 85.1GB total | delta_size=82709 full_size=307260580
R0 [P2] iter 199: join done, raw=82590 result_size=82528
R0 [P2] iter 199: split done, delta_size=82528
R0 [P2] iter 199: dedup done, delta_size=82528
R0 [P2] iter 199: subtract done, delta_size=81471
R0 [P2] iter 199: merge done, full_size=307342051
R0 [P2] iter 200 done: global_full_size=307342051
R0 [P2] iter 200: PRE-JOIN GPU mem: 81.8GB free / 85.1GB total | delta_size=81471 full_size=307342051
R0 [P2] iter 200: join done, raw=81342 result_size=81281
R0 [P2] iter 200: split done, delta_size=81281
R0 [P2] iter 200: dedup done, delta_size=81281
R0 [P2] iter 200: subtract done, delta_size=80240
R0 [P2] iter 200: merge done, full_size=307422291
R0 [P2] iter 201 done: global_full_size=307422291
R0 [P2] iter 201: PRE-JOIN GPU mem: 81.8GB free / 85.1GB total | delta_size=80240 full_size=307422291
R0 [P2] iter 201: join done, raw=80116 result_size=80056
R0 [P2] iter 201: split done, delta_size=80056
R0 [P2] iter 201: dedup done, delta_size=80056
R0 [P2] iter 201: subtract done, delta_size=79035
R0 [P2] iter 201: merge done, full_size=307501326
R0 [P2] iter 202 done: global_full_size=307501326
R0 [P2] iter 202: PRE-JOIN GPU mem: 81.8GB free / 85.1GB total | delta_size=79035 full_size=307501326
R0 [P2] iter 202: join done, raw=78918 result_size=78857
R0 [P2] iter 202: split done, delta_size=78857
R0 [P2] iter 202: dedup done, delta_size=78857
R0 [P2] iter 202: subtract done, delta_size=77853
R0 [P2] iter 202: merge done, full_size=307579179
R0 [P2] iter 203 done: global_full_size=307579179
R0 [P2] iter 203: PRE-JOIN GPU mem: 81.8GB free / 85.1GB total | delta_size=77853 full_size=307579179
R0 [P2] iter 203: join done, raw=77737 result_size=77678
R0 [P2] iter 203: split done, delta_size=77678
R0 [P2] iter 203: dedup done, delta_size=77678
R0 [P2] iter 203: subtract done, delta_size=76687
R0 [P2] iter 203: merge done, full_size=307655866
R0 [P2] iter 204 done: global_full_size=307655866
R0 [P2] iter 204: PRE-JOIN GPU mem: 81.8GB free / 85.1GB total | delta_size=76687 full_size=307655866
R0 [P2] iter 204: join done, raw=76572 result_size=76514
R0 [P2] iter 204: split done, delta_size=76514
R0 [P2] iter 204: dedup done, delta_size=76514
R0 [P2] iter 204: subtract done, delta_size=75536
R0 [P2] iter 204: merge done, full_size=307731402
R0 [P2] iter 205 done: global_full_size=307731402
R0 [P2] iter 205: PRE-JOIN GPU mem: 81.8GB free / 85.1GB total | delta_size=75536 full_size=307731402
R0 [P2] iter 205: join done, raw=75413 result_size=75357
R0 [P2] iter 205: split done, delta_size=75357
R0 [P2] iter 205: dedup done, delta_size=75357
R0 [P2] iter 205: subtract done, delta_size=74396
R0 [P2] iter 205: merge done, full_size=307805798
R0 [P2] iter 206 done: global_full_size=307805798
R0 [P2] iter 206: PRE-JOIN GPU mem: 81.8GB free / 85.1GB total | delta_size=74396 full_size=307805798
R0 [P2] iter 206: join done, raw=74288 result_size=74233
R0 [P2] iter 206: split done, delta_size=74233
R0 [P2] iter 206: dedup done, delta_size=74233
R0 [P2] iter 206: subtract done, delta_size=73293
R0 [P2] iter 206: merge done, full_size=307879091
R0 [P2] iter 207 done: global_full_size=307879091
R0 [P2] iter 207: PRE-JOIN GPU mem: 81.8GB free / 85.1GB total | delta_size=73293 full_size=307879091
R0 [P2] iter 207: join done, raw=73162 result_size=73111
R0 [P2] iter 207: split done, delta_size=73111
R0 [P2] iter 207: dedup done, delta_size=73111
R0 [P2] iter 207: subtract done, delta_size=72190
R0 [P2] iter 207: merge done, full_size=307951281
R0 [P2] iter 208 done: global_full_size=307951281
R0 [P2] iter 208: PRE-JOIN GPU mem: 81.8GB free / 85.1GB total | delta_size=72190 full_size=307951281
R0 [P2] iter 208: join done, raw=72075 result_size=72024
R0 [P2] iter 208: split done, delta_size=72024
R0 [P2] iter 208: dedup done, delta_size=72024
R0 [P2] iter 208: subtract done, delta_size=71125
R0 [P2] iter 208: merge done, full_size=308022406
R0 [P2] iter 209 done: global_full_size=308022406
R0 [P2] iter 209: PRE-JOIN GPU mem: 81.8GB free / 85.1GB total | delta_size=71125 full_size=308022406
R0 [P2] iter 209: join done, raw=71009 result_size=70958
R0 [P2] iter 209: split done, delta_size=70958
R0 [P2] iter 209: dedup done, delta_size=70958
R0 [P2] iter 209: subtract done, delta_size=70067
R0 [P2] iter 209: merge done, full_size=308092473
R0 [P2] iter 210 done: global_full_size=308092473
R0 [P2] iter 210: PRE-JOIN GPU mem: 81.8GB free / 85.1GB total | delta_size=70067 full_size=308092473
R0 [P2] iter 210: join done, raw=69970 result_size=69920
R0 [P2] iter 210: split done, delta_size=69920
R0 [P2] iter 210: dedup done, delta_size=69920
R0 [P2] iter 210: subtract done, delta_size=69056
R0 [P2] iter 210: merge done, full_size=308161529
R0 [P2] iter 211 done: global_full_size=308161529
R0 [P2] iter 211: PRE-JOIN GPU mem: 81.8GB free / 85.1GB total | delta_size=69056 full_size=308161529
R0 [P2] iter 211: join done, raw=68974 result_size=68924
R0 [P2] iter 211: split done, delta_size=68924
R0 [P2] iter 211: dedup done, delta_size=68924
R0 [P2] iter 211: subtract done, delta_size=68072
R0 [P2] iter 211: merge done, full_size=308229601
R0 [P2] iter 212 done: global_full_size=308229601
R0 [P2] iter 212: PRE-JOIN GPU mem: 81.8GB free / 85.1GB total | delta_size=68072 full_size=308229601
R0 [P2] iter 212: join done, raw=67998 result_size=67948
R0 [P2] iter 212: split done, delta_size=67948
R0 [P2] iter 212: dedup done, delta_size=67948
R0 [P2] iter 212: subtract done, delta_size=67110
R0 [P2] iter 212: merge done, full_size=308296711
R0 [P2] iter 213 done: global_full_size=308296711
R0 [P2] iter 213: PRE-JOIN GPU mem: 81.8GB free / 85.1GB total | delta_size=67110 full_size=308296711
R0 [P2] iter 213: join done, raw=67019 result_size=66971
R0 [P2] iter 213: split done, delta_size=66971
R0 [P2] iter 213: dedup done, delta_size=66971
R0 [P2] iter 213: subtract done, delta_size=66150
R0 [P2] iter 213: merge done, full_size=308362861
R0 [P2] iter 214 done: global_full_size=308362861
R0 [P2] iter 214: PRE-JOIN GPU mem: 81.8GB free / 85.1GB total | delta_size=66150 full_size=308362861
R0 [P2] iter 214: join done, raw=66077 result_size=66029
R0 [P2] iter 214: split done, delta_size=66029
R0 [P2] iter 214: dedup done, delta_size=66029
R0 [P2] iter 214: subtract done, delta_size=65220
R0 [P2] iter 214: merge done, full_size=308428081
R0 [P2] iter 215 done: global_full_size=308428081
R0 [P2] iter 215: PRE-JOIN GPU mem: 81.8GB free / 85.1GB total | delta_size=65220 full_size=308428081
R0 [P2] iter 215: join done, raw=65136 result_size=65088
R0 [P2] iter 215: split done, delta_size=65088
R0 [P2] iter 215: dedup done, delta_size=65088
R0 [P2] iter 215: subtract done, delta_size=64290
R0 [P2] iter 215: merge done, full_size=308492371
R0 [P2] iter 216 done: global_full_size=308492371
R0 [P2] iter 216: PRE-JOIN GPU mem: 81.8GB free / 85.1GB total | delta_size=64290 full_size=308492371
R0 [P2] iter 216: join done, raw=64223 result_size=64176
R0 [P2] iter 216: split done, delta_size=64176
R0 [P2] iter 216: dedup done, delta_size=64176
R0 [P2] iter 216: subtract done, delta_size=63391
R0 [P2] iter 216: merge done, full_size=308555762
R0 [P2] iter 217 done: global_full_size=308555762
R0 [P2] iter 217: PRE-JOIN GPU mem: 81.8GB free / 85.1GB total | delta_size=63391 full_size=308555762
R0 [P2] iter 217: join done, raw=63314 result_size=63268
R0 [P2] iter 217: split done, delta_size=63268
R0 [P2] iter 217: dedup done, delta_size=63268
R0 [P2] iter 217: subtract done, delta_size=62494
R0 [P2] iter 217: merge done, full_size=308618256
R0 [P2] iter 218 done: global_full_size=308618256
R0 [P2] iter 218: PRE-JOIN GPU mem: 81.8GB free / 85.1GB total | delta_size=62494 full_size=308618256
R0 [P2] iter 218: join done, raw=62416 result_size=62373
R0 [P2] iter 218: split done, delta_size=62373
R0 [P2] iter 218: dedup done, delta_size=62373
R0 [P2] iter 218: subtract done, delta_size=61612
R0 [P2] iter 218: merge done, full_size=308679868
R0 [P2] iter 219 done: global_full_size=308679868
R0 [P2] iter 219: PRE-JOIN GPU mem: 81.8GB free / 85.1GB total | delta_size=61612 full_size=308679868
R0 [P2] iter 219: join done, raw=61549 result_size=61507
R0 [P2] iter 219: split done, delta_size=61507
R0 [P2] iter 219: dedup done, delta_size=61507
R0 [P2] iter 219: subtract done, delta_size=60750
R0 [P2] iter 219: merge done, full_size=308740618
R0 [P2] iter 220 done: global_full_size=308740618
R0 [P2] iter 220: PRE-JOIN GPU mem: 81.8GB free / 85.1GB total | delta_size=60750 full_size=308740618
R0 [P2] iter 220: join done, raw=60686 result_size=60645
R0 [P2] iter 220: split done, delta_size=60645
R0 [P2] iter 220: dedup done, delta_size=60645
R0 [P2] iter 220: subtract done, delta_size=59899
R0 [P2] iter 220: merge done, full_size=308800517
R0 [P2] iter 221 done: global_full_size=308800517
R0 [P2] iter 221: PRE-JOIN GPU mem: 81.8GB free / 85.1GB total | delta_size=59899 full_size=308800517
R0 [P2] iter 221: join done, raw=59844 result_size=59804
R0 [P2] iter 221: split done, delta_size=59804
R0 [P2] iter 221: dedup done, delta_size=59804
R0 [P2] iter 221: subtract done, delta_size=59067
R0 [P2] iter 221: merge done, full_size=308859584
R0 [P2] iter 222 done: global_full_size=308859584
R0 [P2] iter 222: PRE-JOIN GPU mem: 81.8GB free / 85.1GB total | delta_size=59067 full_size=308859584
R0 [P2] iter 222: join done, raw=59003 result_size=58964
R0 [P2] iter 222: split done, delta_size=58964
R0 [P2] iter 222: dedup done, delta_size=58964
R0 [P2] iter 222: subtract done, delta_size=58241
R0 [P2] iter 222: merge done, full_size=308917825
R0 [P2] iter 223 done: global_full_size=308917825
R0 [P2] iter 223: PRE-JOIN GPU mem: 81.8GB free / 85.1GB total | delta_size=58241 full_size=308917825
R0 [P2] iter 223: join done, raw=58163 result_size=58125
R0 [P2] iter 223: split done, delta_size=58125
R0 [P2] iter 223: dedup done, delta_size=58125
R0 [P2] iter 223: subtract done, delta_size=57409
R0 [P2] iter 223: merge done, full_size=308975234
R0 [P2] iter 224 done: global_full_size=308975234
R0 [P2] iter 224: PRE-JOIN GPU mem: 81.8GB free / 85.1GB total | delta_size=57409 full_size=308975234
R0 [P2] iter 224: join done, raw=57326 result_size=57289
R0 [P2] iter 224: split done, delta_size=57289
R0 [P2] iter 224: dedup done, delta_size=57289
R0 [P2] iter 224: subtract done, delta_size=56586
R0 [P2] iter 224: merge done, full_size=309031820
R0 [P2] iter 225 done: global_full_size=309031820
R0 [P2] iter 225: PRE-JOIN GPU mem: 81.8GB free / 85.1GB total | delta_size=56586 full_size=309031820
R0 [P2] iter 225: join done, raw=56521 result_size=56484
R0 [P2] iter 225: split done, delta_size=56484
R0 [P2] iter 225: dedup done, delta_size=56484
R0 [P2] iter 225: subtract done, delta_size=55788
R0 [P2] iter 225: merge done, full_size=309087608
R0 [P2] iter 226 done: global_full_size=309087608
R0 [P2] iter 226: PRE-JOIN GPU mem: 81.8GB free / 85.1GB total | delta_size=55788 full_size=309087608
R0 [P2] iter 226: join done, raw=55737 result_size=55701
R0 [P2] iter 226: split done, delta_size=55701
R0 [P2] iter 226: dedup done, delta_size=55701
R0 [P2] iter 226: subtract done, delta_size=55013
R0 [P2] iter 226: merge done, full_size=309142621
R0 [P2] iter 227 done: global_full_size=309142621
R0 [P2] iter 227: PRE-JOIN GPU mem: 81.8GB free / 85.1GB total | delta_size=55013 full_size=309142621
R0 [P2] iter 227: join done, raw=54969 result_size=54934
R0 [P2] iter 227: split done, delta_size=54934
R0 [P2] iter 227: dedup done, delta_size=54934
R0 [P2] iter 227: subtract done, delta_size=54258
R0 [P2] iter 227: merge done, full_size=309196879
R0 [P2] iter 228 done: global_full_size=309196879
R0 [P2] iter 228: PRE-JOIN GPU mem: 81.8GB free / 85.1GB total | delta_size=54258 full_size=309196879
R0 [P2] iter 228: join done, raw=54218 result_size=54184
R0 [P2] iter 228: split done, delta_size=54184
R0 [P2] iter 228: dedup done, delta_size=54184
R0 [P2] iter 228: subtract done, delta_size=53517
R0 [P2] iter 228: merge done, full_size=309250396
R0 [P2] iter 229 done: global_full_size=309250396
R0 [P2] iter 229: PRE-JOIN GPU mem: 81.8GB free / 85.1GB total | delta_size=53517 full_size=309250396
R0 [P2] iter 229: join done, raw=53483 result_size=53449
R0 [P2] iter 229: split done, delta_size=53449
R0 [P2] iter 229: dedup done, delta_size=53449
R0 [P2] iter 229: subtract done, delta_size=52787
R0 [P2] iter 229: merge done, full_size=309303183
R0 [P2] iter 230 done: global_full_size=309303183
R0 [P2] iter 230: PRE-JOIN GPU mem: 81.8GB free / 85.1GB total | delta_size=52787 full_size=309303183
R0 [P2] iter 230: join done, raw=52746 result_size=52712
R0 [P2] iter 230: split done, delta_size=52712
R0 [P2] iter 230: dedup done, delta_size=52712
R0 [P2] iter 230: subtract done, delta_size=52058
R0 [P2] iter 230: merge done, full_size=309355241
R0 [P2] iter 231 done: global_full_size=309355241
R0 [P2] iter 231: PRE-JOIN GPU mem: 81.8GB free / 85.1GB total | delta_size=52058 full_size=309355241
R0 [P2] iter 231: join done, raw=52027 result_size=51993
R0 [P2] iter 231: split done, delta_size=51993
R0 [P2] iter 231: dedup done, delta_size=51993
R0 [P2] iter 231: subtract done, delta_size=51349
R0 [P2] iter 231: merge done, full_size=309406590
R0 [P2] iter 232 done: global_full_size=309406590
R0 [P2] iter 232: PRE-JOIN GPU mem: 81.8GB free / 85.1GB total | delta_size=51349 full_size=309406590
R0 [P2] iter 232: join done, raw=51327 result_size=51293
R0 [P2] iter 232: split done, delta_size=51293
R0 [P2] iter 232: dedup done, delta_size=51293
R0 [P2] iter 232: subtract done, delta_size=50657
R0 [P2] iter 232: merge done, full_size=309457247
R0 [P2] iter 233 done: global_full_size=309457247
R0 [P2] iter 233: PRE-JOIN GPU mem: 81.8GB free / 85.1GB total | delta_size=50657 full_size=309457247
R0 [P2] iter 233: join done, raw=50650 result_size=50616
R0 [P2] iter 233: split done, delta_size=50616
R0 [P2] iter 233: dedup done, delta_size=50616
R0 [P2] iter 233: subtract done, delta_size=49985
R0 [P2] iter 233: merge done, full_size=309507232
R0 [P2] iter 234 done: global_full_size=309507232
R0 [P2] iter 234: PRE-JOIN GPU mem: 81.8GB free / 85.1GB total | delta_size=49985 full_size=309507232
R0 [P2] iter 234: join done, raw=49973 result_size=49939
R0 [P2] iter 234: split done, delta_size=49939
R0 [P2] iter 234: dedup done, delta_size=49939
R0 [P2] iter 234: subtract done, delta_size=49321
R0 [P2] iter 234: merge done, full_size=309556553
R0 [P2] iter 235 done: global_full_size=309556553
R0 [P2] iter 235: PRE-JOIN GPU mem: 81.8GB free / 85.1GB total | delta_size=49321 full_size=309556553
R0 [P2] iter 235: join done, raw=49301 result_size=49267
R0 [P2] iter 235: split done, delta_size=49267
R0 [P2] iter 235: dedup done, delta_size=49267
R0 [P2] iter 235: subtract done, delta_size=48657
R0 [P2] iter 235: merge done, full_size=309605210
R0 [P2] iter 236 done: global_full_size=309605210
R0 [P2] iter 236: PRE-JOIN GPU mem: 81.8GB free / 85.1GB total | delta_size=48657 full_size=309605210
R0 [P2] iter 236: join done, raw=48651 result_size=48617
R0 [P2] iter 236: split done, delta_size=48617
R0 [P2] iter 236: dedup done, delta_size=48617
R0 [P2] iter 236: subtract done, delta_size=48014
R0 [P2] iter 236: merge done, full_size=309653224
R0 [P2] iter 237 done: global_full_size=309653224
R0 [P2] iter 237: PRE-JOIN GPU mem: 81.8GB free / 85.1GB total | delta_size=48014 full_size=309653224
R0 [P2] iter 237: join done, raw=48001 result_size=47967
R0 [P2] iter 237: split done, delta_size=47967
R0 [P2] iter 237: dedup done, delta_size=47967
R0 [P2] iter 237: subtract done, delta_size=47374
R0 [P2] iter 237: merge done, full_size=309700598
R0 [P2] iter 238 done: global_full_size=309700598
R0 [P2] iter 238: PRE-JOIN GPU mem: 81.8GB free / 85.1GB total | delta_size=47374 full_size=309700598
R0 [P2] iter 238: join done, raw=47363 result_size=47330
R0 [P2] iter 238: split done, delta_size=47330
R0 [P2] iter 238: dedup done, delta_size=47330
R0 [P2] iter 238: subtract done, delta_size=46748
R0 [P2] iter 238: merge done, full_size=309747346
R0 [P2] iter 239 done: global_full_size=309747346
R0 [P2] iter 239: PRE-JOIN GPU mem: 81.8GB free / 85.1GB total | delta_size=46748 full_size=309747346
R0 [P2] iter 239: join done, raw=46739 result_size=46706
R0 [P2] iter 239: split done, delta_size=46706
R0 [P2] iter 239: dedup done, delta_size=46706
R0 [P2] iter 239: subtract done, delta_size=46129
R0 [P2] iter 239: merge done, full_size=309793475
R0 [P2] iter 240 done: global_full_size=309793475
R0 [P2] iter 240: PRE-JOIN GPU mem: 81.8GB free / 85.1GB total | delta_size=46129 full_size=309793475
R0 [P2] iter 240: join done, raw=46116 result_size=46083
R0 [P2] iter 240: split done, delta_size=46083
R0 [P2] iter 240: dedup done, delta_size=46083
R0 [P2] iter 240: subtract done, delta_size=45512
R0 [P2] iter 240: merge done, full_size=309838987
R0 [P2] iter 241 done: global_full_size=309838987
R0 [P2] iter 241: PRE-JOIN GPU mem: 81.8GB free / 85.1GB total | delta_size=45512 full_size=309838987
R0 [P2] iter 241: join done, raw=45508 result_size=45475
R0 [P2] iter 241: split done, delta_size=45475
R0 [P2] iter 241: dedup done, delta_size=45475
R0 [P2] iter 241: subtract done, delta_size=44913
R0 [P2] iter 241: merge done, full_size=309883900
R0 [P2] iter 242 done: global_full_size=309883900
R0 [P2] iter 242: PRE-JOIN GPU mem: 81.8GB free / 85.1GB total | delta_size=44913 full_size=309883900
R0 [P2] iter 242: join done, raw=44903 result_size=44871
R0 [P2] iter 242: split done, delta_size=44871
R0 [P2] iter 242: dedup done, delta_size=44871
R0 [P2] iter 242: subtract done, delta_size=44321
R0 [P2] iter 242: merge done, full_size=309928221
R0 [P2] iter 243 done: global_full_size=309928221
R0 [P2] iter 243: PRE-JOIN GPU mem: 81.8GB free / 85.1GB total | delta_size=44321 full_size=309928221
R0 [P2] iter 243: join done, raw=44302 result_size=44273
R0 [P2] iter 243: split done, delta_size=44273
R0 [P2] iter 243: dedup done, delta_size=44273
R0 [P2] iter 243: subtract done, delta_size=43730
R0 [P2] iter 243: merge done, full_size=309971951
R0 [P2] iter 244 done: global_full_size=309971951
R0 [P2] iter 244: PRE-JOIN GPU mem: 81.8GB free / 85.1GB total | delta_size=43730 full_size=309971951
R0 [P2] iter 244: join done, raw=43694 result_size=43666
R0 [P2] iter 244: split done, delta_size=43666
R0 [P2] iter 244: dedup done, delta_size=43666
R0 [P2] iter 244: subtract done, delta_size=43134
R0 [P2] iter 244: merge done, full_size=310015085
R0 [P2] iter 245 done: global_full_size=310015085
R0 [P2] iter 245: PRE-JOIN GPU mem: 81.8GB free / 85.1GB total | delta_size=43134 full_size=310015085
R0 [P2] iter 245: join done, raw=43103 result_size=43075
R0 [P2] iter 245: split done, delta_size=43075
R0 [P2] iter 245: dedup done, delta_size=43075
R0 [P2] iter 245: subtract done, delta_size=42553
R0 [P2] iter 245: merge done, full_size=310057638
R0 [P2] iter 246 done: global_full_size=310057638
R0 [P2] iter 246: PRE-JOIN GPU mem: 81.8GB free / 85.1GB total | delta_size=42553 full_size=310057638
R0 [P2] iter 246: join done, raw=42521 result_size=42493
R0 [P2] iter 246: split done, delta_size=42493
R0 [P2] iter 246: dedup done, delta_size=42493
R0 [P2] iter 246: subtract done, delta_size=41978
R0 [P2] iter 246: merge done, full_size=310099616
R0 [P2] iter 247 done: global_full_size=310099616
R0 [P2] iter 247: PRE-JOIN GPU mem: 81.8GB free / 85.1GB total | delta_size=41978 full_size=310099616
R0 [P2] iter 247: join done, raw=41957 result_size=41930
R0 [P2] iter 247: split done, delta_size=41930
R0 [P2] iter 247: dedup done, delta_size=41930
R0 [P2] iter 247: subtract done, delta_size=41421
R0 [P2] iter 247: merge done, full_size=310141037
R0 [P2] iter 248 done: global_full_size=310141037
R0 [P2] iter 248: PRE-JOIN GPU mem: 81.8GB free / 85.1GB total | delta_size=41421 full_size=310141037
R0 [P2] iter 248: join done, raw=41404 result_size=41377
R0 [P2] iter 248: split done, delta_size=41377
R0 [P2] iter 248: dedup done, delta_size=41377
R0 [P2] iter 248: subtract done, delta_size=40874
R0 [P2] iter 248: merge done, full_size=310181911
R0 [P2] iter 249 done: global_full_size=310181911
R0 [P2] iter 249: PRE-JOIN GPU mem: 81.8GB free / 85.1GB total | delta_size=40874 full_size=310181911
R0 [P2] iter 249: join done, raw=40859 result_size=40832
R0 [P2] iter 249: split done, delta_size=40832
R0 [P2] iter 249: dedup done, delta_size=40832
R0 [P2] iter 249: subtract done, delta_size=40332
R0 [P2] iter 249: merge done, full_size=310222243
R0 [P2] iter 250 done: global_full_size=310222243
R0 [P2] iter 250: PRE-JOIN GPU mem: 81.8GB free / 85.1GB total | delta_size=40332 full_size=310222243
R0 [P2] iter 250: join done, raw=40329 result_size=40303
R0 [P2] iter 250: split done, delta_size=40303
R0 [P2] iter 250: dedup done, delta_size=40303
R0 [P2] iter 250: subtract done, delta_size=39808
R0 [P2] iter 250: merge done, full_size=310262051
R0 [P2] iter 251 done: global_full_size=310262051
R0 [P2] iter 251: PRE-JOIN GPU mem: 81.8GB free / 85.1GB total | delta_size=39808 full_size=310262051
R0 [P2] iter 251: join done, raw=39807 result_size=39781
R0 [P2] iter 251: split done, delta_size=39781
R0 [P2] iter 251: dedup done, delta_size=39781
R0 [P2] iter 251: subtract done, delta_size=39293
R0 [P2] iter 251: merge done, full_size=310301344
R0 [P2] iter 252 done: global_full_size=310301344
R0 [P2] iter 252: PRE-JOIN GPU mem: 81.8GB free / 85.1GB total | delta_size=39293 full_size=310301344
R0 [P2] iter 252: join done, raw=39290 result_size=39264
R0 [P2] iter 252: split done, delta_size=39264
R0 [P2] iter 252: dedup done, delta_size=39264
R0 [P2] iter 252: subtract done, delta_size=38789
R0 [P2] iter 252: merge done, full_size=310340133
R0 [P2] iter 253 done: global_full_size=310340133
R0 [P2] iter 253: PRE-JOIN GPU mem: 81.8GB free / 85.1GB total | delta_size=38789 full_size=310340133
R0 [P2] iter 253: join done, raw=38792 result_size=38766
R0 [P2] iter 253: split done, delta_size=38766
R0 [P2] iter 253: dedup done, delta_size=38766
R0 [P2] iter 253: subtract done, delta_size=38299
R0 [P2] iter 253: merge done, full_size=310378432
R0 [P2] iter 254 done: global_full_size=310378432
R0 [P2] iter 254: PRE-JOIN GPU mem: 81.8GB free / 85.1GB total | delta_size=38299 full_size=310378432
R0 [P2] iter 254: join done, raw=38304 result_size=38278
R0 [P2] iter 254: split done, delta_size=38278
R0 [P2] iter 254: dedup done, delta_size=38278
R0 [P2] iter 254: subtract done, delta_size=37818
R0 [P2] iter 254: merge done, full_size=310416250
R0 [P2] iter 255 done: global_full_size=310416250
R0 [P2] iter 255: PRE-JOIN GPU mem: 81.8GB free / 85.1GB total | delta_size=37818 full_size=310416250
R0 [P2] iter 255: join done, raw=37827 result_size=37801
R0 [P2] iter 255: split done, delta_size=37801
R0 [P2] iter 255: dedup done, delta_size=37801
R0 [P2] iter 255: subtract done, delta_size=37347
R0 [P2] iter 255: merge done, full_size=310453597
R0 [P2] iter 256 done: global_full_size=310453597
R0 [P2] iter 256: PRE-JOIN GPU mem: 81.8GB free / 85.1GB total | delta_size=37347 full_size=310453597
R0 [P2] iter 256: join done, raw=37350 result_size=37325
R0 [P2] iter 256: split done, delta_size=37325
R0 [P2] iter 256: dedup done, delta_size=37325
R0 [P2] iter 256: subtract done, delta_size=36874
R0 [P2] iter 256: merge done, full_size=310490471
R0 [P2] iter 257 done: global_full_size=310490471
R0 [P2] iter 257: PRE-JOIN GPU mem: 81.8GB free / 85.1GB total | delta_size=36874 full_size=310490471
R0 [P2] iter 257: join done, raw=36886 result_size=36861
R0 [P2] iter 257: split done, delta_size=36861
R0 [P2] iter 257: dedup done, delta_size=36861
R0 [P2] iter 257: subtract done, delta_size=36411
R0 [P2] iter 257: merge done, full_size=310526882
R0 [P2] iter 258 done: global_full_size=310526882
R0 [P2] iter 258: PRE-JOIN GPU mem: 81.8GB free / 85.1GB total | delta_size=36411 full_size=310526882
R0 [P2] iter 258: join done, raw=36427 result_size=36402
R0 [P2] iter 258: split done, delta_size=36402
R0 [P2] iter 258: dedup done, delta_size=36402
R0 [P2] iter 258: subtract done, delta_size=35954
R0 [P2] iter 258: merge done, full_size=310562836
R0 [P2] iter 259 done: global_full_size=310562836
R0 [P2] iter 259: PRE-JOIN GPU mem: 81.8GB free / 85.1GB total | delta_size=35954 full_size=310562836
R0 [P2] iter 259: join done, raw=35957 result_size=35932
R0 [P2] iter 259: split done, delta_size=35932
R0 [P2] iter 259: dedup done, delta_size=35932
R0 [P2] iter 259: subtract done, delta_size=35485
R0 [P2] iter 259: merge done, full_size=310598321
R0 [P2] iter 260 done: global_full_size=310598321
R0 [P2] iter 260: PRE-JOIN GPU mem: 81.8GB free / 85.1GB total | delta_size=35485 full_size=310598321
R0 [P2] iter 260: join done, raw=35491 result_size=35466
R0 [P2] iter 260: split done, delta_size=35466
R0 [P2] iter 260: dedup done, delta_size=35466
R0 [P2] iter 260: subtract done, delta_size=35026
R0 [P2] iter 260: merge done, full_size=310633347
R0 [P2] iter 261 done: global_full_size=310633347
R0 [P2] iter 261: PRE-JOIN GPU mem: 81.8GB free / 85.1GB total | delta_size=35026 full_size=310633347
R0 [P2] iter 261: join done, raw=35034 result_size=35009
R0 [P2] iter 261: split done, delta_size=35009
R0 [P2] iter 261: dedup done, delta_size=35009
R0 [P2] iter 261: subtract done, delta_size=34571
R0 [P2] iter 261: merge done, full_size=310667918
R0 [P2] iter 262 done: global_full_size=310667918
R0 [P2] iter 262: PRE-JOIN GPU mem: 81.8GB free / 85.1GB total | delta_size=34571 full_size=310667918
R0 [P2] iter 262: join done, raw=34577 result_size=34552
R0 [P2] iter 262: split done, delta_size=34552
R0 [P2] iter 262: dedup done, delta_size=34552
R0 [P2] iter 262: subtract done, delta_size=34122
R0 [P2] iter 262: merge done, full_size=310702040
R0 [P2] iter 263 done: global_full_size=310702040
R0 [P2] iter 263: PRE-JOIN GPU mem: 81.8GB free / 85.1GB total | delta_size=34122 full_size=310702040
R0 [P2] iter 263: join done, raw=34130 result_size=34105
R0 [P2] iter 263: split done, delta_size=34105
R0 [P2] iter 263: dedup done, delta_size=34105
R0 [P2] iter 263: subtract done, delta_size=33678
R0 [P2] iter 263: merge done, full_size=310735718
R0 [P2] iter 264 done: global_full_size=310735718
R0 [P2] iter 264: PRE-JOIN GPU mem: 81.8GB free / 85.1GB total | delta_size=33678 full_size=310735718
R0 [P2] iter 264: join done, raw=33685 result_size=33660
R0 [P2] iter 264: split done, delta_size=33660
R0 [P2] iter 264: dedup done, delta_size=33660
R0 [P2] iter 264: subtract done, delta_size=33238
R0 [P2] iter 264: merge done, full_size=310768956
R0 [P2] iter 265 done: global_full_size=310768956
R0 [P2] iter 265: PRE-JOIN GPU mem: 81.8GB free / 85.1GB total | delta_size=33238 full_size=310768956
R0 [P2] iter 265: join done, raw=33245 result_size=33220
R0 [P2] iter 265: split done, delta_size=33220
R0 [P2] iter 265: dedup done, delta_size=33220
R0 [P2] iter 265: subtract done, delta_size=32801
R0 [P2] iter 265: merge done, full_size=310801757
R0 [P2] iter 266 done: global_full_size=310801757
R0 [P2] iter 266: PRE-JOIN GPU mem: 81.8GB free / 85.1GB total | delta_size=32801 full_size=310801757
R0 [P2] iter 266: join done, raw=32803 result_size=32779
R0 [P2] iter 266: split done, delta_size=32779
R0 [P2] iter 266: dedup done, delta_size=32779
R0 [P2] iter 266: subtract done, delta_size=32364
R0 [P2] iter 266: merge done, full_size=310834121
R0 [P2] iter 267 done: global_full_size=310834121
R0 [P2] iter 267: PRE-JOIN GPU mem: 81.8GB free / 85.1GB total | delta_size=32364 full_size=310834121
R0 [P2] iter 267: join done, raw=32376 result_size=32352
R0 [P2] iter 267: split done, delta_size=32352
R0 [P2] iter 267: dedup done, delta_size=32352
R0 [P2] iter 267: subtract done, delta_size=31938
R0 [P2] iter 267: merge done, full_size=310866059
R0 [P2] iter 268 done: global_full_size=310866059
R0 [P2] iter 268: PRE-JOIN GPU mem: 81.8GB free / 85.1GB total | delta_size=31938 full_size=310866059
R0 [P2] iter 268: join done, raw=31946 result_size=31923
R0 [P2] iter 268: split done, delta_size=31923
R0 [P2] iter 268: dedup done, delta_size=31923
R0 [P2] iter 268: subtract done, delta_size=31511
R0 [P2] iter 268: merge done, full_size=310897570
R0 [P2] iter 269 done: global_full_size=310897570
R0 [P2] iter 269: PRE-JOIN GPU mem: 81.8GB free / 85.1GB total | delta_size=31511 full_size=310897570
R0 [P2] iter 269: join done, raw=31522 result_size=31499
R0 [P2] iter 269: split done, delta_size=31499
R0 [P2] iter 269: dedup done, delta_size=31499
R0 [P2] iter 269: subtract done, delta_size=31093
R0 [P2] iter 269: merge done, full_size=310928663
R0 [P2] iter 270 done: global_full_size=310928663
R0 [P2] iter 270: PRE-JOIN GPU mem: 81.8GB free / 85.1GB total | delta_size=31093 full_size=310928663
R0 [P2] iter 270: join done, raw=31100 result_size=31077
R0 [P2] iter 270: split done, delta_size=31077
R0 [P2] iter 270: dedup done, delta_size=31077
R0 [P2] iter 270: subtract done, delta_size=30678
R0 [P2] iter 270: merge done, full_size=310959341
R0 [P2] iter 271 done: global_full_size=310959341
R0 [P2] iter 271: PRE-JOIN GPU mem: 81.8GB free / 85.1GB total | delta_size=30678 full_size=310959341
R0 [P2] iter 271: join done, raw=30676 result_size=30653
R0 [P2] iter 271: split done, delta_size=30653
R0 [P2] iter 271: dedup done, delta_size=30653
R0 [P2] iter 271: subtract done, delta_size=30262
R0 [P2] iter 271: merge done, full_size=310989603
R0 [P2] iter 272 done: global_full_size=310989603
R0 [P2] iter 272: PRE-JOIN GPU mem: 81.8GB free / 85.1GB total | delta_size=30262 full_size=310989603
R0 [P2] iter 272: join done, raw=30273 result_size=30250
R0 [P2] iter 272: split done, delta_size=30250
R0 [P2] iter 272: dedup done, delta_size=30250
R0 [P2] iter 272: subtract done, delta_size=29862
R0 [P2] iter 272: merge done, full_size=311019465
R0 [P2] iter 273 done: global_full_size=311019465
R0 [P2] iter 273: PRE-JOIN GPU mem: 81.8GB free / 85.1GB total | delta_size=29862 full_size=311019465
R0 [P2] iter 273: join done, raw=29864 result_size=29842
R0 [P2] iter 273: split done, delta_size=29842
R0 [P2] iter 273: dedup done, delta_size=29842
R0 [P2] iter 273: subtract done, delta_size=29458
R0 [P2] iter 273: merge done, full_size=311048923
R0 [P2] iter 274 done: global_full_size=311048923
R0 [P2] iter 274: PRE-JOIN GPU mem: 81.8GB free / 85.1GB total | delta_size=29458 full_size=311048923
R0 [P2] iter 274: join done, raw=29472 result_size=29451
R0 [P2] iter 274: split done, delta_size=29451
R0 [P2] iter 274: dedup done, delta_size=29451
R0 [P2] iter 274: subtract done, delta_size=29070
R0 [P2] iter 274: merge done, full_size=311077993
R0 [P2] iter 275 done: global_full_size=311077993
R0 [P2] iter 275: PRE-JOIN GPU mem: 81.8GB free / 85.1GB total | delta_size=29070 full_size=311077993
R0 [P2] iter 275: join done, raw=29082 result_size=29061
R0 [P2] iter 275: split done, delta_size=29061
R0 [P2] iter 275: dedup done, delta_size=29061
R0 [P2] iter 275: subtract done, delta_size=28684
R0 [P2] iter 275: merge done, full_size=311106677
R0 [P2] iter 276 done: global_full_size=311106677
R0 [P2] iter 276: PRE-JOIN GPU mem: 81.8GB free / 85.1GB total | delta_size=28684 full_size=311106677
R0 [P2] iter 276: join done, raw=28688 result_size=28667
R0 [P2] iter 276: split done, delta_size=28667
R0 [P2] iter 276: dedup done, delta_size=28667
R0 [P2] iter 276: subtract done, delta_size=28296
R0 [P2] iter 276: merge done, full_size=311134973
R0 [P2] iter 277 done: global_full_size=311134973
R0 [P2] iter 277: PRE-JOIN GPU mem: 81.8GB free / 85.1GB total | delta_size=28296 full_size=311134973
R0 [P2] iter 277: join done, raw=28304 result_size=28283
R0 [P2] iter 277: split done, delta_size=28283
R0 [P2] iter 277: dedup done, delta_size=28283
R0 [P2] iter 277: subtract done, delta_size=27915
R0 [P2] iter 277: merge done, full_size=311162888
R0 [P2] iter 278 done: global_full_size=311162888
R0 [P2] iter 278: PRE-JOIN GPU mem: 81.8GB free / 85.1GB total | delta_size=27915 full_size=311162888
R0 [P2] iter 278: join done, raw=27921 result_size=27900
R0 [P2] iter 278: split done, delta_size=27900
R0 [P2] iter 278: dedup done, delta_size=27900
R0 [P2] iter 278: subtract done, delta_size=27541
R0 [P2] iter 278: merge done, full_size=311190429
R0 [P2] iter 279 done: global_full_size=311190429
R0 [P2] iter 279: PRE-JOIN GPU mem: 81.8GB free / 85.1GB total | delta_size=27541 full_size=311190429
R0 [P2] iter 279: join done, raw=27555 result_size=27536
R0 [P2] iter 279: split done, delta_size=27536
R0 [P2] iter 279: dedup done, delta_size=27536
R0 [P2] iter 279: subtract done, delta_size=27183
R0 [P2] iter 279: merge done, full_size=311217612
R0 [P2] iter 280 done: global_full_size=311217612
R0 [P2] iter 280: PRE-JOIN GPU mem: 81.8GB free / 85.1GB total | delta_size=27183 full_size=311217612
R0 [P2] iter 280: join done, raw=27183 result_size=27164
R0 [P2] iter 280: split done, delta_size=27164
R0 [P2] iter 280: dedup done, delta_size=27164
R0 [P2] iter 280: subtract done, delta_size=26818
R0 [P2] iter 280: merge done, full_size=311244430
R0 [P2] iter 281 done: global_full_size=311244430
R0 [P2] iter 281: PRE-JOIN GPU mem: 81.8GB free / 85.1GB total | delta_size=26818 full_size=311244430
R0 [P2] iter 281: join done, raw=26825 result_size=26806
R0 [P2] iter 281: split done, delta_size=26806
R0 [P2] iter 281: dedup done, delta_size=26806
R0 [P2] iter 281: subtract done, delta_size=26471
R0 [P2] iter 281: merge done, full_size=311270901
R0 [P2] iter 282 done: global_full_size=311270901
R0 [P2] iter 282: PRE-JOIN GPU mem: 81.8GB free / 85.1GB total | delta_size=26471 full_size=311270901
R0 [P2] iter 282: join done, raw=26470 result_size=26452
R0 [P2] iter 282: split done, delta_size=26452
R0 [P2] iter 282: dedup done, delta_size=26452
R0 [P2] iter 282: subtract done, delta_size=26119
R0 [P2] iter 282: merge done, full_size=311297020
R0 [P2] iter 283 done: global_full_size=311297020
R0 [P2] iter 283: PRE-JOIN GPU mem: 81.8GB free / 85.1GB total | delta_size=26119 full_size=311297020
R0 [P2] iter 283: join done, raw=26120 result_size=26103
R0 [P2] iter 283: split done, delta_size=26103
R0 [P2] iter 283: dedup done, delta_size=26103
R0 [P2] iter 283: subtract done, delta_size=25781
R0 [P2] iter 283: merge done, full_size=311322801
R0 [P2] iter 284 done: global_full_size=311322801
R0 [P2] iter 284: PRE-JOIN GPU mem: 81.8GB free / 85.1GB total | delta_size=25781 full_size=311322801
R0 [P2] iter 284: join done, raw=25776 result_size=25760
R0 [P2] iter 284: split done, delta_size=25760
R0 [P2] iter 284: dedup done, delta_size=25760
R0 [P2] iter 284: subtract done, delta_size=25448
R0 [P2] iter 284: merge done, full_size=311348249
R0 [P2] iter 285 done: global_full_size=311348249
R0 [P2] iter 285: PRE-JOIN GPU mem: 81.8GB free / 85.1GB total | delta_size=25448 full_size=311348249
R0 [P2] iter 285: join done, raw=25429 result_size=25414
R0 [P2] iter 285: split done, delta_size=25414
R0 [P2] iter 285: dedup done, delta_size=25414
R0 [P2] iter 285: subtract done, delta_size=25114
R0 [P2] iter 285: merge done, full_size=311373363
R0 [P2] iter 286 done: global_full_size=311373363
R0 [P2] iter 286: PRE-JOIN GPU mem: 81.8GB free / 85.1GB total | delta_size=25114 full_size=311373363
R0 [P2] iter 286: join done, raw=25101 result_size=25086
R0 [P2] iter 286: split done, delta_size=25086
R0 [P2] iter 286: dedup done, delta_size=25086
R0 [P2] iter 286: subtract done, delta_size=24796
R0 [P2] iter 286: merge done, full_size=311398159
R0 [P2] iter 287 done: global_full_size=311398159
R0 [P2] iter 287: PRE-JOIN GPU mem: 81.8GB free / 85.1GB total | delta_size=24796 full_size=311398159
R0 [P2] iter 287: join done, raw=24791 result_size=24777
R0 [P2] iter 287: split done, delta_size=24777
R0 [P2] iter 287: dedup done, delta_size=24777
R0 [P2] iter 287: subtract done, delta_size=24491
R0 [P2] iter 287: merge done, full_size=311422650
R0 [P2] iter 288 done: global_full_size=311422650
R0 [P2] iter 288: PRE-JOIN GPU mem: 81.8GB free / 85.1GB total | delta_size=24491 full_size=311422650
R0 [P2] iter 288: join done, raw=24492 result_size=24478
R0 [P2] iter 288: split done, delta_size=24478
R0 [P2] iter 288: dedup done, delta_size=24478
R0 [P2] iter 288: subtract done, delta_size=24196
R0 [P2] iter 288: merge done, full_size=311446846
R0 [P2] iter 289 done: global_full_size=311446846
R0 [P2] iter 289: PRE-JOIN GPU mem: 81.8GB free / 85.1GB total | delta_size=24196 full_size=311446846
R0 [P2] iter 289: join done, raw=24195 result_size=24181
R0 [P2] iter 289: split done, delta_size=24181
R0 [P2] iter 289: dedup done, delta_size=24181
R0 [P2] iter 289: subtract done, delta_size=23901
R0 [P2] iter 289: merge done, full_size=311470747
R0 [P2] iter 290 done: global_full_size=311470747
R0 [P2] iter 290: PRE-JOIN GPU mem: 81.8GB free / 85.1GB total | delta_size=23901 full_size=311470747
R0 [P2] iter 290: join done, raw=23891 result_size=23877
R0 [P2] iter 290: split done, delta_size=23877
R0 [P2] iter 290: dedup done, delta_size=23877
R0 [P2] iter 290: subtract done, delta_size=23605
R0 [P2] iter 290: merge done, full_size=311494352
R0 [P2] iter 291 done: global_full_size=311494352
R0 [P2] iter 291: PRE-JOIN GPU mem: 81.8GB free / 85.1GB total | delta_size=23605 full_size=311494352
R0 [P2] iter 291: join done, raw=23586 result_size=23572
R0 [P2] iter 291: split done, delta_size=23572
R0 [P2] iter 291: dedup done, delta_size=23572
R0 [P2] iter 291: subtract done, delta_size=23307
R0 [P2] iter 291: merge done, full_size=311517659
R0 [P2] iter 292 done: global_full_size=311517659
R0 [P2] iter 292: PRE-JOIN GPU mem: 81.8GB free / 85.1GB total | delta_size=23307 full_size=311517659
R0 [P2] iter 292: join done, raw=23289 result_size=23275
R0 [P2] iter 292: split done, delta_size=23275
R0 [P2] iter 292: dedup done, delta_size=23275
R0 [P2] iter 292: subtract done, delta_size=23013
R0 [P2] iter 292: merge done, full_size=311540672
R0 [P2] iter 293 done: global_full_size=311540672
R0 [P2] iter 293: PRE-JOIN GPU mem: 81.8GB free / 85.1GB total | delta_size=23013 full_size=311540672
R0 [P2] iter 293: join done, raw=22997 result_size=22983
R0 [P2] iter 293: split done, delta_size=22983
R0 [P2] iter 293: dedup done, delta_size=22983
R0 [P2] iter 293: subtract done, delta_size=22725
R0 [P2] iter 293: merge done, full_size=311563397
R0 [P2] iter 294 done: global_full_size=311563397
R0 [P2] iter 294: PRE-JOIN GPU mem: 81.8GB free / 85.1GB total | delta_size=22725 full_size=311563397
R0 [P2] iter 294: join done, raw=22716 result_size=22702
R0 [P2] iter 294: split done, delta_size=22702
R0 [P2] iter 294: dedup done, delta_size=22702
R0 [P2] iter 294: subtract done, delta_size=22447
R0 [P2] iter 294: merge done, full_size=311585844
R0 [P2] iter 295 done: global_full_size=311585844
R0 [P2] iter 295: PRE-JOIN GPU mem: 81.8GB free / 85.1GB total | delta_size=22447 full_size=311585844
R0 [P2] iter 295: join done, raw=22436 result_size=22422
R0 [P2] iter 295: split done, delta_size=22422
R0 [P2] iter 295: dedup done, delta_size=22422
R0 [P2] iter 295: subtract done, delta_size=22168
R0 [P2] iter 295: merge done, full_size=311608012
R0 [P2] iter 296 done: global_full_size=311608012
R0 [P2] iter 296: PRE-JOIN GPU mem: 81.8GB free / 85.1GB total | delta_size=22168 full_size=311608012
R0 [P2] iter 296: join done, raw=22154 result_size=22140
R0 [P2] iter 296: split done, delta_size=22140
R0 [P2] iter 296: dedup done, delta_size=22140
R0 [P2] iter 296: subtract done, delta_size=21892
R0 [P2] iter 296: merge done, full_size=311629904
R0 [P2] iter 297 done: global_full_size=311629904
R0 [P2] iter 297: PRE-JOIN GPU mem: 81.8GB free / 85.1GB total | delta_size=21892 full_size=311629904
R0 [P2] iter 297: join done, raw=21881 result_size=21867
R0 [P2] iter 297: split done, delta_size=21867
R0 [P2] iter 297: dedup done, delta_size=21867
R0 [P2] iter 297: subtract done, delta_size=21626
R0 [P2] iter 297: merge done, full_size=311651530
R0 [P2] iter 298 done: global_full_size=311651530
R0 [P2] iter 298: PRE-JOIN GPU mem: 81.8GB free / 85.1GB total | delta_size=21626 full_size=311651530
R0 [P2] iter 298: join done, raw=21616 result_size=21602
R0 [P2] iter 298: split done, delta_size=21602
R0 [P2] iter 298: dedup done, delta_size=21602
R0 [P2] iter 298: subtract done, delta_size=21364
R0 [P2] iter 298: merge done, full_size=311672894
R0 [P2] iter 299 done: global_full_size=311672894
R0 [P2] iter 299: PRE-JOIN GPU mem: 81.8GB free / 85.1GB total | delta_size=21364 full_size=311672894
R0 [P2] iter 299: join done, raw=21359 result_size=21345
R0 [P2] iter 299: split done, delta_size=21345
R0 [P2] iter 299: dedup done, delta_size=21345
R0 [P2] iter 299: subtract done, delta_size=21108
R0 [P2] iter 299: merge done, full_size=311694002
R0 [P2] iter 300 done: global_full_size=311694002
R0 [P2] iter 300: PRE-JOIN GPU mem: 81.8GB free / 85.1GB total | delta_size=21108 full_size=311694002
R0 [P2] iter 300: join done, raw=21102 result_size=21088
R0 [P2] iter 300: split done, delta_size=21088
R0 [P2] iter 300: dedup done, delta_size=21088
R0 [P2] iter 300: subtract done, delta_size=20851
R0 [P2] iter 300: merge done, full_size=311714853
R0 [P2] iter 301 done: global_full_size=311714853
R0 [P2] iter 301: PRE-JOIN GPU mem: 81.8GB free / 85.1GB total | delta_size=20851 full_size=311714853
R0 [P2] iter 301: join done, raw=20846 result_size=20833
R0 [P2] iter 301: split done, delta_size=20833
R0 [P2] iter 301: dedup done, delta_size=20833
R0 [P2] iter 301: subtract done, delta_size=20597
R0 [P2] iter 301: merge done, full_size=311735450
R0 [P2] iter 302 done: global_full_size=311735450
R0 [P2] iter 302: PRE-JOIN GPU mem: 81.8GB free / 85.1GB total | delta_size=20597 full_size=311735450
R0 [P2] iter 302: join done, raw=20587 result_size=20574
R0 [P2] iter 302: split done, delta_size=20574
R0 [P2] iter 302: dedup done, delta_size=20574
R0 [P2] iter 302: subtract done, delta_size=20342
R0 [P2] iter 302: merge done, full_size=311755792
R0 [P2] iter 303 done: global_full_size=311755792
R0 [P2] iter 303: PRE-JOIN GPU mem: 81.8GB free / 85.1GB total | delta_size=20342 full_size=311755792
R0 [P2] iter 303: join done, raw=20341 result_size=20328
R0 [P2] iter 303: split done, delta_size=20328
R0 [P2] iter 303: dedup done, delta_size=20328
R0 [P2] iter 303: subtract done, delta_size=20098
R0 [P2] iter 303: merge done, full_size=311775890
R0 [P2] iter 304 done: global_full_size=311775890
R0 [P2] iter 304: PRE-JOIN GPU mem: 81.8GB free / 85.1GB total | delta_size=20098 full_size=311775890
R0 [P2] iter 304: join done, raw=20094 result_size=20081
R0 [P2] iter 304: split done, delta_size=20081
R0 [P2] iter 304: dedup done, delta_size=20081
R0 [P2] iter 304: subtract done, delta_size=19851
R0 [P2] iter 304: merge done, full_size=311795741
R0 [P2] iter 305 done: global_full_size=311795741
R0 [P2] iter 305: PRE-JOIN GPU mem: 81.8GB free / 85.1GB total | delta_size=19851 full_size=311795741
R0 [P2] iter 305: join done, raw=19852 result_size=19839
R0 [P2] iter 305: split done, delta_size=19839
R0 [P2] iter 305: dedup done, delta_size=19839
R0 [P2] iter 305: subtract done, delta_size=19614
R0 [P2] iter 305: merge done, full_size=311815355
R0 [P2] iter 306 done: global_full_size=311815355
R0 [P2] iter 306: PRE-JOIN GPU mem: 81.8GB free / 85.1GB total | delta_size=19614 full_size=311815355
R0 [P2] iter 306: join done, raw=19617 result_size=19605
R0 [P2] iter 306: split done, delta_size=19605
R0 [P2] iter 306: dedup done, delta_size=19605
R0 [P2] iter 306: subtract done, delta_size=19384
R0 [P2] iter 306: merge done, full_size=311834739
R0 [P2] iter 307 done: global_full_size=311834739
R0 [P2] iter 307: PRE-JOIN GPU mem: 81.8GB free / 85.1GB total | delta_size=19384 full_size=311834739
R0 [P2] iter 307: join done, raw=19383 result_size=19371
R0 [P2] iter 307: split done, delta_size=19371
R0 [P2] iter 307: dedup done, delta_size=19371
R0 [P2] iter 307: subtract done, delta_size=19154
R0 [P2] iter 307: merge done, full_size=311853893
R0 [P2] iter 308 done: global_full_size=311853893
R0 [P2] iter 308: PRE-JOIN GPU mem: 81.8GB free / 85.1GB total | delta_size=19154 full_size=311853893
R0 [P2] iter 308: join done, raw=19152 result_size=19140
R0 [P2] iter 308: split done, delta_size=19140
R0 [P2] iter 308: dedup done, delta_size=19140
R0 [P2] iter 308: subtract done, delta_size=18926
R0 [P2] iter 308: merge done, full_size=311872819
R0 [P2] iter 309 done: global_full_size=311872819
R0 [P2] iter 309: PRE-JOIN GPU mem: 81.8GB free / 85.1GB total | delta_size=18926 full_size=311872819
R0 [P2] iter 309: join done, raw=18920 result_size=18908
R0 [P2] iter 309: split done, delta_size=18908
R0 [P2] iter 309: dedup done, delta_size=18908
R0 [P2] iter 309: subtract done, delta_size=18699
R0 [P2] iter 309: merge done, full_size=311891518
R0 [P2] iter 310 done: global_full_size=311891518
R0 [P2] iter 310: PRE-JOIN GPU mem: 81.8GB free / 85.1GB total | delta_size=18699 full_size=311891518
R0 [P2] iter 310: join done, raw=18694 result_size=18682
R0 [P2] iter 310: split done, delta_size=18682
R0 [P2] iter 310: dedup done, delta_size=18682
R0 [P2] iter 310: subtract done, delta_size=18474
R0 [P2] iter 310: merge done, full_size=311909992
R0 [P2] iter 311 done: global_full_size=311909992
R0 [P2] iter 311: PRE-JOIN GPU mem: 81.8GB free / 85.1GB total | delta_size=18474 full_size=311909992
R0 [P2] iter 311: join done, raw=18459 result_size=18447
R0 [P2] iter 311: split done, delta_size=18447
R0 [P2] iter 311: dedup done, delta_size=18447
R0 [P2] iter 311: subtract done, delta_size=18241
R0 [P2] iter 311: merge done, full_size=311928233
R0 [P2] iter 312 done: global_full_size=311928233
R0 [P2] iter 312: PRE-JOIN GPU mem: 81.8GB free / 85.1GB total | delta_size=18241 full_size=311928233
R0 [P2] iter 312: join done, raw=18225 result_size=18214
R0 [P2] iter 312: split done, delta_size=18214
R0 [P2] iter 312: dedup done, delta_size=18214
R0 [P2] iter 312: subtract done, delta_size=18012
R0 [P2] iter 312: merge done, full_size=311946245
R0 [P2] iter 313 done: global_full_size=311946245
R0 [P2] iter 313: PRE-JOIN GPU mem: 81.8GB free / 85.1GB total | delta_size=18012 full_size=311946245
R0 [P2] iter 313: join done, raw=17996 result_size=17986
R0 [P2] iter 313: split done, delta_size=17986
R0 [P2] iter 313: dedup done, delta_size=17986
R0 [P2] iter 313: subtract done, delta_size=17789
R0 [P2] iter 313: merge done, full_size=311964034
R0 [P2] iter 314 done: global_full_size=311964034
R0 [P2] iter 314: PRE-JOIN GPU mem: 81.8GB free / 85.1GB total | delta_size=17789 full_size=311964034
R0 [P2] iter 314: join done, raw=17778 result_size=17768
R0 [P2] iter 314: split done, delta_size=17768
R0 [P2] iter 314: dedup done, delta_size=17768
R0 [P2] iter 314: subtract done, delta_size=17575
R0 [P2] iter 314: merge done, full_size=311981609
R0 [P2] iter 315 done: global_full_size=311981609
R0 [P2] iter 315: PRE-JOIN GPU mem: 81.8GB free / 85.1GB total | delta_size=17575 full_size=311981609
R0 [P2] iter 315: join done, raw=17564 result_size=17554
R0 [P2] iter 315: split done, delta_size=17554
R0 [P2] iter 315: dedup done, delta_size=17554
R0 [P2] iter 315: subtract done, delta_size=17367
R0 [P2] iter 315: merge done, full_size=311998976
R0 [P2] iter 316 done: global_full_size=311998976
R0 [P2] iter 316: PRE-JOIN GPU mem: 81.8GB free / 85.1GB total | delta_size=17367 full_size=311998976
R0 [P2] iter 316: join done, raw=17349 result_size=17339
R0 [P2] iter 316: split done, delta_size=17339
R0 [P2] iter 316: dedup done, delta_size=17339
R0 [P2] iter 316: subtract done, delta_size=17154
R0 [P2] iter 316: merge done, full_size=312016130
R0 [P2] iter 317 done: global_full_size=312016130
R0 [P2] iter 317: PRE-JOIN GPU mem: 81.8GB free / 85.1GB total | delta_size=17154 full_size=312016130
R0 [P2] iter 317: join done, raw=17134 result_size=17125
R0 [P2] iter 317: split done, delta_size=17125
R0 [P2] iter 317: dedup done, delta_size=17125
R0 [P2] iter 317: subtract done, delta_size=16946
R0 [P2] iter 317: merge done, full_size=312033076
R0 [P2] iter 318 done: global_full_size=312033076
R0 [P2] iter 318: PRE-JOIN GPU mem: 81.8GB free / 85.1GB total | delta_size=16946 full_size=312033076
R0 [P2] iter 318: join done, raw=16920 result_size=16911
R0 [P2] iter 318: split done, delta_size=16911
R0 [P2] iter 318: dedup done, delta_size=16911
R0 [P2] iter 318: subtract done, delta_size=16735
R0 [P2] iter 318: merge done, full_size=312049811
R0 [P2] iter 319 done: global_full_size=312049811
R0 [P2] iter 319: PRE-JOIN GPU mem: 81.8GB free / 85.1GB total | delta_size=16735 full_size=312049811
R0 [P2] iter 319: join done, raw=16708 result_size=16699
R0 [P2] iter 319: split done, delta_size=16699
R0 [P2] iter 319: dedup done, delta_size=16699
R0 [P2] iter 319: subtract done, delta_size=16527
R0 [P2] iter 319: merge done, full_size=312066338
R0 [P2] iter 320 done: global_full_size=312066338
R0 [P2] iter 320: PRE-JOIN GPU mem: 81.8GB free / 85.1GB total | delta_size=16527 full_size=312066338
R0 [P2] iter 320: join done, raw=16496 result_size=16487
R0 [P2] iter 320: split done, delta_size=16487
R0 [P2] iter 320: dedup done, delta_size=16487
R0 [P2] iter 320: subtract done, delta_size=16319
R0 [P2] iter 320: merge done, full_size=312082657
R0 [P2] iter 321 done: global_full_size=312082657
R0 [P2] iter 321: PRE-JOIN GPU mem: 81.8GB free / 85.1GB total | delta_size=16319 full_size=312082657
R0 [P2] iter 321: join done, raw=16278 result_size=16269
R0 [P2] iter 321: split done, delta_size=16269
R0 [P2] iter 321: dedup done, delta_size=16269
R0 [P2] iter 321: subtract done, delta_size=16110
R0 [P2] iter 321: merge done, full_size=312098767
R0 [P2] iter 322 done: global_full_size=312098767
R0 [P2] iter 322: PRE-JOIN GPU mem: 81.8GB free / 85.1GB total | delta_size=16110 full_size=312098767
R0 [P2] iter 322: join done, raw=16074 result_size=16066
R0 [P2] iter 322: split done, delta_size=16066
R0 [P2] iter 322: dedup done, delta_size=16066
R0 [P2] iter 322: subtract done, delta_size=15912
R0 [P2] iter 322: merge done, full_size=312114679
R0 [P2] iter 323 done: global_full_size=312114679
R0 [P2] iter 323: PRE-JOIN GPU mem: 81.8GB free / 85.1GB total | delta_size=15912 full_size=312114679
R0 [P2] iter 323: join done, raw=15879 result_size=15871
R0 [P2] iter 323: split done, delta_size=15871
R0 [P2] iter 323: dedup done, delta_size=15871
R0 [P2] iter 323: subtract done, delta_size=15722
R0 [P2] iter 323: merge done, full_size=312130401
R0 [P2] iter 324 done: global_full_size=312130401
R0 [P2] iter 324: PRE-JOIN GPU mem: 81.8GB free / 85.1GB total | delta_size=15722 full_size=312130401
R0 [P2] iter 324: join done, raw=15692 result_size=15684
R0 [P2] iter 324: split done, delta_size=15684
R0 [P2] iter 324: dedup done, delta_size=15684
R0 [P2] iter 324: subtract done, delta_size=15538
R0 [P2] iter 324: merge done, full_size=312145939
R0 [P2] iter 325 done: global_full_size=312145939
R0 [P2] iter 325: PRE-JOIN GPU mem: 81.8GB free / 85.1GB total | delta_size=15538 full_size=312145939
R0 [P2] iter 325: join done, raw=15509 result_size=15501
R0 [P2] iter 325: split done, delta_size=15501
R0 [P2] iter 325: dedup done, delta_size=15501
R0 [P2] iter 325: subtract done, delta_size=15358
R0 [P2] iter 325: merge done, full_size=312161297
R0 [P2] iter 326 done: global_full_size=312161297
R0 [P2] iter 326: PRE-JOIN GPU mem: 81.8GB free / 85.1GB total | delta_size=15358 full_size=312161297
R0 [P2] iter 326: join done, raw=15328 result_size=15320
R0 [P2] iter 326: split done, delta_size=15320
R0 [P2] iter 326: dedup done, delta_size=15320
R0 [P2] iter 326: subtract done, delta_size=15181
R0 [P2] iter 326: merge done, full_size=312176478
R0 [P2] iter 327 done: global_full_size=312176478
R0 [P2] iter 327: PRE-JOIN GPU mem: 81.8GB free / 85.1GB total | delta_size=15181 full_size=312176478
R0 [P2] iter 327: join done, raw=15152 result_size=15144
R0 [P2] iter 327: split done, delta_size=15144
R0 [P2] iter 327: dedup done, delta_size=15144
R0 [P2] iter 327: subtract done, delta_size=15008
R0 [P2] iter 327: merge done, full_size=312191486
R0 [P2] iter 328 done: global_full_size=312191486
R0 [P2] iter 328: PRE-JOIN GPU mem: 81.8GB free / 85.1GB total | delta_size=15008 full_size=312191486
R0 [P2] iter 328: join done, raw=14975 result_size=14968
R0 [P2] iter 328: split done, delta_size=14968
R0 [P2] iter 328: dedup done, delta_size=14968
R0 [P2] iter 328: subtract done, delta_size=14835
R0 [P2] iter 328: merge done, full_size=312206321
R0 [P2] iter 329 done: global_full_size=312206321
R0 [P2] iter 329: PRE-JOIN GPU mem: 81.8GB free / 85.1GB total | delta_size=14835 full_size=312206321
R0 [P2] iter 329: join done, raw=14812 result_size=14805
R0 [P2] iter 329: split done, delta_size=14805
R0 [P2] iter 329: dedup done, delta_size=14805
R0 [P2] iter 329: subtract done, delta_size=14674
R0 [P2] iter 329: merge done, full_size=312220995
R0 [P2] iter 330 done: global_full_size=312220995
R0 [P2] iter 330: PRE-JOIN GPU mem: 81.8GB free / 85.1GB total | delta_size=14674 full_size=312220995
R0 [P2] iter 330: join done, raw=14649 result_size=14642
R0 [P2] iter 330: split done, delta_size=14642
R0 [P2] iter 330: dedup done, delta_size=14642
R0 [P2] iter 330: subtract done, delta_size=14518
R0 [P2] iter 330: merge done, full_size=312235513
R0 [P2] iter 331 done: global_full_size=312235513
R0 [P2] iter 331: PRE-JOIN GPU mem: 81.8GB free / 85.1GB total | delta_size=14518 full_size=312235513
R0 [P2] iter 331: join done, raw=14497 result_size=14491
R0 [P2] iter 331: split done, delta_size=14491
R0 [P2] iter 331: dedup done, delta_size=14491
R0 [P2] iter 331: subtract done, delta_size=14368
R0 [P2] iter 331: merge done, full_size=312249881
R0 [P2] iter 332 done: global_full_size=312249881
R0 [P2] iter 332: PRE-JOIN GPU mem: 81.8GB free / 85.1GB total | delta_size=14368 full_size=312249881
R0 [P2] iter 332: join done, raw=14347 result_size=14341
R0 [P2] iter 332: split done, delta_size=14341
R0 [P2] iter 332: dedup done, delta_size=14341
R0 [P2] iter 332: subtract done, delta_size=14222
R0 [P2] iter 332: merge done, full_size=312264103
R0 [P2] iter 333 done: global_full_size=312264103
R0 [P2] iter 333: PRE-JOIN GPU mem: 81.8GB free / 85.1GB total | delta_size=14222 full_size=312264103
R0 [P2] iter 333: join done, raw=14203 result_size=14197
R0 [P2] iter 333: split done, delta_size=14197
R0 [P2] iter 333: dedup done, delta_size=14197
R0 [P2] iter 333: subtract done, delta_size=14078
R0 [P2] iter 333: merge done, full_size=312278181
R0 [P2] iter 334 done: global_full_size=312278181
R0 [P2] iter 334: PRE-JOIN GPU mem: 81.8GB free / 85.1GB total | delta_size=14078 full_size=312278181
R0 [P2] iter 334: join done, raw=14055 result_size=14049
R0 [P2] iter 334: split done, delta_size=14049
R0 [P2] iter 334: dedup done, delta_size=14049
R0 [P2] iter 334: subtract done, delta_size=13930
R0 [P2] iter 334: merge done, full_size=312292111
R0 [P2] iter 335 done: global_full_size=312292111
R0 [P2] iter 335: PRE-JOIN GPU mem: 81.8GB free / 85.1GB total | delta_size=13930 full_size=312292111
R0 [P2] iter 335: join done, raw=13912 result_size=13906
R0 [P2] iter 335: split done, delta_size=13906
R0 [P2] iter 335: dedup done, delta_size=13906
R0 [P2] iter 335: subtract done, delta_size=13787
R0 [P2] iter 335: merge done, full_size=312305898
R0 [P2] iter 336 done: global_full_size=312305898
R0 [P2] iter 336: PRE-JOIN GPU mem: 81.8GB free / 85.1GB total | delta_size=13787 full_size=312305898
R0 [P2] iter 336: join done, raw=13764 result_size=13758
R0 [P2] iter 336: split done, delta_size=13758
R0 [P2] iter 336: dedup done, delta_size=13758
R0 [P2] iter 336: subtract done, delta_size=13641
R0 [P2] iter 336: merge done, full_size=312319539
R0 [P2] iter 337 done: global_full_size=312319539
R0 [P2] iter 337: PRE-JOIN GPU mem: 81.8GB free / 85.1GB total | delta_size=13641 full_size=312319539
R0 [P2] iter 337: join done, raw=13615 result_size=13609
R0 [P2] iter 337: split done, delta_size=13609
R0 [P2] iter 337: dedup done, delta_size=13609
R0 [P2] iter 337: subtract done, delta_size=13493
R0 [P2] iter 337: merge done, full_size=312333032
R0 [P2] iter 338 done: global_full_size=312333032
R0 [P2] iter 338: PRE-JOIN GPU mem: 81.8GB free / 85.1GB total | delta_size=13493 full_size=312333032
R0 [P2] iter 338: join done, raw=13467 result_size=13461
R0 [P2] iter 338: split done, delta_size=13461
R0 [P2] iter 338: dedup done, delta_size=13461
R0 [P2] iter 338: subtract done, delta_size=13350
R0 [P2] iter 338: merge done, full_size=312346382
R0 [P2] iter 339 done: global_full_size=312346382
R0 [P2] iter 339: PRE-JOIN GPU mem: 81.8GB free / 85.1GB total | delta_size=13350 full_size=312346382
R0 [P2] iter 339: join done, raw=13319 result_size=13313
R0 [P2] iter 339: split done, delta_size=13313
R0 [P2] iter 339: dedup done, delta_size=13313
R0 [P2] iter 339: subtract done, delta_size=13204
R0 [P2] iter 339: merge done, full_size=312359586
R0 [P2] iter 340 done: global_full_size=312359586
R0 [P2] iter 340: PRE-JOIN GPU mem: 81.8GB free / 85.1GB total | delta_size=13204 full_size=312359586
R0 [P2] iter 340: join done, raw=13169 result_size=13163
R0 [P2] iter 340: split done, delta_size=13163
R0 [P2] iter 340: dedup done, delta_size=13163
R0 [P2] iter 340: subtract done, delta_size=13057
R0 [P2] iter 340: merge done, full_size=312372643
R0 [P2] iter 341 done: global_full_size=312372643
R0 [P2] iter 341: PRE-JOIN GPU mem: 81.8GB free / 85.1GB total | delta_size=13057 full_size=312372643
R0 [P2] iter 341: join done, raw=13026 result_size=13020
R0 [P2] iter 341: split done, delta_size=13020
R0 [P2] iter 341: dedup done, delta_size=13020
R0 [P2] iter 341: subtract done, delta_size=12914
R0 [P2] iter 341: merge done, full_size=312385557
R0 [P2] iter 342 done: global_full_size=312385557
R0 [P2] iter 342: PRE-JOIN GPU mem: 81.8GB free / 85.1GB total | delta_size=12914 full_size=312385557
R0 [P2] iter 342: join done, raw=12883 result_size=12877
R0 [P2] iter 342: split done, delta_size=12877
R0 [P2] iter 342: dedup done, delta_size=12877
R0 [P2] iter 342: subtract done, delta_size=12773
R0 [P2] iter 342: merge done, full_size=312398330
R0 [P2] iter 343 done: global_full_size=312398330
R0 [P2] iter 343: PRE-JOIN GPU mem: 81.8GB free / 85.1GB total | delta_size=12773 full_size=312398330
R0 [P2] iter 343: join done, raw=12746 result_size=12740
R0 [P2] iter 343: split done, delta_size=12740
R0 [P2] iter 343: dedup done, delta_size=12740
R0 [P2] iter 343: subtract done, delta_size=12639
R0 [P2] iter 343: merge done, full_size=312410969
R0 [P2] iter 344 done: global_full_size=312410969
R0 [P2] iter 344: PRE-JOIN GPU mem: 81.8GB free / 85.1GB total | delta_size=12639 full_size=312410969
R0 [P2] iter 344: join done, raw=12611 result_size=12605
R0 [P2] iter 344: split done, delta_size=12605
R0 [P2] iter 344: dedup done, delta_size=12605
R0 [P2] iter 344: subtract done, delta_size=12506
R0 [P2] iter 344: merge done, full_size=312423475
R0 [P2] iter 345 done: global_full_size=312423475
R0 [P2] iter 345: PRE-JOIN GPU mem: 81.8GB free / 85.1GB total | delta_size=12506 full_size=312423475
R0 [P2] iter 345: join done, raw=12478 result_size=12472
R0 [P2] iter 345: split done, delta_size=12472
R0 [P2] iter 345: dedup done, delta_size=12472
R0 [P2] iter 345: subtract done, delta_size=12373
R0 [P2] iter 345: merge done, full_size=312435848
R0 [P2] iter 346 done: global_full_size=312435848
R0 [P2] iter 346: PRE-JOIN GPU mem: 81.8GB free / 85.1GB total | delta_size=12373 full_size=312435848
R0 [P2] iter 346: join done, raw=12342 result_size=12336
R0 [P2] iter 346: split done, delta_size=12336
R0 [P2] iter 346: dedup done, delta_size=12336
R0 [P2] iter 346: subtract done, delta_size=12238
R0 [P2] iter 346: merge done, full_size=312448086
R0 [P2] iter 347 done: global_full_size=312448086
R0 [P2] iter 347: PRE-JOIN GPU mem: 81.8GB free / 85.1GB total | delta_size=12238 full_size=312448086
R0 [P2] iter 347: join done, raw=12205 result_size=12199
R0 [P2] iter 347: split done, delta_size=12199
R0 [P2] iter 347: dedup done, delta_size=12199
R0 [P2] iter 347: subtract done, delta_size=12103
R0 [P2] iter 347: merge done, full_size=312460189
R0 [P2] iter 348 done: global_full_size=312460189
R0 [P2] iter 348: PRE-JOIN GPU mem: 81.8GB free / 85.1GB total | delta_size=12103 full_size=312460189
R0 [P2] iter 348: join done, raw=12072 result_size=12066
R0 [P2] iter 348: split done, delta_size=12066
R0 [P2] iter 348: dedup done, delta_size=12066
R0 [P2] iter 348: subtract done, delta_size=11972
R0 [P2] iter 348: merge done, full_size=312472161
R0 [P2] iter 349 done: global_full_size=312472161
R0 [P2] iter 349: PRE-JOIN GPU mem: 81.8GB free / 85.1GB total | delta_size=11972 full_size=312472161
R0 [P2] iter 349: join done, raw=11940 result_size=11934
R0 [P2] iter 349: split done, delta_size=11934
R0 [P2] iter 349: dedup done, delta_size=11934
R0 [P2] iter 349: subtract done, delta_size=11841
R0 [P2] iter 349: merge done, full_size=312484002
R0 [P2] iter 350 done: global_full_size=312484002
R0 [P2] iter 350: PRE-JOIN GPU mem: 81.8GB free / 85.1GB total | delta_size=11841 full_size=312484002
R0 [P2] iter 350: join done, raw=11808 result_size=11804
R0 [P2] iter 350: split done, delta_size=11804
R0 [P2] iter 350: dedup done, delta_size=11804
R0 [P2] iter 350: subtract done, delta_size=11711
R0 [P2] iter 350: merge done, full_size=312495713
R0 [P2] iter 351 done: global_full_size=312495713
R0 [P2] iter 351: PRE-JOIN GPU mem: 81.8GB free / 85.1GB total | delta_size=11711 full_size=312495713
R0 [P2] iter 351: join done, raw=11676 result_size=11672
R0 [P2] iter 351: split done, delta_size=11672
R0 [P2] iter 351: dedup done, delta_size=11672
R0 [P2] iter 351: subtract done, delta_size=11579
R0 [P2] iter 351: merge done, full_size=312507292
R0 [P2] iter 352 done: global_full_size=312507292
R0 [P2] iter 352: PRE-JOIN GPU mem: 81.8GB free / 85.1GB total | delta_size=11579 full_size=312507292
R0 [P2] iter 352: join done, raw=11543 result_size=11539
R0 [P2] iter 352: split done, delta_size=11539
R0 [P2] iter 352: dedup done, delta_size=11539
R0 [P2] iter 352: subtract done, delta_size=11445
R0 [P2] iter 352: merge done, full_size=312518737
R0 [P2] iter 353 done: global_full_size=312518737
R0 [P2] iter 353: PRE-JOIN GPU mem: 81.8GB free / 85.1GB total | delta_size=11445 full_size=312518737
R0 [P2] iter 353: join done, raw=11410 result_size=11406
R0 [P2] iter 353: split done, delta_size=11406
R0 [P2] iter 353: dedup done, delta_size=11406
R0 [P2] iter 353: subtract done, delta_size=11312
R0 [P2] iter 353: merge done, full_size=312530049
R0 [P2] iter 354 done: global_full_size=312530049
R0 [P2] iter 354: PRE-JOIN GPU mem: 81.8GB free / 85.1GB total | delta_size=11312 full_size=312530049
R0 [P2] iter 354: join done, raw=11281 result_size=11277
R0 [P2] iter 354: split done, delta_size=11277
R0 [P2] iter 354: dedup done, delta_size=11277
R0 [P2] iter 354: subtract done, delta_size=11183
R0 [P2] iter 354: merge done, full_size=312541232
R0 [P2] iter 355 done: global_full_size=312541232
R0 [P2] iter 355: PRE-JOIN GPU mem: 81.8GB free / 85.1GB total | delta_size=11183 full_size=312541232
R0 [P2] iter 355: join done, raw=11151 result_size=11148
R0 [P2] iter 355: split done, delta_size=11148
R0 [P2] iter 355: dedup done, delta_size=11148
R0 [P2] iter 355: subtract done, delta_size=11053
R0 [P2] iter 355: merge done, full_size=312552285
R0 [P2] iter 356 done: global_full_size=312552285
R0 [P2] iter 356: PRE-JOIN GPU mem: 81.8GB free / 85.1GB total | delta_size=11053 full_size=312552285
R0 [P2] iter 356: join done, raw=11021 result_size=11018
R0 [P2] iter 356: split done, delta_size=11018
R0 [P2] iter 356: dedup done, delta_size=11018
R0 [P2] iter 356: subtract done, delta_size=10922
R0 [P2] iter 356: merge done, full_size=312563207
R0 [P2] iter 357 done: global_full_size=312563207
R0 [P2] iter 357: PRE-JOIN GPU mem: 81.8GB free / 85.1GB total | delta_size=10922 full_size=312563207
R0 [P2] iter 357: join done, raw=10882 result_size=10879
R0 [P2] iter 357: split done, delta_size=10879
R0 [P2] iter 357: dedup done, delta_size=10879
R0 [P2] iter 357: subtract done, delta_size=10785
R0 [P2] iter 357: merge done, full_size=312573992
R0 [P2] iter 358 done: global_full_size=312573992
R0 [P2] iter 358: PRE-JOIN GPU mem: 81.8GB free / 85.1GB total | delta_size=10785 full_size=312573992
R0 [P2] iter 358: join done, raw=10756 result_size=10753
R0 [P2] iter 358: split done, delta_size=10753
R0 [P2] iter 358: dedup done, delta_size=10753
R0 [P2] iter 358: subtract done, delta_size=10661
R0 [P2] iter 358: merge done, full_size=312584653
R0 [P2] iter 359 done: global_full_size=312584653
R0 [P2] iter 359: PRE-JOIN GPU mem: 81.8GB free / 85.1GB total | delta_size=10661 full_size=312584653
R0 [P2] iter 359: join done, raw=10633 result_size=10630
R0 [P2] iter 359: split done, delta_size=10630
R0 [P2] iter 359: dedup done, delta_size=10630
R0 [P2] iter 359: subtract done, delta_size=10538
R0 [P2] iter 359: merge done, full_size=312595191
R0 [P2] iter 360 done: global_full_size=312595191
R0 [P2] iter 360: PRE-JOIN GPU mem: 81.8GB free / 85.1GB total | delta_size=10538 full_size=312595191
R0 [P2] iter 360: join done, raw=10510 result_size=10507
R0 [P2] iter 360: split done, delta_size=10507
R0 [P2] iter 360: dedup done, delta_size=10507
R0 [P2] iter 360: subtract done, delta_size=10416
R0 [P2] iter 360: merge done, full_size=312605607
R0 [P2] iter 361 done: global_full_size=312605607
R0 [P2] iter 361: PRE-JOIN GPU mem: 81.8GB free / 85.1GB total | delta_size=10416 full_size=312605607
R0 [P2] iter 361: join done, raw=10386 result_size=10383
R0 [P2] iter 361: split done, delta_size=10383
R0 [P2] iter 361: dedup done, delta_size=10383
R0 [P2] iter 361: subtract done, delta_size=10294
R0 [P2] iter 361: merge done, full_size=312615901
R0 [P2] iter 362 done: global_full_size=312615901
R0 [P2] iter 362: PRE-JOIN GPU mem: 81.8GB free / 85.1GB total | delta_size=10294 full_size=312615901
R0 [P2] iter 362: join done, raw=10261 result_size=10259
R0 [P2] iter 362: split done, delta_size=10259
R0 [P2] iter 362: dedup done, delta_size=10259
R0 [P2] iter 362: subtract done, delta_size=10170
R0 [P2] iter 362: merge done, full_size=312626071
R0 [P2] iter 363 done: global_full_size=312626071
R0 [P2] iter 363: PRE-JOIN GPU mem: 81.8GB free / 85.1GB total | delta_size=10170 full_size=312626071
R0 [P2] iter 363: join done, raw=10138 result_size=10136
R0 [P2] iter 363: split done, delta_size=10136
R0 [P2] iter 363: dedup done, delta_size=10136
R0 [P2] iter 363: subtract done, delta_size=10049
R0 [P2] iter 363: merge done, full_size=312636120
R0 [P2] iter 364 done: global_full_size=312636120
R0 [P2] iter 364: PRE-JOIN GPU mem: 81.8GB free / 85.1GB total | delta_size=10049 full_size=312636120
R0 [P2] iter 364: join done, raw=10017 result_size=10015
R0 [P2] iter 364: split done, delta_size=10015
R0 [P2] iter 364: dedup done, delta_size=10015
R0 [P2] iter 364: subtract done, delta_size=9932
R0 [P2] iter 364: merge done, full_size=312646052
R0 [P2] iter 365 done: global_full_size=312646052
R0 [P2] iter 365: PRE-JOIN GPU mem: 81.8GB free / 85.1GB total | delta_size=9932 full_size=312646052
R0 [P2] iter 365: join done, raw=9901 result_size=9899
R0 [P2] iter 365: split done, delta_size=9899
R0 [P2] iter 365: dedup done, delta_size=9899
R0 [P2] iter 365: subtract done, delta_size=9818
R0 [P2] iter 365: merge done, full_size=312655870
R0 [P2] iter 366 done: global_full_size=312655870
R0 [P2] iter 366: PRE-JOIN GPU mem: 81.8GB free / 85.1GB total | delta_size=9818 full_size=312655870
R0 [P2] iter 366: join done, raw=9786 result_size=9784
R0 [P2] iter 366: split done, delta_size=9784
R0 [P2] iter 366: dedup done, delta_size=9784
R0 [P2] iter 366: subtract done, delta_size=9706
R0 [P2] iter 366: merge done, full_size=312665576
R0 [P2] iter 367 done: global_full_size=312665576
R0 [P2] iter 367: PRE-JOIN GPU mem: 81.8GB free / 85.1GB total | delta_size=9706 full_size=312665576
R0 [P2] iter 367: join done, raw=9673 result_size=9671
R0 [P2] iter 367: split done, delta_size=9671
R0 [P2] iter 367: dedup done, delta_size=9671
R0 [P2] iter 367: subtract done, delta_size=9595
R0 [P2] iter 367: merge done, full_size=312675171
R0 [P2] iter 368 done: global_full_size=312675171
R0 [P2] iter 368: PRE-JOIN GPU mem: 81.8GB free / 85.1GB total | delta_size=9595 full_size=312675171
R0 [P2] iter 368: join done, raw=9565 result_size=9563
R0 [P2] iter 368: split done, delta_size=9563
R0 [P2] iter 368: dedup done, delta_size=9563
R0 [P2] iter 368: subtract done, delta_size=9487
R0 [P2] iter 368: merge done, full_size=312684658
R0 [P2] iter 369 done: global_full_size=312684658
R0 [P2] iter 369: PRE-JOIN GPU mem: 81.8GB free / 85.1GB total | delta_size=9487 full_size=312684658
R0 [P2] iter 369: join done, raw=9459 result_size=9457
R0 [P2] iter 369: split done, delta_size=9457
R0 [P2] iter 369: dedup done, delta_size=9457
R0 [P2] iter 369: subtract done, delta_size=9382
R0 [P2] iter 369: merge done, full_size=312694040
R0 [P2] iter 370 done: global_full_size=312694040
R0 [P2] iter 370: PRE-JOIN GPU mem: 81.8GB free / 85.1GB total | delta_size=9382 full_size=312694040
R0 [P2] iter 370: join done, raw=9351 result_size=9349
R0 [P2] iter 370: split done, delta_size=9349
R0 [P2] iter 370: dedup done, delta_size=9349
R0 [P2] iter 370: subtract done, delta_size=9274
R0 [P2] iter 370: merge done, full_size=312703314
R0 [P2] iter 371 done: global_full_size=312703314
R0 [P2] iter 371: PRE-JOIN GPU mem: 81.8GB free / 85.1GB total | delta_size=9274 full_size=312703314
R0 [P2] iter 371: join done, raw=9244 result_size=9242
R0 [P2] iter 371: split done, delta_size=9242
R0 [P2] iter 371: dedup done, delta_size=9242
R0 [P2] iter 371: subtract done, delta_size=9168
R0 [P2] iter 371: merge done, full_size=312712482
R0 [P2] iter 372 done: global_full_size=312712482
R0 [P2] iter 372: PRE-JOIN GPU mem: 81.8GB free / 85.1GB total | delta_size=9168 full_size=312712482
R0 [P2] iter 372: join done, raw=9139 result_size=9137
R0 [P2] iter 372: split done, delta_size=9137
R0 [P2] iter 372: dedup done, delta_size=9137
R0 [P2] iter 372: subtract done, delta_size=9063
R0 [P2] iter 372: merge done, full_size=312721545
R0 [P2] iter 373 done: global_full_size=312721545
R0 [P2] iter 373: PRE-JOIN GPU mem: 81.8GB free / 85.1GB total | delta_size=9063 full_size=312721545
R0 [P2] iter 373: join done, raw=9039 result_size=9037
R0 [P2] iter 373: split done, delta_size=9037
R0 [P2] iter 373: dedup done, delta_size=9037
R0 [P2] iter 373: subtract done, delta_size=8965
R0 [P2] iter 373: merge done, full_size=312730510
R0 [P2] iter 374 done: global_full_size=312730510
R0 [P2] iter 374: PRE-JOIN GPU mem: 81.8GB free / 85.1GB total | delta_size=8965 full_size=312730510
R0 [P2] iter 374: join done, raw=8941 result_size=8939
R0 [P2] iter 374: split done, delta_size=8939
R0 [P2] iter 374: dedup done, delta_size=8939
R0 [P2] iter 374: subtract done, delta_size=8869
R0 [P2] iter 374: merge done, full_size=312739379
R0 [P2] iter 375 done: global_full_size=312739379
R0 [P2] iter 375: PRE-JOIN GPU mem: 81.8GB free / 85.1GB total | delta_size=8869 full_size=312739379
R0 [P2] iter 375: join done, raw=8841 result_size=8839
R0 [P2] iter 375: split done, delta_size=8839
R0 [P2] iter 375: dedup done, delta_size=8839
R0 [P2] iter 375: subtract done, delta_size=8769
R0 [P2] iter 375: merge done, full_size=312748148
R0 [P2] iter 376 done: global_full_size=312748148
R0 [P2] iter 376: PRE-JOIN GPU mem: 81.8GB free / 85.1GB total | delta_size=8769 full_size=312748148
R0 [P2] iter 376: join done, raw=8738 result_size=8736
R0 [P2] iter 376: split done, delta_size=8736
R0 [P2] iter 376: dedup done, delta_size=8736
R0 [P2] iter 376: subtract done, delta_size=8667
R0 [P2] iter 376: merge done, full_size=312756815
R0 [P2] iter 377 done: global_full_size=312756815
R0 [P2] iter 377: PRE-JOIN GPU mem: 81.8GB free / 85.1GB total | delta_size=8667 full_size=312756815
R0 [P2] iter 377: join done, raw=8635 result_size=8633
R0 [P2] iter 377: split done, delta_size=8633
R0 [P2] iter 377: dedup done, delta_size=8633
R0 [P2] iter 377: subtract done, delta_size=8564
R0 [P2] iter 377: merge done, full_size=312765379
R0 [P2] iter 378 done: global_full_size=312765379
R0 [P2] iter 378: PRE-JOIN GPU mem: 81.8GB free / 85.1GB total | delta_size=8564 full_size=312765379
R0 [P2] iter 378: join done, raw=8535 result_size=8533
R0 [P2] iter 378: split done, delta_size=8533
R0 [P2] iter 378: dedup done, delta_size=8533
R0 [P2] iter 378: subtract done, delta_size=8465
R0 [P2] iter 378: merge done, full_size=312773844
R0 [P2] iter 379 done: global_full_size=312773844
R0 [P2] iter 379: PRE-JOIN GPU mem: 81.8GB free / 85.1GB total | delta_size=8465 full_size=312773844
R0 [P2] iter 379: join done, raw=8433 result_size=8431
R0 [P2] iter 379: split done, delta_size=8431
R0 [P2] iter 379: dedup done, delta_size=8431
R0 [P2] iter 379: subtract done, delta_size=8365
R0 [P2] iter 379: merge done, full_size=312782209
R0 [P2] iter 380 done: global_full_size=312782209
R0 [P2] iter 380: PRE-JOIN GPU mem: 81.8GB free / 85.1GB total | delta_size=8365 full_size=312782209
R0 [P2] iter 380: join done, raw=8335 result_size=8333
R0 [P2] iter 380: split done, delta_size=8333
R0 [P2] iter 380: dedup done, delta_size=8333
R0 [P2] iter 380: subtract done, delta_size=8268
R0 [P2] iter 380: merge done, full_size=312790477
R0 [P2] iter 381 done: global_full_size=312790477
R0 [P2] iter 381: PRE-JOIN GPU mem: 81.8GB free / 85.1GB total | delta_size=8268 full_size=312790477
R0 [P2] iter 381: join done, raw=8232 result_size=8231
R0 [P2] iter 381: split done, delta_size=8231
R0 [P2] iter 381: dedup done, delta_size=8231
R0 [P2] iter 381: subtract done, delta_size=8166
R0 [P2] iter 381: merge done, full_size=312798643
R0 [P2] iter 382 done: global_full_size=312798643
R0 [P2] iter 382: PRE-JOIN GPU mem: 81.8GB free / 85.1GB total | delta_size=8166 full_size=312798643
R0 [P2] iter 382: join done, raw=8129 result_size=8128
R0 [P2] iter 382: split done, delta_size=8128
R0 [P2] iter 382: dedup done, delta_size=8128
R0 [P2] iter 382: subtract done, delta_size=8063
R0 [P2] iter 382: merge done, full_size=312806706
R0 [P2] iter 383 done: global_full_size=312806706
R0 [P2] iter 383: PRE-JOIN GPU mem: 81.8GB free / 85.1GB total | delta_size=8063 full_size=312806706
R0 [P2] iter 383: join done, raw=8031 result_size=8030
R0 [P2] iter 383: split done, delta_size=8030
R0 [P2] iter 383: dedup done, delta_size=8030
R0 [P2] iter 383: subtract done, delta_size=7965
R0 [P2] iter 383: merge done, full_size=312814671
R0 [P2] iter 384 done: global_full_size=312814671
R0 [P2] iter 384: PRE-JOIN GPU mem: 81.8GB free / 85.1GB total | delta_size=7965 full_size=312814671
R0 [P2] iter 384: join done, raw=7931 result_size=7930
R0 [P2] iter 384: split done, delta_size=7930
R0 [P2] iter 384: dedup done, delta_size=7930
R0 [P2] iter 384: subtract done, delta_size=7865
R0 [P2] iter 384: merge done, full_size=312822536
R0 [P2] iter 385 done: global_full_size=312822536
R0 [P2] iter 385: PRE-JOIN GPU mem: 81.8GB free / 85.1GB total | delta_size=7865 full_size=312822536
R0 [P2] iter 385: join done, raw=7836 result_size=7835
R0 [P2] iter 385: split done, delta_size=7835
R0 [P2] iter 385: dedup done, delta_size=7835
R0 [P2] iter 385: subtract done, delta_size=7771
R0 [P2] iter 385: merge done, full_size=312830307
R0 [P2] iter 386 done: global_full_size=312830307
R0 [P2] iter 386: PRE-JOIN GPU mem: 81.8GB free / 85.1GB total | delta_size=7771 full_size=312830307
R0 [P2] iter 386: join done, raw=7743 result_size=7742
R0 [P2] iter 386: split done, delta_size=7742
R0 [P2] iter 386: dedup done, delta_size=7742
R0 [P2] iter 386: subtract done, delta_size=7679
R0 [P2] iter 386: merge done, full_size=312837986
R0 [P2] iter 387 done: global_full_size=312837986
R0 [P2] iter 387: PRE-JOIN GPU mem: 81.8GB free / 85.1GB total | delta_size=7679 full_size=312837986
R0 [P2] iter 387: join done, raw=7652 result_size=7651
R0 [P2] iter 387: split done, delta_size=7651
R0 [P2] iter 387: dedup done, delta_size=7651
R0 [P2] iter 387: subtract done, delta_size=7589
R0 [P2] iter 387: merge done, full_size=312845575
R0 [P2] iter 388 done: global_full_size=312845575
R0 [P2] iter 388: PRE-JOIN GPU mem: 81.8GB free / 85.1GB total | delta_size=7589 full_size=312845575
R0 [P2] iter 388: join done, raw=7562 result_size=7561
R0 [P2] iter 388: split done, delta_size=7561
R0 [P2] iter 388: dedup done, delta_size=7561
R0 [P2] iter 388: subtract done, delta_size=7500
R0 [P2] iter 388: merge done, full_size=312853075
R0 [P2] iter 389 done: global_full_size=312853075
R0 [P2] iter 389: PRE-JOIN GPU mem: 81.8GB free / 85.1GB total | delta_size=7500 full_size=312853075
R0 [P2] iter 389: join done, raw=7473 result_size=7472
R0 [P2] iter 389: split done, delta_size=7472
R0 [P2] iter 389: dedup done, delta_size=7472
R0 [P2] iter 389: subtract done, delta_size=7411
R0 [P2] iter 389: merge done, full_size=312860486
R0 [P2] iter 390 done: global_full_size=312860486
R0 [P2] iter 390: PRE-JOIN GPU mem: 81.8GB free / 85.1GB total | delta_size=7411 full_size=312860486
R0 [P2] iter 390: join done, raw=7385 result_size=7384
R0 [P2] iter 390: split done, delta_size=7384
R0 [P2] iter 390: dedup done, delta_size=7384
R0 [P2] iter 390: subtract done, delta_size=7323
R0 [P2] iter 390: merge done, full_size=312867809
R0 [P2] iter 391 done: global_full_size=312867809
R0 [P2] iter 391: PRE-JOIN GPU mem: 81.8GB free / 85.1GB total | delta_size=7323 full_size=312867809
R0 [P2] iter 391: join done, raw=7297 result_size=7296
R0 [P2] iter 391: split done, delta_size=7296
R0 [P2] iter 391: dedup done, delta_size=7296
R0 [P2] iter 391: subtract done, delta_size=7238
R0 [P2] iter 391: merge done, full_size=312875047
R0 [P2] iter 392 done: global_full_size=312875047
R0 [P2] iter 392: PRE-JOIN GPU mem: 81.8GB free / 85.1GB total | delta_size=7238 full_size=312875047
R0 [P2] iter 392: join done, raw=7212 result_size=7211
R0 [P2] iter 392: split done, delta_size=7211
R0 [P2] iter 392: dedup done, delta_size=7211
R0 [P2] iter 392: subtract done, delta_size=7154
R0 [P2] iter 392: merge done, full_size=312882201
R0 [P2] iter 393 done: global_full_size=312882201
R0 [P2] iter 393: PRE-JOIN GPU mem: 81.8GB free / 85.1GB total | delta_size=7154 full_size=312882201
R0 [P2] iter 393: join done, raw=7133 result_size=7132
R0 [P2] iter 393: split done, delta_size=7132
R0 [P2] iter 393: dedup done, delta_size=7132
R0 [P2] iter 393: subtract done, delta_size=7075
R0 [P2] iter 393: merge done, full_size=312889276
R0 [P2] iter 394 done: global_full_size=312889276
R0 [P2] iter 394: PRE-JOIN GPU mem: 81.8GB free / 85.1GB total | delta_size=7075 full_size=312889276
R0 [P2] iter 394: join done, raw=7051 result_size=7050
R0 [P2] iter 394: split done, delta_size=7050
R0 [P2] iter 394: dedup done, delta_size=7050
R0 [P2] iter 394: subtract done, delta_size=6994
R0 [P2] iter 394: merge done, full_size=312896270
R0 [P2] iter 395 done: global_full_size=312896270
R0 [P2] iter 395: PRE-JOIN GPU mem: 81.8GB free / 85.1GB total | delta_size=6994 full_size=312896270
R0 [P2] iter 395: join done, raw=6967 result_size=6966
R0 [P2] iter 395: split done, delta_size=6966
R0 [P2] iter 395: dedup done, delta_size=6966
R0 [P2] iter 395: subtract done, delta_size=6912
R0 [P2] iter 395: merge done, full_size=312903182
R0 [P2] iter 396 done: global_full_size=312903182
R0 [P2] iter 396: PRE-JOIN GPU mem: 81.8GB free / 85.1GB total | delta_size=6912 full_size=312903182
R0 [P2] iter 396: join done, raw=6886 result_size=6885
R0 [P2] iter 396: split done, delta_size=6885
R0 [P2] iter 396: dedup done, delta_size=6885
R0 [P2] iter 396: subtract done, delta_size=6832
R0 [P2] iter 396: merge done, full_size=312910014
R0 [P2] iter 397 done: global_full_size=312910014
R0 [P2] iter 397: PRE-JOIN GPU mem: 81.8GB free / 85.1GB total | delta_size=6832 full_size=312910014
R0 [P2] iter 397: join done, raw=6806 result_size=6805
R0 [P2] iter 397: split done, delta_size=6805
R0 [P2] iter 397: dedup done, delta_size=6805
R0 [P2] iter 397: subtract done, delta_size=6754
R0 [P2] iter 397: merge done, full_size=312916768
R0 [P2] iter 398 done: global_full_size=312916768
R0 [P2] iter 398: PRE-JOIN GPU mem: 81.8GB free / 85.1GB total | delta_size=6754 full_size=312916768
R0 [P2] iter 398: join done, raw=6730 result_size=6729
R0 [P2] iter 398: split done, delta_size=6729
R0 [P2] iter 398: dedup done, delta_size=6729
R0 [P2] iter 398: subtract done, delta_size=6681
R0 [P2] iter 398: merge done, full_size=312923449
R0 [P2] iter 399 done: global_full_size=312923449
R0 [P2] iter 399: PRE-JOIN GPU mem: 81.8GB free / 85.1GB total | delta_size=6681 full_size=312923449
R0 [P2] iter 399: join done, raw=6659 result_size=6658
R0 [P2] iter 399: split done, delta_size=6658
R0 [P2] iter 399: dedup done, delta_size=6658
R0 [P2] iter 399: subtract done, delta_size=6610
R0 [P2] iter 399: merge done, full_size=312930059
R0 [P2] iter 400 done: global_full_size=312930059
R0 [P2] iter 400: PRE-JOIN GPU mem: 81.8GB free / 85.1GB total | delta_size=6610 full_size=312930059
R0 [P2] iter 400: join done, raw=6586 result_size=6585
R0 [P2] iter 400: split done, delta_size=6585
R0 [P2] iter 400: dedup done, delta_size=6585
R0 [P2] iter 400: subtract done, delta_size=6538
R0 [P2] iter 400: merge done, full_size=312936597
R0 [P2] iter 401 done: global_full_size=312936597
R0 [P2] iter 401: PRE-JOIN GPU mem: 81.8GB free / 85.1GB total | delta_size=6538 full_size=312936597
R0 [P2] iter 401: join done, raw=6515 result_size=6514
R0 [P2] iter 401: split done, delta_size=6514
R0 [P2] iter 401: dedup done, delta_size=6514
R0 [P2] iter 401: subtract done, delta_size=6469
R0 [P2] iter 401: merge done, full_size=312943066
R0 [P2] iter 402 done: global_full_size=312943066
R0 [P2] iter 402: PRE-JOIN GPU mem: 81.8GB free / 85.1GB total | delta_size=6469 full_size=312943066
R0 [P2] iter 402: join done, raw=6445 result_size=6444
R0 [P2] iter 402: split done, delta_size=6444
R0 [P2] iter 402: dedup done, delta_size=6444
R0 [P2] iter 402: subtract done, delta_size=6400
R0 [P2] iter 402: merge done, full_size=312949466
R0 [P2] iter 403 done: global_full_size=312949466
R0 [P2] iter 403: PRE-JOIN GPU mem: 81.8GB free / 85.1GB total | delta_size=6400 full_size=312949466
R0 [P2] iter 403: join done, raw=6380 result_size=6379
R0 [P2] iter 403: split done, delta_size=6379
R0 [P2] iter 403: dedup done, delta_size=6379
R0 [P2] iter 403: subtract done, delta_size=6335
R0 [P2] iter 403: merge done, full_size=312955801
R0 [P2] iter 404 done: global_full_size=312955801
R0 [P2] iter 404: PRE-JOIN GPU mem: 81.8GB free / 85.1GB total | delta_size=6335 full_size=312955801
R0 [P2] iter 404: join done, raw=6311 result_size=6310
R0 [P2] iter 404: split done, delta_size=6310
R0 [P2] iter 404: dedup done, delta_size=6310
R0 [P2] iter 404: subtract done, delta_size=6267
R0 [P2] iter 404: merge done, full_size=312962068
R0 [P2] iter 405 done: global_full_size=312962068
R0 [P2] iter 405: PRE-JOIN GPU mem: 81.8GB free / 85.1GB total | delta_size=6267 full_size=312962068
R0 [P2] iter 405: join done, raw=6243 result_size=6242
R0 [P2] iter 405: split done, delta_size=6242
R0 [P2] iter 405: dedup done, delta_size=6242
R0 [P2] iter 405: subtract done, delta_size=6200
R0 [P2] iter 405: merge done, full_size=312968268
R0 [P2] iter 406 done: global_full_size=312968268
R0 [P2] iter 406: PRE-JOIN GPU mem: 81.8GB free / 85.1GB total | delta_size=6200 full_size=312968268
R0 [P2] iter 406: join done, raw=6176 result_size=6175
R0 [P2] iter 406: split done, delta_size=6175
R0 [P2] iter 406: dedup done, delta_size=6175
R0 [P2] iter 406: subtract done, delta_size=6133
R0 [P2] iter 406: merge done, full_size=312974401
R0 [P2] iter 407 done: global_full_size=312974401
R0 [P2] iter 407: PRE-JOIN GPU mem: 81.8GB free / 85.1GB total | delta_size=6133 full_size=312974401
R0 [P2] iter 407: join done, raw=6108 result_size=6107
R0 [P2] iter 407: split done, delta_size=6107
R0 [P2] iter 407: dedup done, delta_size=6107
R0 [P2] iter 407: subtract done, delta_size=6066
R0 [P2] iter 407: merge done, full_size=312980467
R0 [P2] iter 408 done: global_full_size=312980467
R0 [P2] iter 408: PRE-JOIN GPU mem: 81.8GB free / 85.1GB total | delta_size=6066 full_size=312980467
R0 [P2] iter 408: join done, raw=6042 result_size=6041
R0 [P2] iter 408: split done, delta_size=6041
R0 [P2] iter 408: dedup done, delta_size=6041
R0 [P2] iter 408: subtract done, delta_size=6000
R0 [P2] iter 408: merge done, full_size=312986467
R0 [P2] iter 409 done: global_full_size=312986467
R0 [P2] iter 409: PRE-JOIN GPU mem: 81.8GB free / 85.1GB total | delta_size=6000 full_size=312986467
R0 [P2] iter 409: join done, raw=5977 result_size=5976
R0 [P2] iter 409: split done, delta_size=5976
R0 [P2] iter 409: dedup done, delta_size=5976
R0 [P2] iter 409: subtract done, delta_size=5937
R0 [P2] iter 409: merge done, full_size=312992404
R0 [P2] iter 410 done: global_full_size=312992404
R0 [P2] iter 410: PRE-JOIN GPU mem: 81.8GB free / 85.1GB total | delta_size=5937 full_size=312992404
R0 [P2] iter 410: join done, raw=5912 result_size=5911
R0 [P2] iter 410: split done, delta_size=5911
R0 [P2] iter 410: dedup done, delta_size=5911
R0 [P2] iter 410: subtract done, delta_size=5872
R0 [P2] iter 410: merge done, full_size=312998276
R0 [P2] iter 411 done: global_full_size=312998276
R0 [P2] iter 411: PRE-JOIN GPU mem: 81.8GB free / 85.1GB total | delta_size=5872 full_size=312998276
R0 [P2] iter 411: join done, raw=5851 result_size=5850
R0 [P2] iter 411: split done, delta_size=5850
R0 [P2] iter 411: dedup done, delta_size=5850
R0 [P2] iter 411: subtract done, delta_size=5811
R0 [P2] iter 411: merge done, full_size=313004087
R0 [P2] iter 412 done: global_full_size=313004087
R0 [P2] iter 412: PRE-JOIN GPU mem: 81.8GB free / 85.1GB total | delta_size=5811 full_size=313004087
R0 [P2] iter 412: join done, raw=5787 result_size=5786
R0 [P2] iter 412: split done, delta_size=5786
R0 [P2] iter 412: dedup done, delta_size=5786
R0 [P2] iter 412: subtract done, delta_size=5747
R0 [P2] iter 412: merge done, full_size=313009834
R0 [P2] iter 413 done: global_full_size=313009834
R0 [P2] iter 413: PRE-JOIN GPU mem: 81.8GB free / 85.1GB total | delta_size=5747 full_size=313009834
R0 [P2] iter 413: join done, raw=5723 result_size=5722
R0 [P2] iter 413: split done, delta_size=5722
R0 [P2] iter 413: dedup done, delta_size=5722
R0 [P2] iter 413: subtract done, delta_size=5684
R0 [P2] iter 413: merge done, full_size=313015518
R0 [P2] iter 414 done: global_full_size=313015518
R0 [P2] iter 414: PRE-JOIN GPU mem: 81.8GB free / 85.1GB total | delta_size=5684 full_size=313015518
R0 [P2] iter 414: join done, raw=5662 result_size=5661
R0 [P2] iter 414: split done, delta_size=5661
R0 [P2] iter 414: dedup done, delta_size=5661
R0 [P2] iter 414: subtract done, delta_size=5623
R0 [P2] iter 414: merge done, full_size=313021141
R0 [P2] iter 415 done: global_full_size=313021141
R0 [P2] iter 415: PRE-JOIN GPU mem: 81.8GB free / 85.1GB total | delta_size=5623 full_size=313021141
R0 [P2] iter 415: join done, raw=5603 result_size=5602
R0 [P2] iter 415: split done, delta_size=5602
R0 [P2] iter 415: dedup done, delta_size=5602
R0 [P2] iter 415: subtract done, delta_size=5565
R0 [P2] iter 415: merge done, full_size=313026706
R0 [P2] iter 416 done: global_full_size=313026706
R0 [P2] iter 416: PRE-JOIN GPU mem: 81.8GB free / 85.1GB total | delta_size=5565 full_size=313026706
R0 [P2] iter 416: join done, raw=5542 result_size=5541
R0 [P2] iter 416: split done, delta_size=5541
R0 [P2] iter 416: dedup done, delta_size=5541
R0 [P2] iter 416: subtract done, delta_size=5507
R0 [P2] iter 416: merge done, full_size=313032213
R0 [P2] iter 417 done: global_full_size=313032213
R0 [P2] iter 417: PRE-JOIN GPU mem: 81.8GB free / 85.1GB total | delta_size=5507 full_size=313032213
R0 [P2] iter 417: join done, raw=5483 result_size=5482
R0 [P2] iter 417: split done, delta_size=5482
R0 [P2] iter 417: dedup done, delta_size=5482
R0 [P2] iter 417: subtract done, delta_size=5450
R0 [P2] iter 417: merge done, full_size=313037663
R0 [P2] iter 418 done: global_full_size=313037663
R0 [P2] iter 418: PRE-JOIN GPU mem: 81.8GB free / 85.1GB total | delta_size=5450 full_size=313037663
R0 [P2] iter 418: join done, raw=5428 result_size=5427
R0 [P2] iter 418: split done, delta_size=5427
R0 [P2] iter 418: dedup done, delta_size=5427
R0 [P2] iter 418: subtract done, delta_size=5395
R0 [P2] iter 418: merge done, full_size=313043058
R0 [P2] iter 419 done: global_full_size=313043058
R0 [P2] iter 419: PRE-JOIN GPU mem: 81.8GB free / 85.1GB total | delta_size=5395 full_size=313043058
R0 [P2] iter 419: join done, raw=5371 result_size=5370
R0 [P2] iter 419: split done, delta_size=5370
R0 [P2] iter 419: dedup done, delta_size=5370
R0 [P2] iter 419: subtract done, delta_size=5338
R0 [P2] iter 419: merge done, full_size=313048396
R0 [P2] iter 420 done: global_full_size=313048396
R0 [P2] iter 420: PRE-JOIN GPU mem: 81.8GB free / 85.1GB total | delta_size=5338 full_size=313048396
R0 [P2] iter 420: join done, raw=5311 result_size=5310
R0 [P2] iter 420: split done, delta_size=5310
R0 [P2] iter 420: dedup done, delta_size=5310
R0 [P2] iter 420: subtract done, delta_size=5278
R0 [P2] iter 420: merge done, full_size=313053674
R0 [P2] iter 421 done: global_full_size=313053674
R0 [P2] iter 421: PRE-JOIN GPU mem: 81.8GB free / 85.1GB total | delta_size=5278 full_size=313053674
R0 [P2] iter 421: join done, raw=5254 result_size=5253
R0 [P2] iter 421: split done, delta_size=5253
R0 [P2] iter 421: dedup done, delta_size=5253
R0 [P2] iter 421: subtract done, delta_size=5222
R0 [P2] iter 421: merge done, full_size=313058896
R0 [P2] iter 422 done: global_full_size=313058896
R0 [P2] iter 422: PRE-JOIN GPU mem: 81.8GB free / 85.1GB total | delta_size=5222 full_size=313058896
R0 [P2] iter 422: join done, raw=5199 result_size=5198
R0 [P2] iter 422: split done, delta_size=5198
R0 [P2] iter 422: dedup done, delta_size=5198
R0 [P2] iter 422: subtract done, delta_size=5167
R0 [P2] iter 422: merge done, full_size=313064063
R0 [P2] iter 423 done: global_full_size=313064063
R0 [P2] iter 423: PRE-JOIN GPU mem: 81.8GB free / 85.1GB total | delta_size=5167 full_size=313064063
R0 [P2] iter 423: join done, raw=5144 result_size=5143
R0 [P2] iter 423: split done, delta_size=5143
R0 [P2] iter 423: dedup done, delta_size=5143
R0 [P2] iter 423: subtract done, delta_size=5113
R0 [P2] iter 423: merge done, full_size=313069176
R0 [P2] iter 424 done: global_full_size=313069176
R0 [P2] iter 424: PRE-JOIN GPU mem: 81.8GB free / 85.1GB total | delta_size=5113 full_size=313069176
R0 [P2] iter 424: join done, raw=5089 result_size=5088
R0 [P2] iter 424: split done, delta_size=5088
R0 [P2] iter 424: dedup done, delta_size=5088
R0 [P2] iter 424: subtract done, delta_size=5058
R0 [P2] iter 424: merge done, full_size=313074234
R0 [P2] iter 425 done: global_full_size=313074234
R0 [P2] iter 425: PRE-JOIN GPU mem: 81.8GB free / 85.1GB total | delta_size=5058 full_size=313074234
R0 [P2] iter 425: join done, raw=5034 result_size=5033
R0 [P2] iter 425: split done, delta_size=5033
R0 [P2] iter 425: dedup done, delta_size=5033
R0 [P2] iter 425: subtract done, delta_size=5004
R0 [P2] iter 425: merge done, full_size=313079238
R0 [P2] iter 426 done: global_full_size=313079238
R0 [P2] iter 426: PRE-JOIN GPU mem: 81.8GB free / 85.1GB total | delta_size=5004 full_size=313079238
R0 [P2] iter 426: join done, raw=4978 result_size=4977
R0 [P2] iter 426: split done, delta_size=4977
R0 [P2] iter 426: dedup done, delta_size=4977
R0 [P2] iter 426: subtract done, delta_size=4948
R0 [P2] iter 426: merge done, full_size=313084186
R0 [P2] iter 427 done: global_full_size=313084186
R0 [P2] iter 427: PRE-JOIN GPU mem: 81.8GB free / 85.1GB total | delta_size=4948 full_size=313084186
R0 [P2] iter 427: join done, raw=4925 result_size=4924
R0 [P2] iter 427: split done, delta_size=4924
R0 [P2] iter 427: dedup done, delta_size=4924
R0 [P2] iter 427: subtract done, delta_size=4895
R0 [P2] iter 427: merge done, full_size=313089081
R0 [P2] iter 428 done: global_full_size=313089081
R0 [P2] iter 428: PRE-JOIN GPU mem: 81.8GB free / 85.1GB total | delta_size=4895 full_size=313089081
R0 [P2] iter 428: join done, raw=4870 result_size=4869
R0 [P2] iter 428: split done, delta_size=4869
R0 [P2] iter 428: dedup done, delta_size=4869
R0 [P2] iter 428: subtract done, delta_size=4840
R0 [P2] iter 428: merge done, full_size=313093921
R0 [P2] iter 429 done: global_full_size=313093921
R0 [P2] iter 429: PRE-JOIN GPU mem: 81.8GB free / 85.1GB total | delta_size=4840 full_size=313093921
R0 [P2] iter 429: join done, raw=4818 result_size=4817
R0 [P2] iter 429: split done, delta_size=4817
R0 [P2] iter 429: dedup done, delta_size=4817
R0 [P2] iter 429: subtract done, delta_size=4789
R0 [P2] iter 429: merge done, full_size=313098710
R0 [P2] iter 430 done: global_full_size=313098710
R0 [P2] iter 430: PRE-JOIN GPU mem: 81.8GB free / 85.1GB total | delta_size=4789 full_size=313098710
R0 [P2] iter 430: join done, raw=4768 result_size=4767
R0 [P2] iter 430: split done, delta_size=4767
R0 [P2] iter 430: dedup done, delta_size=4767
R0 [P2] iter 430: subtract done, delta_size=4739
R0 [P2] iter 430: merge done, full_size=313103449
R0 [P2] iter 431 done: global_full_size=313103449
R0 [P2] iter 431: PRE-JOIN GPU mem: 81.8GB free / 85.1GB total | delta_size=4739 full_size=313103449
R0 [P2] iter 431: join done, raw=4720 result_size=4719
R0 [P2] iter 431: split done, delta_size=4719
R0 [P2] iter 431: dedup done, delta_size=4719
R0 [P2] iter 431: subtract done, delta_size=4691
R0 [P2] iter 431: merge done, full_size=313108140
R0 [P2] iter 432 done: global_full_size=313108140
R0 [P2] iter 432: PRE-JOIN GPU mem: 81.8GB free / 85.1GB total | delta_size=4691 full_size=313108140
R0 [P2] iter 432: join done, raw=4671 result_size=4670
R0 [P2] iter 432: split done, delta_size=4670
R0 [P2] iter 432: dedup done, delta_size=4670
R0 [P2] iter 432: subtract done, delta_size=4642
R0 [P2] iter 432: merge done, full_size=313112782
R0 [P2] iter 433 done: global_full_size=313112782
R0 [P2] iter 433: PRE-JOIN GPU mem: 81.8GB free / 85.1GB total | delta_size=4642 full_size=313112782
R0 [P2] iter 433: join done, raw=4626 result_size=4625
R0 [P2] iter 433: split done, delta_size=4625
R0 [P2] iter 433: dedup done, delta_size=4625
R0 [P2] iter 433: subtract done, delta_size=4597
R0 [P2] iter 433: merge done, full_size=313117379
R0 [P2] iter 434 done: global_full_size=313117379
R0 [P2] iter 434: PRE-JOIN GPU mem: 81.8GB free / 85.1GB total | delta_size=4597 full_size=313117379
R0 [P2] iter 434: join done, raw=4581 result_size=4580
R0 [P2] iter 434: split done, delta_size=4580
R0 [P2] iter 434: dedup done, delta_size=4580
R0 [P2] iter 434: subtract done, delta_size=4553
R0 [P2] iter 434: merge done, full_size=313121932
R0 [P2] iter 435 done: global_full_size=313121932
R0 [P2] iter 435: PRE-JOIN GPU mem: 81.8GB free / 85.1GB total | delta_size=4553 full_size=313121932
R0 [P2] iter 435: join done, raw=4537 result_size=4536
R0 [P2] iter 435: split done, delta_size=4536
R0 [P2] iter 435: dedup done, delta_size=4536
R0 [P2] iter 435: subtract done, delta_size=4509
R0 [P2] iter 435: merge done, full_size=313126441
R0 [P2] iter 436 done: global_full_size=313126441
R0 [P2] iter 436: PRE-JOIN GPU mem: 81.8GB free / 85.1GB total | delta_size=4509 full_size=313126441
R0 [P2] iter 436: join done, raw=4492 result_size=4491
R0 [P2] iter 436: split done, delta_size=4491
R0 [P2] iter 436: dedup done, delta_size=4491
R0 [P2] iter 436: subtract done, delta_size=4464
R0 [P2] iter 436: merge done, full_size=313130905
R0 [P2] iter 437 done: global_full_size=313130905
R0 [P2] iter 437: PRE-JOIN GPU mem: 81.8GB free / 85.1GB total | delta_size=4464 full_size=313130905
R0 [P2] iter 437: join done, raw=4448 result_size=4447
R0 [P2] iter 437: split done, delta_size=4447
R0 [P2] iter 437: dedup done, delta_size=4447
R0 [P2] iter 437: subtract done, delta_size=4420
R0 [P2] iter 437: merge done, full_size=313135325
R0 [P2] iter 438 done: global_full_size=313135325
R0 [P2] iter 438: PRE-JOIN GPU mem: 81.8GB free / 85.1GB total | delta_size=4420 full_size=313135325
R0 [P2] iter 438: join done, raw=4405 result_size=4404
R0 [P2] iter 438: split done, delta_size=4404
R0 [P2] iter 438: dedup done, delta_size=4404
R0 [P2] iter 438: subtract done, delta_size=4378
R0 [P2] iter 438: merge done, full_size=313139703
R0 [P2] iter 439 done: global_full_size=313139703
R0 [P2] iter 439: PRE-JOIN GPU mem: 81.8GB free / 85.1GB total | delta_size=4378 full_size=313139703
R0 [P2] iter 439: join done, raw=4363 result_size=4362
R0 [P2] iter 439: split done, delta_size=4362
R0 [P2] iter 439: dedup done, delta_size=4362
R0 [P2] iter 439: subtract done, delta_size=4337
R0 [P2] iter 439: merge done, full_size=313144040
R0 [P2] iter 440 done: global_full_size=313144040
R0 [P2] iter 440: PRE-JOIN GPU mem: 81.8GB free / 85.1GB total | delta_size=4337 full_size=313144040
R0 [P2] iter 440: join done, raw=4321 result_size=4320
R0 [P2] iter 440: split done, delta_size=4320
R0 [P2] iter 440: dedup done, delta_size=4320
R0 [P2] iter 440: subtract done, delta_size=4295
R0 [P2] iter 440: merge done, full_size=313148335
R0 [P2] iter 441 done: global_full_size=313148335
R0 [P2] iter 441: PRE-JOIN GPU mem: 81.8GB free / 85.1GB total | delta_size=4295 full_size=313148335
R0 [P2] iter 441: join done, raw=4276 result_size=4275
R0 [P2] iter 441: split done, delta_size=4275
R0 [P2] iter 441: dedup done, delta_size=4275
R0 [P2] iter 441: subtract done, delta_size=4250
R0 [P2] iter 441: merge done, full_size=313152585
R0 [P2] iter 442 done: global_full_size=313152585
R0 [P2] iter 442: PRE-JOIN GPU mem: 81.8GB free / 85.1GB total | delta_size=4250 full_size=313152585
R0 [P2] iter 442: join done, raw=4234 result_size=4233
R0 [P2] iter 442: split done, delta_size=4233
R0 [P2] iter 442: dedup done, delta_size=4233
R0 [P2] iter 442: subtract done, delta_size=4208
R0 [P2] iter 442: merge done, full_size=313156793
R0 [P2] iter 443 done: global_full_size=313156793
R0 [P2] iter 443: PRE-JOIN GPU mem: 81.8GB free / 85.1GB total | delta_size=4208 full_size=313156793
R0 [P2] iter 443: join done, raw=4192 result_size=4191
R0 [P2] iter 443: split done, delta_size=4191
R0 [P2] iter 443: dedup done, delta_size=4191
R0 [P2] iter 443: subtract done, delta_size=4166
R0 [P2] iter 443: merge done, full_size=313160959
R0 [P2] iter 444 done: global_full_size=313160959
R0 [P2] iter 444: PRE-JOIN GPU mem: 81.8GB free / 85.1GB total | delta_size=4166 full_size=313160959
R0 [P2] iter 444: join done, raw=4151 result_size=4150
R0 [P2] iter 444: split done, delta_size=4150
R0 [P2] iter 444: dedup done, delta_size=4150
R0 [P2] iter 444: subtract done, delta_size=4125
R0 [P2] iter 444: merge done, full_size=313165084
R0 [P2] iter 445 done: global_full_size=313165084
R0 [P2] iter 445: PRE-JOIN GPU mem: 81.8GB free / 85.1GB total | delta_size=4125 full_size=313165084
R0 [P2] iter 445: join done, raw=4109 result_size=4108
R0 [P2] iter 445: split done, delta_size=4108
R0 [P2] iter 445: dedup done, delta_size=4108
R0 [P2] iter 445: subtract done, delta_size=4083
R0 [P2] iter 445: merge done, full_size=313169167
R0 [P2] iter 446 done: global_full_size=313169167
R0 [P2] iter 446: PRE-JOIN GPU mem: 81.8GB free / 85.1GB total | delta_size=4083 full_size=313169167
R0 [P2] iter 446: join done, raw=4068 result_size=4067
R0 [P2] iter 446: split done, delta_size=4067
R0 [P2] iter 446: dedup done, delta_size=4067
R0 [P2] iter 446: subtract done, delta_size=4042
R0 [P2] iter 446: merge done, full_size=313173209
R0 [P2] iter 447 done: global_full_size=313173209
R0 [P2] iter 447: PRE-JOIN GPU mem: 81.8GB free / 85.1GB total | delta_size=4042 full_size=313173209
R0 [P2] iter 447: join done, raw=4026 result_size=4025
R0 [P2] iter 447: split done, delta_size=4025
R0 [P2] iter 447: dedup done, delta_size=4025
R0 [P2] iter 447: subtract done, delta_size=4000
R0 [P2] iter 447: merge done, full_size=313177209
R0 [P2] iter 448 done: global_full_size=313177209
R0 [P2] iter 448: PRE-JOIN GPU mem: 81.8GB free / 85.1GB total | delta_size=4000 full_size=313177209
R0 [P2] iter 448: join done, raw=3982 result_size=3981
R0 [P2] iter 448: split done, delta_size=3981
R0 [P2] iter 448: dedup done, delta_size=3981
R0 [P2] iter 448: subtract done, delta_size=3956
R0 [P2] iter 448: merge done, full_size=313181165
R0 [P2] iter 449 done: global_full_size=313181165
R0 [P2] iter 449: PRE-JOIN GPU mem: 81.8GB free / 85.1GB total | delta_size=3956 full_size=313181165
R0 [P2] iter 449: join done, raw=3935 result_size=3935
R0 [P2] iter 449: split done, delta_size=3935
R0 [P2] iter 449: dedup done, delta_size=3935
R0 [P2] iter 449: subtract done, delta_size=3910
R0 [P2] iter 449: merge done, full_size=313185075
R0 [P2] iter 450 done: global_full_size=313185075
R0 [P2] iter 450: PRE-JOIN GPU mem: 81.8GB free / 85.1GB total | delta_size=3910 full_size=313185075
R0 [P2] iter 450: join done, raw=3892 result_size=3892
R0 [P2] iter 450: split done, delta_size=3892
R0 [P2] iter 450: dedup done, delta_size=3892
R0 [P2] iter 450: subtract done, delta_size=3868
R0 [P2] iter 450: merge done, full_size=313188943
R0 [P2] iter 451 done: global_full_size=313188943
R0 [P2] iter 451: PRE-JOIN GPU mem: 81.8GB free / 85.1GB total | delta_size=3868 full_size=313188943
R0 [P2] iter 451: join done, raw=3853 result_size=3853
R0 [P2] iter 451: split done, delta_size=3853
R0 [P2] iter 451: dedup done, delta_size=3853
R0 [P2] iter 451: subtract done, delta_size=3829
R0 [P2] iter 451: merge done, full_size=313192772
R0 [P2] iter 452 done: global_full_size=313192772
R0 [P2] iter 452: PRE-JOIN GPU mem: 81.8GB free / 85.1GB total | delta_size=3829 full_size=313192772
R0 [P2] iter 452: join done, raw=3817 result_size=3817
R0 [P2] iter 452: split done, delta_size=3817
R0 [P2] iter 452: dedup done, delta_size=3817
R0 [P2] iter 452: subtract done, delta_size=3793
R0 [P2] iter 452: merge done, full_size=313196565
R0 [P2] iter 453 done: global_full_size=313196565
R0 [P2] iter 453: PRE-JOIN GPU mem: 81.8GB free / 85.1GB total | delta_size=3793 full_size=313196565
R0 [P2] iter 453: join done, raw=3780 result_size=3780
R0 [P2] iter 453: split done, delta_size=3780
R0 [P2] iter 453: dedup done, delta_size=3780
R0 [P2] iter 453: subtract done, delta_size=3758
R0 [P2] iter 453: merge done, full_size=313200323
R0 [P2] iter 454 done: global_full_size=313200323
R0 [P2] iter 454: PRE-JOIN GPU mem: 81.8GB free / 85.1GB total | delta_size=3758 full_size=313200323
R0 [P2] iter 454: join done, raw=3745 result_size=3745
R0 [P2] iter 454: split done, delta_size=3745
R0 [P2] iter 454: dedup done, delta_size=3745
R0 [P2] iter 454: subtract done, delta_size=3723
R0 [P2] iter 454: merge done, full_size=313204046
R0 [P2] iter 455 done: global_full_size=313204046
R0 [P2] iter 455: PRE-JOIN GPU mem: 81.8GB free / 85.1GB total | delta_size=3723 full_size=313204046
R0 [P2] iter 455: join done, raw=3711 result_size=3711
R0 [P2] iter 455: split done, delta_size=3711
R0 [P2] iter 455: dedup done, delta_size=3711
R0 [P2] iter 455: subtract done, delta_size=3689
R0 [P2] iter 455: merge done, full_size=313207735
R0 [P2] iter 456 done: global_full_size=313207735
R0 [P2] iter 456: PRE-JOIN GPU mem: 81.8GB free / 85.1GB total | delta_size=3689 full_size=313207735
R0 [P2] iter 456: join done, raw=3677 result_size=3677
R0 [P2] iter 456: split done, delta_size=3677
R0 [P2] iter 456: dedup done, delta_size=3677
R0 [P2] iter 456: subtract done, delta_size=3655
R0 [P2] iter 456: merge done, full_size=313211390
R0 [P2] iter 457 done: global_full_size=313211390
R0 [P2] iter 457: PRE-JOIN GPU mem: 81.8GB free / 85.1GB total | delta_size=3655 full_size=313211390
R0 [P2] iter 457: join done, raw=3643 result_size=3643
R0 [P2] iter 457: split done, delta_size=3643
R0 [P2] iter 457: dedup done, delta_size=3643
R0 [P2] iter 457: subtract done, delta_size=3620
R0 [P2] iter 457: merge done, full_size=313215010
R0 [P2] iter 458 done: global_full_size=313215010
R0 [P2] iter 458: PRE-JOIN GPU mem: 81.8GB free / 85.1GB total | delta_size=3620 full_size=313215010
R0 [P2] iter 458: join done, raw=3609 result_size=3609
R0 [P2] iter 458: split done, delta_size=3609
R0 [P2] iter 458: dedup done, delta_size=3609
R0 [P2] iter 458: subtract done, delta_size=3587
R0 [P2] iter 458: merge done, full_size=313218597
R0 [P2] iter 459 done: global_full_size=313218597
R0 [P2] iter 459: PRE-JOIN GPU mem: 81.8GB free / 85.1GB total | delta_size=3587 full_size=313218597
R0 [P2] iter 459: join done, raw=3577 result_size=3577
R0 [P2] iter 459: split done, delta_size=3577
R0 [P2] iter 459: dedup done, delta_size=3577
R0 [P2] iter 459: subtract done, delta_size=3555
R0 [P2] iter 459: merge done, full_size=313222152
R0 [P2] iter 460 done: global_full_size=313222152
R0 [P2] iter 460: PRE-JOIN GPU mem: 81.8GB free / 85.1GB total | delta_size=3555 full_size=313222152
R0 [P2] iter 460: join done, raw=3545 result_size=3545
R0 [P2] iter 460: split done, delta_size=3545
R0 [P2] iter 460: dedup done, delta_size=3545
R0 [P2] iter 460: subtract done, delta_size=3523
R0 [P2] iter 460: merge done, full_size=313225675
R0 [P2] iter 461 done: global_full_size=313225675
R0 [P2] iter 461: PRE-JOIN GPU mem: 81.8GB free / 85.1GB total | delta_size=3523 full_size=313225675
R0 [P2] iter 461: join done, raw=3512 result_size=3512
R0 [P2] iter 461: split done, delta_size=3512
R0 [P2] iter 461: dedup done, delta_size=3512
R0 [P2] iter 461: subtract done, delta_size=3491
R0 [P2] iter 461: merge done, full_size=313229166
R0 [P2] iter 462 done: global_full_size=313229166
R0 [P2] iter 462: PRE-JOIN GPU mem: 81.8GB free / 85.1GB total | delta_size=3491 full_size=313229166
R0 [P2] iter 462: join done, raw=3482 result_size=3482
R0 [P2] iter 462: split done, delta_size=3482
R0 [P2] iter 462: dedup done, delta_size=3482
R0 [P2] iter 462: subtract done, delta_size=3461
R0 [P2] iter 462: merge done, full_size=313232627
R0 [P2] iter 463 done: global_full_size=313232627
R0 [P2] iter 463: PRE-JOIN GPU mem: 81.8GB free / 85.1GB total | delta_size=3461 full_size=313232627
R0 [P2] iter 463: join done, raw=3451 result_size=3451
R0 [P2] iter 463: split done, delta_size=3451
R0 [P2] iter 463: dedup done, delta_size=3451
R0 [P2] iter 463: subtract done, delta_size=3430
R0 [P2] iter 463: merge done, full_size=313236057
R0 [P2] iter 464 done: global_full_size=313236057
R0 [P2] iter 464: PRE-JOIN GPU mem: 81.8GB free / 85.1GB total | delta_size=3430 full_size=313236057
R0 [P2] iter 464: join done, raw=3420 result_size=3420
R0 [P2] iter 464: split done, delta_size=3420
R0 [P2] iter 464: dedup done, delta_size=3420
R0 [P2] iter 464: subtract done, delta_size=3399
R0 [P2] iter 464: merge done, full_size=313239456
R0 [P2] iter 465 done: global_full_size=313239456
R0 [P2] iter 465: PRE-JOIN GPU mem: 81.8GB free / 85.1GB total | delta_size=3399 full_size=313239456
R0 [P2] iter 465: join done, raw=3390 result_size=3390
R0 [P2] iter 465: split done, delta_size=3390
R0 [P2] iter 465: dedup done, delta_size=3390
R0 [P2] iter 465: subtract done, delta_size=3369
R0 [P2] iter 465: merge done, full_size=313242825
R0 [P2] iter 466 done: global_full_size=313242825
R0 [P2] iter 466: PRE-JOIN GPU mem: 81.8GB free / 85.1GB total | delta_size=3369 full_size=313242825
R0 [P2] iter 466: join done, raw=3362 result_size=3362
R0 [P2] iter 466: split done, delta_size=3362
R0 [P2] iter 466: dedup done, delta_size=3362
R0 [P2] iter 466: subtract done, delta_size=3342
R0 [P2] iter 466: merge done, full_size=313246167
R0 [P2] iter 467 done: global_full_size=313246167
R0 [P2] iter 467: PRE-JOIN GPU mem: 81.8GB free / 85.1GB total | delta_size=3342 full_size=313246167
R0 [P2] iter 467: join done, raw=3334 result_size=3334
R0 [P2] iter 467: split done, delta_size=3334
R0 [P2] iter 467: dedup done, delta_size=3334
R0 [P2] iter 467: subtract done, delta_size=3315
R0 [P2] iter 467: merge done, full_size=313249482
R0 [P2] iter 468 done: global_full_size=313249482
R0 [P2] iter 468: PRE-JOIN GPU mem: 81.8GB free / 85.1GB total | delta_size=3315 full_size=313249482
R0 [P2] iter 468: join done, raw=3308 result_size=3308
R0 [P2] iter 468: split done, delta_size=3308
R0 [P2] iter 468: dedup done, delta_size=3308
R0 [P2] iter 468: subtract done, delta_size=3289
R0 [P2] iter 468: merge done, full_size=313252771
R0 [P2] iter 469 done: global_full_size=313252771
R0 [P2] iter 469: PRE-JOIN GPU mem: 81.8GB free / 85.1GB total | delta_size=3289 full_size=313252771
R0 [P2] iter 469: join done, raw=3280 result_size=3280
R0 [P2] iter 469: split done, delta_size=3280
R0 [P2] iter 469: dedup done, delta_size=3280
R0 [P2] iter 469: subtract done, delta_size=3261
R0 [P2] iter 469: merge done, full_size=313256032
R0 [P2] iter 470 done: global_full_size=313256032
R0 [P2] iter 470: PRE-JOIN GPU mem: 81.8GB free / 85.1GB total | delta_size=3261 full_size=313256032
R0 [P2] iter 470: join done, raw=3252 result_size=3252
R0 [P2] iter 470: split done, delta_size=3252
R0 [P2] iter 470: dedup done, delta_size=3252
R0 [P2] iter 470: subtract done, delta_size=3234
R0 [P2] iter 470: merge done, full_size=313259266
R0 [P2] iter 471 done: global_full_size=313259266
R0 [P2] iter 471: PRE-JOIN GPU mem: 81.8GB free / 85.1GB total | delta_size=3234 full_size=313259266
R0 [P2] iter 471: join done, raw=3225 result_size=3225
R0 [P2] iter 471: split done, delta_size=3225
R0 [P2] iter 471: dedup done, delta_size=3225
R0 [P2] iter 471: subtract done, delta_size=3207
R0 [P2] iter 471: merge done, full_size=313262473
R0 [P2] iter 472 done: global_full_size=313262473
R0 [P2] iter 472: PRE-JOIN GPU mem: 81.8GB free / 85.1GB total | delta_size=3207 full_size=313262473
R0 [P2] iter 472: join done, raw=3199 result_size=3199
R0 [P2] iter 472: split done, delta_size=3199
R0 [P2] iter 472: dedup done, delta_size=3199
R0 [P2] iter 472: subtract done, delta_size=3181
R0 [P2] iter 472: merge done, full_size=313265654
R0 [P2] iter 473 done: global_full_size=313265654
R0 [P2] iter 473: PRE-JOIN GPU mem: 81.8GB free / 85.1GB total | delta_size=3181 full_size=313265654
R0 [P2] iter 473: join done, raw=3174 result_size=3174
R0 [P2] iter 473: split done, delta_size=3174
R0 [P2] iter 473: dedup done, delta_size=3174
R0 [P2] iter 473: subtract done, delta_size=3156
R0 [P2] iter 473: merge done, full_size=313268810
R0 [P2] iter 474 done: global_full_size=313268810
R0 [P2] iter 474: PRE-JOIN GPU mem: 81.8GB free / 85.1GB total | delta_size=3156 full_size=313268810
R0 [P2] iter 474: join done, raw=3149 result_size=3149
R0 [P2] iter 474: split done, delta_size=3149
R0 [P2] iter 474: dedup done, delta_size=3149
R0 [P2] iter 474: subtract done, delta_size=3131
R0 [P2] iter 474: merge done, full_size=313271941
R0 [P2] iter 475 done: global_full_size=313271941
R0 [P2] iter 475: PRE-JOIN GPU mem: 81.8GB free / 85.1GB total | delta_size=3131 full_size=313271941
R0 [P2] iter 475: join done, raw=3124 result_size=3124
R0 [P2] iter 475: split done, delta_size=3124
R0 [P2] iter 475: dedup done, delta_size=3124
R0 [P2] iter 475: subtract done, delta_size=3106
R0 [P2] iter 475: merge done, full_size=313275047
R0 [P2] iter 476 done: global_full_size=313275047
R0 [P2] iter 476: PRE-JOIN GPU mem: 81.8GB free / 85.1GB total | delta_size=3106 full_size=313275047
R0 [P2] iter 476: join done, raw=3101 result_size=3101
R0 [P2] iter 476: split done, delta_size=3101
R0 [P2] iter 476: dedup done, delta_size=3101
R0 [P2] iter 476: subtract done, delta_size=3083
R0 [P2] iter 476: merge done, full_size=313278130
R0 [P2] iter 477 done: global_full_size=313278130
R0 [P2] iter 477: PRE-JOIN GPU mem: 81.8GB free / 85.1GB total | delta_size=3083 full_size=313278130
R0 [P2] iter 477: join done, raw=3078 result_size=3078
R0 [P2] iter 477: split done, delta_size=3078
R0 [P2] iter 477: dedup done, delta_size=3078
R0 [P2] iter 477: subtract done, delta_size=3060
R0 [P2] iter 477: merge done, full_size=313281190
R0 [P2] iter 478 done: global_full_size=313281190
R0 [P2] iter 478: PRE-JOIN GPU mem: 81.8GB free / 85.1GB total | delta_size=3060 full_size=313281190
R0 [P2] iter 478: join done, raw=3054 result_size=3054
R0 [P2] iter 478: split done, delta_size=3054
R0 [P2] iter 478: dedup done, delta_size=3054
R0 [P2] iter 478: subtract done, delta_size=3036
R0 [P2] iter 478: merge done, full_size=313284226
R0 [P2] iter 479 done: global_full_size=313284226
R0 [P2] iter 479: PRE-JOIN GPU mem: 81.8GB free / 85.1GB total | delta_size=3036 full_size=313284226
R0 [P2] iter 479: join done, raw=3029 result_size=3029
R0 [P2] iter 479: split done, delta_size=3029
R0 [P2] iter 479: dedup done, delta_size=3029
R0 [P2] iter 479: subtract done, delta_size=3013
R0 [P2] iter 479: merge done, full_size=313287239
R0 [P2] iter 480 done: global_full_size=313287239
R0 [P2] iter 480: PRE-JOIN GPU mem: 81.8GB free / 85.1GB total | delta_size=3013 full_size=313287239
R0 [P2] iter 480: join done, raw=3006 result_size=3006
R0 [P2] iter 480: split done, delta_size=3006
R0 [P2] iter 480: dedup done, delta_size=3006
R0 [P2] iter 480: subtract done, delta_size=2990
R0 [P2] iter 480: merge done, full_size=313290229
R0 [P2] iter 481 done: global_full_size=313290229
R0 [P2] iter 481: PRE-JOIN GPU mem: 81.8GB free / 85.1GB total | delta_size=2990 full_size=313290229
R0 [P2] iter 481: join done, raw=2984 result_size=2984
R0 [P2] iter 481: split done, delta_size=2984
R0 [P2] iter 481: dedup done, delta_size=2984
R0 [P2] iter 481: subtract done, delta_size=2968
R0 [P2] iter 481: merge done, full_size=313293197
R0 [P2] iter 482 done: global_full_size=313293197
R0 [P2] iter 482: PRE-JOIN GPU mem: 81.8GB free / 85.1GB total | delta_size=2968 full_size=313293197
R0 [P2] iter 482: join done, raw=2962 result_size=2962
R0 [P2] iter 482: split done, delta_size=2962
R0 [P2] iter 482: dedup done, delta_size=2962
R0 [P2] iter 482: subtract done, delta_size=2947
R0 [P2] iter 482: merge done, full_size=313296144
R0 [P2] iter 483 done: global_full_size=313296144
R0 [P2] iter 483: PRE-JOIN GPU mem: 81.8GB free / 85.1GB total | delta_size=2947 full_size=313296144
R0 [P2] iter 483: join done, raw=2941 result_size=2941
R0 [P2] iter 483: split done, delta_size=2941
R0 [P2] iter 483: dedup done, delta_size=2941
R0 [P2] iter 483: subtract done, delta_size=2926
R0 [P2] iter 483: merge done, full_size=313299070
R0 [P2] iter 484 done: global_full_size=313299070
R0 [P2] iter 484: PRE-JOIN GPU mem: 81.8GB free / 85.1GB total | delta_size=2926 full_size=313299070
R0 [P2] iter 484: join done, raw=2920 result_size=2920
R0 [P2] iter 484: split done, delta_size=2920
R0 [P2] iter 484: dedup done, delta_size=2920
R0 [P2] iter 484: subtract done, delta_size=2905
R0 [P2] iter 484: merge done, full_size=313301975
R0 [P2] iter 485 done: global_full_size=313301975
R0 [P2] iter 485: PRE-JOIN GPU mem: 81.8GB free / 85.1GB total | delta_size=2905 full_size=313301975
R0 [P2] iter 485: join done, raw=2899 result_size=2899
R0 [P2] iter 485: split done, delta_size=2899
R0 [P2] iter 485: dedup done, delta_size=2899
R0 [P2] iter 485: subtract done, delta_size=2884
R0 [P2] iter 485: merge done, full_size=313304859
R0 [P2] iter 486 done: global_full_size=313304859
R0 [P2] iter 486: PRE-JOIN GPU mem: 81.8GB free / 85.1GB total | delta_size=2884 full_size=313304859
R0 [P2] iter 486: join done, raw=2878 result_size=2878
R0 [P2] iter 486: split done, delta_size=2878
R0 [P2] iter 486: dedup done, delta_size=2878
R0 [P2] iter 486: subtract done, delta_size=2863
R0 [P2] iter 486: merge done, full_size=313307722
R0 [P2] iter 487 done: global_full_size=313307722
R0 [P2] iter 487: PRE-JOIN GPU mem: 81.8GB free / 85.1GB total | delta_size=2863 full_size=313307722
R0 [P2] iter 487: join done, raw=2857 result_size=2857
R0 [P2] iter 487: split done, delta_size=2857
R0 [P2] iter 487: dedup done, delta_size=2857
R0 [P2] iter 487: subtract done, delta_size=2842
R0 [P2] iter 487: merge done, full_size=313310564
R0 [P2] iter 488 done: global_full_size=313310564
R0 [P2] iter 488: PRE-JOIN GPU mem: 81.8GB free / 85.1GB total | delta_size=2842 full_size=313310564
R0 [P2] iter 488: join done, raw=2835 result_size=2835
R0 [P2] iter 488: split done, delta_size=2835
R0 [P2] iter 488: dedup done, delta_size=2835
R0 [P2] iter 488: subtract done, delta_size=2820
R0 [P2] iter 488: merge done, full_size=313313384
R0 [P2] iter 489 done: global_full_size=313313384
R0 [P2] iter 489: PRE-JOIN GPU mem: 81.8GB free / 85.1GB total | delta_size=2820 full_size=313313384
R0 [P2] iter 489: join done, raw=2813 result_size=2813
R0 [P2] iter 489: split done, delta_size=2813
R0 [P2] iter 489: dedup done, delta_size=2813
R0 [P2] iter 489: subtract done, delta_size=2798
R0 [P2] iter 489: merge done, full_size=313316182
R0 [P2] iter 490 done: global_full_size=313316182
R0 [P2] iter 490: PRE-JOIN GPU mem: 81.8GB free / 85.1GB total | delta_size=2798 full_size=313316182
R0 [P2] iter 490: join done, raw=2789 result_size=2789
R0 [P2] iter 490: split done, delta_size=2789
R0 [P2] iter 490: dedup done, delta_size=2789
R0 [P2] iter 490: subtract done, delta_size=2774
R0 [P2] iter 490: merge done, full_size=313318956
R0 [P2] iter 491 done: global_full_size=313318956
R0 [P2] iter 491: PRE-JOIN GPU mem: 81.8GB free / 85.1GB total | delta_size=2774 full_size=313318956
R0 [P2] iter 491: join done, raw=2766 result_size=2766
R0 [P2] iter 491: split done, delta_size=2766
R0 [P2] iter 491: dedup done, delta_size=2766
R0 [P2] iter 491: subtract done, delta_size=2751
R0 [P2] iter 491: merge done, full_size=313321707
R0 [P2] iter 492 done: global_full_size=313321707
R0 [P2] iter 492: PRE-JOIN GPU mem: 81.8GB free / 85.1GB total | delta_size=2751 full_size=313321707
R0 [P2] iter 492: join done, raw=2741 result_size=2741
R0 [P2] iter 492: split done, delta_size=2741
R0 [P2] iter 492: dedup done, delta_size=2741
R0 [P2] iter 492: subtract done, delta_size=2726
R0 [P2] iter 492: merge done, full_size=313324433
R0 [P2] iter 493 done: global_full_size=313324433
R0 [P2] iter 493: PRE-JOIN GPU mem: 81.8GB free / 85.1GB total | delta_size=2726 full_size=313324433
R0 [P2] iter 493: join done, raw=2720 result_size=2720
R0 [P2] iter 493: split done, delta_size=2720
R0 [P2] iter 493: dedup done, delta_size=2720
R0 [P2] iter 493: subtract done, delta_size=2705
R0 [P2] iter 493: merge done, full_size=313327138
R0 [P2] iter 494 done: global_full_size=313327138
R0 [P2] iter 494: PRE-JOIN GPU mem: 81.8GB free / 85.1GB total | delta_size=2705 full_size=313327138
R0 [P2] iter 494: join done, raw=2701 result_size=2701
R0 [P2] iter 494: split done, delta_size=2701
R0 [P2] iter 494: dedup done, delta_size=2701
R0 [P2] iter 494: subtract done, delta_size=2686
R0 [P2] iter 494: merge done, full_size=313329824
R0 [P2] iter 495 done: global_full_size=313329824
R0 [P2] iter 495: PRE-JOIN GPU mem: 81.8GB free / 85.1GB total | delta_size=2686 full_size=313329824
R0 [P2] iter 495: join done, raw=2682 result_size=2682
R0 [P2] iter 495: split done, delta_size=2682
R0 [P2] iter 495: dedup done, delta_size=2682
R0 [P2] iter 495: subtract done, delta_size=2667
R0 [P2] iter 495: merge done, full_size=313332491
R0 [P2] iter 496 done: global_full_size=313332491
R0 [P2] iter 496: PRE-JOIN GPU mem: 81.8GB free / 85.1GB total | delta_size=2667 full_size=313332491
R0 [P2] iter 496: join done, raw=2663 result_size=2663
R0 [P2] iter 496: split done, delta_size=2663
R0 [P2] iter 496: dedup done, delta_size=2663
R0 [P2] iter 496: subtract done, delta_size=2648
R0 [P2] iter 496: merge done, full_size=313335139
R0 [P2] iter 497 done: global_full_size=313335139
R0 [P2] iter 497: PRE-JOIN GPU mem: 81.8GB free / 85.1GB total | delta_size=2648 full_size=313335139
R0 [P2] iter 497: join done, raw=2644 result_size=2644
R0 [P2] iter 497: split done, delta_size=2644
R0 [P2] iter 497: dedup done, delta_size=2644
R0 [P2] iter 497: subtract done, delta_size=2629
R0 [P2] iter 497: merge done, full_size=313337768
R0 [P2] iter 498 done: global_full_size=313337768
R0 [P2] iter 498: PRE-JOIN GPU mem: 81.8GB free / 85.1GB total | delta_size=2629 full_size=313337768
R0 [P2] iter 498: join done, raw=2625 result_size=2625
R0 [P2] iter 498: split done, delta_size=2625
R0 [P2] iter 498: dedup done, delta_size=2625
R0 [P2] iter 498: subtract done, delta_size=2610
R0 [P2] iter 498: merge done, full_size=313340378
R0 [P2] iter 499 done: global_full_size=313340378
R0 [P2] iter 499: PRE-JOIN GPU mem: 81.8GB free / 85.1GB total | delta_size=2610 full_size=313340378
R0 [P2] iter 499: join done, raw=2607 result_size=2607
R0 [P2] iter 499: split done, delta_size=2607
R0 [P2] iter 499: dedup done, delta_size=2607
R0 [P2] iter 499: subtract done, delta_size=2592
R0 [P2] iter 499: merge done, full_size=313342970
R0 [P2] iter 500 done: global_full_size=313342970
R0 [P2] iter 500: PRE-JOIN GPU mem: 81.8GB free / 85.1GB total | delta_size=2592 full_size=313342970
R0 [P2] iter 500: join done, raw=2588 result_size=2588
R0 [P2] iter 500: split done, delta_size=2588
R0 [P2] iter 500: dedup done, delta_size=2588
R0 [P2] iter 500: subtract done, delta_size=2573
R0 [P2] iter 500: merge done, full_size=313345543
R0 [P2] iter 501 done: global_full_size=313345543
R0 [P2] iter 501: PRE-JOIN GPU mem: 81.8GB free / 85.1GB total | delta_size=2573 full_size=313345543
R0 [P2] iter 501: join done, raw=2569 result_size=2569
R0 [P2] iter 501: split done, delta_size=2569
R0 [P2] iter 501: dedup done, delta_size=2569
R0 [P2] iter 501: subtract done, delta_size=2554
R0 [P2] iter 501: merge done, full_size=313348097
R0 [P2] iter 502 done: global_full_size=313348097
R0 [P2] iter 502: PRE-JOIN GPU mem: 81.8GB free / 85.1GB total | delta_size=2554 full_size=313348097
R0 [P2] iter 502: join done, raw=2551 result_size=2551
R0 [P2] iter 502: split done, delta_size=2551
R0 [P2] iter 502: dedup done, delta_size=2551
R0 [P2] iter 502: subtract done, delta_size=2536
R0 [P2] iter 502: merge done, full_size=313350633
R0 [P2] iter 503 done: global_full_size=313350633
R0 [P2] iter 503: PRE-JOIN GPU mem: 81.8GB free / 85.1GB total | delta_size=2536 full_size=313350633
R0 [P2] iter 503: join done, raw=2533 result_size=2533
R0 [P2] iter 503: split done, delta_size=2533
R0 [P2] iter 503: dedup done, delta_size=2533
R0 [P2] iter 503: subtract done, delta_size=2518
R0 [P2] iter 503: merge done, full_size=313353151
R0 [P2] iter 504 done: global_full_size=313353151
R0 [P2] iter 504: PRE-JOIN GPU mem: 81.8GB free / 85.1GB total | delta_size=2518 full_size=313353151
R0 [P2] iter 504: join done, raw=2515 result_size=2515
R0 [P2] iter 504: split done, delta_size=2515
R0 [P2] iter 504: dedup done, delta_size=2515
R0 [P2] iter 504: subtract done, delta_size=2500
R0 [P2] iter 504: merge done, full_size=313355651
R0 [P2] iter 505 done: global_full_size=313355651
R0 [P2] iter 505: PRE-JOIN GPU mem: 81.8GB free / 85.1GB total | delta_size=2500 full_size=313355651
R0 [P2] iter 505: join done, raw=2497 result_size=2497
R0 [P2] iter 505: split done, delta_size=2497
R0 [P2] iter 505: dedup done, delta_size=2497
R0 [P2] iter 505: subtract done, delta_size=2482
R0 [P2] iter 505: merge done, full_size=313358133
R0 [P2] iter 506 done: global_full_size=313358133
R0 [P2] iter 506: PRE-JOIN GPU mem: 81.8GB free / 85.1GB total | delta_size=2482 full_size=313358133
R0 [P2] iter 506: join done, raw=2479 result_size=2479
R0 [P2] iter 506: split done, delta_size=2479
R0 [P2] iter 506: dedup done, delta_size=2479
R0 [P2] iter 506: subtract done, delta_size=2464
R0 [P2] iter 506: merge done, full_size=313360597
R0 [P2] iter 507 done: global_full_size=313360597
R0 [P2] iter 507: PRE-JOIN GPU mem: 81.8GB free / 85.1GB total | delta_size=2464 full_size=313360597
R0 [P2] iter 507: join done, raw=2461 result_size=2461
R0 [P2] iter 507: split done, delta_size=2461
R0 [P2] iter 507: dedup done, delta_size=2461
R0 [P2] iter 507: subtract done, delta_size=2446
R0 [P2] iter 507: merge done, full_size=313363043
R0 [P2] iter 508 done: global_full_size=313363043
R0 [P2] iter 508: PRE-JOIN GPU mem: 81.8GB free / 85.1GB total | delta_size=2446 full_size=313363043
R0 [P2] iter 508: join done, raw=2443 result_size=2443
R0 [P2] iter 508: split done, delta_size=2443
R0 [P2] iter 508: dedup done, delta_size=2443
R0 [P2] iter 508: subtract done, delta_size=2428
R0 [P2] iter 508: merge done, full_size=313365471
R0 [P2] iter 509 done: global_full_size=313365471
R0 [P2] iter 509: PRE-JOIN GPU mem: 81.8GB free / 85.1GB total | delta_size=2428 full_size=313365471
R0 [P2] iter 509: join done, raw=2426 result_size=2426
R0 [P2] iter 509: split done, delta_size=2426
R0 [P2] iter 509: dedup done, delta_size=2426
R0 [P2] iter 509: subtract done, delta_size=2411
R0 [P2] iter 509: merge done, full_size=313367882
R0 [P2] iter 510 done: global_full_size=313367882
R0 [P2] iter 510: PRE-JOIN GPU mem: 81.8GB free / 85.1GB total | delta_size=2411 full_size=313367882
R0 [P2] iter 510: join done, raw=2409 result_size=2409
R0 [P2] iter 510: split done, delta_size=2409
R0 [P2] iter 510: dedup done, delta_size=2409
R0 [P2] iter 510: subtract done, delta_size=2394
R0 [P2] iter 510: merge done, full_size=313370276
R0 [P2] iter 511 done: global_full_size=313370276
R0 [P2] iter 511: PRE-JOIN GPU mem: 81.8GB free / 85.1GB total | delta_size=2394 full_size=313370276
R0 [P2] iter 511: join done, raw=2391 result_size=2391
R0 [P2] iter 511: split done, delta_size=2391
R0 [P2] iter 511: dedup done, delta_size=2391
R0 [P2] iter 511: subtract done, delta_size=2376
R0 [P2] iter 511: merge done, full_size=313372652
R0 [P2] iter 512 done: global_full_size=313372652
R0 [P2] iter 512: PRE-JOIN GPU mem: 81.8GB free / 85.1GB total | delta_size=2376 full_size=313372652
R0 [P2] iter 512: join done, raw=2374 result_size=2374
R0 [P2] iter 512: split done, delta_size=2374
R0 [P2] iter 512: dedup done, delta_size=2374
R0 [P2] iter 512: subtract done, delta_size=2359
R0 [P2] iter 512: merge done, full_size=313375011
R0 [P2] iter 513 done: global_full_size=313375011
R0 [P2] iter 513: PRE-JOIN GPU mem: 81.8GB free / 85.1GB total | delta_size=2359 full_size=313375011
R0 [P2] iter 513: join done, raw=2357 result_size=2357
R0 [P2] iter 513: split done, delta_size=2357
R0 [P2] iter 513: dedup done, delta_size=2357
R0 [P2] iter 513: subtract done, delta_size=2342
R0 [P2] iter 513: merge done, full_size=313377353
R0 [P2] iter 514 done: global_full_size=313377353
R0 [P2] iter 514: PRE-JOIN GPU mem: 81.8GB free / 85.1GB total | delta_size=2342 full_size=313377353
R0 [P2] iter 514: join done, raw=2339 result_size=2339
R0 [P2] iter 514: split done, delta_size=2339
R0 [P2] iter 514: dedup done, delta_size=2339
R0 [P2] iter 514: subtract done, delta_size=2324
R0 [P2] iter 514: merge done, full_size=313379677
R0 [P2] iter 515 done: global_full_size=313379677
R0 [P2] iter 515: PRE-JOIN GPU mem: 81.8GB free / 85.1GB total | delta_size=2324 full_size=313379677
R0 [P2] iter 515: join done, raw=2320 result_size=2320
R0 [P2] iter 515: split done, delta_size=2320
R0 [P2] iter 515: dedup done, delta_size=2320
R0 [P2] iter 515: subtract done, delta_size=2307
R0 [P2] iter 515: merge done, full_size=313381984
R0 [P2] iter 516 done: global_full_size=313381984
R0 [P2] iter 516: PRE-JOIN GPU mem: 81.8GB free / 85.1GB total | delta_size=2307 full_size=313381984
R0 [P2] iter 516: join done, raw=2300 result_size=2300
R0 [P2] iter 516: split done, delta_size=2300
R0 [P2] iter 516: dedup done, delta_size=2300
R0 [P2] iter 516: subtract done, delta_size=2287
R0 [P2] iter 516: merge done, full_size=313384271
R0 [P2] iter 517 done: global_full_size=313384271
R0 [P2] iter 517: PRE-JOIN GPU mem: 81.8GB free / 85.1GB total | delta_size=2287 full_size=313384271
R0 [P2] iter 517: join done, raw=2281 result_size=2281
R0 [P2] iter 517: split done, delta_size=2281
R0 [P2] iter 517: dedup done, delta_size=2281
R0 [P2] iter 517: subtract done, delta_size=2268
R0 [P2] iter 517: merge done, full_size=313386539
R0 [P2] iter 518 done: global_full_size=313386539
R0 [P2] iter 518: PRE-JOIN GPU mem: 81.8GB free / 85.1GB total | delta_size=2268 full_size=313386539
R0 [P2] iter 518: join done, raw=2263 result_size=2263
R0 [P2] iter 518: split done, delta_size=2263
R0 [P2] iter 518: dedup done, delta_size=2263
R0 [P2] iter 518: subtract done, delta_size=2251
R0 [P2] iter 518: merge done, full_size=313388790
R0 [P2] iter 519 done: global_full_size=313388790
R0 [P2] iter 519: PRE-JOIN GPU mem: 81.8GB free / 85.1GB total | delta_size=2251 full_size=313388790
R0 [P2] iter 519: join done, raw=2249 result_size=2249
R0 [P2] iter 519: split done, delta_size=2249
R0 [P2] iter 519: dedup done, delta_size=2249
R0 [P2] iter 519: subtract done, delta_size=2236
R0 [P2] iter 519: merge done, full_size=313391026
R0 [P2] iter 520 done: global_full_size=313391026
R0 [P2] iter 520: PRE-JOIN GPU mem: 81.8GB free / 85.1GB total | delta_size=2236 full_size=313391026
R0 [P2] iter 520: join done, raw=2236 result_size=2236
R0 [P2] iter 520: split done, delta_size=2236
R0 [P2] iter 520: dedup done, delta_size=2236
R0 [P2] iter 520: subtract done, delta_size=2223
R0 [P2] iter 520: merge done, full_size=313393249
R0 [P2] iter 521 done: global_full_size=313393249
R0 [P2] iter 521: PRE-JOIN GPU mem: 81.8GB free / 85.1GB total | delta_size=2223 full_size=313393249
R0 [P2] iter 521: join done, raw=2222 result_size=2222
R0 [P2] iter 521: split done, delta_size=2222
R0 [P2] iter 521: dedup done, delta_size=2222
R0 [P2] iter 521: subtract done, delta_size=2209
R0 [P2] iter 521: merge done, full_size=313395458
R0 [P2] iter 522 done: global_full_size=313395458
R0 [P2] iter 522: PRE-JOIN GPU mem: 81.8GB free / 85.1GB total | delta_size=2209 full_size=313395458
R0 [P2] iter 522: join done, raw=2208 result_size=2208
R0 [P2] iter 522: split done, delta_size=2208
R0 [P2] iter 522: dedup done, delta_size=2208
R0 [P2] iter 522: subtract done, delta_size=2196
R0 [P2] iter 522: merge done, full_size=313397654
R0 [P2] iter 523 done: global_full_size=313397654
R0 [P2] iter 523: PRE-JOIN GPU mem: 81.8GB free / 85.1GB total | delta_size=2196 full_size=313397654
R0 [P2] iter 523: join done, raw=2196 result_size=2196
R0 [P2] iter 523: split done, delta_size=2196
R0 [P2] iter 523: dedup done, delta_size=2196
R0 [P2] iter 523: subtract done, delta_size=2184
R0 [P2] iter 523: merge done, full_size=313399838
R0 [P2] iter 524 done: global_full_size=313399838
R0 [P2] iter 524: PRE-JOIN GPU mem: 81.8GB free / 85.1GB total | delta_size=2184 full_size=313399838
R0 [P2] iter 524: join done, raw=2184 result_size=2184
R0 [P2] iter 524: split done, delta_size=2184
R0 [P2] iter 524: dedup done, delta_size=2184
R0 [P2] iter 524: subtract done, delta_size=2172
R0 [P2] iter 524: merge done, full_size=313402010
R0 [P2] iter 525 done: global_full_size=313402010
R0 [P2] iter 525: PRE-JOIN GPU mem: 81.8GB free / 85.1GB total | delta_size=2172 full_size=313402010
R0 [P2] iter 525: join done, raw=2172 result_size=2172
R0 [P2] iter 525: split done, delta_size=2172
R0 [P2] iter 525: dedup done, delta_size=2172
R0 [P2] iter 525: subtract done, delta_size=2160
R0 [P2] iter 525: merge done, full_size=313404170
R0 [P2] iter 526 done: global_full_size=313404170
R0 [P2] iter 526: PRE-JOIN GPU mem: 81.8GB free / 85.1GB total | delta_size=2160 full_size=313404170
R0 [P2] iter 526: join done, raw=2160 result_size=2160
R0 [P2] iter 526: split done, delta_size=2160
R0 [P2] iter 526: dedup done, delta_size=2160
R0 [P2] iter 526: subtract done, delta_size=2149
R0 [P2] iter 526: merge done, full_size=313406319
R0 [P2] iter 527 done: global_full_size=313406319
R0 [P2] iter 527: PRE-JOIN GPU mem: 81.8GB free / 85.1GB total | delta_size=2149 full_size=313406319
R0 [P2] iter 527: join done, raw=2149 result_size=2149
R0 [P2] iter 527: split done, delta_size=2149
R0 [P2] iter 527: dedup done, delta_size=2149
R0 [P2] iter 527: subtract done, delta_size=2138
R0 [P2] iter 527: merge done, full_size=313408457
R0 [P2] iter 528 done: global_full_size=313408457
R0 [P2] iter 528: PRE-JOIN GPU mem: 81.8GB free / 85.1GB total | delta_size=2138 full_size=313408457
R0 [P2] iter 528: join done, raw=2137 result_size=2137
R0 [P2] iter 528: split done, delta_size=2137
R0 [P2] iter 528: dedup done, delta_size=2137
R0 [P2] iter 528: subtract done, delta_size=2126
R0 [P2] iter 528: merge done, full_size=313410583
R0 [P2] iter 529 done: global_full_size=313410583
R0 [P2] iter 529: PRE-JOIN GPU mem: 81.8GB free / 85.1GB total | delta_size=2126 full_size=313410583
R0 [P2] iter 529: join done, raw=2126 result_size=2126
R0 [P2] iter 529: split done, delta_size=2126
R0 [P2] iter 529: dedup done, delta_size=2126
R0 [P2] iter 529: subtract done, delta_size=2115
R0 [P2] iter 529: merge done, full_size=313412698
R0 [P2] iter 530 done: global_full_size=313412698
R0 [P2] iter 530: PRE-JOIN GPU mem: 81.8GB free / 85.1GB total | delta_size=2115 full_size=313412698
R0 [P2] iter 530: join done, raw=2115 result_size=2115
R0 [P2] iter 530: split done, delta_size=2115
R0 [P2] iter 530: dedup done, delta_size=2115
R0 [P2] iter 530: subtract done, delta_size=2104
R0 [P2] iter 530: merge done, full_size=313414802
R0 [P2] iter 531 done: global_full_size=313414802
R0 [P2] iter 531: PRE-JOIN GPU mem: 81.8GB free / 85.1GB total | delta_size=2104 full_size=313414802
R0 [P2] iter 531: join done, raw=2103 result_size=2103
R0 [P2] iter 531: split done, delta_size=2103
R0 [P2] iter 531: dedup done, delta_size=2103
R0 [P2] iter 531: subtract done, delta_size=2092
R0 [P2] iter 531: merge done, full_size=313416894
R0 [P2] iter 532 done: global_full_size=313416894
R0 [P2] iter 532: PRE-JOIN GPU mem: 81.8GB free / 85.1GB total | delta_size=2092 full_size=313416894
R0 [P2] iter 532: join done, raw=2091 result_size=2091
R0 [P2] iter 532: split done, delta_size=2091
R0 [P2] iter 532: dedup done, delta_size=2091
R0 [P2] iter 532: subtract done, delta_size=2080
R0 [P2] iter 532: merge done, full_size=313418974
R0 [P2] iter 533 done: global_full_size=313418974
R0 [P2] iter 533: PRE-JOIN GPU mem: 81.8GB free / 85.1GB total | delta_size=2080 full_size=313418974
R0 [P2] iter 533: join done, raw=2079 result_size=2079
R0 [P2] iter 533: split done, delta_size=2079
R0 [P2] iter 533: dedup done, delta_size=2079
R0 [P2] iter 533: subtract done, delta_size=2068
R0 [P2] iter 533: merge done, full_size=313421042
R0 [P2] iter 534 done: global_full_size=313421042
R0 [P2] iter 534: PRE-JOIN GPU mem: 81.8GB free / 85.1GB total | delta_size=2068 full_size=313421042
R0 [P2] iter 534: join done, raw=2067 result_size=2067
R0 [P2] iter 534: split done, delta_size=2067
R0 [P2] iter 534: dedup done, delta_size=2067
R0 [P2] iter 534: subtract done, delta_size=2056
R0 [P2] iter 534: merge done, full_size=313423098
R0 [P2] iter 535 done: global_full_size=313423098
R0 [P2] iter 535: PRE-JOIN GPU mem: 81.8GB free / 85.1GB total | delta_size=2056 full_size=313423098
R0 [P2] iter 535: join done, raw=2054 result_size=2054
R0 [P2] iter 535: split done, delta_size=2054
R0 [P2] iter 535: dedup done, delta_size=2054
R0 [P2] iter 535: subtract done, delta_size=2043
R0 [P2] iter 535: merge done, full_size=313425141
R0 [P2] iter 536 done: global_full_size=313425141
R0 [P2] iter 536: PRE-JOIN GPU mem: 81.8GB free / 85.1GB total | delta_size=2043 full_size=313425141
R0 [P2] iter 536: join done, raw=2041 result_size=2041
R0 [P2] iter 536: split done, delta_size=2041
R0 [P2] iter 536: dedup done, delta_size=2041
R0 [P2] iter 536: subtract done, delta_size=2031
R0 [P2] iter 536: merge done, full_size=313427172
R0 [P2] iter 537 done: global_full_size=313427172
R0 [P2] iter 537: PRE-JOIN GPU mem: 81.8GB free / 85.1GB total | delta_size=2031 full_size=313427172
R0 [P2] iter 537: join done, raw=2029 result_size=2029
R0 [P2] iter 537: split done, delta_size=2029
R0 [P2] iter 537: dedup done, delta_size=2029
R0 [P2] iter 537: subtract done, delta_size=2019
R0 [P2] iter 537: merge done, full_size=313429191
R0 [P2] iter 538 done: global_full_size=313429191
R0 [P2] iter 538: PRE-JOIN GPU mem: 81.8GB free / 85.1GB total | delta_size=2019 full_size=313429191
R0 [P2] iter 538: join done, raw=2018 result_size=2018
R0 [P2] iter 538: split done, delta_size=2018
R0 [P2] iter 538: dedup done, delta_size=2018
R0 [P2] iter 538: subtract done, delta_size=2008
R0 [P2] iter 538: merge done, full_size=313431199
R0 [P2] iter 539 done: global_full_size=313431199
R0 [P2] iter 539: PRE-JOIN GPU mem: 81.8GB free / 85.1GB total | delta_size=2008 full_size=313431199
R0 [P2] iter 539: join done, raw=2007 result_size=2007
R0 [P2] iter 539: split done, delta_size=2007
R0 [P2] iter 539: dedup done, delta_size=2007
R0 [P2] iter 539: subtract done, delta_size=1997
R0 [P2] iter 539: merge done, full_size=313433196
R0 [P2] iter 540 done: global_full_size=313433196
R0 [P2] iter 540: PRE-JOIN GPU mem: 81.8GB free / 85.1GB total | delta_size=1997 full_size=313433196
R0 [P2] iter 540: join done, raw=1996 result_size=1996
R0 [P2] iter 540: split done, delta_size=1996
R0 [P2] iter 540: dedup done, delta_size=1996
R0 [P2] iter 540: subtract done, delta_size=1986
R0 [P2] iter 540: merge done, full_size=313435182
R0 [P2] iter 541 done: global_full_size=313435182
R0 [P2] iter 541: PRE-JOIN GPU mem: 81.8GB free / 85.1GB total | delta_size=1986 full_size=313435182
R0 [P2] iter 541: join done, raw=1984 result_size=1984
R0 [P2] iter 541: split done, delta_size=1984
R0 [P2] iter 541: dedup done, delta_size=1984
R0 [P2] iter 541: subtract done, delta_size=1974
R0 [P2] iter 541: merge done, full_size=313437156
R0 [P2] iter 542 done: global_full_size=313437156
R0 [P2] iter 542: PRE-JOIN GPU mem: 81.8GB free / 85.1GB total | delta_size=1974 full_size=313437156
R0 [P2] iter 542: join done, raw=1972 result_size=1972
R0 [P2] iter 542: split done, delta_size=1972
R0 [P2] iter 542: dedup done, delta_size=1972
R0 [P2] iter 542: subtract done, delta_size=1962
R0 [P2] iter 542: merge done, full_size=313439118
R0 [P2] iter 543 done: global_full_size=313439118
R0 [P2] iter 543: PRE-JOIN GPU mem: 81.8GB free / 85.1GB total | delta_size=1962 full_size=313439118
R0 [P2] iter 543: join done, raw=1960 result_size=1960
R0 [P2] iter 543: split done, delta_size=1960
R0 [P2] iter 543: dedup done, delta_size=1960
R0 [P2] iter 543: subtract done, delta_size=1950
R0 [P2] iter 543: merge done, full_size=313441068
R0 [P2] iter 544 done: global_full_size=313441068
R0 [P2] iter 544: PRE-JOIN GPU mem: 81.8GB free / 85.1GB total | delta_size=1950 full_size=313441068
R0 [P2] iter 544: join done, raw=1949 result_size=1949
R0 [P2] iter 544: split done, delta_size=1949
R0 [P2] iter 544: dedup done, delta_size=1949
R0 [P2] iter 544: subtract done, delta_size=1939
R0 [P2] iter 544: merge done, full_size=313443007
R0 [P2] iter 545 done: global_full_size=313443007
R0 [P2] iter 545: PRE-JOIN GPU mem: 81.8GB free / 85.1GB total | delta_size=1939 full_size=313443007
R0 [P2] iter 545: join done, raw=1937 result_size=1937
R0 [P2] iter 545: split done, delta_size=1937
R0 [P2] iter 545: dedup done, delta_size=1937
R0 [P2] iter 545: subtract done, delta_size=1927
R0 [P2] iter 545: merge done, full_size=313444934
R0 [P2] iter 546 done: global_full_size=313444934
R0 [P2] iter 546: PRE-JOIN GPU mem: 81.8GB free / 85.1GB total | delta_size=1927 full_size=313444934
R0 [P2] iter 546: join done, raw=1927 result_size=1927
R0 [P2] iter 546: split done, delta_size=1927
R0 [P2] iter 546: dedup done, delta_size=1927
R0 [P2] iter 546: subtract done, delta_size=1917
R0 [P2] iter 546: merge done, full_size=313446851
R0 [P2] iter 547 done: global_full_size=313446851
R0 [P2] iter 547: PRE-JOIN GPU mem: 81.8GB free / 85.1GB total | delta_size=1917 full_size=313446851
R0 [P2] iter 547: join done, raw=1916 result_size=1916
R0 [P2] iter 547: split done, delta_size=1916
R0 [P2] iter 547: dedup done, delta_size=1916
R0 [P2] iter 547: subtract done, delta_size=1906
R0 [P2] iter 547: merge done, full_size=313448757
R0 [P2] iter 548 done: global_full_size=313448757
R0 [P2] iter 548: PRE-JOIN GPU mem: 81.8GB free / 85.1GB total | delta_size=1906 full_size=313448757
R0 [P2] iter 548: join done, raw=1905 result_size=1905
R0 [P2] iter 548: split done, delta_size=1905
R0 [P2] iter 548: dedup done, delta_size=1905
R0 [P2] iter 548: subtract done, delta_size=1895
R0 [P2] iter 548: merge done, full_size=313450652
R0 [P2] iter 549 done: global_full_size=313450652
R0 [P2] iter 549: PRE-JOIN GPU mem: 81.8GB free / 85.1GB total | delta_size=1895 full_size=313450652
R0 [P2] iter 549: join done, raw=1894 result_size=1894
R0 [P2] iter 549: split done, delta_size=1894
R0 [P2] iter 549: dedup done, delta_size=1894
R0 [P2] iter 549: subtract done, delta_size=1884
R0 [P2] iter 549: merge done, full_size=313452536
R0 [P2] iter 550 done: global_full_size=313452536
R0 [P2] iter 550: PRE-JOIN GPU mem: 81.8GB free / 85.1GB total | delta_size=1884 full_size=313452536
R0 [P2] iter 550: join done, raw=1882 result_size=1882
R0 [P2] iter 550: split done, delta_size=1882
R0 [P2] iter 550: dedup done, delta_size=1882
R0 [P2] iter 550: subtract done, delta_size=1872
R0 [P2] iter 550: merge done, full_size=313454408
R0 [P2] iter 551 done: global_full_size=313454408
R0 [P2] iter 551: PRE-JOIN GPU mem: 81.8GB free / 85.1GB total | delta_size=1872 full_size=313454408
R0 [P2] iter 551: join done, raw=1868 result_size=1868
R0 [P2] iter 551: split done, delta_size=1868
R0 [P2] iter 551: dedup done, delta_size=1868
R0 [P2] iter 551: subtract done, delta_size=1859
R0 [P2] iter 551: merge done, full_size=313456267
R0 [P2] iter 552 done: global_full_size=313456267
R0 [P2] iter 552: PRE-JOIN GPU mem: 81.8GB free / 85.1GB total | delta_size=1859 full_size=313456267
R0 [P2] iter 552: join done, raw=1855 result_size=1855
R0 [P2] iter 552: split done, delta_size=1855
R0 [P2] iter 552: dedup done, delta_size=1855
R0 [P2] iter 552: subtract done, delta_size=1847
R0 [P2] iter 552: merge done, full_size=313458114
R0 [P2] iter 553 done: global_full_size=313458114
R0 [P2] iter 553: PRE-JOIN GPU mem: 81.8GB free / 85.1GB total | delta_size=1847 full_size=313458114
R0 [P2] iter 553: join done, raw=1841 result_size=1841
R0 [P2] iter 553: split done, delta_size=1841
R0 [P2] iter 553: dedup done, delta_size=1841
R0 [P2] iter 553: subtract done, delta_size=1834
R0 [P2] iter 553: merge done, full_size=313459948
R0 [P2] iter 554 done: global_full_size=313459948
R0 [P2] iter 554: PRE-JOIN GPU mem: 81.8GB free / 85.1GB total | delta_size=1834 full_size=313459948
R0 [P2] iter 554: join done, raw=1830 result_size=1830
R0 [P2] iter 554: split done, delta_size=1830
R0 [P2] iter 554: dedup done, delta_size=1830
R0 [P2] iter 554: subtract done, delta_size=1823
R0 [P2] iter 554: merge done, full_size=313461771
R0 [P2] iter 555 done: global_full_size=313461771
R0 [P2] iter 555: PRE-JOIN GPU mem: 81.8GB free / 85.1GB total | delta_size=1823 full_size=313461771
R0 [P2] iter 555: join done, raw=1819 result_size=1819
R0 [P2] iter 555: split done, delta_size=1819
R0 [P2] iter 555: dedup done, delta_size=1819
R0 [P2] iter 555: subtract done, delta_size=1812
R0 [P2] iter 555: merge done, full_size=313463583
R0 [P2] iter 556 done: global_full_size=313463583
R0 [P2] iter 556: PRE-JOIN GPU mem: 81.8GB free / 85.1GB total | delta_size=1812 full_size=313463583
R0 [P2] iter 556: join done, raw=1808 result_size=1808
R0 [P2] iter 556: split done, delta_size=1808
R0 [P2] iter 556: dedup done, delta_size=1808
R0 [P2] iter 556: subtract done, delta_size=1801
R0 [P2] iter 556: merge done, full_size=313465384
R0 [P2] iter 557 done: global_full_size=313465384
R0 [P2] iter 557: PRE-JOIN GPU mem: 81.8GB free / 85.1GB total | delta_size=1801 full_size=313465384
R0 [P2] iter 557: join done, raw=1799 result_size=1799
R0 [P2] iter 557: split done, delta_size=1799
R0 [P2] iter 557: dedup done, delta_size=1799
R0 [P2] iter 557: subtract done, delta_size=1792
R0 [P2] iter 557: merge done, full_size=313467176
R0 [P2] iter 558 done: global_full_size=313467176
R0 [P2] iter 558: PRE-JOIN GPU mem: 81.8GB free / 85.1GB total | delta_size=1792 full_size=313467176
R0 [P2] iter 558: join done, raw=1789 result_size=1789
R0 [P2] iter 558: split done, delta_size=1789
R0 [P2] iter 558: dedup done, delta_size=1789
R0 [P2] iter 558: subtract done, delta_size=1782
R0 [P2] iter 558: merge done, full_size=313468958
R0 [P2] iter 559 done: global_full_size=313468958
R0 [P2] iter 559: PRE-JOIN GPU mem: 81.8GB free / 85.1GB total | delta_size=1782 full_size=313468958
R0 [P2] iter 559: join done, raw=1779 result_size=1779
R0 [P2] iter 559: split done, delta_size=1779
R0 [P2] iter 559: dedup done, delta_size=1779
R0 [P2] iter 559: subtract done, delta_size=1772
R0 [P2] iter 559: merge done, full_size=313470730
R0 [P2] iter 560 done: global_full_size=313470730
R0 [P2] iter 560: PRE-JOIN GPU mem: 81.8GB free / 85.1GB total | delta_size=1772 full_size=313470730
R0 [P2] iter 560: join done, raw=1768 result_size=1768
R0 [P2] iter 560: split done, delta_size=1768
R0 [P2] iter 560: dedup done, delta_size=1768
R0 [P2] iter 560: subtract done, delta_size=1761
R0 [P2] iter 560: merge done, full_size=313472491
R0 [P2] iter 561 done: global_full_size=313472491
R0 [P2] iter 561: PRE-JOIN GPU mem: 81.8GB free / 85.1GB total | delta_size=1761 full_size=313472491
R0 [P2] iter 561: join done, raw=1757 result_size=1757
R0 [P2] iter 561: split done, delta_size=1757
R0 [P2] iter 561: dedup done, delta_size=1757
R0 [P2] iter 561: subtract done, delta_size=1750
R0 [P2] iter 561: merge done, full_size=313474241
R0 [P2] iter 562 done: global_full_size=313474241
R0 [P2] iter 562: PRE-JOIN GPU mem: 81.8GB free / 85.1GB total | delta_size=1750 full_size=313474241
R0 [P2] iter 562: join done, raw=1745 result_size=1745
R0 [P2] iter 562: split done, delta_size=1745
R0 [P2] iter 562: dedup done, delta_size=1745
R0 [P2] iter 562: subtract done, delta_size=1738
R0 [P2] iter 562: merge done, full_size=313475979
R0 [P2] iter 563 done: global_full_size=313475979
R0 [P2] iter 563: PRE-JOIN GPU mem: 81.8GB free / 85.1GB total | delta_size=1738 full_size=313475979
R0 [P2] iter 563: join done, raw=1734 result_size=1734
R0 [P2] iter 563: split done, delta_size=1734
R0 [P2] iter 563: dedup done, delta_size=1734
R0 [P2] iter 563: subtract done, delta_size=1728
R0 [P2] iter 563: merge done, full_size=313477707
R0 [P2] iter 564 done: global_full_size=313477707
R0 [P2] iter 564: PRE-JOIN GPU mem: 81.8GB free / 85.1GB total | delta_size=1728 full_size=313477707
R0 [P2] iter 564: join done, raw=1723 result_size=1723
R0 [P2] iter 564: split done, delta_size=1723
R0 [P2] iter 564: dedup done, delta_size=1723
R0 [P2] iter 564: subtract done, delta_size=1717
R0 [P2] iter 564: merge done, full_size=313479424
R0 [P2] iter 565 done: global_full_size=313479424
R0 [P2] iter 565: PRE-JOIN GPU mem: 81.8GB free / 85.1GB total | delta_size=1717 full_size=313479424
R0 [P2] iter 565: join done, raw=1712 result_size=1712
R0 [P2] iter 565: split done, delta_size=1712
R0 [P2] iter 565: dedup done, delta_size=1712
R0 [P2] iter 565: subtract done, delta_size=1706
R0 [P2] iter 565: merge done, full_size=313481130
R0 [P2] iter 566 done: global_full_size=313481130
R0 [P2] iter 566: PRE-JOIN GPU mem: 81.8GB free / 85.1GB total | delta_size=1706 full_size=313481130
R0 [P2] iter 566: join done, raw=1702 result_size=1702
R0 [P2] iter 566: split done, delta_size=1702
R0 [P2] iter 566: dedup done, delta_size=1702
R0 [P2] iter 566: subtract done, delta_size=1696
R0 [P2] iter 566: merge done, full_size=313482826
R0 [P2] iter 567 done: global_full_size=313482826
R0 [P2] iter 567: PRE-JOIN GPU mem: 81.8GB free / 85.1GB total | delta_size=1696 full_size=313482826
R0 [P2] iter 567: join done, raw=1692 result_size=1692
R0 [P2] iter 567: split done, delta_size=1692
R0 [P2] iter 567: dedup done, delta_size=1692
R0 [P2] iter 567: subtract done, delta_size=1686
R0 [P2] iter 567: merge done, full_size=313484512
R0 [P2] iter 568 done: global_full_size=313484512
R0 [P2] iter 568: PRE-JOIN GPU mem: 81.8GB free / 85.1GB total | delta_size=1686 full_size=313484512
R0 [P2] iter 568: join done, raw=1681 result_size=1681
R0 [P2] iter 568: split done, delta_size=1681
R0 [P2] iter 568: dedup done, delta_size=1681
R0 [P2] iter 568: subtract done, delta_size=1675
R0 [P2] iter 568: merge done, full_size=313486187
R0 [P2] iter 569 done: global_full_size=313486187
R0 [P2] iter 569: PRE-JOIN GPU mem: 81.8GB free / 85.1GB total | delta_size=1675 full_size=313486187
R0 [P2] iter 569: join done, raw=1669 result_size=1669
R0 [P2] iter 569: split done, delta_size=1669
R0 [P2] iter 569: dedup done, delta_size=1669
R0 [P2] iter 569: subtract done, delta_size=1664
R0 [P2] iter 569: merge done, full_size=313487851
R0 [P2] iter 570 done: global_full_size=313487851
R0 [P2] iter 570: PRE-JOIN GPU mem: 81.8GB free / 85.1GB total | delta_size=1664 full_size=313487851
R0 [P2] iter 570: join done, raw=1659 result_size=1659
R0 [P2] iter 570: split done, delta_size=1659
R0 [P2] iter 570: dedup done, delta_size=1659
R0 [P2] iter 570: subtract done, delta_size=1654
R0 [P2] iter 570: merge done, full_size=313489505
R0 [P2] iter 571 done: global_full_size=313489505
R0 [P2] iter 571: PRE-JOIN GPU mem: 81.8GB free / 85.1GB total | delta_size=1654 full_size=313489505
R0 [P2] iter 571: join done, raw=1649 result_size=1649
R0 [P2] iter 571: split done, delta_size=1649
R0 [P2] iter 571: dedup done, delta_size=1649
R0 [P2] iter 571: subtract done, delta_size=1644
R0 [P2] iter 571: merge done, full_size=313491149
R0 [P2] iter 572 done: global_full_size=313491149
R0 [P2] iter 572: PRE-JOIN GPU mem: 81.8GB free / 85.1GB total | delta_size=1644 full_size=313491149
R0 [P2] iter 572: join done, raw=1638 result_size=1638
R0 [P2] iter 572: split done, delta_size=1638
R0 [P2] iter 572: dedup done, delta_size=1638
R0 [P2] iter 572: subtract done, delta_size=1633
R0 [P2] iter 572: merge done, full_size=313492782
R0 [P2] iter 573 done: global_full_size=313492782
R0 [P2] iter 573: PRE-JOIN GPU mem: 81.8GB free / 85.1GB total | delta_size=1633 full_size=313492782
R0 [P2] iter 573: join done, raw=1627 result_size=1627
R0 [P2] iter 573: split done, delta_size=1627
R0 [P2] iter 573: dedup done, delta_size=1627
R0 [P2] iter 573: subtract done, delta_size=1622
R0 [P2] iter 573: merge done, full_size=313494404
R0 [P2] iter 574 done: global_full_size=313494404
R0 [P2] iter 574: PRE-JOIN GPU mem: 81.8GB free / 85.1GB total | delta_size=1622 full_size=313494404
R0 [P2] iter 574: join done, raw=1616 result_size=1616
R0 [P2] iter 574: split done, delta_size=1616
R0 [P2] iter 574: dedup done, delta_size=1616
R0 [P2] iter 574: subtract done, delta_size=1611
R0 [P2] iter 574: merge done, full_size=313496015
R0 [P2] iter 575 done: global_full_size=313496015
R0 [P2] iter 575: PRE-JOIN GPU mem: 81.8GB free / 85.1GB total | delta_size=1611 full_size=313496015
R0 [P2] iter 575: join done, raw=1604 result_size=1604
R0 [P2] iter 575: split done, delta_size=1604
R0 [P2] iter 575: dedup done, delta_size=1604
R0 [P2] iter 575: subtract done, delta_size=1599
R0 [P2] iter 575: merge done, full_size=313497614
R0 [P2] iter 576 done: global_full_size=313497614
R0 [P2] iter 576: PRE-JOIN GPU mem: 81.8GB free / 85.1GB total | delta_size=1599 full_size=313497614
R0 [P2] iter 576: join done, raw=1593 result_size=1593
R0 [P2] iter 576: split done, delta_size=1593
R0 [P2] iter 576: dedup done, delta_size=1593
R0 [P2] iter 576: subtract done, delta_size=1588
R0 [P2] iter 576: merge done, full_size=313499202
R0 [P2] iter 577 done: global_full_size=313499202
R0 [P2] iter 577: PRE-JOIN GPU mem: 81.8GB free / 85.1GB total | delta_size=1588 full_size=313499202
R0 [P2] iter 577: join done, raw=1583 result_size=1583
R0 [P2] iter 577: split done, delta_size=1583
R0 [P2] iter 577: dedup done, delta_size=1583
R0 [P2] iter 577: subtract done, delta_size=1578
R0 [P2] iter 577: merge done, full_size=313500780
R0 [P2] iter 578 done: global_full_size=313500780
R0 [P2] iter 578: PRE-JOIN GPU mem: 81.8GB free / 85.1GB total | delta_size=1578 full_size=313500780
R0 [P2] iter 578: join done, raw=1573 result_size=1573
R0 [P2] iter 578: split done, delta_size=1573
R0 [P2] iter 578: dedup done, delta_size=1573
R0 [P2] iter 578: subtract done, delta_size=1568
R0 [P2] iter 578: merge done, full_size=313502348
R0 [P2] iter 579 done: global_full_size=313502348
R0 [P2] iter 579: PRE-JOIN GPU mem: 81.8GB free / 85.1GB total | delta_size=1568 full_size=313502348
R0 [P2] iter 579: join done, raw=1564 result_size=1564
R0 [P2] iter 579: split done, delta_size=1564
R0 [P2] iter 579: dedup done, delta_size=1564
R0 [P2] iter 579: subtract done, delta_size=1559
R0 [P2] iter 579: merge done, full_size=313503907
R0 [P2] iter 580 done: global_full_size=313503907
R0 [P2] iter 580: PRE-JOIN GPU mem: 81.8GB free / 85.1GB total | delta_size=1559 full_size=313503907
R0 [P2] iter 580: join done, raw=1555 result_size=1555
R0 [P2] iter 580: split done, delta_size=1555
R0 [P2] iter 580: dedup done, delta_size=1555
R0 [P2] iter 580: subtract done, delta_size=1550
R0 [P2] iter 580: merge done, full_size=313505457
R0 [P2] iter 581 done: global_full_size=313505457
R0 [P2] iter 581: PRE-JOIN GPU mem: 81.8GB free / 85.1GB total | delta_size=1550 full_size=313505457
R0 [P2] iter 581: join done, raw=1546 result_size=1546
R0 [P2] iter 581: split done, delta_size=1546
R0 [P2] iter 581: dedup done, delta_size=1546
R0 [P2] iter 581: subtract done, delta_size=1541
R0 [P2] iter 581: merge done, full_size=313506998
R0 [P2] iter 582 done: global_full_size=313506998
R0 [P2] iter 582: PRE-JOIN GPU mem: 81.8GB free / 85.1GB total | delta_size=1541 full_size=313506998
R0 [P2] iter 582: join done, raw=1537 result_size=1537
R0 [P2] iter 582: split done, delta_size=1537
R0 [P2] iter 582: dedup done, delta_size=1537
R0 [P2] iter 582: subtract done, delta_size=1532
R0 [P2] iter 582: merge done, full_size=313508530
R0 [P2] iter 583 done: global_full_size=313508530
R0 [P2] iter 583: PRE-JOIN GPU mem: 81.8GB free / 85.1GB total | delta_size=1532 full_size=313508530
R0 [P2] iter 583: join done, raw=1528 result_size=1528
R0 [P2] iter 583: split done, delta_size=1528
R0 [P2] iter 583: dedup done, delta_size=1528
R0 [P2] iter 583: subtract done, delta_size=1523
R0 [P2] iter 583: merge done, full_size=313510053
R0 [P2] iter 584 done: global_full_size=313510053
R0 [P2] iter 584: PRE-JOIN GPU mem: 81.8GB free / 85.1GB total | delta_size=1523 full_size=313510053
R0 [P2] iter 584: join done, raw=1519 result_size=1519
R0 [P2] iter 584: split done, delta_size=1519
R0 [P2] iter 584: dedup done, delta_size=1519
R0 [P2] iter 584: subtract done, delta_size=1515
R0 [P2] iter 584: merge done, full_size=313511568
R0 [P2] iter 585 done: global_full_size=313511568
R0 [P2] iter 585: PRE-JOIN GPU mem: 81.8GB free / 85.1GB total | delta_size=1515 full_size=313511568
R0 [P2] iter 585: join done, raw=1511 result_size=1511
R0 [P2] iter 585: split done, delta_size=1511
R0 [P2] iter 585: dedup done, delta_size=1511
R0 [P2] iter 585: subtract done, delta_size=1507
R0 [P2] iter 585: merge done, full_size=313513075
R0 [P2] iter 586 done: global_full_size=313513075
R0 [P2] iter 586: PRE-JOIN GPU mem: 81.8GB free / 85.1GB total | delta_size=1507 full_size=313513075
R0 [P2] iter 586: join done, raw=1503 result_size=1503
R0 [P2] iter 586: split done, delta_size=1503
R0 [P2] iter 586: dedup done, delta_size=1503
R0 [P2] iter 586: subtract done, delta_size=1499
R0 [P2] iter 586: merge done, full_size=313514574
R0 [P2] iter 587 done: global_full_size=313514574
R0 [P2] iter 587: PRE-JOIN GPU mem: 81.8GB free / 85.1GB total | delta_size=1499 full_size=313514574
R0 [P2] iter 587: join done, raw=1495 result_size=1495
R0 [P2] iter 587: split done, delta_size=1495
R0 [P2] iter 587: dedup done, delta_size=1495
R0 [P2] iter 587: subtract done, delta_size=1491
R0 [P2] iter 587: merge done, full_size=313516065
R0 [P2] iter 588 done: global_full_size=313516065
R0 [P2] iter 588: PRE-JOIN GPU mem: 81.8GB free / 85.1GB total | delta_size=1491 full_size=313516065
R0 [P2] iter 588: join done, raw=1487 result_size=1487
R0 [P2] iter 588: split done, delta_size=1487
R0 [P2] iter 588: dedup done, delta_size=1487
R0 [P2] iter 588: subtract done, delta_size=1483
R0 [P2] iter 588: merge done, full_size=313517548
R0 [P2] iter 589 done: global_full_size=313517548
R0 [P2] iter 589: PRE-JOIN GPU mem: 81.8GB free / 85.1GB total | delta_size=1483 full_size=313517548
R0 [P2] iter 589: join done, raw=1479 result_size=1479
R0 [P2] iter 589: split done, delta_size=1479
R0 [P2] iter 589: dedup done, delta_size=1479
R0 [P2] iter 589: subtract done, delta_size=1475
R0 [P2] iter 589: merge done, full_size=313519023
R0 [P2] iter 590 done: global_full_size=313519023
R0 [P2] iter 590: PRE-JOIN GPU mem: 81.8GB free / 85.1GB total | delta_size=1475 full_size=313519023
R0 [P2] iter 590: join done, raw=1471 result_size=1471
R0 [P2] iter 590: split done, delta_size=1471
R0 [P2] iter 590: dedup done, delta_size=1471
R0 [P2] iter 590: subtract done, delta_size=1467
R0 [P2] iter 590: merge done, full_size=313520490
R0 [P2] iter 591 done: global_full_size=313520490
R0 [P2] iter 591: PRE-JOIN GPU mem: 81.8GB free / 85.1GB total | delta_size=1467 full_size=313520490
R0 [P2] iter 591: join done, raw=1463 result_size=1463
R0 [P2] iter 591: split done, delta_size=1463
R0 [P2] iter 591: dedup done, delta_size=1463
R0 [P2] iter 591: subtract done, delta_size=1459
R0 [P2] iter 591: merge done, full_size=313521949
R0 [P2] iter 592 done: global_full_size=313521949
R0 [P2] iter 592: PRE-JOIN GPU mem: 81.8GB free / 85.1GB total | delta_size=1459 full_size=313521949
R0 [P2] iter 592: join done, raw=1455 result_size=1455
R0 [P2] iter 592: split done, delta_size=1455
R0 [P2] iter 592: dedup done, delta_size=1455
R0 [P2] iter 592: subtract done, delta_size=1451
R0 [P2] iter 592: merge done, full_size=313523400
R0 [P2] iter 593 done: global_full_size=313523400
R0 [P2] iter 593: PRE-JOIN GPU mem: 81.8GB free / 85.1GB total | delta_size=1451 full_size=313523400
R0 [P2] iter 593: join done, raw=1447 result_size=1447
R0 [P2] iter 593: split done, delta_size=1447
R0 [P2] iter 593: dedup done, delta_size=1447
R0 [P2] iter 593: subtract done, delta_size=1443
R0 [P2] iter 593: merge done, full_size=313524843
R0 [P2] iter 594 done: global_full_size=313524843
R0 [P2] iter 594: PRE-JOIN GPU mem: 81.8GB free / 85.1GB total | delta_size=1443 full_size=313524843
R0 [P2] iter 594: join done, raw=1439 result_size=1439
R0 [P2] iter 594: split done, delta_size=1439
R0 [P2] iter 594: dedup done, delta_size=1439
R0 [P2] iter 594: subtract done, delta_size=1435
R0 [P2] iter 594: merge done, full_size=313526278
R0 [P2] iter 595 done: global_full_size=313526278
R0 [P2] iter 595: PRE-JOIN GPU mem: 81.8GB free / 85.1GB total | delta_size=1435 full_size=313526278
R0 [P2] iter 595: join done, raw=1431 result_size=1431
R0 [P2] iter 595: split done, delta_size=1431
R0 [P2] iter 595: dedup done, delta_size=1431
R0 [P2] iter 595: subtract done, delta_size=1427
R0 [P2] iter 595: merge done, full_size=313527705
R0 [P2] iter 596 done: global_full_size=313527705
R0 [P2] iter 596: PRE-JOIN GPU mem: 81.8GB free / 85.1GB total | delta_size=1427 full_size=313527705
R0 [P2] iter 596: join done, raw=1423 result_size=1423
R0 [P2] iter 596: split done, delta_size=1423
R0 [P2] iter 596: dedup done, delta_size=1423
R0 [P2] iter 596: subtract done, delta_size=1419
R0 [P2] iter 596: merge done, full_size=313529124
R0 [P2] iter 597 done: global_full_size=313529124
R0 [P2] iter 597: PRE-JOIN GPU mem: 81.8GB free / 85.1GB total | delta_size=1419 full_size=313529124
R0 [P2] iter 597: join done, raw=1415 result_size=1415
R0 [P2] iter 597: split done, delta_size=1415
R0 [P2] iter 597: dedup done, delta_size=1415
R0 [P2] iter 597: subtract done, delta_size=1411
R0 [P2] iter 597: merge done, full_size=313530535
R0 [P2] iter 598 done: global_full_size=313530535
R0 [P2] iter 598: PRE-JOIN GPU mem: 81.8GB free / 85.1GB total | delta_size=1411 full_size=313530535
R0 [P2] iter 598: join done, raw=1407 result_size=1407
R0 [P2] iter 598: split done, delta_size=1407
R0 [P2] iter 598: dedup done, delta_size=1407
R0 [P2] iter 598: subtract done, delta_size=1403
R0 [P2] iter 598: merge done, full_size=313531938
R0 [P2] iter 599 done: global_full_size=313531938
R0 [P2] iter 599: PRE-JOIN GPU mem: 81.8GB free / 85.1GB total | delta_size=1403 full_size=313531938
R0 [P2] iter 599: join done, raw=1398 result_size=1398
R0 [P2] iter 599: split done, delta_size=1398
R0 [P2] iter 599: dedup done, delta_size=1398
R0 [P2] iter 599: subtract done, delta_size=1395
R0 [P2] iter 599: merge done, full_size=313533333
R0 [P2] iter 600 done: global_full_size=313533333
R0 [P2] iter 600: PRE-JOIN GPU mem: 81.8GB free / 85.1GB total | delta_size=1395 full_size=313533333
R0 [P2] iter 600: join done, raw=1390 result_size=1390
R0 [P2] iter 600: split done, delta_size=1390
R0 [P2] iter 600: dedup done, delta_size=1390
R0 [P2] iter 600: subtract done, delta_size=1387
R0 [P2] iter 600: merge done, full_size=313534720
R0 [P2] iter 601 done: global_full_size=313534720
R0 [P2] iter 601: PRE-JOIN GPU mem: 81.8GB free / 85.1GB total | delta_size=1387 full_size=313534720
R0 [P2] iter 601: join done, raw=1381 result_size=1381
R0 [P2] iter 601: split done, delta_size=1381
R0 [P2] iter 601: dedup done, delta_size=1381
R0 [P2] iter 601: subtract done, delta_size=1378
R0 [P2] iter 601: merge done, full_size=313536098
R0 [P2] iter 602 done: global_full_size=313536098
R0 [P2] iter 602: PRE-JOIN GPU mem: 81.8GB free / 85.1GB total | delta_size=1378 full_size=313536098
R0 [P2] iter 602: join done, raw=1372 result_size=1372
R0 [P2] iter 602: split done, delta_size=1372
R0 [P2] iter 602: dedup done, delta_size=1372
R0 [P2] iter 602: subtract done, delta_size=1369
R0 [P2] iter 602: merge done, full_size=313537467
R0 [P2] iter 603 done: global_full_size=313537467
R0 [P2] iter 603: PRE-JOIN GPU mem: 81.8GB free / 85.1GB total | delta_size=1369 full_size=313537467
R0 [P2] iter 603: join done, raw=1362 result_size=1362
R0 [P2] iter 603: split done, delta_size=1362
R0 [P2] iter 603: dedup done, delta_size=1362
R0 [P2] iter 603: subtract done, delta_size=1359
R0 [P2] iter 603: merge done, full_size=313538826
R0 [P2] iter 604 done: global_full_size=313538826
R0 [P2] iter 604: PRE-JOIN GPU mem: 81.8GB free / 85.1GB total | delta_size=1359 full_size=313538826
R0 [P2] iter 604: join done, raw=1353 result_size=1353
R0 [P2] iter 604: split done, delta_size=1353
R0 [P2] iter 604: dedup done, delta_size=1353
R0 [P2] iter 604: subtract done, delta_size=1350
R0 [P2] iter 604: merge done, full_size=313540176
R0 [P2] iter 605 done: global_full_size=313540176
R0 [P2] iter 605: PRE-JOIN GPU mem: 81.8GB free / 85.1GB total | delta_size=1350 full_size=313540176
R0 [P2] iter 605: join done, raw=1344 result_size=1344
R0 [P2] iter 605: split done, delta_size=1344
R0 [P2] iter 605: dedup done, delta_size=1344
R0 [P2] iter 605: subtract done, delta_size=1341
R0 [P2] iter 605: merge done, full_size=313541517
R0 [P2] iter 606 done: global_full_size=313541517
R0 [P2] iter 606: PRE-JOIN GPU mem: 81.8GB free / 85.1GB total | delta_size=1341 full_size=313541517
R0 [P2] iter 606: join done, raw=1335 result_size=1335
R0 [P2] iter 606: split done, delta_size=1335
R0 [P2] iter 606: dedup done, delta_size=1335
R0 [P2] iter 606: subtract done, delta_size=1332
R0 [P2] iter 606: merge done, full_size=313542849
R0 [P2] iter 607 done: global_full_size=313542849
R0 [P2] iter 607: PRE-JOIN GPU mem: 81.8GB free / 85.1GB total | delta_size=1332 full_size=313542849
R0 [P2] iter 607: join done, raw=1327 result_size=1327
R0 [P2] iter 607: split done, delta_size=1327
R0 [P2] iter 607: dedup done, delta_size=1327
R0 [P2] iter 607: subtract done, delta_size=1324
R0 [P2] iter 607: merge done, full_size=313544173
R0 [P2] iter 608 done: global_full_size=313544173
R0 [P2] iter 608: PRE-JOIN GPU mem: 81.8GB free / 85.1GB total | delta_size=1324 full_size=313544173
R0 [P2] iter 608: join done, raw=1319 result_size=1319
R0 [P2] iter 608: split done, delta_size=1319
R0 [P2] iter 608: dedup done, delta_size=1319
R0 [P2] iter 608: subtract done, delta_size=1316
R0 [P2] iter 608: merge done, full_size=313545489
R0 [P2] iter 609 done: global_full_size=313545489
R0 [P2] iter 609: PRE-JOIN GPU mem: 81.8GB free / 85.1GB total | delta_size=1316 full_size=313545489
R0 [P2] iter 609: join done, raw=1311 result_size=1311
R0 [P2] iter 609: split done, delta_size=1311
R0 [P2] iter 609: dedup done, delta_size=1311
R0 [P2] iter 609: subtract done, delta_size=1308
R0 [P2] iter 609: merge done, full_size=313546797
R0 [P2] iter 610 done: global_full_size=313546797
R0 [P2] iter 610: PRE-JOIN GPU mem: 81.8GB free / 85.1GB total | delta_size=1308 full_size=313546797
R0 [P2] iter 610: join done, raw=1303 result_size=1303
R0 [P2] iter 610: split done, delta_size=1303
R0 [P2] iter 610: dedup done, delta_size=1303
R0 [P2] iter 610: subtract done, delta_size=1300
R0 [P2] iter 610: merge done, full_size=313548097
R0 [P2] iter 611 done: global_full_size=313548097
R0 [P2] iter 611: PRE-JOIN GPU mem: 81.8GB free / 85.1GB total | delta_size=1300 full_size=313548097
R0 [P2] iter 611: join done, raw=1295 result_size=1295
R0 [P2] iter 611: split done, delta_size=1295
R0 [P2] iter 611: dedup done, delta_size=1295
R0 [P2] iter 611: subtract done, delta_size=1292
R0 [P2] iter 611: merge done, full_size=313549389
R0 [P2] iter 612 done: global_full_size=313549389
R0 [P2] iter 612: PRE-JOIN GPU mem: 81.8GB free / 85.1GB total | delta_size=1292 full_size=313549389
R0 [P2] iter 612: join done, raw=1287 result_size=1287
R0 [P2] iter 612: split done, delta_size=1287
R0 [P2] iter 612: dedup done, delta_size=1287
R0 [P2] iter 612: subtract done, delta_size=1284
R0 [P2] iter 612: merge done, full_size=313550673
R0 [P2] iter 613 done: global_full_size=313550673
R0 [P2] iter 613: PRE-JOIN GPU mem: 81.8GB free / 85.1GB total | delta_size=1284 full_size=313550673
R0 [P2] iter 613: join done, raw=1279 result_size=1279
R0 [P2] iter 613: split done, delta_size=1279
R0 [P2] iter 613: dedup done, delta_size=1279
R0 [P2] iter 613: subtract done, delta_size=1276
R0 [P2] iter 613: merge done, full_size=313551949
R0 [P2] iter 614 done: global_full_size=313551949
R0 [P2] iter 614: PRE-JOIN GPU mem: 81.8GB free / 85.1GB total | delta_size=1276 full_size=313551949
R0 [P2] iter 614: join done, raw=1271 result_size=1271
R0 [P2] iter 614: split done, delta_size=1271
R0 [P2] iter 614: dedup done, delta_size=1271
R0 [P2] iter 614: subtract done, delta_size=1268
R0 [P2] iter 614: merge done, full_size=313553217
R0 [P2] iter 615 done: global_full_size=313553217
R0 [P2] iter 615: PRE-JOIN GPU mem: 81.8GB free / 85.1GB total | delta_size=1268 full_size=313553217
R0 [P2] iter 615: join done, raw=1263 result_size=1263
R0 [P2] iter 615: split done, delta_size=1263
R0 [P2] iter 615: dedup done, delta_size=1263
R0 [P2] iter 615: subtract done, delta_size=1260
R0 [P2] iter 615: merge done, full_size=313554477
R0 [P2] iter 616 done: global_full_size=313554477
R0 [P2] iter 616: PRE-JOIN GPU mem: 81.8GB free / 85.1GB total | delta_size=1260 full_size=313554477
R0 [P2] iter 616: join done, raw=1254 result_size=1254
R0 [P2] iter 616: split done, delta_size=1254
R0 [P2] iter 616: dedup done, delta_size=1254
R0 [P2] iter 616: subtract done, delta_size=1251
R0 [P2] iter 616: merge done, full_size=313555728
R0 [P2] iter 617 done: global_full_size=313555728
R0 [P2] iter 617: PRE-JOIN GPU mem: 81.8GB free / 85.1GB total | delta_size=1251 full_size=313555728
R0 [P2] iter 617: join done, raw=1245 result_size=1245
R0 [P2] iter 617: split done, delta_size=1245
R0 [P2] iter 617: dedup done, delta_size=1245
R0 [P2] iter 617: subtract done, delta_size=1242
R0 [P2] iter 617: merge done, full_size=313556970
R0 [P2] iter 618 done: global_full_size=313556970
R0 [P2] iter 618: PRE-JOIN GPU mem: 81.8GB free / 85.1GB total | delta_size=1242 full_size=313556970
R0 [P2] iter 618: join done, raw=1237 result_size=1237
R0 [P2] iter 618: split done, delta_size=1237
R0 [P2] iter 618: dedup done, delta_size=1237
R0 [P2] iter 618: subtract done, delta_size=1235
R0 [P2] iter 618: merge done, full_size=313558205
R0 [P2] iter 619 done: global_full_size=313558205
R0 [P2] iter 619: PRE-JOIN GPU mem: 81.8GB free / 85.1GB total | delta_size=1235 full_size=313558205
R0 [P2] iter 619: join done, raw=1230 result_size=1230
R0 [P2] iter 619: split done, delta_size=1230
R0 [P2] iter 619: dedup done, delta_size=1230
R0 [P2] iter 619: subtract done, delta_size=1228
R0 [P2] iter 619: merge done, full_size=313559433
R0 [P2] iter 620 done: global_full_size=313559433
R0 [P2] iter 620: PRE-JOIN GPU mem: 81.8GB free / 85.1GB total | delta_size=1228 full_size=313559433
R0 [P2] iter 620: join done, raw=1223 result_size=1223
R0 [P2] iter 620: split done, delta_size=1223
R0 [P2] iter 620: dedup done, delta_size=1223
R0 [P2] iter 620: subtract done, delta_size=1221
R0 [P2] iter 620: merge done, full_size=313560654
R0 [P2] iter 621 done: global_full_size=313560654
R0 [P2] iter 621: PRE-JOIN GPU mem: 81.8GB free / 85.1GB total | delta_size=1221 full_size=313560654
R0 [P2] iter 621: join done, raw=1216 result_size=1216
R0 [P2] iter 621: split done, delta_size=1216
R0 [P2] iter 621: dedup done, delta_size=1216
R0 [P2] iter 621: subtract done, delta_size=1214
R0 [P2] iter 621: merge done, full_size=313561868
R0 [P2] iter 622 done: global_full_size=313561868
R0 [P2] iter 622: PRE-JOIN GPU mem: 81.8GB free / 85.1GB total | delta_size=1214 full_size=313561868
R0 [P2] iter 622: join done, raw=1209 result_size=1209
R0 [P2] iter 622: split done, delta_size=1209
R0 [P2] iter 622: dedup done, delta_size=1209
R0 [P2] iter 622: subtract done, delta_size=1207
R0 [P2] iter 622: merge done, full_size=313563075
R0 [P2] iter 623 done: global_full_size=313563075
R0 [P2] iter 623: PRE-JOIN GPU mem: 81.8GB free / 85.1GB total | delta_size=1207 full_size=313563075
R0 [P2] iter 623: join done, raw=1202 result_size=1202
R0 [P2] iter 623: split done, delta_size=1202
R0 [P2] iter 623: dedup done, delta_size=1202
R0 [P2] iter 623: subtract done, delta_size=1200
R0 [P2] iter 623: merge done, full_size=313564275
R0 [P2] iter 624 done: global_full_size=313564275
R0 [P2] iter 624: PRE-JOIN GPU mem: 81.8GB free / 85.1GB total | delta_size=1200 full_size=313564275
R0 [P2] iter 624: join done, raw=1195 result_size=1195
R0 [P2] iter 624: split done, delta_size=1195
R0 [P2] iter 624: dedup done, delta_size=1195
R0 [P2] iter 624: subtract done, delta_size=1193
R0 [P2] iter 624: merge done, full_size=313565468
R0 [P2] iter 625 done: global_full_size=313565468
R0 [P2] iter 625: PRE-JOIN GPU mem: 81.8GB free / 85.1GB total | delta_size=1193 full_size=313565468
R0 [P2] iter 625: join done, raw=1188 result_size=1188
R0 [P2] iter 625: split done, delta_size=1188
R0 [P2] iter 625: dedup done, delta_size=1188
R0 [P2] iter 625: subtract done, delta_size=1186
R0 [P2] iter 625: merge done, full_size=313566654
R0 [P2] iter 626 done: global_full_size=313566654
R0 [P2] iter 626: PRE-JOIN GPU mem: 81.8GB free / 85.1GB total | delta_size=1186 full_size=313566654
R0 [P2] iter 626: join done, raw=1181 result_size=1181
R0 [P2] iter 626: split done, delta_size=1181
R0 [P2] iter 626: dedup done, delta_size=1181
R0 [P2] iter 626: subtract done, delta_size=1179
R0 [P2] iter 626: merge done, full_size=313567833
R0 [P2] iter 627 done: global_full_size=313567833
R0 [P2] iter 627: PRE-JOIN GPU mem: 81.8GB free / 85.1GB total | delta_size=1179 full_size=313567833
R0 [P2] iter 627: join done, raw=1174 result_size=1174
R0 [P2] iter 627: split done, delta_size=1174
R0 [P2] iter 627: dedup done, delta_size=1174
R0 [P2] iter 627: subtract done, delta_size=1172
R0 [P2] iter 627: merge done, full_size=313569005
R0 [P2] iter 628 done: global_full_size=313569005
R0 [P2] iter 628: PRE-JOIN GPU mem: 81.8GB free / 85.1GB total | delta_size=1172 full_size=313569005
R0 [P2] iter 628: join done, raw=1167 result_size=1167
R0 [P2] iter 628: split done, delta_size=1167
R0 [P2] iter 628: dedup done, delta_size=1167
R0 [P2] iter 628: subtract done, delta_size=1165
R0 [P2] iter 628: merge done, full_size=313570170
R0 [P2] iter 629 done: global_full_size=313570170
R0 [P2] iter 629: PRE-JOIN GPU mem: 81.8GB free / 85.1GB total | delta_size=1165 full_size=313570170
R0 [P2] iter 629: join done, raw=1160 result_size=1160
R0 [P2] iter 629: split done, delta_size=1160
R0 [P2] iter 629: dedup done, delta_size=1160
R0 [P2] iter 629: subtract done, delta_size=1158
R0 [P2] iter 629: merge done, full_size=313571328
R0 [P2] iter 630 done: global_full_size=313571328
R0 [P2] iter 630: PRE-JOIN GPU mem: 81.8GB free / 85.1GB total | delta_size=1158 full_size=313571328
R0 [P2] iter 630: join done, raw=1153 result_size=1153
R0 [P2] iter 630: split done, delta_size=1153
R0 [P2] iter 630: dedup done, delta_size=1153
R0 [P2] iter 630: subtract done, delta_size=1151
R0 [P2] iter 630: merge done, full_size=313572479
R0 [P2] iter 631 done: global_full_size=313572479
R0 [P2] iter 631: PRE-JOIN GPU mem: 81.8GB free / 85.1GB total | delta_size=1151 full_size=313572479
R0 [P2] iter 631: join done, raw=1146 result_size=1146
R0 [P2] iter 631: split done, delta_size=1146
R0 [P2] iter 631: dedup done, delta_size=1146
R0 [P2] iter 631: subtract done, delta_size=1144
R0 [P2] iter 631: merge done, full_size=313573623
R0 [P2] iter 632 done: global_full_size=313573623
R0 [P2] iter 632: PRE-JOIN GPU mem: 81.8GB free / 85.1GB total | delta_size=1144 full_size=313573623
R0 [P2] iter 632: join done, raw=1139 result_size=1139
R0 [P2] iter 632: split done, delta_size=1139
R0 [P2] iter 632: dedup done, delta_size=1139
R0 [P2] iter 632: subtract done, delta_size=1137
R0 [P2] iter 632: merge done, full_size=313574760
R0 [P2] iter 633 done: global_full_size=313574760
R0 [P2] iter 633: PRE-JOIN GPU mem: 81.8GB free / 85.1GB total | delta_size=1137 full_size=313574760
R0 [P2] iter 633: join done, raw=1132 result_size=1132
R0 [P2] iter 633: split done, delta_size=1132
R0 [P2] iter 633: dedup done, delta_size=1132
R0 [P2] iter 633: subtract done, delta_size=1130
R0 [P2] iter 633: merge done, full_size=313575890
R0 [P2] iter 634 done: global_full_size=313575890
R0 [P2] iter 634: PRE-JOIN GPU mem: 81.8GB free / 85.1GB total | delta_size=1130 full_size=313575890
R0 [P2] iter 634: join done, raw=1125 result_size=1125
R0 [P2] iter 634: split done, delta_size=1125
R0 [P2] iter 634: dedup done, delta_size=1125
R0 [P2] iter 634: subtract done, delta_size=1123
R0 [P2] iter 634: merge done, full_size=313577013
R0 [P2] iter 635 done: global_full_size=313577013
R0 [P2] iter 635: PRE-JOIN GPU mem: 81.8GB free / 85.1GB total | delta_size=1123 full_size=313577013
R0 [P2] iter 635: join done, raw=1118 result_size=1118
R0 [P2] iter 635: split done, delta_size=1118
R0 [P2] iter 635: dedup done, delta_size=1118
R0 [P2] iter 635: subtract done, delta_size=1116
R0 [P2] iter 635: merge done, full_size=313578129
R0 [P2] iter 636 done: global_full_size=313578129
R0 [P2] iter 636: PRE-JOIN GPU mem: 81.8GB free / 85.1GB total | delta_size=1116 full_size=313578129
R0 [P2] iter 636: join done, raw=1111 result_size=1111
R0 [P2] iter 636: split done, delta_size=1111
R0 [P2] iter 636: dedup done, delta_size=1111
R0 [P2] iter 636: subtract done, delta_size=1109
R0 [P2] iter 636: merge done, full_size=313579238
R0 [P2] iter 637 done: global_full_size=313579238
R0 [P2] iter 637: PRE-JOIN GPU mem: 81.8GB free / 85.1GB total | delta_size=1109 full_size=313579238
R0 [P2] iter 637: join done, raw=1104 result_size=1104
R0 [P2] iter 637: split done, delta_size=1104
R0 [P2] iter 637: dedup done, delta_size=1104
R0 [P2] iter 637: subtract done, delta_size=1102
R0 [P2] iter 637: merge done, full_size=313580340
R0 [P2] iter 638 done: global_full_size=313580340
R0 [P2] iter 638: PRE-JOIN GPU mem: 81.8GB free / 85.1GB total | delta_size=1102 full_size=313580340
R0 [P2] iter 638: join done, raw=1097 result_size=1097
R0 [P2] iter 638: split done, delta_size=1097
R0 [P2] iter 638: dedup done, delta_size=1097
R0 [P2] iter 638: subtract done, delta_size=1095
R0 [P2] iter 638: merge done, full_size=313581435
R0 [P2] iter 639 done: global_full_size=313581435
R0 [P2] iter 639: PRE-JOIN GPU mem: 81.8GB free / 85.1GB total | delta_size=1095 full_size=313581435
R0 [P2] iter 639: join done, raw=1090 result_size=1090
R0 [P2] iter 639: split done, delta_size=1090
R0 [P2] iter 639: dedup done, delta_size=1090
R0 [P2] iter 639: subtract done, delta_size=1088
R0 [P2] iter 639: merge done, full_size=313582523
R0 [P2] iter 640 done: global_full_size=313582523
R0 [P2] iter 640: PRE-JOIN GPU mem: 81.8GB free / 85.1GB total | delta_size=1088 full_size=313582523
R0 [P2] iter 640: join done, raw=1083 result_size=1083
R0 [P2] iter 640: split done, delta_size=1083
R0 [P2] iter 640: dedup done, delta_size=1083
R0 [P2] iter 640: subtract done, delta_size=1081
R0 [P2] iter 640: merge done, full_size=313583604
R0 [P2] iter 641 done: global_full_size=313583604
R0 [P2] iter 641: PRE-JOIN GPU mem: 81.8GB free / 85.1GB total | delta_size=1081 full_size=313583604
R0 [P2] iter 641: join done, raw=1076 result_size=1076
R0 [P2] iter 641: split done, delta_size=1076
R0 [P2] iter 641: dedup done, delta_size=1076
R0 [P2] iter 641: subtract done, delta_size=1074
R0 [P2] iter 641: merge done, full_size=313584678
R0 [P2] iter 642 done: global_full_size=313584678
R0 [P2] iter 642: PRE-JOIN GPU mem: 81.8GB free / 85.1GB total | delta_size=1074 full_size=313584678
R0 [P2] iter 642: join done, raw=1069 result_size=1069
R0 [P2] iter 642: split done, delta_size=1069
R0 [P2] iter 642: dedup done, delta_size=1069
R0 [P2] iter 642: subtract done, delta_size=1067
R0 [P2] iter 642: merge done, full_size=313585745
R0 [P2] iter 643 done: global_full_size=313585745
R0 [P2] iter 643: PRE-JOIN GPU mem: 81.8GB free / 85.1GB total | delta_size=1067 full_size=313585745
R0 [P2] iter 643: join done, raw=1062 result_size=1062
R0 [P2] iter 643: split done, delta_size=1062
R0 [P2] iter 643: dedup done, delta_size=1062
R0 [P2] iter 643: subtract done, delta_size=1060
R0 [P2] iter 643: merge done, full_size=313586805
R0 [P2] iter 644 done: global_full_size=313586805
R0 [P2] iter 644: PRE-JOIN GPU mem: 81.8GB free / 85.1GB total | delta_size=1060 full_size=313586805
R0 [P2] iter 644: join done, raw=1054 result_size=1054
R0 [P2] iter 644: split done, delta_size=1054
R0 [P2] iter 644: dedup done, delta_size=1054
R0 [P2] iter 644: subtract done, delta_size=1052
R0 [P2] iter 644: merge done, full_size=313587857
R0 [P2] iter 645 done: global_full_size=313587857
R0 [P2] iter 645: PRE-JOIN GPU mem: 81.8GB free / 85.1GB total | delta_size=1052 full_size=313587857
R0 [P2] iter 645: join done, raw=1047 result_size=1047
R0 [P2] iter 645: split done, delta_size=1047
R0 [P2] iter 645: dedup done, delta_size=1047
R0 [P2] iter 645: subtract done, delta_size=1045
R0 [P2] iter 645: merge done, full_size=313588902
R0 [P2] iter 646 done: global_full_size=313588902
R0 [P2] iter 646: PRE-JOIN GPU mem: 81.8GB free / 85.1GB total | delta_size=1045 full_size=313588902
R0 [P2] iter 646: join done, raw=1041 result_size=1041
R0 [P2] iter 646: split done, delta_size=1041
R0 [P2] iter 646: dedup done, delta_size=1041
R0 [P2] iter 646: subtract done, delta_size=1039
R0 [P2] iter 646: merge done, full_size=313589941
R0 [P2] iter 647 done: global_full_size=313589941
R0 [P2] iter 647: PRE-JOIN GPU mem: 81.8GB free / 85.1GB total | delta_size=1039 full_size=313589941
R0 [P2] iter 647: join done, raw=1035 result_size=1035
R0 [P2] iter 647: split done, delta_size=1035
R0 [P2] iter 647: dedup done, delta_size=1035
R0 [P2] iter 647: subtract done, delta_size=1033
R0 [P2] iter 647: merge done, full_size=313590974
R0 [P2] iter 648 done: global_full_size=313590974
R0 [P2] iter 648: PRE-JOIN GPU mem: 81.8GB free / 85.1GB total | delta_size=1033 full_size=313590974
R0 [P2] iter 648: join done, raw=1029 result_size=1029
R0 [P2] iter 648: split done, delta_size=1029
R0 [P2] iter 648: dedup done, delta_size=1029
R0 [P2] iter 648: subtract done, delta_size=1027
R0 [P2] iter 648: merge done, full_size=313592001
R0 [P2] iter 649 done: global_full_size=313592001
R0 [P2] iter 649: PRE-JOIN GPU mem: 81.8GB free / 85.1GB total | delta_size=1027 full_size=313592001
R0 [P2] iter 649: join done, raw=1023 result_size=1023
R0 [P2] iter 649: split done, delta_size=1023
R0 [P2] iter 649: dedup done, delta_size=1023
R0 [P2] iter 649: subtract done, delta_size=1021
R0 [P2] iter 649: merge done, full_size=313593022
R0 [P2] iter 650 done: global_full_size=313593022
R0 [P2] iter 650: PRE-JOIN GPU mem: 81.8GB free / 85.1GB total | delta_size=1021 full_size=313593022
R0 [P2] iter 650: join done, raw=1017 result_size=1017
R0 [P2] iter 650: split done, delta_size=1017
R0 [P2] iter 650: dedup done, delta_size=1017
R0 [P2] iter 650: subtract done, delta_size=1015
R0 [P2] iter 650: merge done, full_size=313594037
R0 [P2] iter 651 done: global_full_size=313594037
R0 [P2] iter 651: PRE-JOIN GPU mem: 81.8GB free / 85.1GB total | delta_size=1015 full_size=313594037
R0 [P2] iter 651: join done, raw=1010 result_size=1010
R0 [P2] iter 651: split done, delta_size=1010
R0 [P2] iter 651: dedup done, delta_size=1010
R0 [P2] iter 651: subtract done, delta_size=1008
R0 [P2] iter 651: merge done, full_size=313595045
R0 [P2] iter 652 done: global_full_size=313595045
R0 [P2] iter 652: PRE-JOIN GPU mem: 81.8GB free / 85.1GB total | delta_size=1008 full_size=313595045
R0 [P2] iter 652: join done, raw=1004 result_size=1004
R0 [P2] iter 652: split done, delta_size=1004
R0 [P2] iter 652: dedup done, delta_size=1004
R0 [P2] iter 652: subtract done, delta_size=1002
R0 [P2] iter 652: merge done, full_size=313596047
R0 [P2] iter 653 done: global_full_size=313596047
R0 [P2] iter 653: PRE-JOIN GPU mem: 81.8GB free / 85.1GB total | delta_size=1002 full_size=313596047
R0 [P2] iter 653: join done, raw=998 result_size=998
R0 [P2] iter 653: split done, delta_size=998
R0 [P2] iter 653: dedup done, delta_size=998
R0 [P2] iter 653: subtract done, delta_size=996
R0 [P2] iter 653: merge done, full_size=313597043
R0 [P2] iter 654 done: global_full_size=313597043
R0 [P2] iter 654: PRE-JOIN GPU mem: 81.8GB free / 85.1GB total | delta_size=996 full_size=313597043
R0 [P2] iter 654: join done, raw=992 result_size=992
R0 [P2] iter 654: split done, delta_size=992
R0 [P2] iter 654: dedup done, delta_size=992
R0 [P2] iter 654: subtract done, delta_size=990
R0 [P2] iter 654: merge done, full_size=313598033
R0 [P2] iter 655 done: global_full_size=313598033
R0 [P2] iter 655: PRE-JOIN GPU mem: 81.8GB free / 85.1GB total | delta_size=990 full_size=313598033
R0 [P2] iter 655: join done, raw=986 result_size=986
R0 [P2] iter 655: split done, delta_size=986
R0 [P2] iter 655: dedup done, delta_size=986
R0 [P2] iter 655: subtract done, delta_size=984
R0 [P2] iter 655: merge done, full_size=313599017
R0 [P2] iter 656 done: global_full_size=313599017
R0 [P2] iter 656: PRE-JOIN GPU mem: 81.8GB free / 85.1GB total | delta_size=984 full_size=313599017
R0 [P2] iter 656: join done, raw=980 result_size=980
R0 [P2] iter 656: split done, delta_size=980
R0 [P2] iter 656: dedup done, delta_size=980
R0 [P2] iter 656: subtract done, delta_size=978
R0 [P2] iter 656: merge done, full_size=313599995
R0 [P2] iter 657 done: global_full_size=313599995
R0 [P2] iter 657: PRE-JOIN GPU mem: 81.8GB free / 85.1GB total | delta_size=978 full_size=313599995
R0 [P2] iter 657: join done, raw=974 result_size=974
R0 [P2] iter 657: split done, delta_size=974
R0 [P2] iter 657: dedup done, delta_size=974
R0 [P2] iter 657: subtract done, delta_size=972
R0 [P2] iter 657: merge done, full_size=313600967
R0 [P2] iter 658 done: global_full_size=313600967
R0 [P2] iter 658: PRE-JOIN GPU mem: 81.8GB free / 85.1GB total | delta_size=972 full_size=313600967
R0 [P2] iter 658: join done, raw=968 result_size=968
R0 [P2] iter 658: split done, delta_size=968
R0 [P2] iter 658: dedup done, delta_size=968
R0 [P2] iter 658: subtract done, delta_size=966
R0 [P2] iter 658: merge done, full_size=313601933
R0 [P2] iter 659 done: global_full_size=313601933
R0 [P2] iter 659: PRE-JOIN GPU mem: 81.8GB free / 85.1GB total | delta_size=966 full_size=313601933
R0 [P2] iter 659: join done, raw=962 result_size=962
R0 [P2] iter 659: split done, delta_size=962
R0 [P2] iter 659: dedup done, delta_size=962
R0 [P2] iter 659: subtract done, delta_size=960
R0 [P2] iter 659: merge done, full_size=313602893
R0 [P2] iter 660 done: global_full_size=313602893
R0 [P2] iter 660: PRE-JOIN GPU mem: 81.8GB free / 85.1GB total | delta_size=960 full_size=313602893
R0 [P2] iter 660: join done, raw=956 result_size=956
R0 [P2] iter 660: split done, delta_size=956
R0 [P2] iter 660: dedup done, delta_size=956
R0 [P2] iter 660: subtract done, delta_size=954
R0 [P2] iter 660: merge done, full_size=313603847
R0 [P2] iter 661 done: global_full_size=313603847
R0 [P2] iter 661: PRE-JOIN GPU mem: 81.8GB free / 85.1GB total | delta_size=954 full_size=313603847
R0 [P2] iter 661: join done, raw=950 result_size=950
R0 [P2] iter 661: split done, delta_size=950
R0 [P2] iter 661: dedup done, delta_size=950
R0 [P2] iter 661: subtract done, delta_size=948
R0 [P2] iter 661: merge done, full_size=313604795
R0 [P2] iter 662 done: global_full_size=313604795
R0 [P2] iter 662: PRE-JOIN GPU mem: 81.8GB free / 85.1GB total | delta_size=948 full_size=313604795
R0 [P2] iter 662: join done, raw=944 result_size=944
R0 [P2] iter 662: split done, delta_size=944
R0 [P2] iter 662: dedup done, delta_size=944
R0 [P2] iter 662: subtract done, delta_size=942
R0 [P2] iter 662: merge done, full_size=313605737
R0 [P2] iter 663 done: global_full_size=313605737
R0 [P2] iter 663: PRE-JOIN GPU mem: 81.8GB free / 85.1GB total | delta_size=942 full_size=313605737
R0 [P2] iter 663: join done, raw=938 result_size=938
R0 [P2] iter 663: split done, delta_size=938
R0 [P2] iter 663: dedup done, delta_size=938
R0 [P2] iter 663: subtract done, delta_size=936
R0 [P2] iter 663: merge done, full_size=313606673
R0 [P2] iter 664 done: global_full_size=313606673
R0 [P2] iter 664: PRE-JOIN GPU mem: 81.8GB free / 85.1GB total | delta_size=936 full_size=313606673
R0 [P2] iter 664: join done, raw=932 result_size=932
R0 [P2] iter 664: split done, delta_size=932
R0 [P2] iter 664: dedup done, delta_size=932
R0 [P2] iter 664: subtract done, delta_size=930
R0 [P2] iter 664: merge done, full_size=313607603
R0 [P2] iter 665 done: global_full_size=313607603
R0 [P2] iter 665: PRE-JOIN GPU mem: 81.8GB free / 85.1GB total | delta_size=930 full_size=313607603
R0 [P2] iter 665: join done, raw=926 result_size=926
R0 [P2] iter 665: split done, delta_size=926
R0 [P2] iter 665: dedup done, delta_size=926
R0 [P2] iter 665: subtract done, delta_size=924
R0 [P2] iter 665: merge done, full_size=313608527
R0 [P2] iter 666 done: global_full_size=313608527
R0 [P2] iter 666: PRE-JOIN GPU mem: 81.8GB free / 85.1GB total | delta_size=924 full_size=313608527
R0 [P2] iter 666: join done, raw=920 result_size=920
R0 [P2] iter 666: split done, delta_size=920
R0 [P2] iter 666: dedup done, delta_size=920
R0 [P2] iter 666: subtract done, delta_size=918
R0 [P2] iter 666: merge done, full_size=313609445
R0 [P2] iter 667 done: global_full_size=313609445
R0 [P2] iter 667: PRE-JOIN GPU mem: 81.8GB free / 85.1GB total | delta_size=918 full_size=313609445
R0 [P2] iter 667: join done, raw=914 result_size=914
R0 [P2] iter 667: split done, delta_size=914
R0 [P2] iter 667: dedup done, delta_size=914
R0 [P2] iter 667: subtract done, delta_size=912
R0 [P2] iter 667: merge done, full_size=313610357
R0 [P2] iter 668 done: global_full_size=313610357
R0 [P2] iter 668: PRE-JOIN GPU mem: 81.8GB free / 85.1GB total | delta_size=912 full_size=313610357
R0 [P2] iter 668: join done, raw=908 result_size=908
R0 [P2] iter 668: split done, delta_size=908
R0 [P2] iter 668: dedup done, delta_size=908
R0 [P2] iter 668: subtract done, delta_size=906
R0 [P2] iter 668: merge done, full_size=313611263
R0 [P2] iter 669 done: global_full_size=313611263
R0 [P2] iter 669: PRE-JOIN GPU mem: 81.8GB free / 85.1GB total | delta_size=906 full_size=313611263
R0 [P2] iter 669: join done, raw=902 result_size=902
R0 [P2] iter 669: split done, delta_size=902
R0 [P2] iter 669: dedup done, delta_size=902
R0 [P2] iter 669: subtract done, delta_size=900
R0 [P2] iter 669: merge done, full_size=313612163
R0 [P2] iter 670 done: global_full_size=313612163
R0 [P2] iter 670: PRE-JOIN GPU mem: 81.8GB free / 85.1GB total | delta_size=900 full_size=313612163
R0 [P2] iter 670: join done, raw=896 result_size=896
R0 [P2] iter 670: split done, delta_size=896
R0 [P2] iter 670: dedup done, delta_size=896
R0 [P2] iter 670: subtract done, delta_size=894
R0 [P2] iter 670: merge done, full_size=313613057
R0 [P2] iter 671 done: global_full_size=313613057
R0 [P2] iter 671: PRE-JOIN GPU mem: 81.8GB free / 85.1GB total | delta_size=894 full_size=313613057
R0 [P2] iter 671: join done, raw=890 result_size=890
R0 [P2] iter 671: split done, delta_size=890
R0 [P2] iter 671: dedup done, delta_size=890
R0 [P2] iter 671: subtract done, delta_size=888
R0 [P2] iter 671: merge done, full_size=313613945
R0 [P2] iter 672 done: global_full_size=313613945
R0 [P2] iter 672: PRE-JOIN GPU mem: 81.8GB free / 85.1GB total | delta_size=888 full_size=313613945
R0 [P2] iter 672: join done, raw=884 result_size=884
R0 [P2] iter 672: split done, delta_size=884
R0 [P2] iter 672: dedup done, delta_size=884
R0 [P2] iter 672: subtract done, delta_size=882
R0 [P2] iter 672: merge done, full_size=313614827
R0 [P2] iter 673 done: global_full_size=313614827
R0 [P2] iter 673: PRE-JOIN GPU mem: 81.8GB free / 85.1GB total | delta_size=882 full_size=313614827
R0 [P2] iter 673: join done, raw=878 result_size=878
R0 [P2] iter 673: split done, delta_size=878
R0 [P2] iter 673: dedup done, delta_size=878
R0 [P2] iter 673: subtract done, delta_size=876
R0 [P2] iter 673: merge done, full_size=313615703
R0 [P2] iter 674 done: global_full_size=313615703
R0 [P2] iter 674: PRE-JOIN GPU mem: 81.8GB free / 85.1GB total | delta_size=876 full_size=313615703
R0 [P2] iter 674: join done, raw=872 result_size=872
R0 [P2] iter 674: split done, delta_size=872
R0 [P2] iter 674: dedup done, delta_size=872
R0 [P2] iter 674: subtract done, delta_size=870
R0 [P2] iter 674: merge done, full_size=313616573
R0 [P2] iter 675 done: global_full_size=313616573
R0 [P2] iter 675: PRE-JOIN GPU mem: 81.8GB free / 85.1GB total | delta_size=870 full_size=313616573
R0 [P2] iter 675: join done, raw=866 result_size=866
R0 [P2] iter 675: split done, delta_size=866
R0 [P2] iter 675: dedup done, delta_size=866
R0 [P2] iter 675: subtract done, delta_size=864
R0 [P2] iter 675: merge done, full_size=313617437
R0 [P2] iter 676 done: global_full_size=313617437
R0 [P2] iter 676: PRE-JOIN GPU mem: 81.8GB free / 85.1GB total | delta_size=864 full_size=313617437
R0 [P2] iter 676: join done, raw=860 result_size=860
R0 [P2] iter 676: split done, delta_size=860
R0 [P2] iter 676: dedup done, delta_size=860
R0 [P2] iter 676: subtract done, delta_size=858
R0 [P2] iter 676: merge done, full_size=313618295
R0 [P2] iter 677 done: global_full_size=313618295
R0 [P2] iter 677: PRE-JOIN GPU mem: 81.8GB free / 85.1GB total | delta_size=858 full_size=313618295
R0 [P2] iter 677: join done, raw=854 result_size=854
R0 [P2] iter 677: split done, delta_size=854
R0 [P2] iter 677: dedup done, delta_size=854
R0 [P2] iter 677: subtract done, delta_size=852
R0 [P2] iter 677: merge done, full_size=313619147
R0 [P2] iter 678 done: global_full_size=313619147
R0 [P2] iter 678: PRE-JOIN GPU mem: 81.8GB free / 85.1GB total | delta_size=852 full_size=313619147
R0 [P2] iter 678: join done, raw=848 result_size=848
R0 [P2] iter 678: split done, delta_size=848
R0 [P2] iter 678: dedup done, delta_size=848
R0 [P2] iter 678: subtract done, delta_size=846
R0 [P2] iter 678: merge done, full_size=313619993
R0 [P2] iter 679 done: global_full_size=313619993
R0 [P2] iter 679: PRE-JOIN GPU mem: 81.8GB free / 85.1GB total | delta_size=846 full_size=313619993
R0 [P2] iter 679: join done, raw=842 result_size=842
R0 [P2] iter 679: split done, delta_size=842
R0 [P2] iter 679: dedup done, delta_size=842
R0 [P2] iter 679: subtract done, delta_size=840
R0 [P2] iter 679: merge done, full_size=313620833
R0 [P2] iter 680 done: global_full_size=313620833
R0 [P2] iter 680: PRE-JOIN GPU mem: 81.8GB free / 85.1GB total | delta_size=840 full_size=313620833
R0 [P2] iter 680: join done, raw=836 result_size=836
R0 [P2] iter 680: split done, delta_size=836
R0 [P2] iter 680: dedup done, delta_size=836
R0 [P2] iter 680: subtract done, delta_size=834
R0 [P2] iter 680: merge done, full_size=313621667
R0 [P2] iter 681 done: global_full_size=313621667
R0 [P2] iter 681: PRE-JOIN GPU mem: 81.8GB free / 85.1GB total | delta_size=834 full_size=313621667
R0 [P2] iter 681: join done, raw=831 result_size=831
R0 [P2] iter 681: split done, delta_size=831
R0 [P2] iter 681: dedup done, delta_size=831
R0 [P2] iter 681: subtract done, delta_size=829
R0 [P2] iter 681: merge done, full_size=313622496
R0 [P2] iter 682 done: global_full_size=313622496
R0 [P2] iter 682: PRE-JOIN GPU mem: 81.8GB free / 85.1GB total | delta_size=829 full_size=313622496
R0 [P2] iter 682: join done, raw=826 result_size=826
R0 [P2] iter 682: split done, delta_size=826
R0 [P2] iter 682: dedup done, delta_size=826
R0 [P2] iter 682: subtract done, delta_size=824
R0 [P2] iter 682: merge done, full_size=313623320
R0 [P2] iter 683 done: global_full_size=313623320
R0 [P2] iter 683: PRE-JOIN GPU mem: 81.8GB free / 85.1GB total | delta_size=824 full_size=313623320
R0 [P2] iter 683: join done, raw=820 result_size=820
R0 [P2] iter 683: split done, delta_size=820
R0 [P2] iter 683: dedup done, delta_size=820
R0 [P2] iter 683: subtract done, delta_size=818
R0 [P2] iter 683: merge done, full_size=313624138
R0 [P2] iter 684 done: global_full_size=313624138
R0 [P2] iter 684: PRE-JOIN GPU mem: 81.8GB free / 85.1GB total | delta_size=818 full_size=313624138
R0 [P2] iter 684: join done, raw=815 result_size=815
R0 [P2] iter 684: split done, delta_size=815
R0 [P2] iter 684: dedup done, delta_size=815
R0 [P2] iter 684: subtract done, delta_size=813
R0 [P2] iter 684: merge done, full_size=313624951
R0 [P2] iter 685 done: global_full_size=313624951
R0 [P2] iter 685: PRE-JOIN GPU mem: 81.8GB free / 85.1GB total | delta_size=813 full_size=313624951
R0 [P2] iter 685: join done, raw=810 result_size=810
R0 [P2] iter 685: split done, delta_size=810
R0 [P2] iter 685: dedup done, delta_size=810
R0 [P2] iter 685: subtract done, delta_size=808
R0 [P2] iter 685: merge done, full_size=313625759
R0 [P2] iter 686 done: global_full_size=313625759
R0 [P2] iter 686: PRE-JOIN GPU mem: 81.8GB free / 85.1GB total | delta_size=808 full_size=313625759
R0 [P2] iter 686: join done, raw=805 result_size=805
R0 [P2] iter 686: split done, delta_size=805
R0 [P2] iter 686: dedup done, delta_size=805
R0 [P2] iter 686: subtract done, delta_size=803
R0 [P2] iter 686: merge done, full_size=313626562
R0 [P2] iter 687 done: global_full_size=313626562
R0 [P2] iter 687: PRE-JOIN GPU mem: 81.8GB free / 85.1GB total | delta_size=803 full_size=313626562
R0 [P2] iter 687: join done, raw=800 result_size=800
R0 [P2] iter 687: split done, delta_size=800
R0 [P2] iter 687: dedup done, delta_size=800
R0 [P2] iter 687: subtract done, delta_size=798
R0 [P2] iter 687: merge done, full_size=313627360
R0 [P2] iter 688 done: global_full_size=313627360
R0 [P2] iter 688: PRE-JOIN GPU mem: 81.8GB free / 85.1GB total | delta_size=798 full_size=313627360
R0 [P2] iter 688: join done, raw=795 result_size=795
R0 [P2] iter 688: split done, delta_size=795
R0 [P2] iter 688: dedup done, delta_size=795
R0 [P2] iter 688: subtract done, delta_size=793
R0 [P2] iter 688: merge done, full_size=313628153
R0 [P2] iter 689 done: global_full_size=313628153
R0 [P2] iter 689: PRE-JOIN GPU mem: 81.8GB free / 85.1GB total | delta_size=793 full_size=313628153
R0 [P2] iter 689: join done, raw=790 result_size=790
R0 [P2] iter 689: split done, delta_size=790
R0 [P2] iter 689: dedup done, delta_size=790
R0 [P2] iter 689: subtract done, delta_size=788
R0 [P2] iter 689: merge done, full_size=313628941
R0 [P2] iter 690 done: global_full_size=313628941
R0 [P2] iter 690: PRE-JOIN GPU mem: 81.8GB free / 85.1GB total | delta_size=788 full_size=313628941
R0 [P2] iter 690: join done, raw=785 result_size=785
R0 [P2] iter 690: split done, delta_size=785
R0 [P2] iter 690: dedup done, delta_size=785
R0 [P2] iter 690: subtract done, delta_size=783
R0 [P2] iter 690: merge done, full_size=313629724
R0 [P2] iter 691 done: global_full_size=313629724
R0 [P2] iter 691: PRE-JOIN GPU mem: 81.8GB free / 85.1GB total | delta_size=783 full_size=313629724
R0 [P2] iter 691: join done, raw=780 result_size=780
R0 [P2] iter 691: split done, delta_size=780
R0 [P2] iter 691: dedup done, delta_size=780
R0 [P2] iter 691: subtract done, delta_size=778
R0 [P2] iter 691: merge done, full_size=313630502
R0 [P2] iter 692 done: global_full_size=313630502
R0 [P2] iter 692: PRE-JOIN GPU mem: 81.8GB free / 85.1GB total | delta_size=778 full_size=313630502
R0 [P2] iter 692: join done, raw=775 result_size=775
R0 [P2] iter 692: split done, delta_size=775
R0 [P2] iter 692: dedup done, delta_size=775
R0 [P2] iter 692: subtract done, delta_size=773
R0 [P2] iter 692: merge done, full_size=313631275
R0 [P2] iter 693 done: global_full_size=313631275
R0 [P2] iter 693: PRE-JOIN GPU mem: 81.8GB free / 85.1GB total | delta_size=773 full_size=313631275
R0 [P2] iter 693: join done, raw=770 result_size=770
R0 [P2] iter 693: split done, delta_size=770
R0 [P2] iter 693: dedup done, delta_size=770
R0 [P2] iter 693: subtract done, delta_size=768
R0 [P2] iter 693: merge done, full_size=313632043
R0 [P2] iter 694 done: global_full_size=313632043
R0 [P2] iter 694: PRE-JOIN GPU mem: 81.8GB free / 85.1GB total | delta_size=768 full_size=313632043
R0 [P2] iter 694: join done, raw=765 result_size=765
R0 [P2] iter 694: split done, delta_size=765
R0 [P2] iter 694: dedup done, delta_size=765
R0 [P2] iter 694: subtract done, delta_size=763
R0 [P2] iter 694: merge done, full_size=313632806
R0 [P2] iter 695 done: global_full_size=313632806
R0 [P2] iter 695: PRE-JOIN GPU mem: 81.8GB free / 85.1GB total | delta_size=763 full_size=313632806
R0 [P2] iter 695: join done, raw=760 result_size=760
R0 [P2] iter 695: split done, delta_size=760
R0 [P2] iter 695: dedup done, delta_size=760
R0 [P2] iter 695: subtract done, delta_size=758
R0 [P2] iter 695: merge done, full_size=313633564
R0 [P2] iter 696 done: global_full_size=313633564
R0 [P2] iter 696: PRE-JOIN GPU mem: 81.8GB free / 85.1GB total | delta_size=758 full_size=313633564
R0 [P2] iter 696: join done, raw=755 result_size=755
R0 [P2] iter 696: split done, delta_size=755
R0 [P2] iter 696: dedup done, delta_size=755
R0 [P2] iter 696: subtract done, delta_size=753
R0 [P2] iter 696: merge done, full_size=313634317
R0 [P2] iter 697 done: global_full_size=313634317
R0 [P2] iter 697: PRE-JOIN GPU mem: 81.8GB free / 85.1GB total | delta_size=753 full_size=313634317
R0 [P2] iter 697: join done, raw=750 result_size=750
R0 [P2] iter 697: split done, delta_size=750
R0 [P2] iter 697: dedup done, delta_size=750
R0 [P2] iter 697: subtract done, delta_size=748
R0 [P2] iter 697: merge done, full_size=313635065
R0 [P2] iter 698 done: global_full_size=313635065
R0 [P2] iter 698: PRE-JOIN GPU mem: 81.8GB free / 85.1GB total | delta_size=748 full_size=313635065
R0 [P2] iter 698: join done, raw=745 result_size=745
R0 [P2] iter 698: split done, delta_size=745
R0 [P2] iter 698: dedup done, delta_size=745
R0 [P2] iter 698: subtract done, delta_size=743
R0 [P2] iter 698: merge done, full_size=313635808
R0 [P2] iter 699 done: global_full_size=313635808
R0 [P2] iter 699: PRE-JOIN GPU mem: 81.8GB free / 85.1GB total | delta_size=743 full_size=313635808
R0 [P2] iter 699: join done, raw=740 result_size=740
R0 [P2] iter 699: split done, delta_size=740
R0 [P2] iter 699: dedup done, delta_size=740
R0 [P2] iter 699: subtract done, delta_size=738
R0 [P2] iter 699: merge done, full_size=313636546
R0 [P2] iter 700 done: global_full_size=313636546
R0 [P2] iter 700: PRE-JOIN GPU mem: 81.8GB free / 85.1GB total | delta_size=738 full_size=313636546
R0 [P2] iter 700: join done, raw=735 result_size=735
R0 [P2] iter 700: split done, delta_size=735
R0 [P2] iter 700: dedup done, delta_size=735
R0 [P2] iter 700: subtract done, delta_size=733
R0 [P2] iter 700: merge done, full_size=313637279
R0 [P2] iter 701 done: global_full_size=313637279
R0 [P2] iter 701: PRE-JOIN GPU mem: 81.8GB free / 85.1GB total | delta_size=733 full_size=313637279
R0 [P2] iter 701: join done, raw=730 result_size=730
R0 [P2] iter 701: split done, delta_size=730
R0 [P2] iter 701: dedup done, delta_size=730
R0 [P2] iter 701: subtract done, delta_size=728
R0 [P2] iter 701: merge done, full_size=313638007
R0 [P2] iter 702 done: global_full_size=313638007
R0 [P2] iter 702: PRE-JOIN GPU mem: 81.8GB free / 85.1GB total | delta_size=728 full_size=313638007
R0 [P2] iter 702: join done, raw=725 result_size=725
R0 [P2] iter 702: split done, delta_size=725
R0 [P2] iter 702: dedup done, delta_size=725
R0 [P2] iter 702: subtract done, delta_size=723
R0 [P2] iter 702: merge done, full_size=313638730
R0 [P2] iter 703 done: global_full_size=313638730
R0 [P2] iter 703: PRE-JOIN GPU mem: 81.8GB free / 85.1GB total | delta_size=723 full_size=313638730
R0 [P2] iter 703: join done, raw=720 result_size=720
R0 [P2] iter 703: split done, delta_size=720
R0 [P2] iter 703: dedup done, delta_size=720
R0 [P2] iter 703: subtract done, delta_size=718
R0 [P2] iter 703: merge done, full_size=313639448
R0 [P2] iter 704 done: global_full_size=313639448
R0 [P2] iter 704: PRE-JOIN GPU mem: 81.8GB free / 85.1GB total | delta_size=718 full_size=313639448
R0 [P2] iter 704: join done, raw=715 result_size=715
R0 [P2] iter 704: split done, delta_size=715
R0 [P2] iter 704: dedup done, delta_size=715
R0 [P2] iter 704: subtract done, delta_size=713
R0 [P2] iter 704: merge done, full_size=313640161
R0 [P2] iter 705 done: global_full_size=313640161
R0 [P2] iter 705: PRE-JOIN GPU mem: 81.8GB free / 85.1GB total | delta_size=713 full_size=313640161
R0 [P2] iter 705: join done, raw=710 result_size=710
R0 [P2] iter 705: split done, delta_size=710
R0 [P2] iter 705: dedup done, delta_size=710
R0 [P2] iter 705: subtract done, delta_size=708
R0 [P2] iter 705: merge done, full_size=313640869
R0 [P2] iter 706 done: global_full_size=313640869
R0 [P2] iter 706: PRE-JOIN GPU mem: 81.8GB free / 85.1GB total | delta_size=708 full_size=313640869
R0 [P2] iter 706: join done, raw=705 result_size=705
R0 [P2] iter 706: split done, delta_size=705
R0 [P2] iter 706: dedup done, delta_size=705
R0 [P2] iter 706: subtract done, delta_size=703
R0 [P2] iter 706: merge done, full_size=313641572
R0 [P2] iter 707 done: global_full_size=313641572
R0 [P2] iter 707: PRE-JOIN GPU mem: 81.8GB free / 85.1GB total | delta_size=703 full_size=313641572
R0 [P2] iter 707: join done, raw=700 result_size=700
R0 [P2] iter 707: split done, delta_size=700
R0 [P2] iter 707: dedup done, delta_size=700
R0 [P2] iter 707: subtract done, delta_size=698
R0 [P2] iter 707: merge done, full_size=313642270
R0 [P2] iter 708 done: global_full_size=313642270
R0 [P2] iter 708: PRE-JOIN GPU mem: 81.8GB free / 85.1GB total | delta_size=698 full_size=313642270
R0 [P2] iter 708: join done, raw=695 result_size=695
R0 [P2] iter 708: split done, delta_size=695
R0 [P2] iter 708: dedup done, delta_size=695
R0 [P2] iter 708: subtract done, delta_size=693
R0 [P2] iter 708: merge done, full_size=313642963
R0 [P2] iter 709 done: global_full_size=313642963
R0 [P2] iter 709: PRE-JOIN GPU mem: 81.8GB free / 85.1GB total | delta_size=693 full_size=313642963
R0 [P2] iter 709: join done, raw=690 result_size=690
R0 [P2] iter 709: split done, delta_size=690
R0 [P2] iter 709: dedup done, delta_size=690
R0 [P2] iter 709: subtract done, delta_size=688
R0 [P2] iter 709: merge done, full_size=313643651
R0 [P2] iter 710 done: global_full_size=313643651
R0 [P2] iter 710: PRE-JOIN GPU mem: 81.8GB free / 85.1GB total | delta_size=688 full_size=313643651
R0 [P2] iter 710: join done, raw=685 result_size=685
R0 [P2] iter 710: split done, delta_size=685
R0 [P2] iter 710: dedup done, delta_size=685
R0 [P2] iter 710: subtract done, delta_size=683
R0 [P2] iter 710: merge done, full_size=313644334
R0 [P2] iter 711 done: global_full_size=313644334
R0 [P2] iter 711: PRE-JOIN GPU mem: 81.8GB free / 85.1GB total | delta_size=683 full_size=313644334
R0 [P2] iter 711: join done, raw=680 result_size=680
R0 [P2] iter 711: split done, delta_size=680
R0 [P2] iter 711: dedup done, delta_size=680
R0 [P2] iter 711: subtract done, delta_size=678
R0 [P2] iter 711: merge done, full_size=313645012
R0 [P2] iter 712 done: global_full_size=313645012
R0 [P2] iter 712: PRE-JOIN GPU mem: 81.8GB free / 85.1GB total | delta_size=678 full_size=313645012
R0 [P2] iter 712: join done, raw=675 result_size=675
R0 [P2] iter 712: split done, delta_size=675
R0 [P2] iter 712: dedup done, delta_size=675
R0 [P2] iter 712: subtract done, delta_size=673
R0 [P2] iter 712: merge done, full_size=313645685
R0 [P2] iter 713 done: global_full_size=313645685
R0 [P2] iter 713: PRE-JOIN GPU mem: 81.8GB free / 85.1GB total | delta_size=673 full_size=313645685
R0 [P2] iter 713: join done, raw=670 result_size=670
R0 [P2] iter 713: split done, delta_size=670
R0 [P2] iter 713: dedup done, delta_size=670
R0 [P2] iter 713: subtract done, delta_size=668
R0 [P2] iter 713: merge done, full_size=313646353
R0 [P2] iter 714 done: global_full_size=313646353
R0 [P2] iter 714: PRE-JOIN GPU mem: 81.8GB free / 85.1GB total | delta_size=668 full_size=313646353
R0 [P2] iter 714: join done, raw=665 result_size=665
R0 [P2] iter 714: split done, delta_size=665
R0 [P2] iter 714: dedup done, delta_size=665
R0 [P2] iter 714: subtract done, delta_size=663
R0 [P2] iter 714: merge done, full_size=313647016
R0 [P2] iter 715 done: global_full_size=313647016
R0 [P2] iter 715: PRE-JOIN GPU mem: 81.8GB free / 85.1GB total | delta_size=663 full_size=313647016
R0 [P2] iter 715: join done, raw=660 result_size=660
R0 [P2] iter 715: split done, delta_size=660
R0 [P2] iter 715: dedup done, delta_size=660
R0 [P2] iter 715: subtract done, delta_size=658
R0 [P2] iter 715: merge done, full_size=313647674
R0 [P2] iter 716 done: global_full_size=313647674
R0 [P2] iter 716: PRE-JOIN GPU mem: 81.8GB free / 85.1GB total | delta_size=658 full_size=313647674
R0 [P2] iter 716: join done, raw=654 result_size=654
R0 [P2] iter 716: split done, delta_size=654
R0 [P2] iter 716: dedup done, delta_size=654
R0 [P2] iter 716: subtract done, delta_size=652
R0 [P2] iter 716: merge done, full_size=313648326
R0 [P2] iter 717 done: global_full_size=313648326
R0 [P2] iter 717: PRE-JOIN GPU mem: 81.8GB free / 85.1GB total | delta_size=652 full_size=313648326
R0 [P2] iter 717: join done, raw=649 result_size=649
R0 [P2] iter 717: split done, delta_size=649
R0 [P2] iter 717: dedup done, delta_size=649
R0 [P2] iter 717: subtract done, delta_size=647
R0 [P2] iter 717: merge done, full_size=313648973
R0 [P2] iter 718 done: global_full_size=313648973
R0 [P2] iter 718: PRE-JOIN GPU mem: 81.8GB free / 85.1GB total | delta_size=647 full_size=313648973
R0 [P2] iter 718: join done, raw=644 result_size=644
R0 [P2] iter 718: split done, delta_size=644
R0 [P2] iter 718: dedup done, delta_size=644
R0 [P2] iter 718: subtract done, delta_size=642
R0 [P2] iter 718: merge done, full_size=313649615
R0 [P2] iter 719 done: global_full_size=313649615
R0 [P2] iter 719: PRE-JOIN GPU mem: 81.8GB free / 85.1GB total | delta_size=642 full_size=313649615
R0 [P2] iter 719: join done, raw=639 result_size=639
R0 [P2] iter 719: split done, delta_size=639
R0 [P2] iter 719: dedup done, delta_size=639
R0 [P2] iter 719: subtract done, delta_size=637
R0 [P2] iter 719: merge done, full_size=313650252
R0 [P2] iter 720 done: global_full_size=313650252
R0 [P2] iter 720: PRE-JOIN GPU mem: 81.8GB free / 85.1GB total | delta_size=637 full_size=313650252
R0 [P2] iter 720: join done, raw=634 result_size=634
R0 [P2] iter 720: split done, delta_size=634
R0 [P2] iter 720: dedup done, delta_size=634
R0 [P2] iter 720: subtract done, delta_size=632
R0 [P2] iter 720: merge done, full_size=313650884
R0 [P2] iter 721 done: global_full_size=313650884
R0 [P2] iter 721: PRE-JOIN GPU mem: 81.8GB free / 85.1GB total | delta_size=632 full_size=313650884
R0 [P2] iter 721: join done, raw=629 result_size=629
R0 [P2] iter 721: split done, delta_size=629
R0 [P2] iter 721: dedup done, delta_size=629
R0 [P2] iter 721: subtract done, delta_size=627
R0 [P2] iter 721: merge done, full_size=313651511
R0 [P2] iter 722 done: global_full_size=313651511
R0 [P2] iter 722: PRE-JOIN GPU mem: 81.8GB free / 85.1GB total | delta_size=627 full_size=313651511
R0 [P2] iter 722: join done, raw=623 result_size=623
R0 [P2] iter 722: split done, delta_size=623
R0 [P2] iter 722: dedup done, delta_size=623
R0 [P2] iter 722: subtract done, delta_size=621
R0 [P2] iter 722: merge done, full_size=313652132
R0 [P2] iter 723 done: global_full_size=313652132
R0 [P2] iter 723: PRE-JOIN GPU mem: 81.8GB free / 85.1GB total | delta_size=621 full_size=313652132
R0 [P2] iter 723: join done, raw=618 result_size=618
R0 [P2] iter 723: split done, delta_size=618
R0 [P2] iter 723: dedup done, delta_size=618
R0 [P2] iter 723: subtract done, delta_size=616
R0 [P2] iter 723: merge done, full_size=313652748
R0 [P2] iter 724 done: global_full_size=313652748
R0 [P2] iter 724: PRE-JOIN GPU mem: 81.8GB free / 85.1GB total | delta_size=616 full_size=313652748
R0 [P2] iter 724: join done, raw=613 result_size=613
R0 [P2] iter 724: split done, delta_size=613
R0 [P2] iter 724: dedup done, delta_size=613
R0 [P2] iter 724: subtract done, delta_size=611
R0 [P2] iter 724: merge done, full_size=313653359
R0 [P2] iter 725 done: global_full_size=313653359
R0 [P2] iter 725: PRE-JOIN GPU mem: 81.8GB free / 85.1GB total | delta_size=611 full_size=313653359
R0 [P2] iter 725: join done, raw=608 result_size=608
R0 [P2] iter 725: split done, delta_size=608
R0 [P2] iter 725: dedup done, delta_size=608
R0 [P2] iter 725: subtract done, delta_size=606
R0 [P2] iter 725: merge done, full_size=313653965
R0 [P2] iter 726 done: global_full_size=313653965
R0 [P2] iter 726: PRE-JOIN GPU mem: 81.8GB free / 85.1GB total | delta_size=606 full_size=313653965
R0 [P2] iter 726: join done, raw=603 result_size=603
R0 [P2] iter 726: split done, delta_size=603
R0 [P2] iter 726: dedup done, delta_size=603
R0 [P2] iter 726: subtract done, delta_size=601
R0 [P2] iter 726: merge done, full_size=313654566
R0 [P2] iter 727 done: global_full_size=313654566
R0 [P2] iter 727: PRE-JOIN GPU mem: 81.8GB free / 85.1GB total | delta_size=601 full_size=313654566
R0 [P2] iter 727: join done, raw=598 result_size=598
R0 [P2] iter 727: split done, delta_size=598
R0 [P2] iter 727: dedup done, delta_size=598
R0 [P2] iter 727: subtract done, delta_size=596
R0 [P2] iter 727: merge done, full_size=313655162
R0 [P2] iter 728 done: global_full_size=313655162
R0 [P2] iter 728: PRE-JOIN GPU mem: 81.8GB free / 85.1GB total | delta_size=596 full_size=313655162
R0 [P2] iter 728: join done, raw=593 result_size=593
R0 [P2] iter 728: split done, delta_size=593
R0 [P2] iter 728: dedup done, delta_size=593
R0 [P2] iter 728: subtract done, delta_size=591
R0 [P2] iter 728: merge done, full_size=313655753
R0 [P2] iter 729 done: global_full_size=313655753
R0 [P2] iter 729: PRE-JOIN GPU mem: 81.8GB free / 85.1GB total | delta_size=591 full_size=313655753
R0 [P2] iter 729: join done, raw=588 result_size=588
R0 [P2] iter 729: split done, delta_size=588
R0 [P2] iter 729: dedup done, delta_size=588
R0 [P2] iter 729: subtract done, delta_size=586
R0 [P2] iter 729: merge done, full_size=313656339
R0 [P2] iter 730 done: global_full_size=313656339
R0 [P2] iter 730: PRE-JOIN GPU mem: 81.8GB free / 85.1GB total | delta_size=586 full_size=313656339
R0 [P2] iter 730: join done, raw=583 result_size=583
R0 [P2] iter 730: split done, delta_size=583
R0 [P2] iter 730: dedup done, delta_size=583
R0 [P2] iter 730: subtract done, delta_size=581
R0 [P2] iter 730: merge done, full_size=313656920
R0 [P2] iter 731 done: global_full_size=313656920
R0 [P2] iter 731: PRE-JOIN GPU mem: 81.8GB free / 85.1GB total | delta_size=581 full_size=313656920
R0 [P2] iter 731: join done, raw=578 result_size=578
R0 [P2] iter 731: split done, delta_size=578
R0 [P2] iter 731: dedup done, delta_size=578
R0 [P2] iter 731: subtract done, delta_size=576
R0 [P2] iter 731: merge done, full_size=313657496
R0 [P2] iter 732 done: global_full_size=313657496
R0 [P2] iter 732: PRE-JOIN GPU mem: 81.8GB free / 85.1GB total | delta_size=576 full_size=313657496
R0 [P2] iter 732: join done, raw=573 result_size=573
R0 [P2] iter 732: split done, delta_size=573
R0 [P2] iter 732: dedup done, delta_size=573
R0 [P2] iter 732: subtract done, delta_size=571
R0 [P2] iter 732: merge done, full_size=313658067
R0 [P2] iter 733 done: global_full_size=313658067
R0 [P2] iter 733: PRE-JOIN GPU mem: 81.8GB free / 85.1GB total | delta_size=571 full_size=313658067
R0 [P2] iter 733: join done, raw=568 result_size=568
R0 [P2] iter 733: split done, delta_size=568
R0 [P2] iter 733: dedup done, delta_size=568
R0 [P2] iter 733: subtract done, delta_size=566
R0 [P2] iter 733: merge done, full_size=313658633
R0 [P2] iter 734 done: global_full_size=313658633
R0 [P2] iter 734: PRE-JOIN GPU mem: 81.8GB free / 85.1GB total | delta_size=566 full_size=313658633
R0 [P2] iter 734: join done, raw=563 result_size=563
R0 [P2] iter 734: split done, delta_size=563
R0 [P2] iter 734: dedup done, delta_size=563
R0 [P2] iter 734: subtract done, delta_size=561
R0 [P2] iter 734: merge done, full_size=313659194
R0 [P2] iter 735 done: global_full_size=313659194
R0 [P2] iter 735: PRE-JOIN GPU mem: 81.8GB free / 85.1GB total | delta_size=561 full_size=313659194
R0 [P2] iter 735: join done, raw=558 result_size=558
R0 [P2] iter 735: split done, delta_size=558
R0 [P2] iter 735: dedup done, delta_size=558
R0 [P2] iter 735: subtract done, delta_size=556
R0 [P2] iter 735: merge done, full_size=313659750
R0 [P2] iter 736 done: global_full_size=313659750
R0 [P2] iter 736: PRE-JOIN GPU mem: 81.8GB free / 85.1GB total | delta_size=556 full_size=313659750
R0 [P2] iter 736: join done, raw=553 result_size=553
R0 [P2] iter 736: split done, delta_size=553
R0 [P2] iter 736: dedup done, delta_size=553
R0 [P2] iter 736: subtract done, delta_size=551
R0 [P2] iter 736: merge done, full_size=313660301
R0 [P2] iter 737 done: global_full_size=313660301
R0 [P2] iter 737: PRE-JOIN GPU mem: 81.8GB free / 85.1GB total | delta_size=551 full_size=313660301
R0 [P2] iter 737: join done, raw=548 result_size=548
R0 [P2] iter 737: split done, delta_size=548
R0 [P2] iter 737: dedup done, delta_size=548
R0 [P2] iter 737: subtract done, delta_size=546
R0 [P2] iter 737: merge done, full_size=313660847
R0 [P2] iter 738 done: global_full_size=313660847
R0 [P2] iter 738: PRE-JOIN GPU mem: 81.8GB free / 85.1GB total | delta_size=546 full_size=313660847
R0 [P2] iter 738: join done, raw=543 result_size=543
R0 [P2] iter 738: split done, delta_size=543
R0 [P2] iter 738: dedup done, delta_size=543
R0 [P2] iter 738: subtract done, delta_size=541
R0 [P2] iter 738: merge done, full_size=313661388
R0 [P2] iter 739 done: global_full_size=313661388
R0 [P2] iter 739: PRE-JOIN GPU mem: 81.8GB free / 85.1GB total | delta_size=541 full_size=313661388
R0 [P2] iter 739: join done, raw=538 result_size=538
R0 [P2] iter 739: split done, delta_size=538
R0 [P2] iter 739: dedup done, delta_size=538
R0 [P2] iter 739: subtract done, delta_size=536
R0 [P2] iter 739: merge done, full_size=313661924
R0 [P2] iter 740 done: global_full_size=313661924
R0 [P2] iter 740: PRE-JOIN GPU mem: 81.8GB free / 85.1GB total | delta_size=536 full_size=313661924
R0 [P2] iter 740: join done, raw=533 result_size=533
R0 [P2] iter 740: split done, delta_size=533
R0 [P2] iter 740: dedup done, delta_size=533
R0 [P2] iter 740: subtract done, delta_size=531
R0 [P2] iter 740: merge done, full_size=313662455
R0 [P2] iter 741 done: global_full_size=313662455
R0 [P2] iter 741: PRE-JOIN GPU mem: 81.8GB free / 85.1GB total | delta_size=531 full_size=313662455
R0 [P2] iter 741: join done, raw=528 result_size=528
R0 [P2] iter 741: split done, delta_size=528
R0 [P2] iter 741: dedup done, delta_size=528
R0 [P2] iter 741: subtract done, delta_size=526
R0 [P2] iter 741: merge done, full_size=313662981
R0 [P2] iter 742 done: global_full_size=313662981
R0 [P2] iter 742: PRE-JOIN GPU mem: 81.8GB free / 85.1GB total | delta_size=526 full_size=313662981
R0 [P2] iter 742: join done, raw=523 result_size=523
R0 [P2] iter 742: split done, delta_size=523
R0 [P2] iter 742: dedup done, delta_size=523
R0 [P2] iter 742: subtract done, delta_size=521
R0 [P2] iter 742: merge done, full_size=313663502
R0 [P2] iter 743 done: global_full_size=313663502
R0 [P2] iter 743: PRE-JOIN GPU mem: 81.8GB free / 85.1GB total | delta_size=521 full_size=313663502
R0 [P2] iter 743: join done, raw=518 result_size=518
R0 [P2] iter 743: split done, delta_size=518
R0 [P2] iter 743: dedup done, delta_size=518
R0 [P2] iter 743: subtract done, delta_size=516
R0 [P2] iter 743: merge done, full_size=313664018
R0 [P2] iter 744 done: global_full_size=313664018
R0 [P2] iter 744: PRE-JOIN GPU mem: 81.8GB free / 85.1GB total | delta_size=516 full_size=313664018
R0 [P2] iter 744: join done, raw=513 result_size=513
R0 [P2] iter 744: split done, delta_size=513
R0 [P2] iter 744: dedup done, delta_size=513
R0 [P2] iter 744: subtract done, delta_size=511
R0 [P2] iter 744: merge done, full_size=313664529
R0 [P2] iter 745 done: global_full_size=313664529
R0 [P2] iter 745: PRE-JOIN GPU mem: 81.8GB free / 85.1GB total | delta_size=511 full_size=313664529
R0 [P2] iter 745: join done, raw=508 result_size=508
R0 [P2] iter 745: split done, delta_size=508
R0 [P2] iter 745: dedup done, delta_size=508
R0 [P2] iter 745: subtract done, delta_size=506
R0 [P2] iter 745: merge done, full_size=313665035
R0 [P2] iter 746 done: global_full_size=313665035
R0 [P2] iter 746: PRE-JOIN GPU mem: 81.8GB free / 85.1GB total | delta_size=506 full_size=313665035
R0 [P2] iter 746: join done, raw=503 result_size=503
R0 [P2] iter 746: split done, delta_size=503
R0 [P2] iter 746: dedup done, delta_size=503
R0 [P2] iter 746: subtract done, delta_size=501
R0 [P2] iter 746: merge done, full_size=313665536
R0 [P2] iter 747 done: global_full_size=313665536
R0 [P2] iter 747: PRE-JOIN GPU mem: 81.8GB free / 85.1GB total | delta_size=501 full_size=313665536
R0 [P2] iter 747: join done, raw=497 result_size=497
R0 [P2] iter 747: split done, delta_size=497
R0 [P2] iter 747: dedup done, delta_size=497
R0 [P2] iter 747: subtract done, delta_size=495
R0 [P2] iter 747: merge done, full_size=313666031
R0 [P2] iter 748 done: global_full_size=313666031
R0 [P2] iter 748: PRE-JOIN GPU mem: 81.8GB free / 85.1GB total | delta_size=495 full_size=313666031
R0 [P2] iter 748: join done, raw=492 result_size=492
R0 [P2] iter 748: split done, delta_size=492
R0 [P2] iter 748: dedup done, delta_size=492
R0 [P2] iter 748: subtract done, delta_size=490
R0 [P2] iter 748: merge done, full_size=313666521
R0 [P2] iter 749 done: global_full_size=313666521
R0 [P2] iter 749: PRE-JOIN GPU mem: 81.8GB free / 85.1GB total | delta_size=490 full_size=313666521
R0 [P2] iter 749: join done, raw=487 result_size=487
R0 [P2] iter 749: split done, delta_size=487
R0 [P2] iter 749: dedup done, delta_size=487
R0 [P2] iter 749: subtract done, delta_size=485
R0 [P2] iter 749: merge done, full_size=313667006
R0 [P2] iter 750 done: global_full_size=313667006
R0 [P2] iter 750: PRE-JOIN GPU mem: 81.8GB free / 85.1GB total | delta_size=485 full_size=313667006
R0 [P2] iter 750: join done, raw=482 result_size=482
R0 [P2] iter 750: split done, delta_size=482
R0 [P2] iter 750: dedup done, delta_size=482
R0 [P2] iter 750: subtract done, delta_size=480
R0 [P2] iter 750: merge done, full_size=313667486
R0 [P2] iter 751 done: global_full_size=313667486
R0 [P2] iter 751: PRE-JOIN GPU mem: 81.8GB free / 85.1GB total | delta_size=480 full_size=313667486
R0 [P2] iter 751: join done, raw=477 result_size=477
R0 [P2] iter 751: split done, delta_size=477
R0 [P2] iter 751: dedup done, delta_size=477
R0 [P2] iter 751: subtract done, delta_size=475
R0 [P2] iter 751: merge done, full_size=313667961
R0 [P2] iter 752 done: global_full_size=313667961
R0 [P2] iter 752: PRE-JOIN GPU mem: 81.8GB free / 85.1GB total | delta_size=475 full_size=313667961
R0 [P2] iter 752: join done, raw=472 result_size=472
R0 [P2] iter 752: split done, delta_size=472
R0 [P2] iter 752: dedup done, delta_size=472
R0 [P2] iter 752: subtract done, delta_size=470
R0 [P2] iter 752: merge done, full_size=313668431
R0 [P2] iter 753 done: global_full_size=313668431
R0 [P2] iter 753: PRE-JOIN GPU mem: 81.8GB free / 85.1GB total | delta_size=470 full_size=313668431
R0 [P2] iter 753: join done, raw=468 result_size=468
R0 [P2] iter 753: split done, delta_size=468
R0 [P2] iter 753: dedup done, delta_size=468
R0 [P2] iter 753: subtract done, delta_size=466
R0 [P2] iter 753: merge done, full_size=313668897
R0 [P2] iter 754 done: global_full_size=313668897
R0 [P2] iter 754: PRE-JOIN GPU mem: 81.8GB free / 85.1GB total | delta_size=466 full_size=313668897
R0 [P2] iter 754: join done, raw=464 result_size=464
R0 [P2] iter 754: split done, delta_size=464
R0 [P2] iter 754: dedup done, delta_size=464
R0 [P2] iter 754: subtract done, delta_size=462
R0 [P2] iter 754: merge done, full_size=313669359
R0 [P2] iter 755 done: global_full_size=313669359
R0 [P2] iter 755: PRE-JOIN GPU mem: 81.8GB free / 85.1GB total | delta_size=462 full_size=313669359
R0 [P2] iter 755: join done, raw=460 result_size=460
R0 [P2] iter 755: split done, delta_size=460
R0 [P2] iter 755: dedup done, delta_size=460
R0 [P2] iter 755: subtract done, delta_size=458
R0 [P2] iter 755: merge done, full_size=313669817
R0 [P2] iter 756 done: global_full_size=313669817
R0 [P2] iter 756: PRE-JOIN GPU mem: 81.8GB free / 85.1GB total | delta_size=458 full_size=313669817
R0 [P2] iter 756: join done, raw=456 result_size=456
R0 [P2] iter 756: split done, delta_size=456
R0 [P2] iter 756: dedup done, delta_size=456
R0 [P2] iter 756: subtract done, delta_size=454
R0 [P2] iter 756: merge done, full_size=313670271
R0 [P2] iter 757 done: global_full_size=313670271
R0 [P2] iter 757: PRE-JOIN GPU mem: 81.8GB free / 85.1GB total | delta_size=454 full_size=313670271
R0 [P2] iter 757: join done, raw=452 result_size=452
R0 [P2] iter 757: split done, delta_size=452
R0 [P2] iter 757: dedup done, delta_size=452
R0 [P2] iter 757: subtract done, delta_size=450
R0 [P2] iter 757: merge done, full_size=313670721
R0 [P2] iter 758 done: global_full_size=313670721
R0 [P2] iter 758: PRE-JOIN GPU mem: 81.8GB free / 85.1GB total | delta_size=450 full_size=313670721
R0 [P2] iter 758: join done, raw=447 result_size=447
R0 [P2] iter 758: split done, delta_size=447
R0 [P2] iter 758: dedup done, delta_size=447
R0 [P2] iter 758: subtract done, delta_size=445
R0 [P2] iter 758: merge done, full_size=313671166
R0 [P2] iter 759 done: global_full_size=313671166
R0 [P2] iter 759: PRE-JOIN GPU mem: 81.8GB free / 85.1GB total | delta_size=445 full_size=313671166
R0 [P2] iter 759: join done, raw=442 result_size=442
R0 [P2] iter 759: split done, delta_size=442
R0 [P2] iter 759: dedup done, delta_size=442
R0 [P2] iter 759: subtract done, delta_size=440
R0 [P2] iter 759: merge done, full_size=313671606
R0 [P2] iter 760 done: global_full_size=313671606
R0 [P2] iter 760: PRE-JOIN GPU mem: 81.8GB free / 85.1GB total | delta_size=440 full_size=313671606
R0 [P2] iter 760: join done, raw=437 result_size=437
R0 [P2] iter 760: split done, delta_size=437
R0 [P2] iter 760: dedup done, delta_size=437
R0 [P2] iter 760: subtract done, delta_size=436
R0 [P2] iter 760: merge done, full_size=313672042
R0 [P2] iter 761 done: global_full_size=313672042
R0 [P2] iter 761: PRE-JOIN GPU mem: 81.8GB free / 85.1GB total | delta_size=436 full_size=313672042
R0 [P2] iter 761: join done, raw=432 result_size=432
R0 [P2] iter 761: split done, delta_size=432
R0 [P2] iter 761: dedup done, delta_size=432
R0 [P2] iter 761: subtract done, delta_size=431
R0 [P2] iter 761: merge done, full_size=313672473
R0 [P2] iter 762 done: global_full_size=313672473
R0 [P2] iter 762: PRE-JOIN GPU mem: 81.8GB free / 85.1GB total | delta_size=431 full_size=313672473
R0 [P2] iter 762: join done, raw=428 result_size=428
R0 [P2] iter 762: split done, delta_size=428
R0 [P2] iter 762: dedup done, delta_size=428
R0 [P2] iter 762: subtract done, delta_size=427
R0 [P2] iter 762: merge done, full_size=313672900
R0 [P2] iter 763 done: global_full_size=313672900
R0 [P2] iter 763: PRE-JOIN GPU mem: 81.8GB free / 85.1GB total | delta_size=427 full_size=313672900
R0 [P2] iter 763: join done, raw=424 result_size=424
R0 [P2] iter 763: split done, delta_size=424
R0 [P2] iter 763: dedup done, delta_size=424
R0 [P2] iter 763: subtract done, delta_size=423
R0 [P2] iter 763: merge done, full_size=313673323
R0 [P2] iter 764 done: global_full_size=313673323
R0 [P2] iter 764: PRE-JOIN GPU mem: 81.8GB free / 85.1GB total | delta_size=423 full_size=313673323
R0 [P2] iter 764: join done, raw=420 result_size=420
R0 [P2] iter 764: split done, delta_size=420
R0 [P2] iter 764: dedup done, delta_size=420
R0 [P2] iter 764: subtract done, delta_size=419
R0 [P2] iter 764: merge done, full_size=313673742
R0 [P2] iter 765 done: global_full_size=313673742
R0 [P2] iter 765: PRE-JOIN GPU mem: 81.8GB free / 85.1GB total | delta_size=419 full_size=313673742
R0 [P2] iter 765: join done, raw=416 result_size=416
R0 [P2] iter 765: split done, delta_size=416
R0 [P2] iter 765: dedup done, delta_size=416
R0 [P2] iter 765: subtract done, delta_size=415
R0 [P2] iter 765: merge done, full_size=313674157
R0 [P2] iter 766 done: global_full_size=313674157
R0 [P2] iter 766: PRE-JOIN GPU mem: 81.8GB free / 85.1GB total | delta_size=415 full_size=313674157
R0 [P2] iter 766: join done, raw=412 result_size=412
R0 [P2] iter 766: split done, delta_size=412
R0 [P2] iter 766: dedup done, delta_size=412
R0 [P2] iter 766: subtract done, delta_size=411
R0 [P2] iter 766: merge done, full_size=313674568
R0 [P2] iter 767 done: global_full_size=313674568
R0 [P2] iter 767: PRE-JOIN GPU mem: 81.8GB free / 85.1GB total | delta_size=411 full_size=313674568
R0 [P2] iter 767: join done, raw=408 result_size=408
R0 [P2] iter 767: split done, delta_size=408
R0 [P2] iter 767: dedup done, delta_size=408
R0 [P2] iter 767: subtract done, delta_size=407
R0 [P2] iter 767: merge done, full_size=313674975
R0 [P2] iter 768 done: global_full_size=313674975
R0 [P2] iter 768: PRE-JOIN GPU mem: 81.8GB free / 85.1GB total | delta_size=407 full_size=313674975
R0 [P2] iter 768: join done, raw=404 result_size=404
R0 [P2] iter 768: split done, delta_size=404
R0 [P2] iter 768: dedup done, delta_size=404
R0 [P2] iter 768: subtract done, delta_size=403
R0 [P2] iter 768: merge done, full_size=313675378
R0 [P2] iter 769 done: global_full_size=313675378
R0 [P2] iter 769: PRE-JOIN GPU mem: 81.8GB free / 85.1GB total | delta_size=403 full_size=313675378
R0 [P2] iter 769: join done, raw=400 result_size=400
R0 [P2] iter 769: split done, delta_size=400
R0 [P2] iter 769: dedup done, delta_size=400
R0 [P2] iter 769: subtract done, delta_size=399
R0 [P2] iter 769: merge done, full_size=313675777
R0 [P2] iter 770 done: global_full_size=313675777
R0 [P2] iter 770: PRE-JOIN GPU mem: 81.8GB free / 85.1GB total | delta_size=399 full_size=313675777
R0 [P2] iter 770: join done, raw=396 result_size=396
R0 [P2] iter 770: split done, delta_size=396
R0 [P2] iter 770: dedup done, delta_size=396
R0 [P2] iter 770: subtract done, delta_size=395
R0 [P2] iter 770: merge done, full_size=313676172
R0 [P2] iter 771 done: global_full_size=313676172
R0 [P2] iter 771: PRE-JOIN GPU mem: 81.8GB free / 85.1GB total | delta_size=395 full_size=313676172
R0 [P2] iter 771: join done, raw=392 result_size=392
R0 [P2] iter 771: split done, delta_size=392
R0 [P2] iter 771: dedup done, delta_size=392
R0 [P2] iter 771: subtract done, delta_size=391
R0 [P2] iter 771: merge done, full_size=313676563
R0 [P2] iter 772 done: global_full_size=313676563
R0 [P2] iter 772: PRE-JOIN GPU mem: 81.8GB free / 85.1GB total | delta_size=391 full_size=313676563
R0 [P2] iter 772: join done, raw=388 result_size=388
R0 [P2] iter 772: split done, delta_size=388
R0 [P2] iter 772: dedup done, delta_size=388
R0 [P2] iter 772: subtract done, delta_size=387
R0 [P2] iter 772: merge done, full_size=313676950
R0 [P2] iter 773 done: global_full_size=313676950
R0 [P2] iter 773: PRE-JOIN GPU mem: 81.8GB free / 85.1GB total | delta_size=387 full_size=313676950
R0 [P2] iter 773: join done, raw=384 result_size=384
R0 [P2] iter 773: split done, delta_size=384
R0 [P2] iter 773: dedup done, delta_size=384
R0 [P2] iter 773: subtract done, delta_size=383
R0 [P2] iter 773: merge done, full_size=313677333
R0 [P2] iter 774 done: global_full_size=313677333
R0 [P2] iter 774: PRE-JOIN GPU mem: 81.8GB free / 85.1GB total | delta_size=383 full_size=313677333
R0 [P2] iter 774: join done, raw=380 result_size=380
R0 [P2] iter 774: split done, delta_size=380
R0 [P2] iter 774: dedup done, delta_size=380
R0 [P2] iter 774: subtract done, delta_size=379
R0 [P2] iter 774: merge done, full_size=313677712
R0 [P2] iter 775 done: global_full_size=313677712
R0 [P2] iter 775: PRE-JOIN GPU mem: 81.8GB free / 85.1GB total | delta_size=379 full_size=313677712
R0 [P2] iter 775: join done, raw=376 result_size=376
R0 [P2] iter 775: split done, delta_size=376
R0 [P2] iter 775: dedup done, delta_size=376
R0 [P2] iter 775: subtract done, delta_size=375
R0 [P2] iter 775: merge done, full_size=313678087
R0 [P2] iter 776 done: global_full_size=313678087
R0 [P2] iter 776: PRE-JOIN GPU mem: 81.8GB free / 85.1GB total | delta_size=375 full_size=313678087
R0 [P2] iter 776: join done, raw=372 result_size=372
R0 [P2] iter 776: split done, delta_size=372
R0 [P2] iter 776: dedup done, delta_size=372
R0 [P2] iter 776: subtract done, delta_size=371
R0 [P2] iter 776: merge done, full_size=313678458
R0 [P2] iter 777 done: global_full_size=313678458
R0 [P2] iter 777: PRE-JOIN GPU mem: 81.8GB free / 85.1GB total | delta_size=371 full_size=313678458
R0 [P2] iter 777: join done, raw=368 result_size=368
R0 [P2] iter 777: split done, delta_size=368
R0 [P2] iter 777: dedup done, delta_size=368
R0 [P2] iter 777: subtract done, delta_size=367
R0 [P2] iter 777: merge done, full_size=313678825
R0 [P2] iter 778 done: global_full_size=313678825
R0 [P2] iter 778: PRE-JOIN GPU mem: 81.8GB free / 85.1GB total | delta_size=367 full_size=313678825
R0 [P2] iter 778: join done, raw=364 result_size=364
R0 [P2] iter 778: split done, delta_size=364
R0 [P2] iter 778: dedup done, delta_size=364
R0 [P2] iter 778: subtract done, delta_size=363
R0 [P2] iter 778: merge done, full_size=313679188
R0 [P2] iter 779 done: global_full_size=313679188
R0 [P2] iter 779: PRE-JOIN GPU mem: 81.8GB free / 85.1GB total | delta_size=363 full_size=313679188
R0 [P2] iter 779: join done, raw=360 result_size=360
R0 [P2] iter 779: split done, delta_size=360
R0 [P2] iter 779: dedup done, delta_size=360
R0 [P2] iter 779: subtract done, delta_size=359
R0 [P2] iter 779: merge done, full_size=313679547
R0 [P2] iter 780 done: global_full_size=313679547
R0 [P2] iter 780: PRE-JOIN GPU mem: 81.8GB free / 85.1GB total | delta_size=359 full_size=313679547
R0 [P2] iter 780: join done, raw=355 result_size=355
R0 [P2] iter 780: split done, delta_size=355
R0 [P2] iter 780: dedup done, delta_size=355
R0 [P2] iter 780: subtract done, delta_size=354
R0 [P2] iter 780: merge done, full_size=313679901
R0 [P2] iter 781 done: global_full_size=313679901
R0 [P2] iter 781: PRE-JOIN GPU mem: 81.8GB free / 85.1GB total | delta_size=354 full_size=313679901
R0 [P2] iter 781: join done, raw=352 result_size=352
R0 [P2] iter 781: split done, delta_size=352
R0 [P2] iter 781: dedup done, delta_size=352
R0 [P2] iter 781: subtract done, delta_size=351
R0 [P2] iter 781: merge done, full_size=313680252
R0 [P2] iter 782 done: global_full_size=313680252
R0 [P2] iter 782: PRE-JOIN GPU mem: 81.8GB free / 85.1GB total | delta_size=351 full_size=313680252
R0 [P2] iter 782: join done, raw=349 result_size=349
R0 [P2] iter 782: split done, delta_size=349
R0 [P2] iter 782: dedup done, delta_size=349
R0 [P2] iter 782: subtract done, delta_size=348
R0 [P2] iter 782: merge done, full_size=313680600
R0 [P2] iter 783 done: global_full_size=313680600
R0 [P2] iter 783: PRE-JOIN GPU mem: 81.8GB free / 85.1GB total | delta_size=348 full_size=313680600
R0 [P2] iter 783: join done, raw=346 result_size=346
R0 [P2] iter 783: split done, delta_size=346
R0 [P2] iter 783: dedup done, delta_size=346
R0 [P2] iter 783: subtract done, delta_size=345
R0 [P2] iter 783: merge done, full_size=313680945
R0 [P2] iter 784 done: global_full_size=313680945
R0 [P2] iter 784: PRE-JOIN GPU mem: 81.8GB free / 85.1GB total | delta_size=345 full_size=313680945
R0 [P2] iter 784: join done, raw=343 result_size=343
R0 [P2] iter 784: split done, delta_size=343
R0 [P2] iter 784: dedup done, delta_size=343
R0 [P2] iter 784: subtract done, delta_size=342
R0 [P2] iter 784: merge done, full_size=313681287
R0 [P2] iter 785 done: global_full_size=313681287
R0 [P2] iter 785: PRE-JOIN GPU mem: 81.8GB free / 85.1GB total | delta_size=342 full_size=313681287
R0 [P2] iter 785: join done, raw=340 result_size=340
R0 [P2] iter 785: split done, delta_size=340
R0 [P2] iter 785: dedup done, delta_size=340
R0 [P2] iter 785: subtract done, delta_size=339
R0 [P2] iter 785: merge done, full_size=313681626
R0 [P2] iter 786 done: global_full_size=313681626
R0 [P2] iter 786: PRE-JOIN GPU mem: 81.8GB free / 85.1GB total | delta_size=339 full_size=313681626
R0 [P2] iter 786: join done, raw=337 result_size=337
R0 [P2] iter 786: split done, delta_size=337
R0 [P2] iter 786: dedup done, delta_size=337
R0 [P2] iter 786: subtract done, delta_size=336
R0 [P2] iter 786: merge done, full_size=313681962
R0 [P2] iter 787 done: global_full_size=313681962
R0 [P2] iter 787: PRE-JOIN GPU mem: 81.8GB free / 85.1GB total | delta_size=336 full_size=313681962
R0 [P2] iter 787: join done, raw=334 result_size=334
R0 [P2] iter 787: split done, delta_size=334
R0 [P2] iter 787: dedup done, delta_size=334
R0 [P2] iter 787: subtract done, delta_size=333
R0 [P2] iter 787: merge done, full_size=313682295
R0 [P2] iter 788 done: global_full_size=313682295
R0 [P2] iter 788: PRE-JOIN GPU mem: 81.8GB free / 85.1GB total | delta_size=333 full_size=313682295
R0 [P2] iter 788: join done, raw=331 result_size=331
R0 [P2] iter 788: split done, delta_size=331
R0 [P2] iter 788: dedup done, delta_size=331
R0 [P2] iter 788: subtract done, delta_size=330
R0 [P2] iter 788: merge done, full_size=313682625
R0 [P2] iter 789 done: global_full_size=313682625
R0 [P2] iter 789: PRE-JOIN GPU mem: 81.8GB free / 85.1GB total | delta_size=330 full_size=313682625
R0 [P2] iter 789: join done, raw=328 result_size=328
R0 [P2] iter 789: split done, delta_size=328
R0 [P2] iter 789: dedup done, delta_size=328
R0 [P2] iter 789: subtract done, delta_size=327
R0 [P2] iter 789: merge done, full_size=313682952
R0 [P2] iter 790 done: global_full_size=313682952
R0 [P2] iter 790: PRE-JOIN GPU mem: 81.8GB free / 85.1GB total | delta_size=327 full_size=313682952
R0 [P2] iter 790: join done, raw=325 result_size=325
R0 [P2] iter 790: split done, delta_size=325
R0 [P2] iter 790: dedup done, delta_size=325
R0 [P2] iter 790: subtract done, delta_size=324
R0 [P2] iter 790: merge done, full_size=313683276
R0 [P2] iter 791 done: global_full_size=313683276
R0 [P2] iter 791: PRE-JOIN GPU mem: 81.8GB free / 85.1GB total | delta_size=324 full_size=313683276
R0 [P2] iter 791: join done, raw=322 result_size=322
R0 [P2] iter 791: split done, delta_size=322
R0 [P2] iter 791: dedup done, delta_size=322
R0 [P2] iter 791: subtract done, delta_size=321
R0 [P2] iter 791: merge done, full_size=313683597
R0 [P2] iter 792 done: global_full_size=313683597
R0 [P2] iter 792: PRE-JOIN GPU mem: 81.8GB free / 85.1GB total | delta_size=321 full_size=313683597
R0 [P2] iter 792: join done, raw=319 result_size=319
R0 [P2] iter 792: split done, delta_size=319
R0 [P2] iter 792: dedup done, delta_size=319
R0 [P2] iter 792: subtract done, delta_size=318
R0 [P2] iter 792: merge done, full_size=313683915
R0 [P2] iter 793 done: global_full_size=313683915
R0 [P2] iter 793: PRE-JOIN GPU mem: 81.8GB free / 85.1GB total | delta_size=318 full_size=313683915
R0 [P2] iter 793: join done, raw=316 result_size=316
R0 [P2] iter 793: split done, delta_size=316
R0 [P2] iter 793: dedup done, delta_size=316
R0 [P2] iter 793: subtract done, delta_size=315
R0 [P2] iter 793: merge done, full_size=313684230
R0 [P2] iter 794 done: global_full_size=313684230
R0 [P2] iter 794: PRE-JOIN GPU mem: 81.8GB free / 85.1GB total | delta_size=315 full_size=313684230
R0 [P2] iter 794: join done, raw=313 result_size=313
R0 [P2] iter 794: split done, delta_size=313
R0 [P2] iter 794: dedup done, delta_size=313
R0 [P2] iter 794: subtract done, delta_size=312
R0 [P2] iter 794: merge done, full_size=313684542
R0 [P2] iter 795 done: global_full_size=313684542
R0 [P2] iter 795: PRE-JOIN GPU mem: 81.8GB free / 85.1GB total | delta_size=312 full_size=313684542
R0 [P2] iter 795: join done, raw=310 result_size=310
R0 [P2] iter 795: split done, delta_size=310
R0 [P2] iter 795: dedup done, delta_size=310
R0 [P2] iter 795: subtract done, delta_size=309
R0 [P2] iter 795: merge done, full_size=313684851
R0 [P2] iter 796 done: global_full_size=313684851
R0 [P2] iter 796: PRE-JOIN GPU mem: 81.8GB free / 85.1GB total | delta_size=309 full_size=313684851
R0 [P2] iter 796: join done, raw=307 result_size=307
R0 [P2] iter 796: split done, delta_size=307
R0 [P2] iter 796: dedup done, delta_size=307
R0 [P2] iter 796: subtract done, delta_size=306
R0 [P2] iter 796: merge done, full_size=313685157
R0 [P2] iter 797 done: global_full_size=313685157
R0 [P2] iter 797: PRE-JOIN GPU mem: 81.8GB free / 85.1GB total | delta_size=306 full_size=313685157
R0 [P2] iter 797: join done, raw=304 result_size=304
R0 [P2] iter 797: split done, delta_size=304
R0 [P2] iter 797: dedup done, delta_size=304
R0 [P2] iter 797: subtract done, delta_size=303
R0 [P2] iter 797: merge done, full_size=313685460
R0 [P2] iter 798 done: global_full_size=313685460
R0 [P2] iter 798: PRE-JOIN GPU mem: 81.8GB free / 85.1GB total | delta_size=303 full_size=313685460
R0 [P2] iter 798: join done, raw=301 result_size=301
R0 [P2] iter 798: split done, delta_size=301
R0 [P2] iter 798: dedup done, delta_size=301
R0 [P2] iter 798: subtract done, delta_size=300
R0 [P2] iter 798: merge done, full_size=313685760
R0 [P2] iter 799 done: global_full_size=313685760
R0 [P2] iter 799: PRE-JOIN GPU mem: 81.8GB free / 85.1GB total | delta_size=300 full_size=313685760
R0 [P2] iter 799: join done, raw=298 result_size=298
R0 [P2] iter 799: split done, delta_size=298
R0 [P2] iter 799: dedup done, delta_size=298
R0 [P2] iter 799: subtract done, delta_size=297
R0 [P2] iter 799: merge done, full_size=313686057
R0 [P2] iter 800 done: global_full_size=313686057
R0 [P2] iter 800: PRE-JOIN GPU mem: 81.8GB free / 85.1GB total | delta_size=297 full_size=313686057
R0 [P2] iter 800: join done, raw=295 result_size=295
R0 [P2] iter 800: split done, delta_size=295
R0 [P2] iter 800: dedup done, delta_size=295
R0 [P2] iter 800: subtract done, delta_size=294
R0 [P2] iter 800: merge done, full_size=313686351
R0 [P2] iter 801 done: global_full_size=313686351
R0 [P2] iter 801: PRE-JOIN GPU mem: 81.8GB free / 85.1GB total | delta_size=294 full_size=313686351
R0 [P2] iter 801: join done, raw=292 result_size=292
R0 [P2] iter 801: split done, delta_size=292
R0 [P2] iter 801: dedup done, delta_size=292
R0 [P2] iter 801: subtract done, delta_size=291
R0 [P2] iter 801: merge done, full_size=313686642
R0 [P2] iter 802 done: global_full_size=313686642
R0 [P2] iter 802: PRE-JOIN GPU mem: 81.8GB free / 85.1GB total | delta_size=291 full_size=313686642
R0 [P2] iter 802: join done, raw=289 result_size=289
R0 [P2] iter 802: split done, delta_size=289
R0 [P2] iter 802: dedup done, delta_size=289
R0 [P2] iter 802: subtract done, delta_size=288
R0 [P2] iter 802: merge done, full_size=313686930
R0 [P2] iter 803 done: global_full_size=313686930
R0 [P2] iter 803: PRE-JOIN GPU mem: 81.8GB free / 85.1GB total | delta_size=288 full_size=313686930
R0 [P2] iter 803: join done, raw=286 result_size=286
R0 [P2] iter 803: split done, delta_size=286
R0 [P2] iter 803: dedup done, delta_size=286
R0 [P2] iter 803: subtract done, delta_size=285
R0 [P2] iter 803: merge done, full_size=313687215
R0 [P2] iter 804 done: global_full_size=313687215
R0 [P2] iter 804: PRE-JOIN GPU mem: 81.8GB free / 85.1GB total | delta_size=285 full_size=313687215
R0 [P2] iter 804: join done, raw=283 result_size=283
R0 [P2] iter 804: split done, delta_size=283
R0 [P2] iter 804: dedup done, delta_size=283
R0 [P2] iter 804: subtract done, delta_size=282
R0 [P2] iter 804: merge done, full_size=313687497
R0 [P2] iter 805 done: global_full_size=313687497
R0 [P2] iter 805: PRE-JOIN GPU mem: 81.8GB free / 85.1GB total | delta_size=282 full_size=313687497
R0 [P2] iter 805: join done, raw=280 result_size=280
R0 [P2] iter 805: split done, delta_size=280
R0 [P2] iter 805: dedup done, delta_size=280
R0 [P2] iter 805: subtract done, delta_size=279
R0 [P2] iter 805: merge done, full_size=313687776
R0 [P2] iter 806 done: global_full_size=313687776
R0 [P2] iter 806: PRE-JOIN GPU mem: 81.8GB free / 85.1GB total | delta_size=279 full_size=313687776
R0 [P2] iter 806: join done, raw=278 result_size=278
R0 [P2] iter 806: split done, delta_size=278
R0 [P2] iter 806: dedup done, delta_size=278
R0 [P2] iter 806: subtract done, delta_size=277
R0 [P2] iter 806: merge done, full_size=313688053
R0 [P2] iter 807 done: global_full_size=313688053
R0 [P2] iter 807: PRE-JOIN GPU mem: 81.8GB free / 85.1GB total | delta_size=277 full_size=313688053
R0 [P2] iter 807: join done, raw=275 result_size=275
R0 [P2] iter 807: split done, delta_size=275
R0 [P2] iter 807: dedup done, delta_size=275
R0 [P2] iter 807: subtract done, delta_size=274
R0 [P2] iter 807: merge done, full_size=313688327
R0 [P2] iter 808 done: global_full_size=313688327
R0 [P2] iter 808: PRE-JOIN GPU mem: 81.8GB free / 85.1GB total | delta_size=274 full_size=313688327
R0 [P2] iter 808: join done, raw=272 result_size=272
R0 [P2] iter 808: split done, delta_size=272
R0 [P2] iter 808: dedup done, delta_size=272
R0 [P2] iter 808: subtract done, delta_size=271
R0 [P2] iter 808: merge done, full_size=313688598
R0 [P2] iter 809 done: global_full_size=313688598
R0 [P2] iter 809: PRE-JOIN GPU mem: 81.8GB free / 85.1GB total | delta_size=271 full_size=313688598
R0 [P2] iter 809: join done, raw=269 result_size=269
R0 [P2] iter 809: split done, delta_size=269
R0 [P2] iter 809: dedup done, delta_size=269
R0 [P2] iter 809: subtract done, delta_size=268
R0 [P2] iter 809: merge done, full_size=313688866
R0 [P2] iter 810 done: global_full_size=313688866
R0 [P2] iter 810: PRE-JOIN GPU mem: 81.8GB free / 85.1GB total | delta_size=268 full_size=313688866
R0 [P2] iter 810: join done, raw=266 result_size=266
R0 [P2] iter 810: split done, delta_size=266
R0 [P2] iter 810: dedup done, delta_size=266
R0 [P2] iter 810: subtract done, delta_size=265
R0 [P2] iter 810: merge done, full_size=313689131
R0 [P2] iter 811 done: global_full_size=313689131
R0 [P2] iter 811: PRE-JOIN GPU mem: 81.8GB free / 85.1GB total | delta_size=265 full_size=313689131
R0 [P2] iter 811: join done, raw=263 result_size=263
R0 [P2] iter 811: split done, delta_size=263
R0 [P2] iter 811: dedup done, delta_size=263
R0 [P2] iter 811: subtract done, delta_size=262
R0 [P2] iter 811: merge done, full_size=313689393
R0 [P2] iter 812 done: global_full_size=313689393
R0 [P2] iter 812: PRE-JOIN GPU mem: 81.8GB free / 85.1GB total | delta_size=262 full_size=313689393
R0 [P2] iter 812: join done, raw=260 result_size=260
R0 [P2] iter 812: split done, delta_size=260
R0 [P2] iter 812: dedup done, delta_size=260
R0 [P2] iter 812: subtract done, delta_size=259
R0 [P2] iter 812: merge done, full_size=313689652
R0 [P2] iter 813 done: global_full_size=313689652
R0 [P2] iter 813: PRE-JOIN GPU mem: 81.8GB free / 85.1GB total | delta_size=259 full_size=313689652
R0 [P2] iter 813: join done, raw=257 result_size=257
R0 [P2] iter 813: split done, delta_size=257
R0 [P2] iter 813: dedup done, delta_size=257
R0 [P2] iter 813: subtract done, delta_size=256
R0 [P2] iter 813: merge done, full_size=313689908
R0 [P2] iter 814 done: global_full_size=313689908
R0 [P2] iter 814: PRE-JOIN GPU mem: 81.8GB free / 85.1GB total | delta_size=256 full_size=313689908
R0 [P2] iter 814: join done, raw=254 result_size=254
R0 [P2] iter 814: split done, delta_size=254
R0 [P2] iter 814: dedup done, delta_size=254
R0 [P2] iter 814: subtract done, delta_size=253
R0 [P2] iter 814: merge done, full_size=313690161
R0 [P2] iter 815 done: global_full_size=313690161
R0 [P2] iter 815: PRE-JOIN GPU mem: 81.8GB free / 85.1GB total | delta_size=253 full_size=313690161
R0 [P2] iter 815: join done, raw=251 result_size=251
R0 [P2] iter 815: split done, delta_size=251
R0 [P2] iter 815: dedup done, delta_size=251
R0 [P2] iter 815: subtract done, delta_size=250
R0 [P2] iter 815: merge done, full_size=313690411
R0 [P2] iter 816 done: global_full_size=313690411
R0 [P2] iter 816: PRE-JOIN GPU mem: 81.8GB free / 85.1GB total | delta_size=250 full_size=313690411
R0 [P2] iter 816: join done, raw=248 result_size=248
R0 [P2] iter 816: split done, delta_size=248
R0 [P2] iter 816: dedup done, delta_size=248
R0 [P2] iter 816: subtract done, delta_size=247
R0 [P2] iter 816: merge done, full_size=313690658
R0 [P2] iter 817 done: global_full_size=313690658
R0 [P2] iter 817: PRE-JOIN GPU mem: 81.8GB free / 85.1GB total | delta_size=247 full_size=313690658
R0 [P2] iter 817: join done, raw=246 result_size=246
R0 [P2] iter 817: split done, delta_size=246
R0 [P2] iter 817: dedup done, delta_size=246
R0 [P2] iter 817: subtract done, delta_size=245
R0 [P2] iter 817: merge done, full_size=313690903
R0 [P2] iter 818 done: global_full_size=313690903
R0 [P2] iter 818: PRE-JOIN GPU mem: 81.8GB free / 85.1GB total | delta_size=245 full_size=313690903
R0 [P2] iter 818: join done, raw=244 result_size=244
R0 [P2] iter 818: split done, delta_size=244
R0 [P2] iter 818: dedup done, delta_size=244
R0 [P2] iter 818: subtract done, delta_size=243
R0 [P2] iter 818: merge done, full_size=313691146
R0 [P2] iter 819 done: global_full_size=313691146
R0 [P2] iter 819: PRE-JOIN GPU mem: 81.8GB free / 85.1GB total | delta_size=243 full_size=313691146
R0 [P2] iter 819: join done, raw=242 result_size=242
R0 [P2] iter 819: split done, delta_size=242
R0 [P2] iter 819: dedup done, delta_size=242
R0 [P2] iter 819: subtract done, delta_size=241
R0 [P2] iter 819: merge done, full_size=313691387
R0 [P2] iter 820 done: global_full_size=313691387
R0 [P2] iter 820: PRE-JOIN GPU mem: 81.8GB free / 85.1GB total | delta_size=241 full_size=313691387
R0 [P2] iter 820: join done, raw=240 result_size=240
R0 [P2] iter 820: split done, delta_size=240
R0 [P2] iter 820: dedup done, delta_size=240
R0 [P2] iter 820: subtract done, delta_size=239
R0 [P2] iter 820: merge done, full_size=313691626
R0 [P2] iter 821 done: global_full_size=313691626
R0 [P2] iter 821: PRE-JOIN GPU mem: 81.8GB free / 85.1GB total | delta_size=239 full_size=313691626
R0 [P2] iter 821: join done, raw=238 result_size=238
R0 [P2] iter 821: split done, delta_size=238
R0 [P2] iter 821: dedup done, delta_size=238
R0 [P2] iter 821: subtract done, delta_size=237
R0 [P2] iter 821: merge done, full_size=313691863
R0 [P2] iter 822 done: global_full_size=313691863
R0 [P2] iter 822: PRE-JOIN GPU mem: 81.8GB free / 85.1GB total | delta_size=237 full_size=313691863
R0 [P2] iter 822: join done, raw=236 result_size=236
R0 [P2] iter 822: split done, delta_size=236
R0 [P2] iter 822: dedup done, delta_size=236
R0 [P2] iter 822: subtract done, delta_size=235
R0 [P2] iter 822: merge done, full_size=313692098
R0 [P2] iter 823 done: global_full_size=313692098
R0 [P2] iter 823: PRE-JOIN GPU mem: 81.8GB free / 85.1GB total | delta_size=235 full_size=313692098
R0 [P2] iter 823: join done, raw=234 result_size=234
R0 [P2] iter 823: split done, delta_size=234
R0 [P2] iter 823: dedup done, delta_size=234
R0 [P2] iter 823: subtract done, delta_size=233
R0 [P2] iter 823: merge done, full_size=313692331
R0 [P2] iter 824 done: global_full_size=313692331
R0 [P2] iter 824: PRE-JOIN GPU mem: 81.8GB free / 85.1GB total | delta_size=233 full_size=313692331
R0 [P2] iter 824: join done, raw=232 result_size=232
R0 [P2] iter 824: split done, delta_size=232
R0 [P2] iter 824: dedup done, delta_size=232
R0 [P2] iter 824: subtract done, delta_size=231
R0 [P2] iter 824: merge done, full_size=313692562
R0 [P2] iter 825 done: global_full_size=313692562
R0 [P2] iter 825: PRE-JOIN GPU mem: 81.8GB free / 85.1GB total | delta_size=231 full_size=313692562
R0 [P2] iter 825: join done, raw=230 result_size=230
R0 [P2] iter 825: split done, delta_size=230
R0 [P2] iter 825: dedup done, delta_size=230
R0 [P2] iter 825: subtract done, delta_size=229
R0 [P2] iter 825: merge done, full_size=313692791
R0 [P2] iter 826 done: global_full_size=313692791
R0 [P2] iter 826: PRE-JOIN GPU mem: 81.8GB free / 85.1GB total | delta_size=229 full_size=313692791
R0 [P2] iter 826: join done, raw=228 result_size=228
R0 [P2] iter 826: split done, delta_size=228
R0 [P2] iter 826: dedup done, delta_size=228
R0 [P2] iter 826: subtract done, delta_size=227
R0 [P2] iter 826: merge done, full_size=313693018
R0 [P2] iter 827 done: global_full_size=313693018
R0 [P2] iter 827: PRE-JOIN GPU mem: 81.8GB free / 85.1GB total | delta_size=227 full_size=313693018
R0 [P2] iter 827: join done, raw=226 result_size=226
R0 [P2] iter 827: split done, delta_size=226
R0 [P2] iter 827: dedup done, delta_size=226
R0 [P2] iter 827: subtract done, delta_size=225
R0 [P2] iter 827: merge done, full_size=313693243
R0 [P2] iter 828 done: global_full_size=313693243
R0 [P2] iter 828: PRE-JOIN GPU mem: 81.8GB free / 85.1GB total | delta_size=225 full_size=313693243
R0 [P2] iter 828: join done, raw=224 result_size=224
R0 [P2] iter 828: split done, delta_size=224
R0 [P2] iter 828: dedup done, delta_size=224
R0 [P2] iter 828: subtract done, delta_size=223
R0 [P2] iter 828: merge done, full_size=313693466
R0 [P2] iter 829 done: global_full_size=313693466
R0 [P2] iter 829: PRE-JOIN GPU mem: 81.8GB free / 85.1GB total | delta_size=223 full_size=313693466
R0 [P2] iter 829: join done, raw=222 result_size=222
R0 [P2] iter 829: split done, delta_size=222
R0 [P2] iter 829: dedup done, delta_size=222
R0 [P2] iter 829: subtract done, delta_size=221
R0 [P2] iter 829: merge done, full_size=313693687
R0 [P2] iter 830 done: global_full_size=313693687
R0 [P2] iter 830: PRE-JOIN GPU mem: 81.8GB free / 85.1GB total | delta_size=221 full_size=313693687
R0 [P2] iter 830: join done, raw=220 result_size=220
R0 [P2] iter 830: split done, delta_size=220
R0 [P2] iter 830: dedup done, delta_size=220
R0 [P2] iter 830: subtract done, delta_size=219
R0 [P2] iter 830: merge done, full_size=313693906
R0 [P2] iter 831 done: global_full_size=313693906
R0 [P2] iter 831: PRE-JOIN GPU mem: 81.8GB free / 85.1GB total | delta_size=219 full_size=313693906
R0 [P2] iter 831: join done, raw=218 result_size=218
R0 [P2] iter 831: split done, delta_size=218
R0 [P2] iter 831: dedup done, delta_size=218
R0 [P2] iter 831: subtract done, delta_size=217
R0 [P2] iter 831: merge done, full_size=313694123
R0 [P2] iter 832 done: global_full_size=313694123
R0 [P2] iter 832: PRE-JOIN GPU mem: 81.8GB free / 85.1GB total | delta_size=217 full_size=313694123
R0 [P2] iter 832: join done, raw=216 result_size=216
R0 [P2] iter 832: split done, delta_size=216
R0 [P2] iter 832: dedup done, delta_size=216
R0 [P2] iter 832: subtract done, delta_size=215
R0 [P2] iter 832: merge done, full_size=313694338
R0 [P2] iter 833 done: global_full_size=313694338
R0 [P2] iter 833: PRE-JOIN GPU mem: 81.8GB free / 85.1GB total | delta_size=215 full_size=313694338
R0 [P2] iter 833: join done, raw=214 result_size=214
R0 [P2] iter 833: split done, delta_size=214
R0 [P2] iter 833: dedup done, delta_size=214
R0 [P2] iter 833: subtract done, delta_size=213
R0 [P2] iter 833: merge done, full_size=313694551
R0 [P2] iter 834 done: global_full_size=313694551
R0 [P2] iter 834: PRE-JOIN GPU mem: 81.8GB free / 85.1GB total | delta_size=213 full_size=313694551
R0 [P2] iter 834: join done, raw=211 result_size=211
R0 [P2] iter 834: split done, delta_size=211
R0 [P2] iter 834: dedup done, delta_size=211
R0 [P2] iter 834: subtract done, delta_size=211
R0 [P2] iter 834: merge done, full_size=313694762
R0 [P2] iter 835 done: global_full_size=313694762
R0 [P2] iter 835: PRE-JOIN GPU mem: 81.8GB free / 85.1GB total | delta_size=211 full_size=313694762
R0 [P2] iter 835: join done, raw=209 result_size=209
R0 [P2] iter 835: split done, delta_size=209
R0 [P2] iter 835: dedup done, delta_size=209
R0 [P2] iter 835: subtract done, delta_size=209
R0 [P2] iter 835: merge done, full_size=313694971
R0 [P2] iter 836 done: global_full_size=313694971
R0 [P2] iter 836: PRE-JOIN GPU mem: 81.8GB free / 85.1GB total | delta_size=209 full_size=313694971
R0 [P2] iter 836: join done, raw=207 result_size=207
R0 [P2] iter 836: split done, delta_size=207
R0 [P2] iter 836: dedup done, delta_size=207
R0 [P2] iter 836: subtract done, delta_size=207
R0 [P2] iter 836: merge done, full_size=313695178
R0 [P2] iter 837 done: global_full_size=313695178
R0 [P2] iter 837: PRE-JOIN GPU mem: 81.8GB free / 85.1GB total | delta_size=207 full_size=313695178
R0 [P2] iter 837: join done, raw=205 result_size=205
R0 [P2] iter 837: split done, delta_size=205
R0 [P2] iter 837: dedup done, delta_size=205
R0 [P2] iter 837: subtract done, delta_size=205
R0 [P2] iter 837: merge done, full_size=313695383
R0 [P2] iter 838 done: global_full_size=313695383
R0 [P2] iter 838: PRE-JOIN GPU mem: 81.8GB free / 85.1GB total | delta_size=205 full_size=313695383
R0 [P2] iter 838: join done, raw=203 result_size=203
R0 [P2] iter 838: split done, delta_size=203
R0 [P2] iter 838: dedup done, delta_size=203
R0 [P2] iter 838: subtract done, delta_size=203
R0 [P2] iter 838: merge done, full_size=313695586
R0 [P2] iter 839 done: global_full_size=313695586
R0 [P2] iter 839: PRE-JOIN GPU mem: 81.8GB free / 85.1GB total | delta_size=203 full_size=313695586
R0 [P2] iter 839: join done, raw=201 result_size=201
R0 [P2] iter 839: split done, delta_size=201
R0 [P2] iter 839: dedup done, delta_size=201
R0 [P2] iter 839: subtract done, delta_size=201
R0 [P2] iter 839: merge done, full_size=313695787
R0 [P2] iter 840 done: global_full_size=313695787
R0 [P2] iter 840: PRE-JOIN GPU mem: 81.8GB free / 85.1GB total | delta_size=201 full_size=313695787
R0 [P2] iter 840: join done, raw=199 result_size=199
R0 [P2] iter 840: split done, delta_size=199
R0 [P2] iter 840: dedup done, delta_size=199
R0 [P2] iter 840: subtract done, delta_size=199
R0 [P2] iter 840: merge done, full_size=313695986
R0 [P2] iter 841 done: global_full_size=313695986
R0 [P2] iter 841: PRE-JOIN GPU mem: 81.8GB free / 85.1GB total | delta_size=199 full_size=313695986
R0 [P2] iter 841: join done, raw=197 result_size=197
R0 [P2] iter 841: split done, delta_size=197
R0 [P2] iter 841: dedup done, delta_size=197
R0 [P2] iter 841: subtract done, delta_size=197
R0 [P2] iter 841: merge done, full_size=313696183
R0 [P2] iter 842 done: global_full_size=313696183
R0 [P2] iter 842: PRE-JOIN GPU mem: 81.8GB free / 85.1GB total | delta_size=197 full_size=313696183
R0 [P2] iter 842: join done, raw=195 result_size=195
R0 [P2] iter 842: split done, delta_size=195
R0 [P2] iter 842: dedup done, delta_size=195
R0 [P2] iter 842: subtract done, delta_size=195
R0 [P2] iter 842: merge done, full_size=313696378
R0 [P2] iter 843 done: global_full_size=313696378
R0 [P2] iter 843: PRE-JOIN GPU mem: 81.8GB free / 85.1GB total | delta_size=195 full_size=313696378
R0 [P2] iter 843: join done, raw=193 result_size=193
R0 [P2] iter 843: split done, delta_size=193
R0 [P2] iter 843: dedup done, delta_size=193
R0 [P2] iter 843: subtract done, delta_size=193
R0 [P2] iter 843: merge done, full_size=313696571
R0 [P2] iter 844 done: global_full_size=313696571
R0 [P2] iter 844: PRE-JOIN GPU mem: 81.8GB free / 85.1GB total | delta_size=193 full_size=313696571
R0 [P2] iter 844: join done, raw=191 result_size=191
R0 [P2] iter 844: split done, delta_size=191
R0 [P2] iter 844: dedup done, delta_size=191
R0 [P2] iter 844: subtract done, delta_size=191
R0 [P2] iter 844: merge done, full_size=313696762
R0 [P2] iter 845 done: global_full_size=313696762
R0 [P2] iter 845: PRE-JOIN GPU mem: 81.8GB free / 85.1GB total | delta_size=191 full_size=313696762
R0 [P2] iter 845: join done, raw=189 result_size=189
R0 [P2] iter 845: split done, delta_size=189
R0 [P2] iter 845: dedup done, delta_size=189
R0 [P2] iter 845: subtract done, delta_size=189
R0 [P2] iter 845: merge done, full_size=313696951
R0 [P2] iter 846 done: global_full_size=313696951
R0 [P2] iter 846: PRE-JOIN GPU mem: 81.8GB free / 85.1GB total | delta_size=189 full_size=313696951
R0 [P2] iter 846: join done, raw=187 result_size=187
R0 [P2] iter 846: split done, delta_size=187
R0 [P2] iter 846: dedup done, delta_size=187
R0 [P2] iter 846: subtract done, delta_size=187
R0 [P2] iter 846: merge done, full_size=313697138
R0 [P2] iter 847 done: global_full_size=313697138
R0 [P2] iter 847: PRE-JOIN GPU mem: 81.8GB free / 85.1GB total | delta_size=187 full_size=313697138
R0 [P2] iter 847: join done, raw=185 result_size=185
R0 [P2] iter 847: split done, delta_size=185
R0 [P2] iter 847: dedup done, delta_size=185
R0 [P2] iter 847: subtract done, delta_size=185
R0 [P2] iter 847: merge done, full_size=313697323
R0 [P2] iter 848 done: global_full_size=313697323
R0 [P2] iter 848: PRE-JOIN GPU mem: 81.8GB free / 85.1GB total | delta_size=185 full_size=313697323
R0 [P2] iter 848: join done, raw=183 result_size=183
R0 [P2] iter 848: split done, delta_size=183
R0 [P2] iter 848: dedup done, delta_size=183
R0 [P2] iter 848: subtract done, delta_size=183
R0 [P2] iter 848: merge done, full_size=313697506
R0 [P2] iter 849 done: global_full_size=313697506
R0 [P2] iter 849: PRE-JOIN GPU mem: 81.8GB free / 85.1GB total | delta_size=183 full_size=313697506
R0 [P2] iter 849: join done, raw=181 result_size=181
R0 [P2] iter 849: split done, delta_size=181
R0 [P2] iter 849: dedup done, delta_size=181
R0 [P2] iter 849: subtract done, delta_size=181
R0 [P2] iter 849: merge done, full_size=313697687
R0 [P2] iter 850 done: global_full_size=313697687
R0 [P2] iter 850: PRE-JOIN GPU mem: 81.8GB free / 85.1GB total | delta_size=181 full_size=313697687
R0 [P2] iter 850: join done, raw=179 result_size=179
R0 [P2] iter 850: split done, delta_size=179
R0 [P2] iter 850: dedup done, delta_size=179
R0 [P2] iter 850: subtract done, delta_size=179
R0 [P2] iter 850: merge done, full_size=313697866
R0 [P2] iter 851 done: global_full_size=313697866
R0 [P2] iter 851: PRE-JOIN GPU mem: 81.8GB free / 85.1GB total | delta_size=179 full_size=313697866
R0 [P2] iter 851: join done, raw=177 result_size=177
R0 [P2] iter 851: split done, delta_size=177
R0 [P2] iter 851: dedup done, delta_size=177
R0 [P2] iter 851: subtract done, delta_size=177
R0 [P2] iter 851: merge done, full_size=313698043
R0 [P2] iter 852 done: global_full_size=313698043
R0 [P2] iter 852: PRE-JOIN GPU mem: 81.8GB free / 85.1GB total | delta_size=177 full_size=313698043
R0 [P2] iter 852: join done, raw=175 result_size=175
R0 [P2] iter 852: split done, delta_size=175
R0 [P2] iter 852: dedup done, delta_size=175
R0 [P2] iter 852: subtract done, delta_size=175
R0 [P2] iter 852: merge done, full_size=313698218
R0 [P2] iter 853 done: global_full_size=313698218
R0 [P2] iter 853: PRE-JOIN GPU mem: 81.8GB free / 85.1GB total | delta_size=175 full_size=313698218
R0 [P2] iter 853: join done, raw=173 result_size=173
R0 [P2] iter 853: split done, delta_size=173
R0 [P2] iter 853: dedup done, delta_size=173
R0 [P2] iter 853: subtract done, delta_size=173
R0 [P2] iter 853: merge done, full_size=313698391
R0 [P2] iter 854 done: global_full_size=313698391
R0 [P2] iter 854: PRE-JOIN GPU mem: 81.8GB free / 85.1GB total | delta_size=173 full_size=313698391
R0 [P2] iter 854: join done, raw=171 result_size=171
R0 [P2] iter 854: split done, delta_size=171
R0 [P2] iter 854: dedup done, delta_size=171
R0 [P2] iter 854: subtract done, delta_size=171
R0 [P2] iter 854: merge done, full_size=313698562
R0 [P2] iter 855 done: global_full_size=313698562
R0 [P2] iter 855: PRE-JOIN GPU mem: 81.8GB free / 85.1GB total | delta_size=171 full_size=313698562
R0 [P2] iter 855: join done, raw=169 result_size=169
R0 [P2] iter 855: split done, delta_size=169
R0 [P2] iter 855: dedup done, delta_size=169
R0 [P2] iter 855: subtract done, delta_size=169
R0 [P2] iter 855: merge done, full_size=313698731
R0 [P2] iter 856 done: global_full_size=313698731
R0 [P2] iter 856: PRE-JOIN GPU mem: 81.8GB free / 85.1GB total | delta_size=169 full_size=313698731
R0 [P2] iter 856: join done, raw=167 result_size=167
R0 [P2] iter 856: split done, delta_size=167
R0 [P2] iter 856: dedup done, delta_size=167
R0 [P2] iter 856: subtract done, delta_size=167
R0 [P2] iter 856: merge done, full_size=313698898
R0 [P2] iter 857 done: global_full_size=313698898
R0 [P2] iter 857: PRE-JOIN GPU mem: 81.8GB free / 85.1GB total | delta_size=167 full_size=313698898
R0 [P2] iter 857: join done, raw=165 result_size=165
R0 [P2] iter 857: split done, delta_size=165
R0 [P2] iter 857: dedup done, delta_size=165
R0 [P2] iter 857: subtract done, delta_size=165
R0 [P2] iter 857: merge done, full_size=313699063
R0 [P2] iter 858 done: global_full_size=313699063
R0 [P2] iter 858: PRE-JOIN GPU mem: 81.8GB free / 85.1GB total | delta_size=165 full_size=313699063
R0 [P2] iter 858: join done, raw=163 result_size=163
R0 [P2] iter 858: split done, delta_size=163
R0 [P2] iter 858: dedup done, delta_size=163
R0 [P2] iter 858: subtract done, delta_size=163
R0 [P2] iter 858: merge done, full_size=313699226
R0 [P2] iter 859 done: global_full_size=313699226
R0 [P2] iter 859: PRE-JOIN GPU mem: 81.8GB free / 85.1GB total | delta_size=163 full_size=313699226
R0 [P2] iter 859: join done, raw=161 result_size=161
R0 [P2] iter 859: split done, delta_size=161
R0 [P2] iter 859: dedup done, delta_size=161
R0 [P2] iter 859: subtract done, delta_size=161
R0 [P2] iter 859: merge done, full_size=313699387
R0 [P2] iter 860 done: global_full_size=313699387
R0 [P2] iter 860: PRE-JOIN GPU mem: 81.8GB free / 85.1GB total | delta_size=161 full_size=313699387
R0 [P2] iter 860: join done, raw=159 result_size=159
R0 [P2] iter 860: split done, delta_size=159
R0 [P2] iter 860: dedup done, delta_size=159
R0 [P2] iter 860: subtract done, delta_size=159
R0 [P2] iter 860: merge done, full_size=313699546
R0 [P2] iter 861 done: global_full_size=313699546
R0 [P2] iter 861: PRE-JOIN GPU mem: 81.8GB free / 85.1GB total | delta_size=159 full_size=313699546
R0 [P2] iter 861: join done, raw=157 result_size=157
R0 [P2] iter 861: split done, delta_size=157
R0 [P2] iter 861: dedup done, delta_size=157
R0 [P2] iter 861: subtract done, delta_size=157
R0 [P2] iter 861: merge done, full_size=313699703
R0 [P2] iter 862 done: global_full_size=313699703
R0 [P2] iter 862: PRE-JOIN GPU mem: 81.8GB free / 85.1GB total | delta_size=157 full_size=313699703
R0 [P2] iter 862: join done, raw=155 result_size=155
R0 [P2] iter 862: split done, delta_size=155
R0 [P2] iter 862: dedup done, delta_size=155
R0 [P2] iter 862: subtract done, delta_size=155
R0 [P2] iter 862: merge done, full_size=313699858
R0 [P2] iter 863 done: global_full_size=313699858
R0 [P2] iter 863: PRE-JOIN GPU mem: 81.8GB free / 85.1GB total | delta_size=155 full_size=313699858
R0 [P2] iter 863: join done, raw=153 result_size=153
R0 [P2] iter 863: split done, delta_size=153
R0 [P2] iter 863: dedup done, delta_size=153
R0 [P2] iter 863: subtract done, delta_size=153
R0 [P2] iter 863: merge done, full_size=313700011
R0 [P2] iter 864 done: global_full_size=313700011
R0 [P2] iter 864: PRE-JOIN GPU mem: 81.8GB free / 85.1GB total | delta_size=153 full_size=313700011
R0 [P2] iter 864: join done, raw=151 result_size=151
R0 [P2] iter 864: split done, delta_size=151
R0 [P2] iter 864: dedup done, delta_size=151
R0 [P2] iter 864: subtract done, delta_size=151
R0 [P2] iter 864: merge done, full_size=313700162
R0 [P2] iter 865 done: global_full_size=313700162
R0 [P2] iter 865: PRE-JOIN GPU mem: 81.8GB free / 85.1GB total | delta_size=151 full_size=313700162
R0 [P2] iter 865: join done, raw=149 result_size=149
R0 [P2] iter 865: split done, delta_size=149
R0 [P2] iter 865: dedup done, delta_size=149
R0 [P2] iter 865: subtract done, delta_size=149
R0 [P2] iter 865: merge done, full_size=313700311
R0 [P2] iter 866 done: global_full_size=313700311
R0 [P2] iter 866: PRE-JOIN GPU mem: 81.8GB free / 85.1GB total | delta_size=149 full_size=313700311
R0 [P2] iter 866: join done, raw=147 result_size=147
R0 [P2] iter 866: split done, delta_size=147
R0 [P2] iter 866: dedup done, delta_size=147
R0 [P2] iter 866: subtract done, delta_size=147
R0 [P2] iter 866: merge done, full_size=313700458
R0 [P2] iter 867 done: global_full_size=313700458
R0 [P2] iter 867: PRE-JOIN GPU mem: 81.8GB free / 85.1GB total | delta_size=147 full_size=313700458
R0 [P2] iter 867: join done, raw=145 result_size=145
R0 [P2] iter 867: split done, delta_size=145
R0 [P2] iter 867: dedup done, delta_size=145
R0 [P2] iter 867: subtract done, delta_size=145
R0 [P2] iter 867: merge done, full_size=313700603
R0 [P2] iter 868 done: global_full_size=313700603
R0 [P2] iter 868: PRE-JOIN GPU mem: 81.8GB free / 85.1GB total | delta_size=145 full_size=313700603
R0 [P2] iter 868: join done, raw=143 result_size=143
R0 [P2] iter 868: split done, delta_size=143
R0 [P2] iter 868: dedup done, delta_size=143
R0 [P2] iter 868: subtract done, delta_size=143
R0 [P2] iter 868: merge done, full_size=313700746
R0 [P2] iter 869 done: global_full_size=313700746
R0 [P2] iter 869: PRE-JOIN GPU mem: 81.8GB free / 85.1GB total | delta_size=143 full_size=313700746
R0 [P2] iter 869: join done, raw=141 result_size=141
R0 [P2] iter 869: split done, delta_size=141
R0 [P2] iter 869: dedup done, delta_size=141
R0 [P2] iter 869: subtract done, delta_size=141
R0 [P2] iter 869: merge done, full_size=313700887
R0 [P2] iter 870 done: global_full_size=313700887
R0 [P2] iter 870: PRE-JOIN GPU mem: 81.8GB free / 85.1GB total | delta_size=141 full_size=313700887
R0 [P2] iter 870: join done, raw=139 result_size=139
R0 [P2] iter 870: split done, delta_size=139
R0 [P2] iter 870: dedup done, delta_size=139
R0 [P2] iter 870: subtract done, delta_size=139
R0 [P2] iter 870: merge done, full_size=313701026
R0 [P2] iter 871 done: global_full_size=313701026
R0 [P2] iter 871: PRE-JOIN GPU mem: 81.8GB free / 85.1GB total | delta_size=139 full_size=313701026
R0 [P2] iter 871: join done, raw=137 result_size=137
R0 [P2] iter 871: split done, delta_size=137
R0 [P2] iter 871: dedup done, delta_size=137
R0 [P2] iter 871: subtract done, delta_size=137
R0 [P2] iter 871: merge done, full_size=313701163
R0 [P2] iter 872 done: global_full_size=313701163
R0 [P2] iter 872: PRE-JOIN GPU mem: 81.8GB free / 85.1GB total | delta_size=137 full_size=313701163
R0 [P2] iter 872: join done, raw=135 result_size=135
R0 [P2] iter 872: split done, delta_size=135
R0 [P2] iter 872: dedup done, delta_size=135
R0 [P2] iter 872: subtract done, delta_size=135
R0 [P2] iter 872: merge done, full_size=313701298
R0 [P2] iter 873 done: global_full_size=313701298
R0 [P2] iter 873: PRE-JOIN GPU mem: 81.8GB free / 85.1GB total | delta_size=135 full_size=313701298
R0 [P2] iter 873: join done, raw=133 result_size=133
R0 [P2] iter 873: split done, delta_size=133
R0 [P2] iter 873: dedup done, delta_size=133
R0 [P2] iter 873: subtract done, delta_size=133
R0 [P2] iter 873: merge done, full_size=313701431
R0 [P2] iter 874 done: global_full_size=313701431
R0 [P2] iter 874: PRE-JOIN GPU mem: 81.8GB free / 85.1GB total | delta_size=133 full_size=313701431
R0 [P2] iter 874: join done, raw=131 result_size=131
R0 [P2] iter 874: split done, delta_size=131
R0 [P2] iter 874: dedup done, delta_size=131
R0 [P2] iter 874: subtract done, delta_size=131
R0 [P2] iter 874: merge done, full_size=313701562
R0 [P2] iter 875 done: global_full_size=313701562
R0 [P2] iter 875: PRE-JOIN GPU mem: 81.8GB free / 85.1GB total | delta_size=131 full_size=313701562
R0 [P2] iter 875: join done, raw=129 result_size=129
R0 [P2] iter 875: split done, delta_size=129
R0 [P2] iter 875: dedup done, delta_size=129
R0 [P2] iter 875: subtract done, delta_size=129
R0 [P2] iter 875: merge done, full_size=313701691
R0 [P2] iter 876 done: global_full_size=313701691
R0 [P2] iter 876: PRE-JOIN GPU mem: 81.8GB free / 85.1GB total | delta_size=129 full_size=313701691
R0 [P2] iter 876: join done, raw=127 result_size=127
R0 [P2] iter 876: split done, delta_size=127
R0 [P2] iter 876: dedup done, delta_size=127
R0 [P2] iter 876: subtract done, delta_size=127
R0 [P2] iter 876: merge done, full_size=313701818
R0 [P2] iter 877 done: global_full_size=313701818
R0 [P2] iter 877: PRE-JOIN GPU mem: 81.8GB free / 85.1GB total | delta_size=127 full_size=313701818
R0 [P2] iter 877: join done, raw=125 result_size=125
R0 [P2] iter 877: split done, delta_size=125
R0 [P2] iter 877: dedup done, delta_size=125
R0 [P2] iter 877: subtract done, delta_size=125
R0 [P2] iter 877: merge done, full_size=313701943
R0 [P2] iter 878 done: global_full_size=313701943
R0 [P2] iter 878: PRE-JOIN GPU mem: 81.8GB free / 85.1GB total | delta_size=125 full_size=313701943
R0 [P2] iter 878: join done, raw=123 result_size=123
R0 [P2] iter 878: split done, delta_size=123
R0 [P2] iter 878: dedup done, delta_size=123
R0 [P2] iter 878: subtract done, delta_size=123
R0 [P2] iter 878: merge done, full_size=313702066
R0 [P2] iter 879 done: global_full_size=313702066
R0 [P2] iter 879: PRE-JOIN GPU mem: 81.8GB free / 85.1GB total | delta_size=123 full_size=313702066
R0 [P2] iter 879: join done, raw=121 result_size=121
R0 [P2] iter 879: split done, delta_size=121
R0 [P2] iter 879: dedup done, delta_size=121
R0 [P2] iter 879: subtract done, delta_size=121
R0 [P2] iter 879: merge done, full_size=313702187
R0 [P2] iter 880 done: global_full_size=313702187
R0 [P2] iter 880: PRE-JOIN GPU mem: 81.8GB free / 85.1GB total | delta_size=121 full_size=313702187
R0 [P2] iter 880: join done, raw=119 result_size=119
R0 [P2] iter 880: split done, delta_size=119
R0 [P2] iter 880: dedup done, delta_size=119
R0 [P2] iter 880: subtract done, delta_size=119
R0 [P2] iter 880: merge done, full_size=313702306
R0 [P2] iter 881 done: global_full_size=313702306
R0 [P2] iter 881: PRE-JOIN GPU mem: 81.8GB free / 85.1GB total | delta_size=119 full_size=313702306
R0 [P2] iter 881: join done, raw=117 result_size=117
R0 [P2] iter 881: split done, delta_size=117
R0 [P2] iter 881: dedup done, delta_size=117
R0 [P2] iter 881: subtract done, delta_size=117
R0 [P2] iter 881: merge done, full_size=313702423
R0 [P2] iter 882 done: global_full_size=313702423
R0 [P2] iter 882: PRE-JOIN GPU mem: 81.8GB free / 85.1GB total | delta_size=117 full_size=313702423
R0 [P2] iter 882: join done, raw=115 result_size=115
R0 [P2] iter 882: split done, delta_size=115
R0 [P2] iter 882: dedup done, delta_size=115
R0 [P2] iter 882: subtract done, delta_size=115
R0 [P2] iter 882: merge done, full_size=313702538
R0 [P2] iter 883 done: global_full_size=313702538
R0 [P2] iter 883: PRE-JOIN GPU mem: 81.8GB free / 85.1GB total | delta_size=115 full_size=313702538
R0 [P2] iter 883: join done, raw=113 result_size=113
R0 [P2] iter 883: split done, delta_size=113
R0 [P2] iter 883: dedup done, delta_size=113
R0 [P2] iter 883: subtract done, delta_size=113
R0 [P2] iter 883: merge done, full_size=313702651
R0 [P2] iter 884 done: global_full_size=313702651
R0 [P2] iter 884: PRE-JOIN GPU mem: 81.8GB free / 85.1GB total | delta_size=113 full_size=313702651
R0 [P2] iter 884: join done, raw=111 result_size=111
R0 [P2] iter 884: split done, delta_size=111
R0 [P2] iter 884: dedup done, delta_size=111
R0 [P2] iter 884: subtract done, delta_size=111
R0 [P2] iter 884: merge done, full_size=313702762
R0 [P2] iter 885 done: global_full_size=313702762
R0 [P2] iter 885: PRE-JOIN GPU mem: 81.8GB free / 85.1GB total | delta_size=111 full_size=313702762
R0 [P2] iter 885: join done, raw=109 result_size=109
R0 [P2] iter 885: split done, delta_size=109
R0 [P2] iter 885: dedup done, delta_size=109
R0 [P2] iter 885: subtract done, delta_size=109
R0 [P2] iter 885: merge done, full_size=313702871
R0 [P2] iter 886 done: global_full_size=313702871
R0 [P2] iter 886: PRE-JOIN GPU mem: 81.8GB free / 85.1GB total | delta_size=109 full_size=313702871
R0 [P2] iter 886: join done, raw=107 result_size=107
R0 [P2] iter 886: split done, delta_size=107
R0 [P2] iter 886: dedup done, delta_size=107
R0 [P2] iter 886: subtract done, delta_size=107
R0 [P2] iter 886: merge done, full_size=313702978
R0 [P2] iter 887 done: global_full_size=313702978
R0 [P2] iter 887: PRE-JOIN GPU mem: 81.8GB free / 85.1GB total | delta_size=107 full_size=313702978
R0 [P2] iter 887: join done, raw=105 result_size=105
R0 [P2] iter 887: split done, delta_size=105
R0 [P2] iter 887: dedup done, delta_size=105
R0 [P2] iter 887: subtract done, delta_size=105
R0 [P2] iter 887: merge done, full_size=313703083
R0 [P2] iter 888 done: global_full_size=313703083
R0 [P2] iter 888: PRE-JOIN GPU mem: 81.8GB free / 85.1GB total | delta_size=105 full_size=313703083
R0 [P2] iter 888: join done, raw=103 result_size=103
R0 [P2] iter 888: split done, delta_size=103
R0 [P2] iter 888: dedup done, delta_size=103
R0 [P2] iter 888: subtract done, delta_size=103
R0 [P2] iter 888: merge done, full_size=313703186
R0 [P2] iter 889 done: global_full_size=313703186
R0 [P2] iter 889: PRE-JOIN GPU mem: 81.8GB free / 85.1GB total | delta_size=103 full_size=313703186
R0 [P2] iter 889: join done, raw=100 result_size=100
R0 [P2] iter 889: split done, delta_size=100
R0 [P2] iter 889: dedup done, delta_size=100
R0 [P2] iter 889: subtract done, delta_size=100
R0 [P2] iter 889: merge done, full_size=313703286
R0 [P2] iter 890 done: global_full_size=313703286
R0 [P2] iter 890: PRE-JOIN GPU mem: 81.8GB free / 85.1GB total | delta_size=100 full_size=313703286
R0 [P2] iter 890: join done, raw=98 result_size=98
R0 [P2] iter 890: split done, delta_size=98
R0 [P2] iter 890: dedup done, delta_size=98
R0 [P2] iter 890: subtract done, delta_size=98
R0 [P2] iter 890: merge done, full_size=313703384
R0 [P2] iter 891 done: global_full_size=313703384
R0 [P2] iter 891: PRE-JOIN GPU mem: 81.8GB free / 85.1GB total | delta_size=98 full_size=313703384
R0 [P2] iter 891: join done, raw=96 result_size=96
R0 [P2] iter 891: split done, delta_size=96
R0 [P2] iter 891: dedup done, delta_size=96
R0 [P2] iter 891: subtract done, delta_size=96
R0 [P2] iter 891: merge done, full_size=313703480
R0 [P2] iter 892 done: global_full_size=313703480
R0 [P2] iter 892: PRE-JOIN GPU mem: 81.8GB free / 85.1GB total | delta_size=96 full_size=313703480
R0 [P2] iter 892: join done, raw=94 result_size=94
R0 [P2] iter 892: split done, delta_size=94
R0 [P2] iter 892: dedup done, delta_size=94
R0 [P2] iter 892: subtract done, delta_size=94
R0 [P2] iter 892: merge done, full_size=313703574
R0 [P2] iter 893 done: global_full_size=313703574
R0 [P2] iter 893: PRE-JOIN GPU mem: 81.8GB free / 85.1GB total | delta_size=94 full_size=313703574
R0 [P2] iter 893: join done, raw=92 result_size=92
R0 [P2] iter 893: split done, delta_size=92
R0 [P2] iter 893: dedup done, delta_size=92
R0 [P2] iter 893: subtract done, delta_size=92
R0 [P2] iter 893: merge done, full_size=313703666
R0 [P2] iter 894 done: global_full_size=313703666
R0 [P2] iter 894: PRE-JOIN GPU mem: 81.8GB free / 85.1GB total | delta_size=92 full_size=313703666
R0 [P2] iter 894: join done, raw=90 result_size=90
R0 [P2] iter 894: split done, delta_size=90
R0 [P2] iter 894: dedup done, delta_size=90
R0 [P2] iter 894: subtract done, delta_size=90
R0 [P2] iter 894: merge done, full_size=313703756
R0 [P2] iter 895 done: global_full_size=313703756
R0 [P2] iter 895: PRE-JOIN GPU mem: 81.8GB free / 85.1GB total | delta_size=90 full_size=313703756
R0 [P2] iter 895: join done, raw=88 result_size=88
R0 [P2] iter 895: split done, delta_size=88
R0 [P2] iter 895: dedup done, delta_size=88
R0 [P2] iter 895: subtract done, delta_size=88
R0 [P2] iter 895: merge done, full_size=313703844
R0 [P2] iter 896 done: global_full_size=313703844
R0 [P2] iter 896: PRE-JOIN GPU mem: 81.8GB free / 85.1GB total | delta_size=88 full_size=313703844
R0 [P2] iter 896: join done, raw=86 result_size=86
R0 [P2] iter 896: split done, delta_size=86
R0 [P2] iter 896: dedup done, delta_size=86
R0 [P2] iter 896: subtract done, delta_size=86
R0 [P2] iter 896: merge done, full_size=313703930
R0 [P2] iter 897 done: global_full_size=313703930
R0 [P2] iter 897: PRE-JOIN GPU mem: 81.8GB free / 85.1GB total | delta_size=86 full_size=313703930
R0 [P2] iter 897: join done, raw=84 result_size=84
R0 [P2] iter 897: split done, delta_size=84
R0 [P2] iter 897: dedup done, delta_size=84
R0 [P2] iter 897: subtract done, delta_size=84
R0 [P2] iter 897: merge done, full_size=313704014
R0 [P2] iter 898 done: global_full_size=313704014
R0 [P2] iter 898: PRE-JOIN GPU mem: 81.8GB free / 85.1GB total | delta_size=84 full_size=313704014
R0 [P2] iter 898: join done, raw=82 result_size=82
R0 [P2] iter 898: split done, delta_size=82
R0 [P2] iter 898: dedup done, delta_size=82
R0 [P2] iter 898: subtract done, delta_size=82
R0 [P2] iter 898: merge done, full_size=313704096
R0 [P2] iter 899 done: global_full_size=313704096
R0 [P2] iter 899: PRE-JOIN GPU mem: 81.8GB free / 85.1GB total | delta_size=82 full_size=313704096
R0 [P2] iter 899: join done, raw=80 result_size=80
R0 [P2] iter 899: split done, delta_size=80
R0 [P2] iter 899: dedup done, delta_size=80
R0 [P2] iter 899: subtract done, delta_size=80
R0 [P2] iter 899: merge done, full_size=313704176
R0 [P2] iter 900 done: global_full_size=313704176
R0 [P2] iter 900: PRE-JOIN GPU mem: 81.8GB free / 85.1GB total | delta_size=80 full_size=313704176
R0 [P2] iter 900: join done, raw=78 result_size=78
R0 [P2] iter 900: split done, delta_size=78
R0 [P2] iter 900: dedup done, delta_size=78
R0 [P2] iter 900: subtract done, delta_size=78
R0 [P2] iter 900: merge done, full_size=313704254
R0 [P2] iter 901 done: global_full_size=313704254
R0 [P2] iter 901: PRE-JOIN GPU mem: 81.8GB free / 85.1GB total | delta_size=78 full_size=313704254
R0 [P2] iter 901: join done, raw=76 result_size=76
R0 [P2] iter 901: split done, delta_size=76
R0 [P2] iter 901: dedup done, delta_size=76
R0 [P2] iter 901: subtract done, delta_size=76
R0 [P2] iter 901: merge done, full_size=313704330
R0 [P2] iter 902 done: global_full_size=313704330
R0 [P2] iter 902: PRE-JOIN GPU mem: 81.8GB free / 85.1GB total | delta_size=76 full_size=313704330
R0 [P2] iter 902: join done, raw=74 result_size=74
R0 [P2] iter 902: split done, delta_size=74
R0 [P2] iter 902: dedup done, delta_size=74
R0 [P2] iter 902: subtract done, delta_size=74
R0 [P2] iter 902: merge done, full_size=313704404
R0 [P2] iter 903 done: global_full_size=313704404
R0 [P2] iter 903: PRE-JOIN GPU mem: 81.8GB free / 85.1GB total | delta_size=74 full_size=313704404
R0 [P2] iter 903: join done, raw=72 result_size=72
R0 [P2] iter 903: split done, delta_size=72
R0 [P2] iter 903: dedup done, delta_size=72
R0 [P2] iter 903: subtract done, delta_size=72
R0 [P2] iter 903: merge done, full_size=313704476
R0 [P2] iter 904 done: global_full_size=313704476
R0 [P2] iter 904: PRE-JOIN GPU mem: 81.8GB free / 85.1GB total | delta_size=72 full_size=313704476
R0 [P2] iter 904: join done, raw=70 result_size=70
R0 [P2] iter 904: split done, delta_size=70
R0 [P2] iter 904: dedup done, delta_size=70
R0 [P2] iter 904: subtract done, delta_size=70
R0 [P2] iter 904: merge done, full_size=313704546
R0 [P2] iter 905 done: global_full_size=313704546
R0 [P2] iter 905: PRE-JOIN GPU mem: 81.8GB free / 85.1GB total | delta_size=70 full_size=313704546
R0 [P2] iter 905: join done, raw=68 result_size=68
R0 [P2] iter 905: split done, delta_size=68
R0 [P2] iter 905: dedup done, delta_size=68
R0 [P2] iter 905: subtract done, delta_size=68
R0 [P2] iter 905: merge done, full_size=313704614
R0 [P2] iter 906 done: global_full_size=313704614
R0 [P2] iter 906: PRE-JOIN GPU mem: 81.8GB free / 85.1GB total | delta_size=68 full_size=313704614
R0 [P2] iter 906: join done, raw=66 result_size=66
R0 [P2] iter 906: split done, delta_size=66
R0 [P2] iter 906: dedup done, delta_size=66
R0 [P2] iter 906: subtract done, delta_size=66
R0 [P2] iter 906: merge done, full_size=313704680
R0 [P2] iter 907 done: global_full_size=313704680
R0 [P2] iter 907: PRE-JOIN GPU mem: 81.8GB free / 85.1GB total | delta_size=66 full_size=313704680
R0 [P2] iter 907: join done, raw=64 result_size=64
R0 [P2] iter 907: split done, delta_size=64
R0 [P2] iter 907: dedup done, delta_size=64
R0 [P2] iter 907: subtract done, delta_size=64
R0 [P2] iter 907: merge done, full_size=313704744
R0 [P2] iter 908 done: global_full_size=313704744
R0 [P2] iter 908: PRE-JOIN GPU mem: 81.8GB free / 85.1GB total | delta_size=64 full_size=313704744
R0 [P2] iter 908: join done, raw=62 result_size=62
R0 [P2] iter 908: split done, delta_size=62
R0 [P2] iter 908: dedup done, delta_size=62
R0 [P2] iter 908: subtract done, delta_size=62
R0 [P2] iter 908: merge done, full_size=313704806
R0 [P2] iter 909 done: global_full_size=313704806
R0 [P2] iter 909: PRE-JOIN GPU mem: 81.8GB free / 85.1GB total | delta_size=62 full_size=313704806
R0 [P2] iter 909: join done, raw=60 result_size=60
R0 [P2] iter 909: split done, delta_size=60
R0 [P2] iter 909: dedup done, delta_size=60
R0 [P2] iter 909: subtract done, delta_size=60
R0 [P2] iter 909: merge done, full_size=313704866
R0 [P2] iter 910 done: global_full_size=313704866
R0 [P2] iter 910: PRE-JOIN GPU mem: 81.8GB free / 85.1GB total | delta_size=60 full_size=313704866
R0 [P2] iter 910: join done, raw=58 result_size=58
R0 [P2] iter 910: split done, delta_size=58
R0 [P2] iter 910: dedup done, delta_size=58
R0 [P2] iter 910: subtract done, delta_size=58
R0 [P2] iter 910: merge done, full_size=313704924
R0 [P2] iter 911 done: global_full_size=313704924
R0 [P2] iter 911: PRE-JOIN GPU mem: 81.8GB free / 85.1GB total | delta_size=58 full_size=313704924
R0 [P2] iter 911: join done, raw=56 result_size=56
R0 [P2] iter 911: split done, delta_size=56
R0 [P2] iter 911: dedup done, delta_size=56
R0 [P2] iter 911: subtract done, delta_size=56
R0 [P2] iter 911: merge done, full_size=313704980
R0 [P2] iter 912 done: global_full_size=313704980
R0 [P2] iter 912: PRE-JOIN GPU mem: 81.8GB free / 85.1GB total | delta_size=56 full_size=313704980
R0 [P2] iter 912: join done, raw=54 result_size=54
R0 [P2] iter 912: split done, delta_size=54
R0 [P2] iter 912: dedup done, delta_size=54
R0 [P2] iter 912: subtract done, delta_size=54
R0 [P2] iter 912: merge done, full_size=313705034
R0 [P2] iter 913 done: global_full_size=313705034
R0 [P2] iter 913: PRE-JOIN GPU mem: 81.8GB free / 85.1GB total | delta_size=54 full_size=313705034
R0 [P2] iter 913: join done, raw=52 result_size=52
R0 [P2] iter 913: split done, delta_size=52
R0 [P2] iter 913: dedup done, delta_size=52
R0 [P2] iter 913: subtract done, delta_size=52
R0 [P2] iter 913: merge done, full_size=313705086
R0 [P2] iter 914 done: global_full_size=313705086
R0 [P2] iter 914: PRE-JOIN GPU mem: 81.8GB free / 85.1GB total | delta_size=52 full_size=313705086
R0 [P2] iter 914: join done, raw=50 result_size=50
R0 [P2] iter 914: split done, delta_size=50
R0 [P2] iter 914: dedup done, delta_size=50
R0 [P2] iter 914: subtract done, delta_size=50
R0 [P2] iter 914: merge done, full_size=313705136
R0 [P2] iter 915 done: global_full_size=313705136
R0 [P2] iter 915: PRE-JOIN GPU mem: 81.8GB free / 85.1GB total | delta_size=50 full_size=313705136
R0 [P2] iter 915: join done, raw=48 result_size=48
R0 [P2] iter 915: split done, delta_size=48
R0 [P2] iter 915: dedup done, delta_size=48
R0 [P2] iter 915: subtract done, delta_size=48
R0 [P2] iter 915: merge done, full_size=313705184
R0 [P2] iter 916 done: global_full_size=313705184
R0 [P2] iter 916: PRE-JOIN GPU mem: 81.8GB free / 85.1GB total | delta_size=48 full_size=313705184
R0 [P2] iter 916: join done, raw=46 result_size=46
R0 [P2] iter 916: split done, delta_size=46
R0 [P2] iter 916: dedup done, delta_size=46
R0 [P2] iter 916: subtract done, delta_size=46
R0 [P2] iter 916: merge done, full_size=313705230
R0 [P2] iter 917 done: global_full_size=313705230
R0 [P2] iter 917: PRE-JOIN GPU mem: 81.8GB free / 85.1GB total | delta_size=46 full_size=313705230
R0 [P2] iter 917: join done, raw=44 result_size=44
R0 [P2] iter 917: split done, delta_size=44
R0 [P2] iter 917: dedup done, delta_size=44
R0 [P2] iter 917: subtract done, delta_size=44
R0 [P2] iter 917: merge done, full_size=313705274
R0 [P2] iter 918 done: global_full_size=313705274
R0 [P2] iter 918: PRE-JOIN GPU mem: 81.8GB free / 85.1GB total | delta_size=44 full_size=313705274
R0 [P2] iter 918: join done, raw=42 result_size=42
R0 [P2] iter 918: split done, delta_size=42
R0 [P2] iter 918: dedup done, delta_size=42
R0 [P2] iter 918: subtract done, delta_size=42
R0 [P2] iter 918: merge done, full_size=313705316
R0 [P2] iter 919 done: global_full_size=313705316
R0 [P2] iter 919: PRE-JOIN GPU mem: 81.8GB free / 85.1GB total | delta_size=42 full_size=313705316
R0 [P2] iter 919: join done, raw=40 result_size=40
R0 [P2] iter 919: split done, delta_size=40
R0 [P2] iter 919: dedup done, delta_size=40
R0 [P2] iter 919: subtract done, delta_size=40
R0 [P2] iter 919: merge done, full_size=313705356
R0 [P2] iter 920 done: global_full_size=313705356
R0 [P2] iter 920: PRE-JOIN GPU mem: 81.8GB free / 85.1GB total | delta_size=40 full_size=313705356
R0 [P2] iter 920: join done, raw=38 result_size=38
R0 [P2] iter 920: split done, delta_size=38
R0 [P2] iter 920: dedup done, delta_size=38
R0 [P2] iter 920: subtract done, delta_size=38
R0 [P2] iter 920: merge done, full_size=313705394
R0 [P2] iter 921 done: global_full_size=313705394
R0 [P2] iter 921: PRE-JOIN GPU mem: 81.8GB free / 85.1GB total | delta_size=38 full_size=313705394
R0 [P2] iter 921: join done, raw=36 result_size=36
R0 [P2] iter 921: split done, delta_size=36
R0 [P2] iter 921: dedup done, delta_size=36
R0 [P2] iter 921: subtract done, delta_size=36
R0 [P2] iter 921: merge done, full_size=313705430
R0 [P2] iter 922 done: global_full_size=313705430
R0 [P2] iter 922: PRE-JOIN GPU mem: 81.8GB free / 85.1GB total | delta_size=36 full_size=313705430
R0 [P2] iter 922: join done, raw=34 result_size=34
R0 [P2] iter 922: split done, delta_size=34
R0 [P2] iter 922: dedup done, delta_size=34
R0 [P2] iter 922: subtract done, delta_size=34
R0 [P2] iter 922: merge done, full_size=313705464
R0 [P2] iter 923 done: global_full_size=313705464
R0 [P2] iter 923: PRE-JOIN GPU mem: 81.8GB free / 85.1GB total | delta_size=34 full_size=313705464
R0 [P2] iter 923: join done, raw=32 result_size=32
R0 [P2] iter 923: split done, delta_size=32
R0 [P2] iter 923: dedup done, delta_size=32
R0 [P2] iter 923: subtract done, delta_size=32
R0 [P2] iter 923: merge done, full_size=313705496
R0 [P2] iter 924 done: global_full_size=313705496
R0 [P2] iter 924: PRE-JOIN GPU mem: 81.8GB free / 85.1GB total | delta_size=32 full_size=313705496
R0 [P2] iter 924: join done, raw=31 result_size=31
R0 [P2] iter 924: split done, delta_size=31
R0 [P2] iter 924: dedup done, delta_size=31
R0 [P2] iter 924: subtract done, delta_size=31
R0 [P2] iter 924: merge done, full_size=313705527
R0 [P2] iter 925 done: global_full_size=313705527
R0 [P2] iter 925: PRE-JOIN GPU mem: 81.8GB free / 85.1GB total | delta_size=31 full_size=313705527
R0 [P2] iter 925: join done, raw=30 result_size=30
R0 [P2] iter 925: split done, delta_size=30
R0 [P2] iter 925: dedup done, delta_size=30
R0 [P2] iter 925: subtract done, delta_size=30
R0 [P2] iter 925: merge done, full_size=313705557
R0 [P2] iter 926 done: global_full_size=313705557
R0 [P2] iter 926: PRE-JOIN GPU mem: 81.8GB free / 85.1GB total | delta_size=30 full_size=313705557
R0 [P2] iter 926: join done, raw=29 result_size=29
R0 [P2] iter 926: split done, delta_size=29
R0 [P2] iter 926: dedup done, delta_size=29
R0 [P2] iter 926: subtract done, delta_size=29
R0 [P2] iter 926: merge done, full_size=313705586
R0 [P2] iter 927 done: global_full_size=313705586
R0 [P2] iter 927: PRE-JOIN GPU mem: 81.8GB free / 85.1GB total | delta_size=29 full_size=313705586
R0 [P2] iter 927: join done, raw=28 result_size=28
R0 [P2] iter 927: split done, delta_size=28
R0 [P2] iter 927: dedup done, delta_size=28
R0 [P2] iter 927: subtract done, delta_size=28
R0 [P2] iter 927: merge done, full_size=313705614
R0 [P2] iter 928 done: global_full_size=313705614
R0 [P2] iter 928: PRE-JOIN GPU mem: 81.8GB free / 85.1GB total | delta_size=28 full_size=313705614
R0 [P2] iter 928: join done, raw=27 result_size=27
R0 [P2] iter 928: split done, delta_size=27
R0 [P2] iter 928: dedup done, delta_size=27
R0 [P2] iter 928: subtract done, delta_size=27
R0 [P2] iter 928: merge done, full_size=313705641
R0 [P2] iter 929 done: global_full_size=313705641
R0 [P2] iter 929: PRE-JOIN GPU mem: 81.8GB free / 85.1GB total | delta_size=27 full_size=313705641
R0 [P2] iter 929: join done, raw=26 result_size=26
R0 [P2] iter 929: split done, delta_size=26
R0 [P2] iter 929: dedup done, delta_size=26
R0 [P2] iter 929: subtract done, delta_size=26
R0 [P2] iter 929: merge done, full_size=313705667
R0 [P2] iter 930 done: global_full_size=313705667
R0 [P2] iter 930: PRE-JOIN GPU mem: 81.8GB free / 85.1GB total | delta_size=26 full_size=313705667
R0 [P2] iter 930: join done, raw=25 result_size=25
R0 [P2] iter 930: split done, delta_size=25
R0 [P2] iter 930: dedup done, delta_size=25
R0 [P2] iter 930: subtract done, delta_size=25
R0 [P2] iter 930: merge done, full_size=313705692
R0 [P2] iter 931 done: global_full_size=313705692
R0 [P2] iter 931: PRE-JOIN GPU mem: 81.8GB free / 85.1GB total | delta_size=25 full_size=313705692
R0 [P2] iter 931: join done, raw=24 result_size=24
R0 [P2] iter 931: split done, delta_size=24
R0 [P2] iter 931: dedup done, delta_size=24
R0 [P2] iter 931: subtract done, delta_size=24
R0 [P2] iter 931: merge done, full_size=313705716
R0 [P2] iter 932 done: global_full_size=313705716
R0 [P2] iter 932: PRE-JOIN GPU mem: 81.8GB free / 85.1GB total | delta_size=24 full_size=313705716
R0 [P2] iter 932: join done, raw=23 result_size=23
R0 [P2] iter 932: split done, delta_size=23
R0 [P2] iter 932: dedup done, delta_size=23
R0 [P2] iter 932: subtract done, delta_size=23
R0 [P2] iter 932: merge done, full_size=313705739
R0 [P2] iter 933 done: global_full_size=313705739
R0 [P2] iter 933: PRE-JOIN GPU mem: 81.8GB free / 85.1GB total | delta_size=23 full_size=313705739
R0 [P2] iter 933: join done, raw=22 result_size=22
R0 [P2] iter 933: split done, delta_size=22
R0 [P2] iter 933: dedup done, delta_size=22
R0 [P2] iter 933: subtract done, delta_size=22
R0 [P2] iter 933: merge done, full_size=313705761
R0 [P2] iter 934 done: global_full_size=313705761
R0 [P2] iter 934: PRE-JOIN GPU mem: 81.8GB free / 85.1GB total | delta_size=22 full_size=313705761
R0 [P2] iter 934: join done, raw=21 result_size=21
R0 [P2] iter 934: split done, delta_size=21
R0 [P2] iter 934: dedup done, delta_size=21
R0 [P2] iter 934: subtract done, delta_size=21
R0 [P2] iter 934: merge done, full_size=313705782
R0 [P2] iter 935 done: global_full_size=313705782
R0 [P2] iter 935: PRE-JOIN GPU mem: 81.8GB free / 85.1GB total | delta_size=21 full_size=313705782
R0 [P2] iter 935: join done, raw=20 result_size=20
R0 [P2] iter 935: split done, delta_size=20
R0 [P2] iter 935: dedup done, delta_size=20
R0 [P2] iter 935: subtract done, delta_size=20
R0 [P2] iter 935: merge done, full_size=313705802
R0 [P2] iter 936 done: global_full_size=313705802
R0 [P2] iter 936: PRE-JOIN GPU mem: 81.8GB free / 85.1GB total | delta_size=20 full_size=313705802
R0 [P2] iter 936: join done, raw=19 result_size=19
R0 [P2] iter 936: split done, delta_size=19
R0 [P2] iter 936: dedup done, delta_size=19
R0 [P2] iter 936: subtract done, delta_size=19
R0 [P2] iter 936: merge done, full_size=313705821
R0 [P2] iter 937 done: global_full_size=313705821
R0 [P2] iter 937: PRE-JOIN GPU mem: 81.8GB free / 85.1GB total | delta_size=19 full_size=313705821
R0 [P2] iter 937: join done, raw=18 result_size=18
R0 [P2] iter 937: split done, delta_size=18
R0 [P2] iter 937: dedup done, delta_size=18
R0 [P2] iter 937: subtract done, delta_size=18
R0 [P2] iter 937: merge done, full_size=313705839
R0 [P2] iter 938 done: global_full_size=313705839
R0 [P2] iter 938: PRE-JOIN GPU mem: 81.8GB free / 85.1GB total | delta_size=18 full_size=313705839
R0 [P2] iter 938: join done, raw=17 result_size=17
R0 [P2] iter 938: split done, delta_size=17
R0 [P2] iter 938: dedup done, delta_size=17
R0 [P2] iter 938: subtract done, delta_size=17
R0 [P2] iter 938: merge done, full_size=313705856
R0 [P2] iter 939 done: global_full_size=313705856
R0 [P2] iter 939: PRE-JOIN GPU mem: 81.8GB free / 85.1GB total | delta_size=17 full_size=313705856
R0 [P2] iter 939: join done, raw=16 result_size=16
R0 [P2] iter 939: split done, delta_size=16
R0 [P2] iter 939: dedup done, delta_size=16
R0 [P2] iter 939: subtract done, delta_size=16
R0 [P2] iter 939: merge done, full_size=313705872
R0 [P2] iter 940 done: global_full_size=313705872
R0 [P2] iter 940: PRE-JOIN GPU mem: 81.8GB free / 85.1GB total | delta_size=16 full_size=313705872
R0 [P2] iter 940: join done, raw=15 result_size=15
R0 [P2] iter 940: split done, delta_size=15
R0 [P2] iter 940: dedup done, delta_size=15
R0 [P2] iter 940: subtract done, delta_size=15
R0 [P2] iter 940: merge done, full_size=313705887
R0 [P2] iter 941 done: global_full_size=313705887
R0 [P2] iter 941: PRE-JOIN GPU mem: 81.8GB free / 85.1GB total | delta_size=15 full_size=313705887
R0 [P2] iter 941: join done, raw=14 result_size=14
R0 [P2] iter 941: split done, delta_size=14
R0 [P2] iter 941: dedup done, delta_size=14
R0 [P2] iter 941: subtract done, delta_size=14
R0 [P2] iter 941: merge done, full_size=313705901
R0 [P2] iter 942 done: global_full_size=313705901
R0 [P2] iter 942: PRE-JOIN GPU mem: 81.8GB free / 85.1GB total | delta_size=14 full_size=313705901
R0 [P2] iter 942: join done, raw=13 result_size=13
R0 [P2] iter 942: split done, delta_size=13
R0 [P2] iter 942: dedup done, delta_size=13
R0 [P2] iter 942: subtract done, delta_size=13
R0 [P2] iter 942: merge done, full_size=313705914
R0 [P2] iter 943 done: global_full_size=313705914
R0 [P2] iter 943: PRE-JOIN GPU mem: 81.8GB free / 85.1GB total | delta_size=13 full_size=313705914
R0 [P2] iter 943: join done, raw=12 result_size=12
R0 [P2] iter 943: split done, delta_size=12
R0 [P2] iter 943: dedup done, delta_size=12
R0 [P2] iter 943: subtract done, delta_size=12
R0 [P2] iter 943: merge done, full_size=313705926
R0 [P2] iter 944 done: global_full_size=313705926
R0 [P2] iter 944: PRE-JOIN GPU mem: 81.8GB free / 85.1GB total | delta_size=12 full_size=313705926
R0 [P2] iter 944: join done, raw=11 result_size=11
R0 [P2] iter 944: split done, delta_size=11
R0 [P2] iter 944: dedup done, delta_size=11
R0 [P2] iter 944: subtract done, delta_size=11
R0 [P2] iter 944: merge done, full_size=313705937
R0 [P2] iter 945 done: global_full_size=313705937
R0 [P2] iter 945: PRE-JOIN GPU mem: 81.8GB free / 85.1GB total | delta_size=11 full_size=313705937
R0 [P2] iter 945: join done, raw=10 result_size=10
R0 [P2] iter 945: split done, delta_size=10
R0 [P2] iter 945: dedup done, delta_size=10
R0 [P2] iter 945: subtract done, delta_size=10
R0 [P2] iter 945: merge done, full_size=313705947
R0 [P2] iter 946 done: global_full_size=313705947
R0 [P2] iter 946: PRE-JOIN GPU mem: 81.8GB free / 85.1GB total | delta_size=10 full_size=313705947
R0 [P2] iter 946: join done, raw=9 result_size=9
R0 [P2] iter 946: split done, delta_size=9
R0 [P2] iter 946: dedup done, delta_size=9
R0 [P2] iter 946: subtract done, delta_size=9
R0 [P2] iter 946: merge done, full_size=313705956
R0 [P2] iter 947 done: global_full_size=313705956
R0 [P2] iter 947: PRE-JOIN GPU mem: 81.8GB free / 85.1GB total | delta_size=9 full_size=313705956
R0 [P2] iter 947: join done, raw=8 result_size=8
R0 [P2] iter 947: split done, delta_size=8
R0 [P2] iter 947: dedup done, delta_size=8
R0 [P2] iter 947: subtract done, delta_size=8
R0 [P2] iter 947: merge done, full_size=313705964
R0 [P2] iter 948 done: global_full_size=313705964
R0 [P2] iter 948: PRE-JOIN GPU mem: 81.8GB free / 85.1GB total | delta_size=8 full_size=313705964
R0 [P2] iter 948: join done, raw=7 result_size=7
R0 [P2] iter 948: split done, delta_size=7
R0 [P2] iter 948: dedup done, delta_size=7
R0 [P2] iter 948: subtract done, delta_size=7
R0 [P2] iter 948: merge done, full_size=313705971
R0 [P2] iter 949 done: global_full_size=313705971
R0 [P2] iter 949: PRE-JOIN GPU mem: 81.8GB free / 85.1GB total | delta_size=7 full_size=313705971
R0 [P2] iter 949: join done, raw=6 result_size=6
R0 [P2] iter 949: split done, delta_size=6
R0 [P2] iter 949: dedup done, delta_size=6
R0 [P2] iter 949: subtract done, delta_size=6
R0 [P2] iter 949: merge done, full_size=313705977
R0 [P2] iter 950 done: global_full_size=313705977
R0 [P2] iter 950: PRE-JOIN GPU mem: 81.8GB free / 85.1GB total | delta_size=6 full_size=313705977
R0 [P2] iter 950: join done, raw=5 result_size=5
R0 [P2] iter 950: split done, delta_size=5
R0 [P2] iter 950: dedup done, delta_size=5
R0 [P2] iter 950: subtract done, delta_size=5
R0 [P2] iter 950: merge done, full_size=313705982
R0 [P2] iter 951 done: global_full_size=313705982
R0 [P2] iter 951: PRE-JOIN GPU mem: 81.8GB free / 85.1GB total | delta_size=5 full_size=313705982
R0 [P2] iter 951: join done, raw=4 result_size=4
R0 [P2] iter 951: split done, delta_size=4
R0 [P2] iter 951: dedup done, delta_size=4
R0 [P2] iter 951: subtract done, delta_size=4
R0 [P2] iter 951: merge done, full_size=313705986
R0 [P2] iter 952 done: global_full_size=313705986
R0 [P2] iter 952: PRE-JOIN GPU mem: 81.8GB free / 85.1GB total | delta_size=4 full_size=313705986
R0 [P2] iter 952: join done, raw=3 result_size=3
R0 [P2] iter 952: split done, delta_size=3
R0 [P2] iter 952: dedup done, delta_size=3
R0 [P2] iter 952: subtract done, delta_size=3
R0 [P2] iter 952: merge done, full_size=313705989
R0 [P2] iter 953 done: global_full_size=313705989
R0 [P2] iter 953: PRE-JOIN GPU mem: 81.8GB free / 85.1GB total | delta_size=3 full_size=313705989
R0 [P2] iter 953: join done, raw=2 result_size=2
R0 [P2] iter 953: split done, delta_size=2
R0 [P2] iter 953: dedup done, delta_size=2
R0 [P2] iter 953: subtract done, delta_size=2
R0 [P2] iter 953: merge done, full_size=313705991
R0 [P2] iter 954 done: global_full_size=313705991
R0 [P2] iter 954: PRE-JOIN GPU mem: 81.8GB free / 85.1GB total | delta_size=2 full_size=313705991
R0 [P2] iter 954: join done, raw=1 result_size=1
R0 [P2] iter 954: split done, delta_size=1
R0 [P2] iter 954: dedup done, delta_size=1
R0 [P2] iter 954: subtract done, delta_size=1
R0 [P2] iter 954: merge done, full_size=313705992
R0 [P2] iter 955 done: global_full_size=313705992
R0 [P2] iter 955: PRE-JOIN GPU mem: 81.8GB free / 85.1GB total | delta_size=1 full_size=313705992
R0 [P2] iter 955: join done, raw=0 result_size=0
R0 [P2] iter 955: split done, delta_size=0
R0 [P2] iter 955: dedup done, delta_size=0
R0 [P2] iter 955: subtract done, delta_size=0
R0 [P2] iter 956 done: global_full_size=313705992
Phase 2: 58.6337s | TC(g^k) = 313705992 tuples, 956 iterations
  Join: 2.2212s | Dedup: 0.7050s | Subtract: 3.7504s | Merge: 48.4074s | HT build: 0.0023s
  Comm: 2.7519s
Phase 1: 0.2187s | seed_size=12369181 (length 1), g^k_size=12369181
Phase 2: 58.6337s | TC(g^k) = 313705992 tuples, 956 iterations
  Join: 2.2212s | Dedup: 0.7050s | Subtract: 3.7504s | Merge: 48.4074s | HT build: 0.0023s
  Comm: 2.7519s
Phase 3: 0.0000s (skipped — single GPU)
─────────────────────────────────────
Total: 58.8524s | TC size: 313705992
