R2 [P1] parallel_read done: row_size=34501 total_rows=552020
R3 [P1] parallel_read done: row_size=34502 total_rows=552020
R9 [P1] parallel_read done: row_size=34501 total_rows=552020
R6 [P1] parallel_read done: row_size=34501 total_rows=552020
R0 [P1] parallel_read done: row_size=34501 total_rows=552020
R12 [P1] parallel_read done: row_size=34501 total_rows=552020
R8 [P1] parallel_read done: row_size=34501 total_rows=552020
R7 [P1] parallel_read done: row_size=34502 total_rows=552020
R1 [P1] parallel_read done: row_size=34501 total_rows=552020
R13 [P1] parallel_read done: row_size=34501 total_rows=552020
R11 [P1] parallel_read done: row_size=34502 total_rows=552020
R5 [P1] parallel_read done: row_size=34501 total_rows=552020
R14 [P1] parallel_read done: row_size=34501 total_rows=552020
R10 [P1] parallel_read done: row_size=34501 total_rows=552020
R4 [P1] parallel_read done: row_size=34501 total_rows=552020
R15 [P1] parallel_read done: row_size=34502 total_rows=552020
R0 [P1] allgather done
R12 [P1] allgather done
R8 [P1] allgather done
R4 [P1] allgather done
R14 [P1] allgather done
R9 [P1] allgather done
R6 [P1] allgather done
R15 [P1] allgather done
R7 [P1] allgather done
R1 [P1] allgather done
R13 [P1] allgather done
R5 [P1] allgather done
R2 [P1] allgather done
R10 [P1] allgather done
R11 [P1] allgather done
R3 [P1] allgather done
R3 [P1] entity arrays + dedup done: g_size=552020 l_size=552020
R3 [P1] initial HT built: ht_rows=1048576
R11 [P1] entity arrays + dedup done: g_size=552020 l_size=552020
R4 [P1] entity arrays + dedup done: g_size=552020 l_size=552020
R11 [P1] initial HT built: ht_rows=1048576
R4 [P1] initial HT built: ht_rows=1048576
R3 [P1] step 0: seed join done, temp_l_size=2638983
R11 [P1] step 0: seed join done, temp_l_size=2638983
R4 [P1] step 0: g_rev join done, temp_g_rev_size=2638983
R3 [P1] step 0: seed dedup done, l_size=2394934
R11 [P1] step 0: seed dedup done, l_size=2394934
R4 [P1] step 0: g_rev dedup done, g_rev_size=2394934
R3 [P1] step 0: g_rev join done, temp_g_rev_size=2638983
R11 [P1] step 0: g_rev join done, temp_g_rev_size=2638983
R3 [P1] step 0: g_rev dedup done, g_rev_size=2394934
R11 [P1] step 0: g_rev dedup done, g_rev_size=2394934
R4 [P1] step 0: g squared, g_size=2394934 ht_rows=4194304
R9 [P1] entity arrays + dedup done: g_size=552020 l_size=552020
R9 [P1] initial HT built: ht_rows=1048576
R3 [P1] step 0: g squared, g_size=2394934 ht_rows=4194304
R4 [P1] step 1: g_rev join done, temp_g_rev_size=9760524
R9 [P1] step 0: seed join done, temp_l_size=2638983
R11 [P1] step 0: g squared, g_size=2394934 ht_rows=4194304
R9 [P1] step 0: seed dedup done, l_size=2394934
R3 [P1] step 1: seed join done, temp_l_size=9760524
R9 [P1] step 0: g_rev join done, temp_g_rev_size=2638983
R11 [P1] step 1: seed join done, temp_l_size=9760524
R4 [P1] step 1: g_rev dedup done, g_rev_size=8450895
R9 [P1] step 0: g_rev dedup done, g_rev_size=2394934
R3 [P1] step 1: seed dedup done, l_size=8450895
R7 [P1] entity arrays + dedup done: g_size=552020 l_size=552020
R11 [P1] step 1: seed dedup done, l_size=8450895
R7 [P1] initial HT built: ht_rows=1048576
R3 [P1] step 1: g_rev join done, temp_g_rev_size=9760524
R7 [P1] step 0: seed join done, temp_l_size=2638983
R9 [P1] step 0: g squared, g_size=2394934 ht_rows=4194304
R11 [P1] step 1: g_rev join done, temp_g_rev_size=9760524
R7 [P1] step 0: seed dedup done, l_size=2394934
R7 [P1] step 0: g_rev join done, temp_g_rev_size=2638983
R3 [P1] step 1: g_rev dedup done, g_rev_size=8450895
R9 [P1] step 1: g_rev join done, temp_g_rev_size=9760524
R7 [P1] step 0: g_rev dedup done, g_rev_size=2394934
R14 [P1] entity arrays + dedup done: g_size=552020 l_size=552020
R11 [P1] step 1: g_rev dedup done, g_rev_size=8450895
R9 [P1] step 1: g_rev dedup done, g_rev_size=8450895
R14 [P1] initial HT built: ht_rows=1048576
R7 [P1] step 0: g squared, g_size=2394934 ht_rows=4194304
R7 [P1] step 1: seed join done, temp_l_size=9760524
R7 [P1] step 1: seed dedup done, l_size=8450895
R7 [P1] step 1: g_rev join done, temp_g_rev_size=9760524
R14 [P1] step 0: g_rev join done, temp_g_rev_size=2638983
R7 [P1] step 1: g_rev dedup done, g_rev_size=8450895
R13 [P1] entity arrays + dedup done: g_size=552020 l_size=552020
R14 [P1] step 0: g_rev dedup done, g_rev_size=2394934
R1 [P1] entity arrays + dedup done: g_size=552020 l_size=552020
R1 [P1] initial HT built: ht_rows=1048576
R15 [P1] entity arrays + dedup done: g_size=552020 l_size=552020
R13 [P1] initial HT built: ht_rows=1048576
R1 [P1] step 0: seed join done, temp_l_size=2638983
R1 [P1] step 0: seed dedup done, l_size=2394934
R1 [P1] step 0: g_rev join done, temp_g_rev_size=2638983
R1 [P1] step 0: g_rev dedup done, g_rev_size=2394934
R15 [P1] initial HT built: ht_rows=1048576
R1 [P1] step 0: g squared, g_size=2394934 ht_rows=4194304
R1 [P1] step 1: g_rev join done, temp_g_rev_size=9760524
R13 [P1] step 0: seed join done, temp_l_size=2638983
R15 [P1] step 0: seed join done, temp_l_size=2638983
R13 [P1] step 0: seed dedup done, l_size=2394934
R15 [P1] step 0: seed dedup done, l_size=2394934
R1 [P1] step 1: g_rev dedup done, g_rev_size=8450895
R13 [P1] step 0: g_rev join done, temp_g_rev_size=2638983
R14 [P1] step 0: g squared, g_size=2394934 ht_rows=4194304
R15 [P1] step 0: g_rev join done, temp_g_rev_size=2638983
R13 [P1] step 0: g_rev dedup done, g_rev_size=2394934
R15 [P1] step 0: g_rev dedup done, g_rev_size=2394934
R14 [P1] step 1: seed join done, temp_l_size=5422988
R0 [P1] entity arrays + dedup done: g_size=552020 l_size=552020
R0 [P1] initial HT built: ht_rows=1048576
R2 [P1] entity arrays + dedup done: g_size=552020 l_size=552020
R14 [P1] step 1: seed dedup done, l_size=4879490
R2 [P1] initial HT built: ht_rows=1048576
R10 [P1] entity arrays + dedup done: g_size=552020 l_size=552020
R0 [P1] step 0: g_rev join done, temp_g_rev_size=2638983
R6 [P1] entity arrays + dedup done: g_size=552020 l_size=552020
R10 [P1] initial HT built: ht_rows=1048576
R13 [P1] step 0: g squared, g_size=2394934 ht_rows=4194304
R15 [P1] step 0: g squared, g_size=2394934 ht_rows=4194304
R6 [P1] initial HT built: ht_rows=1048576
R2 [P1] step 0: g_rev join done, temp_g_rev_size=2638983
R0 [P1] step 0: g_rev dedup done, g_rev_size=2394934
R10 [P1] step 0: g_rev join done, temp_g_rev_size=2638983
R14 [P1] step 1: g_rev join done, temp_g_rev_size=9760524
R6 [P1] step 0: g_rev join done, temp_g_rev_size=2638983
R2 [P1] step 0: g_rev dedup done, g_rev_size=2394934
R10 [P1] step 0: g_rev dedup done, g_rev_size=2394934
R13 [P1] step 1: g_rev join done, temp_g_rev_size=9760524
R6 [P1] step 0: g_rev dedup done, g_rev_size=2394934
R15 [P1] step 1: seed join done, temp_l_size=9760524
R14 [P1] step 1: g_rev dedup done, g_rev_size=8450895
R0 [P1] step 0: g squared, g_size=2394934 ht_rows=4194304
R13 [P1] step 1: g_rev dedup done, g_rev_size=8450895
R2 [P1] step 0: g squared, g_size=2394934 ht_rows=4194304
R15 [P1] step 1: seed dedup done, l_size=8450895
R10 [P1] step 0: g squared, g_size=2394934 ht_rows=4194304
R6 [P1] step 0: g squared, g_size=2394934 ht_rows=4194304
R0 [P1] step 1: g_rev join done, temp_g_rev_size=9760524
R2 [P1] step 1: seed join done, temp_l_size=5422988
R10 [P1] step 1: seed join done, temp_l_size=5422988
R15 [P1] step 1: g_rev join done, temp_g_rev_size=9760524
R6 [P1] step 1: seed join done, temp_l_size=5422988
R2 [P1] step 1: seed dedup done, l_size=4879490
R10 [P1] step 1: seed dedup done, l_size=4879490
R0 [P1] step 1: g_rev dedup done, g_rev_size=8450895
R6 [P1] step 1: seed dedup done, l_size=4879490
R15 [P1] step 1: g_rev dedup done, g_rev_size=8450895
R8 [P1] entity arrays + dedup done: g_size=552020 l_size=552020
R8 [P1] initial HT built: ht_rows=1048576
R10 [P1] step 1: g_rev join done, temp_g_rev_size=9760524
R2 [P1] step 1: g_rev join done, temp_g_rev_size=9760524
R6 [P1] step 1: g_rev join done, temp_g_rev_size=9760524
R8 [P1] step 0: g_rev join done, temp_g_rev_size=2638983
R8 [P1] step 0: g_rev dedup done, g_rev_size=2394934
R4 [P1] step 1: g squared, g_size=8450895 ht_rows=16777216
R10 [P1] step 1: g_rev dedup done, g_rev_size=8450895
R2 [P1] step 1: g_rev dedup done, g_rev_size=8450895
R6 [P1] step 1: g_rev dedup done, g_rev_size=8450895
R8 [P1] step 0: g squared, g_size=2394934 ht_rows=4194304
R4 [P1] step 2: seed join done, temp_l_size=15779109
R8 [P1] step 1: g_rev join done, temp_g_rev_size=9760524
R3 [P1] step 1: g squared, g_size=8450895 ht_rows=16777216
R11 [P1] step 1: g squared, g_size=8450895 ht_rows=16777216
R4 [P1] step 2: seed dedup done, l_size=14511910
R8 [P1] step 1: g_rev dedup done, g_rev_size=8450895
R9 [P1] step 1: g squared, g_size=8450895 ht_rows=16777216
R3 [P1] step 2: g_rev join done, temp_g_rev_size=61801108
R11 [P1] step 2: g_rev join done, temp_g_rev_size=61801108
R4 [P1] step 2: g_rev join done, temp_g_rev_size=61801108
R9 [P1] step 2: g_rev join done, temp_g_rev_size=61801108
R7 [P1] step 1: g squared, g_size=8450895 ht_rows=16777216
R5 [P1] entity arrays + dedup done: g_size=552020 l_size=552020
R5 [P1] initial HT built: ht_rows=1048576
R5 [P1] step 0: seed join done, temp_l_size=2638983
R5 [P1] step 0: seed dedup done, l_size=2394934
R5 [P1] step 0: g_rev join done, temp_g_rev_size=2638983
R7 [P1] step 2: seed join done, temp_l_size=61801108
R3 [P1] step 2: g_rev dedup done, g_rev_size=53523167
R5 [P1] step 0: g_rev dedup done, g_rev_size=2394934
R11 [P1] step 2: g_rev dedup done, g_rev_size=53523167
R4 [P1] step 2: g_rev dedup done, g_rev_size=53523167
R9 [P1] step 2: g_rev dedup done, g_rev_size=53523167
R5 [P1] step 0: g squared, g_size=2394934 ht_rows=4194304
R5 [P1] step 1: g_rev join done, temp_g_rev_size=9760524
R5 [P1] step 1: g_rev dedup done, g_rev_size=8450895
R1 [P1] step 1: g squared, g_size=8450895 ht_rows=16777216
R7 [P1] step 2: seed dedup done, l_size=53523167
R1 [P1] step 2: g_rev join done, temp_g_rev_size=61801108
R14 [P1] step 1: g squared, g_size=8450895 ht_rows=16777216
R7 [P1] step 2: g_rev join done, temp_g_rev_size=61801108
R13 [P1] step 1: g squared, g_size=8450895 ht_rows=16777216
R12 [P1] entity arrays + dedup done: g_size=552020 l_size=552020
R12 [P1] initial HT built: ht_rows=1048576
R12 [P1] step 0: g_rev join done, temp_g_rev_size=2638983
R15 [P1] step 1: g squared, g_size=8450895 ht_rows=16777216
R0 [P1] step 1: g squared, g_size=8450895 ht_rows=16777216
R13 [P1] step 2: seed join done, temp_l_size=27591910
R14 [P1] step 2: seed join done, temp_l_size=42956956
R12 [P1] step 0: g_rev dedup done, g_rev_size=2394934
R12 [P1] step 0: g squared, g_size=2394934 ht_rows=4194304
R2 [P1] step 1: g squared, g_size=8450895 ht_rows=16777216
R10 [P1] step 1: g squared, g_size=8450895 ht_rows=16777216
R6 [P1] step 1: g squared, g_size=8450895 ht_rows=16777216
R12 [P1] step 1: g_rev join done, temp_g_rev_size=9760524
R1 [P1] step 2: g_rev dedup done, g_rev_size=53523167
R13 [P1] step 2: seed dedup done, l_size=24376682
R15 [P1] step 2: seed join done, temp_l_size=61801108
R0 [P1] step 2: g_rev join done, temp_g_rev_size=61801108
R12 [P1] step 1: g_rev dedup done, g_rev_size=8450895
R7 [P1] step 2: g_rev dedup done, g_rev_size=53523167
R6 [P1] step 2: seed join done, temp_l_size=42956956
R14 [P1] step 2: seed dedup done, l_size=38055530
R8 [P1] step 1: g squared, g_size=8450895 ht_rows=16777216
R10 [P1] step 2: g_rev join done, temp_g_rev_size=61801108
R2 [P1] step 2: g_rev join done, temp_g_rev_size=61801108
R13 [P1] step 2: g_rev join done, temp_g_rev_size=61801108
R8 [P1] step 2: g_rev join done, temp_g_rev_size=61801108
R14 [P1] step 2: g_rev join done, temp_g_rev_size=61801108
R6 [P1] step 2: seed dedup done, l_size=38055530
R0 [P1] step 2: g_rev dedup done, g_rev_size=53523167
R15 [P1] step 2: seed dedup done, l_size=53523167
R10 [P1] step 2: g_rev dedup done, g_rev_size=53523167
R2 [P1] step 2: g_rev dedup done, g_rev_size=53523167
R6 [P1] step 2: g_rev join done, temp_g_rev_size=61801108
R15 [P1] step 2: g_rev join done, temp_g_rev_size=61801108
R13 [P1] step 2: g_rev dedup done, g_rev_size=53523167
R8 [P1] step 2: g_rev dedup done, g_rev_size=53523167
R14 [P1] step 2: g_rev dedup done, g_rev_size=53523167
R5 [P1] step 1: g squared, g_size=8450895 ht_rows=16777216
R6 [P1] step 2: g_rev dedup done, g_rev_size=53523167
R15 [P1] step 2: g_rev dedup done, g_rev_size=53523167
R5 [P1] step 2: seed join done, temp_l_size=27591910
R5 [P1] step 2: seed dedup done, l_size=24376682
R5 [P1] step 2: g_rev join done, temp_g_rev_size=61801108
R12 [P1] step 1: g squared, g_size=8450895 ht_rows=16777216
R12 [P1] step 2: seed join done, temp_l_size=15779109
R5 [P1] step 2: g_rev dedup done, g_rev_size=53523167
R12 [P1] step 2: seed dedup done, l_size=14511910
R12 [P1] step 2: g_rev join done, temp_g_rev_size=61801108
R12 [P1] step 2: g_rev dedup done, g_rev_size=53523167
R11 [P1] step 2: g squared, g_size=53523167 ht_rows=134217728
R3 [P1] step 2: g squared, g_size=53523167 ht_rows=134217728
R9 [P1] step 2: g squared, g_size=53523167 ht_rows=134217728
R4 [P1] step 2: g squared, g_size=53523167 ht_rows=134217728
R9 [P1] step 3: seed join done, temp_l_size=107685966
R11 [P1] step 3: seed join done, temp_l_size=128988812
R7 [P1] step 2: g squared, g_size=53523167 ht_rows=134217728
R0 [P1] step 2: g squared, g_size=53523167 ht_rows=134217728
R9 [P1] step 3: seed dedup done, l_size=78649221
R11 [P1] step 3: seed dedup done, l_size=88204832
R10 [P1] step 2: g squared, g_size=53523167 ht_rows=134217728
R1 [P1] step 2: g squared, g_size=53523167 ht_rows=134217728
R8 [P1] step 2: g squared, g_size=53523167 ht_rows=134217728
R2 [P1] step 2: g squared, g_size=53523167 ht_rows=134217728
R13 [P1] step 2: g squared, g_size=53523167 ht_rows=134217728
R6 [P1] step 2: g squared, g_size=53523167 ht_rows=134217728
R14 [P1] step 2: g squared, g_size=53523167 ht_rows=134217728
R8 [P1] step 3: seed join done, temp_l_size=78689104
R10 [P1] step 3: seed join done, temp_l_size=122454770
R15 [P1] step 2: g squared, g_size=53523167 ht_rows=134217728
R3 [P1] step 3: g_rev join done, temp_g_rev_size=110223506
R8 [P1] step 3: seed dedup done, l_size=67831737
R10 [P1] step 3: seed dedup done, l_size=85505117
R4 [P1] step 3: g_rev join done, temp_g_rev_size=110223506
R3 [P1] step 3: g_rev dedup done, g_rev_size=80845081
R7 [P1] step 3: g_rev join done, temp_g_rev_size=110223506
R5 [P1] step 2: g squared, g_size=53523167 ht_rows=134217728
R13 [P1] step 3: seed join done, temp_l_size=122118551
R12 [P1] step 2: g squared, g_size=53523167 ht_rows=134217728
R4 [P1] step 3: g_rev dedup done, g_rev_size=80845081
R9 [P1] step 3: g_rev join done, temp_g_rev_size=110223506
R0 [P1] step 3: g_rev join done, temp_g_rev_size=110223506
R11 [P1] step 3: g_rev join done, temp_g_rev_size=110223506
R14 [P1] step 3: seed join done, temp_l_size=115605141
R1 [P1] step 3: g_rev join done, temp_g_rev_size=110223506
R7 [P1] step 3: g_rev dedup done, g_rev_size=80845081
R2 [P1] step 3: g_rev join done, temp_g_rev_size=110223506
R13 [P1] step 3: seed dedup done, l_size=85966641
R6 [P1] step 3: g_rev join done, temp_g_rev_size=110223506
R9 [P1] step 3: g_rev dedup done, g_rev_size=80845081
R12 [P1] step 3: seed join done, temp_l_size=128474104
R0 [P1] step 3: g_rev dedup done, g_rev_size=80845081
R11 [P1] step 3: g_rev dedup done, g_rev_size=80845081
R14 [P1] step 3: seed dedup done, l_size=83387692
R1 [P1] step 3: g_rev dedup done, g_rev_size=80845081
R2 [P1] step 3: g_rev dedup done, g_rev_size=80845081
R15 [P1] step 3: seed join done, temp_l_size=110223506
R8 [P1] step 3: g_rev join done, temp_g_rev_size=110223506
R6 [P1] step 3: g_rev dedup done, g_rev_size=80845081
R10 [P1] step 3: g_rev join done, temp_g_rev_size=110223506
R12 [P1] step 3: seed dedup done, l_size=87946227
R15 [P1] step 3: seed dedup done, l_size=80845081
R5 [P1] step 3: g_rev join done, temp_g_rev_size=110223506
R8 [P1] step 3: g_rev dedup done, g_rev_size=80845081
R10 [P1] step 3: g_rev dedup done, g_rev_size=80845081
R5 [P1] step 3: g_rev dedup done, g_rev_size=80845081
R13 [P1] step 3: g_rev join done, temp_g_rev_size=110223506
R14 [P1] step 3: g_rev join done, temp_g_rev_size=110223506
R13 [P1] step 3: g_rev dedup done, g_rev_size=80845081
R12 [P1] step 3: g_rev join done, temp_g_rev_size=110223506
R14 [P1] step 3: g_rev dedup done, g_rev_size=80845081
R15 [P1] step 3: g_rev join done, temp_g_rev_size=110223506
R12 [P1] step 3: g_rev dedup done, g_rev_size=80845081
R15 [P1] step 3: g_rev dedup done, g_rev_size=80845081
R7 [P1] step 3: g squared, g_size=80845081 ht_rows=268435456
R7 [P1] partition filter done: gk_fwd=5118058 gk_rev=5324573
Rank 7 Phase 1: 12.3050s | seed_size=53523167 (length 8), g^k_size=80845081
R7 [P2] dedup full done: full_size=5324573
R7 [P2] delta copy done: delta_size=5324573
R0 [P1] step 3: g squared, g_size=80845081 ht_rows=268435456
R0 [P1] partition filter done: gk_fwd=5154687 gk_rev=4911402
Rank 0 Phase 1: 12.3583s | seed_size=552020 (length 1), g^k_size=80845081
R0 [P2] dedup full done: full_size=4911402
R0 [P2] delta copy done: delta_size=4911402
R11 [P1] step 3: g squared, g_size=80845081 ht_rows=268435456
R11 [P1] partition filter done: gk_fwd=5065437 gk_rev=4816789
Rank 11 Phase 1: 12.3031s | seed_size=88204832 (length 12), g^k_size=80845081
R11 [P2] dedup full done: full_size=4816789
R11 [P2] delta copy done: delta_size=4816789
R3 [P1] step 3: g squared, g_size=80845081 ht_rows=268435456
R3 [P1] partition filter done: gk_fwd=5155458 gk_rev=4820515
Rank 3 Phase 1: 12.3911s | seed_size=8450895 (length 4), g^k_size=80845081
R3 [P2] dedup full done: full_size=4820515
R3 [P2] delta copy done: delta_size=4820515
R6 [P1] step 3: g squared, g_size=80845081 ht_rows=268435456
R6 [P1] partition filter done: gk_fwd=5055410 gk_rev=5137300
Rank 6 Phase 1: 12.4439s | seed_size=38055530 (length 7), g^k_size=80845081
R6 [P2] dedup full done: full_size=5137300
R6 [P2] delta copy done: delta_size=5137300
R2 [P1] step 3: g squared, g_size=80845081 ht_rows=268435456
R2 [P1] partition filter done: gk_fwd=4932775 gk_rev=4518682
Rank 2 Phase 1: 12.4340s | seed_size=4879490 (length 3), g^k_size=80845081
R2 [P2] dedup full done: full_size=4518682
R2 [P2] delta copy done: delta_size=4518682
R8 [P1] step 3: g squared, g_size=80845081 ht_rows=268435456
R8 [P1] partition filter done: gk_fwd=4913709 gk_rev=5150461
Rank 8 Phase 1: 12.4043s | seed_size=67831737 (length 9), g^k_size=80845081
R8 [P2] dedup full done: full_size=5150461
R8 [P2] delta copy done: delta_size=5150461
R4 [P1] step 3: g squared, g_size=80845081 ht_rows=268435456
R4 [P1] partition filter done: gk_fwd=4789027 gk_rev=4886464
Rank 4 Phase 1: 12.5206s | seed_size=14511910 (length 5), g^k_size=80845081
R4 [P2] dedup full done: full_size=4886464
R4 [P2] delta copy done: delta_size=4886464
R1 [P1] step 3: g squared, g_size=80845081 ht_rows=268435456
R1 [P1] partition filter done: gk_fwd=5091009 gk_rev=5304861
Rank 1 Phase 1: 12.5085s | seed_size=2394934 (length 2), g^k_size=80845081
R1 [P2] dedup full done: full_size=5304861
R1 [P2] delta copy done: delta_size=5304861
R10 [P1] step 3: g squared, g_size=80845081 ht_rows=268435456
R10 [P1] partition filter done: gk_fwd=5279928 gk_rev=5201988
Rank 10 Phase 1: 12.4636s | seed_size=85505117 (length 11), g^k_size=80845081
R10 [P2] dedup full done: full_size=5201988
R10 [P2] delta copy done: delta_size=5201988
R9 [P1] step 3: g squared, g_size=80845081 ht_rows=268435456
R9 [P1] partition filter done: gk_fwd=5262497 gk_rev=5334223
Rank 9 Phase 1: 12.5008s | seed_size=78649221 (length 10), g^k_size=80845081
R9 [P2] dedup full done: full_size=5334223
R9 [P2] delta copy done: delta_size=5334223
R5 [P1] step 3: g squared, g_size=80845081 ht_rows=268435456
R13 [P1] step 3: g squared, g_size=80845081 ht_rows=268435456
R5 [P1] partition filter done: gk_fwd=4950359 gk_rev=4688425
Rank 5 Phase 1: 12.5952s | seed_size=24376682 (length 6), g^k_size=80845081
R5 [P2] dedup full done: full_size=4688425
R5 [P2] delta copy done: delta_size=4688425
R13 [P1] partition filter done: gk_fwd=5085635 gk_rev=5332937
Rank 13 Phase 1: 12.5365s | seed_size=85966641 (length 14), g^k_size=80845081
R13 [P2] dedup full done: full_size=5332937
R13 [P2] delta copy done: delta_size=5332937
R15 [P1] step 3: g squared, g_size=80845081 ht_rows=268435456
R15 [P1] partition filter done: gk_fwd=4937235 gk_rev=5723268
Rank 15 Phase 1: 12.6006s | seed_size=80845081 (length 16), g^k_size=80845081
R15 [P2] dedup full done: full_size=5723268
R15 [P2] delta copy done: delta_size=5723268
R14 [P1] step 3: g squared, g_size=80845081 ht_rows=268435456
R14 [P1] partition filter done: gk_fwd=5081204 gk_rev=4760419
Rank 14 Phase 1: 12.6407s | seed_size=83387692 (length 15), g^k_size=80845081
R14 [P2] dedup full done: full_size=4760419
R14 [P2] delta copy done: delta_size=4760419
R7 [P2] HT built: gk_fwd_size=5118058 ht_rows=16777216
R12 [P1] step 3: g squared, g_size=80845081 ht_rows=268435456
R12 [P1] partition filter done: gk_fwd=4972653 gk_rev=4932774
Rank 12 Phase 1: 12.7226s | seed_size=87946227 (length 13), g^k_size=80845081
R12 [P2] dedup full done: full_size=4932774
R12 [P2] delta copy done: delta_size=4932774
R0 [P2] HT built: gk_fwd_size=5154687 ht_rows=16777216
R11 [P2] HT built: gk_fwd_size=5065437 ht_rows=16777216
R6 [P2] HT built: gk_fwd_size=5055410 ht_rows=16777216
R3 [P2] HT built: gk_fwd_size=5155458 ht_rows=16777216
R1 [P2] HT built: gk_fwd_size=5091009 ht_rows=16777216
R10 [P2] HT built: gk_fwd_size=5279928 ht_rows=16777216
R9 [P2] HT built: gk_fwd_size=5262497 ht_rows=16777216
R4 [P2] HT built: gk_fwd_size=4789027 ht_rows=8388608
R2 [P2] HT built: gk_fwd_size=4932775 ht_rows=8388608
R13 [P2] HT built: gk_fwd_size=5085635 ht_rows=16777216
R8 [P2] HT built: gk_fwd_size=4913709 ht_rows=8388608
R5 [P2] HT built: gk_fwd_size=4950359 ht_rows=8388608
R14 [P2] HT built: gk_fwd_size=5081204 ht_rows=16777216
R15 [P2] HT built: gk_fwd_size=4937235 ht_rows=8388608
R12 [P2] HT built: gk_fwd_size=4972653 ht_rows=8388608
R0 [P2] entering loop: global_full_size=80845081
R12 [P2] entering loop: global_full_size=80845081
R8 [P2] entering loop: global_full_size=80845081
R1 [P2] entering loop: global_full_size=80845081
R13 [P2] entering loop: global_full_size=80845081
R9 [P2] entering loop: global_full_size=80845081
R4 [P2] entering loop: global_full_size=80845081
R2 [P2] entering loop: global_full_size=80845081
R14 [P2] entering loop: global_full_size=80845081
R10 [P2] entering loop: global_full_size=80845081
R5 [P2] entering loop: global_full_size=80845081
R3 [P2] entering loop: global_full_size=80845081
R15 [P2] entering loop: global_full_size=80845081
R11 [P2] entering loop: global_full_size=80845081
R6 [P2] entering loop: global_full_size=80845081
R1 [P2] iter 0: PRE-JOIN GPU mem: 83.6GB free / 85.1GB total | delta_size=5304861 full_size=5304861
R12 [P2] iter 0: PRE-JOIN GPU mem: 82.6GB free / 85.1GB total | delta_size=4932774 full_size=4932774
R8 [P2] iter 0: PRE-JOIN GPU mem: 83.0GB free / 85.1GB total | delta_size=5150461 full_size=5150461
R7 [P2] entering loop: global_full_size=80845081
R2 [P2] iter 0: PRE-JOIN GPU mem: 83.6GB free / 85.1GB total | delta_size=4518682 full_size=4518682
R14 [P2] iter 0: PRE-JOIN GPU mem: 82.7GB free / 85.1GB total | delta_size=4760419 full_size=4760419
R11 [P2] iter 0: PRE-JOIN GPU mem: 82.6GB free / 85.1GB total | delta_size=4816789 full_size=4816789
R5 [P2] iter 0: PRE-JOIN GPU mem: 83.4GB free / 85.1GB total | delta_size=4688425 full_size=4688425
R3 [P2] iter 0: PRE-JOIN GPU mem: 83.5GB free / 85.1GB total | delta_size=4820515 full_size=4820515
R13 [P2] iter 0: PRE-JOIN GPU mem: 82.6GB free / 85.1GB total | delta_size=5332937 full_size=5332937
R9 [P2] iter 0: PRE-JOIN GPU mem: 82.7GB free / 85.1GB total | delta_size=5334223 full_size=5334223
R4 [P2] iter 0: PRE-JOIN GPU mem: 83.5GB free / 85.1GB total | delta_size=4886464 full_size=4886464
R0 [P2] iter 0: PRE-JOIN GPU mem: 83.6GB free / 85.1GB total | delta_size=4911402 full_size=4911402
R15 [P2] iter 0: PRE-JOIN GPU mem: 82.8GB free / 85.1GB total | delta_size=5723268 full_size=5723268
R10 [P2] iter 0: PRE-JOIN GPU mem: 82.6GB free / 85.1GB total | delta_size=5201988 full_size=5201988
R7 [P2] iter 0: PRE-JOIN GPU mem: 83.1GB free / 85.1GB total | delta_size=5324573 full_size=5324573
R6 [P2] iter 0: PRE-JOIN GPU mem: 83.2GB free / 85.1GB total | delta_size=5137300 full_size=5137300
R6 [P2] iter 0: join done, raw=5183608 result_size=5052011
R0 [P2] iter 0: join done, raw=3436850 result_size=3379910
R11 [P2] iter 0: join done, raw=3237583 result_size=3206039
R3 [P2] iter 0: join done, raw=3317526 result_size=3252359
R14 [P2] iter 0: join done, raw=4800852 result_size=4759224
R7 [P2] iter 0: join done, raw=3148028 result_size=3082486
R9 [P2] iter 0: join done, raw=3794183 result_size=3775899
R1 [P2] iter 0: join done, raw=3655158 result_size=3600203
R10 [P2] iter 0: join done, raw=4339598 result_size=4189652
R13 [P2] iter 0: join done, raw=3372000 result_size=3354260
R2 [P2] iter 0: join done, raw=3393686 result_size=3339859
R5 [P2] iter 0: join done, raw=5059756 result_size=5009212
R4 [P2] iter 0: join done, raw=2164670 result_size=2159847
R8 [P2] iter 0: join done, raw=3630496 result_size=3614966
R15 [P2] iter 0: join done, raw=4822710 result_size=4677827
R12 [P2] iter 0: join done, raw=2270891 result_size=2267211
R4 [P2] iter 0: split done, delta_size=3516953
R2 [P2] iter 0: split done, delta_size=3337196
R3 [P2] iter 0: split done, delta_size=3355564
R8 [P2] iter 0: split done, delta_size=3351484
R5 [P2] iter 0: split done, delta_size=3540718
R7 [P2] iter 0: split done, delta_size=3740443
R1 [P2] iter 0: split done, delta_size=4028690
R0 [P2] iter 0: split done, delta_size=3614998
R11 [P2] iter 0: split done, delta_size=3828708
R6 [P2] iter 0: split done, delta_size=3754734
R10 [P2] iter 0: split done, delta_size=3886608
R9 [P2] iter 0: split done, delta_size=3765950
R4 [P2] iter 0: dedup done, delta_size=2817518
R2 [P2] iter 0: dedup done, delta_size=2681702
R3 [P2] iter 0: dedup done, delta_size=2698409
R5 [P2] iter 0: dedup done, delta_size=2894909
R8 [P2] iter 0: dedup done, delta_size=2716058
R4 [P2] iter 0: subtract done, delta_size=2148454
R14 [P2] iter 0: split done, delta_size=3599846
R12 [P2] iter 0: split done, delta_size=3379946
R13 [P2] iter 0: split done, delta_size=3865376
R2 [P2] iter 0: subtract done, delta_size=1986102
R8 [P2] iter 0: subtract done, delta_size=1925713
R3 [P2] iter 0: subtract done, delta_size=2003747
R5 [P2] iter 0: subtract done, delta_size=2146319
R11 [P2] iter 0: dedup done, delta_size=3032819
R7 [P2] iter 0: dedup done, delta_size=2964496
R0 [P2] iter 0: dedup done, delta_size=2930369
R6 [P2] iter 0: dedup done, delta_size=3011755
R1 [P2] iter 0: dedup done, delta_size=3223646
R8 [P2] iter 0: merge done, full_size=7076174
R4 [P2] iter 0: merge done, full_size=7034918
R15 [P2] iter 0: split done, delta_size=4153751
R9 [P2] iter 0: dedup done, delta_size=3022987
R7 [P2] iter 0: subtract done, delta_size=2190959
R2 [P2] iter 0: merge done, full_size=6504784
R6 [P2] iter 0: subtract done, delta_size=2234004
R10 [P2] iter 0: dedup done, delta_size=3117236
R11 [P2] iter 0: subtract done, delta_size=2255372
R3 [P2] iter 0: merge done, full_size=6824262
R0 [P2] iter 0: subtract done, delta_size=2208857
R1 [P2] iter 0: subtract done, delta_size=2391235
R5 [P2] iter 0: merge done, full_size=6834744
R10 [P2] iter 0: subtract done, delta_size=2252323
R9 [P2] iter 0: subtract done, delta_size=2156174
R11 [P2] iter 0: merge done, full_size=7072161
R7 [P2] iter 0: merge done, full_size=7515532
R0 [P2] iter 0: merge done, full_size=7120259
R6 [P2] iter 0: merge done, full_size=7371304
R1 [P2] iter 0: merge done, full_size=7696096
R10 [P2] iter 0: merge done, full_size=7454311
R9 [P2] iter 0: merge done, full_size=7490397
R12 [P2] iter 0: dedup done, delta_size=2707015
R14 [P2] iter 0: dedup done, delta_size=2870606
R13 [P2] iter 0: dedup done, delta_size=3033334
R12 [P2] iter 0: subtract done, delta_size=2050714
R14 [P2] iter 0: subtract done, delta_size=2147365
R13 [P2] iter 0: subtract done, delta_size=2203375
R12 [P2] iter 0: merge done, full_size=6983488
R14 [P2] iter 0: merge done, full_size=6907784
R15 [P2] iter 0: dedup done, delta_size=3266787
R13 [P2] iter 0: merge done, full_size=7536312
R15 [P2] iter 0: subtract done, delta_size=2389600
R15 [P2] iter 0: merge done, full_size=8112868
R0 [P2] iter 1 done: global_full_size=115535394
R12 [P2] iter 1 done: global_full_size=115535394
R8 [P2] iter 1 done: global_full_size=115535394
R4 [P2] iter 1 done: global_full_size=115535394
R1 [P2] iter 1 done: global_full_size=115535394
R1 [P2] iter 1: PRE-JOIN GPU mem: 84.4GB free / 85.1GB total | delta_size=2391235 full_size=7696096
R13 [P2] iter 1 done: global_full_size=115535394
R9 [P2] iter 1 done: global_full_size=115535394
R5 [P2] iter 1 done: global_full_size=115535394
R2 [P2] iter 1 done: global_full_size=115535394
R14 [P2] iter 1 done: global_full_size=115535394
R14 [P2] iter 1: PRE-JOIN GPU mem: 83.5GB free / 85.1GB total | delta_size=2147365 full_size=6907784
R10 [P2] iter 1 done: global_full_size=115535394
R6 [P2] iter 1 done: global_full_size=115535394
R3 [P2] iter 1 done: global_full_size=115535394
R3 [P2] iter 1: PRE-JOIN GPU mem: 84.3GB free / 85.1GB total | delta_size=2003747 full_size=6824262
R15 [P2] iter 1 done: global_full_size=115535394
R15 [P2] iter 1: PRE-JOIN GPU mem: 83.6GB free / 85.1GB total | delta_size=2389600 full_size=8112868
R11 [P2] iter 1 done: global_full_size=115535394
R11 [P2] iter 1: PRE-JOIN GPU mem: 83.4GB free / 85.1GB total | delta_size=2255372 full_size=7072161
R7 [P2] iter 1 done: global_full_size=115535394
R7 [P2] iter 1: PRE-JOIN GPU mem: 83.9GB free / 85.1GB total | delta_size=2190959 full_size=7515532
R0 [P2] iter 1: PRE-JOIN GPU mem: 84.4GB free / 85.1GB total | delta_size=2208857 full_size=7120259
R12 [P2] iter 1: PRE-JOIN GPU mem: 83.5GB free / 85.1GB total | delta_size=2050714 full_size=6983488
R8 [P2] iter 1: PRE-JOIN GPU mem: 83.9GB free / 85.1GB total | delta_size=1925713 full_size=7076174
R4 [P2] iter 1: PRE-JOIN GPU mem: 84.4GB free / 85.1GB total | delta_size=2148454 full_size=7034918
R2 [P2] iter 1: PRE-JOIN GPU mem: 84.5GB free / 85.1GB total | delta_size=1986102 full_size=6504784
R13 [P2] iter 1: PRE-JOIN GPU mem: 83.4GB free / 85.1GB total | delta_size=2203375 full_size=7536312
R9 [P2] iter 1: PRE-JOIN GPU mem: 83.6GB free / 85.1GB total | delta_size=2156174 full_size=7490397
R5 [P2] iter 1: PRE-JOIN GPU mem: 84.3GB free / 85.1GB total | delta_size=2146319 full_size=6834744
R10 [P2] iter 1: PRE-JOIN GPU mem: 83.4GB free / 85.1GB total | delta_size=2252323 full_size=7454311
R6 [P2] iter 1: PRE-JOIN GPU mem: 84.1GB free / 85.1GB total | delta_size=2234004 full_size=7371304
R6 [P2] iter 1: join done, raw=2565109 result_size=2561886
R11 [P2] iter 1: join done, raw=3426790 result_size=3403688
R3 [P2] iter 1: join done, raw=2537817 result_size=2532875
R7 [P2] iter 1: join done, raw=2620216 result_size=2612629
R9 [P2] iter 1: join done, raw=2626236 result_size=2585754
R0 [P2] iter 1: join done, raw=2464854 result_size=2459135
R13 [P2] iter 1: join done, raw=4949769 result_size=4896493
R14 [P2] iter 1: join done, raw=3623973 result_size=3594415
R1 [P2] iter 1: join done, raw=4633077 result_size=4586405
R10 [P2] iter 1: join done, raw=4415450 result_size=4262130
R2 [P2] iter 1: join done, raw=3453469 result_size=3442395
R5 [P2] iter 1: join done, raw=4758824 result_size=4503375
R4 [P2] iter 1: join done, raw=1932509 result_size=1927437
R8 [P2] iter 1: join done, raw=4246060 result_size=4214061
R12 [P2] iter 1: join done, raw=4461462 result_size=4362897
R15 [P2] iter 1: join done, raw=3621822 result_size=3580721
R11 [P2] iter 1: split done, delta_size=3385361
R4 [P2] iter 1: split done, delta_size=3271899
R15 [P2] iter 1: split done, delta_size=3652218
R9 [P2] iter 1: split done, delta_size=3522361
R6 [P2] iter 1: split done, delta_size=3578906
R14 [P2] iter 1: split done, delta_size=3401859
R10 [P2] iter 1: split done, delta_size=3396702
R8 [P2] iter 1: split done, delta_size=3097137
R5 [P2] iter 1: split done, delta_size=3398988
R13 [P2] iter 1: split done, delta_size=3609970
R12 [P2] iter 1: split done, delta_size=3138030
R7 [P2] iter 1: split done, delta_size=4056200
R4 [P2] iter 1: dedup done, delta_size=2606614
R11 [P2] iter 1: dedup done, delta_size=2728487
R15 [P2] iter 1: dedup done, delta_size=2916932
R9 [P2] iter 1: dedup done, delta_size=2866262
R4 [P2] iter 1: subtract done, delta_size=1803453
R6 [P2] iter 1: dedup done, delta_size=2850878
R14 [P2] iter 1: dedup done, delta_size=2686347
R10 [P2] iter 1: dedup done, delta_size=2713992
R15 [P2] iter 1: subtract done, delta_size=1935123
R11 [P2] iter 1: subtract done, delta_size=1859873
R9 [P2] iter 1: subtract done, delta_size=1990185
R6 [P2] iter 1: subtract done, delta_size=1959087
R8 [P2] iter 1: dedup done, delta_size=2502312
R14 [P2] iter 1: subtract done, delta_size=1888821
R10 [P2] iter 1: subtract done, delta_size=1835019
R12 [P2] iter 1: dedup done, delta_size=2536849
R4 [P2] iter 1: merge done, full_size=8838371
R13 [P2] iter 1: dedup done, delta_size=2889038
R3 [P2] iter 1: split done, delta_size=3499521
R5 [P2] iter 1: dedup done, delta_size=2736241
R7 [P2] iter 1: dedup done, delta_size=3253646
R8 [P2] iter 1: subtract done, delta_size=1739206
R6 [P2] iter 1: merge done, full_size=9330391
R11 [P2] iter 1: merge done, full_size=8932034
R15 [P2] iter 1: merge done, full_size=10047991
R5 [P2] iter 1: subtract done, delta_size=1928967
R14 [P2] iter 1: merge done, full_size=8796605
R12 [P2] iter 1: subtract done, delta_size=1781499
R9 [P2] iter 1: merge done, full_size=9480582
R13 [P2] iter 1: subtract done, delta_size=1995781
R10 [P2] iter 1: merge done, full_size=9289330
R7 [P2] iter 1: subtract done, delta_size=2245406
R8 [P2] iter 1: merge done, full_size=8815380
R5 [P2] iter 1: merge done, full_size=8763711
R12 [P2] iter 1: merge done, full_size=8764987
R13 [P2] iter 1: merge done, full_size=9532093
R7 [P2] iter 1: merge done, full_size=9760938
R0 [P2] iter 1: split done, delta_size=3450935
R1 [P2] iter 1: split done, delta_size=3949927
R2 [P2] iter 1: split done, delta_size=3116282
R3 [P2] iter 1: dedup done, delta_size=2722124
R0 [P2] iter 1: dedup done, delta_size=2773796
R1 [P2] iter 1: dedup done, delta_size=3110277
R2 [P2] iter 1: dedup done, delta_size=2503025
R3 [P2] iter 1: subtract done, delta_size=1843310
R0 [P2] iter 1: subtract done, delta_size=1925838
R1 [P2] iter 1: subtract done, delta_size=2121033
R2 [P2] iter 1: subtract done, delta_size=1776429
R2 [P2] iter 1: merge done, full_size=8281213
R3 [P2] iter 1: merge done, full_size=8667572
R1 [P2] iter 1: merge done, full_size=9817129
R0 [P2] iter 1: merge done, full_size=9046097
R0 [P2] iter 2 done: global_full_size=146164424
R1 [P2] iter 2 done: global_full_size=146164424
R2 [P2] iter 2 done: global_full_size=146164424
R3 [P2] iter 2 done: global_full_size=146164424
R0 [P2] iter 2: PRE-JOIN GPU mem: 84.4GB free / 85.1GB total | delta_size=1925838 full_size=9046097
R1 [P2] iter 2: PRE-JOIN GPU mem: 84.4GB free / 85.1GB total | delta_size=2121033 full_size=9817129
R2 [P2] iter 2: PRE-JOIN GPU mem: 84.4GB free / 85.1GB total | delta_size=1776429 full_size=8281213
R4 [P2] iter 2 done: global_full_size=146164424
R3 [P2] iter 2: PRE-JOIN GPU mem: 84.3GB free / 85.1GB total | delta_size=1843310 full_size=8667572
R12 [P2] iter 2 done: global_full_size=146164424
R8 [P2] iter 2 done: global_full_size=146164424
R5 [P2] iter 2 done: global_full_size=146164424
R5 [P2] iter 2: PRE-JOIN GPU mem: 84.3GB free / 85.1GB total | delta_size=1928967 full_size=8763711
R13 [P2] iter 2 done: global_full_size=146164424
R9 [P2] iter 2 done: global_full_size=146164424
R6 [P2] iter 2 done: global_full_size=146164424
R14 [P2] iter 2 done: global_full_size=146164424
R10 [P2] iter 2 done: global_full_size=146164424
R7 [P2] iter 2 done: global_full_size=146164424
R7 [P2] iter 2: PRE-JOIN GPU mem: 83.9GB free / 85.1GB total | delta_size=2245406 full_size=9760938
R15 [P2] iter 2 done: global_full_size=146164424
R15 [P2] iter 2: PRE-JOIN GPU mem: 83.6GB free / 85.1GB total | delta_size=1935123 full_size=10047991
R11 [P2] iter 2 done: global_full_size=146164424
R11 [P2] iter 2: PRE-JOIN GPU mem: 83.4GB free / 85.1GB total | delta_size=1859873 full_size=8932034
R4 [P2] iter 2: PRE-JOIN GPU mem: 84.4GB free / 85.1GB total | delta_size=1803453 full_size=8838371
R12 [P2] iter 2: PRE-JOIN GPU mem: 83.5GB free / 85.1GB total | delta_size=1781499 full_size=8764987
R8 [P2] iter 2: PRE-JOIN GPU mem: 83.9GB free / 85.1GB total | delta_size=1739206 full_size=8815380
R6 [P2] iter 2: PRE-JOIN GPU mem: 84.1GB free / 85.1GB total | delta_size=1959087 full_size=9330391
R13 [P2] iter 2: PRE-JOIN GPU mem: 83.4GB free / 85.1GB total | delta_size=1995781 full_size=9532093
R9 [P2] iter 2: PRE-JOIN GPU mem: 83.5GB free / 85.1GB total | delta_size=1990185 full_size=9480582
R14 [P2] iter 2: PRE-JOIN GPU mem: 83.5GB free / 85.1GB total | delta_size=1888821 full_size=8796605
R10 [P2] iter 2: PRE-JOIN GPU mem: 83.4GB free / 85.1GB total | delta_size=1835019 full_size=9289330
R6 [P2] iter 2: join done, raw=2926948 result_size=2887400
R9 [P2] iter 2: join done, raw=1696246 result_size=1687165
R13 [P2] iter 2: join done, raw=3198166 result_size=3180886
R3 [P2] iter 2: join done, raw=2844292 result_size=2830075
R0 [P2] iter 2: join done, raw=1886504 result_size=1883523
R11 [P2] iter 2: join done, raw=3483858 result_size=3460515
R14 [P2] iter 2: join done, raw=2862454 result_size=2858921
R7 [P2] iter 2: join done, raw=4630680 result_size=4563096
R1 [P2] iter 2: join done, raw=3520622 result_size=3483482
R10 [P2] iter 2: join done, raw=3259970 result_size=3192390
R5 [P2] iter 2: join done, raw=4041565 result_size=4031994
R15 [P2] iter 2: join done, raw=2693418 result_size=2627617
R2 [P2] iter 2: join done, raw=2414289 result_size=2408884
R4 [P2] iter 2: join done, raw=4210566 result_size=4015160
R8 [P2] iter 2: join done, raw=3311509 result_size=3280606
R12 [P2] iter 2: join done, raw=3571951 result_size=3544281
R6 [P2] iter 2: split done, delta_size=3070818
R2 [P2] iter 2: split done, delta_size=2891501
R14 [P2] iter 2: split done, delta_size=2735788
R13 [P2] iter 2: split done, delta_size=3297053
R3 [P2] iter 2: split done, delta_size=2805601
R0 [P2] iter 2: split done, delta_size=3019314
R1 [P2] iter 2: split done, delta_size=3506228
R15 [P2] iter 2: split done, delta_size=3670941
R5 [P2] iter 2: split done, delta_size=3180496
R12 [P2] iter 2: split done, delta_size=2810079
R2 [P2] iter 2: dedup done, delta_size=2315661
R6 [P2] iter 2: dedup done, delta_size=2495108
R7 [P2] iter 2: split done, delta_size=3006674
R14 [P2] iter 2: dedup done, delta_size=2203819
R8 [P2] iter 2: split done, delta_size=2905130
R11 [P2] iter 2: split done, delta_size=2802208
R6 [P2] iter 2: subtract done, delta_size=1480796
R2 [P2] iter 2: subtract done, delta_size=1448301
R13 [P2] iter 2: dedup done, delta_size=2672191
R9 [P2] iter 2: split done, delta_size=3834630
R10 [P2] iter 2: split done, delta_size=3087717
R3 [P2] iter 2: dedup done, delta_size=2269983
R14 [P2] iter 2: subtract done, delta_size=1277411
R4 [P2] iter 2: split done, delta_size=3311817
R6 [P2] iter 2: merge done, full_size=10811187
R0 [P2] iter 2: dedup done, delta_size=2456501
R1 [P2] iter 2: dedup done, delta_size=2816511
R5 [P2] iter 2: dedup done, delta_size=2572332
R15 [P2] iter 2: dedup done, delta_size=2874852
R12 [P2] iter 2: dedup done, delta_size=2275141
R3 [P2] iter 2: subtract done, delta_size=1308663
R2 [P2] iter 2: merge done, full_size=9729514
R7 [P2] iter 2: dedup done, delta_size=2448165
R13 [P2] iter 2: subtract done, delta_size=1600674
R5 [P2] iter 2: subtract done, delta_size=1637028
R0 [P2] iter 2: subtract done, delta_size=1460888
R1 [P2] iter 2: subtract done, delta_size=1626622
R14 [P2] iter 2: merge done, full_size=10074016
R7 [P2] iter 2: subtract done, delta_size=1482505
R15 [P2] iter 2: subtract done, delta_size=1704893
R12 [P2] iter 2: subtract done, delta_size=1298119
R3 [P2] iter 2: merge done, full_size=9976235
R5 [P2] iter 2: merge done, full_size=10400739
R13 [P2] iter 2: merge done, full_size=11132767
R0 [P2] iter 2: merge done, full_size=10506985
R1 [P2] iter 2: merge done, full_size=11443751
R7 [P2] iter 2: merge done, full_size=11243443
R4 [P2] iter 2: dedup done, delta_size=2668287
R12 [P2] iter 2: merge done, full_size=10063106
R15 [P2] iter 2: merge done, full_size=11752884
R4 [P2] iter 2: subtract done, delta_size=1662932
R4 [P2] iter 2: merge done, full_size=10501303
R8 [P2] iter 2: dedup done, delta_size=2368351
R8 [P2] iter 2: subtract done, delta_size=1444967
R11 [P2] iter 2: dedup done, delta_size=2304300
R9 [P2] iter 2: dedup done, delta_size=3043554
R10 [P2] iter 2: dedup done, delta_size=2557417
R11 [P2] iter 2: subtract done, delta_size=1406586
R9 [P2] iter 2: subtract done, delta_size=1922434
R10 [P2] iter 2: subtract done, delta_size=1550203
R8 [P2] iter 2: merge done, full_size=10260347
R11 [P2] iter 2: merge done, full_size=10338620
R10 [P2] iter 2: merge done, full_size=10839533
R9 [P2] iter 2: merge done, full_size=11403016
R8 [P2] iter 3 done: global_full_size=170477446
R9 [P2] iter 3 done: global_full_size=170477446
R10 [P2] iter 3 done: global_full_size=170477446
R11 [P2] iter 3 done: global_full_size=170477446
R0 [P2] iter 3 done: global_full_size=170477446
R12 [P2] iter 3 done: global_full_size=170477446
R4 [P2] iter 3 done: global_full_size=170477446
R1 [P2] iter 3 done: global_full_size=170477446
R13 [P2] iter 3 done: global_full_size=170477446
R5 [P2] iter 3 done: global_full_size=170477446
R2 [P2] iter 3 done: global_full_size=170477446
R14 [P2] iter 3 done: global_full_size=170477446
R6 [P2] iter 3 done: global_full_size=170477446
R3 [P2] iter 3 done: global_full_size=170477446
R3 [P2] iter 3: PRE-JOIN GPU mem: 84.3GB free / 85.1GB total | delta_size=1308663 full_size=9976235
R15 [P2] iter 3 done: global_full_size=170477446
R7 [P2] iter 3 done: global_full_size=170477446
R7 [P2] iter 3: PRE-JOIN GPU mem: 83.9GB free / 85.1GB total | delta_size=1482505 full_size=11243443
R0 [P2] iter 3: PRE-JOIN GPU mem: 84.4GB free / 85.1GB total | delta_size=1460888 full_size=10506985
R12 [P2] iter 3: PRE-JOIN GPU mem: 83.4GB free / 85.1GB total | delta_size=1298119 full_size=10063106
R4 [P2] iter 3: PRE-JOIN GPU mem: 84.3GB free / 85.1GB total | delta_size=1662932 full_size=10501303
R1 [P2] iter 3: PRE-JOIN GPU mem: 84.4GB free / 85.1GB total | delta_size=1626622 full_size=11443751
R13 [P2] iter 3: PRE-JOIN GPU mem: 83.4GB free / 85.1GB total | delta_size=1600674 full_size=11132767
R5 [P2] iter 3: PRE-JOIN GPU mem: 84.2GB free / 85.1GB total | delta_size=1637028 full_size=10400739
R2 [P2] iter 3: PRE-JOIN GPU mem: 84.4GB free / 85.1GB total | delta_size=1448301 full_size=9729514
R14 [P2] iter 3: PRE-JOIN GPU mem: 83.5GB free / 85.1GB total | delta_size=1277411 full_size=10074016
R6 [P2] iter 3: PRE-JOIN GPU mem: 84.1GB free / 85.1GB total | delta_size=1480796 full_size=10811187
R15 [P2] iter 3: PRE-JOIN GPU mem: 83.6GB free / 85.1GB total | delta_size=1704893 full_size=11752884
R8 [P2] iter 3: PRE-JOIN GPU mem: 83.8GB free / 85.1GB total | delta_size=1444967 full_size=10260347
R9 [P2] iter 3: PRE-JOIN GPU mem: 83.5GB free / 85.1GB total | delta_size=1922434 full_size=11403016
R10 [P2] iter 3: PRE-JOIN GPU mem: 83.4GB free / 85.1GB total | delta_size=1550203 full_size=10839533
R11 [P2] iter 3: PRE-JOIN GPU mem: 83.4GB free / 85.1GB total | delta_size=1406586 full_size=10338620
R6 [P2] iter 3: join done, raw=2650784 result_size=2605021
R0 [P2] iter 3: join done, raw=2370631 result_size=2359709
R3 [P2] iter 3: join done, raw=2136997 result_size=2111639
R7 [P2] iter 3: join done, raw=3563121 result_size=3501902
R13 [P2] iter 3: join done, raw=2730877 result_size=2693885
R14 [P2] iter 3: join done, raw=3242107 result_size=3222888
R1 [P2] iter 3: join done, raw=4258877 result_size=4174608
R5 [P2] iter 3: join done, raw=3275039 result_size=3269985
R2 [P2] iter 3: join done, raw=3551124 result_size=3483783
R4 [P2] iter 3: join done, raw=2014499 result_size=1985490
R11 [P2] iter 3: join done, raw=2893495 result_size=2875024
R9 [P2] iter 3: join done, raw=2705529 result_size=2623571
R10 [P2] iter 3: join done, raw=2648695 result_size=2648337
R15 [P2] iter 3: join done, raw=1255046 result_size=1251531
R12 [P2] iter 3: join done, raw=1341217 result_size=1334200
R8 [P2] iter 3: join done, raw=3878447 result_size=3824590
R0 [P2] iter 3: split done, delta_size=2689360
R1 [P2] iter 3: split done, delta_size=2911759
R9 [P2] iter 3: split done, delta_size=2559007
R15 [P2] iter 3: split done, delta_size=2871665
R13 [P2] iter 3: split done, delta_size=2928633
R11 [P2] iter 3: split done, delta_size=2734396
R3 [P2] iter 3: split done, delta_size=2583575
R6 [P2] iter 3: split done, delta_size=2551023
R2 [P2] iter 3: split done, delta_size=2361294
R14 [P2] iter 3: split done, delta_size=2583225
R10 [P2] iter 3: split done, delta_size=3406891
R8 [P2] iter 3: split done, delta_size=2893841
R12 [P2] iter 3: split done, delta_size=2632715
R4 [P2] iter 3: split done, delta_size=2547897
R7 [P2] iter 3: split done, delta_size=2848319
R5 [P2] iter 3: split done, delta_size=2862563
R0 [P2] iter 3: dedup done, delta_size=2226251
R9 [P2] iter 3: dedup done, delta_size=2121576
R15 [P2] iter 3: dedup done, delta_size=2315714
R1 [P2] iter 3: dedup done, delta_size=2380704
R6 [P2] iter 3: dedup done, delta_size=2098816
R0 [P2] iter 3: subtract done, delta_size=1252597
R11 [P2] iter 3: dedup done, delta_size=2199856
R2 [P2] iter 3: dedup done, delta_size=1941974
R13 [P2] iter 3: dedup done, delta_size=2395345
R9 [P2] iter 3: subtract done, delta_size=1193660
R6 [P2] iter 3: subtract done, delta_size=1242960
R3 [P2] iter 3: dedup done, delta_size=2155201
R14 [P2] iter 3: dedup done, delta_size=2133166
R2 [P2] iter 3: subtract done, delta_size=1148438
R15 [P2] iter 3: subtract done, delta_size=1308998
R8 [P2] iter 3: dedup done, delta_size=2327303
R1 [P2] iter 3: subtract done, delta_size=1370620
R12 [P2] iter 3: dedup done, delta_size=2109084
R13 [P2] iter 3: subtract done, delta_size=1420424
R10 [P2] iter 3: dedup done, delta_size=2699716
R11 [P2] iter 3: subtract done, delta_size=1335101
R3 [P2] iter 3: subtract done, delta_size=1272201
R14 [P2] iter 3: subtract done, delta_size=1309850
R4 [P2] iter 3: dedup done, delta_size=2116417
R0 [P2] iter 3: merge done, full_size=11759582
R5 [P2] iter 3: dedup done, delta_size=2306026
R7 [P2] iter 3: dedup done, delta_size=2323798
R12 [P2] iter 3: subtract done, delta_size=1235991
R9 [P2] iter 3: merge done, full_size=12596676
R8 [P2] iter 3: subtract done, delta_size=1393217
R10 [P2] iter 3: subtract done, delta_size=1595476
R2 [P2] iter 3: merge done, full_size=10877952
R6 [P2] iter 3: merge done, full_size=12054147
R4 [P2] iter 3: subtract done, delta_size=1276584
R15 [P2] iter 3: merge done, full_size=13061882
R13 [P2] iter 3: merge done, full_size=12553191
R1 [P2] iter 3: merge done, full_size=12814371
R3 [P2] iter 3: merge done, full_size=11248436
R5 [P2] iter 3: subtract done, delta_size=1347771
R11 [P2] iter 3: merge done, full_size=11673721
R7 [P2] iter 3: subtract done, delta_size=1369767
R14 [P2] iter 3: merge done, full_size=11383866
R8 [P2] iter 3: merge done, full_size=11653564
R12 [P2] iter 3: merge done, full_size=11299097
R10 [P2] iter 3: merge done, full_size=12435009
R4 [P2] iter 3: merge done, full_size=11777887
R7 [P2] iter 3: merge done, full_size=12613210
R4 [P2] iter 4 done: global_full_size=191551101
R12 [P2] iter 4 done: global_full_size=191551101
R5 [P2] iter 3: merge done, full_size=11748510
R5 [P2] iter 4 done: global_full_size=191551101
R0 [P2] iter 4 done: global_full_size=191551101
R13 [P2] iter 4 done: global_full_size=191551101
R8 [P2] iter 4 done: global_full_size=191551101
R6 [P2] iter 4 done: global_full_size=191551101
R1 [P2] iter 4 done: global_full_size=191551101
R14 [P2] iter 4 done: global_full_size=191551101
R9 [P2] iter 4 done: global_full_size=191551101
R7 [P2] iter 4 done: global_full_size=191551101
R2 [P2] iter 4 done: global_full_size=191551101
R15 [P2] iter 4 done: global_full_size=191551101
R10 [P2] iter 4 done: global_full_size=191551101
R5 [P2] iter 4: PRE-JOIN GPU mem: 84.2GB free / 85.1GB total | delta_size=1347771 full_size=11748510
R3 [P2] iter 4 done: global_full_size=191551101
R12 [P2] iter 4: PRE-JOIN GPU mem: 83.4GB free / 85.1GB total | delta_size=1235991 full_size=11299097
R11 [P2] iter 4 done: global_full_size=191551101
R4 [P2] iter 4: PRE-JOIN GPU mem: 84.3GB free / 85.1GB total | delta_size=1276584 full_size=11777887
R0 [P2] iter 4: PRE-JOIN GPU mem: 84.4GB free / 85.1GB total | delta_size=1252597 full_size=11759582
R13 [P2] iter 4: PRE-JOIN GPU mem: 83.4GB free / 85.1GB total | delta_size=1420424 full_size=12553191
R8 [P2] iter 4: PRE-JOIN GPU mem: 83.8GB free / 85.1GB total | delta_size=1393217 full_size=11653564
R6 [P2] iter 4: PRE-JOIN GPU mem: 84.0GB free / 85.1GB total | delta_size=1242960 full_size=12054147
R1 [P2] iter 4: PRE-JOIN GPU mem: 84.4GB free / 85.1GB total | delta_size=1370620 full_size=12814371
R14 [P2] iter 4: PRE-JOIN GPU mem: 83.5GB free / 85.1GB total | delta_size=1309850 full_size=11383866
R9 [P2] iter 4: PRE-JOIN GPU mem: 83.5GB free / 85.1GB total | delta_size=1193660 full_size=12596676
R7 [P2] iter 4: PRE-JOIN GPU mem: 83.9GB free / 85.1GB total | delta_size=1369767 full_size=12613210
R2 [P2] iter 4: PRE-JOIN GPU mem: 84.4GB free / 85.1GB total | delta_size=1148438 full_size=10877952
R15 [P2] iter 4: PRE-JOIN GPU mem: 83.6GB free / 85.1GB total | delta_size=1308998 full_size=13061882
R10 [P2] iter 4: PRE-JOIN GPU mem: 83.4GB free / 85.1GB total | delta_size=1595476 full_size=12435009
R3 [P2] iter 4: PRE-JOIN GPU mem: 84.3GB free / 85.1GB total | delta_size=1272201 full_size=11248436
R11 [P2] iter 4: PRE-JOIN GPU mem: 83.4GB free / 85.1GB total | delta_size=1335101 full_size=11673721
R6 [P2] iter 4: join done, raw=3374987 result_size=3366692
R7 [P2] iter 4: join done, raw=2311316 result_size=2298333
R0 [P2] iter 4: join done, raw=2510297 result_size=2414033
R13 [P2] iter 4: join done, raw=4135455 result_size=4082468
R3 [P2] iter 4: join done, raw=2878840 result_size=2863874
R11 [P2] iter 4: join done, raw=1986213 result_size=1985303
R14 [P2] iter 4: join done, raw=2890375 result_size=2881792
R1 [P2] iter 4: join done, raw=3060192 result_size=3040012
R9 [P2] iter 4: join done, raw=2041818 result_size=2011676
R10 [P2] iter 4: join done, raw=4469496 result_size=4350894
R2 [P2] iter 4: join done, raw=2029035 result_size=2024152
R4 [P2] iter 4: join done, raw=3435526 result_size=3351721
R5 [P2] iter 4: join done, raw=3472192 result_size=3427129
R8 [P2] iter 4: join done, raw=1590193 result_size=1582046
R15 [P2] iter 4: join done, raw=1541501 result_size=1541081
R12 [P2] iter 4: join done, raw=2391501 result_size=2386510
R6 [P2] iter 4: split done, delta_size=2518917
R3 [P2] iter 4: split done, delta_size=2712057
R14 [P2] iter 4: split done, delta_size=2374920
R11 [P2] iter 4: split done, delta_size=2645819
R5 [P2] iter 4: split done, delta_size=2721749
R4 [P2] iter 4: split done, delta_size=2658798
R9 [P2] iter 4: split done, delta_size=2918166
R2 [P2] iter 4: split done, delta_size=2225832
R15 [P2] iter 4: split done, delta_size=2845513
R12 [P2] iter 4: split done, delta_size=2741593
R8 [P2] iter 4: split done, delta_size=2423158
R0 [P2] iter 4: split done, delta_size=2873031
R1 [P2] iter 4: split done, delta_size=3246661
R7 [P2] iter 4: split done, delta_size=3069617
R13 [P2] iter 4: split done, delta_size=2828133
R10 [P2] iter 4: split done, delta_size=2803752
R6 [P2] iter 4: dedup done, delta_size=2054446
R3 [P2] iter 4: dedup done, delta_size=2177254
R14 [P2] iter 4: dedup done, delta_size=1919937
R3 [P2] iter 4: subtract done, delta_size=1156161
R2 [P2] iter 4: dedup done, delta_size=1876250
R6 [P2] iter 4: subtract done, delta_size=1152092
R14 [P2] iter 4: subtract done, delta_size=994122
R5 [P2] iter 4: dedup done, delta_size=2228380
R4 [P2] iter 4: dedup done, delta_size=2190670
R8 [P2] iter 4: dedup done, delta_size=2025432
R12 [P2] iter 4: dedup done, delta_size=2224598
R7 [P2] iter 4: dedup done, delta_size=2463258
R15 [P2] iter 4: dedup done, delta_size=2359221
R0 [P2] iter 4: dedup done, delta_size=2298311
R11 [P2] iter 4: dedup done, delta_size=2150094
R9 [P2] iter 4: dedup done, delta_size=2348112
R13 [P2] iter 4: dedup done, delta_size=2319874
R2 [P2] iter 4: subtract done, delta_size=983413
R1 [P2] iter 4: dedup done, delta_size=2593622
R10 [P2] iter 4: dedup done, delta_size=2255329
R5 [P2] iter 4: subtract done, delta_size=1214668
R14 [P2] iter 4: merge done, full_size=12377988
R8 [P2] iter 4: subtract done, delta_size=1115916
R4 [P2] iter 4: subtract done, delta_size=1165089
R15 [P2] iter 4: subtract done, delta_size=1236508
R12 [P2] iter 4: subtract done, delta_size=1234162
R6 [P2] iter 4: merge done, full_size=13206239
R3 [P2] iter 4: merge done, full_size=12404597
R0 [P2] iter 4: subtract done, delta_size=1275392
R7 [P2] iter 4: subtract done, delta_size=1321857
R11 [P2] iter 4: subtract done, delta_size=1139267
R13 [P2] iter 4: subtract done, delta_size=1209189
R9 [P2] iter 4: subtract done, delta_size=1260323
R10 [P2] iter 4: subtract done, delta_size=1200128
R1 [P2] iter 4: subtract done, delta_size=1368717
R5 [P2] iter 4: merge done, full_size=12963178
R2 [P2] iter 4: merge done, full_size=11861365
R4 [P2] iter 4: merge done, full_size=12942976
R0 [P2] iter 4: merge done, full_size=13034974
R7 [P2] iter 4: merge done, full_size=13935067
R15 [P2] iter 4: merge done, full_size=14298390
R8 [P2] iter 4: merge done, full_size=12769480
R12 [P2] iter 4: merge done, full_size=12533259
R13 [P2] iter 4: merge done, full_size=13762380
R11 [P2] iter 4: merge done, full_size=12812988
R1 [P2] iter 4: merge done, full_size=14183088
R9 [P2] iter 4: merge done, full_size=13856999
R0 [P2] iter 5 done: global_full_size=210578105
R8 [P2] iter 5 done: global_full_size=210578105
R1 [P2] iter 5 done: global_full_size=210578105
R12 [P2] iter 5 done: global_full_size=210578105
R9 [P2] iter 5 done: global_full_size=210578105
R4 [P2] iter 5 done: global_full_size=210578105
R2 [P2] iter 5 done: global_full_size=210578105
R13 [P2] iter 5 done: global_full_size=210578105
R10 [P2] iter 4: merge done, full_size=13635137
R10 [P2] iter 5 done: global_full_size=210578105
R5 [P2] iter 5 done: global_full_size=210578105
R3 [P2] iter 5 done: global_full_size=210578105
R14 [P2] iter 5 done: global_full_size=210578105
R11 [P2] iter 5 done: global_full_size=210578105
R6 [P2] iter 5 done: global_full_size=210578105
R0 [P2] iter 5: PRE-JOIN GPU mem: 84.4GB free / 85.1GB total | delta_size=1275392 full_size=13034974
R15 [P2] iter 5 done: global_full_size=210578105
R8 [P2] iter 5: PRE-JOIN GPU mem: 83.8GB free / 85.1GB total | delta_size=1115916 full_size=12769480
R7 [P2] iter 5 done: global_full_size=210578105
R1 [P2] iter 5: PRE-JOIN GPU mem: 84.3GB free / 85.1GB total | delta_size=1368717 full_size=14183088
R12 [P2] iter 5: PRE-JOIN GPU mem: 83.4GB free / 85.1GB total | delta_size=1234162 full_size=12533259
R9 [P2] iter 5: PRE-JOIN GPU mem: 83.5GB free / 85.1GB total | delta_size=1260323 full_size=13856999
R4 [P2] iter 5: PRE-JOIN GPU mem: 84.3GB free / 85.1GB total | delta_size=1165089 full_size=12942976
R2 [P2] iter 5: PRE-JOIN GPU mem: 84.4GB free / 85.1GB total | delta_size=983413 full_size=11861365
R13 [P2] iter 5: PRE-JOIN GPU mem: 83.4GB free / 85.1GB total | delta_size=1209189 full_size=13762380
R10 [P2] iter 5: PRE-JOIN GPU mem: 83.4GB free / 85.1GB total | delta_size=1200128 full_size=13635137
R5 [P2] iter 5: PRE-JOIN GPU mem: 84.2GB free / 85.1GB total | delta_size=1214668 full_size=12963178
R3 [P2] iter 5: PRE-JOIN GPU mem: 84.3GB free / 85.1GB total | delta_size=1156161 full_size=12404597
R14 [P2] iter 5: PRE-JOIN GPU mem: 83.5GB free / 85.1GB total | delta_size=994122 full_size=12377988
R11 [P2] iter 5: PRE-JOIN GPU mem: 83.4GB free / 85.1GB total | delta_size=1139267 full_size=12812988
R6 [P2] iter 5: PRE-JOIN GPU mem: 84.0GB free / 85.1GB total | delta_size=1152092 full_size=13206239
R15 [P2] iter 5: PRE-JOIN GPU mem: 83.6GB free / 85.1GB total | delta_size=1236508 full_size=14298390
R7 [P2] iter 5: PRE-JOIN GPU mem: 83.9GB free / 85.1GB total | delta_size=1321857 full_size=13935067
R6 [P2] iter 5: join done, raw=3556562 result_size=3431960
R11 [P2] iter 5: join done, raw=1514522 result_size=1497237
R7 [P2] iter 5: join done, raw=2143627 result_size=2142862
R14 [P2] iter 5: join done, raw=1854229 result_size=1849795
R13 [P2] iter 5: join done, raw=2812921 result_size=2800179
R1 [P2] iter 5: join done, raw=1379692 result_size=1378031
R0 [P2] iter 5: join done, raw=4126406 result_size=3988263
R10 [P2] iter 5: join done, raw=2287668 result_size=2286945
R9 [P2] iter 5: join done, raw=2517771 result_size=2466639
R3 [P2] iter 5: join done, raw=4343471 result_size=4264842
R2 [P2] iter 5: join done, raw=1577360 result_size=1572457
R4 [P2] iter 5: join done, raw=1677475 result_size=1667303
R5 [P2] iter 5: join done, raw=2735183 result_size=2712074
R15 [P2] iter 5: join done, raw=4241332 result_size=4221964
R8 [P2] iter 5: join done, raw=4888794 result_size=4778168
R12 [P2] iter 5: join done, raw=1945537 result_size=1943285
R10 [P2] iter 5: split done, delta_size=2557854
R1 [P2] iter 5: split done, delta_size=2654557
R7 [P2] iter 5: split done, delta_size=2717194
R9 [P2] iter 5: split done, delta_size=2562062
R6 [P2] iter 5: split done, delta_size=2745537
R0 [P2] iter 5: split done, delta_size=2402896
R11 [P2] iter 5: split done, delta_size=2743421
R5 [P2] iter 5: split done, delta_size=2662947
R2 [P2] iter 5: split done, delta_size=3024177
R3 [P2] iter 5: split done, delta_size=2596065
R4 [P2] iter 5: split done, delta_size=3102454
R1 [P2] iter 5: dedup done, delta_size=2189462
R10 [P2] iter 5: dedup done, delta_size=2094330
R9 [P2] iter 5: dedup done, delta_size=2085165
R11 [P2] iter 5: dedup done, delta_size=2226167
R10 [P2] iter 5: subtract done, delta_size=961345
R7 [P2] iter 5: dedup done, delta_size=2245209
R0 [P2] iter 5: dedup done, delta_size=1988520
R9 [P2] iter 5: subtract done, delta_size=1000474
R1 [P2] iter 5: subtract done, delta_size=1094607
R6 [P2] iter 5: dedup done, delta_size=2246830
R11 [P2] iter 5: subtract done, delta_size=1061213
R2 [P2] iter 5: dedup done, delta_size=2427766
R3 [P2] iter 5: dedup done, delta_size=2084358
R5 [P2] iter 5: dedup done, delta_size=2183668
R4 [P2] iter 5: dedup done, delta_size=2492564
R7 [P2] iter 5: subtract done, delta_size=987611
R0 [P2] iter 5: subtract done, delta_size=979208
R8 [P2] iter 5: split done, delta_size=2849293
R5 [P2] iter 5: subtract done, delta_size=1060295
R6 [P2] iter 5: subtract done, delta_size=1104666
R9 [P2] iter 5: merge done, full_size=14857473
R2 [P2] iter 5: subtract done, delta_size=1200335
R3 [P2] iter 5: subtract done, delta_size=974348
R10 [P2] iter 5: merge done, full_size=14596482
R4 [P2] iter 5: subtract done, delta_size=1287969
R1 [P2] iter 5: merge done, full_size=15277695
R11 [P2] iter 5: merge done, full_size=13874201
R0 [P2] iter 5: merge done, full_size=14014182
R7 [P2] iter 5: merge done, full_size=14922678
R2 [P2] iter 5: merge done, full_size=13061700
R5 [P2] iter 5: merge done, full_size=14023473
R3 [P2] iter 5: merge done, full_size=13378945
R6 [P2] iter 5: merge done, full_size=14310905
R4 [P2] iter 5: merge done, full_size=14230945
R8 [P2] iter 5: dedup done, delta_size=2314151
R8 [P2] iter 5: subtract done, delta_size=1212831
R8 [P2] iter 5: merge done, full_size=13982311
R14 [P2] iter 5: split done, delta_size=2373727
R15 [P2] iter 5: split done, delta_size=2913112
R12 [P2] iter 5: split done, delta_size=2596092
R13 [P2] iter 5: split done, delta_size=2500616
R14 [P2] iter 5: dedup done, delta_size=1946559
R13 [P2] iter 5: dedup done, delta_size=2063453
R15 [P2] iter 5: dedup done, delta_size=2381139
R12 [P2] iter 5: dedup done, delta_size=2143523
R14 [P2] iter 5: subtract done, delta_size=951168
R13 [P2] iter 5: subtract done, delta_size=1027865
R15 [P2] iter 5: subtract done, delta_size=1250562
R12 [P2] iter 5: subtract done, delta_size=1067135
R14 [P2] iter 5: merge done, full_size=13329156
R13 [P2] iter 5: merge done, full_size=14790245
R15 [P2] iter 5: merge done, full_size=15548952
R12 [P2] iter 5: merge done, full_size=13600394
R12 [P2] iter 6 done: global_full_size=227799737
R13 [P2] iter 6 done: global_full_size=227799737
R4 [P2] iter 6 done: global_full_size=227799737
R0 [P2] iter 6 done: global_full_size=227799737
R14 [P2] iter 6 done: global_full_size=227799737
R8 [P2] iter 6 done: global_full_size=227799737
R5 [P2] iter 6 done: global_full_size=227799737
R1 [P2] iter 6 done: global_full_size=227799737
R15 [P2] iter 6 done: global_full_size=227799737
R9 [P2] iter 6 done: global_full_size=227799737
R9 [P2] iter 6: PRE-JOIN GPU mem: 83.5GB free / 85.1GB total | delta_size=1000474 full_size=14857473
R6 [P2] iter 6 done: global_full_size=227799737
R2 [P2] iter 6 done: global_full_size=227799737
R2 [P2] iter 6: PRE-JOIN GPU mem: 84.4GB free / 85.1GB total | delta_size=1200335 full_size=13061700
R12 [P2] iter 6: PRE-JOIN GPU mem: 83.4GB free / 85.1GB total | delta_size=1067135 full_size=13600394
R10 [P2] iter 6 done: global_full_size=227799737
R10 [P2] iter 6: PRE-JOIN GPU mem: 83.4GB free / 85.1GB total | delta_size=961345 full_size=14596482
R7 [P2] iter 6 done: global_full_size=227799737
R3 [P2] iter 6 done: global_full_size=227799737
R3 [P2] iter 6: PRE-JOIN GPU mem: 84.3GB free / 85.1GB total | delta_size=974348 full_size=13378945
R13 [P2] iter 6: PRE-JOIN GPU mem: 83.4GB free / 85.1GB total | delta_size=1027865 full_size=14790245
R11 [P2] iter 6 done: global_full_size=227799737
R11 [P2] iter 6: PRE-JOIN GPU mem: 83.3GB free / 85.1GB total | delta_size=1061213 full_size=13874201
R0 [P2] iter 6: PRE-JOIN GPU mem: 84.4GB free / 85.1GB total | delta_size=979208 full_size=14014182
R14 [P2] iter 6: PRE-JOIN GPU mem: 83.5GB free / 85.1GB total | delta_size=951168 full_size=13329156
R8 [P2] iter 6: PRE-JOIN GPU mem: 83.8GB free / 85.1GB total | delta_size=1212831 full_size=13982311
R1 [P2] iter 6: PRE-JOIN GPU mem: 84.3GB free / 85.1GB total | delta_size=1094607 full_size=15277695
R15 [P2] iter 6: PRE-JOIN GPU mem: 83.5GB free / 85.1GB total | delta_size=1250562 full_size=15548952
R4 [P2] iter 6: PRE-JOIN GPU mem: 84.3GB free / 85.1GB total | delta_size=1287969 full_size=14230945
R5 [P2] iter 6: PRE-JOIN GPU mem: 84.2GB free / 85.1GB total | delta_size=1060295 full_size=14023473
R6 [P2] iter 6: PRE-JOIN GPU mem: 84.0GB free / 85.1GB total | delta_size=1104666 full_size=14310905
R7 [P2] iter 6: PRE-JOIN GPU mem: 83.9GB free / 85.1GB total | delta_size=987611 full_size=14922678
R0 [P2] iter 6: join done, raw=1701107 result_size=1699110
R13 [P2] iter 6: join done, raw=1499527 result_size=1490251
R11 [P2] iter 6: join done, raw=2499988 result_size=2476238
R1 [P2] iter 6: join done, raw=2155725 result_size=2151786
R10 [P2] iter 6: join done, raw=3504273 result_size=3443273
R3 [P2] iter 6: join done, raw=3039420 result_size=3001336
R14 [P2] iter 6: join done, raw=3122583 result_size=3087149
R9 [P2] iter 6: join done, raw=1101737 result_size=1098728
R6 [P2] iter 6: join done, raw=4248496 result_size=4198850
R7 [P2] iter 6: join done, raw=2348488 result_size=2331507
R5 [P2] iter 6: join done, raw=1452820 result_size=1451388
R4 [P2] iter 6: join done, raw=3766232 result_size=3595576
R15 [P2] iter 6: join done, raw=1694455 result_size=1692717
R8 [P2] iter 6: join done, raw=4841048 result_size=4663181
R2 [P2] iter 6: join done, raw=2351300 result_size=2324374
R12 [P2] iter 6: join done, raw=2884492 result_size=2819420
R14 [P2] iter 6: split done, delta_size=2145877
R3 [P2] iter 6: split done, delta_size=2595179
R2 [P2] iter 6: split done, delta_size=2539204
R4 [P2] iter 6: split done, delta_size=2418730
R12 [P2] iter 6: split done, delta_size=2520941
R9 [P2] iter 6: split done, delta_size=2514716
R5 [P2] iter 6: split done, delta_size=2845227
R10 [P2] iter 6: split done, delta_size=2556010
R0 [P2] iter 6: split done, delta_size=2647771
R6 [P2] iter 6: split done, delta_size=2609997
R7 [P2] iter 6: split done, delta_size=2858408
R1 [P2] iter 6: split done, delta_size=2634316
R13 [P2] iter 6: split done, delta_size=2625596
R11 [P2] iter 6: split done, delta_size=2390020
R15 [P2] iter 6: split done, delta_size=3025867
R14 [P2] iter 6: dedup done, delta_size=1782901
R4 [P2] iter 6: dedup done, delta_size=2001567
R3 [P2] iter 6: dedup done, delta_size=2091684
R2 [P2] iter 6: dedup done, delta_size=2054435
R12 [P2] iter 6: dedup done, delta_size=2067457
R14 [P2] iter 6: subtract done, delta_size=745586
R8 [P2] iter 6: split done, delta_size=2597025
R9 [P2] iter 6: dedup done, delta_size=2036014
R4 [P2] iter 6: subtract done, delta_size=772233
R3 [P2] iter 6: subtract done, delta_size=879679
R10 [P2] iter 6: dedup done, delta_size=2061332
R5 [P2] iter 6: dedup done, delta_size=2288068
R12 [P2] iter 6: subtract done, delta_size=822550
R6 [P2] iter 6: dedup done, delta_size=2153478
R2 [P2] iter 6: subtract done, delta_size=882579
R0 [P2] iter 6: dedup done, delta_size=2157918
R13 [P2] iter 6: dedup done, delta_size=2130509
R11 [P2] iter 6: dedup done, delta_size=1975181
R1 [P2] iter 6: dedup done, delta_size=2152605
R7 [P2] iter 6: dedup done, delta_size=2340718
R9 [P2] iter 6: subtract done, delta_size=756990
R14 [P2] iter 6: merge done, full_size=14074742
R5 [P2] iter 6: subtract done, delta_size=998375
R10 [P2] iter 6: subtract done, delta_size=814636
R15 [P2] iter 6: dedup done, delta_size=2486925
R3 [P2] iter 6: merge done, full_size=14258624
R4 [P2] iter 6: merge done, full_size=15003178
R6 [P2] iter 6: subtract done, delta_size=848072
R1 [P2] iter 6: subtract done, delta_size=864013
R11 [P2] iter 6: subtract done, delta_size=788183
R0 [P2] iter 6: subtract done, delta_size=896817
R13 [P2] iter 6: subtract done, delta_size=871113
R7 [P2] iter 6: subtract done, delta_size=868742
R12 [P2] iter 6: merge done, full_size=14422944
R15 [P2] iter 6: subtract done, delta_size=936177
R2 [P2] iter 6: merge done, full_size=13944279
R5 [P2] iter 6: merge done, full_size=15021848
R8 [P2] iter 6: dedup done, delta_size=2135626
R9 [P2] iter 6: merge done, full_size=15614463
R6 [P2] iter 6: merge done, full_size=15158977
R13 [P2] iter 6: merge done, full_size=15661358
R0 [P2] iter 6: merge done, full_size=14910999
R7 [P2] iter 6: merge done, full_size=15791420
R1 [P2] iter 6: merge done, full_size=16141708
R10 [P2] iter 6: merge done, full_size=15411118
R15 [P2] iter 6: merge done, full_size=16485129
R11 [P2] iter 6: merge done, full_size=14662384
R8 [P2] iter 6: subtract done, delta_size=840663
R8 [P2] iter 6: merge done, full_size=14822974
R0 [P2] iter 7 done: global_full_size=241386145
R12 [P2] iter 7 done: global_full_size=241386145
R8 [P2] iter 7 done: global_full_size=241386145
R4 [P2] iter 7 done: global_full_size=241386145
R1 [P2] iter 7 done: global_full_size=241386145
R1 [P2] iter 7: PRE-JOIN GPU mem: 84.3GB free / 85.1GB total | delta_size=864013 full_size=16141708
R13 [P2] iter 7 done: global_full_size=241386145
R9 [P2] iter 7 done: global_full_size=241386145
R5 [P2] iter 7 done: global_full_size=241386145
R5 [P2] iter 7: PRE-JOIN GPU mem: 84.2GB free / 85.1GB total | delta_size=998375 full_size=15021848
R2 [P2] iter 7 done: global_full_size=241386145
R14 [P2] iter 7 done: global_full_size=241386145
R10 [P2] iter 7 done: global_full_size=241386145
R6 [P2] iter 7 done: global_full_size=241386145
R6 [P2] iter 7: PRE-JOIN GPU mem: 84.0GB free / 85.1GB total | delta_size=848072 full_size=15158977
R3 [P2] iter 7 done: global_full_size=241386145
R3 [P2] iter 7: PRE-JOIN GPU mem: 84.3GB free / 85.1GB total | delta_size=879679 full_size=14258624
R15 [P2] iter 7 done: global_full_size=241386145
R11 [P2] iter 7 done: global_full_size=241386145
R7 [P2] iter 7 done: global_full_size=241386145
R7 [P2] iter 7: PRE-JOIN GPU mem: 83.9GB free / 85.1GB total | delta_size=868742 full_size=15791420
R0 [P2] iter 7: PRE-JOIN GPU mem: 84.4GB free / 85.1GB total | delta_size=896817 full_size=14910999
R12 [P2] iter 7: PRE-JOIN GPU mem: 83.4GB free / 85.1GB total | delta_size=822550 full_size=14422944
R8 [P2] iter 7: PRE-JOIN GPU mem: 83.8GB free / 85.1GB total | delta_size=840663 full_size=14822974
R4 [P2] iter 7: PRE-JOIN GPU mem: 84.3GB free / 85.1GB total | delta_size=772233 full_size=15003178
R2 [P2] iter 7: PRE-JOIN GPU mem: 84.4GB free / 85.1GB total | delta_size=882579 full_size=13944279
R13 [P2] iter 7: PRE-JOIN GPU mem: 83.4GB free / 85.1GB total | delta_size=871113 full_size=15661358
R9 [P2] iter 7: PRE-JOIN GPU mem: 83.5GB free / 85.1GB total | delta_size=756990 full_size=15614463
R14 [P2] iter 7: PRE-JOIN GPU mem: 83.5GB free / 85.1GB total | delta_size=745586 full_size=14074742
R10 [P2] iter 7: PRE-JOIN GPU mem: 83.4GB free / 85.1GB total | delta_size=814636 full_size=15411118
R15 [P2] iter 7: PRE-JOIN GPU mem: 83.5GB free / 85.1GB total | delta_size=936177 full_size=16485129
R11 [P2] iter 7: PRE-JOIN GPU mem: 83.3GB free / 85.1GB total | delta_size=788183 full_size=14662384
R6 [P2] iter 7: join done, raw=2542557 result_size=2520092
R11 [P2] iter 7: join done, raw=4187081 result_size=4166701
R0 [P2] iter 7: join done, raw=1535212 result_size=1532484
R1 [P2] iter 7: join done, raw=2134655 result_size=2110162
R13 [P2] iter 7: join done, raw=3278959 result_size=3181957
R10 [P2] iter 7: join done, raw=2707266 result_size=2689548
R7 [P2] iter 7: join done, raw=2324028 result_size=2317647
R14 [P2] iter 7: join done, raw=2341734 result_size=2340585
R9 [P2] iter 7: join done, raw=2071771 result_size=2028398
R3 [P2] iter 7: join done, raw=4238844 result_size=4194584
R2 [P2] iter 7: join done, raw=1885441 result_size=1867981
R4 [P2] iter 7: join done, raw=1826034 result_size=1762957
R5 [P2] iter 7: join done, raw=3288375 result_size=3257360
R15 [P2] iter 7: join done, raw=1918663 result_size=1908937
R12 [P2] iter 7: join done, raw=2577554 result_size=2518035
R8 [P2] iter 7: join done, raw=2770053 result_size=2743741
R14 [P2] iter 7: split done, delta_size=2323525
R2 [P2] iter 7: split done, delta_size=2383143
R12 [P2] iter 7: split done, delta_size=2372788
R3 [P2] iter 7: split done, delta_size=2438667
R5 [P2] iter 7: split done, delta_size=2533866
R0 [P2] iter 7: split done, delta_size=2237348
R4 [P2] iter 7: split done, delta_size=2683118
R14 [P2] iter 7: dedup done, delta_size=1911555
R15 [P2] iter 7: split done, delta_size=2789910
R1 [P2] iter 7: split done, delta_size=2498350
R6 [P2] iter 7: split done, delta_size=2853674
R13 [P2] iter 7: split done, delta_size=2672804
R7 [P2] iter 7: split done, delta_size=2916843
R2 [P2] iter 7: dedup done, delta_size=1938618
R14 [P2] iter 7: subtract done, delta_size=636824
R3 [P2] iter 7: dedup done, delta_size=2003483
R12 [P2] iter 7: dedup done, delta_size=1921127
R2 [P2] iter 7: subtract done, delta_size=678702
R5 [P2] iter 7: dedup done, delta_size=2043763
R0 [P2] iter 7: dedup done, delta_size=1827662
R12 [P2] iter 7: subtract done, delta_size=664371
R4 [P2] iter 7: dedup done, delta_size=2165887
R3 [P2] iter 7: subtract done, delta_size=729700
R14 [P2] iter 7: merge done, full_size=14711566
R1 [P2] iter 7: dedup done, delta_size=2026161
R9 [P2] iter 7: split done, delta_size=2599431
R11 [P2] iter 7: split done, delta_size=2533873
R5 [P2] iter 7: subtract done, delta_size=712482
R10 [P2] iter 7: split done, delta_size=2734283
R6 [P2] iter 7: dedup done, delta_size=2305210
R7 [P2] iter 7: dedup done, delta_size=2332440
R13 [P2] iter 7: dedup done, delta_size=2190315
R2 [P2] iter 7: merge done, full_size=14622981
R15 [P2] iter 7: dedup done, delta_size=2216688
R0 [P2] iter 7: subtract done, delta_size=692977
R4 [P2] iter 7: subtract done, delta_size=775478
R8 [P2] iter 7: split done, delta_size=2569546
R12 [P2] iter 7: merge done, full_size=15087315
R1 [P2] iter 7: subtract done, delta_size=606322
R6 [P2] iter 7: subtract done, delta_size=799679
R3 [P2] iter 7: merge done, full_size=14988324
R15 [P2] iter 7: subtract done, delta_size=772705
R13 [P2] iter 7: subtract done, delta_size=706402
R7 [P2] iter 7: subtract done, delta_size=797286
R0 [P2] iter 7: merge done, full_size=15603976
R5 [P2] iter 7: merge done, full_size=15734330
R1 [P2] iter 7: merge done, full_size=16748030
R4 [P2] iter 7: merge done, full_size=15778656
R15 [P2] iter 7: merge done, full_size=17257834
R6 [P2] iter 7: merge done, full_size=15958656
R13 [P2] iter 7: merge done, full_size=16367760
R7 [P2] iter 7: merge done, full_size=16588706
R11 [P2] iter 7: dedup done, delta_size=2041924
R9 [P2] iter 7: dedup done, delta_size=2144493
R10 [P2] iter 7: dedup done, delta_size=2199825
R8 [P2] iter 7: dedup done, delta_size=2093678
R11 [P2] iter 7: subtract done, delta_size=705815
R9 [P2] iter 7: subtract done, delta_size=707887
R10 [P2] iter 7: subtract done, delta_size=780244
R8 [P2] iter 7: subtract done, delta_size=733452
R11 [P2] iter 7: merge done, full_size=15368199
R9 [P2] iter 7: merge done, full_size=16322350
R8 [P2] iter 7: merge done, full_size=15556426
R8 [P2] iter 8 done: global_full_size=252886471
R0 [P2] iter 8 done: global_full_size=252886471
R9 [P2] iter 8 done: global_full_size=252886471
R1 [P2] iter 8 done: global_full_size=252886471
R12 [P2] iter 8 done: global_full_size=252886471
R10 [P2] iter 7: merge done, full_size=16191362
R10 [P2] iter 8 done: global_full_size=252886471
R4 [P2] iter 8 done: global_full_size=252886471
R2 [P2] iter 8 done: global_full_size=252886471
R2 [P2] iter 8: PRE-JOIN GPU mem: 84.4GB free / 85.1GB total | delta_size=678702 full_size=14622981
R13 [P2] iter 8 done: global_full_size=252886471
R13 [P2] iter 8: PRE-JOIN GPU mem: 83.4GB free / 85.1GB total | delta_size=706402 full_size=16367760
R11 [P2] iter 8 done: global_full_size=252886471
R5 [P2] iter 8 done: global_full_size=252886471
R5 [P2] iter 8: PRE-JOIN GPU mem: 84.2GB free / 85.1GB total | delta_size=712482 full_size=15734330
R3 [P2] iter 8 done: global_full_size=252886471
R3 [P2] iter 8: PRE-JOIN GPU mem: 84.3GB free / 85.1GB total | delta_size=729700 full_size=14988324
R14 [P2] iter 8 done: global_full_size=252886471
R14 [P2] iter 8: PRE-JOIN GPU mem: 83.4GB free / 85.1GB total | delta_size=636824 full_size=14711566
R8 [P2] iter 8: PRE-JOIN GPU mem: 83.8GB free / 85.1GB total | delta_size=733452 full_size=15556426
R6 [P2] iter 8 done: global_full_size=252886471
R6 [P2] iter 8: PRE-JOIN GPU mem: 84.0GB free / 85.1GB total | delta_size=799679 full_size=15958656
R0 [P2] iter 8: PRE-JOIN GPU mem: 84.4GB free / 85.1GB total | delta_size=692977 full_size=15603976
R15 [P2] iter 8 done: global_full_size=252886471
R15 [P2] iter 8: PRE-JOIN GPU mem: 83.5GB free / 85.1GB total | delta_size=772705 full_size=17257834
R9 [P2] iter 8: PRE-JOIN GPU mem: 83.5GB free / 85.1GB total | delta_size=707887 full_size=16322350
R7 [P2] iter 8 done: global_full_size=252886471
R7 [P2] iter 8: PRE-JOIN GPU mem: 83.9GB free / 85.1GB total | delta_size=797286 full_size=16588706
R1 [P2] iter 8: PRE-JOIN GPU mem: 84.3GB free / 85.1GB total | delta_size=606322 full_size=16748030
R12 [P2] iter 8: PRE-JOIN GPU mem: 83.4GB free / 85.1GB total | delta_size=664371 full_size=15087315
R10 [P2] iter 8: PRE-JOIN GPU mem: 83.4GB free / 85.1GB total | delta_size=780244 full_size=16191362
R4 [P2] iter 8: PRE-JOIN GPU mem: 84.3GB free / 85.1GB total | delta_size=775478 full_size=15778656
R11 [P2] iter 8: PRE-JOIN GPU mem: 83.3GB free / 85.1GB total | delta_size=705815 full_size=15368199
R6 [P2] iter 8: join done, raw=3654584 result_size=3343005
R1 [P2] iter 8: join done, raw=1011191 result_size=1000932
R11 [P2] iter 8: join done, raw=1973028 result_size=1941920
R0 [P2] iter 8: join done, raw=1719327 result_size=1701997
R7 [P2] iter 8: join done, raw=1914337 result_size=1906597
R13 [P2] iter 8: join done, raw=3097944 result_size=3052021
R9 [P2] iter 8: join done, raw=2434062 result_size=2426259
R3 [P2] iter 8: join done, raw=2534567 result_size=2508820
R14 [P2] iter 8: join done, raw=2657495 result_size=2628745
R10 [P2] iter 8: join done, raw=1964264 result_size=1963631
R2 [P2] iter 8: join done, raw=4192202 result_size=4006288
R4 [P2] iter 8: join done, raw=2286714 result_size=2225200
R5 [P2] iter 8: join done, raw=2719688 result_size=2715106
R15 [P2] iter 8: join done, raw=2071697 result_size=2054780
R8 [P2] iter 8: join done, raw=2784365 result_size=2657540
R12 [P2] iter 8: join done, raw=2022351 result_size=1968403
R14 [P2] iter 8: split done, delta_size=2044261
R12 [P2] iter 8: split done, delta_size=2333893
R9 [P2] iter 8: split done, delta_size=2528564
R4 [P2] iter 8: split done, delta_size=2279282
R0 [P2] iter 8: split done, delta_size=2531820
R3 [P2] iter 8: split done, delta_size=2176957
R5 [P2] iter 8: split done, delta_size=2244004
R15 [P2] iter 8: split done, delta_size=2399840
R11 [P2] iter 8: split done, delta_size=2079938
R8 [P2] iter 8: split done, delta_size=2408010
R13 [P2] iter 8: split done, delta_size=2633148
R7 [P2] iter 8: split done, delta_size=2430790
R10 [P2] iter 8: split done, delta_size=2307745
R2 [P2] iter 8: split done, delta_size=2329152
R1 [P2] iter 8: split done, delta_size=2732913
R6 [P2] iter 8: split done, delta_size=2640927
R14 [P2] iter 8: dedup done, delta_size=1662558
R12 [P2] iter 8: dedup done, delta_size=1924145
R0 [P2] iter 8: dedup done, delta_size=2062602
R3 [P2] iter 8: dedup done, delta_size=1755775
R4 [P2] iter 8: dedup done, delta_size=1882015
R15 [P2] iter 8: dedup done, delta_size=1961403
R13 [P2] iter 8: dedup done, delta_size=2164658
R9 [P2] iter 8: dedup done, delta_size=2060042
R14 [P2] iter 8: subtract done, delta_size=588290
R5 [P2] iter 8: dedup done, delta_size=1862919
R12 [P2] iter 8: subtract done, delta_size=615826
R2 [P2] iter 8: dedup done, delta_size=1926777
R8 [P2] iter 8: dedup done, delta_size=1952996
R0 [P2] iter 8: subtract done, delta_size=700200
R11 [P2] iter 8: dedup done, delta_size=1700807
R7 [P2] iter 8: dedup done, delta_size=1963259
R4 [P2] iter 8: subtract done, delta_size=567872
R10 [P2] iter 8: dedup done, delta_size=1859354
R1 [P2] iter 8: dedup done, delta_size=2207639
R15 [P2] iter 8: subtract done, delta_size=672546
R3 [P2] iter 8: subtract done, delta_size=582328
R6 [P2] iter 8: dedup done, delta_size=2146146
R13 [P2] iter 8: subtract done, delta_size=701344
R9 [P2] iter 8: subtract done, delta_size=711486
R5 [P2] iter 8: subtract done, delta_size=674343
R11 [P2] iter 8: subtract done, delta_size=569986
R7 [P2] iter 8: subtract done, delta_size=681260
R2 [P2] iter 8: subtract done, delta_size=728021
R14 [P2] iter 8: merge done, full_size=15299856
R1 [P2] iter 8: subtract done, delta_size=621022
R8 [P2] iter 8: subtract done, delta_size=730707
R10 [P2] iter 8: subtract done, delta_size=600481
R12 [P2] iter 8: merge done, full_size=15703141
R4 [P2] iter 8: merge done, full_size=16346528
R6 [P2] iter 8: subtract done, delta_size=805166
R15 [P2] iter 8: merge done, full_size=17930380
R13 [P2] iter 8: merge done, full_size=17069104
R0 [P2] iter 8: merge done, full_size=16304176
R5 [P2] iter 8: merge done, full_size=16408673
R3 [P2] iter 8: merge done, full_size=15570652
R7 [P2] iter 8: merge done, full_size=17269966
R9 [P2] iter 8: merge done, full_size=17033836
R2 [P2] iter 8: merge done, full_size=15351002
R1 [P2] iter 8: merge done, full_size=17369052
R6 [P2] iter 8: merge done, full_size=16763822
R11 [P2] iter 8: merge done, full_size=15938185
R8 [P2] iter 8: merge done, full_size=16287133
R8 [P2] iter 9 done: global_full_size=263437349
R0 [P2] iter 9 done: global_full_size=263437349
R12 [P2] iter 9 done: global_full_size=263437349
R9 [P2] iter 9 done: global_full_size=263437349
R4 [P2] iter 9 done: global_full_size=263437349
R1 [P2] iter 9 done: global_full_size=263437349
R13 [P2] iter 9 done: global_full_size=263437349
R10 [P2] iter 8: merge done, full_size=16791843
R10 [P2] iter 9 done: global_full_size=263437349
R5 [P2] iter 9 done: global_full_size=263437349
R2 [P2] iter 9 done: global_full_size=263437349
R14 [P2] iter 9 done: global_full_size=263437349
R11 [P2] iter 9 done: global_full_size=263437349
R6 [P2] iter 9 done: global_full_size=263437349
R3 [P2] iter 9 done: global_full_size=263437349
R15 [P2] iter 9 done: global_full_size=263437349
R8 [P2] iter 9: PRE-JOIN GPU mem: 83.8GB free / 85.1GB total | delta_size=730707 full_size=16287133
R7 [P2] iter 9 done: global_full_size=263437349
R0 [P2] iter 9: PRE-JOIN GPU mem: 84.4GB free / 85.1GB total | delta_size=700200 full_size=16304176
R12 [P2] iter 9: PRE-JOIN GPU mem: 83.4GB free / 85.1GB total | delta_size=615826 full_size=15703141
R9 [P2] iter 9: PRE-JOIN GPU mem: 83.5GB free / 85.1GB total | delta_size=711486 full_size=17033836
R4 [P2] iter 9: PRE-JOIN GPU mem: 84.3GB free / 85.1GB total | delta_size=567872 full_size=16346528
R1 [P2] iter 9: PRE-JOIN GPU mem: 84.3GB free / 85.1GB total | delta_size=621022 full_size=17369052
R13 [P2] iter 9: PRE-JOIN GPU mem: 83.4GB free / 85.1GB total | delta_size=701344 full_size=17069104
R10 [P2] iter 9: PRE-JOIN GPU mem: 83.4GB free / 85.1GB total | delta_size=600481 full_size=16791843
R5 [P2] iter 9: PRE-JOIN GPU mem: 84.2GB free / 85.1GB total | delta_size=674343 full_size=16408673
R2 [P2] iter 9: PRE-JOIN GPU mem: 84.4GB free / 85.1GB total | delta_size=728021 full_size=15351002
R14 [P2] iter 9: PRE-JOIN GPU mem: 83.4GB free / 85.1GB total | delta_size=588290 full_size=15299856
R11 [P2] iter 9: PRE-JOIN GPU mem: 83.3GB free / 85.1GB total | delta_size=569986 full_size=15938185
R6 [P2] iter 9: PRE-JOIN GPU mem: 84.0GB free / 85.1GB total | delta_size=805166 full_size=16763822
R3 [P2] iter 9: PRE-JOIN GPU mem: 84.3GB free / 85.1GB total | delta_size=582328 full_size=15570652
R15 [P2] iter 9: PRE-JOIN GPU mem: 83.5GB free / 85.1GB total | delta_size=672546 full_size=17930380
R7 [P2] iter 9: PRE-JOIN GPU mem: 83.9GB free / 85.1GB total | delta_size=681260 full_size=17269966
R11 [P2] iter 9: join done, raw=1390343 result_size=1386696
R6 [P2] iter 9: join done, raw=3397560 result_size=3095087
R1 [P2] iter 9: join done, raw=1049438 result_size=1049437
R0 [P2] iter 9: join done, raw=1967520 result_size=1961947
R7 [P2] iter 9: join done, raw=1460612 result_size=1458836
R13 [P2] iter 9: join done, raw=2526901 result_size=2457200
R14 [P2] iter 9: join done, raw=2073695 result_size=2067645
R3 [P2] iter 9: join done, raw=1226800 result_size=1199389
R9 [P2] iter 9: join done, raw=2552905 result_size=2548548
R10 [P2] iter 9: join done, raw=2779146 result_size=2755531
R2 [P2] iter 9: join done, raw=2242840 result_size=2207062
R4 [P2] iter 9: join done, raw=1361880 result_size=1361435
R5 [P2] iter 9: join done, raw=1820277 result_size=1810211
R15 [P2] iter 9: join done, raw=3707164 result_size=3642537
R8 [P2] iter 9: join done, raw=3170321 result_size=3046268
R12 [P2] iter 9: join done, raw=2943834 result_size=2785646
R3 [P2] iter 9: split done, delta_size=1888481
R6 [P2] iter 9: split done, delta_size=1962667
R14 [P2] iter 9: split done, delta_size=2071123
R7 [P2] iter 9: split done, delta_size=2078671
R12 [P2] iter 9: split done, delta_size=1997197
R0 [P2] iter 9: split done, delta_size=1926933
R2 [P2] iter 9: split done, delta_size=2284322
R5 [P2] iter 9: split done, delta_size=2128046
R13 [P2] iter 9: split done, delta_size=2271969
R1 [P2] iter 9: split done, delta_size=2478032
R4 [P2] iter 9: split done, delta_size=2206074
R9 [P2] iter 9: split done, delta_size=2466464
R10 [P2] iter 9: split done, delta_size=1950700
R11 [P2] iter 9: split done, delta_size=2298001
R8 [P2] iter 9: split done, delta_size=2321129
R15 [P2] iter 9: split done, delta_size=2503666
R3 [P2] iter 9: dedup done, delta_size=1581383
R6 [P2] iter 9: dedup done, delta_size=1659260
R10 [P2] iter 9: dedup done, delta_size=1628654
R0 [P2] iter 9: dedup done, delta_size=1597974
R3 [P2] iter 9: subtract done, delta_size=590256
R14 [P2] iter 9: dedup done, delta_size=1690262
R7 [P2] iter 9: dedup done, delta_size=1729951
R2 [P2] iter 9: dedup done, delta_size=1837842
R10 [P2] iter 9: subtract done, delta_size=539326
R4 [P2] iter 9: dedup done, delta_size=1794470
R5 [P2] iter 9: dedup done, delta_size=1763059
R6 [P2] iter 9: subtract done, delta_size=557375
R1 [P2] iter 9: dedup done, delta_size=2005908
R9 [P2] iter 9: dedup done, delta_size=1969675
R11 [P2] iter 9: dedup done, delta_size=1864149
R7 [P2] iter 9: subtract done, delta_size=570693
R12 [P2] iter 9: dedup done, delta_size=1614564
R13 [P2] iter 9: dedup done, delta_size=1817950
R15 [P2] iter 9: dedup done, delta_size=2050636
R14 [P2] iter 9: subtract done, delta_size=586200
R0 [P2] iter 9: subtract done, delta_size=608940
R12 [P2] iter 9: subtract done, delta_size=576364
R8 [P2] iter 9: dedup done, delta_size=1873054
R5 [P2] iter 9: subtract done, delta_size=625661
R3 [P2] iter 9: merge done, full_size=16160908
R2 [P2] iter 9: subtract done, delta_size=694591
R4 [P2] iter 9: subtract done, delta_size=556223
R13 [P2] iter 9: subtract done, delta_size=635879
R1 [P2] iter 9: subtract done, delta_size=648175
R10 [P2] iter 9: merge done, full_size=17331169
R15 [P2] iter 9: subtract done, delta_size=766856
R9 [P2] iter 9: subtract done, delta_size=707848
R11 [P2] iter 9: subtract done, delta_size=664137
R8 [P2] iter 9: subtract done, delta_size=633485
R6 [P2] iter 9: merge done, full_size=17321197
R0 [P2] iter 9: merge done, full_size=16913116
R7 [P2] iter 9: merge done, full_size=17840659
R14 [P2] iter 9: merge done, full_size=15886056
R12 [P2] iter 9: merge done, full_size=16279505
R2 [P2] iter 9: merge done, full_size=16045593
R5 [P2] iter 9: merge done, full_size=17034334
R1 [P2] iter 9: merge done, full_size=18017227
R4 [P2] iter 9: merge done, full_size=16902751
R13 [P2] iter 9: merge done, full_size=17704983
R15 [P2] iter 9: merge done, full_size=18697236
R9 [P2] iter 9: merge done, full_size=17741684
R11 [P2] iter 9: merge done, full_size=16602322
R8 [P2] iter 9: merge done, full_size=16920618
R8 [P2] iter 10 done: global_full_size=273399358
R4 [P2] iter 10 done: global_full_size=273399358
R0 [P2] iter 10 done: global_full_size=273399358
R12 [P2] iter 10 done: global_full_size=273399358
R9 [P2] iter 10 done: global_full_size=273399358
R5 [P2] iter 10 done: global_full_size=273399358
R1 [P2] iter 10 done: global_full_size=273399358
R13 [P2] iter 10 done: global_full_size=273399358
R10 [P2] iter 10 done: global_full_size=273399358
R6 [P2] iter 10 done: global_full_size=273399358
R2 [P2] iter 10 done: global_full_size=273399358
R14 [P2] iter 10 done: global_full_size=273399358
R11 [P2] iter 10 done: global_full_size=273399358
R7 [P2] iter 10 done: global_full_size=273399358
R3 [P2] iter 10 done: global_full_size=273399358
R15 [P2] iter 10 done: global_full_size=273399358
R15 [P2] iter 10: PRE-JOIN GPU mem: 83.5GB free / 85.1GB total | delta_size=766856 full_size=18697236
R8 [P2] iter 10: PRE-JOIN GPU mem: 83.8GB free / 85.1GB total | delta_size=633485 full_size=16920618
R4 [P2] iter 10: PRE-JOIN GPU mem: 84.3GB free / 85.1GB total | delta_size=556223 full_size=16902751
R0 [P2] iter 10: PRE-JOIN GPU mem: 84.4GB free / 85.1GB total | delta_size=608940 full_size=16913116
R12 [P2] iter 10: PRE-JOIN GPU mem: 83.4GB free / 85.1GB total | delta_size=576364 full_size=16279505
R9 [P2] iter 10: PRE-JOIN GPU mem: 83.5GB free / 85.1GB total | delta_size=707848 full_size=17741684
R5 [P2] iter 10: PRE-JOIN GPU mem: 84.2GB free / 85.1GB total | delta_size=625661 full_size=17034334
R1 [P2] iter 10: PRE-JOIN GPU mem: 84.3GB free / 85.1GB total | delta_size=648175 full_size=18017227
R13 [P2] iter 10: PRE-JOIN GPU mem: 83.4GB free / 85.1GB total | delta_size=635879 full_size=17704983
R10 [P2] iter 10: PRE-JOIN GPU mem: 83.4GB free / 85.1GB total | delta_size=539326 full_size=17331169
R6 [P2] iter 10: PRE-JOIN GPU mem: 84.0GB free / 85.1GB total | delta_size=557375 full_size=17321197
R2 [P2] iter 10: PRE-JOIN GPU mem: 84.4GB free / 85.1GB total | delta_size=694591 full_size=16045593
R14 [P2] iter 10: PRE-JOIN GPU mem: 83.4GB free / 85.1GB total | delta_size=586200 full_size=15886056
R11 [P2] iter 10: PRE-JOIN GPU mem: 83.3GB free / 85.1GB total | delta_size=664137 full_size=16602322
R7 [P2] iter 10: PRE-JOIN GPU mem: 83.9GB free / 85.1GB total | delta_size=570693 full_size=17840659
R3 [P2] iter 10: PRE-JOIN GPU mem: 84.3GB free / 85.1GB total | delta_size=590256 full_size=16160908
R6 [P2] iter 10: join done, raw=1885664 result_size=1864646
R1 [P2] iter 10: join done, raw=1132839 result_size=1130621
R11 [P2] iter 10: join done, raw=3420935 result_size=3407307
R13 [P2] iter 10: join done, raw=2005022 result_size=2002480
R10 [P2] iter 10: join done, raw=1171723 result_size=1166381
R0 [P2] iter 10: join done, raw=2719634 result_size=2711037
R7 [P2] iter 10: join done, raw=1983743 result_size=1957913
R14 [P2] iter 10: join done, raw=1857116 result_size=1856692
R3 [P2] iter 10: join done, raw=1800987 result_size=1799460
R9 [P2] iter 10: join done, raw=2938810 result_size=2901650
R2 [P2] iter 10: join done, raw=2179781 result_size=2156938
R4 [P2] iter 10: join done, raw=1252701 result_size=1248073
R5 [P2] iter 10: join done, raw=2357433 result_size=2307241
R15 [P2] iter 10: join done, raw=3604537 result_size=3537240
R8 [P2] iter 10: join done, raw=2375439 result_size=2374440
R12 [P2] iter 10: join done, raw=2209681 result_size=2176984
R14 [P2] iter 10: split done, delta_size=2073680
R10 [P2] iter 10: split done, delta_size=2273830
R6 [P2] iter 10: split done, delta_size=2004068
R7 [P2] iter 10: split done, delta_size=2155139
R12 [P2] iter 10: split done, delta_size=2052099
R8 [P2] iter 10: split done, delta_size=2114966
R3 [P2] iter 10: split done, delta_size=1953099
R2 [P2] iter 10: split done, delta_size=2036836
R0 [P2] iter 10: split done, delta_size=2041481
R13 [P2] iter 10: split done, delta_size=2545173
R9 [P2] iter 10: split done, delta_size=2263887
R5 [P2] iter 10: split done, delta_size=2168888
R11 [P2] iter 10: split done, delta_size=2161627
R4 [P2] iter 10: split done, delta_size=2008201
R15 [P2] iter 10: split done, delta_size=2340858
R1 [P2] iter 10: split done, delta_size=2405271
R14 [P2] iter 10: dedup done, delta_size=1645237
R10 [P2] iter 10: dedup done, delta_size=1846836
R12 [P2] iter 10: dedup done, delta_size=1610415
R3 [P2] iter 10: dedup done, delta_size=1581324
R6 [P2] iter 10: dedup done, delta_size=1644699
R7 [P2] iter 10: dedup done, delta_size=1728418
R8 [P2] iter 10: dedup done, delta_size=1705237
R2 [P2] iter 10: dedup done, delta_size=1623710
R4 [P2] iter 10: dedup done, delta_size=1654201
R14 [P2] iter 10: subtract done, delta_size=508061
R3 [P2] iter 10: subtract done, delta_size=521043
R10 [P2] iter 10: subtract done, delta_size=640758
R5 [P2] iter 10: dedup done, delta_size=1741168
R11 [P2] iter 10: dedup done, delta_size=1734060
R9 [P2] iter 10: dedup done, delta_size=1888750
R0 [P2] iter 10: dedup done, delta_size=1654768
R15 [P2] iter 10: dedup done, delta_size=1886857
R13 [P2] iter 10: dedup done, delta_size=2006675
R12 [P2] iter 10: subtract done, delta_size=485160
R7 [P2] iter 10: subtract done, delta_size=543614
R6 [P2] iter 10: subtract done, delta_size=543168
R1 [P2] iter 10: dedup done, delta_size=1938293
R2 [P2] iter 10: subtract done, delta_size=562634
R4 [P2] iter 10: subtract done, delta_size=543916
R5 [P2] iter 10: subtract done, delta_size=580536
R14 [P2] iter 10: merge done, full_size=16394117
R8 [P2] iter 10: subtract done, delta_size=546047
R11 [P2] iter 10: subtract done, delta_size=583655
R13 [P2] iter 10: subtract done, delta_size=654530
R9 [P2] iter 10: subtract done, delta_size=599495
R15 [P2] iter 10: subtract done, delta_size=582801
R3 [P2] iter 10: merge done, full_size=16681951
R0 [P2] iter 10: subtract done, delta_size=538623
R1 [P2] iter 10: subtract done, delta_size=633006
R10 [P2] iter 10: merge done, full_size=17971927
R12 [P2] iter 10: merge done, full_size=16764665
R6 [P2] iter 10: merge done, full_size=17864365
R8 [P2] iter 10: merge done, full_size=17466665
R2 [P2] iter 10: merge done, full_size=16608227
R7 [P2] iter 10: merge done, full_size=18384273
R4 [P2] iter 10: merge done, full_size=17446667
R13 [P2] iter 10: merge done, full_size=18359513
R5 [P2] iter 10: merge done, full_size=17614870
R0 [P2] iter 10: merge done, full_size=17451739
R11 [P2] iter 10: merge done, full_size=17185977
R15 [P2] iter 10: merge done, full_size=19280037
R9 [P2] iter 10: merge done, full_size=18341179
R8 [P2] iter 11 done: global_full_size=282466405
R0 [P2] iter 11 done: global_full_size=282466405
R1 [P2] iter 10: merge done, full_size=18650233
R1 [P2] iter 11 done: global_full_size=282466405
R9 [P2] iter 11 done: global_full_size=282466405
R4 [P2] iter 11 done: global_full_size=282466405
R2 [P2] iter 11 done: global_full_size=282466405
R12 [P2] iter 11 done: global_full_size=282466405
R10 [P2] iter 11 done: global_full_size=282466405
R5 [P2] iter 11 done: global_full_size=282466405
R3 [P2] iter 11 done: global_full_size=282466405
R13 [P2] iter 11 done: global_full_size=282466405
R11 [P2] iter 11 done: global_full_size=282466405
R6 [P2] iter 11 done: global_full_size=282466405
R1 [P2] iter 11: PRE-JOIN GPU mem: 84.3GB free / 85.1GB total | delta_size=633006 full_size=18650233
R14 [P2] iter 11 done: global_full_size=282466405
R8 [P2] iter 11: PRE-JOIN GPU mem: 83.8GB free / 85.1GB total | delta_size=546047 full_size=17466665
R7 [P2] iter 11 done: global_full_size=282466405
R0 [P2] iter 11: PRE-JOIN GPU mem: 84.3GB free / 85.1GB total | delta_size=538623 full_size=17451739
R15 [P2] iter 11 done: global_full_size=282466405
R15 [P2] iter 11: PRE-JOIN GPU mem: 83.5GB free / 85.1GB total | delta_size=582801 full_size=19280037
R9 [P2] iter 11: PRE-JOIN GPU mem: 83.5GB free / 85.1GB total | delta_size=599495 full_size=18341179
R5 [P2] iter 11: PRE-JOIN GPU mem: 84.2GB free / 85.1GB total | delta_size=580536 full_size=17614870
R2 [P2] iter 11: PRE-JOIN GPU mem: 84.4GB free / 85.1GB total | delta_size=562634 full_size=16608227
R12 [P2] iter 11: PRE-JOIN GPU mem: 83.4GB free / 85.1GB total | delta_size=485160 full_size=16764665
R10 [P2] iter 11: PRE-JOIN GPU mem: 83.4GB free / 85.1GB total | delta_size=640758 full_size=17971927
R6 [P2] iter 11: PRE-JOIN GPU mem: 84.0GB free / 85.1GB total | delta_size=543168 full_size=17864365
R3 [P2] iter 11: PRE-JOIN GPU mem: 84.3GB free / 85.1GB total | delta_size=521043 full_size=16681951
R13 [P2] iter 11: PRE-JOIN GPU mem: 83.4GB free / 85.1GB total | delta_size=654530 full_size=18359513
R11 [P2] iter 11: PRE-JOIN GPU mem: 83.3GB free / 85.1GB total | delta_size=583655 full_size=17185977
R4 [P2] iter 11: PRE-JOIN GPU mem: 84.3GB free / 85.1GB total | delta_size=543916 full_size=17446667
R14 [P2] iter 11: PRE-JOIN GPU mem: 83.4GB free / 85.1GB total | delta_size=508061 full_size=16394117
R7 [P2] iter 11: PRE-JOIN GPU mem: 83.8GB free / 85.1GB total | delta_size=543614 full_size=18384273
R6 [P2] iter 11: join done, raw=1797348 result_size=1792002
R11 [P2] iter 11: join done, raw=3263183 result_size=3152883
R1 [P2] iter 11: join done, raw=1365589 result_size=1363956
R3 [P2] iter 11: join done, raw=700106 result_size=698951
R13 [P2] iter 11: join done, raw=2808589 result_size=2779640
R7 [P2] iter 11: join done, raw=2697921 result_size=2592154
R10 [P2] iter 11: join done, raw=1098706 result_size=1091440
R14 [P2] iter 11: join done, raw=2307796 result_size=2300607
R9 [P2] iter 11: join done, raw=2459419 result_size=2457463
R0 [P2] iter 11: join done, raw=2365246 result_size=2349429
R2 [P2] iter 11: join done, raw=2026595 result_size=2018262
R5 [P2] iter 11: join done, raw=1377123 result_size=1369291
R4 [P2] iter 11: join done, raw=2912796 result_size=2744558
R15 [P2] iter 11: join done, raw=2799871 result_size=2765331
R8 [P2] iter 11: join done, raw=1517019 result_size=1487806
R12 [P2] iter 11: join done, raw=1903821 result_size=1867721
R9 [P2] iter 11: split done, delta_size=1932617
R13 [P2] iter 11: split done, delta_size=2058663
R4 [P2] iter 11: split done, delta_size=2023570
R1 [P2] iter 11: split done, delta_size=2094801
R6 [P2] iter 11: split done, delta_size=1980391
R2 [P2] iter 11: split done, delta_size=1694249
R14 [P2] iter 11: split done, delta_size=1956495
R3 [P2] iter 11: split done, delta_size=1946732
R12 [P2] iter 11: split done, delta_size=1841136
R11 [P2] iter 11: split done, delta_size=2123263
R10 [P2] iter 11: split done, delta_size=2079482
R15 [P2] iter 11: split done, delta_size=2033209
R8 [P2] iter 11: split done, delta_size=2043315
R7 [P2] iter 11: split done, delta_size=2188348
R5 [P2] iter 11: split done, delta_size=2360956
R0 [P2] iter 11: split done, delta_size=2474267
R9 [P2] iter 11: dedup done, delta_size=1597597
R4 [P2] iter 11: dedup done, delta_size=1623737
R6 [P2] iter 11: dedup done, delta_size=1614706
R2 [P2] iter 11: dedup done, delta_size=1405215
R9 [P2] iter 11: subtract done, delta_size=549035
R11 [P2] iter 11: dedup done, delta_size=1693638
R13 [P2] iter 11: dedup done, delta_size=1663561
R14 [P2] iter 11: dedup done, delta_size=1567417
R4 [P2] iter 11: subtract done, delta_size=519865
R10 [P2] iter 11: dedup done, delta_size=1700523
R7 [P2] iter 11: dedup done, delta_size=1763685
R1 [P2] iter 11: dedup done, delta_size=1721774
R3 [P2] iter 11: dedup done, delta_size=1539410
R15 [P2] iter 11: dedup done, delta_size=1621317
R8 [P2] iter 11: dedup done, delta_size=1644694
R12 [P2] iter 11: dedup done, delta_size=1501309
R0 [P2] iter 11: dedup done, delta_size=1967252
R5 [P2] iter 11: dedup done, delta_size=1925179
R2 [P2] iter 11: subtract done, delta_size=452047
R11 [P2] iter 11: subtract done, delta_size=559718
R6 [P2] iter 11: subtract done, delta_size=511304
R13 [P2] iter 11: subtract done, delta_size=576997
R3 [P2] iter 11: subtract done, delta_size=495784
R14 [P2] iter 11: subtract done, delta_size=526482
R7 [P2] iter 11: subtract done, delta_size=547943
R9 [P2] iter 11: merge done, full_size=18890214
R1 [P2] iter 11: subtract done, delta_size=527154
R10 [P2] iter 11: subtract done, delta_size=563476
R0 [P2] iter 11: subtract done, delta_size=727826
R12 [P2] iter 11: subtract done, delta_size=488162
R5 [P2] iter 11: subtract done, delta_size=696673
R15 [P2] iter 11: subtract done, delta_size=486294
R8 [P2] iter 11: subtract done, delta_size=541217
R4 [P2] iter 11: merge done, full_size=17966532
R11 [P2] iter 11: merge done, full_size=17745695
R6 [P2] iter 11: merge done, full_size=18375669
R2 [P2] iter 11: merge done, full_size=17060274
R7 [P2] iter 11: merge done, full_size=18932216
R3 [P2] iter 11: merge done, full_size=17177735
R8 [P2] iter 11: merge done, full_size=18007882
R10 [P2] iter 11: merge done, full_size=18535403
R5 [P2] iter 11: merge done, full_size=18311543
R1 [P2] iter 11: merge done, full_size=19177387
R0 [P2] iter 11: merge done, full_size=18179565
R13 [P2] iter 11: merge done, full_size=18936510
R15 [P2] iter 11: merge done, full_size=19766331
R0 [P2] iter 12 done: global_full_size=291236382
R12 [P2] iter 11: merge done, full_size=17252827
R12 [P2] iter 12 done: global_full_size=291236382
R1 [P2] iter 12 done: global_full_size=291236382
R2 [P2] iter 12 done: global_full_size=291236382
R13 [P2] iter 12 done: global_full_size=291236382
R8 [P2] iter 12 done: global_full_size=291236382
R4 [P2] iter 12 done: global_full_size=291236382
R3 [P2] iter 12 done: global_full_size=291236382
R14 [P2] iter 11: merge done, full_size=16920599
R14 [P2] iter 12 done: global_full_size=291236382
R9 [P2] iter 12 done: global_full_size=291236382
R5 [P2] iter 12 done: global_full_size=291236382
R0 [P2] iter 12: PRE-JOIN GPU mem: 84.3GB free / 85.1GB total | delta_size=727826 full_size=18179565
R15 [P2] iter 12 done: global_full_size=291236382
R10 [P2] iter 12 done: global_full_size=291236382
R6 [P2] iter 12 done: global_full_size=291236382
R1 [P2] iter 12: PRE-JOIN GPU mem: 84.3GB free / 85.1GB total | delta_size=527154 full_size=19177387
R11 [P2] iter 12 done: global_full_size=291236382
R11 [P2] iter 12: PRE-JOIN GPU mem: 83.3GB free / 85.1GB total | delta_size=559718 full_size=17745695
R7 [P2] iter 12 done: global_full_size=291236382
R7 [P2] iter 12: PRE-JOIN GPU mem: 83.8GB free / 85.1GB total | delta_size=547943 full_size=18932216
R2 [P2] iter 12: PRE-JOIN GPU mem: 84.4GB free / 85.1GB total | delta_size=452047 full_size=17060274
R8 [P2] iter 12: PRE-JOIN GPU mem: 83.8GB free / 85.1GB total | delta_size=541217 full_size=18007882
R4 [P2] iter 12: PRE-JOIN GPU mem: 84.3GB free / 85.1GB total | delta_size=519865 full_size=17966532
R3 [P2] iter 12: PRE-JOIN GPU mem: 84.3GB free / 85.1GB total | delta_size=495784 full_size=17177735
R9 [P2] iter 12: PRE-JOIN GPU mem: 83.5GB free / 85.1GB total | delta_size=549035 full_size=18890214
R5 [P2] iter 12: PRE-JOIN GPU mem: 84.2GB free / 85.1GB total | delta_size=696673 full_size=18311543
R10 [P2] iter 12: PRE-JOIN GPU mem: 83.4GB free / 85.1GB total | delta_size=563476 full_size=18535403
R6 [P2] iter 12: PRE-JOIN GPU mem: 84.0GB free / 85.1GB total | delta_size=511304 full_size=18375669
R12 [P2] iter 12: PRE-JOIN GPU mem: 83.4GB free / 85.1GB total | delta_size=488162 full_size=17252827
R13 [P2] iter 12: PRE-JOIN GPU mem: 83.4GB free / 85.1GB total | delta_size=576997 full_size=18936510
R14 [P2] iter 12: PRE-JOIN GPU mem: 83.4GB free / 85.1GB total | delta_size=526482 full_size=16920599
R15 [P2] iter 12: PRE-JOIN GPU mem: 83.5GB free / 85.1GB total | delta_size=486294 full_size=19766331
R6 [P2] iter 12: join done, raw=1497125 result_size=1475040
R11 [P2] iter 12: join done, raw=2144616 result_size=2143858
R1 [P2] iter 12: join done, raw=1316463 result_size=1316117
R0 [P2] iter 12: join done, raw=2677315 result_size=2659466
R3 [P2] iter 12: join done, raw=2547787 result_size=2509374
R9 [P2] iter 12: join done, raw=2203657 result_size=2184843
R10 [P2] iter 12: join done, raw=2343111 result_size=2324947
R7 [P2] iter 12: join done, raw=3350970 result_size=3311395
R2 [P2] iter 12: join done, raw=2032131 result_size=2024479
R13 [P2] iter 12: join done, raw=1056817 result_size=1056242
R4 [P2] iter 12: join done, raw=1780952 result_size=1780891
R8 [P2] iter 12: join done, raw=1119022 result_size=1117634
R14 [P2] iter 12: join done, raw=2882225 result_size=2860222
R15 [P2] iter 12: join done, raw=1864744 result_size=1849199
R5 [P2] iter 12: join done, raw=2679442 result_size=2678275
R12 [P2] iter 12: join done, raw=1679923 result_size=1669321
R15 [P2] iter 12: split done, delta_size=1828612
R10 [P2] iter 12: split done, delta_size=1945580
R5 [P2] iter 12: split done, delta_size=2238771
R4 [P2] iter 12: split done, delta_size=1957125
R11 [P2] iter 12: split done, delta_size=2044070
R9 [P2] iter 12: split done, delta_size=2144903
R12 [P2] iter 12: split done, delta_size=1831133
R14 [P2] iter 12: split done, delta_size=2007536
R6 [P2] iter 12: split done, delta_size=2334169
R7 [P2] iter 12: split done, delta_size=2029708
R13 [P2] iter 12: split done, delta_size=2184051
R8 [P2] iter 12: split done, delta_size=2222759
R15 [P2] iter 12: dedup done, delta_size=1501255
R0 [P2] iter 12: split done, delta_size=2208846
R3 [P2] iter 12: split done, delta_size=2035120
R15 [P2] iter 12: subtract done, delta_size=439998
R11 [P2] iter 12: dedup done, delta_size=1640103
R5 [P2] iter 12: dedup done, delta_size=1759290
R1 [P2] iter 12: split done, delta_size=1945089
R2 [P2] iter 12: split done, delta_size=2003831
R12 [P2] iter 12: dedup done, delta_size=1465289
R4 [P2] iter 12: dedup done, delta_size=1590657
R14 [P2] iter 12: dedup done, delta_size=1591770
R10 [P2] iter 12: dedup done, delta_size=1571491
R7 [P2] iter 12: dedup done, delta_size=1634059
R9 [P2] iter 12: dedup done, delta_size=1720897
R6 [P2] iter 12: dedup done, delta_size=1848724
R8 [P2] iter 12: dedup done, delta_size=1764377
R13 [P2] iter 12: dedup done, delta_size=1745809
R11 [P2] iter 12: subtract done, delta_size=467909
R4 [P2] iter 12: subtract done, delta_size=508956
R5 [P2] iter 12: subtract done, delta_size=562981
R12 [P2] iter 12: subtract done, delta_size=424275
R10 [P2] iter 12: subtract done, delta_size=494650
R14 [P2] iter 12: subtract done, delta_size=563104
R7 [P2] iter 12: subtract done, delta_size=496420
R15 [P2] iter 12: merge done, full_size=20206329
R8 [P2] iter 12: subtract done, delta_size=551633
R9 [P2] iter 12: subtract done, delta_size=479523
R6 [P2] iter 12: subtract done, delta_size=562457
R13 [P2] iter 12: subtract done, delta_size=497767
R11 [P2] iter 12: merge done, full_size=18213604
R5 [P2] iter 12: merge done, full_size=18874524
R12 [P2] iter 12: merge done, full_size=17677102
R10 [P2] iter 12: merge done, full_size=19030053
R4 [P2] iter 12: merge done, full_size=18475488
R14 [P2] iter 12: merge done, full_size=17483703
R8 [P2] iter 12: merge done, full_size=18559515
R7 [P2] iter 12: merge done, full_size=19428636
R13 [P2] iter 12: merge done, full_size=19434277
R9 [P2] iter 12: merge done, full_size=19369737
R6 [P2] iter 12: merge done, full_size=18938126
R1 [P2] iter 12: dedup done, delta_size=1627171
R3 [P2] iter 12: dedup done, delta_size=1605368
R0 [P2] iter 12: dedup done, delta_size=1740683
R2 [P2] iter 12: dedup done, delta_size=1586634
R1 [P2] iter 12: subtract done, delta_size=481334
R3 [P2] iter 12: subtract done, delta_size=509203
R0 [P2] iter 12: subtract done, delta_size=542033
R2 [P2] iter 12: subtract done, delta_size=508567
R1 [P2] iter 12: merge done, full_size=19658721
R3 [P2] iter 12: merge done, full_size=17686938
R0 [P2] iter 12: merge done, full_size=18721598
R0 [P2] iter 13 done: global_full_size=299327192
R1 [P2] iter 13 done: global_full_size=299327192
R12 [P2] iter 13 done: global_full_size=299327192
R8 [P2] iter 13 done: global_full_size=299327192
R4 [P2] iter 13 done: global_full_size=299327192
R2 [P2] iter 12: merge done, full_size=17568841
R2 [P2] iter 13 done: global_full_size=299327192
R13 [P2] iter 13 done: global_full_size=299327192
R9 [P2] iter 13 done: global_full_size=299327192
R5 [P2] iter 13 done: global_full_size=299327192
R3 [P2] iter 13 done: global_full_size=299327192
R14 [P2] iter 13 done: global_full_size=299327192
R10 [P2] iter 13 done: global_full_size=299327192
R10 [P2] iter 13: PRE-JOIN GPU mem: 83.4GB free / 85.1GB total | delta_size=494650 full_size=19030053
R6 [P2] iter 13 done: global_full_size=299327192
R6 [P2] iter 13: PRE-JOIN GPU mem: 84.0GB free / 85.1GB total | delta_size=562457 full_size=18938126
R0 [P2] iter 13: PRE-JOIN GPU mem: 84.3GB free / 85.1GB total | delta_size=542033 full_size=18721598
R15 [P2] iter 13 done: global_full_size=299327192
R15 [P2] iter 13: PRE-JOIN GPU mem: 83.5GB free / 85.1GB total | delta_size=439998 full_size=20206329
R11 [P2] iter 13 done: global_full_size=299327192
R11 [P2] iter 13: PRE-JOIN GPU mem: 83.3GB free / 85.1GB total | delta_size=467909 full_size=18213604
R7 [P2] iter 13 done: global_full_size=299327192
R7 [P2] iter 13: PRE-JOIN GPU mem: 83.8GB free / 85.1GB total | delta_size=496420 full_size=19428636
R1 [P2] iter 13: PRE-JOIN GPU mem: 84.3GB free / 85.1GB total | delta_size=481334 full_size=19658721
R12 [P2] iter 13: PRE-JOIN GPU mem: 83.4GB free / 85.1GB total | delta_size=424275 full_size=17677102
R8 [P2] iter 13: PRE-JOIN GPU mem: 83.8GB free / 85.1GB total | delta_size=551633 full_size=18559515
R4 [P2] iter 13: PRE-JOIN GPU mem: 84.3GB free / 85.1GB total | delta_size=508956 full_size=18475488
R2 [P2] iter 13: PRE-JOIN GPU mem: 84.4GB free / 85.1GB total | delta_size=508567 full_size=17568841
R13 [P2] iter 13: PRE-JOIN GPU mem: 83.4GB free / 85.1GB total | delta_size=497767 full_size=19434277
R9 [P2] iter 13: PRE-JOIN GPU mem: 83.5GB free / 85.1GB total | delta_size=479523 full_size=19369737
R5 [P2] iter 13: PRE-JOIN GPU mem: 84.2GB free / 85.1GB total | delta_size=562981 full_size=18874524
R3 [P2] iter 13: PRE-JOIN GPU mem: 84.3GB free / 85.1GB total | delta_size=509203 full_size=17686938
R14 [P2] iter 13: PRE-JOIN GPU mem: 83.4GB free / 85.1GB total | delta_size=563104 full_size=17483703
R6 [P2] iter 13: join done, raw=1202268 result_size=1194033
R11 [P2] iter 13: join done, raw=2149428 result_size=2051287
R13 [P2] iter 13: join done, raw=1424895 result_size=1419579
R0 [P2] iter 13: join done, raw=2289961 result_size=2205325
R1 [P2] iter 13: join done, raw=2073977 result_size=2067422
R7 [P2] iter 13: join done, raw=2440950 result_size=2439282
R10 [P2] iter 13: join done, raw=1669278 result_size=1593843
R3 [P2] iter 13: join done, raw=1466539 result_size=1458431
R9 [P2] iter 13: join done, raw=1374150 result_size=1371669
R14 [P2] iter 13: join done, raw=3846585 result_size=3682049
R2 [P2] iter 13: join done, raw=2750168 result_size=2709220
R4 [P2] iter 13: join done, raw=1814871 result_size=1789251
R5 [P2] iter 13: join done, raw=1536421 result_size=1533588
R8 [P2] iter 13: join done, raw=3249994 result_size=3165048
R12 [P2] iter 13: join done, raw=1787005 result_size=1766840
R15 [P2] iter 13: join done, raw=2062863 result_size=2058253
R5 [P2] iter 13: split done, delta_size=1905116
R14 [P2] iter 13: split done, delta_size=1743764
R1 [P2] iter 13: split done, delta_size=1904028
R2 [P2] iter 13: split done, delta_size=1905675
R3 [P2] iter 13: split done, delta_size=1960679
R6 [P2] iter 13: split done, delta_size=2039471
R4 [P2] iter 13: split done, delta_size=2080501
R12 [P2] iter 13: split done, delta_size=2283723
R13 [P2] iter 13: split done, delta_size=2152275
R7 [P2] iter 13: split done, delta_size=2231714
R0 [P2] iter 13: split done, delta_size=1855060
R15 [P2] iter 13: split done, delta_size=2303477
R5 [P2] iter 13: dedup done, delta_size=1553492
R14 [P2] iter 13: dedup done, delta_size=1439654
R5 [P2] iter 13: subtract done, delta_size=381445
R6 [P2] iter 13: dedup done, delta_size=1670980
R4 [P2] iter 13: dedup done, delta_size=1665096
R10 [P2] iter 13: split done, delta_size=2063041
R11 [P2] iter 13: split done, delta_size=2032358
R9 [P2] iter 13: split done, delta_size=2231626
R8 [P2] iter 13: split done, delta_size=1812612
R14 [P2] iter 13: subtract done, delta_size=362916
R12 [P2] iter 13: dedup done, delta_size=1810896
R2 [P2] iter 13: dedup done, delta_size=1546352
R13 [P2] iter 13: dedup done, delta_size=1752690
R7 [P2] iter 13: dedup done, delta_size=1811570
R3 [P2] iter 13: dedup done, delta_size=1598040
R15 [P2] iter 13: dedup done, delta_size=1843931
R6 [P2] iter 13: subtract done, delta_size=393785
R1 [P2] iter 13: dedup done, delta_size=1561555
R0 [P2] iter 13: dedup done, delta_size=1514093
R4 [P2] iter 13: subtract done, delta_size=400119
R12 [P2] iter 13: subtract done, delta_size=455928
R5 [P2] iter 13: merge done, full_size=19255969
R7 [P2] iter 13: subtract done, delta_size=473307
R2 [P2] iter 13: subtract done, delta_size=357565
R3 [P2] iter 13: subtract done, delta_size=405302
R0 [P2] iter 13: subtract done, delta_size=362993
R1 [P2] iter 13: subtract done, delta_size=352337
R14 [P2] iter 13: merge done, full_size=17846619
R13 [P2] iter 13: subtract done, delta_size=454423
R15 [P2] iter 13: subtract done, delta_size=428299
R6 [P2] iter 13: merge done, full_size=19331911
R4 [P2] iter 13: merge done, full_size=18875607
R12 [P2] iter 13: merge done, full_size=18133030
R7 [P2] iter 13: merge done, full_size=19901943
R2 [P2] iter 13: merge done, full_size=17926406
R13 [P2] iter 13: merge done, full_size=19888700
R3 [P2] iter 13: merge done, full_size=18092240
R15 [P2] iter 13: merge done, full_size=20634628
R0 [P2] iter 13: merge done, full_size=19084591
R1 [P2] iter 13: merge done, full_size=20011058
R10 [P2] iter 13: dedup done, delta_size=1690245
R11 [P2] iter 13: dedup done, delta_size=1622731
R8 [P2] iter 13: dedup done, delta_size=1489322
R9 [P2] iter 13: dedup done, delta_size=1789795
R10 [P2] iter 13: subtract done, delta_size=397814
R11 [P2] iter 13: subtract done, delta_size=378561
R8 [P2] iter 13: subtract done, delta_size=314324
R9 [P2] iter 13: subtract done, delta_size=492689
R11 [P2] iter 13: merge done, full_size=18592165
R10 [P2] iter 13: merge done, full_size=19427867
R8 [P2] iter 13: merge done, full_size=18873839
R0 [P2] iter 14 done: global_full_size=305738999
R1 [P2] iter 14 done: global_full_size=305738999
R8 [P2] iter 14 done: global_full_size=305738999
R8 [P2] iter 14: PRE-JOIN GPU mem: 83.8GB free / 85.1GB total | delta_size=314324 full_size=18873839
R2 [P2] iter 14 done: global_full_size=305738999
R9 [P2] iter 13: merge done, full_size=19862426
R9 [P2] iter 14 done: global_full_size=305738999
R9 [P2] iter 14: PRE-JOIN GPU mem: 83.5GB free / 85.1GB total | delta_size=492689 full_size=19862426
R4 [P2] iter 14 done: global_full_size=305738999
R3 [P2] iter 14 done: global_full_size=305738999
R12 [P2] iter 14 done: global_full_size=305738999
R10 [P2] iter 14 done: global_full_size=305738999
R10 [P2] iter 14: PRE-JOIN GPU mem: 83.4GB free / 85.1GB total | delta_size=397814 full_size=19427867
R5 [P2] iter 14 done: global_full_size=305738999
R0 [P2] iter 14: PRE-JOIN GPU mem: 84.3GB free / 85.1GB total | delta_size=362993 full_size=19084591
R13 [P2] iter 14 done: global_full_size=305738999
R11 [P2] iter 14 done: global_full_size=305738999
R11 [P2] iter 14: PRE-JOIN GPU mem: 83.3GB free / 85.1GB total | delta_size=378561 full_size=18592165
R6 [P2] iter 14 done: global_full_size=305738999
R1 [P2] iter 14: PRE-JOIN GPU mem: 84.3GB free / 85.1GB total | delta_size=352337 full_size=20011058
R14 [P2] iter 14 done: global_full_size=305738999
R7 [P2] iter 14 done: global_full_size=305738999
R7 [P2] iter 14: PRE-JOIN GPU mem: 83.8GB free / 85.1GB total | delta_size=473307 full_size=19901943
R2 [P2] iter 14: PRE-JOIN GPU mem: 84.4GB free / 85.1GB total | delta_size=357565 full_size=17926406
R15 [P2] iter 14 done: global_full_size=305738999
R15 [P2] iter 14: PRE-JOIN GPU mem: 83.5GB free / 85.1GB total | delta_size=428299 full_size=20634628
R4 [P2] iter 14: PRE-JOIN GPU mem: 84.3GB free / 85.1GB total | delta_size=400119 full_size=18875607
R3 [P2] iter 14: PRE-JOIN GPU mem: 84.3GB free / 85.1GB total | delta_size=405302 full_size=18092240
R12 [P2] iter 14: PRE-JOIN GPU mem: 83.4GB free / 85.1GB total | delta_size=455928 full_size=18133030
R5 [P2] iter 14: PRE-JOIN GPU mem: 84.2GB free / 85.1GB total | delta_size=381445 full_size=19255969
R13 [P2] iter 14: PRE-JOIN GPU mem: 83.4GB free / 85.1GB total | delta_size=454423 full_size=19888700
R6 [P2] iter 14: PRE-JOIN GPU mem: 84.0GB free / 85.1GB total | delta_size=393785 full_size=19331911
R14 [P2] iter 14: PRE-JOIN GPU mem: 83.4GB free / 85.1GB total | delta_size=362916 full_size=17846619
R6 [P2] iter 14: join done, raw=2916668 result_size=2819292
R0 [P2] iter 14: join done, raw=2160488 result_size=2158819
R1 [P2] iter 14: join done, raw=912548 result_size=906696
R11 [P2] iter 14: join done, raw=1561833 result_size=1560152
R7 [P2] iter 14: join done, raw=1149624 result_size=1133663
R10 [P2] iter 14: join done, raw=2100903 result_size=2096030
R13 [P2] iter 14: join done, raw=3309566 result_size=3297044
R3 [P2] iter 14: join done, raw=2154300 result_size=2014139
R14 [P2] iter 14: join done, raw=2369412 result_size=2260937
R9 [P2] iter 14: join done, raw=3267208 result_size=3247596
R2 [P2] iter 14: join done, raw=1652313 result_size=1614194
R4 [P2] iter 14: join done, raw=828486 result_size=825723
R5 [P2] iter 14: join done, raw=3120442 result_size=2944843
R8 [P2] iter 14: join done, raw=997455 result_size=979727
R15 [P2] iter 14: join done, raw=1678223 result_size=1649382
R12 [P2] iter 14: join done, raw=2546112 result_size=2373414
R14 [P2] iter 14: split done, delta_size=1654914
R11 [P2] iter 14: split done, delta_size=1760558
R13 [P2] iter 14: split done, delta_size=1862560
R0 [P2] iter 14: split done, delta_size=1892745
R8 [P2] iter 14: split done, delta_size=1852765
R6 [P2] iter 14: split done, delta_size=2212114
R2 [P2] iter 14: split done, delta_size=1814193
R4 [P2] iter 14: split done, delta_size=1777916
R10 [P2] iter 14: split done, delta_size=1966858
R15 [P2] iter 14: split done, delta_size=2312756
R5 [P2] iter 14: split done, delta_size=2059038
R12 [P2] iter 14: split done, delta_size=2027385
R1 [P2] iter 14: split done, delta_size=2253940
R3 [P2] iter 14: split done, delta_size=1884338
R9 [P2] iter 14: split done, delta_size=2191639
R7 [P2] iter 14: split done, delta_size=2357932
R11 [P2] iter 14: dedup done, delta_size=1407680
R14 [P2] iter 14: dedup done, delta_size=1328308
R0 [P2] iter 14: dedup done, delta_size=1576910
R13 [P2] iter 14: dedup done, delta_size=1535299
R8 [P2] iter 14: dedup done, delta_size=1528571
R2 [P2] iter 14: dedup done, delta_size=1475888
R10 [P2] iter 14: dedup done, delta_size=1617888
R14 [P2] iter 14: subtract done, delta_size=298830
R11 [P2] iter 14: subtract done, delta_size=411964
R4 [P2] iter 14: dedup done, delta_size=1439578
R0 [P2] iter 14: subtract done, delta_size=469826
R12 [P2] iter 14: dedup done, delta_size=1648394
R9 [P2] iter 14: dedup done, delta_size=1797080
R3 [P2] iter 14: dedup done, delta_size=1529824
R15 [P2] iter 14: dedup done, delta_size=1858566
R1 [P2] iter 14: dedup done, delta_size=1806555
R5 [P2] iter 14: dedup done, delta_size=1702741
R6 [P2] iter 14: dedup done, delta_size=1779966
R8 [P2] iter 14: subtract done, delta_size=420821
R13 [P2] iter 14: subtract done, delta_size=386089
R7 [P2] iter 14: dedup done, delta_size=1924415
R2 [P2] iter 14: subtract done, delta_size=424307
R10 [P2] iter 14: subtract done, delta_size=448888
R4 [P2] iter 14: subtract done, delta_size=396259
R5 [P2] iter 14: subtract done, delta_size=511374
R6 [P2] iter 14: subtract done, delta_size=480588
R3 [P2] iter 14: subtract done, delta_size=491074
R1 [P2] iter 14: subtract done, delta_size=509614
R11 [P2] iter 14: merge done, full_size=19004129
R9 [P2] iter 14: subtract done, delta_size=472242
R12 [P2] iter 14: subtract done, delta_size=389933
R14 [P2] iter 14: merge done, full_size=18145449
R15 [P2] iter 14: subtract done, delta_size=549058
R0 [P2] iter 14: merge done, full_size=19554417
R7 [P2] iter 14: subtract done, delta_size=530027
R8 [P2] iter 14: merge done, full_size=19294660
R13 [P2] iter 14: merge done, full_size=20274789
R10 [P2] iter 14: merge done, full_size=19876755
R2 [P2] iter 14: merge done, full_size=18350713
R4 [P2] iter 14: merge done, full_size=19271866
R12 [P2] iter 14: merge done, full_size=18522963
R15 [P2] iter 14: merge done, full_size=21183686
R9 [P2] iter 14: merge done, full_size=20334668
R5 [P2] iter 14: merge done, full_size=19767343
R3 [P2] iter 14: merge done, full_size=18583314
R1 [P2] iter 14: merge done, full_size=20520672
R6 [P2] iter 14: merge done, full_size=19812499
R0 [P2] iter 15 done: global_full_size=312929893
R4 [P2] iter 15 done: global_full_size=312929893
R1 [P2] iter 15 done: global_full_size=312929893
R12 [P2] iter 15 done: global_full_size=312929893
R8 [P2] iter 15 done: global_full_size=312929893
R5 [P2] iter 15 done: global_full_size=312929893
R2 [P2] iter 15 done: global_full_size=312929893
R13 [P2] iter 15 done: global_full_size=312929893
R9 [P2] iter 15 done: global_full_size=312929893
R6 [P2] iter 15 done: global_full_size=312929893
R3 [P2] iter 15 done: global_full_size=312929893
R14 [P2] iter 15 done: global_full_size=312929893
R10 [P2] iter 15 done: global_full_size=312929893
R7 [P2] iter 14: merge done, full_size=20431970
R7 [P2] iter 15 done: global_full_size=312929893
R2 [P2] iter 15: PRE-JOIN GPU mem: 84.4GB free / 85.1GB total | delta_size=424307 full_size=18350713
R15 [P2] iter 15 done: global_full_size=312929893
R11 [P2] iter 15 done: global_full_size=312929893
R4 [P2] iter 15: PRE-JOIN GPU mem: 84.3GB free / 85.1GB total | delta_size=396259 full_size=19271866
R0 [P2] iter 15: PRE-JOIN GPU mem: 84.3GB free / 85.1GB total | delta_size=469826 full_size=19554417
R12 [P2] iter 15: PRE-JOIN GPU mem: 83.4GB free / 85.1GB total | delta_size=389933 full_size=18522963
R8 [P2] iter 15: PRE-JOIN GPU mem: 83.8GB free / 85.1GB total | delta_size=420821 full_size=19294660
R5 [P2] iter 15: PRE-JOIN GPU mem: 84.2GB free / 85.1GB total | delta_size=511374 full_size=19767343
R1 [P2] iter 15: PRE-JOIN GPU mem: 84.3GB free / 85.1GB total | delta_size=509614 full_size=20520672
R13 [P2] iter 15: PRE-JOIN GPU mem: 83.4GB free / 85.1GB total | delta_size=386089 full_size=20274789
R9 [P2] iter 15: PRE-JOIN GPU mem: 83.5GB free / 85.1GB total | delta_size=472242 full_size=20334668
R6 [P2] iter 15: PRE-JOIN GPU mem: 84.0GB free / 85.1GB total | delta_size=480588 full_size=19812499
R3 [P2] iter 15: PRE-JOIN GPU mem: 84.3GB free / 85.1GB total | delta_size=491074 full_size=18583314
R14 [P2] iter 15: PRE-JOIN GPU mem: 83.4GB free / 85.1GB total | delta_size=298830 full_size=18145449
R10 [P2] iter 15: PRE-JOIN GPU mem: 83.4GB free / 85.1GB total | delta_size=448888 full_size=19876755
R7 [P2] iter 15: PRE-JOIN GPU mem: 83.8GB free / 85.1GB total | delta_size=530027 full_size=20431970
R15 [P2] iter 15: PRE-JOIN GPU mem: 83.5GB free / 85.1GB total | delta_size=549058 full_size=21183686
R11 [P2] iter 15: PRE-JOIN GPU mem: 83.3GB free / 85.1GB total | delta_size=411964 full_size=19004129
R6 [P2] iter 15: join done, raw=3132629 result_size=3075278
R0 [P2] iter 15: join done, raw=3017801 result_size=2988616
R11 [P2] iter 15: join done, raw=2585066 result_size=2573514
R1 [P2] iter 15: join done, raw=1232342 result_size=1181337
R14 [P2] iter 15: join done, raw=1005904 result_size=1003081
R3 [P2] iter 15: join done, raw=1926049 result_size=1868294
R13 [P2] iter 15: join done, raw=2220114 result_size=2205958
R9 [P2] iter 15: join done, raw=1195915 result_size=1186609
R7 [P2] iter 15: join done, raw=1933563 result_size=1931131
R10 [P2] iter 15: join done, raw=3022488 result_size=3022419
R2 [P2] iter 15: join done, raw=1574247 result_size=1570357
R4 [P2] iter 15: join done, raw=1098187 result_size=1097495
R5 [P2] iter 15: join done, raw=2892149 result_size=2887160
R8 [P2] iter 15: join done, raw=2506497 result_size=2497335
R15 [P2] iter 15: join done, raw=1549829 result_size=1528190
R12 [P2] iter 15: join done, raw=1085515 result_size=1084124
R8 [P2] iter 15: split done, delta_size=1764716
R2 [P2] iter 15: split done, delta_size=1720298
R3 [P2] iter 15: split done, delta_size=1805500
R11 [P2] iter 15: split done, delta_size=1916614
R5 [P2] iter 15: split done, delta_size=1899005
R14 [P2] iter 15: split done, delta_size=1824094
R12 [P2] iter 15: split done, delta_size=1806839
R4 [P2] iter 15: split done, delta_size=1835687
R6 [P2] iter 15: split done, delta_size=2063922
R1 [P2] iter 15: split done, delta_size=2282243
R10 [P2] iter 15: split done, delta_size=2086986
R0 [P2] iter 15: split done, delta_size=1979036
R9 [P2] iter 15: split done, delta_size=2028504
R15 [P2] iter 15: split done, delta_size=2106861
R7 [P2] iter 15: split done, delta_size=2406547
R13 [P2] iter 15: split done, delta_size=2174046
R8 [P2] iter 15: dedup done, delta_size=1396198
R5 [P2] iter 15: dedup done, delta_size=1538321
R2 [P2] iter 15: dedup done, delta_size=1400859
R12 [P2] iter 15: dedup done, delta_size=1471290
R14 [P2] iter 15: dedup done, delta_size=1452746
R11 [P2] iter 15: dedup done, delta_size=1559068
R4 [P2] iter 15: dedup done, delta_size=1481124
R3 [P2] iter 15: dedup done, delta_size=1442015
R0 [P2] iter 15: dedup done, delta_size=1580044
R8 [P2] iter 15: subtract done, delta_size=344511
R10 [P2] iter 15: dedup done, delta_size=1653813
R6 [P2] iter 15: dedup done, delta_size=1657587
R1 [P2] iter 15: dedup done, delta_size=1798279
R7 [P2] iter 15: dedup done, delta_size=1887647
R13 [P2] iter 15: dedup done, delta_size=1684605
R9 [P2] iter 15: dedup done, delta_size=1609515
R15 [P2] iter 15: dedup done, delta_size=1732765
R5 [P2] iter 15: subtract done, delta_size=405584
R2 [P2] iter 15: subtract done, delta_size=388909
R11 [P2] iter 15: subtract done, delta_size=422846
R3 [P2] iter 15: subtract done, delta_size=389832
R4 [P2] iter 15: subtract done, delta_size=382571
R12 [P2] iter 15: subtract done, delta_size=388567
R14 [P2] iter 15: subtract done, delta_size=413720
R10 [P2] iter 15: subtract done, delta_size=366267
R6 [P2] iter 15: subtract done, delta_size=473247
R0 [P2] iter 15: subtract done, delta_size=420511
R1 [P2] iter 15: subtract done, delta_size=448165
R13 [P2] iter 15: subtract done, delta_size=385142
R7 [P2] iter 15: subtract done, delta_size=421613
R15 [P2] iter 15: subtract done, delta_size=455800
R8 [P2] iter 15: merge done, full_size=19639171
R9 [P2] iter 15: subtract done, delta_size=370051
R5 [P2] iter 15: merge done, full_size=20172927
R11 [P2] iter 15: merge done, full_size=19426975
R2 [P2] iter 15: merge done, full_size=18739622
R14 [P2] iter 15: merge done, full_size=18559169
R4 [P2] iter 15: merge done, full_size=19654437
R12 [P2] iter 15: merge done, full_size=18911530
R3 [P2] iter 15: merge done, full_size=18973146
R10 [P2] iter 15: merge done, full_size=20243022
R6 [P2] iter 15: merge done, full_size=20285746
R1 [P2] iter 15: merge done, full_size=20968837
R13 [P2] iter 15: merge done, full_size=20659931
R9 [P2] iter 15: merge done, full_size=20704719
R7 [P2] iter 15: merge done, full_size=20853583
R15 [P2] iter 15: merge done, full_size=21639486
R0 [P2] iter 15: merge done, full_size=19974928
R0 [P2] iter 16 done: global_full_size=319407229
R8 [P2] iter 16 done: global_full_size=319407229
R9 [P2] iter 16 done: global_full_size=319407229
R1 [P2] iter 16 done: global_full_size=319407229
R10 [P2] iter 16 done: global_full_size=319407229
R4 [P2] iter 16 done: global_full_size=319407229
R2 [P2] iter 16 done: global_full_size=319407229
R11 [P2] iter 16 done: global_full_size=319407229
R5 [P2] iter 16 done: global_full_size=319407229
R3 [P2] iter 16 done: global_full_size=319407229
R12 [P2] iter 16 done: global_full_size=319407229
R12 [P2] iter 16: PRE-JOIN GPU mem: 83.4GB free / 85.1GB total | delta_size=388567 full_size=18911530
R9 [P2] iter 16: PRE-JOIN GPU mem: 83.5GB free / 85.1GB total | delta_size=370051 full_size=20704719
R6 [P2] iter 16 done: global_full_size=319407229
R0 [P2] iter 16: PRE-JOIN GPU mem: 84.3GB free / 85.1GB total | delta_size=420511 full_size=19974928
R13 [P2] iter 16 done: global_full_size=319407229
R13 [P2] iter 16: PRE-JOIN GPU mem: 83.3GB free / 85.1GB total | delta_size=385142 full_size=20659931
R8 [P2] iter 16: PRE-JOIN GPU mem: 83.8GB free / 85.1GB total | delta_size=344511 full_size=19639171
R7 [P2] iter 16 done: global_full_size=319407229
R7 [P2] iter 16: PRE-JOIN GPU mem: 83.8GB free / 85.1GB total | delta_size=421613 full_size=20853583
R1 [P2] iter 16: PRE-JOIN GPU mem: 84.3GB free / 85.1GB total | delta_size=448165 full_size=20968837
R14 [P2] iter 16 done: global_full_size=319407229
R14 [P2] iter 16: PRE-JOIN GPU mem: 83.4GB free / 85.1GB total | delta_size=413720 full_size=18559169
R10 [P2] iter 16: PRE-JOIN GPU mem: 83.3GB free / 85.1GB total | delta_size=366267 full_size=20243022
R4 [P2] iter 16: PRE-JOIN GPU mem: 84.3GB free / 85.1GB total | delta_size=382571 full_size=19654437
R2 [P2] iter 16: PRE-JOIN GPU mem: 84.4GB free / 85.1GB total | delta_size=388909 full_size=18739622
R15 [P2] iter 16 done: global_full_size=319407229
R15 [P2] iter 16: PRE-JOIN GPU mem: 83.5GB free / 85.1GB total | delta_size=455800 full_size=21639486
R11 [P2] iter 16: PRE-JOIN GPU mem: 83.3GB free / 85.1GB total | delta_size=422846 full_size=19426975
R5 [P2] iter 16: PRE-JOIN GPU mem: 84.2GB free / 85.1GB total | delta_size=405584 full_size=20172927
R3 [P2] iter 16: PRE-JOIN GPU mem: 84.3GB free / 85.1GB total | delta_size=389832 full_size=18973146
R6 [P2] iter 16: PRE-JOIN GPU mem: 84.0GB free / 85.1GB total | delta_size=473247 full_size=20285746
R6 [P2] iter 16: join done, raw=1958437 result_size=1956793
R11 [P2] iter 16: join done, raw=1862441 result_size=1854797
R0 [P2] iter 16: join done, raw=2344594 result_size=2339551
R13 [P2] iter 16: join done, raw=1450837 result_size=1450268
R7 [P2] iter 16: join done, raw=872991 result_size=861757
R1 [P2] iter 16: join done, raw=2502225 result_size=2341057
R3 [P2] iter 16: join done, raw=2157563 result_size=2149009
R9 [P2] iter 16: join done, raw=1220320 result_size=1220048
R14 [P2] iter 16: join done, raw=2444861 result_size=2422959
R10 [P2] iter 16: join done, raw=2811449 result_size=2761088
R2 [P2] iter 16: join done, raw=983302 result_size=958075
R5 [P2] iter 16: join done, raw=1676977 result_size=1628225
R4 [P2] iter 16: join done, raw=489009 result_size=481119
R8 [P2] iter 16: join done, raw=1386752 result_size=1372403
R15 [P2] iter 16: join done, raw=1611402 result_size=1607901
R12 [P2] iter 16: join done, raw=1146571 result_size=1145610
R12 [P2] iter 16: split done, delta_size=1519451
R3 [P2] iter 16: split done, delta_size=1573144
R6 [P2] iter 16: split done, delta_size=1635118
R14 [P2] iter 16: split done, delta_size=1400699
R11 [P2] iter 16: split done, delta_size=1488230
R10 [P2] iter 16: split done, delta_size=1483598
R9 [P2] iter 16: split done, delta_size=1714464
R2 [P2] iter 16: split done, delta_size=1694038
R4 [P2] iter 16: split done, delta_size=1654051
R0 [P2] iter 16: split done, delta_size=1886723
R13 [P2] iter 16: split done, delta_size=1628551
R15 [P2] iter 16: split done, delta_size=1797695
R8 [P2] iter 16: split done, delta_size=1758587
R5 [P2] iter 16: split done, delta_size=1677134
R1 [P2] iter 16: split done, delta_size=1840232
R7 [P2] iter 16: split done, delta_size=1798945
R6 [P2] iter 16: dedup done, delta_size=1334846
R3 [P2] iter 16: dedup done, delta_size=1289730
R12 [P2] iter 16: dedup done, delta_size=1259085
R14 [P2] iter 16: dedup done, delta_size=1162502
R4 [P2] iter 16: dedup done, delta_size=1334897
R11 [P2] iter 16: dedup done, delta_size=1203053
R10 [P2] iter 16: dedup done, delta_size=1214190
R5 [P2] iter 16: dedup done, delta_size=1380562
R0 [P2] iter 16: dedup done, delta_size=1518207
R13 [P2] iter 16: dedup done, delta_size=1343688
R15 [P2] iter 16: dedup done, delta_size=1457604
R7 [P2] iter 16: dedup done, delta_size=1472314
R9 [P2] iter 16: dedup done, delta_size=1398717
R6 [P2] iter 16: subtract done, delta_size=329175
R8 [P2] iter 16: dedup done, delta_size=1431261
R12 [P2] iter 16: subtract done, delta_size=323938
R14 [P2] iter 16: subtract done, delta_size=277257
R4 [P2] iter 16: subtract done, delta_size=363826
R10 [P2] iter 16: subtract done, delta_size=282165
R5 [P2] iter 16: subtract done, delta_size=318902
R11 [P2] iter 16: subtract done, delta_size=285967
R0 [P2] iter 16: subtract done, delta_size=354382
R1 [P2] iter 16: dedup done, delta_size=1495193
R2 [P2] iter 16: dedup done, delta_size=1367081
R3 [P2] iter 16: subtract done, delta_size=341020
R13 [P2] iter 16: subtract done, delta_size=280851
R15 [P2] iter 16: subtract done, delta_size=346258
R7 [P2] iter 16: subtract done, delta_size=311016
R8 [P2] iter 16: subtract done, delta_size=382297
R2 [P2] iter 16: subtract done, delta_size=385449
R1 [P2] iter 16: subtract done, delta_size=339157
R9 [P2] iter 16: subtract done, delta_size=339257
R6 [P2] iter 16: merge done, full_size=20614921
R3 [P2] iter 16: merge done, full_size=19314166
R12 [P2] iter 16: merge done, full_size=19235468
R4 [P2] iter 16: merge done, full_size=20018263
R14 [P2] iter 16: merge done, full_size=18836426
R5 [P2] iter 16: merge done, full_size=20491829
R0 [P2] iter 16: merge done, full_size=20329310
R10 [P2] iter 16: merge done, full_size=20525187
R13 [P2] iter 16: merge done, full_size=20940782
R7 [P2] iter 16: merge done, full_size=21164599
R15 [P2] iter 16: merge done, full_size=21985744
R11 [P2] iter 16: merge done, full_size=19712942
R8 [P2] iter 16: merge done, full_size=20021468
R2 [P2] iter 16: merge done, full_size=19125071
R9 [P2] iter 16: merge done, full_size=21043976
R8 [P2] iter 17 done: global_full_size=324668146
R9 [P2] iter 17 done: global_full_size=324668146
R12 [P2] iter 17 done: global_full_size=324668146
R10 [P2] iter 17 done: global_full_size=324668146
R4 [P2] iter 17 done: global_full_size=324668146
R0 [P2] iter 17 done: global_full_size=324668146
R13 [P2] iter 17 done: global_full_size=324668146
R11 [P2] iter 17 done: global_full_size=324668146
R5 [P2] iter 17 done: global_full_size=324668146
R1 [P2] iter 16: merge done, full_size=21307994
R1 [P2] iter 17 done: global_full_size=324668146
R14 [P2] iter 17 done: global_full_size=324668146
R8 [P2] iter 17: PRE-JOIN GPU mem: 83.8GB free / 85.1GB total | delta_size=382297 full_size=20021468
R6 [P2] iter 17 done: global_full_size=324668146
R2 [P2] iter 17 done: global_full_size=324668146
R15 [P2] iter 17 done: global_full_size=324668146
R15 [P2] iter 17: PRE-JOIN GPU mem: 83.5GB free / 85.1GB total | delta_size=346258 full_size=21985744
R9 [P2] iter 17: PRE-JOIN GPU mem: 83.5GB free / 85.1GB total | delta_size=339257 full_size=21043976
R7 [P2] iter 17 done: global_full_size=324668146
R3 [P2] iter 17 done: global_full_size=324668146
R12 [P2] iter 17: PRE-JOIN GPU mem: 83.4GB free / 85.1GB total | delta_size=323938 full_size=19235468
R11 [P2] iter 17: PRE-JOIN GPU mem: 83.3GB free / 85.1GB total | delta_size=285967 full_size=19712942
R4 [P2] iter 17: PRE-JOIN GPU mem: 84.3GB free / 85.1GB total | delta_size=363826 full_size=20018263
R0 [P2] iter 17: PRE-JOIN GPU mem: 84.3GB free / 85.1GB total | delta_size=354382 full_size=20329310
R13 [P2] iter 17: PRE-JOIN GPU mem: 83.4GB free / 85.1GB total | delta_size=280851 full_size=20940782
R10 [P2] iter 17: PRE-JOIN GPU mem: 83.4GB free / 85.1GB total | delta_size=282165 full_size=20525187
R5 [P2] iter 17: PRE-JOIN GPU mem: 84.2GB free / 85.1GB total | delta_size=318902 full_size=20491829
R1 [P2] iter 17: PRE-JOIN GPU mem: 84.3GB free / 85.1GB total | delta_size=339157 full_size=21307994
R14 [P2] iter 17: PRE-JOIN GPU mem: 83.4GB free / 85.1GB total | delta_size=277257 full_size=18836426
R6 [P2] iter 17: PRE-JOIN GPU mem: 84.0GB free / 85.1GB total | delta_size=329175 full_size=20614921
R2 [P2] iter 17: PRE-JOIN GPU mem: 84.4GB free / 85.1GB total | delta_size=385449 full_size=19125071
R7 [P2] iter 17: PRE-JOIN GPU mem: 83.8GB free / 85.1GB total | delta_size=311016 full_size=21164599
R3 [P2] iter 17: PRE-JOIN GPU mem: 84.3GB free / 85.1GB total | delta_size=341020 full_size=19314166
R6 [P2] iter 17: join done, raw=1163300 result_size=1112800
R11 [P2] iter 17: join done, raw=618038 result_size=618038
R0 [P2] iter 17: join done, raw=1737772 result_size=1730746
R1 [P2] iter 17: join done, raw=1214360 result_size=1211299
R13 [P2] iter 17: join done, raw=1833284 result_size=1790846
R7 [P2] iter 17: join done, raw=1458154 result_size=1457251
R3 [P2] iter 17: join done, raw=1489697 result_size=1488054
R9 [P2] iter 17: join done, raw=634978 result_size=634244
R14 [P2] iter 17: join done, raw=1836422 result_size=1833309
R10 [P2] iter 17: join done, raw=2654674 result_size=2646633
R2 [P2] iter 17: join done, raw=1041696 result_size=1039100
R5 [P2] iter 17: join done, raw=1223965 result_size=1223153
R4 [P2] iter 17: join done, raw=2425720 result_size=2425110
R8 [P2] iter 17: join done, raw=1900388 result_size=1834239
R15 [P2] iter 17: join done, raw=1848964 result_size=1819367
R12 [P2] iter 17: join done, raw=1170665 result_size=1157450
R12 [P2] iter 17: split done, delta_size=1335604
R3 [P2] iter 17: split done, delta_size=1476124
R9 [P2] iter 17: split done, delta_size=1544603
R4 [P2] iter 17: split done, delta_size=1404075
R11 [P2] iter 17: split done, delta_size=1418206
R1 [P2] iter 17: split done, delta_size=1547931
R0 [P2] iter 17: split done, delta_size=1325225
R6 [P2] iter 17: split done, delta_size=1522667
R14 [P2] iter 17: split done, delta_size=1382161
R15 [P2] iter 17: split done, delta_size=1529859
R5 [P2] iter 17: split done, delta_size=1586830
R10 [P2] iter 17: split done, delta_size=1371558
R2 [P2] iter 17: split done, delta_size=1559654
R13 [P2] iter 17: split done, delta_size=1538801
R8 [P2] iter 17: split done, delta_size=1669181
R7 [P2] iter 17: split done, delta_size=1809160
R3 [P2] iter 17: dedup done, delta_size=1198134
R12 [P2] iter 17: dedup done, delta_size=1116053
R4 [P2] iter 17: dedup done, delta_size=1143519
R9 [P2] iter 17: dedup done, delta_size=1255678
R0 [P2] iter 17: dedup done, delta_size=1071395
R6 [P2] iter 17: dedup done, delta_size=1220398
R11 [P2] iter 17: dedup done, delta_size=1166670
R15 [P2] iter 17: dedup done, delta_size=1246088
R14 [P2] iter 17: dedup done, delta_size=1078689
R12 [P2] iter 17: subtract done, delta_size=248709
R10 [P2] iter 17: dedup done, delta_size=1119109
R2 [P2] iter 17: dedup done, delta_size=1263685
R3 [P2] iter 17: subtract done, delta_size=315340
R1 [P2] iter 17: dedup done, delta_size=1276508
R4 [P2] iter 17: subtract done, delta_size=287475
R5 [P2] iter 17: dedup done, delta_size=1266131
R13 [P2] iter 17: dedup done, delta_size=1249227
R8 [P2] iter 17: dedup done, delta_size=1360904
R9 [P2] iter 17: subtract done, delta_size=347708
R7 [P2] iter 17: dedup done, delta_size=1461666
R0 [P2] iter 17: subtract done, delta_size=244116
R11 [P2] iter 17: subtract done, delta_size=324995
R6 [P2] iter 17: subtract done, delta_size=325593
R14 [P2] iter 17: subtract done, delta_size=223615
R10 [P2] iter 17: subtract done, delta_size=240087
R1 [P2] iter 17: subtract done, delta_size=298581
R15 [P2] iter 17: subtract done, delta_size=279339
R8 [P2] iter 17: subtract done, delta_size=364743
R2 [P2] iter 17: subtract done, delta_size=294252
R5 [P2] iter 17: subtract done, delta_size=308987
R13 [P2] iter 17: subtract done, delta_size=260983
R4 [P2] iter 17: merge done, full_size=20305738
R12 [P2] iter 17: merge done, full_size=19484177
R7 [P2] iter 17: subtract done, delta_size=338223
R9 [P2] iter 17: merge done, full_size=21391684
R3 [P2] iter 17: merge done, full_size=19629506
R6 [P2] iter 17: merge done, full_size=20940514
R0 [P2] iter 17: merge done, full_size=20573426
R11 [P2] iter 17: merge done, full_size=20037937
R14 [P2] iter 17: merge done, full_size=19060041
R5 [P2] iter 17: merge done, full_size=20800816
R10 [P2] iter 17: merge done, full_size=20765274
R1 [P2] iter 17: merge done, full_size=21606575
R15 [P2] iter 17: merge done, full_size=22265083
R8 [P2] iter 17: merge done, full_size=20386211
R2 [P2] iter 17: merge done, full_size=19419323
R13 [P2] iter 17: merge done, full_size=21201765
R0 [P2] iter 18 done: global_full_size=329370892
R12 [P2] iter 18 done: global_full_size=329370892
R4 [P2] iter 18 done: global_full_size=329370892
R1 [P2] iter 18 done: global_full_size=329370892
R13 [P2] iter 18 done: global_full_size=329370892
R8 [P2] iter 18 done: global_full_size=329370892
R5 [P2] iter 18 done: global_full_size=329370892
R2 [P2] iter 18 done: global_full_size=329370892
R14 [P2] iter 18 done: global_full_size=329370892
R9 [P2] iter 18 done: global_full_size=329370892
R6 [P2] iter 18 done: global_full_size=329370892
R3 [P2] iter 18 done: global_full_size=329370892
R15 [P2] iter 18 done: global_full_size=329370892
R10 [P2] iter 18 done: global_full_size=329370892
R7 [P2] iter 17: merge done, full_size=21502822
R7 [P2] iter 18 done: global_full_size=329370892
R0 [P2] iter 18: PRE-JOIN GPU mem: 84.3GB free / 85.1GB total | delta_size=244116 full_size=20573426
R12 [P2] iter 18: PRE-JOIN GPU mem: 83.4GB free / 85.1GB total | delta_size=248709 full_size=19484177
R11 [P2] iter 18 done: global_full_size=329370892
R4 [P2] iter 18: PRE-JOIN GPU mem: 84.3GB free / 85.1GB total | delta_size=287475 full_size=20305738
R1 [P2] iter 18: PRE-JOIN GPU mem: 84.3GB free / 85.1GB total | delta_size=298581 full_size=21606575
R13 [P2] iter 18: PRE-JOIN GPU mem: 83.4GB free / 85.1GB total | delta_size=260983 full_size=21201765
R8 [P2] iter 18: PRE-JOIN GPU mem: 83.8GB free / 85.1GB total | delta_size=364743 full_size=20386211
R5 [P2] iter 18: PRE-JOIN GPU mem: 84.2GB free / 85.1GB total | delta_size=308987 full_size=20800816
R2 [P2] iter 18: PRE-JOIN GPU mem: 84.4GB free / 85.1GB total | delta_size=294252 full_size=19419323
R14 [P2] iter 18: PRE-JOIN GPU mem: 83.4GB free / 85.1GB total | delta_size=223615 full_size=19060041
R9 [P2] iter 18: PRE-JOIN GPU mem: 83.5GB free / 85.1GB total | delta_size=347708 full_size=21391684
R6 [P2] iter 18: PRE-JOIN GPU mem: 84.0GB free / 85.1GB total | delta_size=325593 full_size=20940514
R3 [P2] iter 18: PRE-JOIN GPU mem: 84.3GB free / 85.1GB total | delta_size=315340 full_size=19629506
R15 [P2] iter 18: PRE-JOIN GPU mem: 83.5GB free / 85.1GB total | delta_size=279339 full_size=22265083
R10 [P2] iter 18: PRE-JOIN GPU mem: 83.3GB free / 85.1GB total | delta_size=240087 full_size=20765274
R7 [P2] iter 18: PRE-JOIN GPU mem: 83.8GB free / 85.1GB total | delta_size=338223 full_size=21502822
R11 [P2] iter 18: PRE-JOIN GPU mem: 83.3GB free / 85.1GB total | delta_size=324995 full_size=20037937
R6 [P2] iter 18: join done, raw=958611 result_size=953970
R0 [P2] iter 18: join done, raw=1811656 result_size=1811141
R11 [P2] iter 18: join done, raw=2640471 result_size=2633028
R13 [P2] iter 18: join done, raw=1284887 result_size=1282869
R1 [P2] iter 18: join done, raw=1722724 result_size=1722430
R10 [P2] iter 18: join done, raw=972453 result_size=966191
R7 [P2] iter 18: join done, raw=553011 result_size=552042
R14 [P2] iter 18: join done, raw=1041612 result_size=1040678
R3 [P2] iter 18: join done, raw=1639858 result_size=1634076
R9 [P2] iter 18: join done, raw=1465976 result_size=1465277
R2 [P2] iter 18: join done, raw=2235989 result_size=2024904
R5 [P2] iter 18: join done, raw=833080 result_size=826727
R4 [P2] iter 18: join done, raw=644806 result_size=644778
R8 [P2] iter 18: join done, raw=1247596 result_size=1247531
R15 [P2] iter 18: join done, raw=1334777 result_size=1300610
R12 [P2] iter 18: join done, raw=1638353 result_size=1625512
R2 [P2] iter 18: split done, delta_size=1282896
R10 [P2] iter 18: split done, delta_size=1177157
R5 [P2] iter 18: split done, delta_size=1302810
R3 [P2] iter 18: split done, delta_size=1252081
R9 [P2] iter 18: split done, delta_size=1195302
R12 [P2] iter 18: split done, delta_size=1231607
R14 [P2] iter 18: split done, delta_size=1167361
R13 [P2] iter 18: split done, delta_size=1373640
R8 [P2] iter 18: split done, delta_size=1407627
R6 [P2] iter 18: split done, delta_size=1453697
R11 [P2] iter 18: split done, delta_size=1288471
R0 [P2] iter 18: split done, delta_size=1380025
R15 [P2] iter 18: split done, delta_size=1574263
R7 [P2] iter 18: split done, delta_size=1770749
R1 [P2] iter 18: split done, delta_size=1507959
R4 [P2] iter 18: split done, delta_size=1366119
R10 [P2] iter 18: dedup done, delta_size=988406
R14 [P2] iter 18: dedup done, delta_size=955454
R5 [P2] iter 18: dedup done, delta_size=1070764
R3 [P2] iter 18: dedup done, delta_size=1024794
R2 [P2] iter 18: dedup done, delta_size=1049741
R9 [P2] iter 18: dedup done, delta_size=969041
R12 [P2] iter 18: dedup done, delta_size=1003516
R0 [P2] iter 18: dedup done, delta_size=1093517
R8 [P2] iter 18: dedup done, delta_size=1118142
R13 [P2] iter 18: dedup done, delta_size=1134987
R5 [P2] iter 18: subtract done, delta_size=246442
R15 [P2] iter 18: dedup done, delta_size=1240025
R10 [P2] iter 18: subtract done, delta_size=325228
R14 [P2] iter 18: subtract done, delta_size=210278
R11 [P2] iter 18: dedup done, delta_size=1040148
R3 [P2] iter 18: subtract done, delta_size=280313
R4 [P2] iter 18: dedup done, delta_size=1103865
R1 [P2] iter 18: dedup done, delta_size=1241045
R6 [P2] iter 18: dedup done, delta_size=1159194
R2 [P2] iter 18: subtract done, delta_size=251964
R12 [P2] iter 18: subtract done, delta_size=240629
R9 [P2] iter 18: subtract done, delta_size=220261
R7 [P2] iter 18: dedup done, delta_size=1385267
R0 [P2] iter 18: subtract done, delta_size=290306
R8 [P2] iter 18: subtract done, delta_size=262008
R13 [P2] iter 18: subtract done, delta_size=247970
R4 [P2] iter 18: subtract done, delta_size=301629
R15 [P2] iter 18: subtract done, delta_size=291180
R11 [P2] iter 18: subtract done, delta_size=209803
R1 [P2] iter 18: subtract done, delta_size=325697
R5 [P2] iter 18: merge done, full_size=21047258
R6 [P2] iter 18: subtract done, delta_size=280024
R3 [P2] iter 18: merge done, full_size=19909819
R14 [P2] iter 18: merge done, full_size=19270319
R10 [P2] iter 18: merge done, full_size=21090502
R7 [P2] iter 18: subtract done, delta_size=301074
R2 [P2] iter 18: merge done, full_size=19671287
R12 [P2] iter 18: merge done, full_size=19724806
R9 [P2] iter 18: merge done, full_size=21611945
R0 [P2] iter 18: merge done, full_size=20863732
R8 [P2] iter 18: merge done, full_size=20648219
R15 [P2] iter 18: merge done, full_size=22556263
R4 [P2] iter 18: merge done, full_size=20607367
R11 [P2] iter 18: merge done, full_size=20247740
R13 [P2] iter 18: merge done, full_size=21449735
R6 [P2] iter 18: merge done, full_size=21220538
R1 [P2] iter 18: merge done, full_size=21932272
R0 [P2] iter 19 done: global_full_size=333655698
R1 [P2] iter 19 done: global_full_size=333655698
R4 [P2] iter 19 done: global_full_size=333655698
R2 [P2] iter 19 done: global_full_size=333655698
R12 [P2] iter 19 done: global_full_size=333655698
R8 [P2] iter 19 done: global_full_size=333655698
R5 [P2] iter 19 done: global_full_size=333655698
R3 [P2] iter 19 done: global_full_size=333655698
R13 [P2] iter 19 done: global_full_size=333655698
R9 [P2] iter 19 done: global_full_size=333655698
R6 [P2] iter 19 done: global_full_size=333655698
R1 [P2] iter 19: PRE-JOIN GPU mem: 84.3GB free / 85.1GB total | delta_size=325697 full_size=21932272
R14 [P2] iter 19 done: global_full_size=333655698
R10 [P2] iter 19 done: global_full_size=333655698
R7 [P2] iter 18: merge done, full_size=21803896
R7 [P2] iter 19 done: global_full_size=333655698
R2 [P2] iter 19: PRE-JOIN GPU mem: 84.4GB free / 85.1GB total | delta_size=251964 full_size=19671287
R15 [P2] iter 19 done: global_full_size=333655698
R11 [P2] iter 19 done: global_full_size=333655698
R4 [P2] iter 19: PRE-JOIN GPU mem: 84.3GB free / 85.1GB total | delta_size=301629 full_size=20607367
R0 [P2] iter 19: PRE-JOIN GPU mem: 84.3GB free / 85.1GB total | delta_size=290306 full_size=20863732
R12 [P2] iter 19: PRE-JOIN GPU mem: 83.4GB free / 85.1GB total | delta_size=240629 full_size=19724806
R8 [P2] iter 19: PRE-JOIN GPU mem: 83.8GB free / 85.1GB total | delta_size=262008 full_size=20648219
R5 [P2] iter 19: PRE-JOIN GPU mem: 84.2GB free / 85.1GB total | delta_size=246442 full_size=21047258
R3 [P2] iter 19: PRE-JOIN GPU mem: 84.3GB free / 85.1GB total | delta_size=280313 full_size=19909819
R13 [P2] iter 19: PRE-JOIN GPU mem: 83.3GB free / 85.1GB total | delta_size=247970 full_size=21449735
R9 [P2] iter 19: PRE-JOIN GPU mem: 83.5GB free / 85.1GB total | delta_size=220261 full_size=21611945
R6 [P2] iter 19: PRE-JOIN GPU mem: 84.0GB free / 85.1GB total | delta_size=280024 full_size=21220538
R14 [P2] iter 19: PRE-JOIN GPU mem: 83.4GB free / 85.1GB total | delta_size=210278 full_size=19270319
R10 [P2] iter 19: PRE-JOIN GPU mem: 83.3GB free / 85.1GB total | delta_size=325228 full_size=21090502
R7 [P2] iter 19: PRE-JOIN GPU mem: 83.8GB free / 85.1GB total | delta_size=301074 full_size=21803896
R15 [P2] iter 19: PRE-JOIN GPU mem: 83.5GB free / 85.1GB total | delta_size=291180 full_size=22556263
R11 [P2] iter 19: PRE-JOIN GPU mem: 83.3GB free / 85.1GB total | delta_size=209803 full_size=20247740
R6 [P2] iter 19: join done, raw=1050389 result_size=1029942
R11 [P2] iter 19: join done, raw=1613960 result_size=1575876
R0 [P2] iter 19: join done, raw=1266216 result_size=1234333
R13 [P2] iter 19: join done, raw=948104 result_size=944484
R1 [P2] iter 19: join done, raw=1093556 result_size=1092792
R10 [P2] iter 19: join done, raw=828526 result_size=803471
R3 [P2] iter 19: join done, raw=1358732 result_size=1357851
R14 [P2] iter 19: join done, raw=1286956 result_size=1286372
R9 [P2] iter 19: join done, raw=775314 result_size=775130
R7 [P2] iter 19: join done, raw=1573757 result_size=1545953
R5 [P2] iter 19: join done, raw=735444 result_size=720081
R2 [P2] iter 19: join done, raw=1239121 result_size=1239093
R4 [P2] iter 19: join done, raw=331907 result_size=329570
R8 [P2] iter 19: join done, raw=1106622 result_size=1106611
R15 [P2] iter 19: join done, raw=1098418 result_size=1077416
R12 [P2] iter 19: join done, raw=653637 result_size=652504
R6 [P2] iter 19: split done, delta_size=906623
R10 [P2] iter 19: split done, delta_size=978512
R8 [P2] iter 19: split done, delta_size=955835
R4 [P2] iter 19: split done, delta_size=1105910
R9 [P2] iter 19: split done, delta_size=1159346
R11 [P2] iter 19: split done, delta_size=949626
R5 [P2] iter 19: split done, delta_size=1221449
R7 [P2] iter 19: split done, delta_size=1283187
R6 [P2] iter 19: dedup done, delta_size=726926
R10 [P2] iter 19: dedup done, delta_size=797112
R4 [P2] iter 19: dedup done, delta_size=904070
R8 [P2] iter 19: dedup done, delta_size=795125
R6 [P2] iter 19: subtract done, delta_size=134676
R9 [P2] iter 19: dedup done, delta_size=925687
R5 [P2] iter 19: dedup done, delta_size=994094
R7 [P2] iter 19: dedup done, delta_size=1047296
R0 [P2] iter 19: split done, delta_size=1052224
R2 [P2] iter 19: split done, delta_size=903772
R1 [P2] iter 19: split done, delta_size=967169
R3 [P2] iter 19: split done, delta_size=1174704
R11 [P2] iter 19: dedup done, delta_size=764577
R10 [P2] iter 19: subtract done, delta_size=160573
R15 [P2] iter 19: split done, delta_size=972335
R14 [P2] iter 19: split done, delta_size=924133
R13 [P2] iter 19: split done, delta_size=1128590
R12 [P2] iter 19: split done, delta_size=1088064
R4 [P2] iter 19: subtract done, delta_size=152668
R8 [P2] iter 19: subtract done, delta_size=158456
R9 [P2] iter 19: subtract done, delta_size=212779
R5 [P2] iter 19: subtract done, delta_size=175642
R7 [P2] iter 19: subtract done, delta_size=178133
R11 [P2] iter 19: subtract done, delta_size=138037
R4 [P2] iter 19: merge done, full_size=20760035
R10 [P2] iter 19: merge done, full_size=21251075
R6 [P2] iter 19: merge done, full_size=21355214
R8 [P2] iter 19: merge done, full_size=20806675
R7 [P2] iter 19: merge done, full_size=21982029
R9 [P2] iter 19: merge done, full_size=21824724
R5 [P2] iter 19: merge done, full_size=21222900
R11 [P2] iter 19: merge done, full_size=20385777
R14 [P2] iter 19: dedup done, delta_size=766480
R12 [P2] iter 19: dedup done, delta_size=892752
R15 [P2] iter 19: dedup done, delta_size=817655
R13 [P2] iter 19: dedup done, delta_size=926010
R0 [P2] iter 19: dedup done, delta_size=902154
R2 [P2] iter 19: dedup done, delta_size=733653
R3 [P2] iter 19: dedup done, delta_size=940061
R1 [P2] iter 19: dedup done, delta_size=795677
R0 [P2] iter 19: subtract done, delta_size=185731
R14 [P2] iter 19: subtract done, delta_size=135861
R3 [P2] iter 19: subtract done, delta_size=162386
R2 [P2] iter 19: subtract done, delta_size=119076
R1 [P2] iter 19: subtract done, delta_size=137647
R12 [P2] iter 19: subtract done, delta_size=158464
R15 [P2] iter 19: subtract done, delta_size=137400
R13 [P2] iter 19: subtract done, delta_size=160604
R0 [P2] iter 19: merge done, full_size=21049463
R2 [P2] iter 19: merge done, full_size=19790363
R1 [P2] iter 19: merge done, full_size=22069919
R3 [P2] iter 19: merge done, full_size=20072205
R12 [P2] iter 19: merge done, full_size=19883270
R14 [P2] iter 19: merge done, full_size=19406180
R13 [P2] iter 19: merge done, full_size=21610339
R0 [P2] iter 20 done: global_full_size=336163831
R8 [P2] iter 20 done: global_full_size=336163831
R4 [P2] iter 20 done: global_full_size=336163831
R1 [P2] iter 20 done: global_full_size=336163831
R1 [P2] iter 20: PRE-JOIN GPU mem: 84.3GB free / 85.1GB total | delta_size=137647 full_size=22069919
R12 [P2] iter 20 done: global_full_size=336163831
R9 [P2] iter 20 done: global_full_size=336163831
R9 [P2] iter 20: PRE-JOIN GPU mem: 83.5GB free / 85.1GB total | delta_size=212779 full_size=21824724
R5 [P2] iter 20 done: global_full_size=336163831
R5 [P2] iter 20: PRE-JOIN GPU mem: 84.2GB free / 85.1GB total | delta_size=175642 full_size=21222900
R2 [P2] iter 20 done: global_full_size=336163831
R2 [P2] iter 20: PRE-JOIN GPU mem: 84.4GB free / 85.1GB total | delta_size=119076 full_size=19790363
R13 [P2] iter 20 done: global_full_size=336163831
R13 [P2] iter 20: PRE-JOIN GPU mem: 83.3GB free / 85.1GB total | delta_size=160604 full_size=21610339
R10 [P2] iter 20 done: global_full_size=336163831
R10 [P2] iter 20: PRE-JOIN GPU mem: 83.3GB free / 85.1GB total | delta_size=160573 full_size=21251075
R6 [P2] iter 20 done: global_full_size=336163831
R6 [P2] iter 20: PRE-JOIN GPU mem: 84.0GB free / 85.1GB total | delta_size=134676 full_size=21355214
R3 [P2] iter 20 done: global_full_size=336163831
R3 [P2] iter 20: PRE-JOIN GPU mem: 84.3GB free / 85.1GB total | delta_size=162386 full_size=20072205
R14 [P2] iter 20 done: global_full_size=336163831
R14 [P2] iter 20: PRE-JOIN GPU mem: 83.4GB free / 85.1GB total | delta_size=135861 full_size=19406180
R11 [P2] iter 20 done: global_full_size=336163831
R11 [P2] iter 20: PRE-JOIN GPU mem: 83.3GB free / 85.1GB total | delta_size=138037 full_size=20385777
R7 [P2] iter 20 done: global_full_size=336163831
R7 [P2] iter 20: PRE-JOIN GPU mem: 83.8GB free / 85.1GB total | delta_size=178133 full_size=21982029
R0 [P2] iter 20: PRE-JOIN GPU mem: 84.3GB free / 85.1GB total | delta_size=185731 full_size=21049463
R15 [P2] iter 19: merge done, full_size=22693663
R15 [P2] iter 20 done: global_full_size=336163831
R15 [P2] iter 20: PRE-JOIN GPU mem: 83.5GB free / 85.1GB total | delta_size=137400 full_size=22693663
R8 [P2] iter 20: PRE-JOIN GPU mem: 83.8GB free / 85.1GB total | delta_size=158456 full_size=20806675
R4 [P2] iter 20: PRE-JOIN GPU mem: 84.3GB free / 85.1GB total | delta_size=152668 full_size=20760035
R12 [P2] iter 20: PRE-JOIN GPU mem: 83.4GB free / 85.1GB total | delta_size=158464 full_size=19883270
R6 [P2] iter 20: join done, raw=1011662 result_size=1009482
R11 [P2] iter 20: join done, raw=275949 result_size=275727
R0 [P2] iter 20: join done, raw=1213799 result_size=1213769
R3 [P2] iter 20: join done, raw=939214 result_size=920104
R1 [P2] iter 20: join done, raw=1052331 result_size=1046954
R13 [P2] iter 20: join done, raw=1317222 result_size=1298914
R10 [P2] iter 20: join done, raw=565848 result_size=565699
R14 [P2] iter 20: join done, raw=591232 result_size=581733
R7 [P2] iter 20: join done, raw=2128830 result_size=2101156
R9 [P2] iter 20: join done, raw=988487 result_size=964896
R2 [P2] iter 20: join done, raw=810076 result_size=809629
R5 [P2] iter 20: join done, raw=977653 result_size=977630
R4 [P2] iter 20: join done, raw=312210 result_size=311954
R8 [P2] iter 20: join done, raw=1195296 result_size=1165385
R15 [P2] iter 20: join done, raw=392619 result_size=391654
R12 [P2] iter 20: join done, raw=1327187 result_size=1299307
R10 [P2] iter 20: split done, delta_size=686496
R1 [P2] iter 20: split done, delta_size=856967
R14 [P2] iter 20: split done, delta_size=836046
R13 [P2] iter 20: split done, delta_size=937384
R2 [P2] iter 20: split done, delta_size=906292
R11 [P2] iter 20: split done, delta_size=764825
R6 [P2] iter 20: split done, delta_size=964690
R3 [P2] iter 20: split done, delta_size=1047264
R9 [P2] iter 20: split done, delta_size=861000
R5 [P2] iter 20: split done, delta_size=960254
R0 [P2] iter 20: split done, delta_size=958235
R8 [P2] iter 20: split done, delta_size=1019101
R4 [P2] iter 20: split done, delta_size=1015154
R7 [P2] iter 20: split done, delta_size=1119587
R15 [P2] iter 20: split done, delta_size=1088905
R12 [P2] iter 20: split done, delta_size=911793
R13 [P2] iter 20: dedup done, delta_size=767196
R6 [P2] iter 20: dedup done, delta_size=798931
R14 [P2] iter 20: dedup done, delta_size=696685
R3 [P2] iter 20: dedup done, delta_size=809420
R1 [P2] iter 20: dedup done, delta_size=702435
R15 [P2] iter 20: dedup done, delta_size=871046
R12 [P2] iter 20: dedup done, delta_size=725998
R5 [P2] iter 20: dedup done, delta_size=785332
R4 [P2] iter 20: dedup done, delta_size=810720
R2 [P2] iter 20: dedup done, delta_size=719040
R0 [P2] iter 20: dedup done, delta_size=793737
R13 [P2] iter 20: subtract done, delta_size=114643
R14 [P2] iter 20: subtract done, delta_size=146794
R6 [P2] iter 20: subtract done, delta_size=131881
R7 [P2] iter 20: dedup done, delta_size=915527
R5 [P2] iter 20: subtract done, delta_size=126469
R3 [P2] iter 20: subtract done, delta_size=158061
R1 [P2] iter 20: subtract done, delta_size=146896
R12 [P2] iter 20: subtract done, delta_size=115594
R15 [P2] iter 20: subtract done, delta_size=168130
R4 [P2] iter 20: subtract done, delta_size=134285
R0 [P2] iter 20: subtract done, delta_size=138773
R2 [P2] iter 20: subtract done, delta_size=119772
R7 [P2] iter 20: subtract done, delta_size=179345
R14 [P2] iter 20: merge done, full_size=19552974
R13 [P2] iter 20: merge done, full_size=21724982
R6 [P2] iter 20: merge done, full_size=21487095
R5 [P2] iter 20: merge done, full_size=21349369
R1 [P2] iter 20: merge done, full_size=22216815
R12 [P2] iter 20: merge done, full_size=19998864
R3 [P2] iter 20: merge done, full_size=20230266
R15 [P2] iter 20: merge done, full_size=22861793
R4 [P2] iter 20: merge done, full_size=20894320
R2 [P2] iter 20: merge done, full_size=19910135
R7 [P2] iter 20: merge done, full_size=22161374
R0 [P2] iter 20: merge done, full_size=21188236
R10 [P2] iter 20: dedup done, delta_size=588706
R9 [P2] iter 20: dedup done, delta_size=717413
R11 [P2] iter 20: dedup done, delta_size=652339
R10 [P2] iter 20: subtract done, delta_size=106905
R8 [P2] iter 20: dedup done, delta_size=845852
R9 [P2] iter 20: subtract done, delta_size=108214
R11 [P2] iter 20: subtract done, delta_size=129340
R8 [P2] iter 20: subtract done, delta_size=145745
R10 [P2] iter 20: merge done, full_size=21357980
R9 [P2] iter 20: merge done, full_size=21932938
R11 [P2] iter 20: merge done, full_size=20515117
R0 [P2] iter 21 done: global_full_size=338334678
R8 [P2] iter 20: merge done, full_size=20952420
R8 [P2] iter 21 done: global_full_size=338334678
R1 [P2] iter 21 done: global_full_size=338334678
R9 [P2] iter 21 done: global_full_size=338334678
R2 [P2] iter 21 done: global_full_size=338334678
R12 [P2] iter 21 done: global_full_size=338334678
R10 [P2] iter 21 done: global_full_size=338334678
R4 [P2] iter 21 done: global_full_size=338334678
R3 [P2] iter 21 done: global_full_size=338334678
R13 [P2] iter 21 done: global_full_size=338334678
R11 [P2] iter 21 done: global_full_size=338334678
R5 [P2] iter 21 done: global_full_size=338334678
R5 [P2] iter 21: PRE-JOIN GPU mem: 84.2GB free / 85.1GB total | delta_size=126469 full_size=21349369
R0 [P2] iter 21: PRE-JOIN GPU mem: 84.3GB free / 85.1GB total | delta_size=138773 full_size=21188236
R14 [P2] iter 21 done: global_full_size=338334678
R14 [P2] iter 21: PRE-JOIN GPU mem: 83.4GB free / 85.1GB total | delta_size=146794 full_size=19552974
R6 [P2] iter 21 done: global_full_size=338334678
R6 [P2] iter 21: PRE-JOIN GPU mem: 84.0GB free / 85.1GB total | delta_size=131881 full_size=21487095
R1 [P2] iter 21: PRE-JOIN GPU mem: 84.3GB free / 85.1GB total | delta_size=146896 full_size=22216815
R15 [P2] iter 21 done: global_full_size=338334678
R15 [P2] iter 21: PRE-JOIN GPU mem: 83.5GB free / 85.1GB total | delta_size=168130 full_size=22861793
R7 [P2] iter 21 done: global_full_size=338334678
R7 [P2] iter 21: PRE-JOIN GPU mem: 83.8GB free / 85.1GB total | delta_size=179345 full_size=22161374
R2 [P2] iter 21: PRE-JOIN GPU mem: 84.4GB free / 85.1GB total | delta_size=119772 full_size=19910135
R12 [P2] iter 21: PRE-JOIN GPU mem: 83.4GB free / 85.1GB total | delta_size=115594 full_size=19998864
R4 [P2] iter 21: PRE-JOIN GPU mem: 84.3GB free / 85.1GB total | delta_size=134285 full_size=20894320
R3 [P2] iter 21: PRE-JOIN GPU mem: 84.3GB free / 85.1GB total | delta_size=158061 full_size=20230266
R13 [P2] iter 21: PRE-JOIN GPU mem: 83.4GB free / 85.1GB total | delta_size=114643 full_size=21724982
R8 [P2] iter 21: PRE-JOIN GPU mem: 83.8GB free / 85.1GB total | delta_size=145745 full_size=20952420
R9 [P2] iter 21: PRE-JOIN GPU mem: 83.5GB free / 85.1GB total | delta_size=108214 full_size=21932938
R10 [P2] iter 21: PRE-JOIN GPU mem: 83.4GB free / 85.1GB total | delta_size=106905 full_size=21357980
R11 [P2] iter 21: PRE-JOIN GPU mem: 83.3GB free / 85.1GB total | delta_size=129340 full_size=20515117
R6 [P2] iter 21: join done, raw=154007 result_size=153861
R0 [P2] iter 21: join done, raw=1377539 result_size=1365414
R3 [P2] iter 21: join done, raw=1015958 result_size=993361
R1 [P2] iter 21: join done, raw=1676879 result_size=1633293
R13 [P2] iter 21: join done, raw=805579 result_size=805488
R7 [P2] iter 21: join done, raw=436699 result_size=435997
R14 [P2] iter 21: join done, raw=1010065 result_size=1002230
R2 [P2] iter 21: join done, raw=632041 result_size=630657
R5 [P2] iter 21: join done, raw=897042 result_size=877077
R11 [P2] iter 21: join done, raw=1406327 result_size=1393061
R4 [P2] iter 21: join done, raw=867628 result_size=854093
R15 [P2] iter 21: join done, raw=385856 result_size=384620
R12 [P2] iter 21: join done, raw=687638 result_size=687606
R10 [P2] iter 21: join done, raw=784523 result_size=767612
R9 [P2] iter 21: join done, raw=1018016 result_size=1003158
R8 [P2] iter 21: join done, raw=598127 result_size=595494
R9 [P2] iter 21: split done, delta_size=790010
R4 [P2] iter 21: split done, delta_size=619520
R6 [P2] iter 21: split done, delta_size=827911
R3 [P2] iter 21: split done, delta_size=809603
R2 [P2] iter 21: split done, delta_size=836673
R5 [P2] iter 21: split done, delta_size=732861
R10 [P2] iter 21: split done, delta_size=800007
R0 [P2] iter 21: split done, delta_size=862903
R12 [P2] iter 21: split done, delta_size=850551
R15 [P2] iter 21: split done, delta_size=901469
R14 [P2] iter 21: split done, delta_size=781820
R1 [P2] iter 21: split done, delta_size=873952
R8 [P2] iter 21: split done, delta_size=893237
R7 [P2] iter 21: split done, delta_size=1088424
R13 [P2] iter 21: split done, delta_size=966188
R11 [P2] iter 21: split done, delta_size=947893
R4 [P2] iter 21: dedup done, delta_size=514602
R10 [P2] iter 21: dedup done, delta_size=656125
R5 [P2] iter 21: dedup done, delta_size=588736
R12 [P2] iter 21: dedup done, delta_size=678866
R6 [P2] iter 21: dedup done, delta_size=687322
R2 [P2] iter 21: dedup done, delta_size=680291
R9 [P2] iter 21: dedup done, delta_size=660818
R8 [P2] iter 21: dedup done, delta_size=702085
R3 [P2] iter 21: dedup done, delta_size=651198
R14 [P2] iter 21: dedup done, delta_size=621024
R15 [P2] iter 21: dedup done, delta_size=735768
R7 [P2] iter 21: dedup done, delta_size=879294
R0 [P2] iter 21: dedup done, delta_size=692485
R4 [P2] iter 21: subtract done, delta_size=72671
R11 [P2] iter 21: dedup done, delta_size=753100
R13 [P2] iter 21: dedup done, delta_size=784142
R1 [P2] iter 21: dedup done, delta_size=697982
R12 [P2] iter 21: subtract done, delta_size=119997
R10 [P2] iter 21: subtract done, delta_size=105859
R6 [P2] iter 21: subtract done, delta_size=110808
R5 [P2] iter 21: subtract done, delta_size=74799
R2 [P2] iter 21: subtract done, delta_size=132142
R9 [P2] iter 21: subtract done, delta_size=121092
R3 [P2] iter 21: subtract done, delta_size=140399
R14 [P2] iter 21: subtract done, delta_size=107439
R8 [P2] iter 21: subtract done, delta_size=141813
R15 [P2] iter 21: subtract done, delta_size=102577
R7 [P2] iter 21: subtract done, delta_size=156007
R0 [P2] iter 21: subtract done, delta_size=119352
R11 [P2] iter 21: subtract done, delta_size=125662
R13 [P2] iter 21: subtract done, delta_size=109071
R1 [P2] iter 21: subtract done, delta_size=110998
R4 [P2] iter 21: merge done, full_size=20966991
R12 [P2] iter 21: merge done, full_size=20118861
R6 [P2] iter 21: merge done, full_size=21597903
R10 [P2] iter 21: merge done, full_size=21463839
R5 [P2] iter 21: merge done, full_size=21424168
R7 [P2] iter 21: merge done, full_size=22317381
R9 [P2] iter 21: merge done, full_size=22054030
R14 [P2] iter 21: merge done, full_size=19660413
R3 [P2] iter 21: merge done, full_size=20370665
R2 [P2] iter 21: merge done, full_size=20042277
R15 [P2] iter 21: merge done, full_size=22964370
R8 [P2] iter 21: merge done, full_size=21094233
R11 [P2] iter 21: merge done, full_size=20640779
R13 [P2] iter 21: merge done, full_size=21834053
R1 [P2] iter 21: merge done, full_size=22327813
R0 [P2] iter 21: merge done, full_size=21307588
R0 [P2] iter 22 done: global_full_size=340185364
R1 [P2] iter 22 done: global_full_size=340185364
R2 [P2] iter 22 done: global_full_size=340185364
R12 [P2] iter 22 done: global_full_size=340185364
R8 [P2] iter 22 done: global_full_size=340185364
R4 [P2] iter 22 done: global_full_size=340185364
R3 [P2] iter 22 done: global_full_size=340185364
R13 [P2] iter 22 done: global_full_size=340185364
R9 [P2] iter 22 done: global_full_size=340185364
R5 [P2] iter 22 done: global_full_size=340185364
R5 [P2] iter 22: PRE-JOIN GPU mem: 84.2GB free / 85.1GB total | delta_size=74799 full_size=21424168
R0 [P2] iter 22: PRE-JOIN GPU mem: 84.3GB free / 85.1GB total | delta_size=119352 full_size=21307588
R14 [P2] iter 22 done: global_full_size=340185364
R10 [P2] iter 22 done: global_full_size=340185364
R10 [P2] iter 22: PRE-JOIN GPU mem: 83.3GB free / 85.1GB total | delta_size=105859 full_size=21463839
R6 [P2] iter 22 done: global_full_size=340185364
R6 [P2] iter 22: PRE-JOIN GPU mem: 84.0GB free / 85.1GB total | delta_size=110808 full_size=21597903
R1 [P2] iter 22: PRE-JOIN GPU mem: 84.3GB free / 85.1GB total | delta_size=110998 full_size=22327813
R15 [P2] iter 22 done: global_full_size=340185364
R11 [P2] iter 22 done: global_full_size=340185364
R11 [P2] iter 22: PRE-JOIN GPU mem: 83.3GB free / 85.1GB total | delta_size=125662 full_size=20640779
R7 [P2] iter 22 done: global_full_size=340185364
R7 [P2] iter 22: PRE-JOIN GPU mem: 83.8GB free / 85.1GB total | delta_size=156007 full_size=22317381
R2 [P2] iter 22: PRE-JOIN GPU mem: 84.4GB free / 85.1GB total | delta_size=132142 full_size=20042277
R12 [P2] iter 22: PRE-JOIN GPU mem: 83.4GB free / 85.1GB total | delta_size=119997 full_size=20118861
R8 [P2] iter 22: PRE-JOIN GPU mem: 83.8GB free / 85.1GB total | delta_size=141813 full_size=21094233
R4 [P2] iter 22: PRE-JOIN GPU mem: 84.3GB free / 85.1GB total | delta_size=72671 full_size=20966991
R3 [P2] iter 22: PRE-JOIN GPU mem: 84.3GB free / 85.1GB total | delta_size=140399 full_size=20370665
R13 [P2] iter 22: PRE-JOIN GPU mem: 83.3GB free / 85.1GB total | delta_size=109071 full_size=21834053
R9 [P2] iter 22: PRE-JOIN GPU mem: 83.5GB free / 85.1GB total | delta_size=121092 full_size=22054030
R14 [P2] iter 22: PRE-JOIN GPU mem: 83.4GB free / 85.1GB total | delta_size=107439 full_size=19660413
R15 [P2] iter 22: PRE-JOIN GPU mem: 83.5GB free / 85.1GB total | delta_size=102577 full_size=22964370
R1 [P2] iter 22: join done, raw=151969 result_size=151913
R6 [P2] iter 22: join done, raw=752833 result_size=744143
R0 [P2] iter 22: join done, raw=963106 result_size=963097
R11 [P2] iter 22: join done, raw=773122 result_size=772224
R3 [P2] iter 22: join done, raw=1012567 result_size=995783
R13 [P2] iter 22: join done, raw=1034334 result_size=974923
R7 [P2] iter 22: join done, raw=625243 result_size=625243
R14 [P2] iter 22: join done, raw=835237 result_size=834910
R10 [P2] iter 22: join done, raw=489061 result_size=488588
R9 [P2] iter 22: join done, raw=550073 result_size=549773
R2 [P2] iter 22: join done, raw=1523392 result_size=1480135
R5 [P2] iter 22: join done, raw=236249 result_size=235980
R4 [P2] iter 22: join done, raw=439912 result_size=433863
R8 [P2] iter 22: join done, raw=1279792 result_size=1278575
R15 [P2] iter 22: join done, raw=789171 result_size=789073
R12 [P2] iter 22: join done, raw=1267590 result_size=1221527
R3 [P2] iter 22: split done, delta_size=677686
R12 [P2] iter 22: split done, delta_size=715214
R8 [P2] iter 22: split done, delta_size=612159
R7 [P2] iter 22: split done, delta_size=847930
R14 [P2] iter 22: split done, delta_size=715376
R11 [P2] iter 22: split done, delta_size=627691
R5 [P2] iter 22: split done, delta_size=759899
R0 [P2] iter 22: split done, delta_size=613451
R10 [P2] iter 22: split done, delta_size=823323
R4 [P2] iter 22: split done, delta_size=742475
R2 [P2] iter 22: split done, delta_size=720834
R1 [P2] iter 22: split done, delta_size=998936
R6 [P2] iter 22: split done, delta_size=935937
R13 [P2] iter 22: split done, delta_size=892236
R15 [P2] iter 22: split done, delta_size=857320
R9 [P2] iter 22: split done, delta_size=999283
R3 [P2] iter 22: dedup done, delta_size=557672
R12 [P2] iter 22: dedup done, delta_size=580701
R0 [P2] iter 22: dedup done, delta_size=496359
R5 [P2] iter 22: dedup done, delta_size=617941
R11 [P2] iter 22: dedup done, delta_size=492507
R4 [P2] iter 22: dedup done, delta_size=582416
R8 [P2] iter 22: dedup done, delta_size=495908
R15 [P2] iter 22: dedup done, delta_size=685311
R2 [P2] iter 22: dedup done, delta_size=577148
R10 [P2] iter 22: dedup done, delta_size=662032
R7 [P2] iter 22: dedup done, delta_size=679666
R9 [P2] iter 22: dedup done, delta_size=787712
R6 [P2] iter 22: dedup done, delta_size=761152
R0 [P2] iter 22: subtract done, delta_size=81158
R12 [P2] iter 22: subtract done, delta_size=120842
R1 [P2] iter 22: dedup done, delta_size=809426
R13 [P2] iter 22: dedup done, delta_size=709813
R3 [P2] iter 22: subtract done, delta_size=115122
R14 [P2] iter 22: dedup done, delta_size=575471
R11 [P2] iter 22: subtract done, delta_size=81822
R4 [P2] iter 22: subtract done, delta_size=119228
R8 [P2] iter 22: subtract done, delta_size=93757
R5 [P2] iter 22: subtract done, delta_size=116654
R15 [P2] iter 22: subtract done, delta_size=106269
R2 [P2] iter 22: subtract done, delta_size=112970
R14 [P2] iter 22: subtract done, delta_size=99164
R6 [P2] iter 22: subtract done, delta_size=124074
R7 [P2] iter 22: subtract done, delta_size=121388
R1 [P2] iter 22: subtract done, delta_size=109686
R13 [P2] iter 22: subtract done, delta_size=90765
R9 [P2] iter 22: subtract done, delta_size=110918
R10 [P2] iter 22: subtract done, delta_size=115913
R3 [P2] iter 22: merge done, full_size=20485787
R12 [P2] iter 22: merge done, full_size=20239703
R0 [P2] iter 22: merge done, full_size=21388746
R4 [P2] iter 22: merge done, full_size=21086219
R11 [P2] iter 22: merge done, full_size=20722601
R15 [P2] iter 22: merge done, full_size=23070639
R5 [P2] iter 22: merge done, full_size=21540822
R2 [P2] iter 22: merge done, full_size=20155247
R8 [P2] iter 22: merge done, full_size=21187990
R14 [P2] iter 22: merge done, full_size=19759577
R1 [P2] iter 22: merge done, full_size=22437499
R6 [P2] iter 22: merge done, full_size=21721977
R13 [P2] iter 22: merge done, full_size=21924818
R9 [P2] iter 22: merge done, full_size=22164948
R7 [P2] iter 22: merge done, full_size=22438769
R12 [P2] iter 23 done: global_full_size=341905094
R0 [P2] iter 23 done: global_full_size=341905094
R13 [P2] iter 23 done: global_full_size=341905094
R8 [P2] iter 23 done: global_full_size=341905094
R4 [P2] iter 23 done: global_full_size=341905094
R1 [P2] iter 23 done: global_full_size=341905094
R14 [P2] iter 23 done: global_full_size=341905094
R9 [P2] iter 23 done: global_full_size=341905094
R5 [P2] iter 23 done: global_full_size=341905094
R5 [P2] iter 23: PRE-JOIN GPU mem: 84.2GB free / 85.1GB total | delta_size=116654 full_size=21540822
R2 [P2] iter 23 done: global_full_size=341905094
R15 [P2] iter 23 done: global_full_size=341905094
R10 [P2] iter 22: merge done, full_size=21579752
R10 [P2] iter 23 done: global_full_size=341905094
R6 [P2] iter 23 done: global_full_size=341905094
R6 [P2] iter 23: PRE-JOIN GPU mem: 84.0GB free / 85.1GB total | delta_size=124074 full_size=21721977
R3 [P2] iter 23 done: global_full_size=341905094
R13 [P2] iter 23: PRE-JOIN GPU mem: 83.3GB free / 85.1GB total | delta_size=90765 full_size=21924818
R11 [P2] iter 23 done: global_full_size=341905094
R7 [P2] iter 23 done: global_full_size=341905094
R7 [P2] iter 23: PRE-JOIN GPU mem: 83.8GB free / 85.1GB total | delta_size=121388 full_size=22438769
R0 [P2] iter 23: PRE-JOIN GPU mem: 84.3GB free / 85.1GB total | delta_size=81158 full_size=21388746
R12 [P2] iter 23: PRE-JOIN GPU mem: 83.4GB free / 85.1GB total | delta_size=120842 full_size=20239703
R8 [P2] iter 23: PRE-JOIN GPU mem: 83.8GB free / 85.1GB total | delta_size=93757 full_size=21187990
R4 [P2] iter 23: PRE-JOIN GPU mem: 84.3GB free / 85.1GB total | delta_size=119228 full_size=21086219
R1 [P2] iter 23: PRE-JOIN GPU mem: 84.3GB free / 85.1GB total | delta_size=109686 full_size=22437499
R14 [P2] iter 23: PRE-JOIN GPU mem: 83.4GB free / 85.1GB total | delta_size=99164 full_size=19759577
R9 [P2] iter 23: PRE-JOIN GPU mem: 83.5GB free / 85.1GB total | delta_size=110918 full_size=22164948
R2 [P2] iter 23: PRE-JOIN GPU mem: 84.4GB free / 85.1GB total | delta_size=112970 full_size=20155247
R15 [P2] iter 23: PRE-JOIN GPU mem: 83.5GB free / 85.1GB total | delta_size=106269 full_size=23070639
R10 [P2] iter 23: PRE-JOIN GPU mem: 83.3GB free / 85.1GB total | delta_size=115913 full_size=21579752
R3 [P2] iter 23: PRE-JOIN GPU mem: 84.3GB free / 85.1GB total | delta_size=115122 full_size=20485787
R11 [P2] iter 23: PRE-JOIN GPU mem: 83.3GB free / 85.1GB total | delta_size=81822 full_size=20722601
R0 [P2] iter 23: join done, raw=192659 result_size=192659
R1 [P2] iter 23: join done, raw=210060 result_size=209938
R6 [P2] iter 23: join done, raw=464130 result_size=463968
R3 [P2] iter 23: join done, raw=216479 result_size=216452
R11 [P2] iter 23: join done, raw=314746 result_size=314734
R13 [P2] iter 23: join done, raw=618459 result_size=618177
R10 [P2] iter 23: join done, raw=438992 result_size=438045
R7 [P2] iter 23: join done, raw=974195 result_size=973771
R14 [P2] iter 23: join done, raw=269393 result_size=268523
R9 [P2] iter 23: join done, raw=868803 result_size=833803
R2 [P2] iter 23: join done, raw=129283 result_size=129280
R5 [P2] iter 23: join done, raw=893987 result_size=891388
R4 [P2] iter 23: join done, raw=528013 result_size=528013
R8 [P2] iter 23: join done, raw=193241 result_size=193241
R15 [P2] iter 23: join done, raw=344453 result_size=344426
R12 [P2] iter 23: join done, raw=335629 result_size=335578
R2 [P2] iter 23: split done, delta_size=372352
R8 [P2] iter 23: split done, delta_size=387968
R11 [P2] iter 23: split done, delta_size=342268
R0 [P2] iter 23: split done, delta_size=470109
R3 [P2] iter 23: split done, delta_size=402053
R12 [P2] iter 23: split done, delta_size=305652
R15 [P2] iter 23: split done, delta_size=434239
R6 [P2] iter 23: split done, delta_size=454234
R1 [P2] iter 23: split done, delta_size=597905
R4 [P2] iter 23: split done, delta_size=353127
R9 [P2] iter 23: split done, delta_size=466688
R5 [P2] iter 23: split done, delta_size=373830
R10 [P2] iter 23: split done, delta_size=463322
R14 [P2] iter 23: split done, delta_size=481894
R13 [P2] iter 23: split done, delta_size=597018
R7 [P2] iter 23: split done, delta_size=449337
R2 [P2] iter 23: dedup done, delta_size=329362
R11 [P2] iter 23: dedup done, delta_size=307869
R3 [P2] iter 23: dedup done, delta_size=356758
R12 [P2] iter 23: dedup done, delta_size=268269
R6 [P2] iter 23: dedup done, delta_size=410852
R0 [P2] iter 23: dedup done, delta_size=413822
R8 [P2] iter 23: dedup done, delta_size=345416
R1 [P2] iter 23: dedup done, delta_size=530992
R15 [P2] iter 23: dedup done, delta_size=385898
R9 [P2] iter 23: dedup done, delta_size=402617
R4 [P2] iter 23: dedup done, delta_size=309089
R2 [P2] iter 23: subtract done, delta_size=45969
R13 [P2] iter 23: dedup done, delta_size=513912
R10 [P2] iter 23: dedup done, delta_size=408585
R14 [P2] iter 23: dedup done, delta_size=415993
R7 [P2] iter 23: dedup done, delta_size=391956
R3 [P2] iter 23: subtract done, delta_size=62516
R5 [P2] iter 23: dedup done, delta_size=334307
R11 [P2] iter 23: subtract done, delta_size=54723
R12 [P2] iter 23: subtract done, delta_size=43320
R0 [P2] iter 23: subtract done, delta_size=53688
R6 [P2] iter 23: subtract done, delta_size=83010
R8 [P2] iter 23: subtract done, delta_size=46241
R4 [P2] iter 23: subtract done, delta_size=55899
R15 [P2] iter 23: subtract done, delta_size=56165
R9 [P2] iter 23: subtract done, delta_size=51056
R1 [P2] iter 23: subtract done, delta_size=95017
R10 [P2] iter 23: subtract done, delta_size=78085
R7 [P2] iter 23: subtract done, delta_size=50671
R13 [P2] iter 23: subtract done, delta_size=94967
R5 [P2] iter 23: subtract done, delta_size=52699
R14 [P2] iter 23: subtract done, delta_size=47552
R12 [P2] iter 23: merge done, full_size=20283023
R2 [P2] iter 23: merge done, full_size=20201216
R11 [P2] iter 23: merge done, full_size=20777324
R6 [P2] iter 23: merge done, full_size=21804987
R0 [P2] iter 23: merge done, full_size=21442434
R8 [P2] iter 23: merge done, full_size=21234231
R3 [P2] iter 23: merge done, full_size=20548303
R15 [P2] iter 23: merge done, full_size=23126804
R4 [P2] iter 23: merge done, full_size=21142118
R9 [P2] iter 23: merge done, full_size=22216004
R1 [P2] iter 23: merge done, full_size=22532516
R13 [P2] iter 23: merge done, full_size=22019785
R10 [P2] iter 23: merge done, full_size=21657837
R5 [P2] iter 23: merge done, full_size=21593521
R14 [P2] iter 23: merge done, full_size=19807129
R4 [P2] iter 24 done: global_full_size=342876672
R0 [P2] iter 24 done: global_full_size=342876672
R8 [P2] iter 24 done: global_full_size=342876672
R5 [P2] iter 24 done: global_full_size=342876672
R1 [P2] iter 24 done: global_full_size=342876672
R12 [P2] iter 24 done: global_full_size=342876672
R12 [P2] iter 24: PRE-JOIN GPU mem: 83.4GB free / 85.1GB total | delta_size=43320 full_size=20283023
R9 [P2] iter 24 done: global_full_size=342876672
R6 [P2] iter 24 done: global_full_size=342876672
R2 [P2] iter 24 done: global_full_size=342876672
R13 [P2] iter 24 done: global_full_size=342876672
R13 [P2] iter 24: PRE-JOIN GPU mem: 83.4GB free / 85.1GB total | delta_size=94967 full_size=22019785
R10 [P2] iter 24 done: global_full_size=342876672
R7 [P2] iter 23: merge done, full_size=22489440
R7 [P2] iter 24 done: global_full_size=342876672
R3 [P2] iter 24 done: global_full_size=342876672
R14 [P2] iter 24 done: global_full_size=342876672
R14 [P2] iter 24: PRE-JOIN GPU mem: 83.4GB free / 85.1GB total | delta_size=47552 full_size=19807129
R11 [P2] iter 24 done: global_full_size=342876672
R5 [P2] iter 24: PRE-JOIN GPU mem: 84.2GB free / 85.1GB total | delta_size=52699 full_size=21593521
R0 [P2] iter 24: PRE-JOIN GPU mem: 84.3GB free / 85.1GB total | delta_size=53688 full_size=21442434
R15 [P2] iter 24 done: global_full_size=342876672
R15 [P2] iter 24: PRE-JOIN GPU mem: 83.5GB free / 85.1GB total | delta_size=56165 full_size=23126804
R8 [P2] iter 24: PRE-JOIN GPU mem: 83.8GB free / 85.1GB total | delta_size=46241 full_size=21234231
R4 [P2] iter 24: PRE-JOIN GPU mem: 84.3GB free / 85.1GB total | delta_size=55899 full_size=21142118
R1 [P2] iter 24: PRE-JOIN GPU mem: 84.3GB free / 85.1GB total | delta_size=95017 full_size=22532516
R9 [P2] iter 24: PRE-JOIN GPU mem: 83.5GB free / 85.1GB total | delta_size=51056 full_size=22216004
R6 [P2] iter 24: PRE-JOIN GPU mem: 84.0GB free / 85.1GB total | delta_size=83010 full_size=21804987
R2 [P2] iter 24: PRE-JOIN GPU mem: 84.4GB free / 85.1GB total | delta_size=45969 full_size=20201216
R10 [P2] iter 24: PRE-JOIN GPU mem: 83.4GB free / 85.1GB total | delta_size=78085 full_size=21657837
R7 [P2] iter 24: PRE-JOIN GPU mem: 83.8GB free / 85.1GB total | delta_size=50671 full_size=22489440
R3 [P2] iter 24: PRE-JOIN GPU mem: 84.3GB free / 85.1GB total | delta_size=62516 full_size=20548303
R11 [P2] iter 24: PRE-JOIN GPU mem: 83.3GB free / 85.1GB total | delta_size=54723 full_size=20777324
R1 [P2] iter 24: join done, raw=209158 result_size=208478
R0 [P2] iter 24: join done, raw=462061 result_size=461404
R13 [P2] iter 24: join done, raw=890021 result_size=811753
R6 [P2] iter 24: join done, raw=882233 result_size=873301
R3 [P2] iter 24: join done, raw=646213 result_size=635104
R11 [P2] iter 24: join done, raw=733116 result_size=732690
R7 [P2] iter 24: join done, raw=146484 result_size=146484
R14 [P2] iter 24: join done, raw=131550 result_size=131518
R9 [P2] iter 24: join done, raw=117465 result_size=116499
R10 [P2] iter 24: join done, raw=826133 result_size=821769
R2 [P2] iter 24: join done, raw=53111 result_size=53086
R4 [P2] iter 24: join done, raw=43272 result_size=43272
R5 [P2] iter 24: join done, raw=303605 result_size=302975
R8 [P2] iter 24: join done, raw=162808 result_size=162664
R15 [P2] iter 24: join done, raw=299657 result_size=299648
R12 [P2] iter 24: join done, raw=388630 result_size=388216
R2 [P2] iter 24: split done, delta_size=329937
R4 [P2] iter 24: split done, delta_size=404522
R14 [P2] iter 24: split done, delta_size=384379
R9 [P2] iter 24: split done, delta_size=391161
R7 [P2] iter 24: split done, delta_size=374114
R10 [P2] iter 24: split done, delta_size=291127
R8 [P2] iter 24: split done, delta_size=401306
R3 [P2] iter 24: split done, delta_size=358319
R1 [P2] iter 24: split done, delta_size=382929
R12 [P2] iter 24: split done, delta_size=303358
R11 [P2] iter 24: split done, delta_size=364890
R5 [P2] iter 24: split done, delta_size=420887
R0 [P2] iter 24: split done, delta_size=474353
R15 [P2] iter 24: split done, delta_size=485056
R13 [P2] iter 24: split done, delta_size=439811
R6 [P2] iter 24: split done, delta_size=382712
R2 [P2] iter 24: dedup done, delta_size=295384
R4 [P2] iter 24: dedup done, delta_size=350890
R14 [P2] iter 24: dedup done, delta_size=338503
R9 [P2] iter 24: dedup done, delta_size=350304
R10 [P2] iter 24: dedup done, delta_size=262478
R7 [P2] iter 24: dedup done, delta_size=336753
R3 [P2] iter 24: dedup done, delta_size=321190
R13 [P2] iter 24: dedup done, delta_size=389147
R8 [P2] iter 24: dedup done, delta_size=363355
R6 [P2] iter 24: dedup done, delta_size=351842
R12 [P2] iter 24: dedup done, delta_size=276575
R11 [P2] iter 24: dedup done, delta_size=321785
R5 [P2] iter 24: dedup done, delta_size=379046
R0 [P2] iter 24: dedup done, delta_size=414297
R15 [P2] iter 24: dedup done, delta_size=433122
R9 [P2] iter 24: subtract done, delta_size=44628
R4 [P2] iter 24: subtract done, delta_size=53341
R1 [P2] iter 24: dedup done, delta_size=342851
R14 [P2] iter 24: subtract done, delta_size=49510
R10 [P2] iter 24: subtract done, delta_size=36142
R7 [P2] iter 24: subtract done, delta_size=56564
R2 [P2] iter 24: subtract done, delta_size=55661
R3 [P2] iter 24: subtract done, delta_size=63528
R1 [P2] iter 24: subtract done, delta_size=35934
R12 [P2] iter 24: subtract done, delta_size=49584
R13 [P2] iter 24: subtract done, delta_size=44930
R5 [P2] iter 24: subtract done, delta_size=75565
R6 [P2] iter 24: subtract done, delta_size=68750
R8 [P2] iter 24: subtract done, delta_size=76394
R11 [P2] iter 24: subtract done, delta_size=54403
R0 [P2] iter 24: subtract done, delta_size=44607
R15 [P2] iter 24: subtract done, delta_size=65561
R2 [P2] iter 24: merge done, full_size=20256877
R4 [P2] iter 24: merge done, full_size=21195459
R14 [P2] iter 24: merge done, full_size=19856639
R9 [P2] iter 24: merge done, full_size=22260632
R10 [P2] iter 24: merge done, full_size=21693979
R7 [P2] iter 24: merge done, full_size=22546004
R12 [P2] iter 24: merge done, full_size=20332607
R3 [P2] iter 24: merge done, full_size=20611831
R1 [P2] iter 24: merge done, full_size=22568450
R5 [P2] iter 24: merge done, full_size=21669086
R8 [P2] iter 24: merge done, full_size=21310625
R15 [P2] iter 24: merge done, full_size=23192365
R6 [P2] iter 24: merge done, full_size=21873737
R11 [P2] iter 24: merge done, full_size=20831727
R13 [P2] iter 24: merge done, full_size=22064715
R0 [P2] iter 24: merge done, full_size=21487041
R0 [P2] iter 25 done: global_full_size=343751774
R1 [P2] iter 25 done: global_full_size=343751774
R12 [P2] iter 25 done: global_full_size=343751774
R2 [P2] iter 25 done: global_full_size=343751774
R13 [P2] iter 25 done: global_full_size=343751774
R8 [P2] iter 25 done: global_full_size=343751774
R4 [P2] iter 25 done: global_full_size=343751774
R3 [P2] iter 25 done: global_full_size=343751774
R14 [P2] iter 25 done: global_full_size=343751774
R9 [P2] iter 25 done: global_full_size=343751774
R5 [P2] iter 25 done: global_full_size=343751774
R5 [P2] iter 25: PRE-JOIN GPU mem: 84.2GB free / 85.1GB total | delta_size=75565 full_size=21669086
R0 [P2] iter 25: PRE-JOIN GPU mem: 84.3GB free / 85.1GB total | delta_size=44607 full_size=21487041
R15 [P2] iter 25 done: global_full_size=343751774
R10 [P2] iter 25 done: global_full_size=343751774
R6 [P2] iter 25 done: global_full_size=343751774
R6 [P2] iter 25: PRE-JOIN GPU mem: 84.0GB free / 85.1GB total | delta_size=68750 full_size=21873737
R1 [P2] iter 25: PRE-JOIN GPU mem: 84.3GB free / 85.1GB total | delta_size=35934 full_size=22568450
R12 [P2] iter 25: PRE-JOIN GPU mem: 83.4GB free / 85.1GB total | delta_size=49584 full_size=20332607
R11 [P2] iter 25 done: global_full_size=343751774
R7 [P2] iter 25 done: global_full_size=343751774
R7 [P2] iter 25: PRE-JOIN GPU mem: 83.8GB free / 85.1GB total | delta_size=56564 full_size=22546004
R3 [P2] iter 25: PRE-JOIN GPU mem: 84.3GB free / 85.1GB total | delta_size=63528 full_size=20611831
R13 [P2] iter 25: PRE-JOIN GPU mem: 83.4GB free / 85.1GB total | delta_size=44930 full_size=22064715
R8 [P2] iter 25: PRE-JOIN GPU mem: 83.8GB free / 85.1GB total | delta_size=76394 full_size=21310625
R4 [P2] iter 25: PRE-JOIN GPU mem: 84.3GB free / 85.1GB total | delta_size=53341 full_size=21195459
R2 [P2] iter 25: PRE-JOIN GPU mem: 84.4GB free / 85.1GB total | delta_size=55661 full_size=20256877
R14 [P2] iter 25: PRE-JOIN GPU mem: 83.4GB free / 85.1GB total | delta_size=49510 full_size=19856639
R9 [P2] iter 25: PRE-JOIN GPU mem: 83.5GB free / 85.1GB total | delta_size=44628 full_size=22260632
R15 [P2] iter 25: PRE-JOIN GPU mem: 83.5GB free / 85.1GB total | delta_size=65561 full_size=23192365
R10 [P2] iter 25: PRE-JOIN GPU mem: 83.4GB free / 85.1GB total | delta_size=36142 full_size=21693979
R11 [P2] iter 25: PRE-JOIN GPU mem: 83.3GB free / 85.1GB total | delta_size=54403 full_size=20831727
R1 [P2] iter 25: join done, raw=25492 result_size=25492
R6 [P2] iter 25: join done, raw=536402 result_size=536400
R13 [P2] iter 25: join done, raw=290528 result_size=290524
R0 [P2] iter 25: join done, raw=252007 result_size=252001
R11 [P2] iter 25: join done, raw=87575 result_size=87570
R3 [P2] iter 25: join done, raw=516837 result_size=516437
R14 [P2] iter 25: join done, raw=80427 result_size=80427
R7 [P2] iter 25: join done, raw=392875 result_size=392835
R9 [P2] iter 25: join done, raw=267642 result_size=267395
R10 [P2] iter 25: join done, raw=216299 result_size=216277
R2 [P2] iter 25: join done, raw=1123305 result_size=1027410
R4 [P2] iter 25: join done, raw=88090 result_size=88014
R5 [P2] iter 25: join done, raw=633913 result_size=624558
R8 [P2] iter 25: join done, raw=597424 result_size=594370
R15 [P2] iter 25: join done, raw=806041 result_size=786502
R12 [P2] iter 25: join done, raw=119613 result_size=119612
R14 [P2] iter 25: split done, delta_size=365922
R12 [P2] iter 25: split done, delta_size=328316
R11 [P2] iter 25: split done, delta_size=374687
R4 [P2] iter 25: split done, delta_size=371802
R1 [P2] iter 25: split done, delta_size=366116
R10 [P2] iter 25: split done, delta_size=318590
R0 [P2] iter 25: split done, delta_size=381702
R9 [P2] iter 25: split done, delta_size=316211
R2 [P2] iter 25: split done, delta_size=308245
R3 [P2] iter 25: split done, delta_size=323469
R15 [P2] iter 25: split done, delta_size=359171
R13 [P2] iter 25: split done, delta_size=454457
R6 [P2] iter 25: split done, delta_size=442944
R8 [P2] iter 25: split done, delta_size=382329
R7 [P2] iter 25: split done, delta_size=394530
R5 [P2] iter 25: split done, delta_size=417333
R14 [P2] iter 25: dedup done, delta_size=322426
R11 [P2] iter 25: dedup done, delta_size=333758
R4 [P2] iter 25: dedup done, delta_size=325935
R12 [P2] iter 25: dedup done, delta_size=295566
R1 [P2] iter 25: dedup done, delta_size=329526
R0 [P2] iter 25: dedup done, delta_size=341632
R3 [P2] iter 25: dedup done, delta_size=294930
R10 [P2] iter 25: dedup done, delta_size=289230
R15 [P2] iter 25: dedup done, delta_size=330407
R7 [P2] iter 25: dedup done, delta_size=345819
R9 [P2] iter 25: dedup done, delta_size=285880
R6 [P2] iter 25: dedup done, delta_size=388944
R13 [P2] iter 25: dedup done, delta_size=399342
R8 [P2] iter 25: dedup done, delta_size=341297
R2 [P2] iter 25: dedup done, delta_size=276512
R1 [P2] iter 25: subtract done, delta_size=52843
R14 [P2] iter 25: subtract done, delta_size=30876
R11 [P2] iter 25: subtract done, delta_size=44182
R5 [P2] iter 25: dedup done, delta_size=370033
R12 [P2] iter 25: subtract done, delta_size=61615
R4 [P2] iter 25: subtract done, delta_size=45523
R3 [P2] iter 25: subtract done, delta_size=41391
R10 [P2] iter 25: subtract done, delta_size=64729
R7 [P2] iter 25: subtract done, delta_size=36017
R0 [P2] iter 25: subtract done, delta_size=47102
R15 [P2] iter 25: subtract done, delta_size=47743
R2 [P2] iter 25: subtract done, delta_size=48334
R9 [P2] iter 25: subtract done, delta_size=50915
R6 [P2] iter 25: subtract done, delta_size=73079
R8 [P2] iter 25: subtract done, delta_size=47357
R13 [P2] iter 25: subtract done, delta_size=43554
R5 [P2] iter 25: subtract done, delta_size=69008
R14 [P2] iter 25: merge done, full_size=19887515
R4 [P2] iter 25: merge done, full_size=21240982
R1 [P2] iter 25: merge done, full_size=22621293
R11 [P2] iter 25: merge done, full_size=20875909
R12 [P2] iter 25: merge done, full_size=20394222
R15 [P2] iter 25: merge done, full_size=23240108
R7 [P2] iter 25: merge done, full_size=22582021
R10 [P2] iter 25: merge done, full_size=21758708
R3 [P2] iter 25: merge done, full_size=20653222
R13 [P2] iter 25: merge done, full_size=22108269
R9 [P2] iter 25: merge done, full_size=22311547
R2 [P2] iter 25: merge done, full_size=20305211
R6 [P2] iter 25: merge done, full_size=21946816
R0 [P2] iter 25: merge done, full_size=21534143
R0 [P2] iter 26 done: global_full_size=344556042
R8 [P2] iter 25: merge done, full_size=21357982
R1 [P2] iter 26 done: global_full_size=344556042
R8 [P2] iter 26 done: global_full_size=344556042
R4 [P2] iter 26 done: global_full_size=344556042
R2 [P2] iter 26 done: global_full_size=344556042
R12 [P2] iter 26 done: global_full_size=344556042
R9 [P2] iter 26 done: global_full_size=344556042
R5 [P2] iter 25: merge done, full_size=21738094
R5 [P2] iter 26 done: global_full_size=344556042
R3 [P2] iter 26 done: global_full_size=344556042
R13 [P2] iter 26 done: global_full_size=344556042
R10 [P2] iter 26 done: global_full_size=344556042
R6 [P2] iter 26 done: global_full_size=344556042
R0 [P2] iter 26: PRE-JOIN GPU mem: 84.3GB free / 85.1GB total | delta_size=47102 full_size=21534143
R14 [P2] iter 26 done: global_full_size=344556042
R11 [P2] iter 26 done: global_full_size=344556042
R7 [P2] iter 26 done: global_full_size=344556042
R1 [P2] iter 26: PRE-JOIN GPU mem: 84.3GB free / 85.1GB total | delta_size=52843 full_size=22621293
R15 [P2] iter 26 done: global_full_size=344556042
R15 [P2] iter 26: PRE-JOIN GPU mem: 83.5GB free / 85.1GB total | delta_size=47743 full_size=23240108
R8 [P2] iter 26: PRE-JOIN GPU mem: 83.8GB free / 85.1GB total | delta_size=47357 full_size=21357982
R5 [P2] iter 26: PRE-JOIN GPU mem: 84.2GB free / 85.1GB total | delta_size=69008 full_size=21738094
R2 [P2] iter 26: PRE-JOIN GPU mem: 84.4GB free / 85.1GB total | delta_size=48334 full_size=20305211
R12 [P2] iter 26: PRE-JOIN GPU mem: 83.4GB free / 85.1GB total | delta_size=61615 full_size=20394222
R9 [P2] iter 26: PRE-JOIN GPU mem: 83.5GB free / 85.1GB total | delta_size=50915 full_size=22311547
R4 [P2] iter 26: PRE-JOIN GPU mem: 84.3GB free / 85.1GB total | delta_size=45523 full_size=21240982
R3 [P2] iter 26: PRE-JOIN GPU mem: 84.3GB free / 85.1GB total | delta_size=41391 full_size=20653222
R13 [P2] iter 26: PRE-JOIN GPU mem: 83.4GB free / 85.1GB total | delta_size=43554 full_size=22108269
R10 [P2] iter 26: PRE-JOIN GPU mem: 83.3GB free / 85.1GB total | delta_size=64729 full_size=21758708
R6 [P2] iter 26: PRE-JOIN GPU mem: 84.0GB free / 85.1GB total | delta_size=73079 full_size=21946816
R14 [P2] iter 26: PRE-JOIN GPU mem: 83.4GB free / 85.1GB total | delta_size=30876 full_size=19887515
R11 [P2] iter 26: PRE-JOIN GPU mem: 83.3GB free / 85.1GB total | delta_size=44182 full_size=20875909
R7 [P2] iter 26: PRE-JOIN GPU mem: 83.8GB free / 85.1GB total | delta_size=36017 full_size=22582021
R13 [P2] iter 26: join done, raw=39387 result_size=39387
R6 [P2] iter 26: join done, raw=518976 result_size=513075
R1 [P2] iter 26: join done, raw=511994 result_size=508911
R0 [P2] iter 26: join done, raw=294913 result_size=289791
R14 [P2] iter 26: join done, raw=110736 result_size=110649
R11 [P2] iter 26: join done, raw=105815 result_size=105683
R7 [P2] iter 26: join done, raw=44109 result_size=44106
R3 [P2] iter 26: join done, raw=236490 result_size=236352
R10 [P2] iter 26: join done, raw=970862 result_size=970852
R9 [P2] iter 26: join done, raw=262973 result_size=243604
R2 [P2] iter 26: join done, raw=218826 result_size=218697
R5 [P2] iter 26: join done, raw=507271 result_size=504415
R4 [P2] iter 26: join done, raw=281135 result_size=281135
R8 [P2] iter 26: join done, raw=570236 result_size=569954
R15 [P2] iter 26: join done, raw=314317 result_size=310135
R12 [P2] iter 26: join done, raw=518724 result_size=518718
R12 [P2] iter 26: split done, delta_size=256765
R7 [P2] iter 26: split done, delta_size=469283
R13 [P2] iter 26: split done, delta_size=363814
R2 [P2] iter 26: split done, delta_size=285033
R10 [P2] iter 26: split done, delta_size=255370
R3 [P2] iter 26: split done, delta_size=296373
R11 [P2] iter 26: split done, delta_size=377160
R9 [P2] iter 26: split done, delta_size=326231
R14 [P2] iter 26: split done, delta_size=262199
R0 [P2] iter 26: split done, delta_size=318300
R1 [P2] iter 26: split done, delta_size=356190
R15 [P2] iter 26: split done, delta_size=398370
R6 [P2] iter 26: split done, delta_size=404480
R4 [P2] iter 26: split done, delta_size=365173
R5 [P2] iter 26: split done, delta_size=378303
R8 [P2] iter 26: split done, delta_size=352420
R12 [P2] iter 26: dedup done, delta_size=225584
R10 [P2] iter 26: dedup done, delta_size=225129
R13 [P2] iter 26: dedup done, delta_size=317488
R7 [P2] iter 26: dedup done, delta_size=400794
R11 [P2] iter 26: dedup done, delta_size=324939
R3 [P2] iter 26: dedup done, delta_size=269575
R14 [P2] iter 26: dedup done, delta_size=230948
R2 [P2] iter 26: dedup done, delta_size=251968
R9 [P2] iter 26: dedup done, delta_size=290468
R12 [P2] iter 26: subtract done, delta_size=27813
R15 [P2] iter 26: dedup done, delta_size=348090
R1 [P2] iter 26: dedup done, delta_size=311505
R8 [P2] iter 26: dedup done, delta_size=303110
R5 [P2] iter 26: dedup done, delta_size=333560
R0 [P2] iter 26: dedup done, delta_size=270966
R10 [P2] iter 26: subtract done, delta_size=43481
R4 [P2] iter 26: dedup done, delta_size=321097
R6 [P2] iter 26: dedup done, delta_size=347547
R13 [P2] iter 26: subtract done, delta_size=41640
R7 [P2] iter 26: subtract done, delta_size=34371
R11 [P2] iter 26: subtract done, delta_size=49386
R14 [P2] iter 26: subtract done, delta_size=33178
R9 [P2] iter 26: subtract done, delta_size=47262
R2 [P2] iter 26: subtract done, delta_size=39818
R3 [P2] iter 26: subtract done, delta_size=53291
R12 [P2] iter 26: merge done, full_size=20422035
R8 [P2] iter 26: subtract done, delta_size=50420
R4 [P2] iter 26: subtract done, delta_size=41784
R15 [P2] iter 26: subtract done, delta_size=49369
R5 [P2] iter 26: subtract done, delta_size=50046
R10 [P2] iter 26: merge done, full_size=21802189
R6 [P2] iter 26: subtract done, delta_size=39039
R1 [P2] iter 26: subtract done, delta_size=52437
R0 [P2] iter 26: subtract done, delta_size=36946
R13 [P2] iter 26: merge done, full_size=22149909
R7 [P2] iter 26: merge done, full_size=22616392
R11 [P2] iter 26: merge done, full_size=20925295
R14 [P2] iter 26: merge done, full_size=19920693
R3 [P2] iter 26: merge done, full_size=20706513
R2 [P2] iter 26: merge done, full_size=20345029
R9 [P2] iter 26: merge done, full_size=22358809
R15 [P2] iter 26: merge done, full_size=23289477
R8 [P2] iter 26: merge done, full_size=21408402
R5 [P2] iter 26: merge done, full_size=21788140
R4 [P2] iter 26: merge done, full_size=21282766
R6 [P2] iter 26: merge done, full_size=21985855
R1 [P2] iter 26: merge done, full_size=22673730
R0 [P2] iter 26: merge done, full_size=21571089
R0 [P2] iter 27 done: global_full_size=345246323
R1 [P2] iter 27 done: global_full_size=345246323
R12 [P2] iter 27 done: global_full_size=345246323
R8 [P2] iter 27 done: global_full_size=345246323
R2 [P2] iter 27 done: global_full_size=345246323
R13 [P2] iter 27 done: global_full_size=345246323
R9 [P2] iter 27 done: global_full_size=345246323
R4 [P2] iter 27 done: global_full_size=345246323
R3 [P2] iter 27 done: global_full_size=345246323
R14 [P2] iter 27 done: global_full_size=345246323
R10 [P2] iter 27 done: global_full_size=345246323
R5 [P2] iter 27 done: global_full_size=345246323
R0 [P2] iter 27: PRE-JOIN GPU mem: 84.3GB free / 85.1GB total | delta_size=36946 full_size=21571089
R15 [P2] iter 27 done: global_full_size=345246323
R11 [P2] iter 27 done: global_full_size=345246323
R6 [P2] iter 27 done: global_full_size=345246323
R1 [P2] iter 27: PRE-JOIN GPU mem: 84.3GB free / 85.1GB total | delta_size=52437 full_size=22673730
R12 [P2] iter 27: PRE-JOIN GPU mem: 83.4GB free / 85.1GB total | delta_size=27813 full_size=20422035
R8 [P2] iter 27: PRE-JOIN GPU mem: 83.8GB free / 85.1GB total | delta_size=50420 full_size=21408402
R7 [P2] iter 27 done: global_full_size=345246323
R7 [P2] iter 27: PRE-JOIN GPU mem: 83.8GB free / 85.1GB total | delta_size=34371 full_size=22616392
R2 [P2] iter 27: PRE-JOIN GPU mem: 84.4GB free / 85.1GB total | delta_size=39818 full_size=20345029
R13 [P2] iter 27: PRE-JOIN GPU mem: 83.4GB free / 85.1GB total | delta_size=41640 full_size=22149909
R9 [P2] iter 27: PRE-JOIN GPU mem: 83.5GB free / 85.1GB total | delta_size=47262 full_size=22358809
R4 [P2] iter 27: PRE-JOIN GPU mem: 84.3GB free / 85.1GB total | delta_size=41784 full_size=21282766
R3 [P2] iter 27: PRE-JOIN GPU mem: 84.3GB free / 85.1GB total | delta_size=53291 full_size=20706513
R14 [P2] iter 27: PRE-JOIN GPU mem: 83.4GB free / 85.1GB total | delta_size=33178 full_size=19920693
R10 [P2] iter 27: PRE-JOIN GPU mem: 83.4GB free / 85.1GB total | delta_size=43481 full_size=21802189
R5 [P2] iter 27: PRE-JOIN GPU mem: 84.2GB free / 85.1GB total | delta_size=50046 full_size=21788140
R15 [P2] iter 27: PRE-JOIN GPU mem: 83.5GB free / 85.1GB total | delta_size=49369 full_size=23289477
R11 [P2] iter 27: PRE-JOIN GPU mem: 83.3GB free / 85.1GB total | delta_size=49386 full_size=20925295
R6 [P2] iter 27: PRE-JOIN GPU mem: 84.0GB free / 85.1GB total | delta_size=39039 full_size=21985855
R6 [P2] iter 27: join done, raw=33559 result_size=33559
R13 [P2] iter 27: join done, raw=150506 result_size=150488
R3 [P2] iter 27: join done, raw=782622 result_size=775743
R1 [P2] iter 27: join done, raw=300509 result_size=300509
R14 [P2] iter 27: join done, raw=238871 result_size=238866
R0 [P2] iter 27: join done, raw=229433 result_size=229433
R11 [P2] iter 27: join done, raw=350838 result_size=350709
R7 [P2] iter 27: join done, raw=66355 result_size=66355
R10 [P2] iter 27: join done, raw=844847 result_size=793603
R9 [P2] iter 27: join done, raw=326414 result_size=326216
R2 [P2] iter 27: join done, raw=128377 result_size=127689
R4 [P2] iter 27: join done, raw=56098 result_size=56098
R5 [P2] iter 27: join done, raw=259343 result_size=259274
R8 [P2] iter 27: join done, raw=259806 result_size=258980
R15 [P2] iter 27: join done, raw=366810 result_size=366624
R12 [P2] iter 27: join done, raw=174393 result_size=174393
R6 [P2] iter 27: split done, delta_size=240480
R4 [P2] iter 27: split done, delta_size=253354
R7 [P2] iter 27: split done, delta_size=431282
R0 [P2] iter 27: split done, delta_size=182677
R1 [P2] iter 27: split done, delta_size=245670
R11 [P2] iter 27: split done, delta_size=224065
R2 [P2] iter 27: split done, delta_size=310584
R14 [P2] iter 27: split done, delta_size=201959
R8 [P2] iter 27: split done, delta_size=213619
R15 [P2] iter 27: split done, delta_size=259971
R10 [P2] iter 27: split done, delta_size=261463
R13 [P2] iter 27: split done, delta_size=295327
R5 [P2] iter 27: split done, delta_size=361829
R12 [P2] iter 27: split done, delta_size=335954
R3 [P2] iter 27: split done, delta_size=315857
R9 [P2] iter 27: split done, delta_size=374448
R6 [P2] iter 27: dedup done, delta_size=205647
R4 [P2] iter 27: dedup done, delta_size=213418
R0 [P2] iter 27: dedup done, delta_size=165789
R14 [P2] iter 27: dedup done, delta_size=175455
R11 [P2] iter 27: dedup done, delta_size=195665
R1 [P2] iter 27: dedup done, delta_size=217378
R15 [P2] iter 27: dedup done, delta_size=233507
R6 [P2] iter 27: subtract done, delta_size=26727
R4 [P2] iter 27: subtract done, delta_size=16041
R8 [P2] iter 27: dedup done, delta_size=184162
R1 [P2] iter 27: subtract done, delta_size=19156
R14 [P2] iter 27: subtract done, delta_size=16969
R11 [P2] iter 27: subtract done, delta_size=27996
R0 [P2] iter 27: subtract done, delta_size=48301
R10 [P2] iter 27: dedup done, delta_size=229825
R13 [P2] iter 27: dedup done, delta_size=262946
R5 [P2] iter 27: dedup done, delta_size=309728
R7 [P2] iter 27: dedup done, delta_size=377923
R8 [P2] iter 27: subtract done, delta_size=33281
R12 [P2] iter 27: dedup done, delta_size=291279
R2 [P2] iter 27: dedup done, delta_size=270232
R15 [P2] iter 27: subtract done, delta_size=33062
R9 [P2] iter 27: dedup done, delta_size=315077
R6 [P2] iter 27: merge done, full_size=22012582
R3 [P2] iter 27: dedup done, delta_size=271504
R4 [P2] iter 27: merge done, full_size=21298807
R14 [P2] iter 27: merge done, full_size=19937662
R1 [P2] iter 27: merge done, full_size=22692886
R10 [P2] iter 27: subtract done, delta_size=30201
R11 [P2] iter 27: merge done, full_size=20953291
R5 [P2] iter 27: subtract done, delta_size=41227
R7 [P2] iter 27: subtract done, delta_size=39164
R13 [P2] iter 27: subtract done, delta_size=35164
R0 [P2] iter 27: merge done, full_size=21619390
R12 [P2] iter 27: subtract done, delta_size=33548
R8 [P2] iter 27: merge done, full_size=21441683
R2 [P2] iter 27: subtract done, delta_size=52657
R9 [P2] iter 27: subtract done, delta_size=30991
R3 [P2] iter 27: subtract done, delta_size=27695
R15 [P2] iter 27: merge done, full_size=23322539
R7 [P2] iter 27: merge done, full_size=22655556
R5 [P2] iter 27: merge done, full_size=21829367
R10 [P2] iter 27: merge done, full_size=21832390
R2 [P2] iter 27: merge done, full_size=20397686
R12 [P2] iter 27: merge done, full_size=20455583
R13 [P2] iter 27: merge done, full_size=22185073
R3 [P2] iter 27: merge done, full_size=20734208
R8 [P2] iter 28 done: global_full_size=345758503
R4 [P2] iter 28 done: global_full_size=345758503
R0 [P2] iter 28 done: global_full_size=345758503
R12 [P2] iter 28 done: global_full_size=345758503
R9 [P2] iter 27: merge done, full_size=22389800
R9 [P2] iter 28 done: global_full_size=345758503
R5 [P2] iter 28 done: global_full_size=345758503
R1 [P2] iter 28 done: global_full_size=345758503
R13 [P2] iter 28 done: global_full_size=345758503
R10 [P2] iter 28 done: global_full_size=345758503
R6 [P2] iter 28 done: global_full_size=345758503
R2 [P2] iter 28 done: global_full_size=345758503
R14 [P2] iter 28 done: global_full_size=345758503
R11 [P2] iter 28 done: global_full_size=345758503
R7 [P2] iter 28 done: global_full_size=345758503
R3 [P2] iter 28 done: global_full_size=345758503
R15 [P2] iter 28 done: global_full_size=345758503
R9 [P2] iter 28: PRE-JOIN GPU mem: 83.5GB free / 85.1GB total | delta_size=30991 full_size=22389800
R4 [P2] iter 28: PRE-JOIN GPU mem: 84.3GB free / 85.1GB total | delta_size=16041 full_size=21298807
R0 [P2] iter 28: PRE-JOIN GPU mem: 84.3GB free / 85.1GB total | delta_size=48301 full_size=21619390
R12 [P2] iter 28: PRE-JOIN GPU mem: 83.4GB free / 85.1GB total | delta_size=33548 full_size=20455583
R8 [P2] iter 28: PRE-JOIN GPU mem: 83.8GB free / 85.1GB total | delta_size=33281 full_size=21441683
R5 [P2] iter 28: PRE-JOIN GPU mem: 84.2GB free / 85.1GB total | delta_size=41227 full_size=21829367
R1 [P2] iter 28: PRE-JOIN GPU mem: 84.3GB free / 85.1GB total | delta_size=19156 full_size=22692886
R13 [P2] iter 28: PRE-JOIN GPU mem: 83.4GB free / 85.1GB total | delta_size=35164 full_size=22185073
R10 [P2] iter 28: PRE-JOIN GPU mem: 83.4GB free / 85.1GB total | delta_size=30201 full_size=21832390
R6 [P2] iter 28: PRE-JOIN GPU mem: 84.0GB free / 85.1GB total | delta_size=26727 full_size=22012582
R2 [P2] iter 28: PRE-JOIN GPU mem: 84.4GB free / 85.1GB total | delta_size=52657 full_size=20397686
R14 [P2] iter 28: PRE-JOIN GPU mem: 83.4GB free / 85.1GB total | delta_size=16969 full_size=19937662
R11 [P2] iter 28: PRE-JOIN GPU mem: 83.3GB free / 85.1GB total | delta_size=27996 full_size=20953291
R7 [P2] iter 28: PRE-JOIN GPU mem: 83.8GB free / 85.1GB total | delta_size=39164 full_size=22655556
R3 [P2] iter 28: PRE-JOIN GPU mem: 84.3GB free / 85.1GB total | delta_size=27695 full_size=20734208
R15 [P2] iter 28: PRE-JOIN GPU mem: 83.5GB free / 85.1GB total | delta_size=33062 full_size=23322539
R1 [P2] iter 28: join done, raw=36735 result_size=36597
R6 [P2] iter 28: join done, raw=10914 result_size=10914
R3 [P2] iter 28: join done, raw=237776 result_size=237751
R14 [P2] iter 28: join done, raw=52919 result_size=52672
R0 [P2] iter 28: join done, raw=205890 result_size=205601
R11 [P2] iter 28: join done, raw=104657 result_size=104657
R13 [P2] iter 28: join done, raw=602881 result_size=602674
R7 [P2] iter 28: join done, raw=293766 result_size=293727
R10 [P2] iter 28: join done, raw=211796 result_size=211345
R9 [P2] iter 28: join done, raw=28103 result_size=28103
R4 [P2] iter 28: join done, raw=2312 result_size=2312
R2 [P2] iter 28: join done, raw=420929 result_size=412005
R5 [P2] iter 28: join done, raw=529605 result_size=528156
R8 [P2] iter 28: join done, raw=561434 result_size=561326
R15 [P2] iter 28: join done, raw=402644 result_size=402572
R12 [P2] iter 28: join done, raw=352809 result_size=352809
R14 [P2] iter 28: split done, delta_size=228724
R9 [P2] iter 28: split done, delta_size=243031
R4 [P2] iter 28: split done, delta_size=244693
R11 [P2] iter 28: split done, delta_size=219839
R6 [P2] iter 28: split done, delta_size=286060
R1 [P2] iter 28: split done, delta_size=299717
R10 [P2] iter 28: split done, delta_size=195516
R8 [P2] iter 28: split done, delta_size=192141
R5 [P2] iter 28: split done, delta_size=207247
R7 [P2] iter 28: split done, delta_size=408813
R13 [P2] iter 28: split done, delta_size=222958
R4 [P2] iter 28: dedup done, delta_size=210859
R11 [P2] iter 28: dedup done, delta_size=190049
R9 [P2] iter 28: dedup done, delta_size=205206
R4 [P2] iter 28: subtract done, delta_size=11696
R8 [P2] iter 28: dedup done, delta_size=167108
R5 [P2] iter 28: dedup done, delta_size=182069
R10 [P2] iter 28: dedup done, delta_size=169915
R0 [P2] iter 28: split done, delta_size=206990
R3 [P2] iter 28: split done, delta_size=235079
R2 [P2] iter 28: split done, delta_size=239595
R11 [P2] iter 28: subtract done, delta_size=21291
R9 [P2] iter 28: subtract done, delta_size=18246
R6 [P2] iter 28: dedup done, delta_size=244390
R5 [P2] iter 28: subtract done, delta_size=28449
R8 [P2] iter 28: subtract done, delta_size=24617
R10 [P2] iter 28: subtract done, delta_size=32196
R12 [P2] iter 28: split done, delta_size=301900
R4 [P2] iter 28: merge done, full_size=21310503
R7 [P2] iter 28: dedup done, delta_size=348847
R11 [P2] iter 28: merge done, full_size=20974582
R6 [P2] iter 28: subtract done, delta_size=25629
R9 [P2] iter 28: merge done, full_size=22408046
R5 [P2] iter 28: merge done, full_size=21857816
R10 [P2] iter 28: merge done, full_size=21864586
R8 [P2] iter 28: merge done, full_size=21466300
R7 [P2] iter 28: subtract done, delta_size=27634
R15 [P2] iter 28: split done, delta_size=310918
R6 [P2] iter 28: merge done, full_size=22038211
R14 [P2] iter 28: dedup done, delta_size=204232
R7 [P2] iter 28: merge done, full_size=22683190
R14 [P2] iter 28: subtract done, delta_size=29364
R0 [P2] iter 28: dedup done, delta_size=181430
R1 [P2] iter 28: dedup done, delta_size=257971
R13 [P2] iter 28: dedup done, delta_size=193188
R3 [P2] iter 28: dedup done, delta_size=204505
R0 [P2] iter 28: subtract done, delta_size=24963
R2 [P2] iter 28: dedup done, delta_size=205330
R2 [P2] iter 28: subtract done, delta_size=36960
R3 [P2] iter 28: subtract done, delta_size=27180
R1 [P2] iter 28: subtract done, delta_size=40199
R13 [P2] iter 28: subtract done, delta_size=22011
R3 [P2] iter 28: merge done, full_size=20761388
R2 [P2] iter 28: merge done, full_size=20434646
R0 [P2] iter 28: merge done, full_size=21644353
R1 [P2] iter 28: merge done, full_size=22733085
R14 [P2] iter 28: merge done, full_size=19967026
R13 [P2] iter 28: merge done, full_size=22207084
R12 [P2] iter 28: dedup done, delta_size=250104
R15 [P2] iter 28: dedup done, delta_size=267018
R12 [P2] iter 28: subtract done, delta_size=25966
R15 [P2] iter 28: subtract done, delta_size=20626
R12 [P2] iter 28: merge done, full_size=20481549
R0 [P2] iter 29 done: global_full_size=346175530
R1 [P2] iter 29 done: global_full_size=346175530
R12 [P2] iter 29 done: global_full_size=346175530
R8 [P2] iter 29 done: global_full_size=346175530
R4 [P2] iter 29 done: global_full_size=346175530
R2 [P2] iter 29 done: global_full_size=346175530
R13 [P2] iter 29 done: global_full_size=346175530
R9 [P2] iter 29 done: global_full_size=346175530
R9 [P2] iter 29: PRE-JOIN GPU mem: 83.5GB free / 85.1GB total | delta_size=18246 full_size=22408046
R5 [P2] iter 29 done: global_full_size=346175530
R5 [P2] iter 29: PRE-JOIN GPU mem: 84.2GB free / 85.1GB total | delta_size=28449 full_size=21857816
R3 [P2] iter 29 done: global_full_size=346175530
R3 [P2] iter 29: PRE-JOIN GPU mem: 84.3GB free / 85.1GB total | delta_size=27180 full_size=20761388
R14 [P2] iter 29 done: global_full_size=346175530
R10 [P2] iter 29 done: global_full_size=346175530
R10 [P2] iter 29: PRE-JOIN GPU mem: 83.4GB free / 85.1GB total | delta_size=32196 full_size=21864586
R6 [P2] iter 29 done: global_full_size=346175530
R6 [P2] iter 29: PRE-JOIN GPU mem: 84.0GB free / 85.1GB total | delta_size=25629 full_size=22038211
R0 [P2] iter 29: PRE-JOIN GPU mem: 84.3GB free / 85.1GB total | delta_size=24963 full_size=21644353
R15 [P2] iter 28: merge done, full_size=23343165
R15 [P2] iter 29 done: global_full_size=346175530
R11 [P2] iter 29 done: global_full_size=346175530
R11 [P2] iter 29: PRE-JOIN GPU mem: 83.3GB free / 85.1GB total | delta_size=21291 full_size=20974582
R7 [P2] iter 29 done: global_full_size=346175530
R7 [P2] iter 29: PRE-JOIN GPU mem: 83.8GB free / 85.1GB total | delta_size=27634 full_size=22683190
R1 [P2] iter 29: PRE-JOIN GPU mem: 84.3GB free / 85.1GB total | delta_size=40199 full_size=22733085
R8 [P2] iter 29: PRE-JOIN GPU mem: 83.8GB free / 85.1GB total | delta_size=24617 full_size=21466300
R4 [P2] iter 29: PRE-JOIN GPU mem: 84.3GB free / 85.1GB total | delta_size=11696 full_size=21310503
R2 [P2] iter 29: PRE-JOIN GPU mem: 84.4GB free / 85.1GB total | delta_size=36960 full_size=20434646
R12 [P2] iter 29: PRE-JOIN GPU mem: 83.4GB free / 85.1GB total | delta_size=25966 full_size=20481549
R13 [P2] iter 29: PRE-JOIN GPU mem: 83.4GB free / 85.1GB total | delta_size=22011 full_size=22207084
R14 [P2] iter 29: PRE-JOIN GPU mem: 83.4GB free / 85.1GB total | delta_size=29364 full_size=19967026
R15 [P2] iter 29: PRE-JOIN GPU mem: 83.5GB free / 85.1GB total | delta_size=20626 full_size=23343165
R3 [P2] iter 29: join done, raw=306666 result_size=306666
R0 [P2] iter 29: join done, raw=23620 result_size=23620
R11 [P2] iter 29: join done, raw=14995 result_size=14995
R1 [P2] iter 29: join done, raw=643047 result_size=634376
R6 [P2] iter 29: join done, raw=358314 result_size=358314
R7 [P2] iter 29: join done, raw=20763 result_size=20763
R13 [P2] iter 29: join done, raw=22148 result_size=22148
R10 [P2] iter 29: join done, raw=391471 result_size=391349
R9 [P2] iter 29: join done, raw=233322 result_size=233322
R14 [P2] iter 29: join done, raw=196190 result_size=192860
R2 [P2] iter 29: join done, raw=153350 result_size=153350
R4 [P2] iter 29: join done, raw=1250 result_size=1250
R12 [P2] iter 29: join done, raw=698964 result_size=690567
R5 [P2] iter 29: join done, raw=134049 result_size=134049
R8 [P2] iter 29: join done, raw=32079 result_size=32079
R15 [P2] iter 29: join done, raw=90542 result_size=90542
R4 [P2] iter 29: split done, delta_size=120682
R0 [P2] iter 29: split done, delta_size=175373
R15 [P2] iter 29: split done, delta_size=190761
R8 [P2] iter 29: split done, delta_size=191258
R11 [P2] iter 29: split done, delta_size=282463
R7 [P2] iter 29: split done, delta_size=322105
R4 [P2] iter 29: dedup done, delta_size=109166
R13 [P2] iter 29: split done, delta_size=234973
R5 [P2] iter 29: split done, delta_size=191129
R2 [P2] iter 29: split done, delta_size=153215
R12 [P2] iter 29: split done, delta_size=230311
R10 [P2] iter 29: split done, delta_size=173959
R6 [P2] iter 29: split done, delta_size=213105
R3 [P2] iter 29: split done, delta_size=163407
R14 [P2] iter 29: split done, delta_size=199623
R9 [P2] iter 29: split done, delta_size=207292
R4 [P2] iter 29: subtract done, delta_size=14137
R1 [P2] iter 29: split done, delta_size=250594
R0 [P2] iter 29: dedup done, delta_size=153788
R8 [P2] iter 29: dedup done, delta_size=169690
R5 [P2] iter 29: dedup done, delta_size=171764
R0 [P2] iter 29: subtract done, delta_size=15385
R13 [P2] iter 29: dedup done, delta_size=204973
R6 [P2] iter 29: dedup done, delta_size=186988
R3 [P2] iter 29: dedup done, delta_size=145136
R15 [P2] iter 29: dedup done, delta_size=172368
R2 [P2] iter 29: dedup done, delta_size=137091
R9 [P2] iter 29: dedup done, delta_size=179256
R8 [P2] iter 29: subtract done, delta_size=18615
R10 [P2] iter 29: dedup done, delta_size=152233
R11 [P2] iter 29: dedup done, delta_size=245880
R4 [P2] iter 29: merge done, full_size=21324640
R12 [P2] iter 29: dedup done, delta_size=201621
R7 [P2] iter 29: dedup done, delta_size=280866
R5 [P2] iter 29: subtract done, delta_size=22380
R1 [P2] iter 29: dedup done, delta_size=216102
R14 [P2] iter 29: dedup done, delta_size=177714
R3 [P2] iter 29: subtract done, delta_size=14150
R6 [P2] iter 29: subtract done, delta_size=23911
R2 [P2] iter 29: subtract done, delta_size=22453
R13 [P2] iter 29: subtract done, delta_size=14461
R15 [P2] iter 29: subtract done, delta_size=21813
R9 [P2] iter 29: subtract done, delta_size=25194
R10 [P2] iter 29: subtract done, delta_size=19297
R14 [P2] iter 29: subtract done, delta_size=14853
R12 [P2] iter 29: subtract done, delta_size=27513
R1 [P2] iter 29: subtract done, delta_size=25643
R0 [P2] iter 29: merge done, full_size=21659738
R7 [P2] iter 29: subtract done, delta_size=28269
R8 [P2] iter 29: merge done, full_size=21484915
R11 [P2] iter 29: subtract done, delta_size=17814
R5 [P2] iter 29: merge done, full_size=21880196
R3 [P2] iter 29: merge done, full_size=20775538
R15 [P2] iter 29: merge done, full_size=23364978
R6 [P2] iter 29: merge done, full_size=22062122
R2 [P2] iter 29: merge done, full_size=20457099
R9 [P2] iter 29: merge done, full_size=22433240
R13 [P2] iter 29: merge done, full_size=22221545
R10 [P2] iter 29: merge done, full_size=21883883
R1 [P2] iter 29: merge done, full_size=22758728
R14 [P2] iter 29: merge done, full_size=19981879
R12 [P2] iter 29: merge done, full_size=20509062
R7 [P2] iter 29: merge done, full_size=22711459
R0 [P2] iter 30 done: global_full_size=346501418
R1 [P2] iter 30 done: global_full_size=346501418
R12 [P2] iter 30 done: global_full_size=346501418
R8 [P2] iter 30 done: global_full_size=346501418
R4 [P2] iter 30 done: global_full_size=346501418
R2 [P2] iter 30 done: global_full_size=346501418
R13 [P2] iter 30 done: global_full_size=346501418
R9 [P2] iter 30 done: global_full_size=346501418
R5 [P2] iter 30 done: global_full_size=346501418
R3 [P2] iter 30 done: global_full_size=346501418
R14 [P2] iter 30 done: global_full_size=346501418
R10 [P2] iter 30 done: global_full_size=346501418
R6 [P2] iter 30 done: global_full_size=346501418
R0 [P2] iter 30: PRE-JOIN GPU mem: 84.3GB free / 85.1GB total | delta_size=15385 full_size=21659738
R15 [P2] iter 30 done: global_full_size=346501418
R11 [P2] iter 29: merge done, full_size=20992396
R11 [P2] iter 30 done: global_full_size=346501418
R7 [P2] iter 30 done: global_full_size=346501418
R7 [P2] iter 30: PRE-JOIN GPU mem: 83.8GB free / 85.1GB total | delta_size=28269 full_size=22711459
R1 [P2] iter 30: PRE-JOIN GPU mem: 84.3GB free / 85.1GB total | delta_size=25643 full_size=22758728
R12 [P2] iter 30: PRE-JOIN GPU mem: 83.4GB free / 85.1GB total | delta_size=27513 full_size=20509062
R8 [P2] iter 30: PRE-JOIN GPU mem: 83.8GB free / 85.1GB total | delta_size=18615 full_size=21484915
R4 [P2] iter 30: PRE-JOIN GPU mem: 84.3GB free / 85.1GB total | delta_size=14137 full_size=21324640
R2 [P2] iter 30: PRE-JOIN GPU mem: 84.4GB free / 85.1GB total | delta_size=22453 full_size=20457099
R13 [P2] iter 30: PRE-JOIN GPU mem: 83.4GB free / 85.1GB total | delta_size=14461 full_size=22221545
R9 [P2] iter 30: PRE-JOIN GPU mem: 83.5GB free / 85.1GB total | delta_size=25194 full_size=22433240
R5 [P2] iter 30: PRE-JOIN GPU mem: 84.2GB free / 85.1GB total | delta_size=22380 full_size=21880196
R3 [P2] iter 30: PRE-JOIN GPU mem: 84.3GB free / 85.1GB total | delta_size=14150 full_size=20775538
R14 [P2] iter 30: PRE-JOIN GPU mem: 83.4GB free / 85.1GB total | delta_size=14853 full_size=19981879
R10 [P2] iter 30: PRE-JOIN GPU mem: 83.4GB free / 85.1GB total | delta_size=19297 full_size=21883883
R6 [P2] iter 30: PRE-JOIN GPU mem: 84.0GB free / 85.1GB total | delta_size=23911 full_size=22062122
R15 [P2] iter 30: PRE-JOIN GPU mem: 83.5GB free / 85.1GB total | delta_size=21813 full_size=23364978
R11 [P2] iter 30: PRE-JOIN GPU mem: 83.3GB free / 85.1GB total | delta_size=17814 full_size=20992396
R3 [P2] iter 30: join done, raw=27361 result_size=27361
R6 [P2] iter 30: join done, raw=197 result_size=197
R0 [P2] iter 30: join done, raw=8371 result_size=8371
R9 [P2] iter 30: join done, raw=2134 result_size=2134
R11 [P2] iter 30: join done, raw=130942 result_size=130942
R1 [P2] iter 30: join done, raw=291674 result_size=291674
R13 [P2] iter 30: join done, raw=29220 result_size=29220
R14 [P2] iter 30: join done, raw=85294 result_size=85294
R7 [P2] iter 30: join done, raw=467565 result_size=467565
R10 [P2] iter 30: join done, raw=146206 result_size=146206
R12 [P2] iter 30: join done, raw=259 result_size=259
R5 [P2] iter 30: join done, raw=77 result_size=77
R2 [P2] iter 30: join done, raw=421292 result_size=421292
R4 [P2] iter 30: join done, raw=367472 result_size=365477
R8 [P2] iter 30: join done, raw=49468 result_size=49462
R15 [P2] iter 30: join done, raw=180811 result_size=180811
R0 [P2] iter 30: split done, delta_size=74067
R12 [P2] iter 30: split done, delta_size=111747
R8 [P2] iter 30: split done, delta_size=116796
R14 [P2] iter 30: split done, delta_size=131799
R13 [P2] iter 30: split done, delta_size=195127
R5 [P2] iter 30: split done, delta_size=129221
R6 [P2] iter 30: split done, delta_size=138744
R9 [P2] iter 30: split done, delta_size=195911
R0 [P2] iter 30: dedup done, delta_size=67595
R3 [P2] iter 30: split done, delta_size=140845
R12 [P2] iter 30: dedup done, delta_size=101149
R5 [P2] iter 30: dedup done, delta_size=114898
R15 [P2] iter 30: split done, delta_size=99340
R2 [P2] iter 30: split done, delta_size=100497
R4 [P2] iter 30: split done, delta_size=120456
R1 [P2] iter 30: split done, delta_size=174277
R7 [P2] iter 30: split done, delta_size=156525
R0 [P2] iter 30: subtract done, delta_size=5328
R5 [P2] iter 30: subtract done, delta_size=13951
R12 [P2] iter 30: subtract done, delta_size=17221
R15 [P2] iter 30: dedup done, delta_size=89754
R4 [P2] iter 30: dedup done, delta_size=104729
R13 [P2] iter 30: dedup done, delta_size=171549
R14 [P2] iter 30: dedup done, delta_size=117493
R2 [P2] iter 30: dedup done, delta_size=87724
R6 [P2] iter 30: dedup done, delta_size=123132
R15 [P2] iter 30: subtract done, delta_size=2538
R3 [P2] iter 30: dedup done, delta_size=125717
R4 [P2] iter 30: subtract done, delta_size=9345
R7 [P2] iter 30: dedup done, delta_size=136764
R13 [P2] iter 30: subtract done, delta_size=12578
R14 [P2] iter 30: subtract done, delta_size=7864
R2 [P2] iter 30: subtract done, delta_size=10084
R6 [P2] iter 30: subtract done, delta_size=14387
R12 [P2] iter 30: merge done, full_size=20526283
R3 [P2] iter 30: subtract done, delta_size=20882
R0 [P2] iter 30: merge done, full_size=21665066
R5 [P2] iter 30: merge done, full_size=21894147
R7 [P2] iter 30: subtract done, delta_size=6305
R1 [P2] iter 30: dedup done, delta_size=152619
R15 [P2] iter 30: merge done, full_size=23367516
R4 [P2] iter 30: merge done, full_size=21333985
R1 [P2] iter 30: subtract done, delta_size=7825
R14 [P2] iter 30: merge done, full_size=19989743
R6 [P2] iter 30: merge done, full_size=22076509
R13 [P2] iter 30: merge done, full_size=22234123
R3 [P2] iter 30: merge done, full_size=20796420
R7 [P2] iter 30: merge done, full_size=22717764
R2 [P2] iter 30: merge done, full_size=20467183
R1 [P2] iter 30: merge done, full_size=22766553
R10 [P2] iter 30: split done, delta_size=169774
R11 [P2] iter 30: split done, delta_size=151216
R9 [P2] iter 30: dedup done, delta_size=171623
R9 [P2] iter 30: subtract done, delta_size=15360
R8 [P2] iter 30: dedup done, delta_size=105945
R8 [P2] iter 30: subtract done, delta_size=35209
R9 [P2] iter 30: merge done, full_size=22448600
R10 [P2] iter 30: dedup done, delta_size=145937
R10 [P2] iter 30: subtract done, delta_size=15671
R8 [P2] iter 30: merge done, full_size=21520124
R11 [P2] iter 30: dedup done, delta_size=129580
R11 [P2] iter 30: subtract done, delta_size=12849
R10 [P2] iter 30: merge done, full_size=21899554
R8 [P2] iter 31 done: global_full_size=346708815
R9 [P2] iter 31 done: global_full_size=346708815
R10 [P2] iter 31 done: global_full_size=346708815
R11 [P2] iter 30: merge done, full_size=21005245
R11 [P2] iter 31 done: global_full_size=346708815
R0 [P2] iter 31 done: global_full_size=346708815
R0 [P2] iter 31: PRE-JOIN GPU mem: 84.3GB free / 85.1GB total | delta_size=5328 full_size=21665066
R1 [P2] iter 31 done: global_full_size=346708815
R1 [P2] iter 31: PRE-JOIN GPU mem: 84.3GB free / 85.1GB total | delta_size=7825 full_size=22766553
R2 [P2] iter 31 done: global_full_size=346708815
R2 [P2] iter 31: PRE-JOIN GPU mem: 84.4GB free / 85.1GB total | delta_size=10084 full_size=20467183
R4 [P2] iter 31 done: global_full_size=346708815
R4 [P2] iter 31: PRE-JOIN GPU mem: 84.3GB free / 85.1GB total | delta_size=9345 full_size=21333985
R3 [P2] iter 31 done: global_full_size=346708815
R3 [P2] iter 31: PRE-JOIN GPU mem: 84.3GB free / 85.1GB total | delta_size=20882 full_size=20796420
R5 [P2] iter 31 done: global_full_size=346708815
R5 [P2] iter 31: PRE-JOIN GPU mem: 84.2GB free / 85.1GB total | delta_size=13951 full_size=21894147
R12 [P2] iter 31 done: global_full_size=346708815
R12 [P2] iter 31: PRE-JOIN GPU mem: 83.4GB free / 85.1GB total | delta_size=17221 full_size=20526283
R8 [P2] iter 31: PRE-JOIN GPU mem: 83.8GB free / 85.1GB total | delta_size=35209 full_size=21520124
R6 [P2] iter 31 done: global_full_size=346708815
R6 [P2] iter 31: PRE-JOIN GPU mem: 84.0GB free / 85.1GB total | delta_size=14387 full_size=22076509
R13 [P2] iter 31 done: global_full_size=346708815
R13 [P2] iter 31: PRE-JOIN GPU mem: 83.4GB free / 85.1GB total | delta_size=12578 full_size=22234123
R9 [P2] iter 31: PRE-JOIN GPU mem: 83.5GB free / 85.1GB total | delta_size=15360 full_size=22448600
R7 [P2] iter 31 done: global_full_size=346708815
R7 [P2] iter 31: PRE-JOIN GPU mem: 83.8GB free / 85.1GB total | delta_size=6305 full_size=22717764
R14 [P2] iter 31 done: global_full_size=346708815
R14 [P2] iter 31: PRE-JOIN GPU mem: 83.4GB free / 85.1GB total | delta_size=7864 full_size=19989743
R10 [P2] iter 31: PRE-JOIN GPU mem: 83.4GB free / 85.1GB total | delta_size=15671 full_size=21899554
R15 [P2] iter 31 done: global_full_size=346708815
R15 [P2] iter 31: PRE-JOIN GPU mem: 83.5GB free / 85.1GB total | delta_size=2538 full_size=23367516
R11 [P2] iter 31: PRE-JOIN GPU mem: 83.3GB free / 85.1GB total | delta_size=12849 full_size=21005245
R6 [P2] iter 31: join done, raw=0 result_size=0
R11 [P2] iter 31: join done, raw=0 result_size=0
R3 [P2] iter 31: join done, raw=0 result_size=0
R1 [P2] iter 31: join done, raw=0 result_size=0
R13 [P2] iter 31: join done, raw=0 result_size=0
R7 [P2] iter 31: join done, raw=0 result_size=0
R14 [P2] iter 31: join done, raw=0 result_size=0
R9 [P2] iter 31: join done, raw=0 result_size=0
R0 [P2] iter 31: join done, raw=2556 result_size=2556
R10 [P2] iter 31: join done, raw=0 result_size=0
R15 [P2] iter 31: join done, raw=0 result_size=0
R12 [P2] iter 31: join done, raw=0 result_size=0
R5 [P2] iter 31: join done, raw=0 result_size=0
R2 [P2] iter 31: join done, raw=0 result_size=0
R4 [P2] iter 31: join done, raw=0 result_size=0
R8 [P2] iter 31: join done, raw=0 result_size=0
R0 [P2] iter 31: split done, delta_size=213
R12 [P2] iter 31: split done, delta_size=213
R8 [P2] iter 31: split done, delta_size=213
R4 [P2] iter 31: split done, delta_size=213
R2 [P2] iter 31: split done, delta_size=639
R15 [P2] iter 31: split done, delta_size=213
R10 [P2] iter 31: split done, delta_size=213
R7 [P2] iter 31: split done, delta_size=426
R2 [P2] iter 31: dedup done, delta_size=639
R15 [P2] iter 31: dedup done, delta_size=213
R11 [P2] iter 31: split done, delta_size=213
R4 [P2] iter 31: dedup done, delta_size=213
R0 [P2] iter 31: dedup done, delta_size=213
R12 [P2] iter 31: dedup done, delta_size=213
R8 [P2] iter 31: dedup done, delta_size=213
R7 [P2] iter 31: dedup done, delta_size=426
R3 [P2] iter 31: split done, delta_size=0
R13 [P2] iter 31: split done, delta_size=0
R10 [P2] iter 31: dedup done, delta_size=213
R5 [P2] iter 31: split done, delta_size=0
R1 [P2] iter 31: split done, delta_size=0
R14 [P2] iter 31: split done, delta_size=0
R11 [P2] iter 31: dedup done, delta_size=213
R6 [P2] iter 31: split done, delta_size=0
R0 [P2] iter 31: subtract done, delta_size=0
R12 [P2] iter 31: subtract done, delta_size=0
R8 [P2] iter 31: subtract done, delta_size=0
R4 [P2] iter 31: subtract done, delta_size=0
R1 [P2] iter 31: dedup done, delta_size=0
R15 [P2] iter 31: subtract done, delta_size=0
R10 [P2] iter 31: subtract done, delta_size=0
R7 [P2] iter 31: subtract done, delta_size=0
R2 [P2] iter 31: subtract done, delta_size=0
R14 [P2] iter 31: dedup done, delta_size=0
R11 [P2] iter 31: subtract done, delta_size=0
R6 [P2] iter 31: dedup done, delta_size=0
R3 [P2] iter 31: dedup done, delta_size=0
R13 [P2] iter 31: dedup done, delta_size=0
R5 [P2] iter 31: dedup done, delta_size=0
R9 [P2] iter 31: split done, delta_size=0
R3 [P2] iter 31: subtract done, delta_size=0
R1 [P2] iter 31: subtract done, delta_size=0
R13 [P2] iter 31: subtract done, delta_size=0
R5 [P2] iter 31: subtract done, delta_size=0
R6 [P2] iter 31: subtract done, delta_size=0
R14 [P2] iter 31: subtract done, delta_size=0
R9 [P2] iter 31: dedup done, delta_size=0
R9 [P2] iter 31: subtract done, delta_size=0
R9 [P2] iter 32 done: global_full_size=346708815
R0 [P2] iter 32 done: global_full_size=346708815
R8 [P2] iter 32 done: global_full_size=346708815
R1 [P2] iter 32 done: global_full_size=346708815
R10 [P2] iter 32 done: global_full_size=346708815
R2 [P2] iter 32 done: global_full_size=346708815
R11 [P2] iter 32 done: global_full_size=346708815
R4 [P2] iter 32 done: global_full_size=346708815
R3 [P2] iter 32 done: global_full_size=346708815
R5 [P2] iter 32 done: global_full_size=346708815
R6 [P2] iter 32 done: global_full_size=346708815
R7 [P2] iter 32 done: global_full_size=346708815
R12 [P2] iter 32 done: global_full_size=346708815
R13 [P2] iter 32 done: global_full_size=346708815
R14 [P2] iter 32 done: global_full_size=346708815
R15 [P2] iter 32 done: global_full_size=346708815
R12 [P2→P3] GPU mem: 83.4GB free / 85.1GB total
R12 [P2→P3] Live allocations:
  full (TC(g^k) rev): 20526283 tuples = 0.2GB
  delta:              0 tuples = 0.0GB
  seed:               87946227 tuples = 0.7GB
R12 [P2→P3] Accounted: 0.9GB | Unaccounted: 0.8GB
R12 [P3] entering Phase 3: seed_size=87946227 full_size=20526283
R4 [P2→P3] GPU mem: 84.3GB free / 85.1GB total
R4 [P2→P3] Live allocations:
  full (TC(g^k) rev): 21333985 tuples = 0.2GB
  delta:              0 tuples = 0.0GB
  seed:               14511910 tuples = 0.1GB
R4 [P2→P3] Accounted: 0.3GB | Unaccounted: 0.5GB
R4 [P3] entering Phase 3: seed_size=14511910 full_size=21333985
R13 [P2→P3] GPU mem: 83.5GB free / 85.1GB total
R13 [P2→P3] Live allocations:
  full (TC(g^k) rev): 22234123 tuples = 0.2GB
  delta:              0 tuples = 0.0GB
  seed:               85966641 tuples = 0.7GB
R13 [P2→P3] Accounted: 0.9GB | Unaccounted: 0.7GB
R13 [P3] entering Phase 3: seed_size=85966641 full_size=22234123
R5 [P2→P3] GPU mem: 84.2GB free / 85.1GB total
R5 [P2→P3] Live allocations:
  full (TC(g^k) rev): 21894147 tuples = 0.2GB
  delta:              0 tuples = 0.0GB
  seed:               24376682 tuples = 0.2GB
R5 [P2→P3] Accounted: 0.4GB | Unaccounted: 0.5GB
R5 [P3] entering Phase 3: seed_size=24376682 full_size=21894147
R14 [P2→P3] GPU mem: 83.6GB free / 85.1GB total
R14 [P2→P3] Live allocations:
  full (TC(g^k) rev): 19989743 tuples = 0.2GB
  delta:              0 tuples = 0.0GB
  seed:               83387692 tuples = 0.7GB
R14 [P2→P3] Accounted: 0.8GB | Unaccounted: 0.7GB
R14 [P3] entering Phase 3: seed_size=83387692 full_size=19989743
R6 [P2→P3] GPU mem: 84.1GB free / 85.1GB total
R6 [P2→P3] Live allocations:
  full (TC(g^k) rev): 22076509 tuples = 0.2GB
  delta:              0 tuples = 0.0GB
  seed:               38055530 tuples = 0.3GB
R6 [P2→P3] Accounted: 0.5GB | Unaccounted: 0.5GB
R6 [P3] entering Phase 3: seed_size=38055530 full_size=22076509
R15 [P2→P3] GPU mem: 83.6GB free / 85.1GB total
R15 [P2→P3] Live allocations:
  full (TC(g^k) rev): 23367516 tuples = 0.2GB
  delta:              0 tuples = 0.0GB
  seed:               80845081 tuples = 0.6GB
R15 [P2→P3] Accounted: 0.8GB | Unaccounted: 0.7GB
R15 [P3] entering Phase 3: seed_size=80845081 full_size=23367516
R7 [P2→P3] GPU mem: 84.0GB free / 85.1GB total
R7 [P2→P3] Live allocations:
  full (TC(g^k) rev): 22717764 tuples = 0.2GB
  delta:              0 tuples = 0.0GB
  seed:               53523167 tuples = 0.4GB
R7 [P2→P3] Accounted: 0.6GB | Unaccounted: 0.5GB
R7 [P3] entering Phase 3: seed_size=53523167 full_size=22717764
R12 [P3] allgather counts done: total_seed_size=805081176
R8 [P2→P3] GPU mem: 83.8GB free / 85.1GB total
R8 [P2→P3] Live allocations:
  full (TC(g^k) rev): 21520124 tuples = 0.2GB
  delta:              0 tuples = 0.0GB
  seed:               67831737 tuples = 0.5GB
R8 [P2→P3] Accounted: 0.7GB | Unaccounted: 0.5GB
R8 [P3] entering Phase 3: seed_size=67831737 full_size=21520124
R13 [P3] allgather counts done: total_seed_size=805081176
R9 [P2→P3] GPU mem: 83.6GB free / 85.1GB total
R9 [P2→P3] Live allocations:
  full (TC(g^k) rev): 22448600 tuples = 0.2GB
  delta:              0 tuples = 0.0GB
  seed:               78649221 tuples = 0.6GB
R9 [P2→P3] Accounted: 0.8GB | Unaccounted: 0.7GB
R9 [P3] entering Phase 3: seed_size=78649221 full_size=22448600
R14 [P3] allgather counts done: total_seed_size=805081176
R10 [P2→P3] GPU mem: 83.5GB free / 85.1GB total
R10 [P2→P3] Live allocations:
  full (TC(g^k) rev): 21899554 tuples = 0.2GB
  delta:              0 tuples = 0.0GB
  seed:               85505117 tuples = 0.7GB
R10 [P2→P3] Accounted: 0.9GB | Unaccounted: 0.7GB
R10 [P3] entering Phase 3: seed_size=85505117 full_size=21899554
R10 [P3] allgather counts done: total_seed_size=805081176
Phase 2: 2.6667s | TC(g^k) = 346708815 tuples, 32 iterations
  Join: 0.2216s | Dedup: 0.0619s | Subtract: 0.0286s | Merge: 0.0461s | HT build: 0.0003s
  Comm: 1.1057s
R0 [P2→P3] GPU mem: 84.5GB free / 85.1GB total
R0 [P2→P3] Live allocations:
  full (TC(g^k) rev): 21665066 tuples = 0.2GB
  delta:              0 tuples = 0.0GB
  seed:               552020 tuples = 0.0GB
R0 [P2→P3] Accounted: 0.2GB | Unaccounted: 0.5GB
R0 [P3] entering Phase 3: seed_size=552020 full_size=21665066
R0 [P3] allgather counts done: total_seed_size=805081176
R15 [P3] allgather counts done: total_seed_size=805081176
R11 [P2→P3] GPU mem: 83.4GB free / 85.1GB total
R11 [P2→P3] Live allocations:
  full (TC(g^k) rev): 21005245 tuples = 0.2GB
  delta:              0 tuples = 0.0GB
  seed:               88204832 tuples = 0.7GB
R11 [P2→P3] Accounted: 0.9GB | Unaccounted: 0.8GB
R11 [P3] entering Phase 3: seed_size=88204832 full_size=21005245
R11 [P3] allgather counts done: total_seed_size=805081176
R4 [P3] allgather counts done: total_seed_size=805081176
R1 [P2→P3] GPU mem: 84.4GB free / 85.1GB total
R1 [P2→P3] Live allocations:
  full (TC(g^k) rev): 22766553 tuples = 0.2GB
  delta:              0 tuples = 0.0GB
  seed:               2394934 tuples = 0.0GB
R1 [P2→P3] Accounted: 0.2GB | Unaccounted: 0.5GB
R1 [P3] entering Phase 3: seed_size=2394934 full_size=22766553
R1 [P3] allgather counts done: total_seed_size=805081176
R8 [P3] allgather counts done: total_seed_size=805081176
R5 [P3] allgather counts done: total_seed_size=805081176
R2 [P2→P3] GPU mem: 84.4GB free / 85.1GB total
R2 [P2→P3] Live allocations:
  full (TC(g^k) rev): 20467183 tuples = 0.2GB
  delta:              0 tuples = 0.0GB
  seed:               4879490 tuples = 0.0GB
R2 [P2→P3] Accounted: 0.2GB | Unaccounted: 0.5GB
R2 [P3] entering Phase 3: seed_size=4879490 full_size=20467183
R2 [P3] allgather counts done: total_seed_size=805081176
R9 [P3] allgather counts done: total_seed_size=805081176
R6 [P3] allgather counts done: total_seed_size=805081176
R3 [P2→P3] GPU mem: 84.4GB free / 85.1GB total
R3 [P2→P3] Live allocations:
  full (TC(g^k) rev): 20796420 tuples = 0.2GB
  delta:              0 tuples = 0.0GB
  seed:               8450895 tuples = 0.1GB
R3 [P2→P3] Accounted: 0.2GB | Unaccounted: 0.5GB
R3 [P3] entering Phase 3: seed_size=8450895 full_size=20796420
R3 [P3] allgather counts done: total_seed_size=805081176
R7 [P3] allgather counts done: total_seed_size=805081176
R11 [P3] allgatherv seeds done
R12 [P3] allgatherv seeds done
R10 [P3] allgatherv seeds done
R13 [P3] allgatherv seeds done
R14 [P3] allgatherv seeds done
R9 [P3] allgatherv seeds done
R8 [P3] allgatherv seeds done
R7 [P3] allgatherv seeds done
R6 [P3] allgatherv seeds done
GPUassert: out of memory /pscratch/sd/s/skunapan/projects/MNMGDatalog/include/hash_table.cuh 47
GPUassert: out of memory /pscratch/sd/s/skunapan/projects/MNMGDatalog/include/hash_table.cuh 47
R5 [P3] allgatherv seeds done
GPUassert: out of memory /pscratch/sd/s/skunapan/projects/MNMGDatalog/include/hash_table.cuh 47
GPUassert: out of memory /pscratch/sd/s/skunapan/projects/MNMGDatalog/include/hash_table.cuh 47
R4 [P3] allgatherv seeds done
R3 [P3] allgatherv seeds done
R2 [P3] allgatherv seeds done
R1 [P3] allgatherv seeds done
R0 [P3] allgatherv seeds done
R15 [P3] allgatherv seeds done
GPUassert: out of memory /pscratch/sd/s/skunapan/projects/MNMGDatalog/include/hash_table.cuh 47
GPUassert: out of memory /pscratch/sd/s/skunapan/projects/MNMGDatalog/include/hash_table.cuh 47
GPUassert: out of memory /pscratch/sd/s/skunapan/projects/MNMGDatalog/include/hash_table.cuh 47
srun: error: nid008592: tasks 9-10: Exited with exit code 2
srun: Terminating StepId=59217965.7
GPUassert: out of memory /pscratch/sd/s/skunapan/projects/MNMGDatalog/include/hash_table.cuh 47
GPUassert: out of memory /pscratch/sd/s/skunapan/projects/MNMGDatalog/include/hash_table.cuh 47
GPUassert: out of memory /pscratch/sd/s/skunapan/projects/MNMGDatalog/include/hash_table.cuh 47
GPUassert: out of memory /pscratch/sd/s/skunapan/projects/MNMGDatalog/include/hash_table.cuh 47
GPUassert: out of memory /pscratch/sd/s/skunapan/projects/MNMGDatalog/include/hash_table.cuh 47
GPUassert: out of memory /pscratch/sd/s/skunapan/projects/MNMGDatalog/include/hash_table.cuh 47
GPUassert: out of memory /pscratch/sd/s/skunapan/projects/MNMGDatalog/include/hash_table.cuh 47
GPUassert: out of memory /pscratch/sd/s/skunapan/projects/MNMGDatalog/include/hash_table.cuh 47
GPUassert: out of memory /pscratch/sd/s/skunapan/projects/MNMGDatalog/include/hash_table.cuh 47
srun: error: nid008593: tasks 13-14: Exited with exit code 2
srun: error: nid008589: task 6: Exited with exit code 2
srun: error: nid008588: tasks 1-2: Exited with exit code 2
[2026-10-02T20:21:28.711] error: *** STEP 59217965.7 ON nid008588 CANCELLED AT 2026-10-02T20:21:28 DUE TO TASK FAILURE ***
srun: error: nid008592: tasks 8,11: Exited with exit code 2
srun: error: nid008588: tasks 0,3: Exited with exit code 2
srun: error: nid008593: tasks 12,15: Exited with exit code 2
srun: error: nid008589: tasks 4-5,7: Exited with exit code 2
