R0 [P1] parallel_read done: row_size=774985 total_rows=1549970
R1 [P1] parallel_read done: row_size=774985 total_rows=1549970
R0 [P1] allgather done
R1 [P1] allgather done
R0 [P1] entity arrays + dedup done: g_size=1549970 l_size=1549970
R0 [P1] initial HT built: ht_rows=4194304
R1 [P1] entity arrays + dedup done: g_size=1549970 l_size=1549970
R0 [P1] step 0: g_rev join done, temp_g_rev_size=1470177
R1 [P1] initial HT built: ht_rows=4194304
R0 [P1] step 0: g_rev dedup done, g_rev_size=1466933
R1 [P1] step 0: seed join done, temp_l_size=1470177
R0 [P1] step 0: g squared, g_size=1466933 ht_rows=4194304
R0 [P1] partition filter done: gk_fwd=733453 gk_rev=732434
Rank 0 Phase 1: 0.1318s | seed_size=1549970 (length 1), g^k_size=1466933
R1 [P1] step 0: seed dedup done, l_size=1466933
R0 [P2] dedup full done: full_size=732434
R0 [P2] delta copy done: delta_size=732434
R0 [P2] HT built: gk_fwd_size=733453 ht_rows=2097152
R1 [P1] step 0: g_rev join done, temp_g_rev_size=1470177
R1 [P1] step 0: g_rev dedup done, g_rev_size=1466933
R1 [P1] step 0: g squared, g_size=1466933 ht_rows=4194304
R1 [P1] partition filter done: gk_fwd=733480 gk_rev=734499
Rank 1 Phase 1: 0.1358s | seed_size=1466933 (length 2), g^k_size=1466933
R1 [P2] dedup full done: full_size=734499
R1 [P2] delta copy done: delta_size=734499
R1 [P2] HT built: gk_fwd_size=733480 ht_rows=2097152
R0 [P2] entering loop: global_full_size=1466933
R1 [P2] entering loop: global_full_size=1466933
R0 [P2] iter 0: PRE-JOIN GPU mem: 84.6GB free / 85.1GB total | delta_size=732434 full_size=732434
R1 [P2] iter 0: PRE-JOIN GPU mem: 84.6GB free / 85.1GB total | delta_size=734499 full_size=734499
R0 [P2] iter 0: join done, raw=671018 result_size=670178
R1 [P2] iter 0: join done, raw=671488 result_size=670661
R1 [P2] iter 0: split done, delta_size=671425
R0 [P2] iter 0: split done, delta_size=669414
R0 [P2] iter 0: dedup done, delta_size=668601
R1 [P2] iter 0: dedup done, delta_size=670589
R1 [P2] iter 0: subtract done, delta_size=666144
R0 [P2] iter 0: subtract done, delta_size=663950
R0 [P2] iter 0: merge done, full_size=1396384
R1 [P2] iter 0: merge done, full_size=1400643
R0 [P2] iter 1 done: global_full_size=2797027
R1 [P2] iter 1 done: global_full_size=2797027
R0 [P2] iter 1: PRE-JOIN GPU mem: 84.6GB free / 85.1GB total | delta_size=663950 full_size=1396384
R1 [P2] iter 1: PRE-JOIN GPU mem: 84.6GB free / 85.1GB total | delta_size=666144 full_size=1400643
R0 [P2] iter 1: join done, raw=610991 result_size=610102
R1 [P2] iter 1: join done, raw=611836 result_size=610977
R1 [P2] iter 1: split done, delta_size=611543
R0 [P2] iter 1: split done, delta_size=609536
R0 [P2] iter 1: dedup done, delta_size=608653
R1 [P2] iter 1: dedup done, delta_size=610682
R1 [P2] iter 1: subtract done, delta_size=604050
R0 [P2] iter 1: subtract done, delta_size=601833
R0 [P2] iter 1: merge done, full_size=1998217
R0 [P2] iter 2 done: global_full_size=4002910
R1 [P2] iter 1: merge done, full_size=2004693
R1 [P2] iter 2 done: global_full_size=4002910
R0 [P2] iter 2: PRE-JOIN GPU mem: 84.6GB free / 85.1GB total | delta_size=601833 full_size=1998217
R1 [P2] iter 2: PRE-JOIN GPU mem: 84.6GB free / 85.1GB total | delta_size=604050 full_size=2004693
R0 [P2] iter 2: join done, raw=555770 result_size=554902
R1 [P2] iter 2: join done, raw=556800 result_size=555982
R0 [P2] iter 2: split done, delta_size=554790
R1 [P2] iter 2: split done, delta_size=556094
R0 [P2] iter 2: dedup done, delta_size=553954
R1 [P2] iter 2: dedup done, delta_size=555294
R0 [P2] iter 2: subtract done, delta_size=546032
R1 [P2] iter 2: subtract done, delta_size=547606
R1 [P2] iter 2: merge done, full_size=2552299
R0 [P2] iter 2: merge done, full_size=2544249
R0 [P2] iter 3 done: global_full_size=5096548
R1 [P2] iter 3 done: global_full_size=5096548
R0 [P2] iter 3: PRE-JOIN GPU mem: 84.6GB free / 85.1GB total | delta_size=546032 full_size=2544249
R1 [P2] iter 3: PRE-JOIN GPU mem: 84.6GB free / 85.1GB total | delta_size=547606 full_size=2552299
R0 [P2] iter 3: join done, raw=506092 result_size=505307
R1 [P2] iter 3: join done, raw=506119 result_size=505384
R0 [P2] iter 3: split done, delta_size=504668
R1 [P2] iter 3: split done, delta_size=506023
R0 [P2] iter 3: dedup done, delta_size=503891
R1 [P2] iter 3: dedup done, delta_size=505305
R1 [P2] iter 3: subtract done, delta_size=497253
R0 [P2] iter 3: subtract done, delta_size=495569
R1 [P2] iter 3: merge done, full_size=3049552
R0 [P2] iter 3: merge done, full_size=3039818
R0 [P2] iter 4 done: global_full_size=6089370
R1 [P2] iter 4 done: global_full_size=6089370
R0 [P2] iter 4: PRE-JOIN GPU mem: 84.6GB free / 85.1GB total | delta_size=495569 full_size=3039818
R1 [P2] iter 4: PRE-JOIN GPU mem: 84.6GB free / 85.1GB total | delta_size=497253 full_size=3049552
R0 [P2] iter 4: join done, raw=460764 result_size=460041
R1 [P2] iter 4: join done, raw=461179 result_size=460515
R1 [P2] iter 4: split done, delta_size=460688
R0 [P2] iter 4: split done, delta_size=459868
R1 [P2] iter 4: dedup done, delta_size=460041
R0 [P2] iter 4: dedup done, delta_size=459152
R0 [P2] iter 4: subtract done, delta_size=450980
R1 [P2] iter 4: subtract done, delta_size=451984
R0 [P2] iter 4: merge done, full_size=3490798
R0 [P2] iter 5 done: global_full_size=6992334
R1 [P2] iter 4: merge done, full_size=3501536
R1 [P2] iter 5 done: global_full_size=6992334
R0 [P2] iter 5: PRE-JOIN GPU mem: 84.6GB free / 85.1GB total | delta_size=450980 full_size=3490798
R1 [P2] iter 5: PRE-JOIN GPU mem: 84.6GB free / 85.1GB total | delta_size=451984 full_size=3501536
R1 [P2] iter 5: join done, raw=420260 result_size=419673
R0 [P2] iter 5: join done, raw=420460 result_size=419829
R1 [P2] iter 5: split done, delta_size=420008
R0 [P2] iter 5: split done, delta_size=419494
R1 [P2] iter 5: dedup done, delta_size=419443
R0 [P2] iter 5: dedup done, delta_size=418869
R0 [P2] iter 5: subtract done, delta_size=410873
R1 [P2] iter 5: subtract done, delta_size=411614
R0 [P2] iter 5: merge done, full_size=3901671
R1 [P2] iter 5: merge done, full_size=3913150
R0 [P2] iter 6 done: global_full_size=7814821
R1 [P2] iter 6 done: global_full_size=7814821
R0 [P2] iter 6: PRE-JOIN GPU mem: 84.6GB free / 85.1GB total | delta_size=410873 full_size=3901671
R1 [P2] iter 6: PRE-JOIN GPU mem: 84.6GB free / 85.1GB total | delta_size=411614 full_size=3913150
R0 [P2] iter 6: join done, raw=383983 result_size=383430
R1 [P2] iter 6: join done, raw=383936 result_size=383412
R1 [P2] iter 6: split done, delta_size=383601
R0 [P2] iter 6: split done, delta_size=383241
R1 [P2] iter 6: dedup done, delta_size=383117
R0 [P2] iter 6: dedup done, delta_size=382691
R0 [P2] iter 6: subtract done, delta_size=375159
R1 [P2] iter 6: subtract done, delta_size=375601
R0 [P2] iter 6: merge done, full_size=4276830
R0 [P2] iter 7 done: global_full_size=8565581
R1 [P2] iter 6: merge done, full_size=4288751
R1 [P2] iter 7 done: global_full_size=8565581
R0 [P2] iter 7: PRE-JOIN GPU mem: 84.6GB free / 85.1GB total | delta_size=375159 full_size=4276830
R1 [P2] iter 7: PRE-JOIN GPU mem: 84.6GB free / 85.1GB total | delta_size=375601 full_size=4288751
R1 [P2] iter 7: join done, raw=351144 result_size=350680
R0 [P2] iter 7: join done, raw=351322 result_size=350847
R0 [P2] iter 7: split done, delta_size=350431
R1 [P2] iter 7: split done, delta_size=351096
R0 [P2] iter 7: dedup done, delta_size=349953
R1 [P2] iter 7: dedup done, delta_size=350661
R0 [P2] iter 7: subtract done, delta_size=342889
R1 [P2] iter 7: subtract done, delta_size=343543
R0 [P2] iter 7: merge done, full_size=4619719
R0 [P2] iter 8 done: global_full_size=9252013
R1 [P2] iter 7: merge done, full_size=4632294
R1 [P2] iter 8 done: global_full_size=9252013
R0 [P2] iter 8: PRE-JOIN GPU mem: 84.6GB free / 85.1GB total | delta_size=342889 full_size=4619719
R1 [P2] iter 8: PRE-JOIN GPU mem: 84.6GB free / 85.1GB total | delta_size=343543 full_size=4632294
R1 [P2] iter 8: join done, raw=321836 result_size=321429
R0 [P2] iter 8: join done, raw=321789 result_size=321372
R0 [P2] iter 8: split done, delta_size=321036
R1 [P2] iter 8: split done, delta_size=321765
R0 [P2] iter 8: dedup done, delta_size=320619
R1 [P2] iter 8: dedup done, delta_size=321370
R1 [P2] iter 8: subtract done, delta_size=314780
R0 [P2] iter 8: subtract done, delta_size=314004
R1 [P2] iter 8: merge done, full_size=4947074
R0 [P2] iter 8: merge done, full_size=4933723
R0 [P2] iter 9 done: global_full_size=9880797
R1 [P2] iter 9 done: global_full_size=9880797
R0 [P2] iter 9: PRE-JOIN GPU mem: 84.6GB free / 85.1GB total | delta_size=314004 full_size=4933723
R1 [P2] iter 9: PRE-JOIN GPU mem: 84.6GB free / 85.1GB total | delta_size=314780 full_size=4947074
R0 [P2] iter 9: join done, raw=295344 result_size=294962
R1 [P2] iter 9: join done, raw=295647 result_size=295285
R0 [P2] iter 9: split done, delta_size=294652
R1 [P2] iter 9: split done, delta_size=295595
R0 [P2] iter 9: dedup done, delta_size=294292
R1 [P2] iter 9: dedup done, delta_size=295240
R1 [P2] iter 9: subtract done, delta_size=289142
R0 [P2] iter 9: subtract done, delta_size=288142
R1 [P2] iter 9: merge done, full_size=5236216
R0 [P2] iter 9: merge done, full_size=5221865
R0 [P2] iter 10 done: global_full_size=10458081
R1 [P2] iter 10 done: global_full_size=10458081
R0 [P2] iter 10: PRE-JOIN GPU mem: 84.6GB free / 85.1GB total | delta_size=288142 full_size=5221865
R1 [P2] iter 10: PRE-JOIN GPU mem: 84.6GB free / 85.1GB total | delta_size=289142 full_size=5236216
R0 [P2] iter 10: join done, raw=271573 result_size=271233
R1 [P2] iter 10: join done, raw=271970 result_size=271635
R1 [P2] iter 10: split done, delta_size=271805
R0 [P2] iter 10: split done, delta_size=271063
R1 [P2] iter 10: dedup done, delta_size=271498
R0 [P2] iter 10: dedup done, delta_size=270745
R0 [P2] iter 10: subtract done, delta_size=265100
R1 [P2] iter 10: subtract done, delta_size=265847
R1 [P2] iter 10: merge done, full_size=5502063
R0 [P2] iter 10: merge done, full_size=5486965
R0 [P2] iter 11 done: global_full_size=10989028
R1 [P2] iter 11 done: global_full_size=10989028
R0 [P2] iter 11: PRE-JOIN GPU mem: 84.6GB free / 85.1GB total | delta_size=265100 full_size=5486965
R1 [P2] iter 11: PRE-JOIN GPU mem: 84.6GB free / 85.1GB total | delta_size=265847 full_size=5502063
R1 [P2] iter 11: join done, raw=250377 result_size=250078
R0 [P2] iter 11: join done, raw=250107 result_size=249812
R1 [P2] iter 11: split done, delta_size=250484
R0 [P2] iter 11: split done, delta_size=249406
R0 [P2] iter 11: dedup done, delta_size=249125
R1 [P2] iter 11: dedup done, delta_size=250211
R0 [P2] iter 11: subtract done, delta_size=243961
R1 [P2] iter 11: subtract done, delta_size=244989
R1 [P2] iter 11: merge done, full_size=5747052
R0 [P2] iter 11: merge done, full_size=5730926
R0 [P2] iter 12 done: global_full_size=11477978
R1 [P2] iter 12 done: global_full_size=11477978
R0 [P2] iter 12: PRE-JOIN GPU mem: 84.6GB free / 85.1GB total | delta_size=243961 full_size=5730926
R1 [P2] iter 12: PRE-JOIN GPU mem: 84.6GB free / 85.1GB total | delta_size=244989 full_size=5747052
R0 [P2] iter 12: join done, raw=230663 result_size=230397
R1 [P2] iter 12: join done, raw=231330 result_size=231062
R0 [P2] iter 12: split done, delta_size=230140
R1 [P2] iter 12: split done, delta_size=231319
R1 [P2] iter 12: dedup done, delta_size=231071
R0 [P2] iter 12: dedup done, delta_size=229892
R1 [P2] iter 12: subtract done, delta_size=226235
R0 [P2] iter 12: subtract done, delta_size=225226
R0 [P2] iter 12: merge done, full_size=5956152
R0 [P2] iter 13 done: global_full_size=11929439
R1 [P2] iter 12: merge done, full_size=5973287
R1 [P2] iter 13 done: global_full_size=11929439
R0 [P2] iter 13: PRE-JOIN GPU mem: 84.6GB free / 85.1GB total | delta_size=225226 full_size=5956152
R1 [P2] iter 13: PRE-JOIN GPU mem: 84.6GB free / 85.1GB total | delta_size=226235 full_size=5973287
R0 [P2] iter 13: join done, raw=213225 result_size=212987
R1 [P2] iter 13: join done, raw=214044 result_size=213809
R0 [P2] iter 13: split done, delta_size=212811
R1 [P2] iter 13: split done, delta_size=213985
R1 [P2] iter 13: dedup done, delta_size=213764
R0 [P2] iter 13: dedup done, delta_size=212599
R1 [P2] iter 13: subtract done, delta_size=209332
R0 [P2] iter 13: subtract done, delta_size=208289
R0 [P2] iter 13: merge done, full_size=6164441
R0 [P2] iter 14 done: global_full_size=12347060
R1 [P2] iter 13: merge done, full_size=6182619
R1 [P2] iter 14 done: global_full_size=12347060
R0 [P2] iter 14: PRE-JOIN GPU mem: 84.6GB free / 85.1GB total | delta_size=208289 full_size=6164441
R1 [P2] iter 14: PRE-JOIN GPU mem: 84.6GB free / 85.1GB total | delta_size=209332 full_size=6182619
R1 [P2] iter 14: join done, raw=198228 result_size=198024
R0 [P2] iter 14: join done, raw=197472 result_size=197257
R1 [P2] iter 14: split done, delta_size=198215
R0 [P2] iter 14: split done, delta_size=197066
R1 [P2] iter 14: dedup done, delta_size=198015
R0 [P2] iter 14: dedup done, delta_size=196866
R1 [P2] iter 14: subtract done, delta_size=193924
R0 [P2] iter 14: subtract done, delta_size=192864
R1 [P2] iter 14: merge done, full_size=6376543
R0 [P2] iter 14: merge done, full_size=6357305
R0 [P2] iter 15 done: global_full_size=12733848
R1 [P2] iter 15 done: global_full_size=12733848
R0 [P2] iter 15: PRE-JOIN GPU mem: 84.6GB free / 85.1GB total | delta_size=192864 full_size=6357305
R1 [P2] iter 15: PRE-JOIN GPU mem: 84.6GB free / 85.1GB total | delta_size=193924 full_size=6376543
R1 [P2] iter 15: join done, raw=183806 result_size=183614
R0 [P2] iter 15: join done, raw=183125 result_size=182924
R1 [P2] iter 15: split done, delta_size=183878
R0 [P2] iter 15: split done, delta_size=182660
R1 [P2] iter 15: dedup done, delta_size=183699
R0 [P2] iter 15: dedup done, delta_size=182479
R1 [P2] iter 15: subtract done, delta_size=179908
R0 [P2] iter 15: subtract done, delta_size=178746
R0 [P2] iter 15: merge done, full_size=6536051
R0 [P2] iter 16 done: global_full_size=13092502
R1 [P2] iter 15: merge done, full_size=6556451
R1 [P2] iter 16 done: global_full_size=13092502
R0 [P2] iter 16: PRE-JOIN GPU mem: 84.6GB free / 85.1GB total | delta_size=178746 full_size=6536051
R1 [P2] iter 16: PRE-JOIN GPU mem: 84.6GB free / 85.1GB total | delta_size=179908 full_size=6556451
R1 [P2] iter 16: join done, raw=170838 result_size=170659
R0 [P2] iter 16: join done, raw=169786 result_size=169602
R1 [P2] iter 16: split done, delta_size=170716
R0 [P2] iter 16: split done, delta_size=169545
R1 [P2] iter 16: dedup done, delta_size=170561
R0 [P2] iter 16: dedup done, delta_size=169380
R0 [P2] iter 16: subtract done, delta_size=165940
R1 [P2] iter 16: subtract done, delta_size=167131
R1 [P2] iter 16: merge done, full_size=6723582
R0 [P2] iter 16: merge done, full_size=6701991
R0 [P2] iter 17 done: global_full_size=13425573
R1 [P2] iter 17 done: global_full_size=13425573
R0 [P2] iter 17: PRE-JOIN GPU mem: 84.6GB free / 85.1GB total | delta_size=165940 full_size=6701991
R1 [P2] iter 17: PRE-JOIN GPU mem: 84.6GB free / 85.1GB total | delta_size=167131 full_size=6723582
R0 [P2] iter 17: join done, raw=157678 result_size=157514
R1 [P2] iter 17: join done, raw=159093 result_size=158916
R0 [P2] iter 17: split done, delta_size=157728
R1 [P2] iter 17: split done, delta_size=158702
R1 [P2] iter 17: dedup done, delta_size=158557
R0 [P2] iter 17: dedup done, delta_size=157581
R0 [P2] iter 17: subtract done, delta_size=154414
R1 [P2] iter 17: subtract done, delta_size=155418
R0 [P2] iter 17: merge done, full_size=6856405
R0 [P2] iter 18 done: global_full_size=13735405
R1 [P2] iter 17: merge done, full_size=6879000
R1 [P2] iter 18 done: global_full_size=13735405
R0 [P2] iter 18: PRE-JOIN GPU mem: 84.6GB free / 85.1GB total | delta_size=154414 full_size=6856405
R1 [P2] iter 18: PRE-JOIN GPU mem: 84.6GB free / 85.1GB total | delta_size=155418 full_size=6879000
R0 [P2] iter 18: join done, raw=146796 result_size=146642
R1 [P2] iter 18: join done, raw=148016 result_size=147862
R1 [P2] iter 18: split done, delta_size=147682
R0 [P2] iter 18: split done, delta_size=146822
R0 [P2] iter 18: dedup done, delta_size=146682
R1 [P2] iter 18: dedup done, delta_size=147552
R0 [P2] iter 18: subtract done, delta_size=143744
R1 [P2] iter 18: subtract done, delta_size=144670
R1 [P2] iter 18: merge done, full_size=7023670
R0 [P2] iter 18: merge done, full_size=7000149
R0 [P2] iter 19 done: global_full_size=14023819
R1 [P2] iter 19 done: global_full_size=14023819
R0 [P2] iter 19: PRE-JOIN GPU mem: 84.6GB free / 85.1GB total | delta_size=143744 full_size=7000149
R1 [P2] iter 19: PRE-JOIN GPU mem: 84.6GB free / 85.1GB total | delta_size=144670 full_size=7023670
R0 [P2] iter 19: join done, raw=136631 result_size=136497
R1 [P2] iter 19: join done, raw=137775 result_size=137629
R0 [P2] iter 19: split done, delta_size=136747
R1 [P2] iter 19: split done, delta_size=137379
R0 [P2] iter 19: dedup done, delta_size=136621
R1 [P2] iter 19: dedup done, delta_size=137260
R0 [P2] iter 19: subtract done, delta_size=133921
R1 [P2] iter 19: subtract done, delta_size=134605
R0 [P2] iter 19: merge done, full_size=7134070
R0 [P2] iter 20 done: global_full_size=14292345
R1 [P2] iter 19: merge done, full_size=7158275
R1 [P2] iter 20 done: global_full_size=14292345
R0 [P2] iter 20: PRE-JOIN GPU mem: 84.6GB free / 85.1GB total | delta_size=133921 full_size=7134070
R1 [P2] iter 20: PRE-JOIN GPU mem: 84.6GB free / 85.1GB total | delta_size=134605 full_size=7158275
R0 [P2] iter 20: join done, raw=127398 result_size=127279
R1 [P2] iter 20: join done, raw=128430 result_size=128296
R0 [P2] iter 20: split done, delta_size=127453
R1 [P2] iter 20: split done, delta_size=128122
R0 [P2] iter 20: dedup done, delta_size=127342
R1 [P2] iter 20: dedup done, delta_size=128014
R0 [P2] iter 20: subtract done, delta_size=124903
R1 [P2] iter 20: subtract done, delta_size=125577
R0 [P2] iter 20: merge done, full_size=7258973
R0 [P2] iter 21 done: global_full_size=14542825
R1 [P2] iter 20: merge done, full_size=7283852
R1 [P2] iter 21 done: global_full_size=14542825
R1 [P2] iter 21: PRE-JOIN GPU mem: 84.6GB free / 85.1GB total | delta_size=125577 full_size=7283852
R0 [P2] iter 21: PRE-JOIN GPU mem: 84.6GB free / 85.1GB total | delta_size=124903 full_size=7258973
R0 [P2] iter 21: join done, raw=119098 result_size=118994
R1 [P2] iter 21: join done, raw=119826 result_size=119710
R0 [P2] iter 21: split done, delta_size=119060
R1 [P2] iter 21: split done, delta_size=119644
R0 [P2] iter 21: dedup done, delta_size=118960
R1 [P2] iter 21: dedup done, delta_size=119548
R0 [P2] iter 21: subtract done, delta_size=116719
R1 [P2] iter 21: subtract done, delta_size=117316
R0 [P2] iter 21: merge done, full_size=7375692
R0 [P2] iter 22 done: global_full_size=14776860
R1 [P2] iter 21: merge done, full_size=7401168
R1 [P2] iter 22 done: global_full_size=14776860
R0 [P2] iter 22: PRE-JOIN GPU mem: 84.6GB free / 85.1GB total | delta_size=116719 full_size=7375692
R1 [P2] iter 22: PRE-JOIN GPU mem: 84.6GB free / 85.1GB total | delta_size=117316 full_size=7401168
R1 [P2] iter 22: join done, raw=112117 result_size=112009
R0 [P2] iter 22: join done, raw=111415 result_size=111324
R0 [P2] iter 22: split done, delta_size=111462
R1 [P2] iter 22: split done, delta_size=111871
R0 [P2] iter 22: dedup done, delta_size=111367
R1 [P2] iter 22: dedup done, delta_size=111784
R0 [P2] iter 22: subtract done, delta_size=109309
R1 [P2] iter 22: subtract done, delta_size=109699
R0 [P2] iter 22: merge done, full_size=7485001
R0 [P2] iter 23 done: global_full_size=14995868
R1 [P2] iter 22: merge done, full_size=7510867
R1 [P2] iter 23 done: global_full_size=14995868
R0 [P2] iter 23: PRE-JOIN GPU mem: 84.6GB free / 85.1GB total | delta_size=109309 full_size=7485001
R1 [P2] iter 23: PRE-JOIN GPU mem: 84.6GB free / 85.1GB total | delta_size=109699 full_size=7510867
R0 [P2] iter 23: join done, raw=104558 result_size=104463
R1 [P2] iter 23: join done, raw=104966 result_size=104866
R0 [P2] iter 23: split done, delta_size=104436
R1 [P2] iter 23: split done, delta_size=104893
R0 [P2] iter 23: dedup done, delta_size=104354
R1 [P2] iter 23: dedup done, delta_size=104809
R0 [P2] iter 23: subtract done, delta_size=102424
R1 [P2] iter 23: subtract done, delta_size=102919
R0 [P2] iter 23: merge done, full_size=7587425
R0 [P2] iter 24 done: global_full_size=15201211
R1 [P2] iter 23: merge done, full_size=7613786
R1 [P2] iter 24 done: global_full_size=15201211
R0 [P2] iter 24: PRE-JOIN GPU mem: 84.6GB free / 85.1GB total | delta_size=102424 full_size=7587425
R1 [P2] iter 24: PRE-JOIN GPU mem: 84.6GB free / 85.1GB total | delta_size=102919 full_size=7613786
R1 [P2] iter 24: join done, raw=98450 result_size=98357
R0 [P2] iter 24: join done, raw=98060 result_size=97972
R0 [P2] iter 24: split done, delta_size=97981
R1 [P2] iter 24: split done, delta_size=98348
R0 [P2] iter 24: dedup done, delta_size=97905
R1 [P2] iter 24: dedup done, delta_size=98269
R0 [P2] iter 24: subtract done, delta_size=96113
R1 [P2] iter 24: subtract done, delta_size=96502
R0 [P2] iter 24: merge done, full_size=7683538
R0 [P2] iter 25 done: global_full_size=15393826
R1 [P2] iter 24: merge done, full_size=7710288
R1 [P2] iter 25 done: global_full_size=15393826
R0 [P2] iter 25: PRE-JOIN GPU mem: 84.6GB free / 85.1GB total | delta_size=96113 full_size=7683538
R1 [P2] iter 25: PRE-JOIN GPU mem: 84.6GB free / 85.1GB total | delta_size=96502 full_size=7710288
R0 [P2] iter 25: join done, raw=92200 result_size=92120
R1 [P2] iter 25: join done, raw=92396 result_size=92310
R0 [P2] iter 25: split done, delta_size=92002
R1 [P2] iter 25: split done, delta_size=92428
R0 [P2] iter 25: dedup done, delta_size=91930
R0 [P2] iter 25: subtract done, delta_size=90265
R1 [P2] iter 25: dedup done, delta_size=92354
R1 [P2] iter 25: subtract done, delta_size=90687
R0 [P2] iter 25: merge done, full_size=7773803
R0 [P2] iter 26 done: global_full_size=15574778
R1 [P2] iter 25: merge done, full_size=7800975
R1 [P2] iter 26 done: global_full_size=15574778
R0 [P2] iter 26: PRE-JOIN GPU mem: 84.6GB free / 85.1GB total | delta_size=90265 full_size=7773803
R1 [P2] iter 26: PRE-JOIN GPU mem: 84.6GB free / 85.1GB total | delta_size=90687 full_size=7800975
R1 [P2] iter 26: join done, raw=86791 result_size=86707
R0 [P2] iter 26: join done, raw=86690 result_size=86623
R1 [P2] iter 26: split done, delta_size=86942
R1 [P2] iter 26: dedup done, delta_size=86870
R1 [P2] iter 26: subtract done, delta_size=85321
R0 [P2] iter 26: split done, delta_size=86388
R0 [P2] iter 26: dedup done, delta_size=86320
R1 [P2] iter 26: merge done, full_size=7886296
R0 [P2] iter 26: subtract done, delta_size=84736
R0 [P2] iter 26: merge done, full_size=7858539
R0 [P2] iter 27 done: global_full_size=15744835
R1 [P2] iter 27 done: global_full_size=15744835
R0 [P2] iter 27: PRE-JOIN GPU mem: 84.6GB free / 85.1GB total | delta_size=84736 full_size=7858539
R1 [P2] iter 27: PRE-JOIN GPU mem: 84.5GB free / 85.1GB total | delta_size=85321 full_size=7886296
R1 [P2] iter 27: join done, raw=81688 result_size=81603
R0 [P2] iter 27: join done, raw=81396 result_size=81336
R0 [P2] iter 27: split done, delta_size=81205
R0 [P2] iter 27: dedup done, delta_size=81140
R1 [P2] iter 27: split done, delta_size=81734
R0 [P2] iter 27: subtract done, delta_size=79641
R1 [P2] iter 27: dedup done, delta_size=81670
R1 [P2] iter 27: subtract done, delta_size=80227
R0 [P2] iter 27: merge done, full_size=7938180
R0 [P2] iter 28 done: global_full_size=15904703
R1 [P2] iter 27: merge done, full_size=7966523
R1 [P2] iter 28 done: global_full_size=15904703
R0 [P2] iter 28: PRE-JOIN GPU mem: 84.5GB free / 85.1GB total | delta_size=79641 full_size=7938180
R1 [P2] iter 28: PRE-JOIN GPU mem: 84.5GB free / 85.1GB total | delta_size=80227 full_size=7966523
R1 [P2] iter 28: join done, raw=76873 result_size=76798
R0 [P2] iter 28: join done, raw=76560 result_size=76503
R1 [P2] iter 28: split done, delta_size=76822
R1 [P2] iter 28: dedup done, delta_size=76769
R1 [P2] iter 28: subtract done, delta_size=75429
R0 [P2] iter 28: split done, delta_size=76479
R0 [P2] iter 28: dedup done, delta_size=76419
R1 [P2] iter 28: merge done, full_size=8041952
R0 [P2] iter 28: subtract done, delta_size=75033
R0 [P2] iter 28: merge done, full_size=8013213
R0 [P2] iter 29 done: global_full_size=16055165
R1 [P2] iter 29 done: global_full_size=16055165
R0 [P2] iter 29: PRE-JOIN GPU mem: 84.5GB free / 85.1GB total | delta_size=75033 full_size=8013213
R1 [P2] iter 29: PRE-JOIN GPU mem: 84.5GB free / 85.1GB total | delta_size=75429 full_size=8041952
R1 [P2] iter 29: join done, raw=72403 result_size=72338
R0 [P2] iter 29: join done, raw=72149 result_size=72096
R0 [P2] iter 29: split done, delta_size=72062
R0 [P2] iter 29: dedup done, delta_size=72005
R1 [P2] iter 29: split done, delta_size=72372
R0 [P2] iter 29: subtract done, delta_size=70736
R1 [P2] iter 29: dedup done, delta_size=72321
R1 [P2] iter 29: subtract done, delta_size=71087
R0 [P2] iter 29: merge done, full_size=8083949
R0 [P2] iter 30 done: global_full_size=16196988
R1 [P2] iter 29: merge done, full_size=8113039
R1 [P2] iter 30 done: global_full_size=16196988
R0 [P2] iter 30: PRE-JOIN GPU mem: 84.5GB free / 85.1GB total | delta_size=70736 full_size=8083949
R1 [P2] iter 30: PRE-JOIN GPU mem: 84.5GB free / 85.1GB total | delta_size=71087 full_size=8113039
R1 [P2] iter 30: join done, raw=68279 result_size=68222
R0 [P2] iter 30: join done, raw=68057 result_size=68013
R1 [P2] iter 30: split done, delta_size=68278
R1 [P2] iter 30: dedup done, delta_size=68231
R1 [P2] iter 30: subtract done, delta_size=67084
R0 [P2] iter 30: split done, delta_size=67957
R0 [P2] iter 30: dedup done, delta_size=67911
R1 [P2] iter 30: merge done, full_size=8180123
R0 [P2] iter 30: subtract done, delta_size=66739
R0 [P2] iter 30: merge done, full_size=8150688
R0 [P2] iter 31 done: global_full_size=16330811
R1 [P2] iter 31 done: global_full_size=16330811
R0 [P2] iter 31: PRE-JOIN GPU mem: 84.5GB free / 85.1GB total | delta_size=66739 full_size=8150688
R1 [P2] iter 31: PRE-JOIN GPU mem: 84.5GB free / 85.1GB total | delta_size=67084 full_size=8180123
R1 [P2] iter 31: join done, raw=64595 result_size=64548
R0 [P2] iter 31: join done, raw=64167 result_size=64131
R0 [P2] iter 31: split done, delta_size=64146
R0 [P2] iter 31: dedup done, delta_size=64102
R1 [P2] iter 31: split done, delta_size=64533
R1 [P2] iter 31: dedup done, delta_size=64493
R0 [P2] iter 31: subtract done, delta_size=63022
R1 [P2] iter 31: subtract done, delta_size=63417
R0 [P2] iter 31: merge done, full_size=8213710
R0 [P2] iter 32 done: global_full_size=16457250
R1 [P2] iter 31: merge done, full_size=8243540
R1 [P2] iter 32 done: global_full_size=16457250
R0 [P2] iter 32: PRE-JOIN GPU mem: 84.5GB free / 85.1GB total | delta_size=63022 full_size=8213710
R1 [P2] iter 32: PRE-JOIN GPU mem: 84.5GB free / 85.1GB total | delta_size=63417 full_size=8243540
R0 [P2] iter 32: join done, raw=60569 result_size=60536
R1 [P2] iter 32: join done, raw=61187 result_size=61142
R0 [P2] iter 32: split done, delta_size=60663
R0 [P2] iter 32: dedup done, delta_size=60621
R1 [P2] iter 32: split done, delta_size=61015
R0 [P2] iter 32: subtract done, delta_size=59602
R1 [P2] iter 32: dedup done, delta_size=60974
R1 [P2] iter 32: subtract done, delta_size=59969
R0 [P2] iter 32: merge done, full_size=8273312
R0 [P2] iter 33 done: global_full_size=16576821
R1 [P2] iter 32: merge done, full_size=8303509
R1 [P2] iter 33 done: global_full_size=16576821
R0 [P2] iter 33: PRE-JOIN GPU mem: 84.5GB free / 85.1GB total | delta_size=59602 full_size=8273312
R1 [P2] iter 33: PRE-JOIN GPU mem: 84.5GB free / 85.1GB total | delta_size=59969 full_size=8303509
R0 [P2] iter 33: join done, raw=57305 result_size=57275
R1 [P2] iter 33: join done, raw=57924 result_size=57879
R0 [P2] iter 33: split done, delta_size=57515
R0 [P2] iter 33: dedup done, delta_size=57474
R1 [P2] iter 33: split done, delta_size=57639
R0 [P2] iter 33: subtract done, delta_size=56509
R1 [P2] iter 33: dedup done, delta_size=57600
R1 [P2] iter 33: subtract done, delta_size=56680
R0 [P2] iter 33: merge done, full_size=8329821
R0 [P2] iter 34 done: global_full_size=16690010
R1 [P2] iter 33: merge done, full_size=8360189
R1 [P2] iter 34 done: global_full_size=16690010
R0 [P2] iter 34: PRE-JOIN GPU mem: 84.5GB free / 85.1GB total | delta_size=56509 full_size=8329821
R1 [P2] iter 34: PRE-JOIN GPU mem: 84.5GB free / 85.1GB total | delta_size=56680 full_size=8360189
R0 [P2] iter 34: join done, raw=54338 result_size=54310
R1 [P2] iter 34: join done, raw=54732 result_size=54690
R0 [P2] iter 34: split done, delta_size=54369
R0 [P2] iter 34: dedup done, delta_size=54332
R1 [P2] iter 34: split done, delta_size=54631
R0 [P2] iter 34: subtract done, delta_size=53427
R1 [P2] iter 34: dedup done, delta_size=54595
R1 [P2] iter 34: subtract done, delta_size=53722
R0 [P2] iter 34: merge done, full_size=8383248
R0 [P2] iter 35 done: global_full_size=16797159
R1 [P2] iter 34: merge done, full_size=8413911
R1 [P2] iter 35 done: global_full_size=16797159
R0 [P2] iter 35: PRE-JOIN GPU mem: 84.5GB free / 85.1GB total | delta_size=53427 full_size=8383248
R1 [P2] iter 35: PRE-JOIN GPU mem: 84.5GB free / 85.1GB total | delta_size=53722 full_size=8413911
R0 [P2] iter 35: join done, raw=51349 result_size=51323
R1 [P2] iter 35: join done, raw=51896 result_size=51853
R0 [P2] iter 35: split done, delta_size=51501
R0 [P2] iter 35: dedup done, delta_size=51465
R1 [P2] iter 35: split done, delta_size=51675
R0 [P2] iter 35: subtract done, delta_size=50618
R1 [P2] iter 35: dedup done, delta_size=51642
R1 [P2] iter 35: subtract done, delta_size=50850
R0 [P2] iter 35: merge done, full_size=8433866
R0 [P2] iter 36 done: global_full_size=16898627
R1 [P2] iter 35: merge done, full_size=8464761
R1 [P2] iter 36 done: global_full_size=16898627
R0 [P2] iter 36: PRE-JOIN GPU mem: 84.5GB free / 85.1GB total | delta_size=50618 full_size=8433866
R1 [P2] iter 36: PRE-JOIN GPU mem: 84.5GB free / 85.1GB total | delta_size=50850 full_size=8464761
R0 [P2] iter 36: join done, raw=48713 result_size=48688
R1 [P2] iter 36: join done, raw=49160 result_size=49125
R0 [P2] iter 36: split done, delta_size=48732
R0 [P2] iter 36: dedup done, delta_size=48698
R1 [P2] iter 36: split done, delta_size=49081
R0 [P2] iter 36: subtract done, delta_size=47911
R1 [P2] iter 36: dedup done, delta_size=49051
R1 [P2] iter 36: subtract done, delta_size=48318
R0 [P2] iter 36: merge done, full_size=8481777
R0 [P2] iter 37 done: global_full_size=16994856
R1 [P2] iter 36: merge done, full_size=8513079
R1 [P2] iter 37 done: global_full_size=16994856
R0 [P2] iter 37: PRE-JOIN GPU mem: 84.5GB free / 85.1GB total | delta_size=47911 full_size=8481777
R1 [P2] iter 37: PRE-JOIN GPU mem: 84.5GB free / 85.1GB total | delta_size=48318 full_size=8513079
R0 [P2] iter 37: join done, raw=46187 result_size=46162
R1 [P2] iter 37: join done, raw=46707 result_size=46675
R0 [P2] iter 37: split done, delta_size=46307
R0 [P2] iter 37: dedup done, delta_size=46277
R1 [P2] iter 37: split done, delta_size=46530
R0 [P2] iter 37: subtract done, delta_size=45538
R1 [P2] iter 37: dedup done, delta_size=46507
R1 [P2] iter 37: subtract done, delta_size=45827
R0 [P2] iter 37: merge done, full_size=8527315
R0 [P2] iter 38 done: global_full_size=17086221
R1 [P2] iter 37: merge done, full_size=8558906
R1 [P2] iter 38 done: global_full_size=17086221
R0 [P2] iter 38: PRE-JOIN GPU mem: 84.5GB free / 85.1GB total | delta_size=45538 full_size=8527315
R1 [P2] iter 38: PRE-JOIN GPU mem: 84.5GB free / 85.1GB total | delta_size=45827 full_size=8558906
R0 [P2] iter 38: join done, raw=43923 result_size=43899
R1 [P2] iter 38: join done, raw=44335 result_size=44310
R0 [P2] iter 38: split done, delta_size=44024
R0 [P2] iter 38: dedup done, delta_size=43998
R1 [P2] iter 38: split done, delta_size=44185
R0 [P2] iter 38: subtract done, delta_size=43316
R1 [P2] iter 38: dedup done, delta_size=44168
R1 [P2] iter 38: subtract done, delta_size=43521
R0 [P2] iter 38: merge done, full_size=8570631
R0 [P2] iter 39 done: global_full_size=17173058
R1 [P2] iter 38: merge done, full_size=8602427
R1 [P2] iter 39 done: global_full_size=17173058
R0 [P2] iter 39: PRE-JOIN GPU mem: 84.5GB free / 85.1GB total | delta_size=43316 full_size=8570631
R1 [P2] iter 39: PRE-JOIN GPU mem: 84.5GB free / 85.1GB total | delta_size=43521 full_size=8602427
R0 [P2] iter 39: join done, raw=41810 result_size=41789
R1 [P2] iter 39: join done, raw=42106 result_size=42087
R0 [P2] iter 39: split done, delta_size=41792
R0 [P2] iter 39: dedup done, delta_size=41772
R1 [P2] iter 39: split done, delta_size=42084
R0 [P2] iter 39: subtract done, delta_size=41148
R1 [P2] iter 39: dedup done, delta_size=42067
R1 [P2] iter 39: subtract done, delta_size=41470
R0 [P2] iter 39: merge done, full_size=8611779
R0 [P2] iter 40 done: global_full_size=17255676
R1 [P2] iter 39: merge done, full_size=8643897
R1 [P2] iter 40 done: global_full_size=17255676
R0 [P2] iter 40: PRE-JOIN GPU mem: 84.5GB free / 85.1GB total | delta_size=41148 full_size=8611779
R1 [P2] iter 40: PRE-JOIN GPU mem: 84.5GB free / 85.1GB total | delta_size=41470 full_size=8643897
R0 [P2] iter 40: join done, raw=39753 result_size=39735
R1 [P2] iter 40: join done, raw=40153 result_size=40136
R0 [P2] iter 40: split done, delta_size=39756
R0 [P2] iter 40: dedup done, delta_size=39740
R1 [P2] iter 40: split done, delta_size=40115
R0 [P2] iter 40: subtract done, delta_size=39167
R1 [P2] iter 40: dedup done, delta_size=40098
R1 [P2] iter 40: subtract done, delta_size=39542
R0 [P2] iter 40: merge done, full_size=8650946
R0 [P2] iter 41 done: global_full_size=17334385
R1 [P2] iter 40: merge done, full_size=8683439
R1 [P2] iter 41 done: global_full_size=17334385
R0 [P2] iter 41: PRE-JOIN GPU mem: 84.5GB free / 85.1GB total | delta_size=39167 full_size=8650946
R1 [P2] iter 41: PRE-JOIN GPU mem: 84.5GB free / 85.1GB total | delta_size=39542 full_size=8683439
R0 [P2] iter 41: join done, raw=37872 result_size=37856
R1 [P2] iter 41: join done, raw=38370 result_size=38354
R0 [P2] iter 41: split done, delta_size=38004
R0 [P2] iter 41: dedup done, delta_size=37990
R1 [P2] iter 41: split done, delta_size=38206
R0 [P2] iter 41: subtract done, delta_size=37459
R1 [P2] iter 41: dedup done, delta_size=38189
R1 [P2] iter 41: subtract done, delta_size=37680
R0 [P2] iter 41: merge done, full_size=8688405
R0 [P2] iter 42 done: global_full_size=17409524
R1 [P2] iter 41: merge done, full_size=8721119
R1 [P2] iter 42 done: global_full_size=17409524
R0 [P2] iter 42: PRE-JOIN GPU mem: 84.5GB free / 85.1GB total | delta_size=37459 full_size=8688405
R1 [P2] iter 42: PRE-JOIN GPU mem: 84.5GB free / 85.1GB total | delta_size=37680 full_size=8721119
R0 [P2] iter 42: join done, raw=36240 result_size=36225
R1 [P2] iter 42: join done, raw=36550 result_size=36536
R0 [P2] iter 42: split done, delta_size=36254
R0 [P2] iter 42: dedup done, delta_size=36241
R1 [P2] iter 42: split done, delta_size=36507
R0 [P2] iter 42: subtract done, delta_size=35752
R1 [P2] iter 42: dedup done, delta_size=36491
R1 [P2] iter 42: subtract done, delta_size=36016
R0 [P2] iter 42: merge done, full_size=8724157
R0 [P2] iter 43 done: global_full_size=17481292
R1 [P2] iter 42: merge done, full_size=8757135
R1 [P2] iter 43 done: global_full_size=17481292
R0 [P2] iter 43: PRE-JOIN GPU mem: 84.5GB free / 85.1GB total | delta_size=35752 full_size=8724157
R1 [P2] iter 43: PRE-JOIN GPU mem: 84.5GB free / 85.1GB total | delta_size=36016 full_size=8757135
R0 [P2] iter 43: join done, raw=34584 result_size=34569
R1 [P2] iter 43: join done, raw=34949 result_size=34936
R0 [P2] iter 43: split done, delta_size=34653
R0 [P2] iter 43: dedup done, delta_size=34641
R1 [P2] iter 43: split done, delta_size=34852
R0 [P2] iter 43: subtract done, delta_size=34177
R1 [P2] iter 43: dedup done, delta_size=34837
R1 [P2] iter 43: subtract done, delta_size=34390
R0 [P2] iter 43: merge done, full_size=8758334
R0 [P2] iter 44 done: global_full_size=17549859
R1 [P2] iter 43: merge done, full_size=8791525
R1 [P2] iter 44 done: global_full_size=17549859
R0 [P2] iter 44: PRE-JOIN GPU mem: 84.5GB free / 85.1GB total | delta_size=34177 full_size=8758334
R1 [P2] iter 44: PRE-JOIN GPU mem: 84.5GB free / 85.1GB total | delta_size=34390 full_size=8791525
R0 [P2] iter 44: join done, raw=33040 result_size=33026
R1 [P2] iter 44: join done, raw=33305 result_size=33292
R0 [P2] iter 44: split done, delta_size=33054
R0 [P2] iter 44: dedup done, delta_size=33044
R1 [P2] iter 44: split done, delta_size=33264
R0 [P2] iter 44: subtract done, delta_size=32616
R1 [P2] iter 44: dedup done, delta_size=33252
R1 [P2] iter 44: subtract done, delta_size=32836
R0 [P2] iter 44: merge done, full_size=8790950
R0 [P2] iter 45 done: global_full_size=17615311
R1 [P2] iter 44: merge done, full_size=8824361
R1 [P2] iter 45 done: global_full_size=17615311
R0 [P2] iter 45: PRE-JOIN GPU mem: 84.5GB free / 85.1GB total | delta_size=32616 full_size=8790950
R1 [P2] iter 45: PRE-JOIN GPU mem: 84.5GB free / 85.1GB total | delta_size=32836 full_size=8824361
R0 [P2] iter 45: join done, raw=31538 result_size=31525
R1 [P2] iter 45: join done, raw=31822 result_size=31811
R0 [P2] iter 45: split done, delta_size=31573
R0 [P2] iter 45: dedup done, delta_size=31563
R1 [P2] iter 45: split done, delta_size=31763
R0 [P2] iter 45: subtract done, delta_size=31166
R1 [P2] iter 45: dedup done, delta_size=31751
R1 [P2] iter 45: subtract done, delta_size=31369
R0 [P2] iter 45: merge done, full_size=8822116
R0 [P2] iter 46 done: global_full_size=17677846
R1 [P2] iter 45: merge done, full_size=8855730
R1 [P2] iter 46 done: global_full_size=17677846
R0 [P2] iter 46: PRE-JOIN GPU mem: 84.5GB free / 85.1GB total | delta_size=31166 full_size=8822116
R1 [P2] iter 46: PRE-JOIN GPU mem: 84.5GB free / 85.1GB total | delta_size=31369 full_size=8855730
R0 [P2] iter 46: join done, raw=30136 result_size=30125
R1 [P2] iter 46: join done, raw=30393 result_size=30384
R0 [P2] iter 46: split done, delta_size=30146
R0 [P2] iter 46: dedup done, delta_size=30137
R1 [P2] iter 46: split done, delta_size=30363
R0 [P2] iter 46: subtract done, delta_size=29756
R1 [P2] iter 46: dedup done, delta_size=30351
R1 [P2] iter 46: subtract done, delta_size=29990
R0 [P2] iter 46: merge done, full_size=8851872
R0 [P2] iter 47 done: global_full_size=17737592
R1 [P2] iter 46: merge done, full_size=8885720
R1 [P2] iter 47 done: global_full_size=17737592
R0 [P2] iter 47: PRE-JOIN GPU mem: 84.5GB free / 85.1GB total | delta_size=29756 full_size=8851872
R1 [P2] iter 47: PRE-JOIN GPU mem: 84.5GB free / 85.1GB total | delta_size=29990 full_size=8885720
R0 [P2] iter 47: join done, raw=28772 result_size=28761
R1 [P2] iter 47: join done, raw=29093 result_size=29087
R0 [P2] iter 47: split done, delta_size=28865
R0 [P2] iter 47: dedup done, delta_size=28854
R1 [P2] iter 47: split done, delta_size=28983
R0 [P2] iter 47: subtract done, delta_size=28494
R1 [P2] iter 47: dedup done, delta_size=28971
R1 [P2] iter 47: subtract done, delta_size=28627
R0 [P2] iter 47: merge done, full_size=8880366
R0 [P2] iter 48 done: global_full_size=17794713
R1 [P2] iter 47: merge done, full_size=8914347
R1 [P2] iter 48 done: global_full_size=17794713
R0 [P2] iter 48: PRE-JOIN GPU mem: 84.5GB free / 85.1GB total | delta_size=28494 full_size=8880366
R1 [P2] iter 48: PRE-JOIN GPU mem: 84.5GB free / 85.1GB total | delta_size=28627 full_size=8914347
R0 [P2] iter 48: join done, raw=27551 result_size=27540
R1 [P2] iter 48: join done, raw=27809 result_size=27803
R0 [P2] iter 48: split done, delta_size=27606
R0 [P2] iter 48: dedup done, delta_size=27596
R1 [P2] iter 48: split done, delta_size=27737
R0 [P2] iter 48: subtract done, delta_size=27252
R1 [P2] iter 48: dedup done, delta_size=27727
R1 [P2] iter 48: subtract done, delta_size=27405
R0 [P2] iter 48: merge done, full_size=8907618
R0 [P2] iter 49 done: global_full_size=17849370
R1 [P2] iter 48: merge done, full_size=8941752
R1 [P2] iter 49 done: global_full_size=17849370
R0 [P2] iter 49: PRE-JOIN GPU mem: 84.5GB free / 85.1GB total | delta_size=27252 full_size=8907618
R1 [P2] iter 49: PRE-JOIN GPU mem: 84.5GB free / 85.1GB total | delta_size=27405 full_size=8941752
R0 [P2] iter 49: join done, raw=26383 result_size=26372
R1 [P2] iter 49: join done, raw=26642 result_size=26636
R0 [P2] iter 49: split done, delta_size=26405
R0 [P2] iter 49: dedup done, delta_size=26397
R1 [P2] iter 49: split done, delta_size=26603
R0 [P2] iter 49: subtract done, delta_size=26078
R1 [P2] iter 49: dedup done, delta_size=26594
R1 [P2] iter 49: subtract done, delta_size=26294
R0 [P2] iter 49: merge done, full_size=8933696
R0 [P2] iter 50 done: global_full_size=17901742
R1 [P2] iter 49: merge done, full_size=8968046
R1 [P2] iter 50 done: global_full_size=17901742
R0 [P2] iter 50: PRE-JOIN GPU mem: 84.5GB free / 85.1GB total | delta_size=26078 full_size=8933696
R1 [P2] iter 50: PRE-JOIN GPU mem: 84.5GB free / 85.1GB total | delta_size=26294 full_size=8968046
R0 [P2] iter 50: join done, raw=25256 result_size=25245
R1 [P2] iter 50: join done, raw=25564 result_size=25559
R0 [P2] iter 50: split done, delta_size=25324
R0 [P2] iter 50: dedup done, delta_size=25316
R1 [P2] iter 50: split done, delta_size=25480
R0 [P2] iter 50: subtract done, delta_size=25017
R1 [P2] iter 50: dedup done, delta_size=25472
R1 [P2] iter 50: subtract done, delta_size=25186
R0 [P2] iter 50: merge done, full_size=8958713
R0 [P2] iter 51 done: global_full_size=17951945
R1 [P2] iter 50: merge done, full_size=8993232
R1 [P2] iter 51 done: global_full_size=17951945
R0 [P2] iter 51: PRE-JOIN GPU mem: 84.5GB free / 85.1GB total | delta_size=25017 full_size=8958713
R1 [P2] iter 51: PRE-JOIN GPU mem: 84.5GB free / 85.1GB total | delta_size=25186 full_size=8993232
R0 [P2] iter 51: join done, raw=24239 result_size=24228
R1 [P2] iter 51: join done, raw=24499 result_size=24494
R0 [P2] iter 51: split done, delta_size=24289
R0 [P2] iter 51: dedup done, delta_size=24280
R1 [P2] iter 51: split done, delta_size=24433
R0 [P2] iter 51: subtract done, delta_size=24006
R1 [P2] iter 51: dedup done, delta_size=24425
R1 [P2] iter 51: subtract done, delta_size=24163
R0 [P2] iter 51: merge done, full_size=8982719
R0 [P2] iter 52 done: global_full_size=18000114
R1 [P2] iter 51: merge done, full_size=9017395
R1 [P2] iter 52 done: global_full_size=18000114
R0 [P2] iter 52: PRE-JOIN GPU mem: 84.5GB free / 85.1GB total | delta_size=24006 full_size=8982719
R1 [P2] iter 52: PRE-JOIN GPU mem: 84.5GB free / 85.1GB total | delta_size=24163 full_size=9017395
R0 [P2] iter 52: join done, raw=23280 result_size=23269
R1 [P2] iter 52: join done, raw=23505 result_size=23500
R0 [P2] iter 52: split done, delta_size=23309
R1 [P2] iter 52: split done, delta_size=23460
R0 [P2] iter 52: dedup done, delta_size=23300
R1 [P2] iter 52: dedup done, delta_size=23452
R0 [P2] iter 52: subtract done, delta_size=23037
R1 [P2] iter 52: subtract done, delta_size=23194
R0 [P2] iter 52: merge done, full_size=9005756
R0 [P2] iter 53 done: global_full_size=18046345
R1 [P2] iter 52: merge done, full_size=9040589
R1 [P2] iter 53 done: global_full_size=18046345
R0 [P2] iter 53: PRE-JOIN GPU mem: 84.5GB free / 85.1GB total | delta_size=23037 full_size=9005756
R1 [P2] iter 53: PRE-JOIN GPU mem: 84.5GB free / 85.1GB total | delta_size=23194 full_size=9040589
R0 [P2] iter 53: join done, raw=22349 result_size=22338
R1 [P2] iter 53: join done, raw=22591 result_size=22586
R1 [P2] iter 53: split done, delta_size=22549
R1 [P2] iter 53: dedup done, delta_size=22541
R1 [P2] iter 53: subtract done, delta_size=22297
R0 [P2] iter 53: split done, delta_size=22375
R0 [P2] iter 53: dedup done, delta_size=22367
R0 [P2] iter 53: subtract done, delta_size=22109
R1 [P2] iter 53: merge done, full_size=9062886
R0 [P2] iter 53: merge done, full_size=9027865
R0 [P2] iter 54 done: global_full_size=18090751
R1 [P2] iter 54 done: global_full_size=18090751
R0 [P2] iter 54: PRE-JOIN GPU mem: 84.5GB free / 85.1GB total | delta_size=22109 full_size=9027865
R1 [P2] iter 54: PRE-JOIN GPU mem: 84.5GB free / 85.1GB total | delta_size=22297 full_size=9062886
R0 [P2] iter 54: join done, raw=21460 result_size=21449
R1 [P2] iter 54: join done, raw=21699 result_size=21694
R0 [P2] iter 54: split done, delta_size=21469
R0 [P2] iter 54: dedup done, delta_size=21462
R0 [P2] iter 54: subtract done, delta_size=21220
R1 [P2] iter 54: split done, delta_size=21674
R1 [P2] iter 54: dedup done, delta_size=21666
R1 [P2] iter 54: subtract done, delta_size=21428
R1 [P2] iter 54: merge done, full_size=9084314
R0 [P2] iter 54: merge done, full_size=9049085
R0 [P2] iter 55 done: global_full_size=18133399
R1 [P2] iter 55 done: global_full_size=18133399
R0 [P2] iter 55: PRE-JOIN GPU mem: 84.5GB free / 85.1GB total | delta_size=21220 full_size=9049085
R1 [P2] iter 55: PRE-JOIN GPU mem: 84.5GB free / 85.1GB total | delta_size=21428 full_size=9084314
R0 [P2] iter 55: join done, raw=20598 result_size=20587
R1 [P2] iter 55: join done, raw=20841 result_size=20836
R1 [P2] iter 55: split done, delta_size=20796
R0 [P2] iter 55: split done, delta_size=20627
R1 [P2] iter 55: dedup done, delta_size=20788
R0 [P2] iter 55: dedup done, delta_size=20621
R1 [P2] iter 55: subtract done, delta_size=20563
R0 [P2] iter 55: subtract done, delta_size=20383
R1 [P2] iter 55: merge done, full_size=9104877
R0 [P2] iter 55: merge done, full_size=9069468
R0 [P2] iter 56 done: global_full_size=18174345
R1 [P2] iter 56 done: global_full_size=18174345
R0 [P2] iter 56: PRE-JOIN GPU mem: 84.5GB free / 85.1GB total | delta_size=20383 full_size=9069468
R1 [P2] iter 56: PRE-JOIN GPU mem: 84.5GB free / 85.1GB total | delta_size=20563 full_size=9104877
R0 [P2] iter 56: join done, raw=19789 result_size=19779
R1 [P2] iter 56: join done, raw=19974 result_size=19971
R1 [P2] iter 56: split done, delta_size=19957
R0 [P2] iter 56: split done, delta_size=19793
R1 [P2] iter 56: dedup done, delta_size=19949
R0 [P2] iter 56: dedup done, delta_size=19787
R1 [P2] iter 56: subtract done, delta_size=19737
R0 [P2] iter 56: subtract done, delta_size=19564
R1 [P2] iter 56: merge done, full_size=9124614
R0 [P2] iter 56: merge done, full_size=9089032
R0 [P2] iter 57 done: global_full_size=18213646
R1 [P2] iter 57 done: global_full_size=18213646
R0 [P2] iter 57: PRE-JOIN GPU mem: 84.5GB free / 85.1GB total | delta_size=19564 full_size=9089032
R1 [P2] iter 57: PRE-JOIN GPU mem: 84.5GB free / 85.1GB total | delta_size=19737 full_size=9124614
R0 [P2] iter 57: join done, raw=18969 result_size=18960
R1 [P2] iter 57: join done, raw=19158 result_size=19155
R1 [P2] iter 57: split done, delta_size=19125
R0 [P2] iter 57: split done, delta_size=18990
R1 [P2] iter 57: dedup done, delta_size=19118
R0 [P2] iter 57: dedup done, delta_size=18984
R1 [P2] iter 57: subtract done, delta_size=18913
R0 [P2] iter 57: subtract done, delta_size=18767
R1 [P2] iter 57: merge done, full_size=9143527
R0 [P2] iter 57: merge done, full_size=9107799
R0 [P2] iter 58 done: global_full_size=18251326
R1 [P2] iter 58 done: global_full_size=18251326
R0 [P2] iter 58: PRE-JOIN GPU mem: 84.5GB free / 85.1GB total | delta_size=18767 full_size=9107799
R1 [P2] iter 58: PRE-JOIN GPU mem: 84.5GB free / 85.1GB total | delta_size=18913 full_size=9143527
R0 [P2] iter 58: join done, raw=18205 result_size=18196
R1 [P2] iter 58: join done, raw=18332 result_size=18329
R1 [P2] iter 58: split done, delta_size=18324
R0 [P2] iter 58: split done, delta_size=18201
R1 [P2] iter 58: dedup done, delta_size=18317
R0 [P2] iter 58: dedup done, delta_size=18195
R1 [P2] iter 58: subtract done, delta_size=18126
R0 [P2] iter 58: subtract done, delta_size=18001
R1 [P2] iter 58: merge done, full_size=9161653
R0 [P2] iter 58: merge done, full_size=9125800
R0 [P2] iter 59 done: global_full_size=18287453
R1 [P2] iter 59 done: global_full_size=18287453
R0 [P2] iter 59: PRE-JOIN GPU mem: 84.5GB free / 85.1GB total | delta_size=18001 full_size=9125800
R1 [P2] iter 59: PRE-JOIN GPU mem: 84.5GB free / 85.1GB total | delta_size=18126 full_size=9161653
R0 [P2] iter 59: join done, raw=17476 result_size=17467
R1 [P2] iter 59: join done, raw=17608 result_size=17605
R1 [P2] iter 59: split done, delta_size=17619
R0 [P2] iter 59: split done, delta_size=17453
R1 [P2] iter 59: dedup done, delta_size=17612
R0 [P2] iter 59: dedup done, delta_size=17446
R1 [P2] iter 59: subtract done, delta_size=17431
R0 [P2] iter 59: subtract done, delta_size=17264
R1 [P2] iter 59: merge done, full_size=9179084
R0 [P2] iter 59: merge done, full_size=9143064
R0 [P2] iter 60 done: global_full_size=18322148
R1 [P2] iter 60 done: global_full_size=18322148
R0 [P2] iter 60: PRE-JOIN GPU mem: 84.5GB free / 85.1GB total | delta_size=17264 full_size=9143064
R1 [P2] iter 60: PRE-JOIN GPU mem: 84.5GB free / 85.1GB total | delta_size=17431 full_size=9179084
R0 [P2] iter 60: join done, raw=16773 result_size=16764
R1 [P2] iter 60: join done, raw=16927 result_size=16924
R1 [P2] iter 60: split done, delta_size=16928
R0 [P2] iter 60: split done, delta_size=16760
R1 [P2] iter 60: dedup done, delta_size=16921
R0 [P2] iter 60: dedup done, delta_size=16754
R1 [P2] iter 60: subtract done, delta_size=16751
R0 [P2] iter 60: subtract done, delta_size=16573
R1 [P2] iter 60: merge done, full_size=9195835
R0 [P2] iter 60: merge done, full_size=9159637
R0 [P2] iter 61 done: global_full_size=18355472
R1 [P2] iter 61 done: global_full_size=18355472
R0 [P2] iter 61: PRE-JOIN GPU mem: 84.5GB free / 85.1GB total | delta_size=16573 full_size=9159637
R1 [P2] iter 61: PRE-JOIN GPU mem: 84.5GB free / 85.1GB total | delta_size=16751 full_size=9195835
R0 [P2] iter 61: join done, raw=16094 result_size=16086
R1 [P2] iter 61: join done, raw=16265 result_size=16262
R1 [P2] iter 61: split done, delta_size=16239
R0 [P2] iter 61: split done, delta_size=16109
R1 [P2] iter 61: dedup done, delta_size=16233
R0 [P2] iter 61: dedup done, delta_size=16103
R1 [P2] iter 61: subtract done, delta_size=16072
R0 [P2] iter 61: subtract done, delta_size=15938
R1 [P2] iter 61: merge done, full_size=9211907
R0 [P2] iter 61: merge done, full_size=9175575
R0 [P2] iter 62 done: global_full_size=18387482
R1 [P2] iter 62 done: global_full_size=18387482
R0 [P2] iter 62: PRE-JOIN GPU mem: 84.5GB free / 85.1GB total | delta_size=15938 full_size=9175575
R1 [P2] iter 62: PRE-JOIN GPU mem: 84.5GB free / 85.1GB total | delta_size=16072 full_size=9211907
R0 [P2] iter 62: join done, raw=15491 result_size=15483
R1 [P2] iter 62: join done, raw=15615 result_size=15612
R0 [P2] iter 62: split done, delta_size=15494
R1 [P2] iter 62: split done, delta_size=15601
R1 [P2] iter 62: dedup done, delta_size=15595
R0 [P2] iter 62: dedup done, delta_size=15488
R1 [P2] iter 62: subtract done, delta_size=15443
R0 [P2] iter 62: subtract done, delta_size=15330
R1 [P2] iter 62: merge done, full_size=9227350
R0 [P2] iter 62: merge done, full_size=9190905
R0 [P2] iter 63 done: global_full_size=18418255
R1 [P2] iter 63 done: global_full_size=18418255
R0 [P2] iter 63: PRE-JOIN GPU mem: 84.5GB free / 85.1GB total | delta_size=15330 full_size=9190905
R1 [P2] iter 63: PRE-JOIN GPU mem: 84.5GB free / 85.1GB total | delta_size=15443 full_size=9227350
R0 [P2] iter 63: join done, raw=14904 result_size=14897
R1 [P2] iter 63: join done, raw=14996 result_size=14993
R0 [P2] iter 63: split done, delta_size=14893
R0 [P2] iter 63: dedup done, delta_size=14887
R0 [P2] iter 63: subtract done, delta_size=14742
R1 [P2] iter 63: split done, delta_size=14997
R1 [P2] iter 63: dedup done, delta_size=14991
R1 [P2] iter 63: subtract done, delta_size=14843
R1 [P2] iter 63: merge done, full_size=9242193
R0 [P2] iter 63: merge done, full_size=9205647
R0 [P2] iter 64 done: global_full_size=18447840
R1 [P2] iter 64 done: global_full_size=18447840
R0 [P2] iter 64: PRE-JOIN GPU mem: 84.5GB free / 85.1GB total | delta_size=14742 full_size=9205647
R1 [P2] iter 64: PRE-JOIN GPU mem: 84.5GB free / 85.1GB total | delta_size=14843 full_size=9242193
R0 [P2] iter 64: join done, raw=14350 result_size=14343
R1 [P2] iter 64: join done, raw=14412 result_size=14409
R1 [P2] iter 64: split done, delta_size=14396
R0 [P2] iter 64: split done, delta_size=14356
R1 [P2] iter 64: dedup done, delta_size=14391
R0 [P2] iter 64: dedup done, delta_size=14352
R1 [P2] iter 64: subtract done, delta_size=14248
R0 [P2] iter 64: subtract done, delta_size=14210
R1 [P2] iter 64: merge done, full_size=9256441
R0 [P2] iter 64: merge done, full_size=9219857
R0 [P2] iter 65 done: global_full_size=18476298
R1 [P2] iter 65 done: global_full_size=18476298
R0 [P2] iter 65: PRE-JOIN GPU mem: 84.5GB free / 85.1GB total | delta_size=14210 full_size=9219857
R1 [P2] iter 65: PRE-JOIN GPU mem: 84.5GB free / 85.1GB total | delta_size=14248 full_size=9256441
R0 [P2] iter 65: join done, raw=13834 result_size=13827
R1 [P2] iter 65: join done, raw=13834 result_size=13831
R0 [P2] iter 65: split done, delta_size=13838
R0 [P2] iter 65: dedup done, delta_size=13834
R0 [P2] iter 65: subtract done, delta_size=13700
R1 [P2] iter 65: split done, delta_size=13820
R1 [P2] iter 65: dedup done, delta_size=13816
R1 [P2] iter 65: subtract done, delta_size=13687
R0 [P2] iter 65: merge done, full_size=9233557
R0 [P2] iter 66 done: global_full_size=18503685
R1 [P2] iter 65: merge done, full_size=9270128
R1 [P2] iter 66 done: global_full_size=18503685
R0 [P2] iter 66: PRE-JOIN GPU mem: 84.5GB free / 85.1GB total | delta_size=13700 full_size=9233557
R1 [P2] iter 66: PRE-JOIN GPU mem: 84.5GB free / 85.1GB total | delta_size=13687 full_size=9270128
R0 [P2] iter 66: join done, raw=13352 result_size=13345
R1 [P2] iter 66: join done, raw=13301 result_size=13298
R0 [P2] iter 66: split done, delta_size=13327
R1 [P2] iter 66: split done, delta_size=13316
R0 [P2] iter 66: dedup done, delta_size=13324
R1 [P2] iter 66: dedup done, delta_size=13312
R0 [P2] iter 66: subtract done, delta_size=13193
R1 [P2] iter 66: subtract done, delta_size=13190
R0 [P2] iter 66: merge done, full_size=9246750
R0 [P2] iter 67 done: global_full_size=18530068
R1 [P2] iter 66: merge done, full_size=9283318
R1 [P2] iter 67 done: global_full_size=18530068
R0 [P2] iter 67: PRE-JOIN GPU mem: 84.5GB free / 85.1GB total | delta_size=13193 full_size=9246750
R1 [P2] iter 67: PRE-JOIN GPU mem: 84.5GB free / 85.1GB total | delta_size=13190 full_size=9283318
R0 [P2] iter 67: join done, raw=12855 result_size=12850
R1 [P2] iter 67: join done, raw=12824 result_size=12821
R0 [P2] iter 67: split done, delta_size=12818
R1 [P2] iter 67: split done, delta_size=12853
R0 [P2] iter 67: dedup done, delta_size=12815
R1 [P2] iter 67: dedup done, delta_size=12849
R0 [P2] iter 67: subtract done, delta_size=12696
R1 [P2] iter 67: subtract done, delta_size=12737
R1 [P2] iter 67: merge done, full_size=9296055
R0 [P2] iter 67: merge done, full_size=9259446
R0 [P2] iter 68 done: global_full_size=18555501
R1 [P2] iter 68 done: global_full_size=18555501
R0 [P2] iter 68: PRE-JOIN GPU mem: 84.5GB free / 85.1GB total | delta_size=12696 full_size=9259446
R1 [P2] iter 68: PRE-JOIN GPU mem: 84.5GB free / 85.1GB total | delta_size=12737 full_size=9296055
R0 [P2] iter 68: join done, raw=12374 result_size=12369
R1 [P2] iter 68: join done, raw=12390 result_size=12387
R1 [P2] iter 68: split done, delta_size=12382
R0 [P2] iter 68: split done, delta_size=12374
R1 [P2] iter 68: dedup done, delta_size=12379
R0 [P2] iter 68: dedup done, delta_size=12371
R1 [P2] iter 68: subtract done, delta_size=12272
R0 [P2] iter 68: subtract done, delta_size=12259
R1 [P2] iter 68: merge done, full_size=9308327
R0 [P2] iter 68: merge done, full_size=9271705
R0 [P2] iter 69 done: global_full_size=18580032
R1 [P2] iter 69 done: global_full_size=18580032
R0 [P2] iter 69: PRE-JOIN GPU mem: 84.5GB free / 85.1GB total | delta_size=12259 full_size=9271705
R1 [P2] iter 69: PRE-JOIN GPU mem: 84.5GB free / 85.1GB total | delta_size=12272 full_size=9308327
R0 [P2] iter 69: join done, raw=11955 result_size=11950
R1 [P2] iter 69: join done, raw=11944 result_size=11941
R1 [P2] iter 69: split done, delta_size=11947
R1 [P2] iter 69: dedup done, delta_size=11944
R1 [P2] iter 69: subtract done, delta_size=11843
R0 [P2] iter 69: split done, delta_size=11944
R0 [P2] iter 69: dedup done, delta_size=11941
R0 [P2] iter 69: subtract done, delta_size=11831
R1 [P2] iter 69: merge done, full_size=9320170
R0 [P2] iter 69: merge done, full_size=9283536
R0 [P2] iter 70 done: global_full_size=18603706
R1 [P2] iter 70 done: global_full_size=18603706
R0 [P2] iter 70: PRE-JOIN GPU mem: 84.5GB free / 85.1GB total | delta_size=11831 full_size=9283536
R1 [P2] iter 70: PRE-JOIN GPU mem: 84.5GB free / 85.1GB total | delta_size=11843 full_size=9320170
R0 [P2] iter 70: join done, raw=11541 result_size=11536
R1 [P2] iter 70: join done, raw=11539 result_size=11536
R1 [P2] iter 70: split done, delta_size=11530
R0 [P2] iter 70: split done, delta_size=11542
R1 [P2] iter 70: dedup done, delta_size=11527
R0 [P2] iter 70: dedup done, delta_size=11539
R1 [P2] iter 70: subtract done, delta_size=11431
R0 [P2] iter 70: subtract done, delta_size=11434
R1 [P2] iter 70: merge done, full_size=9331601
R0 [P2] iter 70: merge done, full_size=9294970
R0 [P2] iter 71 done: global_full_size=18626571
R1 [P2] iter 71 done: global_full_size=18626571
R0 [P2] iter 71: PRE-JOIN GPU mem: 84.5GB free / 85.1GB total | delta_size=11434 full_size=9294970
R1 [P2] iter 71: PRE-JOIN GPU mem: 84.5GB free / 85.1GB total | delta_size=11431 full_size=9331601
R0 [P2] iter 71: join done, raw=11156 result_size=11152
R1 [P2] iter 71: join done, raw=11125 result_size=11122
R1 [P2] iter 71: split done, delta_size=11137
R0 [P2] iter 71: split done, delta_size=11137
R1 [P2] iter 71: dedup done, delta_size=11134
R0 [P2] iter 71: dedup done, delta_size=11133
R1 [P2] iter 71: subtract done, delta_size=11041
R0 [P2] iter 71: subtract done, delta_size=11033
R1 [P2] iter 71: merge done, full_size=9342642
R0 [P2] iter 71: merge done, full_size=9306003
R0 [P2] iter 72 done: global_full_size=18648645
R1 [P2] iter 72 done: global_full_size=18648645
R0 [P2] iter 72: PRE-JOIN GPU mem: 84.5GB free / 85.1GB total | delta_size=11033 full_size=9306003
R1 [P2] iter 72: PRE-JOIN GPU mem: 84.5GB free / 85.1GB total | delta_size=11041 full_size=9342642
R0 [P2] iter 72: join done, raw=10760 result_size=10756
R1 [P2] iter 72: join done, raw=10746 result_size=10743
R1 [P2] iter 72: split done, delta_size=10750
R0 [P2] iter 72: split done, delta_size=10749
R1 [P2] iter 72: dedup done, delta_size=10747
R0 [P2] iter 72: dedup done, delta_size=10745
R1 [P2] iter 72: subtract done, delta_size=10660
R0 [P2] iter 72: subtract done, delta_size=10654
R1 [P2] iter 72: merge done, full_size=9353302
R0 [P2] iter 72: merge done, full_size=9316657
R0 [P2] iter 73 done: global_full_size=18669959
R1 [P2] iter 73 done: global_full_size=18669959
R0 [P2] iter 73: PRE-JOIN GPU mem: 84.5GB free / 85.1GB total | delta_size=10654 full_size=9316657
R1 [P2] iter 73: PRE-JOIN GPU mem: 84.5GB free / 85.1GB total | delta_size=10660 full_size=9353302
R0 [P2] iter 73: join done, raw=10407 result_size=10403
R1 [P2] iter 73: join done, raw=10383 result_size=10380
R1 [P2] iter 73: split done, delta_size=10387
R0 [P2] iter 73: split done, delta_size=10396
R1 [P2] iter 73: dedup done, delta_size=10384
R0 [P2] iter 73: dedup done, delta_size=10392
R1 [P2] iter 73: subtract done, delta_size=10303
R0 [P2] iter 73: subtract done, delta_size=10303
R1 [P2] iter 73: merge done, full_size=9363605
R0 [P2] iter 73: merge done, full_size=9326960
R0 [P2] iter 74 done: global_full_size=18690565
R1 [P2] iter 74 done: global_full_size=18690565
R0 [P2] iter 74: PRE-JOIN GPU mem: 84.5GB free / 85.1GB total | delta_size=10303 full_size=9326960
R1 [P2] iter 74: PRE-JOIN GPU mem: 84.5GB free / 85.1GB total | delta_size=10303 full_size=9363605
R0 [P2] iter 74: join done, raw=10058 result_size=10054
R1 [P2] iter 74: join done, raw=10055 result_size=10052
R1 [P2] iter 74: split done, delta_size=10041
R0 [P2] iter 74: split done, delta_size=10065
R1 [P2] iter 74: dedup done, delta_size=10038
R0 [P2] iter 74: dedup done, delta_size=10062
R1 [P2] iter 74: subtract done, delta_size=9962
R0 [P2] iter 74: subtract done, delta_size=9976
R1 [P2] iter 74: merge done, full_size=9373567
R0 [P2] iter 74: merge done, full_size=9336936
R0 [P2] iter 75 done: global_full_size=18710503
R1 [P2] iter 75 done: global_full_size=18710503
R0 [P2] iter 75: PRE-JOIN GPU mem: 84.5GB free / 85.1GB total | delta_size=9976 full_size=9336936
R1 [P2] iter 75: PRE-JOIN GPU mem: 84.5GB free / 85.1GB total | delta_size=9962 full_size=9373567
R0 [P2] iter 75: join done, raw=9757 result_size=9754
R1 [P2] iter 75: join done, raw=9743 result_size=9740
R1 [P2] iter 75: split done, delta_size=9753
R0 [P2] iter 75: split done, delta_size=9741
R1 [P2] iter 75: dedup done, delta_size=9750
R0 [P2] iter 75: dedup done, delta_size=9738
R1 [P2] iter 75: subtract done, delta_size=9682
R0 [P2] iter 75: subtract done, delta_size=9656
R1 [P2] iter 75: merge done, full_size=9383249
R0 [P2] iter 75: merge done, full_size=9346592
R0 [P2] iter 76 done: global_full_size=18729841
R1 [P2] iter 76 done: global_full_size=18729841
R0 [P2] iter 76: PRE-JOIN GPU mem: 84.5GB free / 85.1GB total | delta_size=9656 full_size=9346592
R1 [P2] iter 76: PRE-JOIN GPU mem: 84.5GB free / 85.1GB total | delta_size=9682 full_size=9383249
R0 [P2] iter 76: join done, raw=9446 result_size=9443
R1 [P2] iter 76: join done, raw=9477 result_size=9474
R1 [P2] iter 76: split done, delta_size=9453
R1 [P2] iter 76: dedup done, delta_size=9450
R0 [P2] iter 76: split done, delta_size=9464
R0 [P2] iter 76: dedup done, delta_size=9461
R1 [P2] iter 76: subtract done, delta_size=9384
R0 [P2] iter 76: subtract done, delta_size=9381
R1 [P2] iter 76: merge done, full_size=9392633
R0 [P2] iter 76: merge done, full_size=9355973
R0 [P2] iter 77 done: global_full_size=18748606
R1 [P2] iter 77 done: global_full_size=18748606
R0 [P2] iter 77: PRE-JOIN GPU mem: 84.5GB free / 85.1GB total | delta_size=9381 full_size=9355973
R1 [P2] iter 77: PRE-JOIN GPU mem: 84.5GB free / 85.1GB total | delta_size=9384 full_size=9392633
R0 [P2] iter 77: join done, raw=9179 result_size=9176
R1 [P2] iter 77: join done, raw=9186 result_size=9183
R1 [P2] iter 77: split done, delta_size=9171
R1 [P2] iter 77: dedup done, delta_size=9168
R0 [P2] iter 77: split done, delta_size=9188
R0 [P2] iter 77: dedup done, delta_size=9185
R1 [P2] iter 77: subtract done, delta_size=9108
R0 [P2] iter 77: subtract done, delta_size=9107
R1 [P2] iter 77: merge done, full_size=9401741
R0 [P2] iter 77: merge done, full_size=9365080
R0 [P2] iter 78 done: global_full_size=18766821
R1 [P2] iter 78 done: global_full_size=18766821
R0 [P2] iter 78: PRE-JOIN GPU mem: 84.5GB free / 85.1GB total | delta_size=9107 full_size=9365080
R1 [P2] iter 78: PRE-JOIN GPU mem: 84.5GB free / 85.1GB total | delta_size=9108 full_size=9401741
R0 [P2] iter 78: join done, raw=8903 result_size=8900
R1 [P2] iter 78: join done, raw=8923 result_size=8921
R1 [P2] iter 78: split done, delta_size=8914
R1 [P2] iter 78: dedup done, delta_size=8911
R0 [P2] iter 78: split done, delta_size=8907
R0 [P2] iter 78: dedup done, delta_size=8904
R1 [P2] iter 78: subtract done, delta_size=8853
R0 [P2] iter 78: subtract done, delta_size=8831
R1 [P2] iter 78: merge done, full_size=9410594
R0 [P2] iter 78: merge done, full_size=9373911
R0 [P2] iter 79 done: global_full_size=18784505
R1 [P2] iter 79 done: global_full_size=18784505
R0 [P2] iter 79: PRE-JOIN GPU mem: 84.5GB free / 85.1GB total | delta_size=8831 full_size=9373911
R1 [P2] iter 79: PRE-JOIN GPU mem: 84.5GB free / 85.1GB total | delta_size=8853 full_size=9410594
R0 [P2] iter 79: join done, raw=8633 result_size=8630
R1 [P2] iter 79: join done, raw=8670 result_size=8669
R1 [P2] iter 79: split done, delta_size=8658
R1 [P2] iter 79: dedup done, delta_size=8655
R0 [P2] iter 79: split done, delta_size=8641
R0 [P2] iter 79: dedup done, delta_size=8638
R1 [P2] iter 79: subtract done, delta_size=8600
R0 [P2] iter 79: subtract done, delta_size=8569
R1 [P2] iter 79: merge done, full_size=9419194
R0 [P2] iter 79: merge done, full_size=9382480
R0 [P2] iter 80 done: global_full_size=18801674
R1 [P2] iter 80 done: global_full_size=18801674
R0 [P2] iter 80: PRE-JOIN GPU mem: 84.5GB free / 85.1GB total | delta_size=8569 full_size=9382480
R1 [P2] iter 80: PRE-JOIN GPU mem: 84.5GB free / 85.1GB total | delta_size=8600 full_size=9419194
R0 [P2] iter 80: join done, raw=8361 result_size=8358
R1 [P2] iter 80: join done, raw=8423 result_size=8422
R1 [P2] iter 80: split done, delta_size=8408
R1 [P2] iter 80: dedup done, delta_size=8405
R0 [P2] iter 80: split done, delta_size=8372
R0 [P2] iter 80: dedup done, delta_size=8369
R1 [P2] iter 80: subtract done, delta_size=8353
R0 [P2] iter 80: subtract done, delta_size=8302
R1 [P2] iter 80: merge done, full_size=9427547
R0 [P2] iter 80: merge done, full_size=9390782
R0 [P2] iter 81 done: global_full_size=18818329
R1 [P2] iter 81 done: global_full_size=18818329
R0 [P2] iter 81: PRE-JOIN GPU mem: 84.5GB free / 85.1GB total | delta_size=8302 full_size=9390782
R1 [P2] iter 81: PRE-JOIN GPU mem: 84.5GB free / 85.1GB total | delta_size=8353 full_size=9427547
R0 [P2] iter 81: join done, raw=8096 result_size=8093
R1 [P2] iter 81: join done, raw=8175 result_size=8174
R0 [P2] iter 81: split done, delta_size=8119
R1 [P2] iter 81: split done, delta_size=8148
R0 [P2] iter 81: dedup done, delta_size=8116
R1 [P2] iter 81: dedup done, delta_size=8145
R0 [P2] iter 81: subtract done, delta_size=8053
R1 [P2] iter 81: subtract done, delta_size=8096
R1 [P2] iter 81: merge done, full_size=9435643
R0 [P2] iter 81: merge done, full_size=9398835
R0 [P2] iter 82 done: global_full_size=18834478
R1 [P2] iter 82 done: global_full_size=18834478
R0 [P2] iter 82: PRE-JOIN GPU mem: 84.5GB free / 85.1GB total | delta_size=8053 full_size=9398835
R1 [P2] iter 82: PRE-JOIN GPU mem: 84.5GB free / 85.1GB total | delta_size=8096 full_size=9435643
R0 [P2] iter 82: join done, raw=7857 result_size=7854
R1 [P2] iter 82: join done, raw=7928 result_size=7927
R0 [P2] iter 82: split done, delta_size=7870
R1 [P2] iter 82: split done, delta_size=7911
R0 [P2] iter 82: dedup done, delta_size=7867
R1 [P2] iter 82: dedup done, delta_size=7908
R0 [P2] iter 82: subtract done, delta_size=7810
R1 [P2] iter 82: subtract done, delta_size=7860
R1 [P2] iter 82: merge done, full_size=9443503
R0 [P2] iter 82: merge done, full_size=9406645
R0 [P2] iter 83 done: global_full_size=18850148
R1 [P2] iter 83 done: global_full_size=18850148
R0 [P2] iter 83: PRE-JOIN GPU mem: 84.5GB free / 85.1GB total | delta_size=7810 full_size=9406645
R1 [P2] iter 83: PRE-JOIN GPU mem: 84.5GB free / 85.1GB total | delta_size=7860 full_size=9443503
R0 [P2] iter 83: join done, raw=7629 result_size=7626
R1 [P2] iter 83: join done, raw=7713 result_size=7712
R0 [P2] iter 83: split done, delta_size=7659
R1 [P2] iter 83: split done, delta_size=7679
R0 [P2] iter 83: dedup done, delta_size=7656
R1 [P2] iter 83: dedup done, delta_size=7676
R0 [P2] iter 83: subtract done, delta_size=7599
R1 [P2] iter 83: subtract done, delta_size=7632
R1 [P2] iter 83: merge done, full_size=9451135
R0 [P2] iter 83: merge done, full_size=9414244
R0 [P2] iter 84 done: global_full_size=18865379
R1 [P2] iter 84 done: global_full_size=18865379
R0 [P2] iter 84: PRE-JOIN GPU mem: 84.5GB free / 85.1GB total | delta_size=7599 full_size=9414244
R1 [P2] iter 84: PRE-JOIN GPU mem: 84.5GB free / 85.1GB total | delta_size=7632 full_size=9451135
R0 [P2] iter 84: join done, raw=7422 result_size=7419
R1 [P2] iter 84: join done, raw=7485 result_size=7484
R0 [P2] iter 84: split done, delta_size=7453
R1 [P2] iter 84: split done, delta_size=7450
R0 [P2] iter 84: dedup done, delta_size=7450
R1 [P2] iter 84: dedup done, delta_size=7447
R0 [P2] iter 84: subtract done, delta_size=7398
R1 [P2] iter 84: subtract done, delta_size=7405
R1 [P2] iter 84: merge done, full_size=9458540
R0 [P2] iter 84: merge done, full_size=9421642
R0 [P2] iter 85 done: global_full_size=18880182
R1 [P2] iter 85 done: global_full_size=18880182
R0 [P2] iter 85: PRE-JOIN GPU mem: 84.5GB free / 85.1GB total | delta_size=7398 full_size=9421642
R1 [P2] iter 85: PRE-JOIN GPU mem: 84.5GB free / 85.1GB total | delta_size=7405 full_size=9458540
R0 [P2] iter 85: join done, raw=7228 result_size=7225
R1 [P2] iter 85: join done, raw=7260 result_size=7259
R0 [P2] iter 85: split done, delta_size=7237
R1 [P2] iter 85: split done, delta_size=7247
R0 [P2] iter 85: dedup done, delta_size=7234
R1 [P2] iter 85: dedup done, delta_size=7244
R0 [P2] iter 85: subtract done, delta_size=7187
R1 [P2] iter 85: subtract done, delta_size=7203
R1 [P2] iter 85: merge done, full_size=9465743
R0 [P2] iter 85: merge done, full_size=9428829
R0 [P2] iter 86 done: global_full_size=18894572
R1 [P2] iter 86 done: global_full_size=18894572
R0 [P2] iter 86: PRE-JOIN GPU mem: 84.5GB free / 85.1GB total | delta_size=7187 full_size=9428829
R1 [P2] iter 86: PRE-JOIN GPU mem: 84.5GB free / 85.1GB total | delta_size=7203 full_size=9465743
R0 [P2] iter 86: join done, raw=7036 result_size=7033
R1 [P2] iter 86: join done, raw=7060 result_size=7059
R0 [P2] iter 86: split done, delta_size=7022
R1 [P2] iter 86: split done, delta_size=7070
R0 [P2] iter 86: dedup done, delta_size=7019
R1 [P2] iter 86: dedup done, delta_size=7067
R0 [P2] iter 86: subtract done, delta_size=6978
R1 [P2] iter 86: subtract done, delta_size=7027
R1 [P2] iter 86: merge done, full_size=9472770
R0 [P2] iter 86: merge done, full_size=9435807
R0 [P2] iter 87 done: global_full_size=18908577
R1 [P2] iter 87 done: global_full_size=18908577
R0 [P2] iter 87: PRE-JOIN GPU mem: 84.5GB free / 85.1GB total | delta_size=6978 full_size=9435807
R1 [P2] iter 87: PRE-JOIN GPU mem: 84.5GB free / 85.1GB total | delta_size=7027 full_size=9472770
R0 [P2] iter 87: join done, raw=6839 result_size=6837
R1 [P2] iter 87: join done, raw=6901 result_size=6900
R0 [P2] iter 87: split done, delta_size=6848
R1 [P2] iter 87: split done, delta_size=6889
R0 [P2] iter 87: dedup done, delta_size=6845
R1 [P2] iter 87: dedup done, delta_size=6886
R0 [P2] iter 87: subtract done, delta_size=6804
R1 [P2] iter 87: subtract done, delta_size=6848
R1 [P2] iter 87: merge done, full_size=9479618
R0 [P2] iter 87: merge done, full_size=9442611
R0 [P2] iter 88 done: global_full_size=18922229
R1 [P2] iter 88 done: global_full_size=18922229
R0 [P2] iter 88: PRE-JOIN GPU mem: 84.5GB free / 85.1GB total | delta_size=6804 full_size=9442611
R1 [P2] iter 88: PRE-JOIN GPU mem: 84.5GB free / 85.1GB total | delta_size=6848 full_size=9479618
R0 [P2] iter 88: join done, raw=6673 result_size=6671
R1 [P2] iter 88: join done, raw=6713 result_size=6712
R0 [P2] iter 88: split done, delta_size=6662
R1 [P2] iter 88: split done, delta_size=6721
R0 [P2] iter 88: dedup done, delta_size=6659
R1 [P2] iter 88: dedup done, delta_size=6718
R0 [P2] iter 88: subtract done, delta_size=6618
R1 [P2] iter 88: subtract done, delta_size=6683
R1 [P2] iter 88: merge done, full_size=9486301
R0 [P2] iter 88: merge done, full_size=9449229
R0 [P2] iter 89 done: global_full_size=18935530
R1 [P2] iter 89 done: global_full_size=18935530
R0 [P2] iter 89: PRE-JOIN GPU mem: 84.5GB free / 85.1GB total | delta_size=6618 full_size=9449229
R1 [P2] iter 89: PRE-JOIN GPU mem: 84.5GB free / 85.1GB total | delta_size=6683 full_size=9486301
R0 [P2] iter 89: join done, raw=6499 result_size=6497
R1 [P2] iter 89: join done, raw=6547 result_size=6546
R0 [P2] iter 89: split done, delta_size=6494
R1 [P2] iter 89: split done, delta_size=6549
R0 [P2] iter 89: dedup done, delta_size=6491
R1 [P2] iter 89: dedup done, delta_size=6546
R0 [P2] iter 89: subtract done, delta_size=6451
R1 [P2] iter 89: subtract done, delta_size=6512
R1 [P2] iter 89: merge done, full_size=9492813
R0 [P2] iter 89: merge done, full_size=9455680
R0 [P2] iter 90 done: global_full_size=18948493
R1 [P2] iter 90 done: global_full_size=18948493
R0 [P2] iter 90: PRE-JOIN GPU mem: 84.5GB free / 85.1GB total | delta_size=6451 full_size=9455680
R1 [P2] iter 90: PRE-JOIN GPU mem: 84.5GB free / 85.1GB total | delta_size=6512 full_size=9492813
R0 [P2] iter 90: join done, raw=6328 result_size=6326
R1 [P2] iter 90: join done, raw=6379 result_size=6378
R0 [P2] iter 90: split done, delta_size=6341
R1 [P2] iter 90: split done, delta_size=6363
R0 [P2] iter 90: dedup done, delta_size=6338
R1 [P2] iter 90: dedup done, delta_size=6361
R0 [P2] iter 90: subtract done, delta_size=6298
R1 [P2] iter 90: subtract done, delta_size=6328
R0 [P2] iter 90: merge done, full_size=9461978
R0 [P2] iter 91 done: global_full_size=18961119
R1 [P2] iter 90: merge done, full_size=9499141
R1 [P2] iter 91 done: global_full_size=18961119
R0 [P2] iter 91: PRE-JOIN GPU mem: 84.5GB free / 85.1GB total | delta_size=6298 full_size=9461978
R1 [P2] iter 91: PRE-JOIN GPU mem: 84.5GB free / 85.1GB total | delta_size=6328 full_size=9499141
R0 [P2] iter 91: join done, raw=6175 result_size=6174
R1 [P2] iter 91: join done, raw=6191 result_size=6190
R0 [P2] iter 91: split done, delta_size=6178
R1 [P2] iter 91: split done, delta_size=6186
R0 [P2] iter 91: dedup done, delta_size=6175
R1 [P2] iter 91: dedup done, delta_size=6184
R0 [P2] iter 91: subtract done, delta_size=6136
R1 [P2] iter 91: subtract done, delta_size=6150
R1 [P2] iter 91: merge done, full_size=9505291
R0 [P2] iter 91: merge done, full_size=9468114
R0 [P2] iter 92 done: global_full_size=18973405
R1 [P2] iter 92 done: global_full_size=18973405
R0 [P2] iter 92: PRE-JOIN GPU mem: 84.5GB free / 85.1GB total | delta_size=6136 full_size=9468114
R1 [P2] iter 92: PRE-JOIN GPU mem: 84.5GB free / 85.1GB total | delta_size=6150 full_size=9505291
R0 [P2] iter 92: join done, raw=6024 result_size=6024
R1 [P2] iter 92: join done, raw=6023 result_size=6022
R0 [P2] iter 92: split done, delta_size=6007
R1 [P2] iter 92: split done, delta_size=6039
R0 [P2] iter 92: dedup done, delta_size=6004
R1 [P2] iter 92: dedup done, delta_size=6037
R0 [P2] iter 92: subtract done, delta_size=5966
R1 [P2] iter 92: subtract done, delta_size=6003
R1 [P2] iter 92: merge done, full_size=9511294
R0 [P2] iter 92: merge done, full_size=9474080
R0 [P2] iter 93 done: global_full_size=18985374
R1 [P2] iter 93 done: global_full_size=18985374
R0 [P2] iter 93: PRE-JOIN GPU mem: 84.5GB free / 85.1GB total | delta_size=5966 full_size=9474080
R1 [P2] iter 93: PRE-JOIN GPU mem: 84.5GB free / 85.1GB total | delta_size=6003 full_size=9511294
R0 [P2] iter 93: join done, raw=5856 result_size=5856
R1 [P2] iter 93: join done, raw=5877 result_size=5876
R0 [P2] iter 93: split done, delta_size=5847
R1 [P2] iter 93: split done, delta_size=5885
R0 [P2] iter 93: dedup done, delta_size=5844
R1 [P2] iter 93: dedup done, delta_size=5883
R0 [P2] iter 93: subtract done, delta_size=5806
R1 [P2] iter 93: subtract done, delta_size=5849
R0 [P2] iter 93: merge done, full_size=9479886
R0 [P2] iter 94 done: global_full_size=18997029
R1 [P2] iter 93: merge done, full_size=9517143
R1 [P2] iter 94 done: global_full_size=18997029
R0 [P2] iter 94: PRE-JOIN GPU mem: 84.5GB free / 85.1GB total | delta_size=5806 full_size=9479886
R1 [P2] iter 94: PRE-JOIN GPU mem: 84.5GB free / 85.1GB total | delta_size=5849 full_size=9517143
R0 [P2] iter 94: join done, raw=5691 result_size=5691
R1 [P2] iter 94: join done, raw=5722 result_size=5721
R0 [P2] iter 94: split done, delta_size=5682
R1 [P2] iter 94: split done, delta_size=5730
R0 [P2] iter 94: dedup done, delta_size=5679
R1 [P2] iter 94: dedup done, delta_size=5728
R0 [P2] iter 94: subtract done, delta_size=5643
R1 [P2] iter 94: subtract done, delta_size=5694
R1 [P2] iter 94: merge done, full_size=9522837
R0 [P2] iter 94: merge done, full_size=9485529
R0 [P2] iter 95 done: global_full_size=19008366
R1 [P2] iter 95 done: global_full_size=19008366
R0 [P2] iter 95: PRE-JOIN GPU mem: 84.5GB free / 85.1GB total | delta_size=5643 full_size=9485529
R1 [P2] iter 95: PRE-JOIN GPU mem: 84.5GB free / 85.1GB total | delta_size=5694 full_size=9522837
R0 [P2] iter 95: join done, raw=5530 result_size=5530
R1 [P2] iter 95: join done, raw=5580 result_size=5579
R0 [P2] iter 95: split done, delta_size=5530
R1 [P2] iter 95: split done, delta_size=5579
R0 [P2] iter 95: dedup done, delta_size=5527
R1 [P2] iter 95: dedup done, delta_size=5577
R0 [P2] iter 95: subtract done, delta_size=5491
R1 [P2] iter 95: subtract done, delta_size=5543
R0 [P2] iter 95: merge done, full_size=9491020
R0 [P2] iter 96 done: global_full_size=19019400
R1 [P2] iter 95: merge done, full_size=9528380
R1 [P2] iter 96 done: global_full_size=19019400
R0 [P2] iter 96: PRE-JOIN GPU mem: 84.5GB free / 85.1GB total | delta_size=5491 full_size=9491020
R1 [P2] iter 96: PRE-JOIN GPU mem: 84.5GB free / 85.1GB total | delta_size=5543 full_size=9528380
R0 [P2] iter 96: join done, raw=5384 result_size=5384
R1 [P2] iter 96: join done, raw=5425 result_size=5424
R0 [P2] iter 96: split done, delta_size=5379
R1 [P2] iter 96: split done, delta_size=5429
R0 [P2] iter 96: dedup done, delta_size=5376
R1 [P2] iter 96: dedup done, delta_size=5427
R0 [P2] iter 96: subtract done, delta_size=5341
R1 [P2] iter 96: subtract done, delta_size=5393
R0 [P2] iter 96: merge done, full_size=9496361
R0 [P2] iter 97 done: global_full_size=19030134
R1 [P2] iter 96: merge done, full_size=9533773
R1 [P2] iter 97 done: global_full_size=19030134
R0 [P2] iter 97: PRE-JOIN GPU mem: 84.5GB free / 85.1GB total | delta_size=5341 full_size=9496361
R1 [P2] iter 97: PRE-JOIN GPU mem: 84.5GB free / 85.1GB total | delta_size=5393 full_size=9533773
R0 [P2] iter 97: join done, raw=5231 result_size=5231
R1 [P2] iter 97: join done, raw=5275 result_size=5274
R0 [P2] iter 97: split done, delta_size=5224
R1 [P2] iter 97: split done, delta_size=5281
R0 [P2] iter 97: dedup done, delta_size=5221
R1 [P2] iter 97: dedup done, delta_size=5279
R0 [P2] iter 97: subtract done, delta_size=5186
R1 [P2] iter 97: subtract done, delta_size=5245
R1 [P2] iter 97: merge done, full_size=9539018
R0 [P2] iter 97: merge done, full_size=9501547
R0 [P2] iter 98 done: global_full_size=19040565
R1 [P2] iter 98 done: global_full_size=19040565
R0 [P2] iter 98: PRE-JOIN GPU mem: 84.5GB free / 85.1GB total | delta_size=5186 full_size=9501547
R1 [P2] iter 98: PRE-JOIN GPU mem: 84.5GB free / 85.1GB total | delta_size=5245 full_size=9539018
R0 [P2] iter 98: join done, raw=5076 result_size=5076
R1 [P2] iter 98: join done, raw=5130 result_size=5129
R0 [P2] iter 98: split done, delta_size=5068
R1 [P2] iter 98: split done, delta_size=5137
R0 [P2] iter 98: dedup done, delta_size=5065
R1 [P2] iter 98: dedup done, delta_size=5135
R0 [P2] iter 98: subtract done, delta_size=5030
R1 [P2] iter 98: subtract done, delta_size=5102
R0 [P2] iter 98: merge done, full_size=9506577
R0 [P2] iter 99 done: global_full_size=19050697
R1 [P2] iter 98: merge done, full_size=9544120
R1 [P2] iter 99 done: global_full_size=19050697
R0 [P2] iter 99: PRE-JOIN GPU mem: 84.5GB free / 85.1GB total | delta_size=5030 full_size=9506577
R1 [P2] iter 99: PRE-JOIN GPU mem: 84.5GB free / 85.1GB total | delta_size=5102 full_size=9544120
R0 [P2] iter 99: join done, raw=4930 result_size=4930
R1 [P2] iter 99: join done, raw=4987 result_size=4986
R0 [P2] iter 99: split done, delta_size=4909
R1 [P2] iter 99: split done, delta_size=5007
R0 [P2] iter 99: dedup done, delta_size=4906
R1 [P2] iter 99: dedup done, delta_size=5005
R0 [P2] iter 99: subtract done, delta_size=4874
R1 [P2] iter 99: subtract done, delta_size=4972
R0 [P2] iter 99: merge done, full_size=9511451
R0 [P2] iter 100 done: global_full_size=19060543
R1 [P2] iter 99: merge done, full_size=9549092
R1 [P2] iter 100 done: global_full_size=19060543
R0 [P2] iter 100: PRE-JOIN GPU mem: 84.5GB free / 85.1GB total | delta_size=4874 full_size=9511451
R1 [P2] iter 100: PRE-JOIN GPU mem: 84.5GB free / 85.1GB total | delta_size=4972 full_size=9549092
R0 [P2] iter 100: join done, raw=4769 result_size=4769
R1 [P2] iter 100: join done, raw=4850 result_size=4849
R0 [P2] iter 100: split done, delta_size=4755
R1 [P2] iter 100: split done, delta_size=4863
R0 [P2] iter 100: dedup done, delta_size=4752
R1 [P2] iter 100: dedup done, delta_size=4861
R0 [P2] iter 100: subtract done, delta_size=4720
R1 [P2] iter 100: subtract done, delta_size=4830
R1 [P2] iter 100: merge done, full_size=9553922
R0 [P2] iter 100: merge done, full_size=9516171
R0 [P2] iter 101 done: global_full_size=19070093
R1 [P2] iter 101 done: global_full_size=19070093
R0 [P2] iter 101: PRE-JOIN GPU mem: 84.5GB free / 85.1GB total | delta_size=4720 full_size=9516171
R1 [P2] iter 101: PRE-JOIN GPU mem: 84.5GB free / 85.1GB total | delta_size=4830 full_size=9553922
R0 [P2] iter 101: join done, raw=4625 result_size=4625
R1 [P2] iter 101: join done, raw=4720 result_size=4719
R0 [P2] iter 101: split done, delta_size=4612
R1 [P2] iter 101: split done, delta_size=4732
R0 [P2] iter 101: dedup done, delta_size=4609
R1 [P2] iter 101: dedup done, delta_size=4730
R0 [P2] iter 101: subtract done, delta_size=4578
R1 [P2] iter 101: subtract done, delta_size=4700
R1 [P2] iter 101: merge done, full_size=9558622
R0 [P2] iter 101: merge done, full_size=9520749
R0 [P2] iter 102 done: global_full_size=19079371
R1 [P2] iter 102 done: global_full_size=19079371
R0 [P2] iter 102: PRE-JOIN GPU mem: 84.5GB free / 85.1GB total | delta_size=4578 full_size=9520749
R1 [P2] iter 102: PRE-JOIN GPU mem: 84.5GB free / 85.1GB total | delta_size=4700 full_size=9558622
R0 [P2] iter 102: join done, raw=4482 result_size=4482
R1 [P2] iter 102: join done, raw=4591 result_size=4590
R0 [P2] iter 102: split done, delta_size=4492
R1 [P2] iter 102: split done, delta_size=4580
R0 [P2] iter 102: dedup done, delta_size=4489
R1 [P2] iter 102: dedup done, delta_size=4578
R0 [P2] iter 102: subtract done, delta_size=4458
R1 [P2] iter 102: subtract done, delta_size=4551
R1 [P2] iter 102: merge done, full_size=9563173
R0 [P2] iter 102: merge done, full_size=9525207
R0 [P2] iter 103 done: global_full_size=19088380
R1 [P2] iter 103 done: global_full_size=19088380
R0 [P2] iter 103: PRE-JOIN GPU mem: 84.5GB free / 85.1GB total | delta_size=4458 full_size=9525207
R1 [P2] iter 103: PRE-JOIN GPU mem: 84.5GB free / 85.1GB total | delta_size=4551 full_size=9563173
R0 [P2] iter 103: join done, raw=4367 result_size=4367
R1 [P2] iter 103: join done, raw=4451 result_size=4450
R0 [P2] iter 103: split done, delta_size=4364
R1 [P2] iter 103: split done, delta_size=4453
R0 [P2] iter 103: dedup done, delta_size=4361
R1 [P2] iter 103: dedup done, delta_size=4451
R0 [P2] iter 103: subtract done, delta_size=4331
R1 [P2] iter 103: subtract done, delta_size=4427
R1 [P2] iter 103: merge done, full_size=9567600
R0 [P2] iter 103: merge done, full_size=9529538
R0 [P2] iter 104 done: global_full_size=19097138
R1 [P2] iter 104 done: global_full_size=19097138
R0 [P2] iter 104: PRE-JOIN GPU mem: 84.5GB free / 85.1GB total | delta_size=4331 full_size=9529538
R1 [P2] iter 104: PRE-JOIN GPU mem: 84.5GB free / 85.1GB total | delta_size=4427 full_size=9567600
R0 [P2] iter 104: join done, raw=4246 result_size=4246
R1 [P2] iter 104: join done, raw=4328 result_size=4327
R0 [P2] iter 104: split done, delta_size=4240
R1 [P2] iter 104: split done, delta_size=4333
R0 [P2] iter 104: dedup done, delta_size=4237
R1 [P2] iter 104: dedup done, delta_size=4331
R0 [P2] iter 104: subtract done, delta_size=4208
R1 [P2] iter 104: subtract done, delta_size=4307
R1 [P2] iter 104: merge done, full_size=9571907
R0 [P2] iter 104: merge done, full_size=9533746
R0 [P2] iter 105 done: global_full_size=19105653
R1 [P2] iter 105 done: global_full_size=19105653
R0 [P2] iter 105: PRE-JOIN GPU mem: 84.5GB free / 85.1GB total | delta_size=4208 full_size=9533746
R1 [P2] iter 105: PRE-JOIN GPU mem: 84.5GB free / 85.1GB total | delta_size=4307 full_size=9571907
R0 [P2] iter 105: join done, raw=4129 result_size=4129
R1 [P2] iter 105: join done, raw=4211 result_size=4210
R0 [P2] iter 105: split done, delta_size=4122
R1 [P2] iter 105: split done, delta_size=4217
R0 [P2] iter 105: dedup done, delta_size=4119
R1 [P2] iter 105: dedup done, delta_size=4215
R0 [P2] iter 105: subtract done, delta_size=4091
R1 [P2] iter 105: subtract done, delta_size=4193
R1 [P2] iter 105: merge done, full_size=9576100
R0 [P2] iter 105: merge done, full_size=9537837
R0 [P2] iter 106 done: global_full_size=19113937
R1 [P2] iter 106 done: global_full_size=19113937
R0 [P2] iter 106: PRE-JOIN GPU mem: 84.5GB free / 85.1GB total | delta_size=4091 full_size=9537837
R1 [P2] iter 106: PRE-JOIN GPU mem: 84.5GB free / 85.1GB total | delta_size=4193 full_size=9576100
R0 [P2] iter 106: join done, raw=4017 result_size=4017
R1 [P2] iter 106: join done, raw=4091 result_size=4090
R0 [P2] iter 106: split done, delta_size=4002
R1 [P2] iter 106: split done, delta_size=4105
R0 [P2] iter 106: dedup done, delta_size=3999
R1 [P2] iter 106: dedup done, delta_size=4103
R0 [P2] iter 106: subtract done, delta_size=3971
R1 [P2] iter 106: subtract done, delta_size=4081
R1 [P2] iter 106: merge done, full_size=9580181
R0 [P2] iter 106: merge done, full_size=9541808
R0 [P2] iter 107 done: global_full_size=19121989
R1 [P2] iter 107 done: global_full_size=19121989
R0 [P2] iter 107: PRE-JOIN GPU mem: 84.5GB free / 85.1GB total | delta_size=3971 full_size=9541808
R1 [P2] iter 107: PRE-JOIN GPU mem: 84.5GB free / 85.1GB total | delta_size=4081 full_size=9580181
R0 [P2] iter 107: join done, raw=3909 result_size=3909
R1 [P2] iter 107: join done, raw=3980 result_size=3979
R0 [P2] iter 107: split done, delta_size=3902
R1 [P2] iter 107: split done, delta_size=3986
R0 [P2] iter 107: dedup done, delta_size=3899
R1 [P2] iter 107: dedup done, delta_size=3984
R0 [P2] iter 107: subtract done, delta_size=3871
R1 [P2] iter 107: subtract done, delta_size=3962
R1 [P2] iter 107: merge done, full_size=9584143
R0 [P2] iter 107: merge done, full_size=9545679
R0 [P2] iter 108 done: global_full_size=19129822
R1 [P2] iter 108 done: global_full_size=19129822
R0 [P2] iter 108: PRE-JOIN GPU mem: 84.5GB free / 85.1GB total | delta_size=3871 full_size=9545679
R1 [P2] iter 108: PRE-JOIN GPU mem: 84.5GB free / 85.1GB total | delta_size=3962 full_size=9584143
R0 [P2] iter 108: join done, raw=3810 result_size=3810
R1 [P2] iter 108: join done, raw=3851 result_size=3850
R0 [P2] iter 108: split done, delta_size=3782
R1 [P2] iter 108: split done, delta_size=3878
R0 [P2] iter 108: dedup done, delta_size=3782
R1 [P2] iter 108: dedup done, delta_size=3877
R0 [P2] iter 108: subtract done, delta_size=3756
R1 [P2] iter 108: subtract done, delta_size=3857
R1 [P2] iter 108: merge done, full_size=9588000
R0 [P2] iter 108: merge done, full_size=9549435
R0 [P2] iter 109 done: global_full_size=19137435
R1 [P2] iter 109 done: global_full_size=19137435
R0 [P2] iter 109: PRE-JOIN GPU mem: 84.5GB free / 85.1GB total | delta_size=3756 full_size=9549435
R1 [P2] iter 109: PRE-JOIN GPU mem: 84.5GB free / 85.1GB total | delta_size=3857 full_size=9588000
R0 [P2] iter 109: join done, raw=3697 result_size=3697
R1 [P2] iter 109: join done, raw=3753 result_size=3752
R0 [P2] iter 109: split done, delta_size=3679
R1 [P2] iter 109: split done, delta_size=3770
R0 [P2] iter 109: dedup done, delta_size=3679
R1 [P2] iter 109: dedup done, delta_size=3769
R0 [P2] iter 109: subtract done, delta_size=3655
R1 [P2] iter 109: subtract done, delta_size=3750
R1 [P2] iter 109: merge done, full_size=9591750
R0 [P2] iter 109: merge done, full_size=9553090
R0 [P2] iter 110 done: global_full_size=19144840
R1 [P2] iter 110 done: global_full_size=19144840
R0 [P2] iter 110: PRE-JOIN GPU mem: 84.5GB free / 85.1GB total | delta_size=3655 full_size=9553090
R1 [P2] iter 110: PRE-JOIN GPU mem: 84.5GB free / 85.1GB total | delta_size=3750 full_size=9591750
R0 [P2] iter 110: join done, raw=3594 result_size=3594
R1 [P2] iter 110: join done, raw=3648 result_size=3647
R1 [P2] iter 110: split done, delta_size=3679
R0 [P2] iter 110: split done, delta_size=3562
R0 [P2] iter 110: dedup done, delta_size=3562
R1 [P2] iter 110: dedup done, delta_size=3678
R0 [P2] iter 110: subtract done, delta_size=3539
R1 [P2] iter 110: subtract done, delta_size=3660
R0 [P2] iter 110: merge done, full_size=9556629
R0 [P2] iter 111 done: global_full_size=19152039
R1 [P2] iter 110: merge done, full_size=9595410
R1 [P2] iter 111 done: global_full_size=19152039
R0 [P2] iter 111: PRE-JOIN GPU mem: 84.5GB free / 85.1GB total | delta_size=3539 full_size=9556629
R1 [P2] iter 111: PRE-JOIN GPU mem: 84.5GB free / 85.1GB total | delta_size=3660 full_size=9595410
R0 [P2] iter 111: join done, raw=3476 result_size=3476
R1 [P2] iter 111: join done, raw=3566 result_size=3565
R0 [P2] iter 111: split done, delta_size=3472
R1 [P2] iter 111: split done, delta_size=3569
R0 [P2] iter 111: dedup done, delta_size=3472
R1 [P2] iter 111: dedup done, delta_size=3568
R0 [P2] iter 111: subtract done, delta_size=3450
R1 [P2] iter 111: subtract done, delta_size=3552
R0 [P2] iter 111: merge done, full_size=9560079
R0 [P2] iter 112 done: global_full_size=19159041
R1 [P2] iter 111: merge done, full_size=9598962
R1 [P2] iter 112 done: global_full_size=19159041
R0 [P2] iter 112: PRE-JOIN GPU mem: 84.5GB free / 85.1GB total | delta_size=3450 full_size=9560079
R1 [P2] iter 112: PRE-JOIN GPU mem: 84.5GB free / 85.1GB total | delta_size=3552 full_size=9598962
R0 [P2] iter 112: join done, raw=3392 result_size=3392
R1 [P2] iter 112: join done, raw=3466 result_size=3465
R0 [P2] iter 112: split done, delta_size=3383
R1 [P2] iter 112: split done, delta_size=3474
R0 [P2] iter 112: dedup done, delta_size=3383
R1 [P2] iter 112: dedup done, delta_size=3473
R0 [P2] iter 112: subtract done, delta_size=3364
R1 [P2] iter 112: subtract done, delta_size=3457
R1 [P2] iter 112: merge done, full_size=9602419
R0 [P2] iter 112: merge done, full_size=9563443
R0 [P2] iter 113 done: global_full_size=19165862
R1 [P2] iter 113 done: global_full_size=19165862
R0 [P2] iter 113: PRE-JOIN GPU mem: 84.5GB free / 85.1GB total | delta_size=3364 full_size=9563443
R1 [P2] iter 113: PRE-JOIN GPU mem: 84.5GB free / 85.1GB total | delta_size=3457 full_size=9602419
R0 [P2] iter 113: join done, raw=3314 result_size=3314
R1 [P2] iter 113: join done, raw=3380 result_size=3379
R0 [P2] iter 113: split done, delta_size=3297
R1 [P2] iter 113: split done, delta_size=3396
R0 [P2] iter 113: dedup done, delta_size=3297
R1 [P2] iter 113: dedup done, delta_size=3395
R0 [P2] iter 113: subtract done, delta_size=3278
R1 [P2] iter 113: subtract done, delta_size=3380
R1 [P2] iter 113: merge done, full_size=9605799
R0 [P2] iter 113: merge done, full_size=9566721
R0 [P2] iter 114 done: global_full_size=19172520
R1 [P2] iter 114 done: global_full_size=19172520
R0 [P2] iter 114: PRE-JOIN GPU mem: 84.5GB free / 85.1GB total | delta_size=3278 full_size=9566721
R1 [P2] iter 114: PRE-JOIN GPU mem: 84.5GB free / 85.1GB total | delta_size=3380 full_size=9605799
R0 [P2] iter 114: join done, raw=3236 result_size=3236
R1 [P2] iter 114: join done, raw=3302 result_size=3301
R0 [P2] iter 114: split done, delta_size=3217
R1 [P2] iter 114: split done, delta_size=3320
R0 [P2] iter 114: dedup done, delta_size=3217
R1 [P2] iter 114: dedup done, delta_size=3319
R0 [P2] iter 114: subtract done, delta_size=3200
R1 [P2] iter 114: subtract done, delta_size=3304
R1 [P2] iter 114: merge done, full_size=9609103
R0 [P2] iter 114: merge done, full_size=9569921
R0 [P2] iter 115 done: global_full_size=19179024
R1 [P2] iter 115 done: global_full_size=19179024
R0 [P2] iter 115: PRE-JOIN GPU mem: 84.5GB free / 85.1GB total | delta_size=3200 full_size=9569921
R1 [P2] iter 115: PRE-JOIN GPU mem: 84.5GB free / 85.1GB total | delta_size=3304 full_size=9609103
R0 [P2] iter 115: join done, raw=3157 result_size=3157
R1 [P2] iter 115: join done, raw=3225 result_size=3224
R0 [P2] iter 115: split done, delta_size=3128
R1 [P2] iter 115: split done, delta_size=3253
R0 [P2] iter 115: dedup done, delta_size=3128
R1 [P2] iter 115: dedup done, delta_size=3252
R0 [P2] iter 115: subtract done, delta_size=3111
R1 [P2] iter 115: subtract done, delta_size=3238
R1 [P2] iter 115: merge done, full_size=9612341
R0 [P2] iter 115: merge done, full_size=9573032
R0 [P2] iter 116 done: global_full_size=19185373
R1 [P2] iter 116 done: global_full_size=19185373
R0 [P2] iter 116: PRE-JOIN GPU mem: 84.5GB free / 85.1GB total | delta_size=3111 full_size=9573032
R1 [P2] iter 116: PRE-JOIN GPU mem: 84.5GB free / 85.1GB total | delta_size=3238 full_size=9612341
R0 [P2] iter 116: join done, raw=3067 result_size=3067
R1 [P2] iter 116: join done, raw=3156 result_size=3155
R0 [P2] iter 116: split done, delta_size=3045
R1 [P2] iter 116: split done, delta_size=3177
R0 [P2] iter 116: dedup done, delta_size=3045
R1 [P2] iter 116: dedup done, delta_size=3176
R0 [P2] iter 116: subtract done, delta_size=3029
R1 [P2] iter 116: subtract done, delta_size=3162
R1 [P2] iter 116: merge done, full_size=9615503
R0 [P2] iter 116: merge done, full_size=9576061
R0 [P2] iter 117 done: global_full_size=19191564
R1 [P2] iter 117 done: global_full_size=19191564
R0 [P2] iter 117: PRE-JOIN GPU mem: 84.5GB free / 85.1GB total | delta_size=3029 full_size=9576061
R1 [P2] iter 117: PRE-JOIN GPU mem: 84.5GB free / 85.1GB total | delta_size=3162 full_size=9615503
R0 [P2] iter 117: join done, raw=2994 result_size=2994
R1 [P2] iter 117: join done, raw=3079 result_size=3078
R0 [P2] iter 117: split done, delta_size=2960
R1 [P2] iter 117: split done, delta_size=3112
R0 [P2] iter 117: dedup done, delta_size=2960
R1 [P2] iter 117: dedup done, delta_size=3111
R0 [P2] iter 117: subtract done, delta_size=2944
R1 [P2] iter 117: subtract done, delta_size=3097
R1 [P2] iter 117: merge done, full_size=9618600
R0 [P2] iter 117: merge done, full_size=9579005
R0 [P2] iter 118 done: global_full_size=19197605
R1 [P2] iter 118 done: global_full_size=19197605
R0 [P2] iter 118: PRE-JOIN GPU mem: 84.5GB free / 85.1GB total | delta_size=2944 full_size=9579005
R1 [P2] iter 118: PRE-JOIN GPU mem: 84.5GB free / 85.1GB total | delta_size=3097 full_size=9618600
R0 [P2] iter 118: join done, raw=2910 result_size=2910
R1 [P2] iter 118: join done, raw=3020 result_size=3019
R0 [P2] iter 118: split done, delta_size=2896
R1 [P2] iter 118: split done, delta_size=3033
R0 [P2] iter 118: dedup done, delta_size=2896
R1 [P2] iter 118: dedup done, delta_size=3032
R0 [P2] iter 118: subtract done, delta_size=2880
R1 [P2] iter 118: subtract done, delta_size=3018
R0 [P2] iter 118: merge done, full_size=9581885
R0 [P2] iter 119 done: global_full_size=19203503
R1 [P2] iter 118: merge done, full_size=9621618
R1 [P2] iter 119 done: global_full_size=19203503
R0 [P2] iter 119: PRE-JOIN GPU mem: 84.5GB free / 85.1GB total | delta_size=2880 full_size=9581885
R1 [P2] iter 119: PRE-JOIN GPU mem: 84.5GB free / 85.1GB total | delta_size=3018 full_size=9621618
R0 [P2] iter 119: join done, raw=2838 result_size=2838
R1 [P2] iter 119: join done, raw=2932 result_size=2931
R0 [P2] iter 119: split done, delta_size=2808
R1 [P2] iter 119: split done, delta_size=2961
R0 [P2] iter 119: dedup done, delta_size=2808
R1 [P2] iter 119: dedup done, delta_size=2960
R0 [P2] iter 119: subtract done, delta_size=2794
R1 [P2] iter 119: subtract done, delta_size=2946
R0 [P2] iter 119: merge done, full_size=9584679
R0 [P2] iter 120 done: global_full_size=19209243
R1 [P2] iter 119: merge done, full_size=9624564
R1 [P2] iter 120 done: global_full_size=19209243
R0 [P2] iter 120: PRE-JOIN GPU mem: 84.5GB free / 85.1GB total | delta_size=2794 full_size=9584679
R1 [P2] iter 120: PRE-JOIN GPU mem: 84.5GB free / 85.1GB total | delta_size=2946 full_size=9624564
R0 [P2] iter 120: join done, raw=2748 result_size=2748
R1 [P2] iter 120: join done, raw=2862 result_size=2861
R0 [P2] iter 120: split done, delta_size=2728
R1 [P2] iter 120: split done, delta_size=2881
R0 [P2] iter 120: dedup done, delta_size=2728
R1 [P2] iter 120: dedup done, delta_size=2880
R0 [P2] iter 120: subtract done, delta_size=2714
R1 [P2] iter 120: subtract done, delta_size=2866
R1 [P2] iter 120: merge done, full_size=9627430
R0 [P2] iter 120: merge done, full_size=9587393
R0 [P2] iter 121 done: global_full_size=19214823
R1 [P2] iter 121 done: global_full_size=19214823
R0 [P2] iter 121: PRE-JOIN GPU mem: 84.5GB free / 85.1GB total | delta_size=2714 full_size=9587393
R1 [P2] iter 121: PRE-JOIN GPU mem: 84.5GB free / 85.1GB total | delta_size=2866 full_size=9627430
R0 [P2] iter 121: join done, raw=2662 result_size=2662
R1 [P2] iter 121: join done, raw=2788 result_size=2787
R0 [P2] iter 121: split done, delta_size=2647
R1 [P2] iter 121: split done, delta_size=2802
R0 [P2] iter 121: dedup done, delta_size=2647
R1 [P2] iter 121: dedup done, delta_size=2801
R0 [P2] iter 121: subtract done, delta_size=2633
R1 [P2] iter 121: subtract done, delta_size=2787
R1 [P2] iter 121: merge done, full_size=9630217
R0 [P2] iter 121: merge done, full_size=9590026
R0 [P2] iter 122 done: global_full_size=19220243
R1 [P2] iter 122 done: global_full_size=19220243
R0 [P2] iter 122: PRE-JOIN GPU mem: 84.5GB free / 85.1GB total | delta_size=2633 full_size=9590026
R1 [P2] iter 122: PRE-JOIN GPU mem: 84.5GB free / 85.1GB total | delta_size=2787 full_size=9630217
R0 [P2] iter 122: join done, raw=2578 result_size=2578
R1 [P2] iter 122: join done, raw=2711 result_size=2710
R0 [P2] iter 122: split done, delta_size=2574
R1 [P2] iter 122: split done, delta_size=2714
R0 [P2] iter 122: dedup done, delta_size=2574
R1 [P2] iter 122: dedup done, delta_size=2713
R0 [P2] iter 122: subtract done, delta_size=2563
R1 [P2] iter 122: subtract done, delta_size=2700
R1 [P2] iter 122: merge done, full_size=9632917
R0 [P2] iter 122: merge done, full_size=9592589
R0 [P2] iter 123 done: global_full_size=19225506
R1 [P2] iter 123 done: global_full_size=19225506
R0 [P2] iter 123: PRE-JOIN GPU mem: 84.5GB free / 85.1GB total | delta_size=2563 full_size=9592589
R1 [P2] iter 123: PRE-JOIN GPU mem: 84.5GB free / 85.1GB total | delta_size=2700 full_size=9632917
R0 [P2] iter 123: join done, raw=2512 result_size=2512
R1 [P2] iter 123: join done, raw=2631 result_size=2630
R0 [P2] iter 123: split done, delta_size=2500
R1 [P2] iter 123: split done, delta_size=2642
R0 [P2] iter 123: dedup done, delta_size=2500
R1 [P2] iter 123: dedup done, delta_size=2641
R0 [P2] iter 123: subtract done, delta_size=2489
R1 [P2] iter 123: subtract done, delta_size=2629
R0 [P2] iter 123: merge done, full_size=9595078
R0 [P2] iter 124 done: global_full_size=19230624
R1 [P2] iter 123: merge done, full_size=9635546
R1 [P2] iter 124 done: global_full_size=19230624
R0 [P2] iter 124: PRE-JOIN GPU mem: 84.5GB free / 85.1GB total | delta_size=2489 full_size=9595078
R1 [P2] iter 124: PRE-JOIN GPU mem: 84.5GB free / 85.1GB total | delta_size=2629 full_size=9635546
R0 [P2] iter 124: join done, raw=2445 result_size=2445
R1 [P2] iter 124: join done, raw=2564 result_size=2563
R0 [P2] iter 124: split done, delta_size=2435
R1 [P2] iter 124: split done, delta_size=2573
R0 [P2] iter 124: dedup done, delta_size=2435
R1 [P2] iter 124: dedup done, delta_size=2572
R0 [P2] iter 124: subtract done, delta_size=2424
R1 [P2] iter 124: subtract done, delta_size=2560
R0 [P2] iter 124: merge done, full_size=9597502
R0 [P2] iter 125 done: global_full_size=19235608
R1 [P2] iter 124: merge done, full_size=9638106
R1 [P2] iter 125 done: global_full_size=19235608
R0 [P2] iter 125: PRE-JOIN GPU mem: 84.5GB free / 85.1GB total | delta_size=2424 full_size=9597502
R1 [P2] iter 125: PRE-JOIN GPU mem: 84.5GB free / 85.1GB total | delta_size=2560 full_size=9638106
R0 [P2] iter 125: join done, raw=2386 result_size=2386
R1 [P2] iter 125: join done, raw=2496 result_size=2495
R0 [P2] iter 125: split done, delta_size=2377
R1 [P2] iter 125: split done, delta_size=2504
R0 [P2] iter 125: dedup done, delta_size=2377
R1 [P2] iter 125: dedup done, delta_size=2503
R0 [P2] iter 125: subtract done, delta_size=2367
R1 [P2] iter 125: subtract done, delta_size=2491
R1 [P2] iter 125: merge done, full_size=9640597
R0 [P2] iter 125: merge done, full_size=9599869
R0 [P2] iter 126 done: global_full_size=19240466
R1 [P2] iter 126 done: global_full_size=19240466
R0 [P2] iter 126: PRE-JOIN GPU mem: 84.5GB free / 85.1GB total | delta_size=2367 full_size=9599869
R1 [P2] iter 126: PRE-JOIN GPU mem: 84.5GB free / 85.1GB total | delta_size=2491 full_size=9640597
R1 [P2] iter 126: join done, raw=2430 result_size=2429
R0 [P2] iter 126: join done, raw=2331 result_size=2331
R0 [P2] iter 126: split done, delta_size=2326
R1 [P2] iter 126: split done, delta_size=2434
R1 [P2] iter 126: dedup done, delta_size=2433
R0 [P2] iter 126: dedup done, delta_size=2326
R1 [P2] iter 126: subtract done, delta_size=2421
R0 [P2] iter 126: subtract done, delta_size=2316
R0 [P2] iter 126: merge done, full_size=9602185
R0 [P2] iter 127 done: global_full_size=19245203
R1 [P2] iter 126: merge done, full_size=9643018
R1 [P2] iter 127 done: global_full_size=19245203
R0 [P2] iter 127: PRE-JOIN GPU mem: 84.5GB free / 85.1GB total | delta_size=2316 full_size=9602185
R1 [P2] iter 127: PRE-JOIN GPU mem: 84.5GB free / 85.1GB total | delta_size=2421 full_size=9643018
R0 [P2] iter 127: join done, raw=2280 result_size=2280
R1 [P2] iter 127: join done, raw=2356 result_size=2355
R0 [P2] iter 127: split done, delta_size=2269
R1 [P2] iter 127: split done, delta_size=2366
R0 [P2] iter 127: dedup done, delta_size=2269
R1 [P2] iter 127: dedup done, delta_size=2365
R0 [P2] iter 127: subtract done, delta_size=2260
R1 [P2] iter 127: subtract done, delta_size=2353
R1 [P2] iter 127: merge done, full_size=9645371
R0 [P2] iter 127: merge done, full_size=9604445
R0 [P2] iter 128 done: global_full_size=19249816
R1 [P2] iter 128 done: global_full_size=19249816
R0 [P2] iter 128: PRE-JOIN GPU mem: 84.5GB free / 85.1GB total | delta_size=2260 full_size=9604445
R1 [P2] iter 128: PRE-JOIN GPU mem: 84.5GB free / 85.1GB total | delta_size=2353 full_size=9645371
R0 [P2] iter 128: join done, raw=2225 result_size=2225
R1 [P2] iter 128: join done, raw=2293 result_size=2292
R0 [P2] iter 128: split done, delta_size=2208
R1 [P2] iter 128: split done, delta_size=2309
R0 [P2] iter 128: dedup done, delta_size=2208
R1 [P2] iter 128: dedup done, delta_size=2308
R0 [P2] iter 128: subtract done, delta_size=2199
R1 [P2] iter 128: subtract done, delta_size=2296
R1 [P2] iter 128: merge done, full_size=9647667
R0 [P2] iter 128: merge done, full_size=9606644
R0 [P2] iter 129 done: global_full_size=19254311
R1 [P2] iter 129 done: global_full_size=19254311
R0 [P2] iter 129: PRE-JOIN GPU mem: 84.5GB free / 85.1GB total | delta_size=2199 full_size=9606644
R1 [P2] iter 129: PRE-JOIN GPU mem: 84.5GB free / 85.1GB total | delta_size=2296 full_size=9647667
R0 [P2] iter 129: join done, raw=2167 result_size=2167
R1 [P2] iter 129: join done, raw=2236 result_size=2235
R0 [P2] iter 129: split done, delta_size=2136
R1 [P2] iter 129: split done, delta_size=2266
R0 [P2] iter 129: dedup done, delta_size=2136
R1 [P2] iter 129: dedup done, delta_size=2265
R0 [P2] iter 129: subtract done, delta_size=2128
R1 [P2] iter 129: subtract done, delta_size=2254
R0 [P2] iter 129: merge done, full_size=9608772
R0 [P2] iter 130 done: global_full_size=19258693
R1 [P2] iter 129: merge done, full_size=9649921
R1 [P2] iter 130 done: global_full_size=19258693
R0 [P2] iter 130: PRE-JOIN GPU mem: 84.5GB free / 85.1GB total | delta_size=2128 full_size=9608772
R1 [P2] iter 130: PRE-JOIN GPU mem: 84.5GB free / 85.1GB total | delta_size=2254 full_size=9649921
R0 [P2] iter 130: join done, raw=2102 result_size=2102
R1 [P2] iter 130: join done, raw=2190 result_size=2189
R0 [P2] iter 130: split done, delta_size=2086
R1 [P2] iter 130: split done, delta_size=2205
R0 [P2] iter 130: dedup done, delta_size=2086
R1 [P2] iter 130: dedup done, delta_size=2204
R0 [P2] iter 130: subtract done, delta_size=2078
R1 [P2] iter 130: subtract done, delta_size=2194
R0 [P2] iter 130: merge done, full_size=9610850
R0 [P2] iter 131 done: global_full_size=19262965
R1 [P2] iter 130: merge done, full_size=9652115
R1 [P2] iter 131 done: global_full_size=19262965
R0 [P2] iter 131: PRE-JOIN GPU mem: 84.5GB free / 85.1GB total | delta_size=2078 full_size=9610850
R1 [P2] iter 131: PRE-JOIN GPU mem: 84.5GB free / 85.1GB total | delta_size=2194 full_size=9652115
R0 [P2] iter 131: join done, raw=2052 result_size=2052
R1 [P2] iter 131: join done, raw=2137 result_size=2136
R0 [P2] iter 131: split done, delta_size=2045
R1 [P2] iter 131: split done, delta_size=2143
R0 [P2] iter 131: dedup done, delta_size=2045
R1 [P2] iter 131: dedup done, delta_size=2142
R0 [P2] iter 131: subtract done, delta_size=2037
R1 [P2] iter 131: subtract done, delta_size=2132
R0 [P2] iter 131: merge done, full_size=9612887
R0 [P2] iter 132 done: global_full_size=19267134
R1 [P2] iter 131: merge done, full_size=9654247
R1 [P2] iter 132 done: global_full_size=19267134
R0 [P2] iter 132: PRE-JOIN GPU mem: 84.5GB free / 85.1GB total | delta_size=2037 full_size=9612887
R1 [P2] iter 132: PRE-JOIN GPU mem: 84.5GB free / 85.1GB total | delta_size=2132 full_size=9654247
R0 [P2] iter 132: join done, raw=2017 result_size=2017
R1 [P2] iter 132: join done, raw=2081 result_size=2080
R0 [P2] iter 132: split done, delta_size=2000
R1 [P2] iter 132: split done, delta_size=2097
R0 [P2] iter 132: dedup done, delta_size=2000
R1 [P2] iter 132: dedup done, delta_size=2097
R0 [P2] iter 132: subtract done, delta_size=1992
R1 [P2] iter 132: subtract done, delta_size=2087
R0 [P2] iter 132: merge done, full_size=9614879
R0 [P2] iter 133 done: global_full_size=19271213
R1 [P2] iter 132: merge done, full_size=9656334
R1 [P2] iter 133 done: global_full_size=19271213
R0 [P2] iter 133: PRE-JOIN GPU mem: 84.5GB free / 85.1GB total | delta_size=1992 full_size=9614879
R1 [P2] iter 133: PRE-JOIN GPU mem: 84.5GB free / 85.1GB total | delta_size=2087 full_size=9656334
R0 [P2] iter 133: join done, raw=1975 result_size=1975
R1 [P2] iter 133: join done, raw=2038 result_size=2038
R0 [P2] iter 133: split done, delta_size=1944
R1 [P2] iter 133: split done, delta_size=2069
R0 [P2] iter 133: dedup done, delta_size=1944
R1 [P2] iter 133: dedup done, delta_size=2069
R0 [P2] iter 133: subtract done, delta_size=1937
R1 [P2] iter 133: subtract done, delta_size=2059
R1 [P2] iter 133: merge done, full_size=9658393
R0 [P2] iter 133: merge done, full_size=9616816
R0 [P2] iter 134 done: global_full_size=19275209
R1 [P2] iter 134 done: global_full_size=19275209
R0 [P2] iter 134: PRE-JOIN GPU mem: 84.5GB free / 85.1GB total | delta_size=1937 full_size=9616816
R1 [P2] iter 134: PRE-JOIN GPU mem: 84.5GB free / 85.1GB total | delta_size=2059 full_size=9658393
R0 [P2] iter 134: join done, raw=1918 result_size=1918
R1 [P2] iter 134: join done, raw=2010 result_size=2010
R0 [P2] iter 134: split done, delta_size=1906
R1 [P2] iter 134: split done, delta_size=2022
R0 [P2] iter 134: dedup done, delta_size=1906
R1 [P2] iter 134: dedup done, delta_size=2022
R0 [P2] iter 134: subtract done, delta_size=1899
R1 [P2] iter 134: subtract done, delta_size=2012
R1 [P2] iter 134: merge done, full_size=9660405
R0 [P2] iter 134: merge done, full_size=9618715
R0 [P2] iter 135 done: global_full_size=19279120
R1 [P2] iter 135 done: global_full_size=19279120
R0 [P2] iter 135: PRE-JOIN GPU mem: 84.5GB free / 85.1GB total | delta_size=1899 full_size=9618715
R1 [P2] iter 135: PRE-JOIN GPU mem: 84.5GB free / 85.1GB total | delta_size=2012 full_size=9660405
R0 [P2] iter 135: join done, raw=1879 result_size=1879
R1 [P2] iter 135: join done, raw=1961 result_size=1961
R0 [P2] iter 135: split done, delta_size=1861
R1 [P2] iter 135: split done, delta_size=1979
R0 [P2] iter 135: dedup done, delta_size=1861
R1 [P2] iter 135: dedup done, delta_size=1979
R0 [P2] iter 135: subtract done, delta_size=1854
R1 [P2] iter 135: subtract done, delta_size=1969
R1 [P2] iter 135: merge done, full_size=9662374
R0 [P2] iter 135: merge done, full_size=9620569
R0 [P2] iter 136 done: global_full_size=19282943
R1 [P2] iter 136 done: global_full_size=19282943
R0 [P2] iter 136: PRE-JOIN GPU mem: 84.5GB free / 85.1GB total | delta_size=1854 full_size=9620569
R1 [P2] iter 136: PRE-JOIN GPU mem: 84.5GB free / 85.1GB total | delta_size=1969 full_size=9662374
R0 [P2] iter 136: join done, raw=1835 result_size=1835
R1 [P2] iter 136: join done, raw=1919 result_size=1919
R0 [P2] iter 136: split done, delta_size=1812
R1 [P2] iter 136: split done, delta_size=1942
R0 [P2] iter 136: dedup done, delta_size=1812
R1 [P2] iter 136: dedup done, delta_size=1942
R0 [P2] iter 136: subtract done, delta_size=1806
R1 [P2] iter 136: subtract done, delta_size=1932
R1 [P2] iter 136: merge done, full_size=9664306
R0 [P2] iter 136: merge done, full_size=9622375
R0 [P2] iter 137 done: global_full_size=19286681
R1 [P2] iter 137 done: global_full_size=19286681
R0 [P2] iter 137: PRE-JOIN GPU mem: 84.5GB free / 85.1GB total | delta_size=1806 full_size=9622375
R1 [P2] iter 137: PRE-JOIN GPU mem: 84.5GB free / 85.1GB total | delta_size=1932 full_size=9664306
R0 [P2] iter 137: join done, raw=1787 result_size=1787
R1 [P2] iter 137: join done, raw=1882 result_size=1882
R0 [P2] iter 137: split done, delta_size=1777
R1 [P2] iter 137: split done, delta_size=1892
R0 [P2] iter 137: dedup done, delta_size=1777
R1 [P2] iter 137: dedup done, delta_size=1892
R0 [P2] iter 137: subtract done, delta_size=1771
R1 [P2] iter 137: subtract done, delta_size=1881
R0 [P2] iter 137: merge done, full_size=9624146
R0 [P2] iter 138 done: global_full_size=19290333
R1 [P2] iter 137: merge done, full_size=9666187
R1 [P2] iter 138 done: global_full_size=19290333
R0 [P2] iter 138: PRE-JOIN GPU mem: 84.5GB free / 85.1GB total | delta_size=1771 full_size=9624146
R1 [P2] iter 138: PRE-JOIN GPU mem: 84.5GB free / 85.1GB total | delta_size=1881 full_size=9666187
R0 [P2] iter 138: join done, raw=1752 result_size=1752
R1 [P2] iter 138: join done, raw=1833 result_size=1833
R0 [P2] iter 138: split done, delta_size=1737
R1 [P2] iter 138: split done, delta_size=1848
R0 [P2] iter 138: dedup done, delta_size=1737
R1 [P2] iter 138: dedup done, delta_size=1848
R0 [P2] iter 138: subtract done, delta_size=1731
R1 [P2] iter 138: subtract done, delta_size=1837
R1 [P2] iter 138: merge done, full_size=9668024
R0 [P2] iter 138: merge done, full_size=9625877
R0 [P2] iter 139 done: global_full_size=19293901
R1 [P2] iter 139 done: global_full_size=19293901
R0 [P2] iter 139: PRE-JOIN GPU mem: 84.5GB free / 85.1GB total | delta_size=1731 full_size=9625877
R1 [P2] iter 139: PRE-JOIN GPU mem: 84.5GB free / 85.1GB total | delta_size=1837 full_size=9668024
R0 [P2] iter 139: join done, raw=1709 result_size=1709
R1 [P2] iter 139: join done, raw=1786 result_size=1786
R0 [P2] iter 139: split done, delta_size=1693
R1 [P2] iter 139: split done, delta_size=1802
R0 [P2] iter 139: dedup done, delta_size=1693
R1 [P2] iter 139: dedup done, delta_size=1802
R0 [P2] iter 139: subtract done, delta_size=1687
R1 [P2] iter 139: subtract done, delta_size=1791
R1 [P2] iter 139: merge done, full_size=9669815
R0 [P2] iter 139: merge done, full_size=9627564
R0 [P2] iter 140 done: global_full_size=19297379
R1 [P2] iter 140 done: global_full_size=19297379
R0 [P2] iter 140: PRE-JOIN GPU mem: 84.5GB free / 85.1GB total | delta_size=1687 full_size=9627564
R1 [P2] iter 140: PRE-JOIN GPU mem: 84.5GB free / 85.1GB total | delta_size=1791 full_size=9669815
R0 [P2] iter 140: join done, raw=1665 result_size=1665
R1 [P2] iter 140: join done, raw=1742 result_size=1742
R0 [P2] iter 140: split done, delta_size=1651
R1 [P2] iter 140: split done, delta_size=1756
R0 [P2] iter 140: dedup done, delta_size=1651
R1 [P2] iter 140: dedup done, delta_size=1756
R0 [P2] iter 140: subtract done, delta_size=1645
R1 [P2] iter 140: subtract done, delta_size=1745
R0 [P2] iter 140: merge done, full_size=9629209
R0 [P2] iter 141 done: global_full_size=19300769
R1 [P2] iter 140: merge done, full_size=9671560
R1 [P2] iter 141 done: global_full_size=19300769
R0 [P2] iter 141: PRE-JOIN GPU mem: 84.5GB free / 85.1GB total | delta_size=1645 full_size=9629209
R1 [P2] iter 141: PRE-JOIN GPU mem: 84.5GB free / 85.1GB total | delta_size=1745 full_size=9671560
R0 [P2] iter 141: join done, raw=1625 result_size=1625
R1 [P2] iter 141: join done, raw=1695 result_size=1695
R0 [P2] iter 141: split done, delta_size=1615
R1 [P2] iter 141: split done, delta_size=1705
R0 [P2] iter 141: dedup done, delta_size=1615
R1 [P2] iter 141: dedup done, delta_size=1705
R0 [P2] iter 141: subtract done, delta_size=1608
R1 [P2] iter 141: subtract done, delta_size=1696
R1 [P2] iter 141: merge done, full_size=9673256
R0 [P2] iter 141: merge done, full_size=9630817
R0 [P2] iter 142 done: global_full_size=19304073
R1 [P2] iter 142 done: global_full_size=19304073
R0 [P2] iter 142: PRE-JOIN GPU mem: 84.5GB free / 85.1GB total | delta_size=1608 full_size=9630817
R1 [P2] iter 142: PRE-JOIN GPU mem: 84.5GB free / 85.1GB total | delta_size=1696 full_size=9673256
R0 [P2] iter 142: join done, raw=1592 result_size=1592
R1 [P2] iter 142: join done, raw=1646 result_size=1646
R0 [P2] iter 142: split done, delta_size=1570
R1 [P2] iter 142: split done, delta_size=1668
R0 [P2] iter 142: dedup done, delta_size=1570
R0 [P2] iter 142: subtract done, delta_size=1563
R1 [P2] iter 142: dedup done, delta_size=1668
R1 [P2] iter 142: subtract done, delta_size=1659
R1 [P2] iter 142: merge done, full_size=9674915
R0 [P2] iter 142: merge done, full_size=9632380
R0 [P2] iter 143 done: global_full_size=19307295
R1 [P2] iter 143 done: global_full_size=19307295
R0 [P2] iter 143: PRE-JOIN GPU mem: 84.5GB free / 85.1GB total | delta_size=1563 full_size=9632380
R1 [P2] iter 143: PRE-JOIN GPU mem: 84.5GB free / 85.1GB total | delta_size=1659 full_size=9674915
R0 [P2] iter 143: join done, raw=1548 result_size=1548
R1 [P2] iter 143: join done, raw=1613 result_size=1613
R0 [P2] iter 143: split done, delta_size=1526
R1 [P2] iter 143: split done, delta_size=1635
R0 [P2] iter 143: dedup done, delta_size=1526
R1 [P2] iter 143: dedup done, delta_size=1635
R0 [P2] iter 143: subtract done, delta_size=1519
R1 [P2] iter 143: subtract done, delta_size=1625
R1 [P2] iter 143: merge done, full_size=9676540
R0 [P2] iter 143: merge done, full_size=9633899
R0 [P2] iter 144 done: global_full_size=19310439
R1 [P2] iter 144 done: global_full_size=19310439
R0 [P2] iter 144: PRE-JOIN GPU mem: 84.5GB free / 85.1GB total | delta_size=1519 full_size=9633899
R1 [P2] iter 144: PRE-JOIN GPU mem: 84.5GB free / 85.1GB total | delta_size=1625 full_size=9676540
R0 [P2] iter 144: join done, raw=1505 result_size=1505
R1 [P2] iter 144: join done, raw=1581 result_size=1581
R0 [P2] iter 144: split done, delta_size=1489
R1 [P2] iter 144: split done, delta_size=1597
R0 [P2] iter 144: dedup done, delta_size=1489
R1 [P2] iter 144: dedup done, delta_size=1597
R0 [P2] iter 144: subtract done, delta_size=1482
R1 [P2] iter 144: subtract done, delta_size=1587
R0 [P2] iter 144: merge done, full_size=9635381
R0 [P2] iter 145 done: global_full_size=19313508
R1 [P2] iter 144: merge done, full_size=9678127
R1 [P2] iter 145 done: global_full_size=19313508
R0 [P2] iter 145: PRE-JOIN GPU mem: 84.5GB free / 85.1GB total | delta_size=1482 full_size=9635381
R1 [P2] iter 145: PRE-JOIN GPU mem: 84.5GB free / 85.1GB total | delta_size=1587 full_size=9678127
R0 [P2] iter 145: join done, raw=1474 result_size=1474
R1 [P2] iter 145: join done, raw=1543 result_size=1543
R0 [P2] iter 145: split done, delta_size=1461
R1 [P2] iter 145: split done, delta_size=1556
R0 [P2] iter 145: dedup done, delta_size=1461
R1 [P2] iter 145: dedup done, delta_size=1556
R0 [P2] iter 145: subtract done, delta_size=1454
R1 [P2] iter 145: subtract done, delta_size=1547
R1 [P2] iter 145: merge done, full_size=9679674
R0 [P2] iter 145: merge done, full_size=9636835
R0 [P2] iter 146 done: global_full_size=19316509
R1 [P2] iter 146 done: global_full_size=19316509
R0 [P2] iter 146: PRE-JOIN GPU mem: 84.5GB free / 85.1GB total | delta_size=1454 full_size=9636835
R1 [P2] iter 146: PRE-JOIN GPU mem: 84.5GB free / 85.1GB total | delta_size=1547 full_size=9679674
R0 [P2] iter 146: join done, raw=1446 result_size=1446
R1 [P2] iter 146: join done, raw=1507 result_size=1507
R0 [P2] iter 146: split done, delta_size=1436
R1 [P2] iter 146: split done, delta_size=1517
R0 [P2] iter 146: dedup done, delta_size=1436
R1 [P2] iter 146: dedup done, delta_size=1517
R0 [P2] iter 146: subtract done, delta_size=1429
R1 [P2] iter 146: subtract done, delta_size=1508
R0 [P2] iter 146: merge done, full_size=9638264
R0 [P2] iter 147 done: global_full_size=19319446
R1 [P2] iter 146: merge done, full_size=9681182
R1 [P2] iter 147 done: global_full_size=19319446
R0 [P2] iter 147: PRE-JOIN GPU mem: 84.5GB free / 85.1GB total | delta_size=1429 full_size=9638264
R1 [P2] iter 147: PRE-JOIN GPU mem: 84.5GB free / 85.1GB total | delta_size=1508 full_size=9681182
R0 [P2] iter 147: join done, raw=1422 result_size=1422
R1 [P2] iter 147: join done, raw=1471 result_size=1471
R0 [P2] iter 147: split done, delta_size=1408
R1 [P2] iter 147: split done, delta_size=1485
R0 [P2] iter 147: dedup done, delta_size=1408
R1 [P2] iter 147: dedup done, delta_size=1485
R0 [P2] iter 147: subtract done, delta_size=1401
R1 [P2] iter 147: subtract done, delta_size=1476
R1 [P2] iter 147: merge done, full_size=9682658
R0 [P2] iter 147: merge done, full_size=9639665
R0 [P2] iter 148 done: global_full_size=19322323
R1 [P2] iter 148 done: global_full_size=19322323
R0 [P2] iter 148: PRE-JOIN GPU mem: 84.5GB free / 85.1GB total | delta_size=1401 full_size=9639665
R1 [P2] iter 148: PRE-JOIN GPU mem: 84.5GB free / 85.1GB total | delta_size=1476 full_size=9682658
R0 [P2] iter 148: join done, raw=1394 result_size=1394
R1 [P2] iter 148: join done, raw=1439 result_size=1439
R0 [P2] iter 148: split done, delta_size=1383
R1 [P2] iter 148: split done, delta_size=1450
R0 [P2] iter 148: dedup done, delta_size=1383
R1 [P2] iter 148: dedup done, delta_size=1450
R0 [P2] iter 148: subtract done, delta_size=1376
R1 [P2] iter 148: subtract done, delta_size=1441
R1 [P2] iter 148: merge done, full_size=9684099
R0 [P2] iter 148: merge done, full_size=9641041
R0 [P2] iter 149 done: global_full_size=19325140
R1 [P2] iter 149 done: global_full_size=19325140
R0 [P2] iter 149: PRE-JOIN GPU mem: 84.5GB free / 85.1GB total | delta_size=1376 full_size=9641041
R1 [P2] iter 149: PRE-JOIN GPU mem: 84.5GB free / 85.1GB total | delta_size=1441 full_size=9684099
R0 [P2] iter 149: join done, raw=1370 result_size=1370
R1 [P2] iter 149: join done, raw=1404 result_size=1404
R0 [P2] iter 149: split done, delta_size=1351
R1 [P2] iter 149: split done, delta_size=1423
R0 [P2] iter 149: dedup done, delta_size=1351
R1 [P2] iter 149: dedup done, delta_size=1423
R0 [P2] iter 149: subtract done, delta_size=1344
R1 [P2] iter 149: subtract done, delta_size=1414
R1 [P2] iter 149: merge done, full_size=9685513
R0 [P2] iter 149: merge done, full_size=9642385
R0 [P2] iter 150 done: global_full_size=19327898
R1 [P2] iter 150 done: global_full_size=19327898
R0 [P2] iter 150: PRE-JOIN GPU mem: 84.5GB free / 85.1GB total | delta_size=1344 full_size=9642385
R1 [P2] iter 150: PRE-JOIN GPU mem: 84.5GB free / 85.1GB total | delta_size=1414 full_size=9685513
R0 [P2] iter 150: join done, raw=1339 result_size=1339
R1 [P2] iter 150: join done, raw=1378 result_size=1378
R0 [P2] iter 150: split done, delta_size=1317
R1 [P2] iter 150: split done, delta_size=1400
R0 [P2] iter 150: dedup done, delta_size=1317
R1 [P2] iter 150: dedup done, delta_size=1400
R0 [P2] iter 150: subtract done, delta_size=1310
R1 [P2] iter 150: subtract done, delta_size=1391
R1 [P2] iter 150: merge done, full_size=9686904
R0 [P2] iter 150: merge done, full_size=9643695
R0 [P2] iter 151 done: global_full_size=19330599
R1 [P2] iter 151 done: global_full_size=19330599
R0 [P2] iter 151: PRE-JOIN GPU mem: 84.5GB free / 85.1GB total | delta_size=1310 full_size=9643695
R1 [P2] iter 151: PRE-JOIN GPU mem: 84.5GB free / 85.1GB total | delta_size=1391 full_size=9686904
R0 [P2] iter 151: join done, raw=1300 result_size=1300
R1 [P2] iter 151: join done, raw=1355 result_size=1355
R0 [P2] iter 151: split done, delta_size=1283
R1 [P2] iter 151: split done, delta_size=1372
R0 [P2] iter 151: dedup done, delta_size=1283
R1 [P2] iter 151: dedup done, delta_size=1372
R0 [P2] iter 151: subtract done, delta_size=1276
R1 [P2] iter 151: subtract done, delta_size=1363
R1 [P2] iter 151: merge done, full_size=9688267
R0 [P2] iter 151: merge done, full_size=9644971
R0 [P2] iter 152 done: global_full_size=19333238
R1 [P2] iter 152 done: global_full_size=19333238
R0 [P2] iter 152: PRE-JOIN GPU mem: 84.5GB free / 85.1GB total | delta_size=1276 full_size=9644971
R1 [P2] iter 152: PRE-JOIN GPU mem: 84.5GB free / 85.1GB total | delta_size=1363 full_size=9688267
R0 [P2] iter 152: join done, raw=1265 result_size=1265
R1 [P2] iter 152: join done, raw=1324 result_size=1324
R0 [P2] iter 152: split done, delta_size=1248
R1 [P2] iter 152: split done, delta_size=1341
R0 [P2] iter 152: dedup done, delta_size=1248
R1 [P2] iter 152: dedup done, delta_size=1341
R0 [P2] iter 152: subtract done, delta_size=1241
R1 [P2] iter 152: subtract done, delta_size=1334
R1 [P2] iter 152: merge done, full_size=9689601
R0 [P2] iter 152: merge done, full_size=9646212
R0 [P2] iter 153 done: global_full_size=19335813
R1 [P2] iter 153 done: global_full_size=19335813
R0 [P2] iter 153: PRE-JOIN GPU mem: 84.5GB free / 85.1GB total | delta_size=1241 full_size=9646212
R1 [P2] iter 153: PRE-JOIN GPU mem: 84.5GB free / 85.1GB total | delta_size=1334 full_size=9689601
R0 [P2] iter 153: join done, raw=1232 result_size=1232
R1 [P2] iter 153: join done, raw=1293 result_size=1293
R0 [P2] iter 153: split done, delta_size=1214
R1 [P2] iter 153: split done, delta_size=1311
R0 [P2] iter 153: dedup done, delta_size=1214
R1 [P2] iter 153: dedup done, delta_size=1311
R0 [P2] iter 153: subtract done, delta_size=1209
R1 [P2] iter 153: subtract done, delta_size=1304
R0 [P2] iter 153: merge done, full_size=9647421
R0 [P2] iter 154 done: global_full_size=19338326
R1 [P2] iter 153: merge done, full_size=9690905
R1 [P2] iter 154 done: global_full_size=19338326
R0 [P2] iter 154: PRE-JOIN GPU mem: 84.5GB free / 85.1GB total | delta_size=1209 full_size=9647421
R1 [P2] iter 154: PRE-JOIN GPU mem: 84.5GB free / 85.1GB total | delta_size=1304 full_size=9690905
R0 [P2] iter 154: join done, raw=1199 result_size=1199
R1 [P2] iter 154: join done, raw=1263 result_size=1263
R0 [P2] iter 154: split done, delta_size=1179
R1 [P2] iter 154: split done, delta_size=1283
R0 [P2] iter 154: dedup done, delta_size=1179
R1 [P2] iter 154: dedup done, delta_size=1283
R0 [P2] iter 154: subtract done, delta_size=1174
R1 [P2] iter 154: subtract done, delta_size=1276
R1 [P2] iter 154: merge done, full_size=9692181
R0 [P2] iter 154: merge done, full_size=9648595
R0 [P2] iter 155 done: global_full_size=19340776
R1 [P2] iter 155 done: global_full_size=19340776
R0 [P2] iter 155: PRE-JOIN GPU mem: 84.5GB free / 85.1GB total | delta_size=1174 full_size=9648595
R1 [P2] iter 155: PRE-JOIN GPU mem: 84.5GB free / 85.1GB total | delta_size=1276 full_size=9692181
R0 [P2] iter 155: join done, raw=1169 result_size=1169
R1 [P2] iter 155: join done, raw=1240 result_size=1240
R0 [P2] iter 155: split done, delta_size=1161
R1 [P2] iter 155: split done, delta_size=1248
R0 [P2] iter 155: dedup done, delta_size=1161
R1 [P2] iter 155: dedup done, delta_size=1248
R0 [P2] iter 155: subtract done, delta_size=1156
R1 [P2] iter 155: subtract done, delta_size=1241
R1 [P2] iter 155: merge done, full_size=9693422
R0 [P2] iter 155: merge done, full_size=9649751
R0 [P2] iter 156 done: global_full_size=19343173
R1 [P2] iter 156 done: global_full_size=19343173
R0 [P2] iter 156: PRE-JOIN GPU mem: 84.5GB free / 85.1GB total | delta_size=1156 full_size=9649751
R1 [P2] iter 156: PRE-JOIN GPU mem: 84.5GB free / 85.1GB total | delta_size=1241 full_size=9693422
R0 [P2] iter 156: join done, raw=1152 result_size=1152
R1 [P2] iter 156: join done, raw=1208 result_size=1208
R0 [P2] iter 156: split done, delta_size=1140
R1 [P2] iter 156: split done, delta_size=1220
R0 [P2] iter 156: dedup done, delta_size=1140
R1 [P2] iter 156: dedup done, delta_size=1220
R0 [P2] iter 156: subtract done, delta_size=1135
R1 [P2] iter 156: subtract done, delta_size=1213
R0 [P2] iter 156: merge done, full_size=9650886
R0 [P2] iter 157 done: global_full_size=19345521
R1 [P2] iter 156: merge done, full_size=9694635
R1 [P2] iter 157 done: global_full_size=19345521
R0 [P2] iter 157: PRE-JOIN GPU mem: 84.5GB free / 85.1GB total | delta_size=1135 full_size=9650886
R1 [P2] iter 157: PRE-JOIN GPU mem: 84.5GB free / 85.1GB total | delta_size=1213 full_size=9694635
R0 [P2] iter 157: join done, raw=1133 result_size=1133
R1 [P2] iter 157: join done, raw=1182 result_size=1182
R0 [P2] iter 157: split done, delta_size=1118
R1 [P2] iter 157: split done, delta_size=1197
R0 [P2] iter 157: dedup done, delta_size=1118
R1 [P2] iter 157: dedup done, delta_size=1197
R0 [P2] iter 157: subtract done, delta_size=1113
R1 [P2] iter 157: subtract done, delta_size=1190
R1 [P2] iter 157: merge done, full_size=9695825
R0 [P2] iter 157: merge done, full_size=9651999
R0 [P2] iter 158 done: global_full_size=19347824
R1 [P2] iter 158 done: global_full_size=19347824
R0 [P2] iter 158: PRE-JOIN GPU mem: 84.5GB free / 85.1GB total | delta_size=1113 full_size=9651999
R1 [P2] iter 158: PRE-JOIN GPU mem: 84.5GB free / 85.1GB total | delta_size=1190 full_size=9695825
R0 [P2] iter 158: join done, raw=1109 result_size=1109
R1 [P2] iter 158: join done, raw=1159 result_size=1159
R0 [P2] iter 158: split done, delta_size=1091
R1 [P2] iter 158: split done, delta_size=1177
R0 [P2] iter 158: dedup done, delta_size=1091
R1 [P2] iter 158: dedup done, delta_size=1177
R0 [P2] iter 158: subtract done, delta_size=1086
R1 [P2] iter 158: subtract done, delta_size=1170
R0 [P2] iter 158: merge done, full_size=9653085
R0 [P2] iter 159 done: global_full_size=19350080
R1 [P2] iter 158: merge done, full_size=9696995
R1 [P2] iter 159 done: global_full_size=19350080
R0 [P2] iter 159: PRE-JOIN GPU mem: 84.5GB free / 85.1GB total | delta_size=1086 full_size=9653085
R1 [P2] iter 159: PRE-JOIN GPU mem: 84.5GB free / 85.1GB total | delta_size=1170 full_size=9696995
R0 [P2] iter 159: join done, raw=1084 result_size=1084
R1 [P2] iter 159: join done, raw=1140 result_size=1140
R0 [P2] iter 159: split done, delta_size=1074
R1 [P2] iter 159: split done, delta_size=1150
R0 [P2] iter 159: dedup done, delta_size=1074
R1 [P2] iter 159: dedup done, delta_size=1150
R0 [P2] iter 159: subtract done, delta_size=1069
R1 [P2] iter 159: subtract done, delta_size=1143
R1 [P2] iter 159: merge done, full_size=9698138
R0 [P2] iter 159: merge done, full_size=9654154
R0 [P2] iter 160 done: global_full_size=19352292
R1 [P2] iter 160 done: global_full_size=19352292
R0 [P2] iter 160: PRE-JOIN GPU mem: 84.5GB free / 85.1GB total | delta_size=1069 full_size=9654154
R1 [P2] iter 160: PRE-JOIN GPU mem: 84.5GB free / 85.1GB total | delta_size=1143 full_size=9698138
R0 [P2] iter 160: join done, raw=1067 result_size=1067
R1 [P2] iter 160: join done, raw=1112 result_size=1112
R0 [P2] iter 160: split done, delta_size=1055
R1 [P2] iter 160: split done, delta_size=1124
R0 [P2] iter 160: dedup done, delta_size=1055
R1 [P2] iter 160: dedup done, delta_size=1124
R0 [P2] iter 160: subtract done, delta_size=1050
R1 [P2] iter 160: subtract done, delta_size=1117
R1 [P2] iter 160: merge done, full_size=9699255
R0 [P2] iter 160: merge done, full_size=9655204
R0 [P2] iter 161 done: global_full_size=19354459
R1 [P2] iter 161 done: global_full_size=19354459
R0 [P2] iter 161: PRE-JOIN GPU mem: 84.5GB free / 85.1GB total | delta_size=1050 full_size=9655204
R1 [P2] iter 161: PRE-JOIN GPU mem: 84.5GB free / 85.1GB total | delta_size=1117 full_size=9699255
R0 [P2] iter 161: join done, raw=1044 result_size=1044
R1 [P2] iter 161: join done, raw=1086 result_size=1086
R0 [P2] iter 161: split done, delta_size=1032
R1 [P2] iter 161: split done, delta_size=1098
R0 [P2] iter 161: dedup done, delta_size=1032
R1 [P2] iter 161: dedup done, delta_size=1098
R0 [P2] iter 161: subtract done, delta_size=1027
R1 [P2] iter 161: subtract done, delta_size=1091
R0 [P2] iter 161: merge done, full_size=9656231
R0 [P2] iter 162 done: global_full_size=19356577
R1 [P2] iter 161: merge done, full_size=9700346
R1 [P2] iter 162 done: global_full_size=19356577
R0 [P2] iter 162: PRE-JOIN GPU mem: 84.5GB free / 85.1GB total | delta_size=1027 full_size=9656231
R1 [P2] iter 162: PRE-JOIN GPU mem: 84.5GB free / 85.1GB total | delta_size=1091 full_size=9700346
R1 [P2] iter 162: join done, raw=1060 result_size=1060
R0 [P2] iter 162: join done, raw=1021 result_size=1021
R0 [P2] iter 162: split done, delta_size=1001
R1 [P2] iter 162: split done, delta_size=1080
R1 [P2] iter 162: dedup done, delta_size=1080
R0 [P2] iter 162: dedup done, delta_size=1001
R1 [P2] iter 162: subtract done, delta_size=1073
R0 [P2] iter 162: subtract done, delta_size=996
R0 [P2] iter 162: merge done, full_size=9657227
R0 [P2] iter 163 done: global_full_size=19358646
R1 [P2] iter 162: merge done, full_size=9701419
R1 [P2] iter 163 done: global_full_size=19358646
R0 [P2] iter 163: PRE-JOIN GPU mem: 84.5GB free / 85.1GB total | delta_size=996 full_size=9657227
R1 [P2] iter 163: PRE-JOIN GPU mem: 84.5GB free / 85.1GB total | delta_size=1073 full_size=9701419
R0 [P2] iter 163: join done, raw=988 result_size=988
R1 [P2] iter 163: join done, raw=1044 result_size=1044
R0 [P2] iter 163: split done, delta_size=976
R1 [P2] iter 163: split done, delta_size=1056
R0 [P2] iter 163: dedup done, delta_size=976
R1 [P2] iter 163: dedup done, delta_size=1056
R0 [P2] iter 163: subtract done, delta_size=971
R1 [P2] iter 163: subtract done, delta_size=1049
R1 [P2] iter 163: merge done, full_size=9702468
R0 [P2] iter 163: merge done, full_size=9658198
R0 [P2] iter 164 done: global_full_size=19360666
R1 [P2] iter 164 done: global_full_size=19360666
R0 [P2] iter 164: PRE-JOIN GPU mem: 84.5GB free / 85.1GB total | delta_size=971 full_size=9658198
R1 [P2] iter 164: PRE-JOIN GPU mem: 84.5GB free / 85.1GB total | delta_size=1049 full_size=9702468
R0 [P2] iter 164: join done, raw=962 result_size=962
R1 [P2] iter 164: join done, raw=1021 result_size=1021
R0 [P2] iter 164: split done, delta_size=956
R1 [P2] iter 164: split done, delta_size=1027
R0 [P2] iter 164: dedup done, delta_size=956
R1 [P2] iter 164: dedup done, delta_size=1027
R0 [P2] iter 164: subtract done, delta_size=951
R1 [P2] iter 164: subtract done, delta_size=1020
R1 [P2] iter 164: merge done, full_size=9703488
R0 [P2] iter 164: merge done, full_size=9659149
R0 [P2] iter 165 done: global_full_size=19362637
R1 [P2] iter 165 done: global_full_size=19362637
R0 [P2] iter 165: PRE-JOIN GPU mem: 84.5GB free / 85.1GB total | delta_size=951 full_size=9659149
R1 [P2] iter 165: PRE-JOIN GPU mem: 84.5GB free / 85.1GB total | delta_size=1020 full_size=9703488
R0 [P2] iter 165: join done, raw=942 result_size=942
R1 [P2] iter 165: join done, raw=991 result_size=991
R0 [P2] iter 165: split done, delta_size=935
R1 [P2] iter 165: split done, delta_size=998
R0 [P2] iter 165: dedup done, delta_size=935
R1 [P2] iter 165: dedup done, delta_size=998
R0 [P2] iter 165: subtract done, delta_size=930
R1 [P2] iter 165: subtract done, delta_size=991
R0 [P2] iter 165: merge done, full_size=9660079
R0 [P2] iter 166 done: global_full_size=19364558
R1 [P2] iter 165: merge done, full_size=9704479
R1 [P2] iter 166 done: global_full_size=19364558
R0 [P2] iter 166: PRE-JOIN GPU mem: 84.5GB free / 85.1GB total | delta_size=930 full_size=9660079
R1 [P2] iter 166: PRE-JOIN GPU mem: 84.5GB free / 85.1GB total | delta_size=991 full_size=9704479
R0 [P2] iter 166: join done, raw=923 result_size=923
R1 [P2] iter 166: join done, raw=964 result_size=964
R0 [P2] iter 166: split done, delta_size=910
R1 [P2] iter 166: split done, delta_size=977
R0 [P2] iter 166: dedup done, delta_size=910
R1 [P2] iter 166: dedup done, delta_size=977
R0 [P2] iter 166: subtract done, delta_size=906
R1 [P2] iter 166: subtract done, delta_size=971
R1 [P2] iter 166: merge done, full_size=9705450
R0 [P2] iter 166: merge done, full_size=9660985
R0 [P2] iter 167 done: global_full_size=19366435
R1 [P2] iter 167 done: global_full_size=19366435
R0 [P2] iter 167: PRE-JOIN GPU mem: 84.5GB free / 85.1GB total | delta_size=906 full_size=9660985
R1 [P2] iter 167: PRE-JOIN GPU mem: 84.5GB free / 85.1GB total | delta_size=971 full_size=9705450
R0 [P2] iter 167: join done, raw=901 result_size=901
R1 [P2] iter 167: join done, raw=946 result_size=946
R0 [P2] iter 167: split done, delta_size=896
R1 [P2] iter 167: split done, delta_size=951
R0 [P2] iter 167: dedup done, delta_size=896
R1 [P2] iter 167: dedup done, delta_size=951
R0 [P2] iter 167: subtract done, delta_size=892
R1 [P2] iter 167: subtract done, delta_size=945
R1 [P2] iter 167: merge done, full_size=9706395
R0 [P2] iter 167: merge done, full_size=9661877
R0 [P2] iter 168 done: global_full_size=19368272
R1 [P2] iter 168 done: global_full_size=19368272
R0 [P2] iter 168: PRE-JOIN GPU mem: 84.5GB free / 85.1GB total | delta_size=892 full_size=9661877
R1 [P2] iter 168: PRE-JOIN GPU mem: 84.5GB free / 85.1GB total | delta_size=945 full_size=9706395
R0 [P2] iter 168: join done, raw=887 result_size=887
R1 [P2] iter 168: join done, raw=922 result_size=922
R0 [P2] iter 168: split done, delta_size=873
R1 [P2] iter 168: split done, delta_size=936
R0 [P2] iter 168: dedup done, delta_size=873
R1 [P2] iter 168: dedup done, delta_size=936
R0 [P2] iter 168: subtract done, delta_size=869
R1 [P2] iter 168: subtract done, delta_size=930
R0 [P2] iter 168: merge done, full_size=9662746
R0 [P2] iter 169 done: global_full_size=19370071
R1 [P2] iter 168: merge done, full_size=9707325
R1 [P2] iter 169 done: global_full_size=19370071
R0 [P2] iter 169: PRE-JOIN GPU mem: 84.5GB free / 85.1GB total | delta_size=869 full_size=9662746
R1 [P2] iter 169: PRE-JOIN GPU mem: 84.5GB free / 85.1GB total | delta_size=930 full_size=9707325
R0 [P2] iter 169: join done, raw=864 result_size=864
R1 [P2] iter 169: join done, raw=907 result_size=907
R0 [P2] iter 169: split done, delta_size=863
R1 [P2] iter 169: split done, delta_size=908
R0 [P2] iter 169: dedup done, delta_size=863
R1 [P2] iter 169: dedup done, delta_size=908
R0 [P2] iter 169: subtract done, delta_size=859
R1 [P2] iter 169: subtract done, delta_size=902
R1 [P2] iter 169: merge done, full_size=9708227
R0 [P2] iter 169: merge done, full_size=9663605
R0 [P2] iter 170 done: global_full_size=19371832
R1 [P2] iter 170 done: global_full_size=19371832
R0 [P2] iter 170: PRE-JOIN GPU mem: 84.5GB free / 85.1GB total | delta_size=859 full_size=9663605
R1 [P2] iter 170: PRE-JOIN GPU mem: 84.5GB free / 85.1GB total | delta_size=902 full_size=9708227
R0 [P2] iter 170: join done, raw=854 result_size=854
R1 [P2] iter 170: join done, raw=878 result_size=878
R0 [P2] iter 170: split done, delta_size=844
R1 [P2] iter 170: split done, delta_size=888
R0 [P2] iter 170: dedup done, delta_size=844
R1 [P2] iter 170: dedup done, delta_size=888
R0 [P2] iter 170: subtract done, delta_size=840
R1 [P2] iter 170: subtract done, delta_size=882
R1 [P2] iter 170: merge done, full_size=9709109
R0 [P2] iter 170: merge done, full_size=9664445
R0 [P2] iter 171 done: global_full_size=19373554
R1 [P2] iter 171 done: global_full_size=19373554
R0 [P2] iter 171: PRE-JOIN GPU mem: 84.5GB free / 85.1GB total | delta_size=840 full_size=9664445
R1 [P2] iter 171: PRE-JOIN GPU mem: 84.5GB free / 85.1GB total | delta_size=882 full_size=9709109
R0 [P2] iter 171: join done, raw=836 result_size=836
R1 [P2] iter 171: join done, raw=858 result_size=858
R0 [P2] iter 171: split done, delta_size=828
R1 [P2] iter 171: split done, delta_size=866
R0 [P2] iter 171: dedup done, delta_size=828
R1 [P2] iter 171: dedup done, delta_size=866
R0 [P2] iter 171: subtract done, delta_size=824
R1 [P2] iter 171: subtract done, delta_size=861
R0 [P2] iter 171: merge done, full_size=9665269
R0 [P2] iter 172 done: global_full_size=19375239
R1 [P2] iter 171: merge done, full_size=9709970
R1 [P2] iter 172 done: global_full_size=19375239
R0 [P2] iter 172: PRE-JOIN GPU mem: 84.5GB free / 85.1GB total | delta_size=824 full_size=9665269
R1 [P2] iter 172: PRE-JOIN GPU mem: 84.5GB free / 85.1GB total | delta_size=861 full_size=9709970
R0 [P2] iter 172: join done, raw=816 result_size=816
R1 [P2] iter 172: join done, raw=838 result_size=838
R0 [P2] iter 172: split done, delta_size=810
R1 [P2] iter 172: split done, delta_size=844
R0 [P2] iter 172: dedup done, delta_size=810
R1 [P2] iter 172: dedup done, delta_size=844
R0 [P2] iter 172: subtract done, delta_size=807
R1 [P2] iter 172: subtract done, delta_size=839
R1 [P2] iter 172: merge done, full_size=9710809
R0 [P2] iter 172: merge done, full_size=9666076
R0 [P2] iter 173 done: global_full_size=19376885
R1 [P2] iter 173 done: global_full_size=19376885
R0 [P2] iter 173: PRE-JOIN GPU mem: 84.5GB free / 85.1GB total | delta_size=807 full_size=9666076
R1 [P2] iter 173: PRE-JOIN GPU mem: 84.5GB free / 85.1GB total | delta_size=839 full_size=9710809
R0 [P2] iter 173: join done, raw=797 result_size=797
R1 [P2] iter 173: join done, raw=818 result_size=818
R0 [P2] iter 173: split done, delta_size=790
R1 [P2] iter 173: split done, delta_size=825
R0 [P2] iter 173: dedup done, delta_size=790
R1 [P2] iter 173: dedup done, delta_size=825
R0 [P2] iter 173: subtract done, delta_size=787
R1 [P2] iter 173: subtract done, delta_size=820
R1 [P2] iter 173: merge done, full_size=9711629
R0 [P2] iter 173: merge done, full_size=9666863
R0 [P2] iter 174 done: global_full_size=19378492
R1 [P2] iter 174 done: global_full_size=19378492
R0 [P2] iter 174: PRE-JOIN GPU mem: 84.5GB free / 85.1GB total | delta_size=787 full_size=9666863
R1 [P2] iter 174: PRE-JOIN GPU mem: 84.5GB free / 85.1GB total | delta_size=820 full_size=9711629
R0 [P2] iter 174: join done, raw=778 result_size=778
R1 [P2] iter 174: join done, raw=800 result_size=800
R0 [P2] iter 174: split done, delta_size=764
R1 [P2] iter 174: split done, delta_size=814
R0 [P2] iter 174: dedup done, delta_size=764
R1 [P2] iter 174: dedup done, delta_size=814
R0 [P2] iter 174: subtract done, delta_size=761
R1 [P2] iter 174: subtract done, delta_size=809
R1 [P2] iter 174: merge done, full_size=9712438
R0 [P2] iter 174: merge done, full_size=9667624
R0 [P2] iter 175 done: global_full_size=19380062
R1 [P2] iter 175 done: global_full_size=19380062
R0 [P2] iter 175: PRE-JOIN GPU mem: 84.5GB free / 85.1GB total | delta_size=761 full_size=9667624
R1 [P2] iter 175: PRE-JOIN GPU mem: 84.5GB free / 85.1GB total | delta_size=809 full_size=9712438
R0 [P2] iter 175: join done, raw=751 result_size=751
R1 [P2] iter 175: join done, raw=790 result_size=790
R0 [P2] iter 175: split done, delta_size=749
R1 [P2] iter 175: split done, delta_size=792
R0 [P2] iter 175: dedup done, delta_size=749
R1 [P2] iter 175: dedup done, delta_size=792
R0 [P2] iter 175: subtract done, delta_size=746
R1 [P2] iter 175: subtract done, delta_size=788
R1 [P2] iter 175: merge done, full_size=9713226
R0 [P2] iter 175: merge done, full_size=9668370
R0 [P2] iter 176 done: global_full_size=19381596
R1 [P2] iter 176 done: global_full_size=19381596
R0 [P2] iter 176: PRE-JOIN GPU mem: 84.5GB free / 85.1GB total | delta_size=746 full_size=9668370
R1 [P2] iter 176: PRE-JOIN GPU mem: 84.5GB free / 85.1GB total | delta_size=788 full_size=9713226
R0 [P2] iter 176: join done, raw=736 result_size=736
R1 [P2] iter 176: join done, raw=768 result_size=768
R0 [P2] iter 176: split done, delta_size=729
R1 [P2] iter 176: split done, delta_size=775
R0 [P2] iter 176: dedup done, delta_size=729
R1 [P2] iter 176: dedup done, delta_size=775
R0 [P2] iter 176: subtract done, delta_size=726
R1 [P2] iter 176: subtract done, delta_size=771
R0 [P2] iter 176: merge done, full_size=9669096
R0 [P2] iter 177 done: global_full_size=19383093
R1 [P2] iter 176: merge done, full_size=9713997
R1 [P2] iter 177 done: global_full_size=19383093
R0 [P2] iter 177: PRE-JOIN GPU mem: 84.5GB free / 85.1GB total | delta_size=726 full_size=9669096
R1 [P2] iter 177: PRE-JOIN GPU mem: 84.5GB free / 85.1GB total | delta_size=771 full_size=9713997
R0 [P2] iter 177: join done, raw=717 result_size=717
R1 [P2] iter 177: join done, raw=753 result_size=753
R0 [P2] iter 177: split done, delta_size=716
R1 [P2] iter 177: split done, delta_size=754
R0 [P2] iter 177: dedup done, delta_size=716
R1 [P2] iter 177: dedup done, delta_size=754
R0 [P2] iter 177: subtract done, delta_size=713
R1 [P2] iter 177: subtract done, delta_size=750
R0 [P2] iter 177: merge done, full_size=9669809
R0 [P2] iter 178 done: global_full_size=19384556
R1 [P2] iter 177: merge done, full_size=9714747
R1 [P2] iter 178 done: global_full_size=19384556
R0 [P2] iter 178: PRE-JOIN GPU mem: 84.5GB free / 85.1GB total | delta_size=713 full_size=9669809
R1 [P2] iter 178: PRE-JOIN GPU mem: 84.5GB free / 85.1GB total | delta_size=750 full_size=9714747
R0 [P2] iter 178: join done, raw=705 result_size=705
R1 [P2] iter 178: join done, raw=735 result_size=735
R0 [P2] iter 178: split done, delta_size=700
R1 [P2] iter 178: split done, delta_size=740
R0 [P2] iter 178: dedup done, delta_size=700
R1 [P2] iter 178: dedup done, delta_size=740
R0 [P2] iter 178: subtract done, delta_size=697
R1 [P2] iter 178: subtract done, delta_size=737
R1 [P2] iter 178: merge done, full_size=9715484
R0 [P2] iter 178: merge done, full_size=9670506
R0 [P2] iter 179 done: global_full_size=19385990
R1 [P2] iter 179 done: global_full_size=19385990
R0 [P2] iter 179: PRE-JOIN GPU mem: 84.5GB free / 85.1GB total | delta_size=697 full_size=9670506
R1 [P2] iter 179: PRE-JOIN GPU mem: 84.5GB free / 85.1GB total | delta_size=737 full_size=9715484
R0 [P2] iter 179: join done, raw=688 result_size=688
R1 [P2] iter 179: join done, raw=723 result_size=723
R0 [P2] iter 179: split done, delta_size=687
R1 [P2] iter 179: split done, delta_size=724
R0 [P2] iter 179: dedup done, delta_size=687
R1 [P2] iter 179: dedup done, delta_size=724
R0 [P2] iter 179: subtract done, delta_size=684
R1 [P2] iter 179: subtract done, delta_size=721
R1 [P2] iter 179: merge done, full_size=9716205
R0 [P2] iter 179: merge done, full_size=9671190
R0 [P2] iter 180 done: global_full_size=19387395
R1 [P2] iter 180 done: global_full_size=19387395
R0 [P2] iter 180: PRE-JOIN GPU mem: 84.5GB free / 85.1GB total | delta_size=684 full_size=9671190
R1 [P2] iter 180: PRE-JOIN GPU mem: 84.5GB free / 85.1GB total | delta_size=721 full_size=9716205
R0 [P2] iter 180: join done, raw=676 result_size=676
R1 [P2] iter 180: join done, raw=707 result_size=707
R0 [P2] iter 180: split done, delta_size=671
R1 [P2] iter 180: split done, delta_size=712
R0 [P2] iter 180: dedup done, delta_size=671
R1 [P2] iter 180: dedup done, delta_size=712
R0 [P2] iter 180: subtract done, delta_size=668
R1 [P2] iter 180: subtract done, delta_size=709
R1 [P2] iter 180: merge done, full_size=9716914
R0 [P2] iter 180: merge done, full_size=9671858
R0 [P2] iter 181 done: global_full_size=19388772
R1 [P2] iter 181 done: global_full_size=19388772
R0 [P2] iter 181: PRE-JOIN GPU mem: 84.5GB free / 85.1GB total | delta_size=668 full_size=9671858
R1 [P2] iter 181: PRE-JOIN GPU mem: 84.5GB free / 85.1GB total | delta_size=709 full_size=9716914
R0 [P2] iter 181: join done, raw=660 result_size=660
R1 [P2] iter 181: join done, raw=695 result_size=695
R0 [P2] iter 181: split done, delta_size=659
R1 [P2] iter 181: split done, delta_size=696
R0 [P2] iter 181: dedup done, delta_size=659
R1 [P2] iter 181: dedup done, delta_size=696
R0 [P2] iter 181: subtract done, delta_size=656
R1 [P2] iter 181: subtract done, delta_size=693
R1 [P2] iter 181: merge done, full_size=9717607
R0 [P2] iter 181: merge done, full_size=9672514
R0 [P2] iter 182 done: global_full_size=19390121
R1 [P2] iter 182 done: global_full_size=19390121
R0 [P2] iter 182: PRE-JOIN GPU mem: 84.5GB free / 85.1GB total | delta_size=656 full_size=9672514
R1 [P2] iter 182: PRE-JOIN GPU mem: 84.5GB free / 85.1GB total | delta_size=693 full_size=9717607
R0 [P2] iter 182: join done, raw=646 result_size=646
R1 [P2] iter 182: join done, raw=678 result_size=678
R0 [P2] iter 182: split done, delta_size=645
R1 [P2] iter 182: split done, delta_size=679
R0 [P2] iter 182: dedup done, delta_size=645
R1 [P2] iter 182: dedup done, delta_size=679
R0 [P2] iter 182: subtract done, delta_size=642
R1 [P2] iter 182: subtract done, delta_size=676
R0 [P2] iter 182: merge done, full_size=9673156
R0 [P2] iter 183 done: global_full_size=19391439
R1 [P2] iter 182: merge done, full_size=9718283
R1 [P2] iter 183 done: global_full_size=19391439
R0 [P2] iter 183: PRE-JOIN GPU mem: 84.5GB free / 85.1GB total | delta_size=642 full_size=9673156
R1 [P2] iter 183: PRE-JOIN GPU mem: 84.5GB free / 85.1GB total | delta_size=676 full_size=9718283
R0 [P2] iter 183: join done, raw=634 result_size=634
R1 [P2] iter 183: join done, raw=660 result_size=660
R0 [P2] iter 183: split done, delta_size=631
R1 [P2] iter 183: split done, delta_size=663
R0 [P2] iter 183: dedup done, delta_size=631
R1 [P2] iter 183: dedup done, delta_size=663
R0 [P2] iter 183: subtract done, delta_size=628
R1 [P2] iter 183: subtract done, delta_size=660
R1 [P2] iter 183: merge done, full_size=9718943
R0 [P2] iter 183: merge done, full_size=9673784
R0 [P2] iter 184 done: global_full_size=19392727
R1 [P2] iter 184 done: global_full_size=19392727
R0 [P2] iter 184: PRE-JOIN GPU mem: 84.5GB free / 85.1GB total | delta_size=628 full_size=9673784
R1 [P2] iter 184: PRE-JOIN GPU mem: 84.5GB free / 85.1GB total | delta_size=660 full_size=9718943
R0 [P2] iter 184: join done, raw=618 result_size=618
R1 [P2] iter 184: join done, raw=645 result_size=645
R0 [P2] iter 184: split done, delta_size=616
R1 [P2] iter 184: split done, delta_size=647
R0 [P2] iter 184: dedup done, delta_size=616
R1 [P2] iter 184: dedup done, delta_size=647
R0 [P2] iter 184: subtract done, delta_size=613
R1 [P2] iter 184: subtract done, delta_size=644
R1 [P2] iter 184: merge done, full_size=9719587
R0 [P2] iter 184: merge done, full_size=9674397
R0 [P2] iter 185 done: global_full_size=19393984
R1 [P2] iter 185 done: global_full_size=19393984
R0 [P2] iter 185: PRE-JOIN GPU mem: 84.5GB free / 85.1GB total | delta_size=613 full_size=9674397
R1 [P2] iter 185: PRE-JOIN GPU mem: 84.5GB free / 85.1GB total | delta_size=644 full_size=9719587
R0 [P2] iter 185: join done, raw=602 result_size=602
R1 [P2] iter 185: join done, raw=629 result_size=629
R0 [P2] iter 185: split done, delta_size=602
R1 [P2] iter 185: split done, delta_size=629
R0 [P2] iter 185: dedup done, delta_size=602
R1 [P2] iter 185: dedup done, delta_size=629
R1 [P2] iter 185: subtract done, delta_size=626
R0 [P2] iter 185: subtract done, delta_size=599
R0 [P2] iter 185: merge done, full_size=9674996
R0 [P2] iter 186 done: global_full_size=19395209
R1 [P2] iter 185: merge done, full_size=9720213
R1 [P2] iter 186 done: global_full_size=19395209
R0 [P2] iter 186: PRE-JOIN GPU mem: 84.5GB free / 85.1GB total | delta_size=599 full_size=9674996
R1 [P2] iter 186: PRE-JOIN GPU mem: 84.5GB free / 85.1GB total | delta_size=626 full_size=9720213
R0 [P2] iter 186: join done, raw=587 result_size=587
R1 [P2] iter 186: join done, raw=614 result_size=614
R0 [P2] iter 186: split done, delta_size=584
R1 [P2] iter 186: split done, delta_size=617
R0 [P2] iter 186: dedup done, delta_size=584
R1 [P2] iter 186: dedup done, delta_size=617
R0 [P2] iter 186: subtract done, delta_size=581
R1 [P2] iter 186: subtract done, delta_size=614
R0 [P2] iter 186: merge done, full_size=9675577
R0 [P2] iter 187 done: global_full_size=19396404
R1 [P2] iter 186: merge done, full_size=9720827
R1 [P2] iter 187 done: global_full_size=19396404
R0 [P2] iter 187: PRE-JOIN GPU mem: 84.5GB free / 85.1GB total | delta_size=581 full_size=9675577
R1 [P2] iter 187: PRE-JOIN GPU mem: 84.5GB free / 85.1GB total | delta_size=614 full_size=9720827
R0 [P2] iter 187: join done, raw=573 result_size=573
R1 [P2] iter 187: join done, raw=602 result_size=602
R0 [P2] iter 187: split done, delta_size=572
R1 [P2] iter 187: split done, delta_size=603
R0 [P2] iter 187: dedup done, delta_size=572
R1 [P2] iter 187: dedup done, delta_size=603
R0 [P2] iter 187: subtract done, delta_size=570
R1 [P2] iter 187: subtract done, delta_size=600
R1 [P2] iter 187: merge done, full_size=9721427
R0 [P2] iter 187: merge done, full_size=9676147
R0 [P2] iter 188 done: global_full_size=19397574
R1 [P2] iter 188 done: global_full_size=19397574
R0 [P2] iter 188: PRE-JOIN GPU mem: 84.5GB free / 85.1GB total | delta_size=570 full_size=9676147
R1 [P2] iter 188: PRE-JOIN GPU mem: 84.5GB free / 85.1GB total | delta_size=600 full_size=9721427
R0 [P2] iter 188: join done, raw=564 result_size=564
R1 [P2] iter 188: join done, raw=590 result_size=590
R0 [P2] iter 188: split done, delta_size=561
R1 [P2] iter 188: split done, delta_size=593
R0 [P2] iter 188: dedup done, delta_size=561
R1 [P2] iter 188: dedup done, delta_size=593
R0 [P2] iter 188: subtract done, delta_size=559
R1 [P2] iter 188: subtract done, delta_size=590
R0 [P2] iter 188: merge done, full_size=9676706
R0 [P2] iter 189 done: global_full_size=19398723
R1 [P2] iter 188: merge done, full_size=9722017
R1 [P2] iter 189 done: global_full_size=19398723
R0 [P2] iter 189: PRE-JOIN GPU mem: 84.5GB free / 85.1GB total | delta_size=559 full_size=9676706
R1 [P2] iter 189: PRE-JOIN GPU mem: 84.5GB free / 85.1GB total | delta_size=590 full_size=9722017
R0 [P2] iter 189: join done, raw=553 result_size=553
R1 [P2] iter 189: join done, raw=581 result_size=581
R0 [P2] iter 189: split done, delta_size=549
R1 [P2] iter 189: split done, delta_size=585
R0 [P2] iter 189: dedup done, delta_size=549
R1 [P2] iter 189: dedup done, delta_size=585
R1 [P2] iter 189: subtract done, delta_size=582
R0 [P2] iter 189: subtract done, delta_size=547
R1 [P2] iter 189: merge done, full_size=9722599
R0 [P2] iter 189: merge done, full_size=9677253
R0 [P2] iter 190 done: global_full_size=19399852
R1 [P2] iter 190 done: global_full_size=19399852
R0 [P2] iter 190: PRE-JOIN GPU mem: 84.5GB free / 85.1GB total | delta_size=547 full_size=9677253
R1 [P2] iter 190: PRE-JOIN GPU mem: 84.5GB free / 85.1GB total | delta_size=582 full_size=9722599
R0 [P2] iter 190: join done, raw=540 result_size=540
R1 [P2] iter 190: join done, raw=572 result_size=572
R0 [P2] iter 190: split done, delta_size=542
R1 [P2] iter 190: split done, delta_size=570
R0 [P2] iter 190: dedup done, delta_size=542
R1 [P2] iter 190: dedup done, delta_size=570
R0 [P2] iter 190: subtract done, delta_size=540
R1 [P2] iter 190: subtract done, delta_size=567
R1 [P2] iter 190: merge done, full_size=9723166
R0 [P2] iter 190: merge done, full_size=9677793
R0 [P2] iter 191 done: global_full_size=19400959
R1 [P2] iter 191 done: global_full_size=19400959
R0 [P2] iter 191: PRE-JOIN GPU mem: 84.5GB free / 85.1GB total | delta_size=540 full_size=9677793
R1 [P2] iter 191: PRE-JOIN GPU mem: 84.5GB free / 85.1GB total | delta_size=567 full_size=9723166
R0 [P2] iter 191: join done, raw=533 result_size=533
R1 [P2] iter 191: join done, raw=558 result_size=558
R0 [P2] iter 191: split done, delta_size=536
R1 [P2] iter 191: split done, delta_size=555
R0 [P2] iter 191: dedup done, delta_size=536
R1 [P2] iter 191: dedup done, delta_size=555
R0 [P2] iter 191: subtract done, delta_size=534
R1 [P2] iter 191: subtract done, delta_size=552
R1 [P2] iter 191: merge done, full_size=9723718
R0 [P2] iter 191: merge done, full_size=9678327
R0 [P2] iter 192 done: global_full_size=19402045
R1 [P2] iter 192 done: global_full_size=19402045
R0 [P2] iter 192: PRE-JOIN GPU mem: 84.5GB free / 85.1GB total | delta_size=534 full_size=9678327
R1 [P2] iter 192: PRE-JOIN GPU mem: 84.5GB free / 85.1GB total | delta_size=552 full_size=9723718
R0 [P2] iter 192: join done, raw=527 result_size=527
R1 [P2] iter 192: join done, raw=539 result_size=539
R0 [P2] iter 192: split done, delta_size=524
R1 [P2] iter 192: split done, delta_size=542
R0 [P2] iter 192: dedup done, delta_size=524
R1 [P2] iter 192: dedup done, delta_size=542
R0 [P2] iter 192: subtract done, delta_size=522
R1 [P2] iter 192: subtract done, delta_size=539
R1 [P2] iter 192: merge done, full_size=9724257
R0 [P2] iter 192: merge done, full_size=9678849
R0 [P2] iter 193 done: global_full_size=19403106
R1 [P2] iter 193 done: global_full_size=19403106
R0 [P2] iter 193: PRE-JOIN GPU mem: 84.5GB free / 85.1GB total | delta_size=522 full_size=9678849
R1 [P2] iter 193: PRE-JOIN GPU mem: 84.5GB free / 85.1GB total | delta_size=539 full_size=9724257
R0 [P2] iter 193: join done, raw=516 result_size=516
R1 [P2] iter 193: join done, raw=526 result_size=526
R0 [P2] iter 193: split done, delta_size=511
R1 [P2] iter 193: split done, delta_size=531
R0 [P2] iter 193: dedup done, delta_size=511
R1 [P2] iter 193: dedup done, delta_size=531
R0 [P2] iter 193: subtract done, delta_size=509
R1 [P2] iter 193: subtract done, delta_size=528
R0 [P2] iter 193: merge done, full_size=9679358
R0 [P2] iter 194 done: global_full_size=19404143
R1 [P2] iter 193: merge done, full_size=9724785
R1 [P2] iter 194 done: global_full_size=19404143
R0 [P2] iter 194: PRE-JOIN GPU mem: 84.5GB free / 85.1GB total | delta_size=509 full_size=9679358
R1 [P2] iter 194: PRE-JOIN GPU mem: 84.5GB free / 85.1GB total | delta_size=528 full_size=9724785
R0 [P2] iter 194: join done, raw=502 result_size=502
R1 [P2] iter 194: join done, raw=515 result_size=515
R0 [P2] iter 194: split done, delta_size=498
R1 [P2] iter 194: split done, delta_size=519
R1 [P2] iter 194: dedup done, delta_size=519
R0 [P2] iter 194: dedup done, delta_size=498
R0 [P2] iter 194: subtract done, delta_size=496
R1 [P2] iter 194: subtract done, delta_size=516
R1 [P2] iter 194: merge done, full_size=9725301
R0 [P2] iter 194: merge done, full_size=9679854
R0 [P2] iter 195 done: global_full_size=19405155
R1 [P2] iter 195 done: global_full_size=19405155
R0 [P2] iter 195: PRE-JOIN GPU mem: 84.5GB free / 85.1GB total | delta_size=496 full_size=9679854
R1 [P2] iter 195: PRE-JOIN GPU mem: 84.5GB free / 85.1GB total | delta_size=516 full_size=9725301
R0 [P2] iter 195: join done, raw=488 result_size=488
R1 [P2] iter 195: join done, raw=505 result_size=505
R0 [P2] iter 195: split done, delta_size=486
R1 [P2] iter 195: split done, delta_size=507
R0 [P2] iter 195: dedup done, delta_size=486
R1 [P2] iter 195: dedup done, delta_size=507
R0 [P2] iter 195: subtract done, delta_size=484
R1 [P2] iter 195: subtract done, delta_size=504
R1 [P2] iter 195: merge done, full_size=9725805
R0 [P2] iter 195: merge done, full_size=9680338
R0 [P2] iter 196 done: global_full_size=19406143
R1 [P2] iter 196 done: global_full_size=19406143
R0 [P2] iter 196: PRE-JOIN GPU mem: 84.5GB free / 85.1GB total | delta_size=484 full_size=9680338
R1 [P2] iter 196: PRE-JOIN GPU mem: 84.5GB free / 85.1GB total | delta_size=504 full_size=9725805
R0 [P2] iter 196: join done, raw=475 result_size=475
R1 [P2] iter 196: join done, raw=495 result_size=495
R0 [P2] iter 196: split done, delta_size=480
R1 [P2] iter 196: split done, delta_size=490
R0 [P2] iter 196: dedup done, delta_size=480
R1 [P2] iter 196: dedup done, delta_size=490
R0 [P2] iter 196: subtract done, delta_size=478
R1 [P2] iter 196: subtract done, delta_size=487
R0 [P2] iter 196: merge done, full_size=9680816
R0 [P2] iter 197 done: global_full_size=19407108
R1 [P2] iter 196: merge done, full_size=9726292
R1 [P2] iter 197 done: global_full_size=19407108
R0 [P2] iter 197: PRE-JOIN GPU mem: 84.5GB free / 85.1GB total | delta_size=478 full_size=9680816
R1 [P2] iter 197: PRE-JOIN GPU mem: 84.5GB free / 85.1GB total | delta_size=487 full_size=9726292
R1 [P2] iter 197: join done, raw=477 result_size=477
R0 [P2] iter 197: join done, raw=468 result_size=468
R0 [P2] iter 197: split done, delta_size=471
R1 [P2] iter 197: split done, delta_size=474
R0 [P2] iter 197: dedup done, delta_size=471
R1 [P2] iter 197: dedup done, delta_size=474
R0 [P2] iter 197: subtract done, delta_size=469
R1 [P2] iter 197: subtract done, delta_size=471
R0 [P2] iter 197: merge done, full_size=9681285
R0 [P2] iter 198 done: global_full_size=19408048
R1 [P2] iter 197: merge done, full_size=9726763
R1 [P2] iter 198 done: global_full_size=19408048
R0 [P2] iter 198: PRE-JOIN GPU mem: 84.5GB free / 85.1GB total | delta_size=469 full_size=9681285
R1 [P2] iter 198: PRE-JOIN GPU mem: 84.5GB free / 85.1GB total | delta_size=471 full_size=9726763
R1 [P2] iter 198: join done, raw=457 result_size=457
R0 [P2] iter 198: join done, raw=460 result_size=460
R0 [P2] iter 198: split done, delta_size=457
R1 [P2] iter 198: split done, delta_size=460
R0 [P2] iter 198: dedup done, delta_size=457
R1 [P2] iter 198: dedup done, delta_size=460
R0 [P2] iter 198: subtract done, delta_size=455
R1 [P2] iter 198: subtract done, delta_size=457
R1 [P2] iter 198: merge done, full_size=9727220
R0 [P2] iter 198: merge done, full_size=9681740
R0 [P2] iter 199 done: global_full_size=19408960
R1 [P2] iter 199 done: global_full_size=19408960
R0 [P2] iter 199: PRE-JOIN GPU mem: 84.5GB free / 85.1GB total | delta_size=455 full_size=9681740
R1 [P2] iter 199: PRE-JOIN GPU mem: 84.5GB free / 85.1GB total | delta_size=457 full_size=9727220
R0 [P2] iter 199: join done, raw=446 result_size=446
R1 [P2] iter 199: join done, raw=444 result_size=444
R0 [P2] iter 199: split done, delta_size=447
R1 [P2] iter 199: split done, delta_size=443
R0 [P2] iter 199: dedup done, delta_size=447
R1 [P2] iter 199: dedup done, delta_size=443
R0 [P2] iter 199: subtract done, delta_size=445
R1 [P2] iter 199: subtract done, delta_size=440
R1 [P2] iter 199: merge done, full_size=9727660
R0 [P2] iter 199: merge done, full_size=9682185
R0 [P2] iter 200 done: global_full_size=19409845
R1 [P2] iter 200 done: global_full_size=19409845
R0 [P2] iter 200: PRE-JOIN GPU mem: 84.5GB free / 85.1GB total | delta_size=445 full_size=9682185
R1 [P2] iter 200: PRE-JOIN GPU mem: 84.5GB free / 85.1GB total | delta_size=440 full_size=9727660
R0 [P2] iter 200: join done, raw=437 result_size=437
R1 [P2] iter 200: join done, raw=428 result_size=428
R0 [P2] iter 200: split done, delta_size=437
R1 [P2] iter 200: split done, delta_size=428
R0 [P2] iter 200: dedup done, delta_size=437
R1 [P2] iter 200: dedup done, delta_size=428
R1 [P2] iter 200: subtract done, delta_size=425
R0 [P2] iter 200: subtract done, delta_size=435
R1 [P2] iter 200: merge done, full_size=9728085
R0 [P2] iter 200: merge done, full_size=9682620
R0 [P2] iter 201 done: global_full_size=19410705
R1 [P2] iter 201 done: global_full_size=19410705
R0 [P2] iter 201: PRE-JOIN GPU mem: 84.5GB free / 85.1GB total | delta_size=435 full_size=9682620
R1 [P2] iter 201: PRE-JOIN GPU mem: 84.5GB free / 85.1GB total | delta_size=425 full_size=9728085
R0 [P2] iter 201: join done, raw=428 result_size=428
R1 [P2] iter 201: join done, raw=414 result_size=414
R0 [P2] iter 201: split done, delta_size=425
R1 [P2] iter 201: split done, delta_size=417
R0 [P2] iter 201: dedup done, delta_size=425
R1 [P2] iter 201: dedup done, delta_size=417
R0 [P2] iter 201: subtract done, delta_size=423
R1 [P2] iter 201: subtract done, delta_size=414
R1 [P2] iter 201: merge done, full_size=9728499
R0 [P2] iter 201: merge done, full_size=9683043
R0 [P2] iter 202 done: global_full_size=19411542
R1 [P2] iter 202 done: global_full_size=19411542
R0 [P2] iter 202: PRE-JOIN GPU mem: 84.5GB free / 85.1GB total | delta_size=423 full_size=9683043
R1 [P2] iter 202: PRE-JOIN GPU mem: 84.5GB free / 85.1GB total | delta_size=414 full_size=9728499
R0 [P2] iter 202: join done, raw=417 result_size=417
R1 [P2] iter 202: join done, raw=404 result_size=404
R0 [P2] iter 202: split done, delta_size=414
R1 [P2] iter 202: split done, delta_size=407
R0 [P2] iter 202: dedup done, delta_size=414
R1 [P2] iter 202: dedup done, delta_size=407
R0 [P2] iter 202: subtract done, delta_size=412
R1 [P2] iter 202: subtract done, delta_size=404
R0 [P2] iter 202: merge done, full_size=9683455
R0 [P2] iter 203 done: global_full_size=19412358
R1 [P2] iter 202: merge done, full_size=9728903
R1 [P2] iter 203 done: global_full_size=19412358
R0 [P2] iter 203: PRE-JOIN GPU mem: 84.5GB free / 85.1GB total | delta_size=412 full_size=9683455
R1 [P2] iter 203: PRE-JOIN GPU mem: 84.5GB free / 85.1GB total | delta_size=404 full_size=9728903
R0 [P2] iter 203: join done, raw=408 result_size=408
R1 [P2] iter 203: join done, raw=394 result_size=394
R0 [P2] iter 203: split done, delta_size=403
R1 [P2] iter 203: split done, delta_size=399
R0 [P2] iter 203: dedup done, delta_size=403
R1 [P2] iter 203: dedup done, delta_size=399
R0 [P2] iter 203: subtract done, delta_size=401
R1 [P2] iter 203: subtract done, delta_size=396
R0 [P2] iter 203: merge done, full_size=9683856
R0 [P2] iter 204 done: global_full_size=19413155
R1 [P2] iter 203: merge done, full_size=9729299
R1 [P2] iter 204 done: global_full_size=19413155
R0 [P2] iter 204: PRE-JOIN GPU mem: 84.5GB free / 85.1GB total | delta_size=401 full_size=9683856
R1 [P2] iter 204: PRE-JOIN GPU mem: 84.5GB free / 85.1GB total | delta_size=396 full_size=9729299
R0 [P2] iter 204: join done, raw=398 result_size=398
R1 [P2] iter 204: join done, raw=387 result_size=387
R0 [P2] iter 204: split done, delta_size=396
R1 [P2] iter 204: split done, delta_size=389
R0 [P2] iter 204: dedup done, delta_size=396
R1 [P2] iter 204: dedup done, delta_size=389
R0 [P2] iter 204: subtract done, delta_size=394
R1 [P2] iter 204: subtract done, delta_size=386
R1 [P2] iter 204: merge done, full_size=9729685
R0 [P2] iter 204: merge done, full_size=9684250
R0 [P2] iter 205 done: global_full_size=19413935
R1 [P2] iter 205 done: global_full_size=19413935
R0 [P2] iter 205: PRE-JOIN GPU mem: 84.5GB free / 85.1GB total | delta_size=394 full_size=9684250
R1 [P2] iter 205: PRE-JOIN GPU mem: 84.5GB free / 85.1GB total | delta_size=386 full_size=9729685
R0 [P2] iter 205: join done, raw=391 result_size=391
R1 [P2] iter 205: join done, raw=378 result_size=378
R0 [P2] iter 205: split done, delta_size=391
R1 [P2] iter 205: split done, delta_size=378
R0 [P2] iter 205: dedup done, delta_size=391
R1 [P2] iter 205: dedup done, delta_size=378
R0 [P2] iter 205: subtract done, delta_size=389
R1 [P2] iter 205: subtract done, delta_size=375
R0 [P2] iter 205: merge done, full_size=9684639
R0 [P2] iter 206 done: global_full_size=19414699
R1 [P2] iter 205: merge done, full_size=9730060
R1 [P2] iter 206 done: global_full_size=19414699
R0 [P2] iter 206: PRE-JOIN GPU mem: 84.5GB free / 85.1GB total | delta_size=389 full_size=9684639
R1 [P2] iter 206: PRE-JOIN GPU mem: 84.5GB free / 85.1GB total | delta_size=375 full_size=9730060
R0 [P2] iter 206: join done, raw=388 result_size=388
R1 [P2] iter 206: join done, raw=367 result_size=367
R0 [P2] iter 206: split done, delta_size=386
R1 [P2] iter 206: split done, delta_size=369
R0 [P2] iter 206: dedup done, delta_size=386
R1 [P2] iter 206: dedup done, delta_size=369
R0 [P2] iter 206: subtract done, delta_size=384
R1 [P2] iter 206: subtract done, delta_size=366
R0 [P2] iter 206: merge done, full_size=9685023
R0 [P2] iter 207 done: global_full_size=19415449
R1 [P2] iter 206: merge done, full_size=9730426
R1 [P2] iter 207 done: global_full_size=19415449
R0 [P2] iter 207: PRE-JOIN GPU mem: 84.5GB free / 85.1GB total | delta_size=384 full_size=9685023
R1 [P2] iter 207: PRE-JOIN GPU mem: 84.5GB free / 85.1GB total | delta_size=366 full_size=9730426
R0 [P2] iter 207: join done, raw=383 result_size=383
R1 [P2] iter 207: join done, raw=358 result_size=358
R0 [P2] iter 207: split done, delta_size=377
R1 [P2] iter 207: split done, delta_size=364
R0 [P2] iter 207: dedup done, delta_size=377
R1 [P2] iter 207: dedup done, delta_size=364
R0 [P2] iter 207: subtract done, delta_size=375
R1 [P2] iter 207: subtract done, delta_size=361
R0 [P2] iter 207: merge done, full_size=9685398
R0 [P2] iter 208 done: global_full_size=19416185
R1 [P2] iter 207: merge done, full_size=9730787
R1 [P2] iter 208 done: global_full_size=19416185
R0 [P2] iter 208: PRE-JOIN GPU mem: 84.5GB free / 85.1GB total | delta_size=375 full_size=9685398
R1 [P2] iter 208: PRE-JOIN GPU mem: 84.5GB free / 85.1GB total | delta_size=361 full_size=9730787
R0 [P2] iter 208: join done, raw=374 result_size=374
R1 [P2] iter 208: join done, raw=353 result_size=353
R0 [P2] iter 208: split done, delta_size=370
R1 [P2] iter 208: split done, delta_size=357
R0 [P2] iter 208: dedup done, delta_size=370
R1 [P2] iter 208: dedup done, delta_size=357
R0 [P2] iter 208: subtract done, delta_size=368
R1 [P2] iter 208: subtract done, delta_size=354
R1 [P2] iter 208: merge done, full_size=9731141
R0 [P2] iter 208: merge done, full_size=9685766
R0 [P2] iter 209 done: global_full_size=19416907
R1 [P2] iter 209 done: global_full_size=19416907
R0 [P2] iter 209: PRE-JOIN GPU mem: 84.5GB free / 85.1GB total | delta_size=368 full_size=9685766
R1 [P2] iter 209: PRE-JOIN GPU mem: 84.5GB free / 85.1GB total | delta_size=354 full_size=9731141
R0 [P2] iter 209: join done, raw=367 result_size=367
R1 [P2] iter 209: join done, raw=346 result_size=346
R0 [P2] iter 209: split done, delta_size=365
R1 [P2] iter 209: split done, delta_size=348
R0 [P2] iter 209: dedup done, delta_size=365
R1 [P2] iter 209: dedup done, delta_size=348
R0 [P2] iter 209: subtract done, delta_size=363
R1 [P2] iter 209: subtract done, delta_size=345
R1 [P2] iter 209: merge done, full_size=9731486
R0 [P2] iter 209: merge done, full_size=9686129
R0 [P2] iter 210 done: global_full_size=19417615
R1 [P2] iter 210 done: global_full_size=19417615
R0 [P2] iter 210: PRE-JOIN GPU mem: 84.5GB free / 85.1GB total | delta_size=363 full_size=9686129
R1 [P2] iter 210: PRE-JOIN GPU mem: 84.5GB free / 85.1GB total | delta_size=345 full_size=9731486
R0 [P2] iter 210: join done, raw=362 result_size=362
R1 [P2] iter 210: join done, raw=337 result_size=337
R0 [P2] iter 210: split done, delta_size=354
R1 [P2] iter 210: split done, delta_size=345
R0 [P2] iter 210: dedup done, delta_size=354
R1 [P2] iter 210: dedup done, delta_size=345
R0 [P2] iter 210: subtract done, delta_size=352
R1 [P2] iter 210: subtract done, delta_size=342
R1 [P2] iter 210: merge done, full_size=9731828
R0 [P2] iter 210: merge done, full_size=9686481
R0 [P2] iter 211 done: global_full_size=19418309
R1 [P2] iter 211 done: global_full_size=19418309
R0 [P2] iter 211: PRE-JOIN GPU mem: 84.5GB free / 85.1GB total | delta_size=352 full_size=9686481
R1 [P2] iter 211: PRE-JOIN GPU mem: 84.5GB free / 85.1GB total | delta_size=342 full_size=9731828
R0 [P2] iter 211: join done, raw=351 result_size=351
R1 [P2] iter 211: join done, raw=334 result_size=334
R0 [P2] iter 211: split done, delta_size=347
R1 [P2] iter 211: split done, delta_size=338
R0 [P2] iter 211: dedup done, delta_size=347
R1 [P2] iter 211: dedup done, delta_size=338
R0 [P2] iter 211: subtract done, delta_size=345
R1 [P2] iter 211: subtract done, delta_size=335
R1 [P2] iter 211: merge done, full_size=9732163
R0 [P2] iter 211: merge done, full_size=9686826
R0 [P2] iter 212 done: global_full_size=19418989
R1 [P2] iter 212 done: global_full_size=19418989
R0 [P2] iter 212: PRE-JOIN GPU mem: 84.5GB free / 85.1GB total | delta_size=345 full_size=9686826
R1 [P2] iter 212: PRE-JOIN GPU mem: 84.5GB free / 85.1GB total | delta_size=335 full_size=9732163
R0 [P2] iter 212: join done, raw=344 result_size=344
R1 [P2] iter 212: join done, raw=327 result_size=327
R0 [P2] iter 212: split done, delta_size=340
R1 [P2] iter 212: split done, delta_size=331
R0 [P2] iter 212: dedup done, delta_size=340
R1 [P2] iter 212: dedup done, delta_size=331
R0 [P2] iter 212: subtract done, delta_size=338
R1 [P2] iter 212: subtract done, delta_size=328
R0 [P2] iter 212: merge done, full_size=9687164
R0 [P2] iter 213 done: global_full_size=19419655
R1 [P2] iter 212: merge done, full_size=9732491
R1 [P2] iter 213 done: global_full_size=19419655
R0 [P2] iter 213: PRE-JOIN GPU mem: 84.5GB free / 85.1GB total | delta_size=338 full_size=9687164
R1 [P2] iter 213: PRE-JOIN GPU mem: 84.5GB free / 85.1GB total | delta_size=328 full_size=9732491
R0 [P2] iter 213: join done, raw=337 result_size=337
R1 [P2] iter 213: join done, raw=322 result_size=322
R0 [P2] iter 213: split done, delta_size=334
R1 [P2] iter 213: split done, delta_size=325
R0 [P2] iter 213: dedup done, delta_size=334
R1 [P2] iter 213: dedup done, delta_size=325
R0 [P2] iter 213: subtract done, delta_size=332
R1 [P2] iter 213: subtract done, delta_size=322
R0 [P2] iter 213: merge done, full_size=9687496
R0 [P2] iter 214 done: global_full_size=19420309
R1 [P2] iter 213: merge done, full_size=9732813
R1 [P2] iter 214 done: global_full_size=19420309
R0 [P2] iter 214: PRE-JOIN GPU mem: 84.5GB free / 85.1GB total | delta_size=332 full_size=9687496
R1 [P2] iter 214: PRE-JOIN GPU mem: 84.5GB free / 85.1GB total | delta_size=322 full_size=9732813
R0 [P2] iter 214: join done, raw=331 result_size=331
R1 [P2] iter 214: join done, raw=316 result_size=316
R0 [P2] iter 214: split done, delta_size=329
R1 [P2] iter 214: split done, delta_size=318
R0 [P2] iter 214: dedup done, delta_size=329
R1 [P2] iter 214: dedup done, delta_size=318
R0 [P2] iter 214: subtract done, delta_size=327
R1 [P2] iter 214: subtract done, delta_size=315
R0 [P2] iter 214: merge done, full_size=9687823
R0 [P2] iter 215 done: global_full_size=19420951
R1 [P2] iter 214: merge done, full_size=9733128
R1 [P2] iter 215 done: global_full_size=19420951
R0 [P2] iter 215: PRE-JOIN GPU mem: 84.5GB free / 85.1GB total | delta_size=327 full_size=9687823
R1 [P2] iter 215: PRE-JOIN GPU mem: 84.5GB free / 85.1GB total | delta_size=315 full_size=9733128
R0 [P2] iter 215: join done, raw=326 result_size=326
R1 [P2] iter 215: join done, raw=309 result_size=309
R0 [P2] iter 215: split done, delta_size=323
R1 [P2] iter 215: split done, delta_size=312
R0 [P2] iter 215: dedup done, delta_size=323
R1 [P2] iter 215: dedup done, delta_size=312
R0 [P2] iter 215: subtract done, delta_size=321
R1 [P2] iter 215: subtract done, delta_size=309
R0 [P2] iter 215: merge done, full_size=9688144
R0 [P2] iter 216 done: global_full_size=19421581
R1 [P2] iter 215: merge done, full_size=9733437
R1 [P2] iter 216 done: global_full_size=19421581
R0 [P2] iter 216: PRE-JOIN GPU mem: 84.5GB free / 85.1GB total | delta_size=321 full_size=9688144
R1 [P2] iter 216: PRE-JOIN GPU mem: 84.5GB free / 85.1GB total | delta_size=309 full_size=9733437
R0 [P2] iter 216: join done, raw=320 result_size=320
R1 [P2] iter 216: join done, raw=303 result_size=303
R0 [P2] iter 216: split done, delta_size=315
R1 [P2] iter 216: split done, delta_size=308
R0 [P2] iter 216: dedup done, delta_size=315
R1 [P2] iter 216: dedup done, delta_size=308
R0 [P2] iter 216: subtract done, delta_size=313
R1 [P2] iter 216: subtract done, delta_size=305
R0 [P2] iter 216: merge done, full_size=9688457
R0 [P2] iter 217 done: global_full_size=19422199
R1 [P2] iter 216: merge done, full_size=9733742
R1 [P2] iter 217 done: global_full_size=19422199
R0 [P2] iter 217: PRE-JOIN GPU mem: 84.5GB free / 85.1GB total | delta_size=313 full_size=9688457
R1 [P2] iter 217: PRE-JOIN GPU mem: 84.5GB free / 85.1GB total | delta_size=305 full_size=9733742
R0 [P2] iter 217: join done, raw=313 result_size=313
R1 [P2] iter 217: join done, raw=299 result_size=299
R0 [P2] iter 217: split done, delta_size=309
R1 [P2] iter 217: split done, delta_size=303
R0 [P2] iter 217: dedup done, delta_size=309
R1 [P2] iter 217: dedup done, delta_size=303
R0 [P2] iter 217: subtract done, delta_size=307
R1 [P2] iter 217: subtract done, delta_size=300
R0 [P2] iter 217: merge done, full_size=9688764
R0 [P2] iter 218 done: global_full_size=19422806
R1 [P2] iter 217: merge done, full_size=9734042
R1 [P2] iter 218 done: global_full_size=19422806
R0 [P2] iter 218: PRE-JOIN GPU mem: 84.5GB free / 85.1GB total | delta_size=307 full_size=9688764
R1 [P2] iter 218: PRE-JOIN GPU mem: 84.5GB free / 85.1GB total | delta_size=300 full_size=9734042
R1 [P2] iter 218: join done, raw=294 result_size=294
R0 [P2] iter 218: join done, raw=307 result_size=307
R0 [P2] iter 218: split done, delta_size=304
R1 [P2] iter 218: split done, delta_size=297
R0 [P2] iter 218: dedup done, delta_size=304
R1 [P2] iter 218: dedup done, delta_size=297
R0 [P2] iter 218: subtract done, delta_size=302
R1 [P2] iter 218: subtract done, delta_size=294
R0 [P2] iter 218: merge done, full_size=9689066
R0 [P2] iter 219 done: global_full_size=19423402
R1 [P2] iter 218: merge done, full_size=9734336
R1 [P2] iter 219 done: global_full_size=19423402
R0 [P2] iter 219: PRE-JOIN GPU mem: 84.5GB free / 85.1GB total | delta_size=302 full_size=9689066
R1 [P2] iter 219: PRE-JOIN GPU mem: 84.5GB free / 85.1GB total | delta_size=294 full_size=9734336
R0 [P2] iter 219: join done, raw=301 result_size=301
R1 [P2] iter 219: join done, raw=288 result_size=288
R0 [P2] iter 219: split done, delta_size=298
R1 [P2] iter 219: split done, delta_size=291
R0 [P2] iter 219: dedup done, delta_size=298
R1 [P2] iter 219: dedup done, delta_size=291
R0 [P2] iter 219: subtract done, delta_size=296
R1 [P2] iter 219: subtract done, delta_size=288
R1 [P2] iter 219: merge done, full_size=9734624
R0 [P2] iter 219: merge done, full_size=9689362
R0 [P2] iter 220 done: global_full_size=19423986
R1 [P2] iter 220 done: global_full_size=19423986
R0 [P2] iter 220: PRE-JOIN GPU mem: 84.5GB free / 85.1GB total | delta_size=296 full_size=9689362
R1 [P2] iter 220: PRE-JOIN GPU mem: 84.5GB free / 85.1GB total | delta_size=288 full_size=9734624
R0 [P2] iter 220: join done, raw=295 result_size=295
R1 [P2] iter 220: join done, raw=281 result_size=281
R0 [P2] iter 220: split done, delta_size=291
R1 [P2] iter 220: split done, delta_size=285
R1 [P2] iter 220: dedup done, delta_size=285
R0 [P2] iter 220: dedup done, delta_size=291
R0 [P2] iter 220: subtract done, delta_size=289
R1 [P2] iter 220: subtract done, delta_size=282
R0 [P2] iter 220: merge done, full_size=9689651
R0 [P2] iter 221 done: global_full_size=19424557
R1 [P2] iter 220: merge done, full_size=9734906
R1 [P2] iter 221 done: global_full_size=19424557
R0 [P2] iter 221: PRE-JOIN GPU mem: 84.5GB free / 85.1GB total | delta_size=289 full_size=9689651
R1 [P2] iter 221: PRE-JOIN GPU mem: 84.5GB free / 85.1GB total | delta_size=282 full_size=9734906
R1 [P2] iter 221: join done, raw=276 result_size=276
R0 [P2] iter 221: join done, raw=288 result_size=288
R0 [P2] iter 221: split done, delta_size=285
R1 [P2] iter 221: split done, delta_size=279
R1 [P2] iter 221: dedup done, delta_size=279
R0 [P2] iter 221: dedup done, delta_size=285
R1 [P2] iter 221: subtract done, delta_size=276
R0 [P2] iter 221: subtract done, delta_size=283
R0 [P2] iter 221: merge done, full_size=9689934
R0 [P2] iter 222 done: global_full_size=19425116
R1 [P2] iter 221: merge done, full_size=9735182
R1 [P2] iter 222 done: global_full_size=19425116
R0 [P2] iter 222: PRE-JOIN GPU mem: 84.5GB free / 85.1GB total | delta_size=283 full_size=9689934
R1 [P2] iter 222: PRE-JOIN GPU mem: 84.5GB free / 85.1GB total | delta_size=276 full_size=9735182
R0 [P2] iter 222: join done, raw=282 result_size=282
R1 [P2] iter 222: join done, raw=271 result_size=271
R0 [P2] iter 222: split done, delta_size=280
R1 [P2] iter 222: split done, delta_size=273
R0 [P2] iter 222: dedup done, delta_size=280
R1 [P2] iter 222: dedup done, delta_size=273
R1 [P2] iter 222: subtract done, delta_size=270
R0 [P2] iter 222: subtract done, delta_size=278
R0 [P2] iter 222: merge done, full_size=9690212
R0 [P2] iter 223 done: global_full_size=19425664
R1 [P2] iter 222: merge done, full_size=9735452
R1 [P2] iter 223 done: global_full_size=19425664
R0 [P2] iter 223: PRE-JOIN GPU mem: 84.5GB free / 85.1GB total | delta_size=278 full_size=9690212
R1 [P2] iter 223: PRE-JOIN GPU mem: 84.5GB free / 85.1GB total | delta_size=270 full_size=9735452
R0 [P2] iter 223: join done, raw=278 result_size=278
R1 [P2] iter 223: join done, raw=265 result_size=265
R0 [P2] iter 223: split done, delta_size=275
R1 [P2] iter 223: split done, delta_size=268
R0 [P2] iter 223: dedup done, delta_size=275
R1 [P2] iter 223: dedup done, delta_size=268
R0 [P2] iter 223: subtract done, delta_size=273
R1 [P2] iter 223: subtract done, delta_size=265
R1 [P2] iter 223: merge done, full_size=9735717
R0 [P2] iter 223: merge done, full_size=9690485
R0 [P2] iter 224 done: global_full_size=19426202
R1 [P2] iter 224 done: global_full_size=19426202
R0 [P2] iter 224: PRE-JOIN GPU mem: 84.5GB free / 85.1GB total | delta_size=273 full_size=9690485
R1 [P2] iter 224: PRE-JOIN GPU mem: 84.5GB free / 85.1GB total | delta_size=265 full_size=9735717
R0 [P2] iter 224: join done, raw=273 result_size=273
R1 [P2] iter 224: join done, raw=260 result_size=260
R0 [P2] iter 224: split done, delta_size=268
R1 [P2] iter 224: split done, delta_size=265
R0 [P2] iter 224: dedup done, delta_size=268
R1 [P2] iter 224: dedup done, delta_size=265
R0 [P2] iter 224: subtract done, delta_size=266
R1 [P2] iter 224: subtract done, delta_size=262
R1 [P2] iter 224: merge done, full_size=9735979
R0 [P2] iter 224: merge done, full_size=9690751
R0 [P2] iter 225 done: global_full_size=19426730
R1 [P2] iter 225 done: global_full_size=19426730
R0 [P2] iter 225: PRE-JOIN GPU mem: 84.5GB free / 85.1GB total | delta_size=266 full_size=9690751
R1 [P2] iter 225: PRE-JOIN GPU mem: 84.5GB free / 85.1GB total | delta_size=262 full_size=9735979
R0 [P2] iter 225: join done, raw=268 result_size=268
R1 [P2] iter 225: join done, raw=257 result_size=257
R0 [P2] iter 225: split done, delta_size=265
R1 [P2] iter 225: split done, delta_size=260
R0 [P2] iter 225: dedup done, delta_size=265
R1 [P2] iter 225: dedup done, delta_size=260
R0 [P2] iter 225: subtract done, delta_size=263
R1 [P2] iter 225: subtract done, delta_size=257
R0 [P2] iter 225: merge done, full_size=9691014
R0 [P2] iter 226 done: global_full_size=19427250
R1 [P2] iter 225: merge done, full_size=9736236
R1 [P2] iter 226 done: global_full_size=19427250
R0 [P2] iter 226: PRE-JOIN GPU mem: 84.5GB free / 85.1GB total | delta_size=263 full_size=9691014
R1 [P2] iter 226: PRE-JOIN GPU mem: 84.5GB free / 85.1GB total | delta_size=257 full_size=9736236
R0 [P2] iter 226: join done, raw=265 result_size=265
R1 [P2] iter 226: join done, raw=252 result_size=252
R0 [P2] iter 226: split done, delta_size=260
R1 [P2] iter 226: split done, delta_size=257
R0 [P2] iter 226: dedup done, delta_size=260
R1 [P2] iter 226: dedup done, delta_size=257
R0 [P2] iter 226: subtract done, delta_size=258
R1 [P2] iter 226: subtract done, delta_size=254
R0 [P2] iter 226: merge done, full_size=9691272
R0 [P2] iter 227 done: global_full_size=19427762
R1 [P2] iter 226: merge done, full_size=9736490
R1 [P2] iter 227 done: global_full_size=19427762
R0 [P2] iter 227: PRE-JOIN GPU mem: 84.5GB free / 85.1GB total | delta_size=258 full_size=9691272
R1 [P2] iter 227: PRE-JOIN GPU mem: 84.5GB free / 85.1GB total | delta_size=254 full_size=9736490
R0 [P2] iter 227: join done, raw=260 result_size=260
R1 [P2] iter 227: join done, raw=249 result_size=249
R0 [P2] iter 227: split done, delta_size=258
R1 [P2] iter 227: split done, delta_size=251
R0 [P2] iter 227: dedup done, delta_size=258
R1 [P2] iter 227: dedup done, delta_size=251
R0 [P2] iter 227: subtract done, delta_size=256
R1 [P2] iter 227: subtract done, delta_size=248
R0 [P2] iter 227: merge done, full_size=9691528
R0 [P2] iter 228 done: global_full_size=19428266
R1 [P2] iter 227: merge done, full_size=9736738
R1 [P2] iter 228 done: global_full_size=19428266
R0 [P2] iter 228: PRE-JOIN GPU mem: 84.5GB free / 85.1GB total | delta_size=256 full_size=9691528
R1 [P2] iter 228: PRE-JOIN GPU mem: 84.5GB free / 85.1GB total | delta_size=248 full_size=9736738
R0 [P2] iter 228: join done, raw=258 result_size=258
R1 [P2] iter 228: join done, raw=243 result_size=243
R0 [P2] iter 228: split done, delta_size=253
R1 [P2] iter 228: split done, delta_size=248
R0 [P2] iter 228: dedup done, delta_size=253
R1 [P2] iter 228: dedup done, delta_size=248
R0 [P2] iter 228: subtract done, delta_size=251
R1 [P2] iter 228: subtract done, delta_size=245
R0 [P2] iter 228: merge done, full_size=9691779
R0 [P2] iter 229 done: global_full_size=19428762
R1 [P2] iter 228: merge done, full_size=9736983
R1 [P2] iter 229 done: global_full_size=19428762
R0 [P2] iter 229: PRE-JOIN GPU mem: 84.5GB free / 85.1GB total | delta_size=251 full_size=9691779
R1 [P2] iter 229: PRE-JOIN GPU mem: 84.5GB free / 85.1GB total | delta_size=245 full_size=9736983
R0 [P2] iter 229: join done, raw=253 result_size=253
R1 [P2] iter 229: join done, raw=240 result_size=240
R0 [P2] iter 229: split done, delta_size=248
R1 [P2] iter 229: split done, delta_size=245
R0 [P2] iter 229: dedup done, delta_size=248
R1 [P2] iter 229: dedup done, delta_size=245
R0 [P2] iter 229: subtract done, delta_size=246
R1 [P2] iter 229: subtract done, delta_size=242
R0 [P2] iter 229: merge done, full_size=9692025
R0 [P2] iter 230 done: global_full_size=19429250
R1 [P2] iter 229: merge done, full_size=9737225
R1 [P2] iter 230 done: global_full_size=19429250
R0 [P2] iter 230: PRE-JOIN GPU mem: 84.5GB free / 85.1GB total | delta_size=246 full_size=9692025
R1 [P2] iter 230: PRE-JOIN GPU mem: 84.5GB free / 85.1GB total | delta_size=242 full_size=9737225
R0 [P2] iter 230: join done, raw=248 result_size=248
R1 [P2] iter 230: join done, raw=237 result_size=237
R0 [P2] iter 230: split done, delta_size=243
R1 [P2] iter 230: split done, delta_size=242
R0 [P2] iter 230: dedup done, delta_size=243
R1 [P2] iter 230: dedup done, delta_size=242
R0 [P2] iter 230: subtract done, delta_size=241
R1 [P2] iter 230: subtract done, delta_size=239
R0 [P2] iter 230: merge done, full_size=9692266
R0 [P2] iter 231 done: global_full_size=19429730
R1 [P2] iter 230: merge done, full_size=9737464
R1 [P2] iter 231 done: global_full_size=19429730
R0 [P2] iter 231: PRE-JOIN GPU mem: 84.5GB free / 85.1GB total | delta_size=241 full_size=9692266
R1 [P2] iter 231: PRE-JOIN GPU mem: 84.5GB free / 85.1GB total | delta_size=239 full_size=9737464
R0 [P2] iter 231: join done, raw=242 result_size=242
R1 [P2] iter 231: join done, raw=234 result_size=234
R0 [P2] iter 231: split done, delta_size=237
R1 [P2] iter 231: split done, delta_size=239
R0 [P2] iter 231: dedup done, delta_size=237
R1 [P2] iter 231: dedup done, delta_size=239
R0 [P2] iter 231: subtract done, delta_size=235
R1 [P2] iter 231: subtract done, delta_size=236
R1 [P2] iter 231: merge done, full_size=9737700
R0 [P2] iter 231: merge done, full_size=9692501
R0 [P2] iter 232 done: global_full_size=19430201
R1 [P2] iter 232 done: global_full_size=19430201
R0 [P2] iter 232: PRE-JOIN GPU mem: 84.5GB free / 85.1GB total | delta_size=235 full_size=9692501
R1 [P2] iter 232: PRE-JOIN GPU mem: 84.5GB free / 85.1GB total | delta_size=236 full_size=9737700
R0 [P2] iter 232: join done, raw=234 result_size=234
R1 [P2] iter 232: join done, raw=231 result_size=231
R0 [P2] iter 232: split done, delta_size=234
R1 [P2] iter 232: split done, delta_size=231
R0 [P2] iter 232: dedup done, delta_size=234
R1 [P2] iter 232: dedup done, delta_size=231
R0 [P2] iter 232: subtract done, delta_size=232
R1 [P2] iter 232: subtract done, delta_size=228
R0 [P2] iter 232: merge done, full_size=9692733
R0 [P2] iter 233 done: global_full_size=19430661
R1 [P2] iter 232: merge done, full_size=9737928
R1 [P2] iter 233 done: global_full_size=19430661
R0 [P2] iter 233: PRE-JOIN GPU mem: 84.5GB free / 85.1GB total | delta_size=232 full_size=9692733
R1 [P2] iter 233: PRE-JOIN GPU mem: 84.5GB free / 85.1GB total | delta_size=228 full_size=9737928
R0 [P2] iter 233: join done, raw=232 result_size=232
R1 [P2] iter 233: join done, raw=225 result_size=225
R0 [P2] iter 233: split done, delta_size=230
R1 [P2] iter 233: split done, delta_size=227
R0 [P2] iter 233: dedup done, delta_size=230
R1 [P2] iter 233: dedup done, delta_size=227
R0 [P2] iter 233: subtract done, delta_size=228
R1 [P2] iter 233: subtract done, delta_size=224
R1 [P2] iter 233: merge done, full_size=9738152
R0 [P2] iter 233: merge done, full_size=9692961
R0 [P2] iter 234 done: global_full_size=19431113
R1 [P2] iter 234 done: global_full_size=19431113
R0 [P2] iter 234: PRE-JOIN GPU mem: 84.5GB free / 85.1GB total | delta_size=228 full_size=9692961
R1 [P2] iter 234: PRE-JOIN GPU mem: 84.5GB free / 85.1GB total | delta_size=224 full_size=9738152
R0 [P2] iter 234: join done, raw=228 result_size=228
R1 [P2] iter 234: join done, raw=221 result_size=221
R0 [P2] iter 234: split done, delta_size=228
R1 [P2] iter 234: split done, delta_size=221
R0 [P2] iter 234: dedup done, delta_size=228
R1 [P2] iter 234: dedup done, delta_size=221
R0 [P2] iter 234: subtract done, delta_size=226
R1 [P2] iter 234: subtract done, delta_size=218
R1 [P2] iter 234: merge done, full_size=9738370
R0 [P2] iter 234: merge done, full_size=9693187
R0 [P2] iter 235 done: global_full_size=19431557
R1 [P2] iter 235 done: global_full_size=19431557
R0 [P2] iter 235: PRE-JOIN GPU mem: 84.5GB free / 85.1GB total | delta_size=226 full_size=9693187
R1 [P2] iter 235: PRE-JOIN GPU mem: 84.5GB free / 85.1GB total | delta_size=218 full_size=9738370
R0 [P2] iter 235: join done, raw=226 result_size=226
R1 [P2] iter 235: join done, raw=215 result_size=215
R0 [P2] iter 235: split done, delta_size=225
R1 [P2] iter 235: split done, delta_size=216
R0 [P2] iter 235: dedup done, delta_size=225
R1 [P2] iter 235: dedup done, delta_size=216
R0 [P2] iter 235: subtract done, delta_size=223
R1 [P2] iter 235: subtract done, delta_size=213
R0 [P2] iter 235: merge done, full_size=9693410
R0 [P2] iter 236 done: global_full_size=19431993
R1 [P2] iter 235: merge done, full_size=9738583
R1 [P2] iter 236 done: global_full_size=19431993
R0 [P2] iter 236: PRE-JOIN GPU mem: 84.5GB free / 85.1GB total | delta_size=223 full_size=9693410
R1 [P2] iter 236: PRE-JOIN GPU mem: 84.5GB free / 85.1GB total | delta_size=213 full_size=9738583
R0 [P2] iter 236: join done, raw=223 result_size=223
R1 [P2] iter 236: join done, raw=211 result_size=211
R0 [P2] iter 236: split done, delta_size=223
R1 [P2] iter 236: split done, delta_size=211
R0 [P2] iter 236: dedup done, delta_size=223
R1 [P2] iter 236: dedup done, delta_size=211
R0 [P2] iter 236: subtract done, delta_size=221
R1 [P2] iter 236: subtract done, delta_size=208
R1 [P2] iter 236: merge done, full_size=9738791
R0 [P2] iter 236: merge done, full_size=9693631
R0 [P2] iter 237 done: global_full_size=19432422
R1 [P2] iter 237 done: global_full_size=19432422
R0 [P2] iter 237: PRE-JOIN GPU mem: 84.5GB free / 85.1GB total | delta_size=221 full_size=9693631
R1 [P2] iter 237: PRE-JOIN GPU mem: 84.5GB free / 85.1GB total | delta_size=208 full_size=9738791
R0 [P2] iter 237: join done, raw=221 result_size=221
R1 [P2] iter 237: join done, raw=207 result_size=207
R0 [P2] iter 237: split done, delta_size=218
R1 [P2] iter 237: split done, delta_size=210
R0 [P2] iter 237: dedup done, delta_size=218
R1 [P2] iter 237: dedup done, delta_size=210
R0 [P2] iter 237: subtract done, delta_size=216
R1 [P2] iter 237: subtract done, delta_size=207
R0 [P2] iter 237: merge done, full_size=9693847
R0 [P2] iter 238 done: global_full_size=19432845
R1 [P2] iter 237: merge done, full_size=9738998
R1 [P2] iter 238 done: global_full_size=19432845
R0 [P2] iter 238: PRE-JOIN GPU mem: 84.5GB free / 85.1GB total | delta_size=216 full_size=9693847
R1 [P2] iter 238: PRE-JOIN GPU mem: 84.5GB free / 85.1GB total | delta_size=207 full_size=9738998
R0 [P2] iter 238: join done, raw=216 result_size=216
R1 [P2] iter 238: join done, raw=206 result_size=206
R0 [P2] iter 238: split done, delta_size=216
R1 [P2] iter 238: split done, delta_size=206
R0 [P2] iter 238: dedup done, delta_size=216
R1 [P2] iter 238: dedup done, delta_size=206
R0 [P2] iter 238: subtract done, delta_size=214
R1 [P2] iter 238: subtract done, delta_size=203
R0 [P2] iter 238: merge done, full_size=9694061
R0 [P2] iter 239 done: global_full_size=19433262
R1 [P2] iter 238: merge done, full_size=9739201
R1 [P2] iter 239 done: global_full_size=19433262
R0 [P2] iter 239: PRE-JOIN GPU mem: 84.5GB free / 85.1GB total | delta_size=214 full_size=9694061
R1 [P2] iter 239: PRE-JOIN GPU mem: 84.5GB free / 85.1GB total | delta_size=203 full_size=9739201
R0 [P2] iter 239: join done, raw=214 result_size=214
R1 [P2] iter 239: join done, raw=202 result_size=202
R0 [P2] iter 239: split done, delta_size=212
R1 [P2] iter 239: split done, delta_size=204
R0 [P2] iter 239: dedup done, delta_size=212
R1 [P2] iter 239: dedup done, delta_size=204
R0 [P2] iter 239: subtract done, delta_size=210
R1 [P2] iter 239: subtract done, delta_size=201
R0 [P2] iter 239: merge done, full_size=9694271
R0 [P2] iter 240 done: global_full_size=19433673
R1 [P2] iter 239: merge done, full_size=9739402
R1 [P2] iter 240 done: global_full_size=19433673
R0 [P2] iter 240: PRE-JOIN GPU mem: 84.5GB free / 85.1GB total | delta_size=210 full_size=9694271
R1 [P2] iter 240: PRE-JOIN GPU mem: 84.5GB free / 85.1GB total | delta_size=201 full_size=9739402
R0 [P2] iter 240: join done, raw=210 result_size=210
R1 [P2] iter 240: join done, raw=200 result_size=200
R0 [P2] iter 240: split done, delta_size=208
R1 [P2] iter 240: split done, delta_size=202
R0 [P2] iter 240: dedup done, delta_size=208
R1 [P2] iter 240: dedup done, delta_size=202
R1 [P2] iter 240: subtract done, delta_size=199
R0 [P2] iter 240: subtract done, delta_size=206
R0 [P2] iter 240: merge done, full_size=9694477
R0 [P2] iter 241 done: global_full_size=19434078
R1 [P2] iter 240: merge done, full_size=9739601
R1 [P2] iter 241 done: global_full_size=19434078
R0 [P2] iter 241: PRE-JOIN GPU mem: 84.5GB free / 85.1GB total | delta_size=206 full_size=9694477
R1 [P2] iter 241: PRE-JOIN GPU mem: 84.5GB free / 85.1GB total | delta_size=199 full_size=9739601
R0 [P2] iter 241: join done, raw=206 result_size=206
R1 [P2] iter 241: join done, raw=198 result_size=198
R0 [P2] iter 241: split done, delta_size=204
R1 [P2] iter 241: split done, delta_size=200
R0 [P2] iter 241: dedup done, delta_size=204
R1 [P2] iter 241: dedup done, delta_size=200
R0 [P2] iter 241: subtract done, delta_size=202
R1 [P2] iter 241: subtract done, delta_size=197
R0 [P2] iter 241: merge done, full_size=9694679
R0 [P2] iter 242 done: global_full_size=19434477
R1 [P2] iter 241: merge done, full_size=9739798
R1 [P2] iter 242 done: global_full_size=19434477
R0 [P2] iter 242: PRE-JOIN GPU mem: 84.5GB free / 85.1GB total | delta_size=202 full_size=9694679
R1 [P2] iter 242: PRE-JOIN GPU mem: 84.5GB free / 85.1GB total | delta_size=197 full_size=9739798
R0 [P2] iter 242: join done, raw=202 result_size=202
R1 [P2] iter 242: join done, raw=196 result_size=196
R0 [P2] iter 242: split done, delta_size=201
R1 [P2] iter 242: split done, delta_size=197
R0 [P2] iter 242: dedup done, delta_size=201
R1 [P2] iter 242: dedup done, delta_size=197
R0 [P2] iter 242: subtract done, delta_size=199
R1 [P2] iter 242: subtract done, delta_size=194
R0 [P2] iter 242: merge done, full_size=9694878
R0 [P2] iter 243 done: global_full_size=19434870
R1 [P2] iter 242: merge done, full_size=9739992
R1 [P2] iter 243 done: global_full_size=19434870
R0 [P2] iter 243: PRE-JOIN GPU mem: 84.5GB free / 85.1GB total | delta_size=199 full_size=9694878
R1 [P2] iter 243: PRE-JOIN GPU mem: 84.5GB free / 85.1GB total | delta_size=194 full_size=9739992
R0 [P2] iter 243: join done, raw=199 result_size=199
R1 [P2] iter 243: join done, raw=193 result_size=193
R0 [P2] iter 243: split done, delta_size=199
R1 [P2] iter 243: split done, delta_size=193
R0 [P2] iter 243: dedup done, delta_size=199
R1 [P2] iter 243: dedup done, delta_size=193
R0 [P2] iter 243: subtract done, delta_size=197
R1 [P2] iter 243: subtract done, delta_size=190
R0 [P2] iter 243: merge done, full_size=9695075
R0 [P2] iter 244 done: global_full_size=19435257
R1 [P2] iter 243: merge done, full_size=9740182
R1 [P2] iter 244 done: global_full_size=19435257
R0 [P2] iter 244: PRE-JOIN GPU mem: 84.5GB free / 85.1GB total | delta_size=197 full_size=9695075
R1 [P2] iter 244: PRE-JOIN GPU mem: 84.5GB free / 85.1GB total | delta_size=190 full_size=9740182
R0 [P2] iter 244: join done, raw=197 result_size=197
R1 [P2] iter 244: join done, raw=189 result_size=189
R0 [P2] iter 244: split done, delta_size=196
R1 [P2] iter 244: split done, delta_size=190
R0 [P2] iter 244: dedup done, delta_size=196
R1 [P2] iter 244: dedup done, delta_size=190
R0 [P2] iter 244: subtract done, delta_size=194
R1 [P2] iter 244: subtract done, delta_size=187
R1 [P2] iter 244: merge done, full_size=9740369
R0 [P2] iter 244: merge done, full_size=9695269
R0 [P2] iter 245 done: global_full_size=19435638
R1 [P2] iter 245 done: global_full_size=19435638
R0 [P2] iter 245: PRE-JOIN GPU mem: 84.5GB free / 85.1GB total | delta_size=194 full_size=9695269
R1 [P2] iter 245: PRE-JOIN GPU mem: 84.5GB free / 85.1GB total | delta_size=187 full_size=9740369
R0 [P2] iter 245: join done, raw=192 result_size=192
R1 [P2] iter 245: join done, raw=185 result_size=185
R0 [P2] iter 245: split done, delta_size=191
R1 [P2] iter 245: split done, delta_size=186
R0 [P2] iter 245: dedup done, delta_size=191
R1 [P2] iter 245: dedup done, delta_size=186
R0 [P2] iter 245: subtract done, delta_size=189
R1 [P2] iter 245: subtract done, delta_size=183
R1 [P2] iter 245: merge done, full_size=9740552
R0 [P2] iter 245: merge done, full_size=9695458
R0 [P2] iter 246 done: global_full_size=19436010
R1 [P2] iter 246 done: global_full_size=19436010
R0 [P2] iter 246: PRE-JOIN GPU mem: 84.5GB free / 85.1GB total | delta_size=189 full_size=9695458
R1 [P2] iter 246: PRE-JOIN GPU mem: 84.5GB free / 85.1GB total | delta_size=183 full_size=9740552
R0 [P2] iter 246: join done, raw=187 result_size=187
R1 [P2] iter 246: join done, raw=182 result_size=182
R0 [P2] iter 246: split done, delta_size=190
R1 [P2] iter 246: split done, delta_size=179
R0 [P2] iter 246: dedup done, delta_size=190
R1 [P2] iter 246: dedup done, delta_size=179
R0 [P2] iter 246: subtract done, delta_size=188
R1 [P2] iter 246: subtract done, delta_size=176
R1 [P2] iter 246: merge done, full_size=9740728
R0 [P2] iter 246: merge done, full_size=9695646
R0 [P2] iter 247 done: global_full_size=19436374
R1 [P2] iter 247 done: global_full_size=19436374
R0 [P2] iter 247: PRE-JOIN GPU mem: 84.5GB free / 85.1GB total | delta_size=188 full_size=9695646
R1 [P2] iter 247: PRE-JOIN GPU mem: 84.5GB free / 85.1GB total | delta_size=176 full_size=9740728
R0 [P2] iter 247: join done, raw=186 result_size=186
R1 [P2] iter 247: join done, raw=174 result_size=174
R0 [P2] iter 247: split done, delta_size=186
R1 [P2] iter 247: split done, delta_size=174
R0 [P2] iter 247: dedup done, delta_size=186
R1 [P2] iter 247: dedup done, delta_size=174
R0 [P2] iter 247: subtract done, delta_size=184
R1 [P2] iter 247: subtract done, delta_size=171
R0 [P2] iter 247: merge done, full_size=9695830
R0 [P2] iter 248 done: global_full_size=19436729
R1 [P2] iter 247: merge done, full_size=9740899
R1 [P2] iter 248 done: global_full_size=19436729
R0 [P2] iter 248: PRE-JOIN GPU mem: 84.5GB free / 85.1GB total | delta_size=184 full_size=9695830
R1 [P2] iter 248: PRE-JOIN GPU mem: 84.5GB free / 85.1GB total | delta_size=171 full_size=9740899
R0 [P2] iter 248: join done, raw=182 result_size=182
R1 [P2] iter 248: join done, raw=170 result_size=170
R0 [P2] iter 248: split done, delta_size=181
R1 [P2] iter 248: split done, delta_size=171
R0 [P2] iter 248: dedup done, delta_size=181
R1 [P2] iter 248: dedup done, delta_size=171
R0 [P2] iter 248: subtract done, delta_size=179
R1 [P2] iter 248: subtract done, delta_size=168
R1 [P2] iter 248: merge done, full_size=9741067
R0 [P2] iter 248: merge done, full_size=9696009
R0 [P2] iter 249 done: global_full_size=19437076
R1 [P2] iter 249 done: global_full_size=19437076
R0 [P2] iter 249: PRE-JOIN GPU mem: 84.5GB free / 85.1GB total | delta_size=179 full_size=9696009
R1 [P2] iter 249: PRE-JOIN GPU mem: 84.5GB free / 85.1GB total | delta_size=168 full_size=9741067
R0 [P2] iter 249: join done, raw=177 result_size=177
R1 [P2] iter 249: join done, raw=167 result_size=167
R0 [P2] iter 249: split done, delta_size=178
R1 [P2] iter 249: split done, delta_size=166
R0 [P2] iter 249: dedup done, delta_size=178
R1 [P2] iter 249: dedup done, delta_size=166
R0 [P2] iter 249: subtract done, delta_size=176
R1 [P2] iter 249: subtract done, delta_size=163
R0 [P2] iter 249: merge done, full_size=9696185
R0 [P2] iter 250 done: global_full_size=19437415
R1 [P2] iter 249: merge done, full_size=9741230
R1 [P2] iter 250 done: global_full_size=19437415
R0 [P2] iter 250: PRE-JOIN GPU mem: 84.5GB free / 85.1GB total | delta_size=176 full_size=9696185
R1 [P2] iter 250: PRE-JOIN GPU mem: 84.5GB free / 85.1GB total | delta_size=163 full_size=9741230
R0 [P2] iter 250: join done, raw=174 result_size=174
R1 [P2] iter 250: join done, raw=162 result_size=162
R0 [P2] iter 250: split done, delta_size=173
R1 [P2] iter 250: split done, delta_size=163
R0 [P2] iter 250: dedup done, delta_size=173
R1 [P2] iter 250: dedup done, delta_size=163
R0 [P2] iter 250: subtract done, delta_size=171
R1 [P2] iter 250: subtract done, delta_size=160
R1 [P2] iter 250: merge done, full_size=9741390
R0 [P2] iter 250: merge done, full_size=9696356
R0 [P2] iter 251 done: global_full_size=19437746
R1 [P2] iter 251 done: global_full_size=19437746
R0 [P2] iter 251: PRE-JOIN GPU mem: 84.5GB free / 85.1GB total | delta_size=171 full_size=9696356
R1 [P2] iter 251: PRE-JOIN GPU mem: 84.5GB free / 85.1GB total | delta_size=160 full_size=9741390
R0 [P2] iter 251: join done, raw=169 result_size=169
R1 [P2] iter 251: join done, raw=158 result_size=158
R0 [P2] iter 251: split done, delta_size=168
R1 [P2] iter 251: split done, delta_size=159
R0 [P2] iter 251: dedup done, delta_size=168
R1 [P2] iter 251: dedup done, delta_size=159
R0 [P2] iter 251: subtract done, delta_size=166
R1 [P2] iter 251: subtract done, delta_size=156
R1 [P2] iter 251: merge done, full_size=9741546
R0 [P2] iter 251: merge done, full_size=9696522
R0 [P2] iter 252 done: global_full_size=19438068
R1 [P2] iter 252 done: global_full_size=19438068
R0 [P2] iter 252: PRE-JOIN GPU mem: 84.5GB free / 85.1GB total | delta_size=166 full_size=9696522
R1 [P2] iter 252: PRE-JOIN GPU mem: 84.5GB free / 85.1GB total | delta_size=156 full_size=9741546
R0 [P2] iter 252: join done, raw=165 result_size=165
R1 [P2] iter 252: join done, raw=154 result_size=154
R0 [P2] iter 252: split done, delta_size=164
R1 [P2] iter 252: split done, delta_size=155
R0 [P2] iter 252: dedup done, delta_size=164
R1 [P2] iter 252: dedup done, delta_size=155
R0 [P2] iter 252: subtract done, delta_size=162
R1 [P2] iter 252: subtract done, delta_size=152
R0 [P2] iter 252: merge done, full_size=9696684
R1 [P2] iter 252: merge done, full_size=9741698
R1 [P2] iter 253 done: global_full_size=19438382
R0 [P2] iter 253 done: global_full_size=19438382
R0 [P2] iter 253: PRE-JOIN GPU mem: 84.5GB free / 85.1GB total | delta_size=162 full_size=9696684
R1 [P2] iter 253: PRE-JOIN GPU mem: 84.5GB free / 85.1GB total | delta_size=152 full_size=9741698
R0 [P2] iter 253: join done, raw=161 result_size=161
R1 [P2] iter 253: join done, raw=150 result_size=150
R0 [P2] iter 253: split done, delta_size=159
R1 [P2] iter 253: split done, delta_size=152
R0 [P2] iter 253: dedup done, delta_size=159
R1 [P2] iter 253: dedup done, delta_size=152
R0 [P2] iter 253: subtract done, delta_size=157
R1 [P2] iter 253: subtract done, delta_size=149
R1 [P2] iter 253: merge done, full_size=9741847
R0 [P2] iter 253: merge done, full_size=9696841
R0 [P2] iter 254 done: global_full_size=19438688
R1 [P2] iter 254 done: global_full_size=19438688
R0 [P2] iter 254: PRE-JOIN GPU mem: 84.5GB free / 85.1GB total | delta_size=157 full_size=9696841
R1 [P2] iter 254: PRE-JOIN GPU mem: 84.5GB free / 85.1GB total | delta_size=149 full_size=9741847
R0 [P2] iter 254: join done, raw=156 result_size=156
R1 [P2] iter 254: join done, raw=147 result_size=147
R0 [P2] iter 254: split done, delta_size=155
R1 [P2] iter 254: split done, delta_size=148
R0 [P2] iter 254: dedup done, delta_size=155
R1 [P2] iter 254: dedup done, delta_size=148
R0 [P2] iter 254: subtract done, delta_size=153
R1 [P2] iter 254: subtract done, delta_size=145
R1 [P2] iter 254: merge done, full_size=9741992
R0 [P2] iter 254: merge done, full_size=9696994
R0 [P2] iter 255 done: global_full_size=19438986
R1 [P2] iter 255 done: global_full_size=19438986
R0 [P2] iter 255: PRE-JOIN GPU mem: 84.5GB free / 85.1GB total | delta_size=153 full_size=9696994
R1 [P2] iter 255: PRE-JOIN GPU mem: 84.5GB free / 85.1GB total | delta_size=145 full_size=9741992
R0 [P2] iter 255: join done, raw=153 result_size=153
R1 [P2] iter 255: join done, raw=143 result_size=143
R0 [P2] iter 255: split done, delta_size=154
R1 [P2] iter 255: split done, delta_size=142
R0 [P2] iter 255: dedup done, delta_size=154
R1 [P2] iter 255: dedup done, delta_size=142
R0 [P2] iter 255: subtract done, delta_size=152
R1 [P2] iter 255: subtract done, delta_size=139
R1 [P2] iter 255: merge done, full_size=9742131
R0 [P2] iter 255: merge done, full_size=9697146
R0 [P2] iter 256 done: global_full_size=19439277
R1 [P2] iter 256 done: global_full_size=19439277
R0 [P2] iter 256: PRE-JOIN GPU mem: 84.5GB free / 85.1GB total | delta_size=152 full_size=9697146
R1 [P2] iter 256: PRE-JOIN GPU mem: 84.5GB free / 85.1GB total | delta_size=139 full_size=9742131
R0 [P2] iter 256: join done, raw=152 result_size=152
R1 [P2] iter 256: join done, raw=137 result_size=137
R0 [P2] iter 256: split done, delta_size=147
R1 [P2] iter 256: split done, delta_size=142
R0 [P2] iter 256: dedup done, delta_size=147
R1 [P2] iter 256: dedup done, delta_size=142
R0 [P2] iter 256: subtract done, delta_size=145
R1 [P2] iter 256: subtract done, delta_size=139
R1 [P2] iter 256: merge done, full_size=9742270
R0 [P2] iter 256: merge done, full_size=9697291
R0 [P2] iter 257 done: global_full_size=19439561
R1 [P2] iter 257 done: global_full_size=19439561
R0 [P2] iter 257: PRE-JOIN GPU mem: 84.5GB free / 85.1GB total | delta_size=145 full_size=9697291
R1 [P2] iter 257: PRE-JOIN GPU mem: 84.5GB free / 85.1GB total | delta_size=139 full_size=9742270
R0 [P2] iter 257: join done, raw=144 result_size=144
R1 [P2] iter 257: join done, raw=137 result_size=137
R0 [P2] iter 257: split done, delta_size=143
R1 [P2] iter 257: split done, delta_size=138
R0 [P2] iter 257: dedup done, delta_size=143
R1 [P2] iter 257: dedup done, delta_size=138
R0 [P2] iter 257: subtract done, delta_size=141
R1 [P2] iter 257: subtract done, delta_size=135
R1 [P2] iter 257: merge done, full_size=9742405
R0 [P2] iter 257: merge done, full_size=9697432
R0 [P2] iter 258 done: global_full_size=19439837
R1 [P2] iter 258 done: global_full_size=19439837
R0 [P2] iter 258: PRE-JOIN GPU mem: 84.5GB free / 85.1GB total | delta_size=141 full_size=9697432
R1 [P2] iter 258: PRE-JOIN GPU mem: 84.5GB free / 85.1GB total | delta_size=135 full_size=9742405
R0 [P2] iter 258: join done, raw=141 result_size=141
R1 [P2] iter 258: join done, raw=133 result_size=133
R0 [P2] iter 258: split done, delta_size=141
R1 [P2] iter 258: split done, delta_size=133
R0 [P2] iter 258: dedup done, delta_size=141
R1 [P2] iter 258: dedup done, delta_size=133
R0 [P2] iter 258: subtract done, delta_size=139
R1 [P2] iter 258: subtract done, delta_size=130
R0 [P2] iter 258: merge done, full_size=9697571
R1 [P2] iter 258: merge done, full_size=9742535
R1 [P2] iter 259 done: global_full_size=19440106
R0 [P2] iter 259 done: global_full_size=19440106
R0 [P2] iter 259: PRE-JOIN GPU mem: 84.5GB free / 85.1GB total | delta_size=139 full_size=9697571
R1 [P2] iter 259: PRE-JOIN GPU mem: 84.5GB free / 85.1GB total | delta_size=130 full_size=9742535
R0 [P2] iter 259: join done, raw=139 result_size=139
R1 [P2] iter 259: join done, raw=129 result_size=129
R0 [P2] iter 259: split done, delta_size=136
R1 [P2] iter 259: split done, delta_size=132
R0 [P2] iter 259: dedup done, delta_size=136
R1 [P2] iter 259: dedup done, delta_size=132
R0 [P2] iter 259: subtract done, delta_size=134
R1 [P2] iter 259: subtract done, delta_size=129
R1 [P2] iter 259: merge done, full_size=9742664
R0 [P2] iter 259: merge done, full_size=9697705
R0 [P2] iter 260 done: global_full_size=19440369
R1 [P2] iter 260 done: global_full_size=19440369
R0 [P2] iter 260: PRE-JOIN GPU mem: 84.5GB free / 85.1GB total | delta_size=134 full_size=9697705
R1 [P2] iter 260: PRE-JOIN GPU mem: 84.5GB free / 85.1GB total | delta_size=129 full_size=9742664
R0 [P2] iter 260: join done, raw=134 result_size=134
R1 [P2] iter 260: join done, raw=128 result_size=128
R0 [P2] iter 260: split done, delta_size=132
R1 [P2] iter 260: split done, delta_size=130
R0 [P2] iter 260: dedup done, delta_size=132
R1 [P2] iter 260: dedup done, delta_size=130
R0 [P2] iter 260: subtract done, delta_size=130
R1 [P2] iter 260: subtract done, delta_size=127
R1 [P2] iter 260: merge done, full_size=9742791
R0 [P2] iter 260: merge done, full_size=9697835
R0 [P2] iter 261 done: global_full_size=19440626
R1 [P2] iter 261 done: global_full_size=19440626
R0 [P2] iter 261: PRE-JOIN GPU mem: 84.5GB free / 85.1GB total | delta_size=130 full_size=9697835
R1 [P2] iter 261: PRE-JOIN GPU mem: 84.5GB free / 85.1GB total | delta_size=127 full_size=9742791
R0 [P2] iter 261: join done, raw=130 result_size=130
R1 [P2] iter 261: join done, raw=126 result_size=126
R0 [P2] iter 261: split done, delta_size=128
R1 [P2] iter 261: split done, delta_size=128
R0 [P2] iter 261: dedup done, delta_size=128
R1 [P2] iter 261: dedup done, delta_size=128
R0 [P2] iter 261: subtract done, delta_size=126
R1 [P2] iter 261: subtract done, delta_size=125
R1 [P2] iter 261: merge done, full_size=9742916
R0 [P2] iter 261: merge done, full_size=9697961
R0 [P2] iter 262 done: global_full_size=19440877
R1 [P2] iter 262 done: global_full_size=19440877
R0 [P2] iter 262: PRE-JOIN GPU mem: 84.5GB free / 85.1GB total | delta_size=126 full_size=9697961
R1 [P2] iter 262: PRE-JOIN GPU mem: 84.5GB free / 85.1GB total | delta_size=125 full_size=9742916
R0 [P2] iter 262: join done, raw=126 result_size=126
R1 [P2] iter 262: join done, raw=124 result_size=124
R0 [P2] iter 262: split done, delta_size=126
R1 [P2] iter 262: split done, delta_size=124
R0 [P2] iter 262: dedup done, delta_size=126
R1 [P2] iter 262: dedup done, delta_size=124
R0 [P2] iter 262: subtract done, delta_size=124
R1 [P2] iter 262: subtract done, delta_size=121
R0 [P2] iter 262: merge done, full_size=9698085
R1 [P2] iter 262: merge done, full_size=9743037
R1 [P2] iter 263 done: global_full_size=19441122
R0 [P2] iter 263 done: global_full_size=19441122
R0 [P2] iter 263: PRE-JOIN GPU mem: 84.5GB free / 85.1GB total | delta_size=124 full_size=9698085
R1 [P2] iter 263: PRE-JOIN GPU mem: 84.5GB free / 85.1GB total | delta_size=121 full_size=9743037
R0 [P2] iter 263: join done, raw=124 result_size=124
R1 [P2] iter 263: join done, raw=120 result_size=120
R0 [P2] iter 263: split done, delta_size=122
R1 [P2] iter 263: split done, delta_size=122
R0 [P2] iter 263: dedup done, delta_size=122
R1 [P2] iter 263: dedup done, delta_size=122
R0 [P2] iter 263: subtract done, delta_size=120
R1 [P2] iter 263: subtract done, delta_size=119
R1 [P2] iter 263: merge done, full_size=9743156
R0 [P2] iter 263: merge done, full_size=9698205
R0 [P2] iter 264 done: global_full_size=19441361
R1 [P2] iter 264 done: global_full_size=19441361
R0 [P2] iter 264: PRE-JOIN GPU mem: 84.5GB free / 85.1GB total | delta_size=120 full_size=9698205
R1 [P2] iter 264: PRE-JOIN GPU mem: 84.5GB free / 85.1GB total | delta_size=119 full_size=9743156
R0 [P2] iter 264: join done, raw=120 result_size=120
R1 [P2] iter 264: join done, raw=118 result_size=118
R0 [P2] iter 264: split done, delta_size=118
R1 [P2] iter 264: split done, delta_size=120
R0 [P2] iter 264: dedup done, delta_size=118
R1 [P2] iter 264: dedup done, delta_size=120
R1 [P2] iter 264: subtract done, delta_size=117
R0 [P2] iter 264: subtract done, delta_size=116
R0 [P2] iter 264: merge done, full_size=9698321
R1 [P2] iter 264: merge done, full_size=9743273
R1 [P2] iter 265 done: global_full_size=19441594
R0 [P2] iter 265 done: global_full_size=19441594
R0 [P2] iter 265: PRE-JOIN GPU mem: 84.5GB free / 85.1GB total | delta_size=116 full_size=9698321
R1 [P2] iter 265: PRE-JOIN GPU mem: 84.5GB free / 85.1GB total | delta_size=117 full_size=9743273
R0 [P2] iter 265: join done, raw=116 result_size=116
R1 [P2] iter 265: join done, raw=116 result_size=116
R0 [P2] iter 265: split done, delta_size=116
R1 [P2] iter 265: split done, delta_size=116
R0 [P2] iter 265: dedup done, delta_size=116
R1 [P2] iter 265: dedup done, delta_size=116
R0 [P2] iter 265: subtract done, delta_size=114
R1 [P2] iter 265: subtract done, delta_size=113
R1 [P2] iter 265: merge done, full_size=9743386
R0 [P2] iter 265: merge done, full_size=9698435
R0 [P2] iter 266 done: global_full_size=19441821
R1 [P2] iter 266 done: global_full_size=19441821
R0 [P2] iter 266: PRE-JOIN GPU mem: 84.5GB free / 85.1GB total | delta_size=114 full_size=9698435
R1 [P2] iter 266: PRE-JOIN GPU mem: 84.5GB free / 85.1GB total | delta_size=113 full_size=9743386
R0 [P2] iter 266: join done, raw=114 result_size=114
R1 [P2] iter 266: join done, raw=112 result_size=112
R0 [P2] iter 266: split done, delta_size=113
R1 [P2] iter 266: split done, delta_size=113
R0 [P2] iter 266: dedup done, delta_size=113
R1 [P2] iter 266: dedup done, delta_size=113
R1 [P2] iter 266: subtract done, delta_size=110
R0 [P2] iter 266: subtract done, delta_size=111
R0 [P2] iter 266: merge done, full_size=9698546
R1 [P2] iter 266: merge done, full_size=9743496
R1 [P2] iter 267 done: global_full_size=19442042
R0 [P2] iter 267 done: global_full_size=19442042
R0 [P2] iter 267: PRE-JOIN GPU mem: 84.5GB free / 85.1GB total | delta_size=111 full_size=9698546
R1 [P2] iter 267: PRE-JOIN GPU mem: 84.5GB free / 85.1GB total | delta_size=110 full_size=9743496
R1 [P2] iter 267: join done, raw=109 result_size=109
R0 [P2] iter 267: join done, raw=111 result_size=111
R0 [P2] iter 267: split done, delta_size=110
R1 [P2] iter 267: split done, delta_size=110
R0 [P2] iter 267: dedup done, delta_size=110
R1 [P2] iter 267: dedup done, delta_size=110
R0 [P2] iter 267: subtract done, delta_size=108
R1 [P2] iter 267: subtract done, delta_size=107
R1 [P2] iter 267: merge done, full_size=9743603
R0 [P2] iter 267: merge done, full_size=9698654
R0 [P2] iter 268 done: global_full_size=19442257
R1 [P2] iter 268 done: global_full_size=19442257
R0 [P2] iter 268: PRE-JOIN GPU mem: 84.5GB free / 85.1GB total | delta_size=108 full_size=9698654
R1 [P2] iter 268: PRE-JOIN GPU mem: 84.5GB free / 85.1GB total | delta_size=107 full_size=9743603
R0 [P2] iter 268: join done, raw=108 result_size=108
R1 [P2] iter 268: join done, raw=106 result_size=106
R0 [P2] iter 268: split done, delta_size=107
R1 [P2] iter 268: split done, delta_size=107
R0 [P2] iter 268: dedup done, delta_size=107
R1 [P2] iter 268: dedup done, delta_size=107
R0 [P2] iter 268: subtract done, delta_size=105
R1 [P2] iter 268: subtract done, delta_size=104
R1 [P2] iter 268: merge done, full_size=9743707
R0 [P2] iter 268: merge done, full_size=9698759
R0 [P2] iter 269 done: global_full_size=19442466
R1 [P2] iter 269 done: global_full_size=19442466
R0 [P2] iter 269: PRE-JOIN GPU mem: 84.5GB free / 85.1GB total | delta_size=105 full_size=9698759
R1 [P2] iter 269: PRE-JOIN GPU mem: 84.5GB free / 85.1GB total | delta_size=104 full_size=9743707
R0 [P2] iter 269: join done, raw=105 result_size=105
R1 [P2] iter 269: join done, raw=102 result_size=102
R0 [P2] iter 269: split done, delta_size=102
R1 [P2] iter 269: split done, delta_size=105
R0 [P2] iter 269: dedup done, delta_size=102
R1 [P2] iter 269: dedup done, delta_size=105
R0 [P2] iter 269: subtract done, delta_size=100
R1 [P2] iter 269: subtract done, delta_size=102
R1 [P2] iter 269: merge done, full_size=9743809
R0 [P2] iter 269: merge done, full_size=9698859
R0 [P2] iter 270 done: global_full_size=19442668
R1 [P2] iter 270 done: global_full_size=19442668
R0 [P2] iter 270: PRE-JOIN GPU mem: 84.5GB free / 85.1GB total | delta_size=100 full_size=9698859
R1 [P2] iter 270: PRE-JOIN GPU mem: 84.5GB free / 85.1GB total | delta_size=102 full_size=9743809
R0 [P2] iter 270: join done, raw=101 result_size=101
R1 [P2] iter 270: join done, raw=101 result_size=101
R0 [P2] iter 270: split done, delta_size=100
R1 [P2] iter 270: split done, delta_size=102
R0 [P2] iter 270: dedup done, delta_size=100
R1 [P2] iter 270: dedup done, delta_size=102
R1 [P2] iter 270: subtract done, delta_size=99
R0 [P2] iter 270: subtract done, delta_size=98
R0 [P2] iter 270: merge done, full_size=9698957
R0 [P2] iter 271 done: global_full_size=19442865
R1 [P2] iter 270: merge done, full_size=9743908
R1 [P2] iter 271 done: global_full_size=19442865
R0 [P2] iter 271: PRE-JOIN GPU mem: 84.5GB free / 85.1GB total | delta_size=98 full_size=9698957
R1 [P2] iter 271: PRE-JOIN GPU mem: 84.5GB free / 85.1GB total | delta_size=99 full_size=9743908
R0 [P2] iter 271: join done, raw=98 result_size=98
R1 [P2] iter 271: join done, raw=99 result_size=99
R0 [P2] iter 271: split done, delta_size=97
R1 [P2] iter 271: split done, delta_size=100
R0 [P2] iter 271: dedup done, delta_size=97
R1 [P2] iter 271: dedup done, delta_size=100
R0 [P2] iter 271: subtract done, delta_size=95
R1 [P2] iter 271: subtract done, delta_size=97
R0 [P2] iter 271: merge done, full_size=9699052
R1 [P2] iter 271: merge done, full_size=9744005
R1 [P2] iter 272 done: global_full_size=19443057
R0 [P2] iter 272 done: global_full_size=19443057
R0 [P2] iter 272: PRE-JOIN GPU mem: 84.5GB free / 85.1GB total | delta_size=95 full_size=9699052
R1 [P2] iter 272: PRE-JOIN GPU mem: 84.5GB free / 85.1GB total | delta_size=97 full_size=9744005
R0 [P2] iter 272: join done, raw=93 result_size=93
R1 [P2] iter 272: join done, raw=98 result_size=98
R0 [P2] iter 272: split done, delta_size=94
R1 [P2] iter 272: split done, delta_size=97
R0 [P2] iter 272: dedup done, delta_size=94
R1 [P2] iter 272: dedup done, delta_size=97
R0 [P2] iter 272: subtract done, delta_size=92
R1 [P2] iter 272: subtract done, delta_size=94
R1 [P2] iter 272: merge done, full_size=9744099
R0 [P2] iter 272: merge done, full_size=9699144
R0 [P2] iter 273 done: global_full_size=19443243
R1 [P2] iter 273 done: global_full_size=19443243
R0 [P2] iter 273: PRE-JOIN GPU mem: 84.5GB free / 85.1GB total | delta_size=92 full_size=9699144
R1 [P2] iter 273: PRE-JOIN GPU mem: 84.5GB free / 85.1GB total | delta_size=94 full_size=9744099
R0 [P2] iter 273: join done, raw=90 result_size=90
R1 [P2] iter 273: join done, raw=95 result_size=95
R0 [P2] iter 273: split done, delta_size=93
R1 [P2] iter 273: split done, delta_size=92
R1 [P2] iter 273: dedup done, delta_size=92
R0 [P2] iter 273: dedup done, delta_size=93
R1 [P2] iter 273: subtract done, delta_size=89
R0 [P2] iter 273: subtract done, delta_size=91
R1 [P2] iter 273: merge done, full_size=9744188
R0 [P2] iter 273: merge done, full_size=9699235
R0 [P2] iter 274 done: global_full_size=19443423
R1 [P2] iter 274 done: global_full_size=19443423
R0 [P2] iter 274: PRE-JOIN GPU mem: 84.5GB free / 85.1GB total | delta_size=91 full_size=9699235
R1 [P2] iter 274: PRE-JOIN GPU mem: 84.5GB free / 85.1GB total | delta_size=89 full_size=9744188
R0 [P2] iter 274: join done, raw=89 result_size=89
R1 [P2] iter 274: join done, raw=91 result_size=91
R0 [P2] iter 274: split done, delta_size=90
R1 [P2] iter 274: split done, delta_size=90
R0 [P2] iter 274: dedup done, delta_size=90
R1 [P2] iter 274: dedup done, delta_size=90
R0 [P2] iter 274: subtract done, delta_size=88
R1 [P2] iter 274: subtract done, delta_size=87
R1 [P2] iter 274: merge done, full_size=9744275
R0 [P2] iter 274: merge done, full_size=9699323
R0 [P2] iter 275 done: global_full_size=19443598
R1 [P2] iter 275 done: global_full_size=19443598
R0 [P2] iter 275: PRE-JOIN GPU mem: 84.5GB free / 85.1GB total | delta_size=88 full_size=9699323
R1 [P2] iter 275: PRE-JOIN GPU mem: 84.5GB free / 85.1GB total | delta_size=87 full_size=9744275
R0 [P2] iter 275: join done, raw=86 result_size=86
R1 [P2] iter 275: join done, raw=90 result_size=90
R0 [P2] iter 275: split done, delta_size=88
R1 [P2] iter 275: split done, delta_size=88
R0 [P2] iter 275: dedup done, delta_size=88
R1 [P2] iter 275: dedup done, delta_size=88
R1 [P2] iter 275: subtract done, delta_size=85
R0 [P2] iter 275: subtract done, delta_size=86
R1 [P2] iter 275: merge done, full_size=9744360
R0 [P2] iter 275: merge done, full_size=9699409
R0 [P2] iter 276 done: global_full_size=19443769
R1 [P2] iter 276 done: global_full_size=19443769
R0 [P2] iter 276: PRE-JOIN GPU mem: 84.5GB free / 85.1GB total | delta_size=86 full_size=9699409
R1 [P2] iter 276: PRE-JOIN GPU mem: 84.5GB free / 85.1GB total | delta_size=85 full_size=9744360
R0 [P2] iter 276: join done, raw=84 result_size=84
R1 [P2] iter 276: join done, raw=88 result_size=88
R0 [P2] iter 276: split done, delta_size=85
R1 [P2] iter 276: split done, delta_size=87
R0 [P2] iter 276: dedup done, delta_size=85
R1 [P2] iter 276: dedup done, delta_size=87
R0 [P2] iter 276: subtract done, delta_size=83
R1 [P2] iter 276: subtract done, delta_size=84
R1 [P2] iter 276: merge done, full_size=9744444
R0 [P2] iter 276: merge done, full_size=9699492
R0 [P2] iter 277 done: global_full_size=19443936
R1 [P2] iter 277 done: global_full_size=19443936
R0 [P2] iter 277: PRE-JOIN GPU mem: 84.5GB free / 85.1GB total | delta_size=83 full_size=9699492
R1 [P2] iter 277: PRE-JOIN GPU mem: 84.5GB free / 85.1GB total | delta_size=84 full_size=9744444
R0 [P2] iter 277: join done, raw=79 result_size=79
R1 [P2] iter 277: join done, raw=87 result_size=87
R0 [P2] iter 277: split done, delta_size=82
R1 [P2] iter 277: split done, delta_size=84
R0 [P2] iter 277: dedup done, delta_size=82
R1 [P2] iter 277: dedup done, delta_size=84
R0 [P2] iter 277: subtract done, delta_size=80
R1 [P2] iter 277: subtract done, delta_size=81
R1 [P2] iter 277: merge done, full_size=9744525
R0 [P2] iter 277: merge done, full_size=9699572
R0 [P2] iter 278 done: global_full_size=19444097
R1 [P2] iter 278 done: global_full_size=19444097
R0 [P2] iter 278: PRE-JOIN GPU mem: 84.5GB free / 85.1GB total | delta_size=80 full_size=9699572
R1 [P2] iter 278: PRE-JOIN GPU mem: 84.5GB free / 85.1GB total | delta_size=81 full_size=9744525
R0 [P2] iter 278: join done, raw=77 result_size=77
R1 [P2] iter 278: join done, raw=84 result_size=84
R0 [P2] iter 278: split done, delta_size=78
R1 [P2] iter 278: split done, delta_size=83
R1 [P2] iter 278: dedup done, delta_size=83
R0 [P2] iter 278: dedup done, delta_size=78
R0 [P2] iter 278: subtract done, delta_size=76
R1 [P2] iter 278: subtract done, delta_size=80
R1 [P2] iter 278: merge done, full_size=9744605
R0 [P2] iter 278: merge done, full_size=9699648
R0 [P2] iter 279 done: global_full_size=19444253
R1 [P2] iter 279 done: global_full_size=19444253
R0 [P2] iter 279: PRE-JOIN GPU mem: 84.5GB free / 85.1GB total | delta_size=76 full_size=9699648
R1 [P2] iter 279: PRE-JOIN GPU mem: 84.5GB free / 85.1GB total | delta_size=80 full_size=9744605
R0 [P2] iter 279: join done, raw=75 result_size=75
R1 [P2] iter 279: join done, raw=83 result_size=83
R0 [P2] iter 279: split done, delta_size=78
R1 [P2] iter 279: split done, delta_size=80
R0 [P2] iter 279: dedup done, delta_size=78
R1 [P2] iter 279: dedup done, delta_size=80
R0 [P2] iter 279: subtract done, delta_size=76
R1 [P2] iter 279: subtract done, delta_size=77
R1 [P2] iter 279: merge done, full_size=9744682
R0 [P2] iter 279: merge done, full_size=9699724
R0 [P2] iter 280 done: global_full_size=19444406
R1 [P2] iter 280 done: global_full_size=19444406
R0 [P2] iter 280: PRE-JOIN GPU mem: 84.5GB free / 85.1GB total | delta_size=76 full_size=9699724
R1 [P2] iter 280: PRE-JOIN GPU mem: 84.5GB free / 85.1GB total | delta_size=77 full_size=9744682
R0 [P2] iter 280: join done, raw=75 result_size=75
R1 [P2] iter 280: join done, raw=81 result_size=81
R0 [P2] iter 280: split done, delta_size=78
R1 [P2] iter 280: split done, delta_size=78
R0 [P2] iter 280: dedup done, delta_size=78
R1 [P2] iter 280: dedup done, delta_size=78
R0 [P2] iter 280: subtract done, delta_size=76
R1 [P2] iter 280: subtract done, delta_size=75
R1 [P2] iter 280: merge done, full_size=9744757
R0 [P2] iter 280: merge done, full_size=9699800
R0 [P2] iter 281 done: global_full_size=19444557
R1 [P2] iter 281 done: global_full_size=19444557
R0 [P2] iter 281: PRE-JOIN GPU mem: 84.5GB free / 85.1GB total | delta_size=76 full_size=9699800
R1 [P2] iter 281: PRE-JOIN GPU mem: 84.5GB free / 85.1GB total | delta_size=75 full_size=9744757
R0 [P2] iter 281: join done, raw=75 result_size=75
R1 [P2] iter 281: join done, raw=78 result_size=78
R0 [P2] iter 281: split done, delta_size=76
R1 [P2] iter 281: split done, delta_size=77
R0 [P2] iter 281: dedup done, delta_size=76
R1 [P2] iter 281: dedup done, delta_size=77
R0 [P2] iter 281: subtract done, delta_size=74
R1 [P2] iter 281: subtract done, delta_size=74
R0 [P2] iter 281: merge done, full_size=9699874
R0 [P2] iter 282 done: global_full_size=19444705
R1 [P2] iter 281: merge done, full_size=9744831
R1 [P2] iter 282 done: global_full_size=19444705
R0 [P2] iter 282: PRE-JOIN GPU mem: 84.5GB free / 85.1GB total | delta_size=74 full_size=9699874
R1 [P2] iter 282: PRE-JOIN GPU mem: 84.5GB free / 85.1GB total | delta_size=74 full_size=9744831
R1 [P2] iter 282: join done, raw=76 result_size=76
R0 [P2] iter 282: join done, raw=73 result_size=73
R0 [P2] iter 282: split done, delta_size=73
R1 [P2] iter 282: split done, delta_size=76
R0 [P2] iter 282: dedup done, delta_size=73
R1 [P2] iter 282: dedup done, delta_size=76
R0 [P2] iter 282: subtract done, delta_size=71
R1 [P2] iter 282: subtract done, delta_size=73
R1 [P2] iter 282: merge done, full_size=9744904
R0 [P2] iter 282: merge done, full_size=9699945
R0 [P2] iter 283 done: global_full_size=19444849
R1 [P2] iter 283 done: global_full_size=19444849
R0 [P2] iter 283: PRE-JOIN GPU mem: 84.5GB free / 85.1GB total | delta_size=71 full_size=9699945
R1 [P2] iter 283: PRE-JOIN GPU mem: 84.5GB free / 85.1GB total | delta_size=73 full_size=9744904
R0 [P2] iter 283: join done, raw=70 result_size=70
R1 [P2] iter 283: join done, raw=75 result_size=75
R0 [P2] iter 283: split done, delta_size=72
R1 [P2] iter 283: split done, delta_size=73
R0 [P2] iter 283: dedup done, delta_size=72
R1 [P2] iter 283: dedup done, delta_size=73
R0 [P2] iter 283: subtract done, delta_size=70
R1 [P2] iter 283: subtract done, delta_size=70
R1 [P2] iter 283: merge done, full_size=9744974
R0 [P2] iter 283: merge done, full_size=9700015
R0 [P2] iter 284 done: global_full_size=19444989
R1 [P2] iter 284 done: global_full_size=19444989
R0 [P2] iter 284: PRE-JOIN GPU mem: 84.5GB free / 85.1GB total | delta_size=70 full_size=9700015
R1 [P2] iter 284: PRE-JOIN GPU mem: 84.5GB free / 85.1GB total | delta_size=70 full_size=9744974
R0 [P2] iter 284: join done, raw=69 result_size=69
R1 [P2] iter 284: join done, raw=72 result_size=72
R0 [P2] iter 284: split done, delta_size=71
R1 [P2] iter 284: split done, delta_size=70
R0 [P2] iter 284: dedup done, delta_size=71
R1 [P2] iter 284: dedup done, delta_size=70
R0 [P2] iter 284: subtract done, delta_size=69
R1 [P2] iter 284: subtract done, delta_size=67
R1 [P2] iter 284: merge done, full_size=9745041
R0 [P2] iter 284: merge done, full_size=9700084
R0 [P2] iter 285 done: global_full_size=19445125
R1 [P2] iter 285 done: global_full_size=19445125
R0 [P2] iter 285: PRE-JOIN GPU mem: 84.5GB free / 85.1GB total | delta_size=69 full_size=9700084
R1 [P2] iter 285: PRE-JOIN GPU mem: 84.5GB free / 85.1GB total | delta_size=67 full_size=9745041
R0 [P2] iter 285: join done, raw=68 result_size=68
R1 [P2] iter 285: join done, raw=69 result_size=69
R0 [P2] iter 285: split done, delta_size=69
R1 [P2] iter 285: split done, delta_size=68
R0 [P2] iter 285: dedup done, delta_size=69
R1 [P2] iter 285: dedup done, delta_size=68
R0 [P2] iter 285: subtract done, delta_size=67
R1 [P2] iter 285: subtract done, delta_size=65
R1 [P2] iter 285: merge done, full_size=9745106
R0 [P2] iter 285: merge done, full_size=9700151
R0 [P2] iter 286 done: global_full_size=19445257
R1 [P2] iter 286 done: global_full_size=19445257
R0 [P2] iter 286: PRE-JOIN GPU mem: 84.5GB free / 85.1GB total | delta_size=67 full_size=9700151
R1 [P2] iter 286: PRE-JOIN GPU mem: 84.5GB free / 85.1GB total | delta_size=65 full_size=9745106
R0 [P2] iter 286: join done, raw=66 result_size=66
R1 [P2] iter 286: join done, raw=67 result_size=67
R0 [P2] iter 286: split done, delta_size=65
R1 [P2] iter 286: split done, delta_size=68
R0 [P2] iter 286: dedup done, delta_size=65
R1 [P2] iter 286: dedup done, delta_size=68
R0 [P2] iter 286: subtract done, delta_size=63
R1 [P2] iter 286: subtract done, delta_size=65
R1 [P2] iter 286: merge done, full_size=9745171
R0 [P2] iter 286: merge done, full_size=9700214
R0 [P2] iter 287 done: global_full_size=19445385
R1 [P2] iter 287 done: global_full_size=19445385
R0 [P2] iter 287: PRE-JOIN GPU mem: 84.5GB free / 85.1GB total | delta_size=63 full_size=9700214
R1 [P2] iter 287: PRE-JOIN GPU mem: 84.5GB free / 85.1GB total | delta_size=65 full_size=9745171
R0 [P2] iter 287: join done, raw=62 result_size=62
R1 [P2] iter 287: join done, raw=67 result_size=67
R0 [P2] iter 287: split done, delta_size=65
R1 [P2] iter 287: split done, delta_size=64
R0 [P2] iter 287: dedup done, delta_size=65
R1 [P2] iter 287: dedup done, delta_size=64
R0 [P2] iter 287: subtract done, delta_size=63
R1 [P2] iter 287: subtract done, delta_size=61
R0 [P2] iter 287: merge done, full_size=9700277
R1 [P2] iter 287: merge done, full_size=9745232
R1 [P2] iter 288 done: global_full_size=19445509
R0 [P2] iter 288 done: global_full_size=19445509
R0 [P2] iter 288: PRE-JOIN GPU mem: 84.5GB free / 85.1GB total | delta_size=63 full_size=9700277
R1 [P2] iter 288: PRE-JOIN GPU mem: 84.5GB free / 85.1GB total | delta_size=61 full_size=9745232
R0 [P2] iter 288: join done, raw=62 result_size=62
R1 [P2] iter 288: join done, raw=62 result_size=62
R0 [P2] iter 288: split done, delta_size=65
R1 [P2] iter 288: split done, delta_size=59
R0 [P2] iter 288: dedup done, delta_size=65
R1 [P2] iter 288: dedup done, delta_size=59
R0 [P2] iter 288: subtract done, delta_size=63
R1 [P2] iter 288: subtract done, delta_size=56
R0 [P2] iter 288: merge done, full_size=9700340
R0 [P2] iter 289 done: global_full_size=19445628
R1 [P2] iter 288: merge done, full_size=9745288
R1 [P2] iter 289 done: global_full_size=19445628
R0 [P2] iter 289: PRE-JOIN GPU mem: 84.5GB free / 85.1GB total | delta_size=63 full_size=9700340
R1 [P2] iter 289: PRE-JOIN GPU mem: 84.5GB free / 85.1GB total | delta_size=56 full_size=9745288
R0 [P2] iter 289: join done, raw=62 result_size=62
R1 [P2] iter 289: join done, raw=54 result_size=54
R0 [P2] iter 289: split done, delta_size=62
R1 [P2] iter 289: split done, delta_size=54
R0 [P2] iter 289: dedup done, delta_size=62
R1 [P2] iter 289: dedup done, delta_size=54
R0 [P2] iter 289: subtract done, delta_size=60
R1 [P2] iter 289: subtract done, delta_size=51
R1 [P2] iter 289: merge done, full_size=9745339
R0 [P2] iter 289: merge done, full_size=9700400
R0 [P2] iter 290 done: global_full_size=19445739
R1 [P2] iter 290 done: global_full_size=19445739
R0 [P2] iter 290: PRE-JOIN GPU mem: 84.5GB free / 85.1GB total | delta_size=60 full_size=9700400
R1 [P2] iter 290: PRE-JOIN GPU mem: 84.5GB free / 85.1GB total | delta_size=51 full_size=9745339
R1 [P2] iter 290: join done, raw=48 result_size=48
R0 [P2] iter 290: join done, raw=57 result_size=57
R1 [P2] iter 290: split done, delta_size=51
R0 [P2] iter 290: split done, delta_size=54
R1 [P2] iter 290: dedup done, delta_size=51
R0 [P2] iter 290: dedup done, delta_size=54
R1 [P2] iter 290: subtract done, delta_size=49
R0 [P2] iter 290: subtract done, delta_size=53
R1 [P2] iter 290: merge done, full_size=9745388
R0 [P2] iter 290: merge done, full_size=9700453
R0 [P2] iter 291 done: global_full_size=19445841
R1 [P2] iter 291 done: global_full_size=19445841
R0 [P2] iter 291: PRE-JOIN GPU mem: 84.5GB free / 85.1GB total | delta_size=53 full_size=9700453
R1 [P2] iter 291: PRE-JOIN GPU mem: 84.5GB free / 85.1GB total | delta_size=49 full_size=9745388
R1 [P2] iter 291: join done, raw=45 result_size=45
R0 [P2] iter 291: join done, raw=51 result_size=51
R0 [P2] iter 291: split done, delta_size=52
R1 [P2] iter 291: split done, delta_size=44
R0 [P2] iter 291: dedup done, delta_size=52
R1 [P2] iter 291: dedup done, delta_size=44
R0 [P2] iter 291: subtract done, delta_size=51
R1 [P2] iter 291: subtract done, delta_size=42
R0 [P2] iter 291: merge done, full_size=9700504
R1 [P2] iter 291: merge done, full_size=9745430
R1 [P2] iter 292 done: global_full_size=19445934
R0 [P2] iter 292 done: global_full_size=19445934
R0 [P2] iter 292: PRE-JOIN GPU mem: 84.5GB free / 85.1GB total | delta_size=51 full_size=9700504
R1 [P2] iter 292: PRE-JOIN GPU mem: 84.5GB free / 85.1GB total | delta_size=42 full_size=9745430
R0 [P2] iter 292: join done, raw=49 result_size=49
R1 [P2] iter 292: join done, raw=37 result_size=37
R0 [P2] iter 292: split done, delta_size=46
R1 [P2] iter 292: split done, delta_size=40
R0 [P2] iter 292: dedup done, delta_size=46
R1 [P2] iter 292: dedup done, delta_size=40
R0 [P2] iter 292: subtract done, delta_size=45
R1 [P2] iter 292: subtract done, delta_size=38
R0 [P2] iter 292: merge done, full_size=9700549
R0 [P2] iter 293 done: global_full_size=19446017
R1 [P2] iter 292: merge done, full_size=9745468
R1 [P2] iter 293 done: global_full_size=19446017
R0 [P2] iter 293: PRE-JOIN GPU mem: 84.5GB free / 85.1GB total | delta_size=45 full_size=9700549
R1 [P2] iter 293: PRE-JOIN GPU mem: 84.5GB free / 85.1GB total | delta_size=38 full_size=9745468
R0 [P2] iter 293: join done, raw=43 result_size=43
R1 [P2] iter 293: join done, raw=34 result_size=34
R0 [P2] iter 293: split done, delta_size=41
R1 [P2] iter 293: split done, delta_size=36
R0 [P2] iter 293: dedup done, delta_size=41
R1 [P2] iter 293: dedup done, delta_size=36
R0 [P2] iter 293: subtract done, delta_size=40
R1 [P2] iter 293: subtract done, delta_size=34
R1 [P2] iter 293: merge done, full_size=9745502
R0 [P2] iter 293: merge done, full_size=9700589
R0 [P2] iter 294 done: global_full_size=19446091
R1 [P2] iter 294 done: global_full_size=19446091
R0 [P2] iter 294: PRE-JOIN GPU mem: 84.5GB free / 85.1GB total | delta_size=40 full_size=9700589
R1 [P2] iter 294: PRE-JOIN GPU mem: 84.5GB free / 85.1GB total | delta_size=34 full_size=9745502
R0 [P2] iter 294: join done, raw=39 result_size=39
R1 [P2] iter 294: join done, raw=30 result_size=30
R0 [P2] iter 294: split done, delta_size=37
R1 [P2] iter 294: split done, delta_size=32
R0 [P2] iter 294: dedup done, delta_size=37
R1 [P2] iter 294: dedup done, delta_size=32
R0 [P2] iter 294: subtract done, delta_size=36
R1 [P2] iter 294: subtract done, delta_size=30
R1 [P2] iter 294: merge done, full_size=9745532
R0 [P2] iter 294: merge done, full_size=9700625
R0 [P2] iter 295 done: global_full_size=19446157
R1 [P2] iter 295 done: global_full_size=19446157
R0 [P2] iter 295: PRE-JOIN GPU mem: 84.5GB free / 85.1GB total | delta_size=36 full_size=9700625
R1 [P2] iter 295: PRE-JOIN GPU mem: 84.5GB free / 85.1GB total | delta_size=30 full_size=9745532
R0 [P2] iter 295: join done, raw=35 result_size=35
R1 [P2] iter 295: join done, raw=26 result_size=26
R0 [P2] iter 295: split done, delta_size=34
R1 [P2] iter 295: split done, delta_size=27
R0 [P2] iter 295: dedup done, delta_size=34
R1 [P2] iter 295: dedup done, delta_size=27
R1 [P2] iter 295: subtract done, delta_size=25
R0 [P2] iter 295: subtract done, delta_size=33
R0 [P2] iter 295: merge done, full_size=9700658
R1 [P2] iter 295: merge done, full_size=9745557
R1 [P2] iter 296 done: global_full_size=19446215
R0 [P2] iter 296 done: global_full_size=19446215
R0 [P2] iter 296: PRE-JOIN GPU mem: 84.5GB free / 85.1GB total | delta_size=33 full_size=9700658
R1 [P2] iter 296: PRE-JOIN GPU mem: 84.5GB free / 85.1GB total | delta_size=25 full_size=9745557
R0 [P2] iter 296: join done, raw=32 result_size=32
R1 [P2] iter 296: join done, raw=22 result_size=22
R0 [P2] iter 296: split done, delta_size=30
R1 [P2] iter 296: split done, delta_size=24
R0 [P2] iter 296: dedup done, delta_size=30
R1 [P2] iter 296: dedup done, delta_size=24
R0 [P2] iter 296: subtract done, delta_size=29
R1 [P2] iter 296: subtract done, delta_size=23
R0 [P2] iter 296: merge done, full_size=9700687
R1 [P2] iter 296: merge done, full_size=9745580
R1 [P2] iter 297 done: global_full_size=19446267
R0 [P2] iter 297 done: global_full_size=19446267
R0 [P2] iter 297: PRE-JOIN GPU mem: 84.5GB free / 85.1GB total | delta_size=29 full_size=9700687
R1 [P2] iter 297: PRE-JOIN GPU mem: 84.5GB free / 85.1GB total | delta_size=23 full_size=9745580
R0 [P2] iter 297: join done, raw=28 result_size=28
R1 [P2] iter 297: join done, raw=20 result_size=20
R0 [P2] iter 297: split done, delta_size=27
R1 [P2] iter 297: split done, delta_size=21
R0 [P2] iter 297: dedup done, delta_size=27
R1 [P2] iter 297: dedup done, delta_size=21
R0 [P2] iter 297: subtract done, delta_size=26
R1 [P2] iter 297: subtract done, delta_size=20
R0 [P2] iter 297: merge done, full_size=9700713
R0 [P2] iter 298 done: global_full_size=19446313
R1 [P2] iter 297: merge done, full_size=9745600
R1 [P2] iter 298 done: global_full_size=19446313
R0 [P2] iter 298: PRE-JOIN GPU mem: 84.5GB free / 85.1GB total | delta_size=26 full_size=9700713
R1 [P2] iter 298: PRE-JOIN GPU mem: 84.5GB free / 85.1GB total | delta_size=20 full_size=9745600
R0 [P2] iter 298: join done, raw=25 result_size=25
R1 [P2] iter 298: join done, raw=17 result_size=17
R0 [P2] iter 298: split done, delta_size=23
R1 [P2] iter 298: split done, delta_size=19
R0 [P2] iter 298: dedup done, delta_size=23
R1 [P2] iter 298: dedup done, delta_size=19
R0 [P2] iter 298: subtract done, delta_size=22
R1 [P2] iter 298: subtract done, delta_size=18
R0 [P2] iter 298: merge done, full_size=9700735
R1 [P2] iter 298: merge done, full_size=9745618
R1 [P2] iter 299 done: global_full_size=19446353
R0 [P2] iter 299 done: global_full_size=19446353
R0 [P2] iter 299: PRE-JOIN GPU mem: 84.5GB free / 85.1GB total | delta_size=22 full_size=9700735
R1 [P2] iter 299: PRE-JOIN GPU mem: 84.5GB free / 85.1GB total | delta_size=18 full_size=9745618
R0 [P2] iter 299: join done, raw=21 result_size=21
R1 [P2] iter 299: join done, raw=15 result_size=15
R0 [P2] iter 299: split done, delta_size=21
R1 [P2] iter 299: split done, delta_size=15
R0 [P2] iter 299: dedup done, delta_size=21
R1 [P2] iter 299: dedup done, delta_size=15
R1 [P2] iter 299: subtract done, delta_size=14
R0 [P2] iter 299: subtract done, delta_size=20
R0 [P2] iter 299: merge done, full_size=9700755
R1 [P2] iter 299: merge done, full_size=9745632
R1 [P2] iter 300 done: global_full_size=19446387
R0 [P2] iter 300 done: global_full_size=19446387
R0 [P2] iter 300: PRE-JOIN GPU mem: 84.5GB free / 85.1GB total | delta_size=20 full_size=9700755
R1 [P2] iter 300: PRE-JOIN GPU mem: 84.5GB free / 85.1GB total | delta_size=14 full_size=9745632
R0 [P2] iter 300: join done, raw=19 result_size=19
R1 [P2] iter 300: join done, raw=12 result_size=12
R0 [P2] iter 300: split done, delta_size=19
R1 [P2] iter 300: split done, delta_size=12
R0 [P2] iter 300: dedup done, delta_size=19
R1 [P2] iter 300: dedup done, delta_size=12
R1 [P2] iter 300: subtract done, delta_size=11
R0 [P2] iter 300: subtract done, delta_size=19
R0 [P2] iter 300: merge done, full_size=9700774
R1 [P2] iter 300: merge done, full_size=9745643
R1 [P2] iter 301 done: global_full_size=19446417
R0 [P2] iter 301 done: global_full_size=19446417
R0 [P2] iter 301: PRE-JOIN GPU mem: 84.5GB free / 85.1GB total | delta_size=19 full_size=9700774
R1 [P2] iter 301: PRE-JOIN GPU mem: 84.5GB free / 85.1GB total | delta_size=11 full_size=9745643
R1 [P2] iter 301: join done, raw=9 result_size=9
R0 [P2] iter 301: join done, raw=18 result_size=18
R0 [P2] iter 301: split done, delta_size=17
R1 [P2] iter 301: split done, delta_size=10
R0 [P2] iter 301: dedup done, delta_size=17
R1 [P2] iter 301: dedup done, delta_size=10
R1 [P2] iter 301: subtract done, delta_size=9
R0 [P2] iter 301: subtract done, delta_size=17
R0 [P2] iter 301: merge done, full_size=9700791
R1 [P2] iter 301: merge done, full_size=9745652
R1 [P2] iter 302 done: global_full_size=19446443
R0 [P2] iter 302 done: global_full_size=19446443
R0 [P2] iter 302: PRE-JOIN GPU mem: 84.5GB free / 85.1GB total | delta_size=17 full_size=9700791
R1 [P2] iter 302: PRE-JOIN GPU mem: 84.5GB free / 85.1GB total | delta_size=9 full_size=9745652
R1 [P2] iter 302: join done, raw=7 result_size=7
R0 [P2] iter 302: join done, raw=16 result_size=16
R0 [P2] iter 302: split done, delta_size=16
R1 [P2] iter 302: split done, delta_size=7
R0 [P2] iter 302: dedup done, delta_size=16
R1 [P2] iter 302: dedup done, delta_size=7
R1 [P2] iter 302: subtract done, delta_size=7
R0 [P2] iter 302: subtract done, delta_size=16
R0 [P2] iter 302: merge done, full_size=9700807
R0 [P2] iter 303 done: global_full_size=19446466
R1 [P2] iter 302: merge done, full_size=9745659
R1 [P2] iter 303 done: global_full_size=19446466
R1 [P2] iter 303: PRE-JOIN GPU mem: 84.5GB free / 85.1GB total | delta_size=7 full_size=9745659
R0 [P2] iter 303: PRE-JOIN GPU mem: 84.5GB free / 85.1GB total | delta_size=16 full_size=9700807
R0 [P2] iter 303: join done, raw=16 result_size=16
R1 [P2] iter 303: join done, raw=5 result_size=5
R0 [P2] iter 303: split done, delta_size=14
R1 [P2] iter 303: split done, delta_size=7
R0 [P2] iter 303: dedup done, delta_size=14
R1 [P2] iter 303: dedup done, delta_size=7
R0 [P2] iter 303: subtract done, delta_size=14
R1 [P2] iter 303: subtract done, delta_size=7
R0 [P2] iter 303: merge done, full_size=9700821
R1 [P2] iter 303: merge done, full_size=9745666
R1 [P2] iter 304 done: global_full_size=19446487
R0 [P2] iter 304 done: global_full_size=19446487
R0 [P2] iter 304: PRE-JOIN GPU mem: 84.5GB free / 85.1GB total | delta_size=14 full_size=9700821
R1 [P2] iter 304: PRE-JOIN GPU mem: 84.5GB free / 85.1GB total | delta_size=7 full_size=9745666
R0 [P2] iter 304: join done, raw=14 result_size=14
R1 [P2] iter 304: join done, raw=5 result_size=5
R0 [P2] iter 304: split done, delta_size=12
R1 [P2] iter 304: split done, delta_size=7
R0 [P2] iter 304: dedup done, delta_size=12
R1 [P2] iter 304: dedup done, delta_size=7
R0 [P2] iter 304: subtract done, delta_size=12
R1 [P2] iter 304: subtract done, delta_size=7
R1 [P2] iter 304: merge done, full_size=9745673
R0 [P2] iter 304: merge done, full_size=9700833
R0 [P2] iter 305 done: global_full_size=19446506
R1 [P2] iter 305 done: global_full_size=19446506
R0 [P2] iter 305: PRE-JOIN GPU mem: 84.5GB free / 85.1GB total | delta_size=12 full_size=9700833
R1 [P2] iter 305: PRE-JOIN GPU mem: 84.5GB free / 85.1GB total | delta_size=7 full_size=9745673
R0 [P2] iter 305: join done, raw=12 result_size=12
R1 [P2] iter 305: join done, raw=5 result_size=5
R0 [P2] iter 305: split done, delta_size=11
R1 [P2] iter 305: split done, delta_size=6
R0 [P2] iter 305: dedup done, delta_size=11
R1 [P2] iter 305: dedup done, delta_size=6
R0 [P2] iter 305: subtract done, delta_size=11
R1 [P2] iter 305: subtract done, delta_size=6
R0 [P2] iter 305: merge done, full_size=9700844
R1 [P2] iter 305: merge done, full_size=9745679
R1 [P2] iter 306 done: global_full_size=19446523
R0 [P2] iter 306 done: global_full_size=19446523
R0 [P2] iter 306: PRE-JOIN GPU mem: 84.5GB free / 85.1GB total | delta_size=11 full_size=9700844
R1 [P2] iter 306: PRE-JOIN GPU mem: 84.5GB free / 85.1GB total | delta_size=6 full_size=9745679
R1 [P2] iter 306: join done, raw=4 result_size=4
R0 [P2] iter 306: join done, raw=11 result_size=11
R0 [P2] iter 306: split done, delta_size=11
R1 [P2] iter 306: split done, delta_size=4
R0 [P2] iter 306: dedup done, delta_size=11
R1 [P2] iter 306: dedup done, delta_size=4
R0 [P2] iter 306: subtract done, delta_size=11
R1 [P2] iter 306: subtract done, delta_size=4
R0 [P2] iter 306: merge done, full_size=9700855
R1 [P2] iter 306: merge done, full_size=9745683
R1 [P2] iter 307 done: global_full_size=19446538
R0 [P2] iter 307 done: global_full_size=19446538
R0 [P2] iter 307: PRE-JOIN GPU mem: 84.5GB free / 85.1GB total | delta_size=11 full_size=9700855
R1 [P2] iter 307: PRE-JOIN GPU mem: 84.5GB free / 85.1GB total | delta_size=4 full_size=9745683
R0 [P2] iter 307: join done, raw=11 result_size=11
R1 [P2] iter 307: join done, raw=2 result_size=2
R0 [P2] iter 307: split done, delta_size=10
R1 [P2] iter 307: split done, delta_size=3
R0 [P2] iter 307: dedup done, delta_size=10
R1 [P2] iter 307: dedup done, delta_size=3
R0 [P2] iter 307: subtract done, delta_size=10
R1 [P2] iter 307: subtract done, delta_size=3
R0 [P2] iter 307: merge done, full_size=9700865
R1 [P2] iter 307: merge done, full_size=9745686
R1 [P2] iter 308 done: global_full_size=19446551
R0 [P2] iter 308 done: global_full_size=19446551
R0 [P2] iter 308: PRE-JOIN GPU mem: 84.5GB free / 85.1GB total | delta_size=10 full_size=9700865
R1 [P2] iter 308: PRE-JOIN GPU mem: 84.5GB free / 85.1GB total | delta_size=3 full_size=9745686
R1 [P2] iter 308: join done, raw=1 result_size=1
R0 [P2] iter 308: join done, raw=10 result_size=10
R0 [P2] iter 308: split done, delta_size=8
R1 [P2] iter 308: split done, delta_size=3
R0 [P2] iter 308: dedup done, delta_size=8
R1 [P2] iter 308: dedup done, delta_size=3
R0 [P2] iter 308: subtract done, delta_size=8
R1 [P2] iter 308: subtract done, delta_size=3
R0 [P2] iter 308: merge done, full_size=9700873
R1 [P2] iter 308: merge done, full_size=9745689
R1 [P2] iter 309 done: global_full_size=19446562
R0 [P2] iter 309 done: global_full_size=19446562
R0 [P2] iter 309: PRE-JOIN GPU mem: 84.5GB free / 85.1GB total | delta_size=8 full_size=9700873
R1 [P2] iter 309: PRE-JOIN GPU mem: 84.5GB free / 85.1GB total | delta_size=3 full_size=9745689
R0 [P2] iter 309: join done, raw=8 result_size=8
R1 [P2] iter 309: join done, raw=1 result_size=1
R0 [P2] iter 309: split done, delta_size=6
R1 [P2] iter 309: split done, delta_size=3
R0 [P2] iter 309: dedup done, delta_size=6
R1 [P2] iter 309: dedup done, delta_size=3
R0 [P2] iter 309: subtract done, delta_size=6
R1 [P2] iter 309: subtract done, delta_size=3
R0 [P2] iter 309: merge done, full_size=9700879
R1 [P2] iter 309: merge done, full_size=9745692
R1 [P2] iter 310 done: global_full_size=19446571
R0 [P2] iter 310 done: global_full_size=19446571
R0 [P2] iter 310: PRE-JOIN GPU mem: 84.5GB free / 85.1GB total | delta_size=6 full_size=9700879
R1 [P2] iter 310: PRE-JOIN GPU mem: 84.5GB free / 85.1GB total | delta_size=3 full_size=9745692
R1 [P2] iter 310: join done, raw=1 result_size=1
R0 [P2] iter 310: join done, raw=6 result_size=6
R0 [P2] iter 310: split done, delta_size=4
R1 [P2] iter 310: split done, delta_size=3
R0 [P2] iter 310: dedup done, delta_size=4
R1 [P2] iter 310: dedup done, delta_size=3
R0 [P2] iter 310: subtract done, delta_size=4
R1 [P2] iter 310: subtract done, delta_size=3
R0 [P2] iter 310: merge done, full_size=9700883
R1 [P2] iter 310: merge done, full_size=9745695
R1 [P2] iter 311 done: global_full_size=19446578
R0 [P2] iter 311 done: global_full_size=19446578
R0 [P2] iter 311: PRE-JOIN GPU mem: 84.5GB free / 85.1GB total | delta_size=4 full_size=9700883
R1 [P2] iter 311: PRE-JOIN GPU mem: 84.5GB free / 85.1GB total | delta_size=3 full_size=9745695
R0 [P2] iter 311: join done, raw=4 result_size=4
R1 [P2] iter 311: join done, raw=1 result_size=1
R0 [P2] iter 311: split done, delta_size=2
R1 [P2] iter 311: split done, delta_size=3
R0 [P2] iter 311: dedup done, delta_size=2
R1 [P2] iter 311: dedup done, delta_size=3
R0 [P2] iter 311: subtract done, delta_size=2
R1 [P2] iter 311: subtract done, delta_size=3
R1 [P2] iter 311: merge done, full_size=9745698
R0 [P2] iter 311: merge done, full_size=9700885
R0 [P2] iter 312 done: global_full_size=19446583
R1 [P2] iter 312 done: global_full_size=19446583
R0 [P2] iter 312: PRE-JOIN GPU mem: 84.5GB free / 85.1GB total | delta_size=2 full_size=9700885
R1 [P2] iter 312: PRE-JOIN GPU mem: 84.5GB free / 85.1GB total | delta_size=3 full_size=9745698
R1 [P2] iter 312: join done, raw=1 result_size=1
R0 [P2] iter 312: join done, raw=2 result_size=2
R0 [P2] iter 312: split done, delta_size=1
R1 [P2] iter 312: split done, delta_size=2
R0 [P2] iter 312: dedup done, delta_size=1
R1 [P2] iter 312: dedup done, delta_size=2
R0 [P2] iter 312: subtract done, delta_size=1
R1 [P2] iter 312: subtract done, delta_size=2
R0 [P2] iter 312: merge done, full_size=9700886
R1 [P2] iter 312: merge done, full_size=9745700
R1 [P2] iter 313 done: global_full_size=19446586
R0 [P2] iter 313 done: global_full_size=19446586
R0 [P2] iter 313: PRE-JOIN GPU mem: 84.5GB free / 85.1GB total | delta_size=1 full_size=9700886
R1 [P2] iter 313: PRE-JOIN GPU mem: 84.5GB free / 85.1GB total | delta_size=2 full_size=9745700
R1 [P2] iter 313: join done, raw=0 result_size=0
R0 [P2] iter 313: join done, raw=1 result_size=1
R0 [P2] iter 313: split done, delta_size=0
R1 [P2] iter 313: split done, delta_size=1
R1 [P2] iter 313: dedup done, delta_size=1
R1 [P2] iter 313: subtract done, delta_size=1
R0 [P2] iter 313: dedup done, delta_size=0
R1 [P2] iter 313: merge done, full_size=9745701
R0 [P2] iter 313: subtract done, delta_size=0
R0 [P2] iter 314 done: global_full_size=19446587
R1 [P2] iter 314 done: global_full_size=19446587
R0 [P2] iter 314: PRE-JOIN GPU mem: 84.5GB free / 85.1GB total | delta_size=0 full_size=9700886
R0 [P2] iter 314: join done, raw=0 result_size=0
R1 [P2] iter 314: PRE-JOIN GPU mem: 84.5GB free / 85.1GB total | delta_size=1 full_size=9745701
R1 [P2] iter 314: join done, raw=0 result_size=0
R0 [P2] iter 314: split done, delta_size=0
R1 [P2] iter 314: split done, delta_size=0
R1 [P2] iter 314: dedup done, delta_size=0
R0 [P2] iter 314: dedup done, delta_size=0
R0 [P2] iter 314: subtract done, delta_size=0
R1 [P2] iter 314: subtract done, delta_size=0
R0 [P2] iter 315 done: global_full_size=19446587
R1 [P2] iter 315 done: global_full_size=19446587
Phase 2: 1.0625s | TC(g^k) = 19446587 tuples, 315 iterations
  Join: 0.1767s | Dedup: 0.0640s | Subtract: 0.0616s | Merge: 0.5070s | HT build: 0.0002s
  Comm: 0.1388s
R0 [P2→P3] GPU mem: 84.6GB free / 85.1GB total
R0 [P2→P3] Live allocations:
  full (TC(g^k) rev): 9700886 tuples = 0.1GB
  delta:              0 tuples = 0.0GB
  seed:               1549970 tuples = 0.0GB
R0 [P2→P3] Accounted: 0.1GB | Unaccounted: 0.5GB
R0 [P3] entering Phase 3: seed_size=1549970 full_size=9700886
R1 [P2→P3] GPU mem: 84.6GB free / 85.1GB total
R1 [P2→P3] Live allocations:
  full (TC(g^k) rev): 9745701 tuples = 0.1GB
  delta:              0 tuples = 0.0GB
  seed:               1466933 tuples = 0.0GB
R1 [P2→P3] Accounted: 0.1GB | Unaccounted: 0.5GB
R1 [P3] entering Phase 3: seed_size=1466933 full_size=9745701
R0 [P3] allgather counts done: total_seed_size=3016903
R1 [P3] allgather counts done: total_seed_size=3016903
R1 [P3] allgatherv seeds done
R0 [P3] allgatherv seeds done
R0 [P3] seed HT built: total_seed_size=3016903 seed_ht_rows=8388608 | GPU mem: 84.5GB free
  Live: full=0.1GB + delta=0.0GB + seed=0.0GB + seed_ht=0.1GB = 0.2GB | used=0.6GB
R0 [P3] reversed full in place: full_size=9700886
R0 [P3] PRE-JOIN GPU mem: 84.5GB free / 85.1GB total | probe_size=9700886 seed_ht_rows=8388608
R1 [P3] seed HT built: total_seed_size=3016903 seed_ht_rows=8388608 | GPU mem: 84.5GB free
  Live: full=0.1GB + delta=0.0GB + seed=0.0GB + seed_ht=0.1GB = 0.2GB | used=0.6GB
R1 [P3] reversed full in place: full_size=9745701
R1 [P3] PRE-JOIN GPU mem: 84.5GB free / 85.1GB total | probe_size=9745701 seed_ht_rows=8388608
R0 [P3] join raw=18386949 -> kept=17613296 (1.0x collapse)
R0 [P3] join done: extended_size=17613296 (0.1GB) | GPU mem: 84.4GB free
R0 [P3] PRE-SPLIT GPU mem: 84.5GB free / 85.1GB total | extended_size=17613296 (0.1GB)
R1 [P3] join raw=18472419 -> kept=17699716 (1.0x collapse)
R1 [P3] join done: extended_size=17699716 (0.1GB) | GPU mem: 84.4GB free
R1 [P3] PRE-SPLIT GPU mem: 84.5GB free / 85.1GB total | extended_size=17699716 (0.1GB)
R0 [P3] extended sorted & copied to host, GPU freed: 84.6GB free
R1 [P3] extended sorted & copied to host, GPU freed: 84.6GB free
R0 [P3] extended split done: ext_split_size=17613296
R1 [P3] extended split done: ext_split_size=17699716
R1 [P3] seed split done: seed_split_size=1510217
R0 [P3] seed split done: seed_split_size=1506686
R0 [P3] concat done: result_size=19119982 (seed=1506686 + ext=17613296)
R1 [P3] concat done: result_size=19209933 (seed=1510217 + ext=17699716)
R1 [P3] dedup done: result_size=19180636
R0 [P3] dedup done: result_size=19090394
Phase 1: 0.1318s | seed_size=1549970 (length 1), g^k_size=1466933
Phase 2: 1.0625s | TC(g^k) = 19446587 tuples, 315 iterations
  Join: 0.1767s | Dedup: 0.0640s | Subtract: 0.0616s | Merge: 0.5070s | HT build: 0.0002s
  Comm: 0.1388s
Phase 3: 0.1475s
  Join: 0.0144s | HT build: 0.0009s | Comm: 0.0796s | Dedup: 0.0129s | Kernels: 0.0318s
─────────────────────────────────────
Total: 1.3417s | TC size: 38271030
