R0 [P1] parallel_read done: row_size=6184590 total_rows=12369181
R1 [P1] parallel_read done: row_size=6184591 total_rows=12369181
R0 [P1] allgather done
R1 [P1] allgather done
R1 [P1] entity arrays + dedup done: g_size=12369181 l_size=12369181
R0 [P1] entity arrays + dedup done: g_size=12369181 l_size=12369181
R1 [P1] initial HT built: ht_rows=33554432
R0 [P1] initial HT built: ht_rows=33554432
R1 [P1] step 0: seed join done, temp_l_size=11783640
R0 [P1] step 0: g_rev join done, temp_g_rev_size=11783640
R0 [P1] step 0: g_rev dedup done, g_rev_size=11754517
R1 [P1] step 0: seed dedup done, l_size=11754517
R1 [P1] step 0: g_rev join done, temp_g_rev_size=11783640
R0 [P1] step 0: g squared, g_size=11754517 ht_rows=33554432
R0 [P1] partition filter done: gk_fwd=5875047 gk_rev=5877422
Rank 0 Phase 1: 0.2267s | seed_size=12369181 (length 1), g^k_size=11754517
R1 [P1] step 0: g_rev dedup done, g_rev_size=11754517
R0 [P2] dedup full done: full_size=5877422
R0 [P2] delta copy done: delta_size=5877422
R0 [P2] HT built: gk_fwd_size=5875047 ht_rows=16777216
R1 [P1] step 0: g squared, g_size=11754517 ht_rows=33554432
R1 [P1] partition filter done: gk_fwd=5879470 gk_rev=5877095
Rank 1 Phase 1: 0.2497s | seed_size=11754517 (length 2), g^k_size=11754517
R1 [P2] dedup full done: full_size=5877095
R1 [P2] delta copy done: delta_size=5877095
R1 [P2] HT built: gk_fwd_size=5879470 ht_rows=16777216
R0 [P2] entering loop: global_full_size=11754517
R1 [P2] entering loop: global_full_size=11754517
R1 [P2] iter 0: PRE-JOIN GPU mem: 84.3GB free / 85.1GB total | delta_size=5877095 full_size=5877095
R0 [P2] iter 0: PRE-JOIN GPU mem: 84.3GB free / 85.1GB total | delta_size=5877422 full_size=5877422
R0 [P2] iter 0: join done, raw=5394805 result_size=5386526
R1 [P2] iter 0: join done, raw=5398965 result_size=5390788
R1 [P2] iter 0: split done, delta_size=5388774
R0 [P2] iter 0: split done, delta_size=5388540
R1 [P2] iter 0: dedup done, delta_size=5380499
R0 [P2] iter 0: dedup done, delta_size=5380238
R1 [P2] iter 0: subtract done, delta_size=5340519
R0 [P2] iter 0: subtract done, delta_size=5340047
R1 [P2] iter 0: merge done, full_size=11217614
R0 [P2] iter 0: merge done, full_size=11217469
R0 [P2] iter 1 done: global_full_size=22435083
R1 [P2] iter 1 done: global_full_size=22435083
R0 [P2] iter 1: PRE-JOIN GPU mem: 84.3GB free / 85.1GB total | delta_size=5340047 full_size=11217469
R1 [P2] iter 1: PRE-JOIN GPU mem: 84.3GB free / 85.1GB total | delta_size=5340519 full_size=11217614
R0 [P2] iter 1: join done, raw=4913271 result_size=4904100
R1 [P2] iter 1: join done, raw=4917165 result_size=4908113
R1 [P2] iter 1: split done, delta_size=4905889
R0 [P2] iter 1: split done, delta_size=4906324
R1 [P2] iter 1: dedup done, delta_size=4896752
R0 [P2] iter 1: dedup done, delta_size=4897166
R0 [P2] iter 1: subtract done, delta_size=4834510
R1 [P2] iter 1: subtract done, delta_size=4833761
R1 [P2] iter 1: merge done, full_size=16051375
R0 [P2] iter 1: merge done, full_size=16051979
R0 [P2] iter 2 done: global_full_size=32103354
R1 [P2] iter 2 done: global_full_size=32103354
R0 [P2] iter 2: PRE-JOIN GPU mem: 84.2GB free / 85.1GB total | delta_size=4834510 full_size=16051979
R1 [P2] iter 2: PRE-JOIN GPU mem: 84.2GB free / 85.1GB total | delta_size=4833761 full_size=16051375
R0 [P2] iter 2: join done, raw=4459986 result_size=4451156
R1 [P2] iter 2: join done, raw=4463008 result_size=4454382
R0 [P2] iter 2: split done, delta_size=4452543
R1 [P2] iter 2: split done, delta_size=4452995
R1 [P2] iter 2: dedup done, delta_size=4444457
R0 [P2] iter 2: dedup done, delta_size=4443875
R1 [P2] iter 2: subtract done, delta_size=4369440
R0 [P2] iter 2: subtract done, delta_size=4369001
R0 [P2] iter 2: merge done, full_size=20420980
R0 [P2] iter 3 done: global_full_size=40841795
R1 [P2] iter 2: merge done, full_size=20420815
R1 [P2] iter 3 done: global_full_size=40841795
R0 [P2] iter 3: PRE-JOIN GPU mem: 84.2GB free / 85.1GB total | delta_size=4369001 full_size=20420980
R1 [P2] iter 3: PRE-JOIN GPU mem: 84.2GB free / 85.1GB total | delta_size=4369440 full_size=20420815
R0 [P2] iter 3: join done, raw=4045872 result_size=4037823
R1 [P2] iter 3: join done, raw=4049341 result_size=4041449
R1 [P2] iter 3: split done, delta_size=4039636
R0 [P2] iter 3: split done, delta_size=4039636
R1 [P2] iter 3: dedup done, delta_size=4031832
R0 [P2] iter 3: dedup done, delta_size=4031713
R1 [P2] iter 3: subtract done, delta_size=3952836
R0 [P2] iter 3: subtract done, delta_size=3952473
R1 [P2] iter 3: merge done, full_size=24373651
R0 [P2] iter 3: merge done, full_size=24373453
R0 [P2] iter 4 done: global_full_size=48747104
R1 [P2] iter 4 done: global_full_size=48747104
R0 [P2] iter 4: PRE-JOIN GPU mem: 84.2GB free / 85.1GB total | delta_size=3952473 full_size=24373453
R1 [P2] iter 4: PRE-JOIN GPU mem: 84.2GB free / 85.1GB total | delta_size=3952836 full_size=24373651
R1 [P2] iter 4: join done, raw=3676110 result_size=3669078
R0 [P2] iter 4: join done, raw=3672925 result_size=3665711
R1 [P2] iter 4: split done, delta_size=3667661
R0 [P2] iter 4: split done, delta_size=3667128
R0 [P2] iter 4: dedup done, delta_size=3660029
R1 [P2] iter 4: dedup done, delta_size=3660742
R1 [P2] iter 4: subtract done, delta_size=3582344
R0 [P2] iter 4: subtract done, delta_size=3581573
R1 [P2] iter 4: merge done, full_size=27955995
R0 [P2] iter 4: merge done, full_size=27955026
R0 [P2] iter 5 done: global_full_size=55911021
R1 [P2] iter 5 done: global_full_size=55911021
R0 [P2] iter 5: PRE-JOIN GPU mem: 84.2GB free / 85.1GB total | delta_size=3581573 full_size=27955026
R1 [P2] iter 5: PRE-JOIN GPU mem: 84.2GB free / 85.1GB total | delta_size=3582344 full_size=27955995
R0 [P2] iter 5: join done, raw=3340228 result_size=3333828
R1 [P2] iter 5: join done, raw=3342976 result_size=3336780
R1 [P2] iter 5: split done, delta_size=3335891
R0 [P2] iter 5: split done, delta_size=3334717
R1 [P2] iter 5: dedup done, delta_size=3329701
R0 [P2] iter 5: dedup done, delta_size=3328421
R1 [P2] iter 5: subtract done, delta_size=3254615
R0 [P2] iter 5: subtract done, delta_size=3252931
R1 [P2] iter 5: merge done, full_size=31210610
R0 [P2] iter 5: merge done, full_size=31207957
R0 [P2] iter 6 done: global_full_size=62418567
R1 [P2] iter 6 done: global_full_size=62418567
R0 [P2] iter 6: PRE-JOIN GPU mem: 84.1GB free / 85.1GB total | delta_size=3252931 full_size=31207957
R1 [P2] iter 6: PRE-JOIN GPU mem: 84.1GB free / 85.1GB total | delta_size=3254615 full_size=31210610
R1 [P2] iter 6: join done, raw=3046776 result_size=3041324
R0 [P2] iter 6: join done, raw=3043045 result_size=3037483
R1 [P2] iter 6: split done, delta_size=3039724
R0 [P2] iter 6: split done, delta_size=3039083
R1 [P2] iter 6: dedup done, delta_size=3034259
R0 [P2] iter 6: dedup done, delta_size=3033522
R1 [P2] iter 6: subtract done, delta_size=2963817
R0 [P2] iter 6: subtract done, delta_size=2962792
R1 [P2] iter 6: merge done, full_size=34174427
R0 [P2] iter 6: merge done, full_size=34170749
R0 [P2] iter 7 done: global_full_size=68345176
R1 [P2] iter 7 done: global_full_size=68345176
R0 [P2] iter 7: PRE-JOIN GPU mem: 84.1GB free / 85.1GB total | delta_size=2962792 full_size=34170749
R1 [P2] iter 7: PRE-JOIN GPU mem: 84.1GB free / 85.1GB total | delta_size=2963817 full_size=34174427
R0 [P2] iter 7: join done, raw=2779355 result_size=2774451
R1 [P2] iter 7: join done, raw=2782506 result_size=2777683
R0 [P2] iter 7: split done, delta_size=2776190
R1 [P2] iter 7: split done, delta_size=2775944
R0 [P2] iter 7: dedup done, delta_size=2771266
R1 [P2] iter 7: dedup done, delta_size=2771169
R1 [P2] iter 7: subtract done, delta_size=2706085
R0 [P2] iter 7: subtract done, delta_size=2705688
R1 [P2] iter 7: merge done, full_size=36880512
R0 [P2] iter 7: merge done, full_size=36876437
R0 [P2] iter 8 done: global_full_size=73756949
R1 [P2] iter 8 done: global_full_size=73756949
R0 [P2] iter 8: PRE-JOIN GPU mem: 84.1GB free / 85.1GB total | delta_size=2705688 full_size=36876437
R1 [P2] iter 8: PRE-JOIN GPU mem: 84.1GB free / 85.1GB total | delta_size=2706085 full_size=36880512
R1 [P2] iter 8: join done, raw=2547037 result_size=2542755
R0 [P2] iter 8: join done, raw=2545228 result_size=2540919
R1 [P2] iter 8: split done, delta_size=2541182
R0 [P2] iter 8: split done, delta_size=2542492
R1 [P2] iter 8: dedup done, delta_size=2536997
R0 [P2] iter 8: dedup done, delta_size=2538167
R1 [P2] iter 8: subtract done, delta_size=2477337
R0 [P2] iter 8: subtract done, delta_size=2478102
R1 [P2] iter 8: merge done, full_size=39357849
R0 [P2] iter 8: merge done, full_size=39354539
R0 [P2] iter 9 done: global_full_size=78712388
R1 [P2] iter 9 done: global_full_size=78712388
R1 [P2] iter 9: PRE-JOIN GPU mem: 84.1GB free / 85.1GB total | delta_size=2477337 full_size=39357849
R0 [P2] iter 9: PRE-JOIN GPU mem: 84.1GB free / 85.1GB total | delta_size=2478102 full_size=39354539
R0 [P2] iter 9: join done, raw=2336864 result_size=2333075
R1 [P2] iter 9: join done, raw=2337318 result_size=2333565
R1 [P2] iter 9: split done, delta_size=2333369
R0 [P2] iter 9: split done, delta_size=2333271
R1 [P2] iter 9: dedup done, delta_size=2329663
R0 [P2] iter 9: dedup done, delta_size=2329464
R1 [P2] iter 9: subtract done, delta_size=2275024
R0 [P2] iter 9: subtract done, delta_size=2274639
R1 [P2] iter 9: merge done, full_size=41632873
R0 [P2] iter 9: merge done, full_size=41629178
R0 [P2] iter 10 done: global_full_size=83262051
R1 [P2] iter 10 done: global_full_size=83262051
R1 [P2] iter 10: PRE-JOIN GPU mem: 84.1GB free / 85.1GB total | delta_size=2275024 full_size=41632873
R0 [P2] iter 10: PRE-JOIN GPU mem: 84.1GB free / 85.1GB total | delta_size=2274639 full_size=41629178
R1 [P2] iter 10: join done, raw=2150601 result_size=2147290
R0 [P2] iter 10: join done, raw=2149533 result_size=2146178
R1 [P2] iter 10: split done, delta_size=2147232
R0 [P2] iter 10: split done, delta_size=2146236
R1 [P2] iter 10: dedup done, delta_size=2143947
R0 [P2] iter 10: dedup done, delta_size=2142831
R1 [P2] iter 10: subtract done, delta_size=2094179
R0 [P2] iter 10: subtract done, delta_size=2092891
R1 [P2] iter 10: merge done, full_size=43727052
R0 [P2] iter 10: merge done, full_size=43722069
R0 [P2] iter 11 done: global_full_size=87449121
R1 [P2] iter 11 done: global_full_size=87449121
R1 [P2] iter 11: PRE-JOIN GPU mem: 84.0GB free / 85.1GB total | delta_size=2094179 full_size=43727052
R0 [P2] iter 11: PRE-JOIN GPU mem: 84.0GB free / 85.1GB total | delta_size=2092891 full_size=43722069
R1 [P2] iter 11: join done, raw=1983192 result_size=1980279
R0 [P2] iter 11: join done, raw=1981356 result_size=1978381
R1 [P2] iter 11: split done, delta_size=1979402
R0 [P2] iter 11: split done, delta_size=1979258
R1 [P2] iter 11: dedup done, delta_size=1976497
R0 [P2] iter 11: dedup done, delta_size=1976259
R1 [P2] iter 11: subtract done, delta_size=1931064
R0 [P2] iter 11: subtract done, delta_size=1930865
R1 [P2] iter 11: merge done, full_size=45658116
R0 [P2] iter 11: merge done, full_size=45652934
R0 [P2] iter 12 done: global_full_size=91311050
R1 [P2] iter 12 done: global_full_size=91311050
R1 [P2] iter 12: PRE-JOIN GPU mem: 84.0GB free / 85.1GB total | delta_size=1931064 full_size=45658116
R0 [P2] iter 12: PRE-JOIN GPU mem: 84.0GB free / 85.1GB total | delta_size=1930865 full_size=45652934
R1 [P2] iter 12: join done, raw=1832005 result_size=1829434
R0 [P2] iter 12: join done, raw=1830966 result_size=1828349
R1 [P2] iter 12: split done, delta_size=1828891
R0 [P2] iter 12: split done, delta_size=1828892
R1 [P2] iter 12: dedup done, delta_size=1826327
R0 [P2] iter 12: dedup done, delta_size=1826234
R1 [P2] iter 12: subtract done, delta_size=1785040
R0 [P2] iter 12: subtract done, delta_size=1785038
R1 [P2] iter 12: merge done, full_size=47443156
R0 [P2] iter 12: merge done, full_size=47437972
R0 [P2] iter 13 done: global_full_size=94881128
R1 [P2] iter 13 done: global_full_size=94881128
R1 [P2] iter 13: PRE-JOIN GPU mem: 84.0GB free / 85.1GB total | delta_size=1785040 full_size=47443156
R0 [P2] iter 13: PRE-JOIN GPU mem: 84.0GB free / 85.1GB total | delta_size=1785038 full_size=47437972
R1 [P2] iter 13: join done, raw=1696540 result_size=1694234
R0 [P2] iter 13: join done, raw=1695609 result_size=1693308
R1 [P2] iter 13: split done, delta_size=1693819
R0 [P2] iter 13: split done, delta_size=1693723
R1 [P2] iter 13: dedup done, delta_size=1691517
R0 [P2] iter 13: dedup done, delta_size=1691377
R1 [P2] iter 13: subtract done, delta_size=1654079
R0 [P2] iter 13: subtract done, delta_size=1653790
R0 [P2] iter 13: merge done, full_size=49091762
R0 [P2] iter 14 done: global_full_size=98188997
R1 [P2] iter 13: merge done, full_size=49097235
R1 [P2] iter 14 done: global_full_size=98188997
R0 [P2] iter 14: PRE-JOIN GPU mem: 84.0GB free / 85.1GB total | delta_size=1653790 full_size=49091762
R1 [P2] iter 14: PRE-JOIN GPU mem: 84.0GB free / 85.1GB total | delta_size=1654079 full_size=49097235
R1 [P2] iter 14: join done, raw=1574195 result_size=1572131
R0 [P2] iter 14: join done, raw=1573638 result_size=1571588
R1 [P2] iter 14: split done, delta_size=1571380
R0 [P2] iter 14: split done, delta_size=1572339
R0 [P2] iter 14: dedup done, delta_size=1570241
R1 [P2] iter 14: dedup done, delta_size=1569342
R0 [P2] iter 14: subtract done, delta_size=1536049
R1 [P2] iter 14: subtract done, delta_size=1535332
R0 [P2] iter 14: merge done, full_size=50627811
R0 [P2] iter 15 done: global_full_size=101260378
R1 [P2] iter 14: merge done, full_size=50632567
R1 [P2] iter 15 done: global_full_size=101260378
R0 [P2] iter 15: PRE-JOIN GPU mem: 84.0GB free / 85.1GB total | delta_size=1536049 full_size=50627811
R1 [P2] iter 15: PRE-JOIN GPU mem: 84.0GB free / 85.1GB total | delta_size=1535332 full_size=50632567
R0 [P2] iter 15: join done, raw=1463579 result_size=1461754
R1 [P2] iter 15: join done, raw=1463844 result_size=1461991
R0 [P2] iter 15: split done, delta_size=1461963
R1 [P2] iter 15: split done, delta_size=1461782
R0 [P2] iter 15: dedup done, delta_size=1460116
R1 [P2] iter 15: dedup done, delta_size=1459934
R0 [P2] iter 15: subtract done, delta_size=1429092
R1 [P2] iter 15: subtract done, delta_size=1428919
R1 [P2] iter 15: merge done, full_size=52061486
R0 [P2] iter 15: merge done, full_size=52056903
R0 [P2] iter 16 done: global_full_size=104118389
R0 [P2] iter 16: PRE-JOIN GPU mem: 84.0GB free / 85.1GB total | delta_size=1429092 full_size=52056903
R1 [P2] iter 16 done: global_full_size=104118389
R1 [P2] iter 16: PRE-JOIN GPU mem: 84.0GB free / 85.1GB total | delta_size=1428919 full_size=52061486
R1 [P2] iter 16: join done, raw=1364125 result_size=1362470
R0 [P2] iter 16: join done, raw=1363794 result_size=1362180
R1 [P2] iter 16: split done, delta_size=1362113
R0 [P2] iter 16: split done, delta_size=1362537
R1 [P2] iter 16: dedup done, delta_size=1360462
R0 [P2] iter 16: dedup done, delta_size=1360872
R1 [P2] iter 16: subtract done, delta_size=1332187
R0 [P2] iter 16: subtract done, delta_size=1332593
R1 [P2] iter 16: merge done, full_size=53393673
R0 [P2] iter 16: merge done, full_size=53389496
R0 [P2] iter 17 done: global_full_size=106783169
R1 [P2] iter 17 done: global_full_size=106783169
R1 [P2] iter 17: PRE-JOIN GPU mem: 84.0GB free / 85.1GB total | delta_size=1332187 full_size=53393673
R0 [P2] iter 17: PRE-JOIN GPU mem: 84.0GB free / 85.1GB total | delta_size=1332593 full_size=53389496
R1 [P2] iter 17: join done, raw=1273280 result_size=1271811
R0 [P2] iter 17: join done, raw=1272973 result_size=1271525
R0 [P2] iter 17: split done, delta_size=1271616
R1 [P2] iter 17: split done, delta_size=1271720
R0 [P2] iter 17: dedup done, delta_size=1270117
R1 [P2] iter 17: dedup done, delta_size=1270234
R0 [P2] iter 17: subtract done, delta_size=1244223
R1 [P2] iter 17: subtract done, delta_size=1244388
R0 [P2] iter 17: merge done, full_size=54633719
R0 [P2] iter 18 done: global_full_size=109271780
R1 [P2] iter 17: merge done, full_size=54638061
R1 [P2] iter 18 done: global_full_size=109271780
R1 [P2] iter 18: PRE-JOIN GPU mem: 84.0GB free / 85.1GB total | delta_size=1244388 full_size=54638061
R0 [P2] iter 18: PRE-JOIN GPU mem: 84.0GB free / 85.1GB total | delta_size=1244223 full_size=54633719
R0 [P2] iter 18: join done, raw=1190001 result_size=1188665
R1 [P2] iter 18: join done, raw=1190807 result_size=1189444
R1 [P2] iter 18: split done, delta_size=1189285
R0 [P2] iter 18: split done, delta_size=1188824
R1 [P2] iter 18: dedup done, delta_size=1187940
R0 [P2] iter 18: dedup done, delta_size=1187446
R1 [P2] iter 18: subtract done, delta_size=1164197
R0 [P2] iter 18: subtract done, delta_size=1163697
R1 [P2] iter 18: merge done, full_size=55802258
R0 [P2] iter 18: merge done, full_size=55797416
R0 [P2] iter 19 done: global_full_size=111599674
R1 [P2] iter 19 done: global_full_size=111599674
R1 [P2] iter 19: PRE-JOIN GPU mem: 84.0GB free / 85.1GB total | delta_size=1164197 full_size=55802258
R0 [P2] iter 19: PRE-JOIN GPU mem: 84.0GB free / 85.1GB total | delta_size=1163697 full_size=55797416
R1 [P2] iter 19: join done, raw=1115274 result_size=1114033
R0 [P2] iter 19: join done, raw=1113517 result_size=1112314
R1 [P2] iter 19: split done, delta_size=1113600
R0 [P2] iter 19: split done, delta_size=1112747
R1 [P2] iter 19: dedup done, delta_size=1112391
R0 [P2] iter 19: dedup done, delta_size=1111521
R0 [P2] iter 19: subtract done, delta_size=1089720
R1 [P2] iter 19: subtract done, delta_size=1090622
R0 [P2] iter 19: merge done, full_size=56887136
R0 [P2] iter 20 done: global_full_size=113780016
R1 [P2] iter 19: merge done, full_size=56892880
R1 [P2] iter 20 done: global_full_size=113780016
R0 [P2] iter 20: PRE-JOIN GPU mem: 83.9GB free / 85.1GB total | delta_size=1089720 full_size=56887136
R1 [P2] iter 20: PRE-JOIN GPU mem: 83.9GB free / 85.1GB total | delta_size=1090622 full_size=56892880
R1 [P2] iter 20: join done, raw=1045766 result_size=1044631
R0 [P2] iter 20: join done, raw=1043480 result_size=1042369
R1 [P2] iter 20: split done, delta_size=1043791
R0 [P2] iter 20: split done, delta_size=1043209
R1 [P2] iter 20: dedup done, delta_size=1042692
R0 [P2] iter 20: dedup done, delta_size=1042087
R0 [P2] iter 20: subtract done, delta_size=1022113
R1 [P2] iter 20: subtract done, delta_size=1022825
R1 [P2] iter 20: merge done, full_size=57915705
R0 [P2] iter 20: merge done, full_size=57909249
R0 [P2] iter 21 done: global_full_size=115824954
R1 [P2] iter 21 done: global_full_size=115824954
R0 [P2] iter 21: PRE-JOIN GPU mem: 83.9GB free / 85.1GB total | delta_size=1022113 full_size=57909249
R1 [P2] iter 21: PRE-JOIN GPU mem: 83.9GB free / 85.1GB total | delta_size=1022825 full_size=57915705
R1 [P2] iter 21: join done, raw=981716 result_size=980688
R0 [P2] iter 21: join done, raw=980016 result_size=978996
R1 [P2] iter 21: split done, delta_size=980091
R0 [P2] iter 21: split done, delta_size=979593
R1 [P2] iter 21: dedup done, delta_size=979093
R0 [P2] iter 21: dedup done, delta_size=978574
R0 [P2] iter 21: subtract done, delta_size=960249
R1 [P2] iter 21: subtract done, delta_size=960796
R0 [P2] iter 21: merge done, full_size=58869498
R0 [P2] iter 22 done: global_full_size=117745999
R1 [P2] iter 21: merge done, full_size=58876501
R1 [P2] iter 22 done: global_full_size=117745999
R1 [P2] iter 22: PRE-JOIN GPU mem: 83.9GB free / 85.1GB total | delta_size=960796 full_size=58876501
R0 [P2] iter 22: PRE-JOIN GPU mem: 83.9GB free / 85.1GB total | delta_size=960249 full_size=58869498
R0 [P2] iter 22: join done, raw=921678 result_size=920737
R1 [P2] iter 22: join done, raw=922753 result_size=921809
R1 [P2] iter 22: split done, delta_size=921460
R1 [P2] iter 22: dedup done, delta_size=920552
R0 [P2] iter 22: split done, delta_size=921086
R0 [P2] iter 22: dedup done, delta_size=920163
R1 [P2] iter 22: subtract done, delta_size=903733
R0 [P2] iter 22: subtract done, delta_size=903312
R1 [P2] iter 22: merge done, full_size=59780234
R0 [P2] iter 22: merge done, full_size=59772810
R0 [P2] iter 23 done: global_full_size=119553044
R0 [P2] iter 23: PRE-JOIN GPU mem: 83.9GB free / 85.1GB total | delta_size=903312 full_size=59772810
R1 [P2] iter 23 done: global_full_size=119553044
R1 [P2] iter 23: PRE-JOIN GPU mem: 83.9GB free / 85.1GB total | delta_size=903733 full_size=59780234
R0 [P2] iter 23: join done, raw=867527 result_size=866692
R1 [P2] iter 23: join done, raw=868576 result_size=867722
R0 [P2] iter 23: split done, delta_size=867228
R1 [P2] iter 23: split done, delta_size=867186
R0 [P2] iter 23: dedup done, delta_size=866381
R1 [P2] iter 23: dedup done, delta_size=866371
R0 [P2] iter 23: subtract done, delta_size=850870
R1 [P2] iter 23: subtract done, delta_size=850977
R0 [P2] iter 23: merge done, full_size=60623680
R0 [P2] iter 24 done: global_full_size=121254891
R1 [P2] iter 23: merge done, full_size=60631211
R1 [P2] iter 24 done: global_full_size=121254891
R1 [P2] iter 24: PRE-JOIN GPU mem: 83.9GB free / 85.1GB total | delta_size=850977 full_size=60631211
R0 [P2] iter 24: PRE-JOIN GPU mem: 83.9GB free / 85.1GB total | delta_size=850870 full_size=60623680
R0 [P2] iter 24: join done, raw=817728 result_size=816969
R1 [P2] iter 24: join done, raw=818412 result_size=817615
R0 [P2] iter 24: split done, delta_size=817150
R1 [P2] iter 24: split done, delta_size=817434
R0 [P2] iter 24: dedup done, delta_size=816372
R1 [P2] iter 24: dedup done, delta_size=816660
R0 [P2] iter 24: subtract done, delta_size=802058
R1 [P2] iter 24: subtract done, delta_size=802486
R0 [P2] iter 24: merge done, full_size=61425738
R0 [P2] iter 25 done: global_full_size=122859435
R1 [P2] iter 24: merge done, full_size=61433697
R1 [P2] iter 25 done: global_full_size=122859435
R1 [P2] iter 25: PRE-JOIN GPU mem: 83.9GB free / 85.1GB total | delta_size=802486 full_size=61433697
R0 [P2] iter 25: PRE-JOIN GPU mem: 83.9GB free / 85.1GB total | delta_size=802058 full_size=61425738
R1 [P2] iter 25: join done, raw=772479 result_size=771743
R0 [P2] iter 25: join done, raw=771544 result_size=770844
R0 [P2] iter 25: split done, delta_size=771202
R1 [P2] iter 25: split done, delta_size=771385
R0 [P2] iter 25: dedup done, delta_size=770496
R1 [P2] iter 25: dedup done, delta_size=770667
R0 [P2] iter 25: subtract done, delta_size=757232
R1 [P2] iter 25: subtract done, delta_size=757513
R0 [P2] iter 25: merge done, full_size=62182970
R0 [P2] iter 26 done: global_full_size=124374180
R1 [P2] iter 25: merge done, full_size=62191210
R1 [P2] iter 26 done: global_full_size=124374180
R1 [P2] iter 26: PRE-JOIN GPU mem: 83.9GB free / 85.1GB total | delta_size=757513 full_size=62191210
R0 [P2] iter 26: PRE-JOIN GPU mem: 83.9GB free / 85.1GB total | delta_size=757232 full_size=62182970
R1 [P2] iter 26: join done, raw=729306 result_size=728644
R0 [P2] iter 26: join done, raw=728800 result_size=728147
R0 [P2] iter 26: split done, delta_size=728480
R1 [P2] iter 26: split done, delta_size=728311
R0 [P2] iter 26: dedup done, delta_size=727827
R1 [P2] iter 26: dedup done, delta_size=727643
R0 [P2] iter 26: subtract done, delta_size=715589
R1 [P2] iter 26: subtract done, delta_size=715514
R0 [P2] iter 26: merge done, full_size=62898559
R0 [P2] iter 27 done: global_full_size=125805283
R1 [P2] iter 26: merge done, full_size=62906724
R1 [P2] iter 27 done: global_full_size=125805283
R1 [P2] iter 27: PRE-JOIN GPU mem: 83.9GB free / 85.1GB total | delta_size=715514 full_size=62906724
R0 [P2] iter 27: PRE-JOIN GPU mem: 83.9GB free / 85.1GB total | delta_size=715589 full_size=62898559
R0 [P2] iter 27: join done, raw=689329 result_size=688737
R1 [P2] iter 27: join done, raw=689499 result_size=688887
R1 [P2] iter 27: split done, delta_size=688759
R0 [P2] iter 27: split done, delta_size=688865
R1 [P2] iter 27: dedup done, delta_size=688154
R0 [P2] iter 27: dedup done, delta_size=688258
R1 [P2] iter 27: subtract done, delta_size=676844
R0 [P2] iter 27: subtract done, delta_size=676936
R1 [P2] iter 27: merge done, full_size=63583568
R0 [P2] iter 27: merge done, full_size=63575495
R0 [P2] iter 28 done: global_full_size=127159063
R1 [P2] iter 28 done: global_full_size=127159063
R0 [P2] iter 28: PRE-JOIN GPU mem: 83.9GB free / 85.1GB total | delta_size=676936 full_size=63575495
R1 [P2] iter 28: PRE-JOIN GPU mem: 83.9GB free / 85.1GB total | delta_size=676844 full_size=63583568
R0 [P2] iter 28: join done, raw=652730 result_size=652169
R1 [P2] iter 28: join done, raw=652567 result_size=651999
R1 [P2] iter 28: split done, delta_size=651740
R0 [P2] iter 28: split done, delta_size=652428
R1 [P2] iter 28: dedup done, delta_size=651194
R0 [P2] iter 28: dedup done, delta_size=651871
R1 [P2] iter 28: subtract done, delta_size=640729
R0 [P2] iter 28: subtract done, delta_size=641381
R1 [P2] iter 28: merge done, full_size=64224297
R0 [P2] iter 28: merge done, full_size=64216876
R0 [P2] iter 29 done: global_full_size=128441173
R0 [P2] iter 29: PRE-JOIN GPU mem: 83.9GB free / 85.1GB total | delta_size=641381 full_size=64216876
R1 [P2] iter 29 done: global_full_size=128441173
R1 [P2] iter 29: PRE-JOIN GPU mem: 83.9GB free / 85.1GB total | delta_size=640729 full_size=64224297
R1 [P2] iter 29: join done, raw=618014 result_size=617489
R0 [P2] iter 29: join done, raw=618721 result_size=618188
R1 [P2] iter 29: split done, delta_size=617427
R0 [P2] iter 29: split done, delta_size=618250
R1 [P2] iter 29: dedup done, delta_size=616921
R0 [P2] iter 29: dedup done, delta_size=617728
R1 [P2] iter 29: subtract done, delta_size=607178
R0 [P2] iter 29: subtract done, delta_size=607979
R1 [P2] iter 29: merge done, full_size=64831475
R0 [P2] iter 29: merge done, full_size=64824855
R0 [P2] iter 30 done: global_full_size=129656330
R0 [P2] iter 30: PRE-JOIN GPU mem: 83.9GB free / 85.1GB total | delta_size=607979 full_size=64824855
R1 [P2] iter 30 done: global_full_size=129656330
R1 [P2] iter 30: PRE-JOIN GPU mem: 83.9GB free / 85.1GB total | delta_size=607178 full_size=64831475
R1 [P2] iter 30: join done, raw=585802 result_size=585324
R0 [P2] iter 30: join done, raw=586618 result_size=586113
R1 [P2] iter 30: split done, delta_size=585371
R0 [P2] iter 30: split done, delta_size=586066
R1 [P2] iter 30: dedup done, delta_size=584898
R0 [P2] iter 30: dedup done, delta_size=585590
R1 [P2] iter 30: subtract done, delta_size=575830
R0 [P2] iter 30: subtract done, delta_size=576512
R1 [P2] iter 30: merge done, full_size=65407305
R0 [P2] iter 30: merge done, full_size=65401367
R0 [P2] iter 31 done: global_full_size=130808672
R1 [P2] iter 31 done: global_full_size=130808672
R1 [P2] iter 31: PRE-JOIN GPU mem: 83.9GB free / 85.1GB total | delta_size=575830 full_size=65407305
R0 [P2] iter 31: PRE-JOIN GPU mem: 83.9GB free / 85.1GB total | delta_size=576512 full_size=65401367
R1 [P2] iter 31: join done, raw=555737 result_size=555302
R0 [P2] iter 31: join done, raw=556346 result_size=555876
R1 [P2] iter 31: split done, delta_size=555317
R0 [P2] iter 31: split done, delta_size=555861
R1 [P2] iter 31: dedup done, delta_size=554879
R0 [P2] iter 31: dedup done, delta_size=555421
R1 [P2] iter 31: subtract done, delta_size=546452
R0 [P2] iter 31: subtract done, delta_size=546977
R1 [P2] iter 31: merge done, full_size=65953757
R0 [P2] iter 31: merge done, full_size=65948344
R0 [P2] iter 32 done: global_full_size=131902101
R1 [P2] iter 32 done: global_full_size=131902101
R1 [P2] iter 32: PRE-JOIN GPU mem: 83.9GB free / 85.1GB total | delta_size=546452 full_size=65953757
R0 [P2] iter 32: PRE-JOIN GPU mem: 83.9GB free / 85.1GB total | delta_size=546977 full_size=65948344
R1 [P2] iter 32: join done, raw=527744 result_size=527330
R0 [P2] iter 32: join done, raw=528182 result_size=527742
R0 [P2] iter 32: split done, delta_size=527701
R0 [P2] iter 32: dedup done, delta_size=527289
R1 [P2] iter 32: split done, delta_size=527371
R1 [P2] iter 32: dedup done, delta_size=526969
R0 [P2] iter 32: subtract done, delta_size=519403
R1 [P2] iter 32: subtract done, delta_size=519103
R0 [P2] iter 32: merge done, full_size=66467747
R0 [P2] iter 33 done: global_full_size=132940607
R1 [P2] iter 32: merge done, full_size=66472860
R1 [P2] iter 33 done: global_full_size=132940607
R1 [P2] iter 33: PRE-JOIN GPU mem: 83.9GB free / 85.1GB total | delta_size=519103 full_size=66472860
R0 [P2] iter 33: PRE-JOIN GPU mem: 83.9GB free / 85.1GB total | delta_size=519403 full_size=66467747
R0 [P2] iter 33: join done, raw=501759 result_size=501351
R1 [P2] iter 33: join done, raw=501676 result_size=501283
R1 [P2] iter 33: split done, delta_size=501217
R0 [P2] iter 33: split done, delta_size=501417
R1 [P2] iter 33: dedup done, delta_size=500843
R0 [P2] iter 33: dedup done, delta_size=501044
R1 [P2] iter 33: subtract done, delta_size=493469
R0 [P2] iter 33: subtract done, delta_size=493720
R1 [P2] iter 33: merge done, full_size=66966329
R0 [P2] iter 33: merge done, full_size=66961467
R0 [P2] iter 34 done: global_full_size=133927796
R1 [P2] iter 34 done: global_full_size=133927796
R0 [P2] iter 34: PRE-JOIN GPU mem: 83.9GB free / 85.1GB total | delta_size=493720 full_size=66961467
R1 [P2] iter 34: PRE-JOIN GPU mem: 83.9GB free / 85.1GB total | delta_size=493469 full_size=66966329
R0 [P2] iter 34: join done, raw=477195 result_size=476821
R1 [P2] iter 34: join done, raw=477059 result_size=476697
R1 [P2] iter 34: split done, delta_size=476642
R0 [P2] iter 34: split done, delta_size=476876
R1 [P2] iter 34: dedup done, delta_size=476294
R0 [P2] iter 34: dedup done, delta_size=476520
R1 [P2] iter 34: subtract done, delta_size=469394
R0 [P2] iter 34: subtract done, delta_size=469698
R1 [P2] iter 34: merge done, full_size=67435723
R0 [P2] iter 34: merge done, full_size=67431165
R0 [P2] iter 35 done: global_full_size=134866888
R1 [P2] iter 35 done: global_full_size=134866888
R0 [P2] iter 35: PRE-JOIN GPU mem: 83.9GB free / 85.1GB total | delta_size=469698 full_size=67431165
R1 [P2] iter 35: PRE-JOIN GPU mem: 83.9GB free / 85.1GB total | delta_size=469394 full_size=67435723
R0 [P2] iter 35: join done, raw=454198 result_size=453842
R1 [P2] iter 35: join done, raw=453954 result_size=453617
R1 [P2] iter 35: split done, delta_size=453737
R0 [P2] iter 35: split done, delta_size=453722
R1 [P2] iter 35: dedup done, delta_size=453414
R0 [P2] iter 35: dedup done, delta_size=453387
R0 [P2] iter 35: subtract done, delta_size=447031
R1 [P2] iter 35: subtract done, delta_size=446916
R0 [P2] iter 35: merge done, full_size=67878196
R0 [P2] iter 36 done: global_full_size=135760835
R1 [P2] iter 35: merge done, full_size=67882639
R1 [P2] iter 36 done: global_full_size=135760835
R0 [P2] iter 36: PRE-JOIN GPU mem: 83.9GB free / 85.1GB total | delta_size=447031 full_size=67878196
R1 [P2] iter 36: PRE-JOIN GPU mem: 83.9GB free / 85.1GB total | delta_size=446916 full_size=67882639
R1 [P2] iter 36: join done, raw=432550 result_size=432245
R0 [P2] iter 36: join done, raw=432455 result_size=432115
R0 [P2] iter 36: split done, delta_size=432226
R1 [P2] iter 36: split done, delta_size=432134
R0 [P2] iter 36: dedup done, delta_size=431907
R1 [P2] iter 36: dedup done, delta_size=431828
R0 [P2] iter 36: subtract done, delta_size=425955
R1 [P2] iter 36: subtract done, delta_size=425737
R1 [P2] iter 36: merge done, full_size=68308376
R0 [P2] iter 36: merge done, full_size=68304151
R0 [P2] iter 37 done: global_full_size=136612527
R1 [P2] iter 37 done: global_full_size=136612527
R0 [P2] iter 37: PRE-JOIN GPU mem: 83.9GB free / 85.1GB total | delta_size=425955 full_size=68304151
R1 [P2] iter 37: PRE-JOIN GPU mem: 83.9GB free / 85.1GB total | delta_size=425737 full_size=68308376
R1 [P2] iter 37: join done, raw=412229 result_size=411939
R0 [P2] iter 37: join done, raw=412366 result_size=412046
R1 [P2] iter 37: split done, delta_size=411849
R0 [P2] iter 37: split done, delta_size=412136
R0 [P2] iter 37: dedup done, delta_size=411841
R1 [P2] iter 37: dedup done, delta_size=411560
R1 [P2] iter 37: subtract done, delta_size=405844
R0 [P2] iter 37: subtract done, delta_size=406265
R1 [P2] iter 37: merge done, full_size=68714220
R0 [P2] iter 37: merge done, full_size=68710416
R0 [P2] iter 38 done: global_full_size=137424636
R0 [P2] iter 38: PRE-JOIN GPU mem: 83.9GB free / 85.1GB total | delta_size=406265 full_size=68710416
R1 [P2] iter 38 done: global_full_size=137424636
R1 [P2] iter 38: PRE-JOIN GPU mem: 83.9GB free / 85.1GB total | delta_size=405844 full_size=68714220
R1 [P2] iter 38: join done, raw=393080 result_size=392809
R0 [P2] iter 38: join done, raw=393356 result_size=393053
R1 [P2] iter 38: split done, delta_size=392692
R0 [P2] iter 38: split done, delta_size=393170
R1 [P2] iter 38: dedup done, delta_size=392421
R0 [P2] iter 38: dedup done, delta_size=392890
R1 [P2] iter 38: subtract done, delta_size=387048
R0 [P2] iter 38: subtract done, delta_size=387626
R1 [P2] iter 38: merge done, full_size=69101268
R0 [P2] iter 38: merge done, full_size=69098042
R0 [P2] iter 39 done: global_full_size=138199310
R1 [P2] iter 39 done: global_full_size=138199310
R1 [P2] iter 39: PRE-JOIN GPU mem: 83.9GB free / 85.1GB total | delta_size=387048 full_size=69101268
R0 [P2] iter 39: PRE-JOIN GPU mem: 83.9GB free / 85.1GB total | delta_size=387626 full_size=69098042
R1 [P2] iter 39: join done, raw=374955 result_size=374695
R0 [P2] iter 39: join done, raw=375536 result_size=375253
R1 [P2] iter 39: split done, delta_size=374793
R1 [P2] iter 39: dedup done, delta_size=374528
R0 [P2] iter 39: split done, delta_size=375155
R1 [P2] iter 39: subtract done, delta_size=369482
R0 [P2] iter 39: dedup done, delta_size=374888
R1 [P2] iter 39: merge done, full_size=69470750
R0 [P2] iter 39: subtract done, delta_size=369926
R0 [P2] iter 39: merge done, full_size=69467968
R0 [P2] iter 40 done: global_full_size=138938718
R1 [P2] iter 40 done: global_full_size=138938718
R1 [P2] iter 40: PRE-JOIN GPU mem: 83.9GB free / 85.1GB total | delta_size=369482 full_size=69470750
R0 [P2] iter 40: PRE-JOIN GPU mem: 83.9GB free / 85.1GB total | delta_size=369926 full_size=69467968
R1 [P2] iter 40: join done, raw=358143 result_size=357901
R0 [P2] iter 40: join done, raw=358295 result_size=358033
R0 [P2] iter 40: split done, delta_size=358245
R0 [P2] iter 40: dedup done, delta_size=357992
R1 [P2] iter 40: split done, delta_size=357689
R1 [P2] iter 40: dedup done, delta_size=357438
R0 [P2] iter 40: subtract done, delta_size=353331
R1 [P2] iter 40: subtract done, delta_size=352714
R0 [P2] iter 40: merge done, full_size=69821299
R0 [P2] iter 41 done: global_full_size=139644763
R1 [P2] iter 40: merge done, full_size=69823464
R1 [P2] iter 41 done: global_full_size=139644763
R1 [P2] iter 41: PRE-JOIN GPU mem: 83.9GB free / 85.1GB total | delta_size=352714 full_size=69823464
R0 [P2] iter 41: PRE-JOIN GPU mem: 83.8GB free / 85.1GB total | delta_size=353331 full_size=69821299
R0 [P2] iter 41: join done, raw=342418 result_size=342170
R1 [P2] iter 41: join done, raw=341973 result_size=341747
R0 [P2] iter 41: split done, delta_size=342305
R1 [P2] iter 41: split done, delta_size=341612
R0 [P2] iter 41: dedup done, delta_size=342069
R1 [P2] iter 41: dedup done, delta_size=341384
R0 [P2] iter 41: subtract done, delta_size=337685
R1 [P2] iter 41: subtract done, delta_size=336936
R0 [P2] iter 41: merge done, full_size=70158984
R0 [P2] iter 42 done: global_full_size=140319384
R1 [P2] iter 41: merge done, full_size=70160400
R1 [P2] iter 42 done: global_full_size=140319384
R1 [P2] iter 42: PRE-JOIN GPU mem: 83.9GB free / 85.1GB total | delta_size=336936 full_size=70160400
R0 [P2] iter 42: PRE-JOIN GPU mem: 83.8GB free / 85.1GB total | delta_size=337685 full_size=70158984
R0 [P2] iter 42: join done, raw=327279 result_size=327047
R1 [P2] iter 42: join done, raw=326767 result_size=326563
R1 [P2] iter 42: split done, delta_size=326515
R0 [P2] iter 42: split done, delta_size=327095
R1 [P2] iter 42: dedup done, delta_size=326299
R0 [P2] iter 42: dedup done, delta_size=326870
R1 [P2] iter 42: subtract done, delta_size=322108
R0 [P2] iter 42: subtract done, delta_size=322750
R1 [P2] iter 42: merge done, full_size=70482508
R0 [P2] iter 42: merge done, full_size=70481734
R0 [P2] iter 43 done: global_full_size=140964242
R1 [P2] iter 43 done: global_full_size=140964242
R0 [P2] iter 43: PRE-JOIN GPU mem: 83.8GB free / 85.1GB total | delta_size=322750 full_size=70481734
R1 [P2] iter 43: PRE-JOIN GPU mem: 83.8GB free / 85.1GB total | delta_size=322108 full_size=70482508
R0 [P2] iter 43: join done, raw=313001 result_size=312783
R1 [P2] iter 43: join done, raw=312444 result_size=312249
R0 [P2] iter 43: split done, delta_size=312697
R0 [P2] iter 43: dedup done, delta_size=312482
R1 [P2] iter 43: split done, delta_size=312335
R1 [P2] iter 43: dedup done, delta_size=312134
R0 [P2] iter 43: subtract done, delta_size=308595
R1 [P2] iter 43: subtract done, delta_size=308182
R0 [P2] iter 43: merge done, full_size=70790329
R0 [P2] iter 44 done: global_full_size=141581019
R1 [P2] iter 43: merge done, full_size=70790690
R1 [P2] iter 44 done: global_full_size=141581019
R1 [P2] iter 44: PRE-JOIN GPU mem: 83.8GB free / 85.1GB total | delta_size=308182 full_size=70790690
R0 [P2] iter 44: PRE-JOIN GPU mem: 83.8GB free / 85.1GB total | delta_size=308595 full_size=70790329
R0 [P2] iter 44: join done, raw=299376 result_size=299175
R1 [P2] iter 44: join done, raw=299111 result_size=298924
R1 [P2] iter 44: split done, delta_size=298985
R0 [P2] iter 44: split done, delta_size=299114
R1 [P2] iter 44: dedup done, delta_size=298791
R0 [P2] iter 44: dedup done, delta_size=298912
R1 [P2] iter 44: subtract done, delta_size=295050
R0 [P2] iter 44: subtract done, delta_size=295247
R1 [P2] iter 44: merge done, full_size=71085740
R0 [P2] iter 44: merge done, full_size=71085576
R0 [P2] iter 45 done: global_full_size=142171316
R1 [P2] iter 45 done: global_full_size=142171316
R0 [P2] iter 45: PRE-JOIN GPU mem: 83.8GB free / 85.1GB total | delta_size=295247 full_size=71085576
R1 [P2] iter 45: PRE-JOIN GPU mem: 83.8GB free / 85.1GB total | delta_size=295050 full_size=71085740
R0 [P2] iter 45: join done, raw=286663 result_size=286476
R1 [P2] iter 45: join done, raw=286579 result_size=286406
R0 [P2] iter 45: split done, delta_size=286459
R0 [P2] iter 45: dedup done, delta_size=286265
R1 [P2] iter 45: split done, delta_size=286423
R1 [P2] iter 45: dedup done, delta_size=286237
R0 [P2] iter 45: subtract done, delta_size=282747
R1 [P2] iter 45: subtract done, delta_size=282706
R0 [P2] iter 45: merge done, full_size=71368323
R0 [P2] iter 46 done: global_full_size=142736769
R1 [P2] iter 45: merge done, full_size=71368446
R1 [P2] iter 46 done: global_full_size=142736769
R0 [P2] iter 46: PRE-JOIN GPU mem: 83.8GB free / 85.1GB total | delta_size=282747 full_size=71368323
R1 [P2] iter 46: PRE-JOIN GPU mem: 83.8GB free / 85.1GB total | delta_size=282706 full_size=71368446
R0 [P2] iter 46: join done, raw=274650 result_size=274469
R1 [P2] iter 46: join done, raw=274622 result_size=274456
R0 [P2] iter 46: split done, delta_size=274615
R1 [P2] iter 46: split done, delta_size=274310
R0 [P2] iter 46: dedup done, delta_size=274427
R1 [P2] iter 46: dedup done, delta_size=274135
R0 [P2] iter 46: subtract done, delta_size=271088
R1 [P2] iter 46: subtract done, delta_size=270780
R1 [P2] iter 46: merge done, full_size=71639226
R0 [P2] iter 46: merge done, full_size=71639411
R0 [P2] iter 47 done: global_full_size=143278637
R1 [P2] iter 47 done: global_full_size=143278637
R0 [P2] iter 47: PRE-JOIN GPU mem: 83.8GB free / 85.1GB total | delta_size=271088 full_size=71639411
R1 [P2] iter 47: PRE-JOIN GPU mem: 83.8GB free / 85.1GB total | delta_size=270780 full_size=71639226
R1 [P2] iter 47: join done, raw=263118 result_size=262958
R0 [P2] iter 47: join done, raw=263325 result_size=263155
R0 [P2] iter 47: split done, delta_size=263315
R1 [P2] iter 47: split done, delta_size=262798
R0 [P2] iter 47: dedup done, delta_size=263137
R1 [P2] iter 47: dedup done, delta_size=262631
R0 [P2] iter 47: subtract done, delta_size=259974
R1 [P2] iter 47: subtract done, delta_size=259424
R0 [P2] iter 47: merge done, full_size=71899385
R0 [P2] iter 48 done: global_full_size=143798035
R0 [P2] iter 48: PRE-JOIN GPU mem: 83.8GB free / 85.1GB total | delta_size=259974 full_size=71899385
R1 [P2] iter 47: merge done, full_size=71898650
R1 [P2] iter 48 done: global_full_size=143798035
R1 [P2] iter 48: PRE-JOIN GPU mem: 83.8GB free / 85.1GB total | delta_size=259424 full_size=71898650
R0 [P2] iter 48: join done, raw=252623 result_size=252462
R1 [P2] iter 48: join done, raw=252178 result_size=252025
R0 [P2] iter 48: split done, delta_size=252471
R1 [P2] iter 48: split done, delta_size=252016
R0 [P2] iter 48: dedup done, delta_size=252303
R1 [P2] iter 48: dedup done, delta_size=251860
R0 [P2] iter 48: subtract done, delta_size=249312
R1 [P2] iter 48: subtract done, delta_size=248811
R0 [P2] iter 48: merge done, full_size=72148697
R0 [P2] iter 49 done: global_full_size=144296158
R1 [P2] iter 48: merge done, full_size=72147461
R1 [P2] iter 49 done: global_full_size=144296158
R1 [P2] iter 49: PRE-JOIN GPU mem: 83.8GB free / 85.1GB total | delta_size=248811 full_size=72147461
R0 [P2] iter 49: PRE-JOIN GPU mem: 83.8GB free / 85.1GB total | delta_size=249312 full_size=72148697
R0 [P2] iter 49: join done, raw=242268 result_size=242109
R1 [P2] iter 49: join done, raw=241922 result_size=241776
R0 [P2] iter 49: split done, delta_size=242176
R1 [P2] iter 49: split done, delta_size=241709
R0 [P2] iter 49: dedup done, delta_size=242021
R1 [P2] iter 49: dedup done, delta_size=241562
R0 [P2] iter 49: subtract done, delta_size=239182
R1 [P2] iter 49: subtract done, delta_size=238655
R0 [P2] iter 49: merge done, full_size=72387879
R0 [P2] iter 50 done: global_full_size=144773995
R1 [P2] iter 49: merge done, full_size=72386116
R1 [P2] iter 50 done: global_full_size=144773995
R1 [P2] iter 50: PRE-JOIN GPU mem: 83.8GB free / 85.1GB total | delta_size=238655 full_size=72386116
R0 [P2] iter 50: PRE-JOIN GPU mem: 83.8GB free / 85.1GB total | delta_size=239182 full_size=72387879
R0 [P2] iter 50: join done, raw=232485 result_size=232329
R1 [P2] iter 50: join done, raw=232141 result_size=232001
R1 [P2] iter 50: split done, delta_size=231923
R1 [P2] iter 50: dedup done, delta_size=231783
R0 [P2] iter 50: split done, delta_size=232407
R0 [P2] iter 50: dedup done, delta_size=232260
R1 [P2] iter 50: subtract done, delta_size=229015
R0 [P2] iter 50: subtract done, delta_size=229585
R1 [P2] iter 50: merge done, full_size=72615131
R0 [P2] iter 50: merge done, full_size=72617464
R0 [P2] iter 51 done: global_full_size=145232595
R1 [P2] iter 51 done: global_full_size=145232595
R1 [P2] iter 51: PRE-JOIN GPU mem: 83.8GB free / 85.1GB total | delta_size=229015 full_size=72615131
R0 [P2] iter 51: PRE-JOIN GPU mem: 83.8GB free / 85.1GB total | delta_size=229585 full_size=72617464
R1 [P2] iter 51: join done, raw=222851 result_size=222719
R0 [P2] iter 51: join done, raw=223234 result_size=223082
R1 [P2] iter 51: split done, delta_size=222671
R1 [P2] iter 51: dedup done, delta_size=222538
R0 [P2] iter 51: split done, delta_size=223130
R0 [P2] iter 51: dedup done, delta_size=222990
R1 [P2] iter 51: subtract done, delta_size=219891
R0 [P2] iter 51: subtract done, delta_size=220430
R1 [P2] iter 51: merge done, full_size=72835022
R0 [P2] iter 51: merge done, full_size=72837894
R0 [P2] iter 52 done: global_full_size=145672916
R1 [P2] iter 52 done: global_full_size=145672916
R0 [P2] iter 52: PRE-JOIN GPU mem: 83.8GB free / 85.1GB total | delta_size=220430 full_size=72837894
R1 [P2] iter 52: PRE-JOIN GPU mem: 83.8GB free / 85.1GB total | delta_size=219891 full_size=72835022
R0 [P2] iter 52: join done, raw=214396 result_size=214253
R1 [P2] iter 52: join done, raw=214052 result_size=213922
R1 [P2] iter 52: split done, delta_size=213954
R1 [P2] iter 52: dedup done, delta_size=213827
R0 [P2] iter 52: split done, delta_size=214221
R0 [P2] iter 52: dedup done, delta_size=214086
R1 [P2] iter 52: subtract done, delta_size=211300
R0 [P2] iter 52: subtract done, delta_size=211649
R1 [P2] iter 52: merge done, full_size=73046322
R0 [P2] iter 52: merge done, full_size=73049543
R0 [P2] iter 53 done: global_full_size=146095865
R1 [P2] iter 53 done: global_full_size=146095865
R0 [P2] iter 53: PRE-JOIN GPU mem: 83.8GB free / 85.1GB total | delta_size=211649 full_size=73049543
R1 [P2] iter 53: PRE-JOIN GPU mem: 83.8GB free / 85.1GB total | delta_size=211300 full_size=73046322
R0 [P2] iter 53: join done, raw=205887 result_size=205752
R1 [P2] iter 53: join done, raw=205749 result_size=205622
R0 [P2] iter 53: split done, delta_size=205797
R1 [P2] iter 53: split done, delta_size=205577
R0 [P2] iter 53: dedup done, delta_size=205667
R1 [P2] iter 53: dedup done, delta_size=205456
R0 [P2] iter 53: subtract done, delta_size=203332
R1 [P2] iter 53: subtract done, delta_size=203042
R0 [P2] iter 53: merge done, full_size=73252875
R1 [P2] iter 53: merge done, full_size=73249364
R1 [P2] iter 54 done: global_full_size=146502239
R0 [P2] iter 54 done: global_full_size=146502239
R0 [P2] iter 54: PRE-JOIN GPU mem: 83.8GB free / 85.1GB total | delta_size=203332 full_size=73252875
R1 [P2] iter 54: PRE-JOIN GPU mem: 83.8GB free / 85.1GB total | delta_size=203042 full_size=73249364
R0 [P2] iter 54: join done, raw=197871 result_size=197736
R1 [P2] iter 54: join done, raw=197794 result_size=197669
R0 [P2] iter 54: split done, delta_size=197739
R1 [P2] iter 54: split done, delta_size=197666
R0 [P2] iter 54: dedup done, delta_size=197613
R1 [P2] iter 54: dedup done, delta_size=197550
R0 [P2] iter 54: subtract done, delta_size=195400
R1 [P2] iter 54: subtract done, delta_size=195251
R0 [P2] iter 54: merge done, full_size=73448275
R0 [P2] iter 55 done: global_full_size=146892890
R1 [P2] iter 54: merge done, full_size=73444615
R1 [P2] iter 55 done: global_full_size=146892890
R0 [P2] iter 55: PRE-JOIN GPU mem: 83.8GB free / 85.1GB total | delta_size=195400 full_size=73448275
R1 [P2] iter 55: PRE-JOIN GPU mem: 83.8GB free / 85.1GB total | delta_size=195251 full_size=73444615
R1 [P2] iter 55: join done, raw=190240 result_size=190117
R0 [P2] iter 55: join done, raw=190138 result_size=190012
R0 [P2] iter 55: split done, delta_size=190096
R1 [P2] iter 55: split done, delta_size=190033
R0 [P2] iter 55: dedup done, delta_size=189972
R1 [P2] iter 55: dedup done, delta_size=189918
R0 [P2] iter 55: subtract done, delta_size=187854
R1 [P2] iter 55: subtract done, delta_size=187715
R0 [P2] iter 55: merge done, full_size=73636129
R1 [P2] iter 55: merge done, full_size=73632330
R1 [P2] iter 56 done: global_full_size=147268459
R0 [P2] iter 56 done: global_full_size=147268459
R0 [P2] iter 56: PRE-JOIN GPU mem: 83.8GB free / 85.1GB total | delta_size=187854 full_size=73636129
R1 [P2] iter 56: PRE-JOIN GPU mem: 83.8GB free / 85.1GB total | delta_size=187715 full_size=73632330
R0 [P2] iter 56: join done, raw=182804 result_size=182683
R1 [P2] iter 56: join done, raw=183004 result_size=182884
R1 [P2] iter 56: split done, delta_size=182786
R0 [P2] iter 56: split done, delta_size=182781
R1 [P2] iter 56: dedup done, delta_size=182675
R0 [P2] iter 56: dedup done, delta_size=182661
R1 [P2] iter 56: subtract done, delta_size=180566
R0 [P2] iter 56: subtract done, delta_size=180656
R0 [P2] iter 56: merge done, full_size=73816785
R1 [P2] iter 56: merge done, full_size=73812896
R1 [P2] iter 57 done: global_full_size=147629681
R0 [P2] iter 57 done: global_full_size=147629681
R0 [P2] iter 57: PRE-JOIN GPU mem: 83.8GB free / 85.1GB total | delta_size=180656 full_size=73816785
R1 [P2] iter 57: PRE-JOIN GPU mem: 83.8GB free / 85.1GB total | delta_size=180566 full_size=73812896
R1 [P2] iter 57: join done, raw=176064 result_size=175950
R0 [P2] iter 57: join done, raw=175731 result_size=175617
R0 [P2] iter 57: split done, delta_size=175856
R1 [P2] iter 57: split done, delta_size=175711
R0 [P2] iter 57: dedup done, delta_size=175738
R1 [P2] iter 57: dedup done, delta_size=175603
R0 [P2] iter 57: subtract done, delta_size=173824
R1 [P2] iter 57: subtract done, delta_size=173610
R0 [P2] iter 57: merge done, full_size=73990609
R0 [P2] iter 58 done: global_full_size=147977115
R1 [P2] iter 57: merge done, full_size=73986506
R1 [P2] iter 58 done: global_full_size=147977115
R0 [P2] iter 58: PRE-JOIN GPU mem: 83.8GB free / 85.1GB total | delta_size=173824 full_size=73990609
R1 [P2] iter 58: PRE-JOIN GPU mem: 83.8GB free / 85.1GB total | delta_size=173610 full_size=73986506
R0 [P2] iter 58: join done, raw=169126 result_size=169019
R1 [P2] iter 58: join done, raw=169298 result_size=169187
R0 [P2] iter 58: split done, delta_size=169206
R1 [P2] iter 58: split done, delta_size=169000
R0 [P2] iter 58: dedup done, delta_size=169094
R1 [P2] iter 58: dedup done, delta_size=168893
R0 [P2] iter 58: subtract done, delta_size=167273
R1 [P2] iter 58: subtract done, delta_size=166996
R1 [P2] iter 58: merge done, full_size=74153502
R0 [P2] iter 58: merge done, full_size=74157882
R0 [P2] iter 59 done: global_full_size=148311384
R1 [P2] iter 59 done: global_full_size=148311384
R0 [P2] iter 59: PRE-JOIN GPU mem: 83.8GB free / 85.1GB total | delta_size=167273 full_size=74157882
R1 [P2] iter 59: PRE-JOIN GPU mem: 83.8GB free / 85.1GB total | delta_size=166996 full_size=74153502
R1 [P2] iter 59: join done, raw=162855 result_size=162751
R0 [P2] iter 59: join done, raw=162724 result_size=162623
R0 [P2] iter 59: split done, delta_size=162784
R1 [P2] iter 59: split done, delta_size=162590
R0 [P2] iter 59: dedup done, delta_size=162673
R1 [P2] iter 59: dedup done, delta_size=162488
R0 [P2] iter 59: subtract done, delta_size=160932
R1 [P2] iter 59: subtract done, delta_size=160681
R1 [P2] iter 59: merge done, full_size=74314183
R0 [P2] iter 59: merge done, full_size=74318814
R0 [P2] iter 60 done: global_full_size=148632997
R1 [P2] iter 60 done: global_full_size=148632997
R0 [P2] iter 60: PRE-JOIN GPU mem: 83.8GB free / 85.1GB total | delta_size=160932 full_size=74318814
R1 [P2] iter 60: PRE-JOIN GPU mem: 83.8GB free / 85.1GB total | delta_size=160681 full_size=74314183
R0 [P2] iter 60: join done, raw=156597 result_size=156501
R1 [P2] iter 60: join done, raw=156623 result_size=156524
R0 [P2] iter 60: split done, delta_size=156593
R1 [P2] iter 60: split done, delta_size=156432
R0 [P2] iter 60: dedup done, delta_size=156485
R1 [P2] iter 60: dedup done, delta_size=156330
R0 [P2] iter 60: subtract done, delta_size=154818
R1 [P2] iter 60: subtract done, delta_size=154587
R0 [P2] iter 60: merge done, full_size=74473632
R0 [P2] iter 61 done: global_full_size=148942402
R1 [P2] iter 60: merge done, full_size=74468770
R1 [P2] iter 61 done: global_full_size=148942402
R1 [P2] iter 61: PRE-JOIN GPU mem: 83.8GB free / 85.1GB total | delta_size=154587 full_size=74468770
R0 [P2] iter 61: PRE-JOIN GPU mem: 83.8GB free / 85.1GB total | delta_size=154818 full_size=74473632
R1 [P2] iter 61: join done, raw=150644 result_size=150546
R0 [P2] iter 61: join done, raw=150648 result_size=150555
R1 [P2] iter 61: split done, delta_size=150460
R1 [P2] iter 61: dedup done, delta_size=150361
R0 [P2] iter 61: split done, delta_size=150641
R0 [P2] iter 61: dedup done, delta_size=150533
R1 [P2] iter 61: subtract done, delta_size=148715
R0 [P2] iter 61: subtract done, delta_size=148934
R1 [P2] iter 61: merge done, full_size=74617485
R0 [P2] iter 61: merge done, full_size=74622566
R0 [P2] iter 62 done: global_full_size=149240051
R0 [P2] iter 62: PRE-JOIN GPU mem: 83.8GB free / 85.1GB total | delta_size=148934 full_size=74622566
R1 [P2] iter 62 done: global_full_size=149240051
R1 [P2] iter 62: PRE-JOIN GPU mem: 83.8GB free / 85.1GB total | delta_size=148715 full_size=74617485
R1 [P2] iter 62: join done, raw=144944 result_size=144849
R0 [P2] iter 62: join done, raw=144950 result_size=144859
R0 [P2] iter 62: split done, delta_size=144994
R1 [P2] iter 62: split done, delta_size=144714
R0 [P2] iter 62: dedup done, delta_size=144889
R1 [P2] iter 62: dedup done, delta_size=144618
R0 [P2] iter 62: subtract done, delta_size=143352
R1 [P2] iter 62: subtract done, delta_size=143059
R0 [P2] iter 62: merge done, full_size=74765918
R0 [P2] iter 63 done: global_full_size=149526462
R1 [P2] iter 62: merge done, full_size=74760544
R1 [P2] iter 63 done: global_full_size=149526462
R0 [P2] iter 63: PRE-JOIN GPU mem: 83.8GB free / 85.1GB total | delta_size=143352 full_size=74765918
R1 [P2] iter 63: PRE-JOIN GPU mem: 83.8GB free / 85.1GB total | delta_size=143059 full_size=74760544
R0 [P2] iter 63: join done, raw=139581 result_size=139489
R1 [P2] iter 63: join done, raw=139476 result_size=139384
R1 [P2] iter 63: split done, delta_size=139270
R1 [P2] iter 63: dedup done, delta_size=139178
R0 [P2] iter 63: split done, delta_size=139603
R0 [P2] iter 63: dedup done, delta_size=139499
R1 [P2] iter 63: subtract done, delta_size=137695
R0 [P2] iter 63: subtract done, delta_size=138043
R1 [P2] iter 63: merge done, full_size=74898239
R0 [P2] iter 63: merge done, full_size=74903961
R0 [P2] iter 64 done: global_full_size=149802200
R1 [P2] iter 64 done: global_full_size=149802200
R0 [P2] iter 64: PRE-JOIN GPU mem: 83.8GB free / 85.1GB total | delta_size=138043 full_size=74903961
R1 [P2] iter 64: PRE-JOIN GPU mem: 83.8GB free / 85.1GB total | delta_size=137695 full_size=74898239
R1 [P2] iter 64: join done, raw=134257 result_size=134169
R0 [P2] iter 64: join done, raw=134417 result_size=134330
R1 [P2] iter 64: split done, delta_size=134074
R1 [P2] iter 64: dedup done, delta_size=133988
R0 [P2] iter 64: split done, delta_size=134425
R0 [P2] iter 64: dedup done, delta_size=134328
R1 [P2] iter 64: subtract done, delta_size=132586
R0 [P2] iter 64: subtract done, delta_size=132935
R1 [P2] iter 64: merge done, full_size=75030825
R0 [P2] iter 64: merge done, full_size=75036896
R0 [P2] iter 65 done: global_full_size=150067721
R1 [P2] iter 65 done: global_full_size=150067721
R0 [P2] iter 65: PRE-JOIN GPU mem: 83.8GB free / 85.1GB total | delta_size=132935 full_size=75036896
R1 [P2] iter 65: PRE-JOIN GPU mem: 83.8GB free / 85.1GB total | delta_size=132586 full_size=75030825
R1 [P2] iter 65: join done, raw=129335 result_size=129250
R0 [P2] iter 65: join done, raw=129504 result_size=129424
R1 [P2] iter 65: split done, delta_size=129105
R1 [P2] iter 65: dedup done, delta_size=129024
R0 [P2] iter 65: split done, delta_size=129569
R0 [P2] iter 65: dedup done, delta_size=129476
R1 [P2] iter 65: subtract done, delta_size=127686
R0 [P2] iter 65: subtract done, delta_size=128133
R1 [P2] iter 65: merge done, full_size=75158511
R0 [P2] iter 65: merge done, full_size=75165029
R0 [P2] iter 66 done: global_full_size=150323540
R1 [P2] iter 66 done: global_full_size=150323540
R0 [P2] iter 66: PRE-JOIN GPU mem: 83.8GB free / 85.1GB total | delta_size=128133 full_size=75165029
R1 [P2] iter 66: PRE-JOIN GPU mem: 83.8GB free / 85.1GB total | delta_size=127686 full_size=75158511
R1 [P2] iter 66: join done, raw=124667 result_size=124585
R0 [P2] iter 66: join done, raw=124827 result_size=124748
R0 [P2] iter 66: split done, delta_size=124881
R0 [P2] iter 66: dedup done, delta_size=124792
R1 [P2] iter 66: split done, delta_size=124452
R1 [P2] iter 66: dedup done, delta_size=124376
R0 [P2] iter 66: subtract done, delta_size=123520
R1 [P2] iter 66: subtract done, delta_size=123106
R0 [P2] iter 66: merge done, full_size=75288549
R0 [P2] iter 67 done: global_full_size=150570166
R1 [P2] iter 66: merge done, full_size=75281617
R1 [P2] iter 67 done: global_full_size=150570166
R0 [P2] iter 67: PRE-JOIN GPU mem: 83.8GB free / 85.1GB total | delta_size=123520 full_size=75288549
R1 [P2] iter 67: PRE-JOIN GPU mem: 83.8GB free / 85.1GB total | delta_size=123106 full_size=75281617
R1 [P2] iter 67: join done, raw=120220 result_size=120140
R0 [P2] iter 67: join done, raw=120253 result_size=120179
R1 [P2] iter 67: split done, delta_size=119865
R1 [P2] iter 67: dedup done, delta_size=119794
R0 [P2] iter 67: split done, delta_size=120454
R0 [P2] iter 67: dedup done, delta_size=120366
R1 [P2] iter 67: subtract done, delta_size=118580
R0 [P2] iter 67: subtract done, delta_size=119150
R1 [P2] iter 67: merge done, full_size=75400197
R0 [P2] iter 67: merge done, full_size=75407699
R0 [P2] iter 68 done: global_full_size=150807896
R1 [P2] iter 68 done: global_full_size=150807896
R0 [P2] iter 68: PRE-JOIN GPU mem: 83.8GB free / 85.1GB total | delta_size=119150 full_size=75407699
R1 [P2] iter 68: PRE-JOIN GPU mem: 83.8GB free / 85.1GB total | delta_size=118580 full_size=75400197
R1 [P2] iter 68: join done, raw=115818 result_size=115746
R0 [P2] iter 68: join done, raw=116029 result_size=115959
R0 [P2] iter 68: split done, delta_size=116126
R0 [P2] iter 68: dedup done, delta_size=116042
R1 [P2] iter 68: split done, delta_size=115579
R1 [P2] iter 68: dedup done, delta_size=115510
R0 [P2] iter 68: subtract done, delta_size=114883
R1 [P2] iter 68: subtract done, delta_size=114349
R0 [P2] iter 68: merge done, full_size=75522582
R0 [P2] iter 69 done: global_full_size=151037128
R1 [P2] iter 68: merge done, full_size=75514546
R1 [P2] iter 69 done: global_full_size=151037128
R0 [P2] iter 69: PRE-JOIN GPU mem: 83.8GB free / 85.1GB total | delta_size=114883 full_size=75522582
R1 [P2] iter 69: PRE-JOIN GPU mem: 83.8GB free / 85.1GB total | delta_size=114349 full_size=75514546
R0 [P2] iter 69: join done, raw=111901 result_size=111835
R1 [P2] iter 69: join done, raw=111672 result_size=111606
R1 [P2] iter 69: split done, delta_size=111541
R1 [P2] iter 69: dedup done, delta_size=111474
R0 [P2] iter 69: split done, delta_size=111900
R0 [P2] iter 69: dedup done, delta_size=111822
R1 [P2] iter 69: subtract done, delta_size=110349
R0 [P2] iter 69: subtract done, delta_size=110716
R1 [P2] iter 69: merge done, full_size=75624895
R0 [P2] iter 69: merge done, full_size=75633298
R0 [P2] iter 70 done: global_full_size=151258193
R1 [P2] iter 70 done: global_full_size=151258193
R0 [P2] iter 70: PRE-JOIN GPU mem: 83.8GB free / 85.1GB total | delta_size=110716 full_size=75633298
R1 [P2] iter 70: PRE-JOIN GPU mem: 83.8GB free / 85.1GB total | delta_size=110349 full_size=75624895
R1 [P2] iter 70: join done, raw=107761 result_size=107698
R0 [P2] iter 70: join done, raw=107801 result_size=107740
R0 [P2] iter 70: split done, delta_size=107934
R0 [P2] iter 70: dedup done, delta_size=107857
R1 [P2] iter 70: split done, delta_size=107504
R1 [P2] iter 70: dedup done, delta_size=107440
R0 [P2] iter 70: subtract done, delta_size=106787
R1 [P2] iter 70: subtract done, delta_size=106350
R0 [P2] iter 70: merge done, full_size=75740085
R0 [P2] iter 71 done: global_full_size=151471330
R1 [P2] iter 70: merge done, full_size=75731245
R1 [P2] iter 71 done: global_full_size=151471330
R0 [P2] iter 71: PRE-JOIN GPU mem: 83.8GB free / 85.1GB total | delta_size=106787 full_size=75740085
R1 [P2] iter 71: PRE-JOIN GPU mem: 83.8GB free / 85.1GB total | delta_size=106350 full_size=75731245
R0 [P2] iter 71: join done, raw=103965 result_size=103905
R1 [P2] iter 71: join done, raw=103904 result_size=103843
R0 [P2] iter 71: split done, delta_size=104006
R0 [P2] iter 71: dedup done, delta_size=103932
R1 [P2] iter 71: split done, delta_size=103742
R1 [P2] iter 71: dedup done, delta_size=103680
R0 [P2] iter 71: subtract done, delta_size=102908
R1 [P2] iter 71: subtract done, delta_size=102642
R0 [P2] iter 71: merge done, full_size=75842993
R0 [P2] iter 72 done: global_full_size=151676880
R1 [P2] iter 71: merge done, full_size=75833887
R1 [P2] iter 72 done: global_full_size=151676880
R0 [P2] iter 72: PRE-JOIN GPU mem: 83.8GB free / 85.1GB total | delta_size=102908 full_size=75842993
R1 [P2] iter 72: PRE-JOIN GPU mem: 83.8GB free / 85.1GB total | delta_size=102642 full_size=75833887
R1 [P2] iter 72: join done, raw=100315 result_size=100256
R0 [P2] iter 72: join done, raw=100245 result_size=100187
R1 [P2] iter 72: split done, delta_size=100151
R1 [P2] iter 72: dedup done, delta_size=100092
R0 [P2] iter 72: split done, delta_size=100292
R0 [P2] iter 72: dedup done, delta_size=100219
R1 [P2] iter 72: subtract done, delta_size=99094
R0 [P2] iter 72: subtract done, delta_size=99250
R1 [P2] iter 72: merge done, full_size=75932981
R0 [P2] iter 72: merge done, full_size=75942243
R0 [P2] iter 73 done: global_full_size=151875224
R1 [P2] iter 73 done: global_full_size=151875224
R0 [P2] iter 73: PRE-JOIN GPU mem: 83.8GB free / 85.1GB total | delta_size=99250 full_size=75942243
R1 [P2] iter 73: PRE-JOIN GPU mem: 83.8GB free / 85.1GB total | delta_size=99094 full_size=75932981
R1 [P2] iter 73: join done, raw=96895 result_size=96839
R0 [P2] iter 73: join done, raw=96694 result_size=96642
R0 [P2] iter 73: split done, delta_size=96785
R1 [P2] iter 73: split done, delta_size=96696
R0 [P2] iter 73: dedup done, delta_size=96715
R1 [P2] iter 73: dedup done, delta_size=96639
R0 [P2] iter 73: subtract done, delta_size=95785
R1 [P2] iter 73: subtract done, delta_size=95677
R0 [P2] iter 73: merge done, full_size=76038028
R0 [P2] iter 74 done: global_full_size=152066686
R1 [P2] iter 73: merge done, full_size=76028658
R1 [P2] iter 74 done: global_full_size=152066686
R0 [P2] iter 74: PRE-JOIN GPU mem: 83.8GB free / 85.1GB total | delta_size=95785 full_size=76038028
R1 [P2] iter 74: PRE-JOIN GPU mem: 83.8GB free / 85.1GB total | delta_size=95677 full_size=76028658
R1 [P2] iter 74: join done, raw=93565 result_size=93511
R0 [P2] iter 74: join done, raw=93320 result_size=93272
R1 [P2] iter 74: split done, delta_size=93335
R0 [P2] iter 74: split done, delta_size=93448
R0 [P2] iter 74: dedup done, delta_size=93381
R1 [P2] iter 74: dedup done, delta_size=93278
R0 [P2] iter 74: subtract done, delta_size=92483
R1 [P2] iter 74: subtract done, delta_size=92361
R0 [P2] iter 74: merge done, full_size=76130511
R0 [P2] iter 75 done: global_full_size=152251530
R1 [P2] iter 74: merge done, full_size=76121019
R1 [P2] iter 75 done: global_full_size=152251530
R0 [P2] iter 75: PRE-JOIN GPU mem: 83.8GB free / 85.1GB total | delta_size=92483 full_size=76130511
R1 [P2] iter 75: PRE-JOIN GPU mem: 83.8GB free / 85.1GB total | delta_size=92361 full_size=76121019
R0 [P2] iter 75: join done, raw=90129 result_size=90083
R1 [P2] iter 75: join done, raw=90339 result_size=90285
R1 [P2] iter 75: split done, delta_size=90074
R0 [P2] iter 75: split done, delta_size=90294
R1 [P2] iter 75: dedup done, delta_size=90019
R0 [P2] iter 75: dedup done, delta_size=90227
R1 [P2] iter 75: subtract done, delta_size=89150
R0 [P2] iter 75: subtract done, delta_size=89370
R1 [P2] iter 75: merge done, full_size=76210169
R0 [P2] iter 75: merge done, full_size=76219881
R0 [P2] iter 76 done: global_full_size=152430050
R1 [P2] iter 76 done: global_full_size=152430050
R0 [P2] iter 76: PRE-JOIN GPU mem: 83.8GB free / 85.1GB total | delta_size=89370 full_size=76219881
R1 [P2] iter 76: PRE-JOIN GPU mem: 83.8GB free / 85.1GB total | delta_size=89150 full_size=76210169
R1 [P2] iter 76: join done, raw=87217 result_size=87164
R0 [P2] iter 76: join done, raw=87124 result_size=87078
R0 [P2] iter 76: split done, delta_size=87268
R0 [P2] iter 76: dedup done, delta_size=87202
R1 [P2] iter 76: split done, delta_size=86974
R1 [P2] iter 76: dedup done, delta_size=86921
R0 [P2] iter 76: subtract done, delta_size=86381
R1 [P2] iter 76: subtract done, delta_size=86093
R1 [P2] iter 76: merge done, full_size=76296262
R0 [P2] iter 76: merge done, full_size=76306262
R0 [P2] iter 77 done: global_full_size=152602524
R1 [P2] iter 77 done: global_full_size=152602524
R0 [P2] iter 77: PRE-JOIN GPU mem: 83.8GB free / 85.1GB total | delta_size=86381 full_size=76306262
R1 [P2] iter 77: PRE-JOIN GPU mem: 83.8GB free / 85.1GB total | delta_size=86093 full_size=76296262
R1 [P2] iter 77: join done, raw=84180 result_size=84127
R0 [P2] iter 77: join done, raw=84190 result_size=84149
R0 [P2] iter 77: split done, delta_size=84307
R0 [P2] iter 77: dedup done, delta_size=84244
R1 [P2] iter 77: split done, delta_size=83969
R1 [P2] iter 77: dedup done, delta_size=83917
R0 [P2] iter 77: subtract done, delta_size=83456
R1 [P2] iter 77: subtract done, delta_size=83112
R0 [P2] iter 77: merge done, full_size=76389718
R0 [P2] iter 78 done: global_full_size=152769092
R1 [P2] iter 77: merge done, full_size=76379374
R1 [P2] iter 78 done: global_full_size=152769092
R0 [P2] iter 78: PRE-JOIN GPU mem: 83.8GB free / 85.1GB total | delta_size=83456 full_size=76389718
R1 [P2] iter 78: PRE-JOIN GPU mem: 83.8GB free / 85.1GB total | delta_size=83112 full_size=76379374
R0 [P2] iter 78: join done, raw=81374 result_size=81333
R1 [P2] iter 78: join done, raw=81290 result_size=81239
R1 [P2] iter 78: split done, delta_size=81135
R1 [P2] iter 78: dedup done, delta_size=81086
R0 [P2] iter 78: split done, delta_size=81437
R0 [P2] iter 78: dedup done, delta_size=81377
R1 [P2] iter 78: subtract done, delta_size=80316
R0 [P2] iter 78: subtract done, delta_size=80619
R0 [P2] iter 78: merge done, full_size=76470337
R0 [P2] iter 79 done: global_full_size=152930027
R1 [P2] iter 78: merge done, full_size=76459690
R1 [P2] iter 79 done: global_full_size=152930027
R0 [P2] iter 79: PRE-JOIN GPU mem: 83.8GB free / 85.1GB total | delta_size=80619 full_size=76470337
R1 [P2] iter 79: PRE-JOIN GPU mem: 83.8GB free / 85.1GB total | delta_size=80316 full_size=76459690
R0 [P2] iter 79: join done, raw=78623 result_size=78586
R1 [P2] iter 79: join done, raw=78585 result_size=78537
R0 [P2] iter 79: split done, delta_size=78671
R0 [P2] iter 79: dedup done, delta_size=78615
R1 [P2] iter 79: split done, delta_size=78452
R1 [P2] iter 79: dedup done, delta_size=78404
R0 [P2] iter 79: subtract done, delta_size=77890
R1 [P2] iter 79: subtract done, delta_size=77671
R0 [P2] iter 79: merge done, full_size=76548227
R0 [P2] iter 80 done: global_full_size=153085588
R1 [P2] iter 79: merge done, full_size=76537361
R1 [P2] iter 80 done: global_full_size=153085588
R0 [P2] iter 80: PRE-JOIN GPU mem: 83.8GB free / 85.1GB total | delta_size=77890 full_size=76548227
R1 [P2] iter 80: PRE-JOIN GPU mem: 83.8GB free / 85.1GB total | delta_size=77671 full_size=76537361
R0 [P2] iter 80: join done, raw=75990 result_size=75954
R1 [P2] iter 80: join done, raw=76022 result_size=75975
R0 [P2] iter 80: split done, delta_size=76042
R0 [P2] iter 80: dedup done, delta_size=75990
R1 [P2] iter 80: split done, delta_size=75887
R1 [P2] iter 80: dedup done, delta_size=75842
R0 [P2] iter 80: subtract done, delta_size=75295
R1 [P2] iter 80: subtract done, delta_size=75139
R0 [P2] iter 80: merge done, full_size=76623522
R0 [P2] iter 81 done: global_full_size=153236022
R1 [P2] iter 80: merge done, full_size=76612500
R1 [P2] iter 81 done: global_full_size=153236022
R0 [P2] iter 81: PRE-JOIN GPU mem: 83.8GB free / 85.1GB total | delta_size=75295 full_size=76623522
R1 [P2] iter 81: PRE-JOIN GPU mem: 83.8GB free / 85.1GB total | delta_size=75139 full_size=76612500
R0 [P2] iter 81: join done, raw=73518 result_size=73482
R1 [P2] iter 81: join done, raw=73528 result_size=73482
R1 [P2] iter 81: split done, delta_size=73389
R1 [P2] iter 81: dedup done, delta_size=73346
R0 [P2] iter 81: split done, delta_size=73575
R0 [P2] iter 81: dedup done, delta_size=73526
R1 [P2] iter 81: subtract done, delta_size=72664
R0 [P2] iter 81: subtract done, delta_size=72860
R1 [P2] iter 81: merge done, full_size=76685164
R0 [P2] iter 81: merge done, full_size=76696382
R0 [P2] iter 82 done: global_full_size=153381546
R1 [P2] iter 82 done: global_full_size=153381546
R1 [P2] iter 82: PRE-JOIN GPU mem: 83.8GB free / 85.1GB total | delta_size=72664 full_size=76685164
R0 [P2] iter 82: PRE-JOIN GPU mem: 83.8GB free / 85.1GB total | delta_size=72860 full_size=76696382
R0 [P2] iter 82: join done, raw=71110 result_size=71077
R1 [P2] iter 82: join done, raw=71086 result_size=71041
R0 [P2] iter 82: split done, delta_size=71122
R0 [P2] iter 82: dedup done, delta_size=71076
R1 [P2] iter 82: split done, delta_size=70996
R1 [P2] iter 82: dedup done, delta_size=70956
R0 [P2] iter 82: subtract done, delta_size=70436
R1 [P2] iter 82: subtract done, delta_size=70286
R0 [P2] iter 82: merge done, full_size=76766818
R0 [P2] iter 83 done: global_full_size=153522268
R1 [P2] iter 82: merge done, full_size=76755450
R1 [P2] iter 83 done: global_full_size=153522268
R0 [P2] iter 83: PRE-JOIN GPU mem: 83.8GB free / 85.1GB total | delta_size=70436 full_size=76766818
R1 [P2] iter 83: PRE-JOIN GPU mem: 83.8GB free / 85.1GB total | delta_size=70286 full_size=76755450
R0 [P2] iter 83: join done, raw=68758 result_size=68725
R1 [P2] iter 83: join done, raw=68748 result_size=68704
R0 [P2] iter 83: split done, delta_size=68757
R0 [P2] iter 83: dedup done, delta_size=68712
R1 [P2] iter 83: split done, delta_size=68672
R1 [P2] iter 83: dedup done, delta_size=68632
R0 [P2] iter 83: subtract done, delta_size=68112
R1 [P2] iter 83: subtract done, delta_size=67990
R0 [P2] iter 83: merge done, full_size=76834930
R0 [P2] iter 84 done: global_full_size=153658370
R1 [P2] iter 83: merge done, full_size=76823440
R1 [P2] iter 84 done: global_full_size=153658370
R0 [P2] iter 84: PRE-JOIN GPU mem: 83.8GB free / 85.1GB total | delta_size=68112 full_size=76834930
R1 [P2] iter 84: PRE-JOIN GPU mem: 83.8GB free / 85.1GB total | delta_size=67990 full_size=76823440
R0 [P2] iter 84: join done, raw=66511 result_size=66478
R1 [P2] iter 84: join done, raw=66483 result_size=66440
R0 [P2] iter 84: split done, delta_size=66438
R0 [P2] iter 84: dedup done, delta_size=66393
R1 [P2] iter 84: split done, delta_size=66480
R1 [P2] iter 84: dedup done, delta_size=66443
R0 [P2] iter 84: subtract done, delta_size=65820
R1 [P2] iter 84: subtract done, delta_size=65824
R0 [P2] iter 84: merge done, full_size=76900750
R0 [P2] iter 85 done: global_full_size=153790014
R1 [P2] iter 84: merge done, full_size=76889264
R1 [P2] iter 85 done: global_full_size=153790014
R0 [P2] iter 85: PRE-JOIN GPU mem: 83.8GB free / 85.1GB total | delta_size=65820 full_size=76900750
R1 [P2] iter 85: PRE-JOIN GPU mem: 83.8GB free / 85.1GB total | delta_size=65824 full_size=76889264
R1 [P2] iter 85: join done, raw=64400 result_size=64359
R0 [P2] iter 85: join done, raw=64275 result_size=64243
R1 [P2] iter 85: split done, delta_size=64329
R1 [P2] iter 85: dedup done, delta_size=64293
R0 [P2] iter 85: split done, delta_size=64273
R0 [P2] iter 85: dedup done, delta_size=64230
R1 [P2] iter 85: subtract done, delta_size=63695
R0 [P2] iter 85: subtract done, delta_size=63687
R1 [P2] iter 85: merge done, full_size=76952959
R0 [P2] iter 85: merge done, full_size=76964437
R0 [P2] iter 86 done: global_full_size=153917396
R1 [P2] iter 86 done: global_full_size=153917396
R0 [P2] iter 86: PRE-JOIN GPU mem: 83.8GB free / 85.1GB total | delta_size=63687 full_size=76964437
R1 [P2] iter 86: PRE-JOIN GPU mem: 83.8GB free / 85.1GB total | delta_size=63695 full_size=76952959
R0 [P2] iter 86: join done, raw=62152 result_size=62120
R1 [P2] iter 86: join done, raw=62320 result_size=62281
R1 [P2] iter 86: split done, delta_size=62222
R1 [P2] iter 86: dedup done, delta_size=62186
R0 [P2] iter 86: split done, delta_size=62179
R0 [P2] iter 86: dedup done, delta_size=62138
R1 [P2] iter 86: subtract done, delta_size=61606
R0 [P2] iter 86: subtract done, delta_size=61613
R1 [P2] iter 86: merge done, full_size=77014565
R0 [P2] iter 86: merge done, full_size=77026050
R0 [P2] iter 87 done: global_full_size=154040615
R1 [P2] iter 87 done: global_full_size=154040615
R0 [P2] iter 87: PRE-JOIN GPU mem: 83.8GB free / 85.1GB total | delta_size=61613 full_size=77026050
R1 [P2] iter 87: PRE-JOIN GPU mem: 83.8GB free / 85.1GB total | delta_size=61606 full_size=77014565
R0 [P2] iter 87: join done, raw=60159 result_size=60128
R1 [P2] iter 87: join done, raw=60273 result_size=60234
R1 [P2] iter 87: split done, delta_size=60190
R1 [P2] iter 87: dedup done, delta_size=60155
R0 [P2] iter 87: split done, delta_size=60172
R0 [P2] iter 87: dedup done, delta_size=60135
R1 [P2] iter 87: subtract done, delta_size=59611
R0 [P2] iter 87: subtract done, delta_size=59631
R1 [P2] iter 87: merge done, full_size=77074176
R0 [P2] iter 87: merge done, full_size=77085681
R0 [P2] iter 88 done: global_full_size=154159857
R1 [P2] iter 88 done: global_full_size=154159857
R0 [P2] iter 88: PRE-JOIN GPU mem: 83.8GB free / 85.1GB total | delta_size=59631 full_size=77085681
R1 [P2] iter 88: PRE-JOIN GPU mem: 83.8GB free / 85.1GB total | delta_size=59611 full_size=77074176
R0 [P2] iter 88: join done, raw=58228 result_size=58198
R1 [P2] iter 88: join done, raw=58297 result_size=58262
R1 [P2] iter 88: split done, delta_size=58242
R1 [P2] iter 88: dedup done, delta_size=58207
R0 [P2] iter 88: split done, delta_size=58218
R0 [P2] iter 88: dedup done, delta_size=58183
R1 [P2] iter 88: subtract done, delta_size=57687
R0 [P2] iter 88: subtract done, delta_size=57699
R1 [P2] iter 88: merge done, full_size=77131863
R0 [P2] iter 88: merge done, full_size=77143380
R0 [P2] iter 89 done: global_full_size=154275243
R1 [P2] iter 89 done: global_full_size=154275243
R0 [P2] iter 89: PRE-JOIN GPU mem: 83.8GB free / 85.1GB total | delta_size=57699 full_size=77143380
R1 [P2] iter 89: PRE-JOIN GPU mem: 83.8GB free / 85.1GB total | delta_size=57687 full_size=77131863
R0 [P2] iter 89: join done, raw=56352 result_size=56324
R1 [P2] iter 89: join done, raw=56394 result_size=56361
R0 [P2] iter 89: split done, delta_size=56332
R0 [P2] iter 89: dedup done, delta_size=56299
R1 [P2] iter 89: split done, delta_size=56353
R1 [P2] iter 89: dedup done, delta_size=56318
R0 [P2] iter 89: subtract done, delta_size=55843
R1 [P2] iter 89: subtract done, delta_size=55819
R0 [P2] iter 89: merge done, full_size=77199223
R0 [P2] iter 90 done: global_full_size=154386905
R1 [P2] iter 89: merge done, full_size=77187682
R1 [P2] iter 90 done: global_full_size=154386905
R0 [P2] iter 90: PRE-JOIN GPU mem: 83.8GB free / 85.1GB total | delta_size=55843 full_size=77199223
R1 [P2] iter 90: PRE-JOIN GPU mem: 83.8GB free / 85.1GB total | delta_size=55819 full_size=77187682
R0 [P2] iter 90: join done, raw=54511 result_size=54485
R1 [P2] iter 90: join done, raw=54570 result_size=54538
R0 [P2] iter 90: split done, delta_size=54552
R0 [P2] iter 90: dedup done, delta_size=54519
R1 [P2] iter 90: split done, delta_size=54471
R1 [P2] iter 90: dedup done, delta_size=54437
R0 [P2] iter 90: subtract done, delta_size=54083
R1 [P2] iter 90: subtract done, delta_size=53962
R0 [P2] iter 90: merge done, full_size=77253306
R0 [P2] iter 91 done: global_full_size=154494950
R1 [P2] iter 90: merge done, full_size=77241644
R1 [P2] iter 91 done: global_full_size=154494950
R0 [P2] iter 91: PRE-JOIN GPU mem: 83.8GB free / 85.1GB total | delta_size=54083 full_size=77253306
R1 [P2] iter 91: PRE-JOIN GPU mem: 83.8GB free / 85.1GB total | delta_size=53962 full_size=77241644
R0 [P2] iter 91: join done, raw=52854 result_size=52829
R1 [P2] iter 91: join done, raw=52741 result_size=52711
R0 [P2] iter 91: split done, delta_size=52776
R0 [P2] iter 91: dedup done, delta_size=52745
R1 [P2] iter 91: split done, delta_size=52764
R1 [P2] iter 91: dedup done, delta_size=52730
R0 [P2] iter 91: subtract done, delta_size=52328
R1 [P2] iter 91: subtract done, delta_size=52272
R0 [P2] iter 91: merge done, full_size=77305634
R0 [P2] iter 92 done: global_full_size=154599550
R1 [P2] iter 91: merge done, full_size=77293916
R1 [P2] iter 92 done: global_full_size=154599550
R0 [P2] iter 92: PRE-JOIN GPU mem: 83.8GB free / 85.1GB total | delta_size=52328 full_size=77305634
R1 [P2] iter 92: PRE-JOIN GPU mem: 83.8GB free / 85.1GB total | delta_size=52272 full_size=77293916
R0 [P2] iter 92: join done, raw=51176 result_size=51153
R1 [P2] iter 92: join done, raw=51098 result_size=51071
R0 [P2] iter 92: split done, delta_size=51119
R0 [P2] iter 92: dedup done, delta_size=51089
R1 [P2] iter 92: split done, delta_size=51105
R1 [P2] iter 92: dedup done, delta_size=51074
R0 [P2] iter 92: subtract done, delta_size=50687
R1 [P2] iter 92: subtract done, delta_size=50635
R1 [P2] iter 92: merge done, full_size=77344551
R0 [P2] iter 92: merge done, full_size=77356321
R0 [P2] iter 93 done: global_full_size=154700872
R1 [P2] iter 93 done: global_full_size=154700872
R0 [P2] iter 93: PRE-JOIN GPU mem: 83.8GB free / 85.1GB total | delta_size=50687 full_size=77356321
R1 [P2] iter 93: PRE-JOIN GPU mem: 83.8GB free / 85.1GB total | delta_size=50635 full_size=77344551
R0 [P2] iter 93: join done, raw=49603 result_size=49583
R1 [P2] iter 93: join done, raw=49522 result_size=49495
R0 [P2] iter 93: split done, delta_size=49558
R0 [P2] iter 93: dedup done, delta_size=49529
R1 [P2] iter 93: split done, delta_size=49520
R1 [P2] iter 93: dedup done, delta_size=49492
R0 [P2] iter 93: subtract done, delta_size=49150
R1 [P2] iter 93: subtract done, delta_size=49069
R0 [P2] iter 93: merge done, full_size=77405471
R0 [P2] iter 94 done: global_full_size=154799091
R1 [P2] iter 93: merge done, full_size=77393620
R1 [P2] iter 94 done: global_full_size=154799091
R0 [P2] iter 94: PRE-JOIN GPU mem: 83.8GB free / 85.1GB total | delta_size=49150 full_size=77405471
R1 [P2] iter 94: PRE-JOIN GPU mem: 83.8GB free / 85.1GB total | delta_size=49069 full_size=77393620
R0 [P2] iter 94: join done, raw=48070 result_size=48050
R1 [P2] iter 94: join done, raw=47993 result_size=47969
R1 [P2] iter 94: split done, delta_size=47949
R1 [P2] iter 94: dedup done, delta_size=47923
R0 [P2] iter 94: split done, delta_size=48070
R0 [P2] iter 94: dedup done, delta_size=48041
R1 [P2] iter 94: subtract done, delta_size=47526
R0 [P2] iter 94: subtract done, delta_size=47682
R1 [P2] iter 94: merge done, full_size=77441146
R0 [P2] iter 94: merge done, full_size=77453153
R0 [P2] iter 95 done: global_full_size=154894299
R1 [P2] iter 95 done: global_full_size=154894299
R0 [P2] iter 95: PRE-JOIN GPU mem: 83.8GB free / 85.1GB total | delta_size=47682 full_size=77453153
R1 [P2] iter 95: PRE-JOIN GPU mem: 83.8GB free / 85.1GB total | delta_size=47526 full_size=77441146
R0 [P2] iter 95: join done, raw=46638 result_size=46620
R1 [P2] iter 95: join done, raw=46510 result_size=46487
R0 [P2] iter 95: split done, delta_size=46636
R0 [P2] iter 95: dedup done, delta_size=46609
R1 [P2] iter 95: split done, delta_size=46471
R1 [P2] iter 95: dedup done, delta_size=46448
R0 [P2] iter 95: subtract done, delta_size=46257
R1 [P2] iter 95: subtract done, delta_size=46062
R1 [P2] iter 95: merge done, full_size=77487208
R0 [P2] iter 95: merge done, full_size=77499410
R0 [P2] iter 96 done: global_full_size=154986618
R1 [P2] iter 96 done: global_full_size=154986618
R0 [P2] iter 96: PRE-JOIN GPU mem: 83.8GB free / 85.1GB total | delta_size=46257 full_size=77499410
R1 [P2] iter 96: PRE-JOIN GPU mem: 83.8GB free / 85.1GB total | delta_size=46062 full_size=77487208
R0 [P2] iter 96: join done, raw=45246 result_size=45229
R1 [P2] iter 96: join done, raw=45082 result_size=45059
R0 [P2] iter 96: split done, delta_size=45228
R0 [P2] iter 96: dedup done, delta_size=45201
R1 [P2] iter 96: split done, delta_size=45060
R1 [P2] iter 96: dedup done, delta_size=45040
R0 [P2] iter 96: subtract done, delta_size=44862
R1 [P2] iter 96: subtract done, delta_size=44673
R0 [P2] iter 96: merge done, full_size=77544272
R0 [P2] iter 97 done: global_full_size=155076153
R1 [P2] iter 96: merge done, full_size=77531881
R1 [P2] iter 97 done: global_full_size=155076153
R0 [P2] iter 97: PRE-JOIN GPU mem: 83.8GB free / 85.1GB total | delta_size=44862 full_size=77544272
R1 [P2] iter 97: PRE-JOIN GPU mem: 83.8GB free / 85.1GB total | delta_size=44673 full_size=77531881
R0 [P2] iter 97: join done, raw=43873 result_size=43856
R1 [P2] iter 97: join done, raw=43685 result_size=43663
R0 [P2] iter 97: split done, delta_size=43809
R0 [P2] iter 97: dedup done, delta_size=43783
R1 [P2] iter 97: split done, delta_size=43710
R1 [P2] iter 97: dedup done, delta_size=43691
R0 [P2] iter 97: subtract done, delta_size=43458
R1 [P2] iter 97: subtract done, delta_size=43343
R0 [P2] iter 97: merge done, full_size=77587730
R0 [P2] iter 98 done: global_full_size=155162954
R1 [P2] iter 97: merge done, full_size=77575224
R1 [P2] iter 98 done: global_full_size=155162954
R0 [P2] iter 98: PRE-JOIN GPU mem: 83.8GB free / 85.1GB total | delta_size=43458 full_size=77587730
R1 [P2] iter 98: PRE-JOIN GPU mem: 83.8GB free / 85.1GB total | delta_size=43343 full_size=77575224
R0 [P2] iter 98: join done, raw=42526 result_size=42511
R1 [P2] iter 98: join done, raw=42356 result_size=42335
R0 [P2] iter 98: split done, delta_size=42483
R0 [P2] iter 98: dedup done, delta_size=42459
R1 [P2] iter 98: split done, delta_size=42363
R1 [P2] iter 98: dedup done, delta_size=42348
R0 [P2] iter 98: subtract done, delta_size=42151
R1 [P2] iter 98: subtract done, delta_size=42018
R0 [P2] iter 98: merge done, full_size=77629881
R0 [P2] iter 99 done: global_full_size=155247123
R1 [P2] iter 98: merge done, full_size=77617242
R1 [P2] iter 99 done: global_full_size=155247123
R0 [P2] iter 99: PRE-JOIN GPU mem: 83.8GB free / 85.1GB total | delta_size=42151 full_size=77629881
R1 [P2] iter 99: PRE-JOIN GPU mem: 83.8GB free / 85.1GB total | delta_size=42018 full_size=77617242
R0 [P2] iter 99: join done, raw=41278 result_size=41263
R1 [P2] iter 99: join done, raw=41060 result_size=41040
R0 [P2] iter 99: split done, delta_size=41203
R0 [P2] iter 99: dedup done, delta_size=41180
R1 [P2] iter 99: split done, delta_size=41100
R1 [P2] iter 99: dedup done, delta_size=41085
R0 [P2] iter 99: subtract done, delta_size=40880
R1 [P2] iter 99: subtract done, delta_size=40772
R0 [P2] iter 99: merge done, full_size=77670761
R0 [P2] iter 100 done: global_full_size=155328775
R1 [P2] iter 99: merge done, full_size=77658014
R1 [P2] iter 100 done: global_full_size=155328775
R0 [P2] iter 100: PRE-JOIN GPU mem: 83.8GB free / 85.1GB total | delta_size=40880 full_size=77670761
R1 [P2] iter 100: PRE-JOIN GPU mem: 83.8GB free / 85.1GB total | delta_size=40772 full_size=77658014
R1 [P2] iter 100: join done, raw=39821 result_size=39802
R0 [P2] iter 100: join done, raw=40053 result_size=40037
R1 [P2] iter 100: split done, delta_size=39875
R1 [P2] iter 100: dedup done, delta_size=39860
R0 [P2] iter 100: split done, delta_size=39964
R0 [P2] iter 100: dedup done, delta_size=39941
R1 [P2] iter 100: subtract done, delta_size=39560
R0 [P2] iter 100: subtract done, delta_size=39656
R0 [P2] iter 100: merge done, full_size=77710417
R0 [P2] iter 101 done: global_full_size=155407991
R1 [P2] iter 100: merge done, full_size=77697574
R1 [P2] iter 101 done: global_full_size=155407991
R0 [P2] iter 101: PRE-JOIN GPU mem: 83.8GB free / 85.1GB total | delta_size=39656 full_size=77710417
R1 [P2] iter 101: PRE-JOIN GPU mem: 83.8GB free / 85.1GB total | delta_size=39560 full_size=77697574
R0 [P2] iter 101: join done, raw=38858 result_size=38842
R1 [P2] iter 101: join done, raw=38629 result_size=38611
R0 [P2] iter 101: split done, delta_size=38740
R0 [P2] iter 101: dedup done, delta_size=38717
R1 [P2] iter 101: split done, delta_size=38713
R1 [P2] iter 101: dedup done, delta_size=38698
R0 [P2] iter 101: subtract done, delta_size=38440
R1 [P2] iter 101: subtract done, delta_size=38410
R0 [P2] iter 101: merge done, full_size=77748857
R0 [P2] iter 102 done: global_full_size=155484841
R1 [P2] iter 101: merge done, full_size=77735984
R1 [P2] iter 102 done: global_full_size=155484841
R0 [P2] iter 102: PRE-JOIN GPU mem: 83.8GB free / 85.1GB total | delta_size=38440 full_size=77748857
R1 [P2] iter 102: PRE-JOIN GPU mem: 83.8GB free / 85.1GB total | delta_size=38410 full_size=77735984
R0 [P2] iter 102: join done, raw=37672 result_size=37657
R1 [P2] iter 102: join done, raw=37491 result_size=37475
R0 [P2] iter 102: split done, delta_size=37598
R0 [P2] iter 102: dedup done, delta_size=37575
R1 [P2] iter 102: split done, delta_size=37534
R1 [P2] iter 102: dedup done, delta_size=37519
R0 [P2] iter 102: subtract done, delta_size=37302
R1 [P2] iter 102: subtract done, delta_size=37248
R0 [P2] iter 102: merge done, full_size=77786159
R0 [P2] iter 103 done: global_full_size=155559391
R1 [P2] iter 102: merge done, full_size=77773232
R1 [P2] iter 103 done: global_full_size=155559391
R0 [P2] iter 103: PRE-JOIN GPU mem: 83.8GB free / 85.1GB total | delta_size=37302 full_size=77786159
R1 [P2] iter 103: PRE-JOIN GPU mem: 83.8GB free / 85.1GB total | delta_size=37248 full_size=77773232
R1 [P2] iter 103: join done, raw=36373 result_size=36358
R0 [P2] iter 103: join done, raw=36544 result_size=36531
R0 [P2] iter 103: split done, delta_size=36483
R0 [P2] iter 103: dedup done, delta_size=36463
R1 [P2] iter 103: split done, delta_size=36406
R1 [P2] iter 103: dedup done, delta_size=36391
R0 [P2] iter 103: subtract done, delta_size=36203
R1 [P2] iter 103: subtract done, delta_size=36126
R0 [P2] iter 103: merge done, full_size=77822362
R0 [P2] iter 104 done: global_full_size=155631720
R1 [P2] iter 103: merge done, full_size=77809358
R1 [P2] iter 104 done: global_full_size=155631720
R0 [P2] iter 104: PRE-JOIN GPU mem: 83.8GB free / 85.1GB total | delta_size=36203 full_size=77822362
R1 [P2] iter 104: PRE-JOIN GPU mem: 83.8GB free / 85.1GB total | delta_size=36126 full_size=77809358
R0 [P2] iter 104: join done, raw=35480 result_size=35467
R1 [P2] iter 104: join done, raw=35300 result_size=35286
R1 [P2] iter 104: split done, delta_size=35314
R1 [P2] iter 104: dedup done, delta_size=35299
R0 [P2] iter 104: split done, delta_size=35439
R0 [P2] iter 104: dedup done, delta_size=35419
R1 [P2] iter 104: subtract done, delta_size=35039
R0 [P2] iter 104: subtract done, delta_size=35165
R1 [P2] iter 104: merge done, full_size=77844397
R0 [P2] iter 104: merge done, full_size=77857527
R0 [P2] iter 105 done: global_full_size=155701924
R1 [P2] iter 105 done: global_full_size=155701924
R0 [P2] iter 105: PRE-JOIN GPU mem: 83.8GB free / 85.1GB total | delta_size=35165 full_size=77857527
R1 [P2] iter 105: PRE-JOIN GPU mem: 83.8GB free / 85.1GB total | delta_size=35039 full_size=77844397
R0 [P2] iter 105: join done, raw=34502 result_size=34489
R1 [P2] iter 105: join done, raw=34281 result_size=34267
R0 [P2] iter 105: split done, delta_size=34417
R0 [P2] iter 105: dedup done, delta_size=34397
R1 [P2] iter 105: split done, delta_size=34339
R1 [P2] iter 105: dedup done, delta_size=34325
R0 [P2] iter 105: subtract done, delta_size=34150
R1 [P2] iter 105: subtract done, delta_size=34072
R0 [P2] iter 105: merge done, full_size=77891677
R0 [P2] iter 106 done: global_full_size=155770146
R1 [P2] iter 105: merge done, full_size=77878469
R1 [P2] iter 106 done: global_full_size=155770146
R1 [P2] iter 106: PRE-JOIN GPU mem: 83.8GB free / 85.1GB total | delta_size=34072 full_size=77878469
R0 [P2] iter 106: PRE-JOIN GPU mem: 83.8GB free / 85.1GB total | delta_size=34150 full_size=77891677
R0 [P2] iter 106: join done, raw=33512 result_size=33499
R1 [P2] iter 106: join done, raw=33322 result_size=33308
R1 [P2] iter 106: split done, delta_size=33367
R1 [P2] iter 106: dedup done, delta_size=33353
R0 [P2] iter 106: split done, delta_size=33440
R0 [P2] iter 106: dedup done, delta_size=33421
R1 [P2] iter 106: subtract done, delta_size=33110
R0 [P2] iter 106: subtract done, delta_size=33180
R1 [P2] iter 106: merge done, full_size=77911579
R0 [P2] iter 106: merge done, full_size=77924857
R0 [P2] iter 107 done: global_full_size=155836436
R1 [P2] iter 107 done: global_full_size=155836436
R0 [P2] iter 107: PRE-JOIN GPU mem: 83.8GB free / 85.1GB total | delta_size=33180 full_size=77924857
R1 [P2] iter 107: PRE-JOIN GPU mem: 83.8GB free / 85.1GB total | delta_size=33110 full_size=77911579
R0 [P2] iter 107: join done, raw=32558 result_size=32545
R1 [P2] iter 107: join done, raw=32386 result_size=32373
R0 [P2] iter 107: split done, delta_size=32552
R0 [P2] iter 107: dedup done, delta_size=32533
R1 [P2] iter 107: split done, delta_size=32366
R1 [P2] iter 107: dedup done, delta_size=32352
R0 [P2] iter 107: subtract done, delta_size=32297
R1 [P2] iter 107: subtract done, delta_size=32117
R0 [P2] iter 107: merge done, full_size=77957154
R0 [P2] iter 108 done: global_full_size=155900850
R1 [P2] iter 107: merge done, full_size=77943696
R1 [P2] iter 108 done: global_full_size=155900850
R0 [P2] iter 108: PRE-JOIN GPU mem: 83.8GB free / 85.1GB total | delta_size=32297 full_size=77957154
R1 [P2] iter 108: PRE-JOIN GPU mem: 83.8GB free / 85.1GB total | delta_size=32117 full_size=77943696
R0 [P2] iter 108: join done, raw=31695 result_size=31682
R1 [P2] iter 108: join done, raw=31407 result_size=31396
R1 [P2] iter 108: split done, delta_size=31463
R1 [P2] iter 108: dedup done, delta_size=31450
R0 [P2] iter 108: split done, delta_size=31615
R0 [P2] iter 108: dedup done, delta_size=31596
R1 [P2] iter 108: subtract done, delta_size=31217
R0 [P2] iter 108: subtract done, delta_size=31366
R1 [P2] iter 108: merge done, full_size=77974913
R0 [P2] iter 108: merge done, full_size=77988520
R0 [P2] iter 109 done: global_full_size=155963433
R1 [P2] iter 109 done: global_full_size=155963433
R0 [P2] iter 109: PRE-JOIN GPU mem: 83.8GB free / 85.1GB total | delta_size=31366 full_size=77988520
R1 [P2] iter 109: PRE-JOIN GPU mem: 83.8GB free / 85.1GB total | delta_size=31217 full_size=77974913
R0 [P2] iter 109: join done, raw=30798 result_size=30785
R1 [P2] iter 109: join done, raw=30547 result_size=30538
R0 [P2] iter 109: split done, delta_size=30721
R0 [P2] iter 109: dedup done, delta_size=30703
R1 [P2] iter 109: split done, delta_size=30602
R1 [P2] iter 109: dedup done, delta_size=30589
R0 [P2] iter 109: subtract done, delta_size=30480
R1 [P2] iter 109: subtract done, delta_size=30359
R0 [P2] iter 109: merge done, full_size=78019000
R0 [P2] iter 110 done: global_full_size=156024272
R1 [P2] iter 109: merge done, full_size=78005272
R1 [P2] iter 110 done: global_full_size=156024272
R0 [P2] iter 110: PRE-JOIN GPU mem: 83.8GB free / 85.1GB total | delta_size=30480 full_size=78019000
R1 [P2] iter 110: PRE-JOIN GPU mem: 83.8GB free / 85.1GB total | delta_size=30359 full_size=78005272
R0 [P2] iter 110: join done, raw=29931 result_size=29918
R1 [P2] iter 110: join done, raw=29711 result_size=29702
R0 [P2] iter 110: split done, delta_size=29851
R0 [P2] iter 110: dedup done, delta_size=29836
R1 [P2] iter 110: split done, delta_size=29769
R1 [P2] iter 110: dedup done, delta_size=29757
R0 [P2] iter 110: subtract done, delta_size=29618
R1 [P2] iter 110: subtract done, delta_size=29538
R0 [P2] iter 110: merge done, full_size=78048618
R0 [P2] iter 111 done: global_full_size=156083428
R1 [P2] iter 110: merge done, full_size=78034810
R1 [P2] iter 111 done: global_full_size=156083428
R0 [P2] iter 111: PRE-JOIN GPU mem: 83.8GB free / 85.1GB total | delta_size=29618 full_size=78048618
R1 [P2] iter 111: PRE-JOIN GPU mem: 83.8GB free / 85.1GB total | delta_size=29538 full_size=78034810
R0 [P2] iter 111: join done, raw=29054 result_size=29042
R1 [P2] iter 111: join done, raw=28887 result_size=28878
R1 [P2] iter 111: split done, delta_size=28871
R1 [P2] iter 111: dedup done, delta_size=28860
R0 [P2] iter 111: split done, delta_size=29049
R0 [P2] iter 111: dedup done, delta_size=29036
R1 [P2] iter 111: subtract done, delta_size=28646
R0 [P2] iter 111: subtract done, delta_size=28822
R1 [P2] iter 111: merge done, full_size=78063456
R0 [P2] iter 111: merge done, full_size=78077440
R0 [P2] iter 112 done: global_full_size=156140896
R1 [P2] iter 112 done: global_full_size=156140896
R0 [P2] iter 112: PRE-JOIN GPU mem: 83.8GB free / 85.1GB total | delta_size=28822 full_size=78077440
R1 [P2] iter 112: PRE-JOIN GPU mem: 83.8GB free / 85.1GB total | delta_size=28646 full_size=78063456
R0 [P2] iter 112: join done, raw=28288 result_size=28276
R1 [P2] iter 112: join done, raw=28032 result_size=28023
R0 [P2] iter 112: split done, delta_size=28247
R0 [P2] iter 112: dedup done, delta_size=28234
R1 [P2] iter 112: split done, delta_size=28052
R1 [P2] iter 112: dedup done, delta_size=28042
R0 [P2] iter 112: subtract done, delta_size=28026
R1 [P2] iter 112: subtract done, delta_size=27831
R0 [P2] iter 112: merge done, full_size=78105466
R0 [P2] iter 113 done: global_full_size=156196753
R1 [P2] iter 112: merge done, full_size=78091287
R1 [P2] iter 113 done: global_full_size=156196753
R0 [P2] iter 113: PRE-JOIN GPU mem: 83.8GB free / 85.1GB total | delta_size=28026 full_size=78105466
R1 [P2] iter 113: PRE-JOIN GPU mem: 83.8GB free / 85.1GB total | delta_size=27831 full_size=78091287
R0 [P2] iter 113: join done, raw=27528 result_size=27516
R1 [P2] iter 113: join done, raw=27253 result_size=27244
R0 [P2] iter 113: split done, delta_size=27477
R0 [P2] iter 113: dedup done, delta_size=27465
R1 [P2] iter 113: split done, delta_size=27283
R1 [P2] iter 113: dedup done, delta_size=27274
R0 [P2] iter 113: subtract done, delta_size=27262
R1 [P2] iter 113: subtract done, delta_size=27073
R0 [P2] iter 113: merge done, full_size=78132728
R0 [P2] iter 114 done: global_full_size=156251088
R1 [P2] iter 113: merge done, full_size=78118360
R1 [P2] iter 114 done: global_full_size=156251088
R0 [P2] iter 114: PRE-JOIN GPU mem: 83.8GB free / 85.1GB total | delta_size=27262 full_size=78132728
R1 [P2] iter 114: PRE-JOIN GPU mem: 83.8GB free / 85.1GB total | delta_size=27073 full_size=78118360
R0 [P2] iter 114: join done, raw=26772 result_size=26760
R1 [P2] iter 114: join done, raw=26524 result_size=26516
R0 [P2] iter 114: split done, delta_size=26734
R0 [P2] iter 114: dedup done, delta_size=26722
R1 [P2] iter 114: split done, delta_size=26542
R1 [P2] iter 114: dedup done, delta_size=26533
R0 [P2] iter 114: subtract done, delta_size=26518
R1 [P2] iter 114: subtract done, delta_size=26337
R0 [P2] iter 114: merge done, full_size=78159246
R0 [P2] iter 115 done: global_full_size=156303943
R1 [P2] iter 114: merge done, full_size=78144697
R1 [P2] iter 115 done: global_full_size=156303943
R0 [P2] iter 115: PRE-JOIN GPU mem: 83.8GB free / 85.1GB total | delta_size=26518 full_size=78159246
R1 [P2] iter 115: PRE-JOIN GPU mem: 83.8GB free / 85.1GB total | delta_size=26337 full_size=78144697
R0 [P2] iter 115: join done, raw=26057 result_size=26045
R1 [P2] iter 115: join done, raw=25820 result_size=25812
R1 [P2] iter 115: split done, delta_size=25836
R1 [P2] iter 115: dedup done, delta_size=25827
R0 [P2] iter 115: split done, delta_size=26021
R0 [P2] iter 115: dedup done, delta_size=26009
R1 [P2] iter 115: subtract done, delta_size=25636
R0 [P2] iter 115: subtract done, delta_size=25808
R1 [P2] iter 115: merge done, full_size=78170333
R0 [P2] iter 115: merge done, full_size=78185054
R0 [P2] iter 116 done: global_full_size=156355387
R1 [P2] iter 116 done: global_full_size=156355387
R0 [P2] iter 116: PRE-JOIN GPU mem: 83.8GB free / 85.1GB total | delta_size=25808 full_size=78185054
R1 [P2] iter 116: PRE-JOIN GPU mem: 83.8GB free / 85.1GB total | delta_size=25636 full_size=78170333
R0 [P2] iter 116: join done, raw=25364 result_size=25352
R1 [P2] iter 116: join done, raw=25161 result_size=25153
R0 [P2] iter 116: split done, delta_size=25339
R0 [P2] iter 116: dedup done, delta_size=25327
R1 [P2] iter 116: split done, delta_size=25166
R1 [P2] iter 116: dedup done, delta_size=25157
R0 [P2] iter 116: subtract done, delta_size=25126
R1 [P2] iter 116: subtract done, delta_size=24968
R0 [P2] iter 116: merge done, full_size=78210180
R0 [P2] iter 117 done: global_full_size=156405481
R1 [P2] iter 116: merge done, full_size=78195301
R1 [P2] iter 117 done: global_full_size=156405481
R0 [P2] iter 117: PRE-JOIN GPU mem: 83.8GB free / 85.1GB total | delta_size=25126 full_size=78210180
R1 [P2] iter 117: PRE-JOIN GPU mem: 83.8GB free / 85.1GB total | delta_size=24968 full_size=78195301
R0 [P2] iter 117: join done, raw=24710 result_size=24698
R1 [P2] iter 117: join done, raw=24499 result_size=24490
R0 [P2] iter 117: split done, delta_size=24681
R0 [P2] iter 117: dedup done, delta_size=24670
R1 [P2] iter 117: split done, delta_size=24507
R1 [P2] iter 117: dedup done, delta_size=24497
R0 [P2] iter 117: subtract done, delta_size=24474
R1 [P2] iter 117: subtract done, delta_size=24307
R0 [P2] iter 117: merge done, full_size=78234654
R0 [P2] iter 118 done: global_full_size=156454262
R1 [P2] iter 117: merge done, full_size=78219608
R1 [P2] iter 118 done: global_full_size=156454262
R0 [P2] iter 118: PRE-JOIN GPU mem: 83.8GB free / 85.1GB total | delta_size=24474 full_size=78234654
R1 [P2] iter 118: PRE-JOIN GPU mem: 83.8GB free / 85.1GB total | delta_size=24307 full_size=78219608
R0 [P2] iter 118: join done, raw=24077 result_size=24065
R1 [P2] iter 118: join done, raw=23844 result_size=23835
R0 [P2] iter 118: split done, delta_size=24035
R0 [P2] iter 118: dedup done, delta_size=24024
R1 [P2] iter 118: split done, delta_size=23865
R1 [P2] iter 118: dedup done, delta_size=23855
R0 [P2] iter 118: subtract done, delta_size=23837
R1 [P2] iter 118: subtract done, delta_size=23665
R0 [P2] iter 118: merge done, full_size=78258491
R0 [P2] iter 119 done: global_full_size=156501764
R1 [P2] iter 118: merge done, full_size=78243273
R1 [P2] iter 119 done: global_full_size=156501764
R0 [P2] iter 119: PRE-JOIN GPU mem: 83.8GB free / 85.1GB total | delta_size=23837 full_size=78258491
R1 [P2] iter 119: PRE-JOIN GPU mem: 83.8GB free / 85.1GB total | delta_size=23665 full_size=78243273
R0 [P2] iter 119: join done, raw=23452 result_size=23440
R1 [P2] iter 119: join done, raw=23215 result_size=23206
R1 [P2] iter 119: split done, delta_size=23237
R1 [P2] iter 119: dedup done, delta_size=23227
R0 [P2] iter 119: split done, delta_size=23409
R0 [P2] iter 119: dedup done, delta_size=23398
R1 [P2] iter 119: subtract done, delta_size=23040
R0 [P2] iter 119: subtract done, delta_size=23211
R1 [P2] iter 119: merge done, full_size=78266313
R0 [P2] iter 119: merge done, full_size=78281702
R0 [P2] iter 120 done: global_full_size=156548015
R1 [P2] iter 120 done: global_full_size=156548015
R0 [P2] iter 120: PRE-JOIN GPU mem: 83.8GB free / 85.1GB total | delta_size=23211 full_size=78281702
R1 [P2] iter 120: PRE-JOIN GPU mem: 83.8GB free / 85.1GB total | delta_size=23040 full_size=78266313
R0 [P2] iter 120: join done, raw=22846 result_size=22834
R1 [P2] iter 120: join done, raw=22601 result_size=22592
R0 [P2] iter 120: split done, delta_size=22782
R0 [P2] iter 120: dedup done, delta_size=22771
R1 [P2] iter 120: split done, delta_size=22644
R1 [P2] iter 120: dedup done, delta_size=22634
R0 [P2] iter 120: subtract done, delta_size=22593
R1 [P2] iter 120: subtract done, delta_size=22454
R0 [P2] iter 120: merge done, full_size=78304295
R0 [P2] iter 121 done: global_full_size=156593062
R1 [P2] iter 120: merge done, full_size=78288767
R1 [P2] iter 121 done: global_full_size=156593062
R0 [P2] iter 121: PRE-JOIN GPU mem: 83.8GB free / 85.1GB total | delta_size=22593 full_size=78304295
R1 [P2] iter 121: PRE-JOIN GPU mem: 83.8GB free / 85.1GB total | delta_size=22454 full_size=78288767
R1 [P2] iter 121: join done, raw=22001 result_size=21993
R0 [P2] iter 121: join done, raw=22233 result_size=22222
R1 [P2] iter 121: split done, delta_size=22053
R1 [P2] iter 121: dedup done, delta_size=22044
R0 [P2] iter 121: split done, delta_size=22162
R0 [P2] iter 121: dedup done, delta_size=22152
R1 [P2] iter 121: subtract done, delta_size=21867
R0 [P2] iter 121: subtract done, delta_size=21981
R1 [P2] iter 121: merge done, full_size=78310634
R0 [P2] iter 121: merge done, full_size=78326276
R0 [P2] iter 122 done: global_full_size=156636910
R1 [P2] iter 122 done: global_full_size=156636910
R0 [P2] iter 122: PRE-JOIN GPU mem: 83.8GB free / 85.1GB total | delta_size=21981 full_size=78326276
R1 [P2] iter 122: PRE-JOIN GPU mem: 83.8GB free / 85.1GB total | delta_size=21867 full_size=78310634
R0 [P2] iter 122: join done, raw=21627 result_size=21616
R1 [P2] iter 122: join done, raw=21421 result_size=21413
R1 [P2] iter 122: split done, delta_size=21467
R1 [P2] iter 122: dedup done, delta_size=21458
R0 [P2] iter 122: split done, delta_size=21562
R0 [P2] iter 122: dedup done, delta_size=21552
R1 [P2] iter 122: subtract done, delta_size=21287
R0 [P2] iter 122: subtract done, delta_size=21387
R1 [P2] iter 122: merge done, full_size=78331921
R0 [P2] iter 122: merge done, full_size=78347663
R0 [P2] iter 123 done: global_full_size=156679584
R1 [P2] iter 123 done: global_full_size=156679584
R0 [P2] iter 123: PRE-JOIN GPU mem: 83.8GB free / 85.1GB total | delta_size=21387 full_size=78347663
R1 [P2] iter 123: PRE-JOIN GPU mem: 83.8GB free / 85.1GB total | delta_size=21287 full_size=78331921
R0 [P2] iter 123: join done, raw=21065 result_size=21054
R1 [P2] iter 123: join done, raw=20859 result_size=20851
R0 [P2] iter 123: split done, delta_size=21009
R0 [P2] iter 123: dedup done, delta_size=21000
R1 [P2] iter 123: split done, delta_size=20896
R1 [P2] iter 123: dedup done, delta_size=20887
R0 [P2] iter 123: subtract done, delta_size=20839
R1 [P2] iter 123: subtract done, delta_size=20719
R0 [P2] iter 123: merge done, full_size=78368502
R0 [P2] iter 124 done: global_full_size=156721142
R1 [P2] iter 123: merge done, full_size=78352640
R1 [P2] iter 124 done: global_full_size=156721142
R0 [P2] iter 124: PRE-JOIN GPU mem: 83.8GB free / 85.1GB total | delta_size=20839 full_size=78368502
R1 [P2] iter 124: PRE-JOIN GPU mem: 83.8GB free / 85.1GB total | delta_size=20719 full_size=78352640
R0 [P2] iter 124: join done, raw=20537 result_size=20527
R1 [P2] iter 124: join done, raw=20306 result_size=20298
R1 [P2] iter 124: split done, delta_size=20373
R1 [P2] iter 124: dedup done, delta_size=20364
R0 [P2] iter 124: split done, delta_size=20452
R0 [P2] iter 124: dedup done, delta_size=20443
R1 [P2] iter 124: subtract done, delta_size=20198
R0 [P2] iter 124: subtract done, delta_size=20286
R1 [P2] iter 124: merge done, full_size=78372838
R0 [P2] iter 124: merge done, full_size=78388788
R0 [P2] iter 125 done: global_full_size=156761626
R1 [P2] iter 125 done: global_full_size=156761626
R0 [P2] iter 125: PRE-JOIN GPU mem: 83.8GB free / 85.1GB total | delta_size=20286 full_size=78388788
R1 [P2] iter 125: PRE-JOIN GPU mem: 83.8GB free / 85.1GB total | delta_size=20198 full_size=78372838
R0 [P2] iter 125: join done, raw=19993 result_size=19983
R1 [P2] iter 125: join done, raw=19802 result_size=19794
R0 [P2] iter 125: split done, delta_size=19930
R0 [P2] iter 125: dedup done, delta_size=19921
R1 [P2] iter 125: split done, delta_size=19847
R1 [P2] iter 125: dedup done, delta_size=19838
R0 [P2] iter 125: subtract done, delta_size=19771
R1 [P2] iter 125: subtract done, delta_size=19682
R1 [P2] iter 125: merge done, full_size=78392520
R0 [P2] iter 125: merge done, full_size=78408559
R0 [P2] iter 126 done: global_full_size=156801079
R1 [P2] iter 126 done: global_full_size=156801079
R0 [P2] iter 126: PRE-JOIN GPU mem: 83.8GB free / 85.1GB total | delta_size=19771 full_size=78408559
R1 [P2] iter 126: PRE-JOIN GPU mem: 83.8GB free / 85.1GB total | delta_size=19682 full_size=78392520
R0 [P2] iter 126: join done, raw=19502 result_size=19492
R1 [P2] iter 126: join done, raw=19302 result_size=19294
R0 [P2] iter 126: split done, delta_size=19426
R0 [P2] iter 126: dedup done, delta_size=19417
R1 [P2] iter 126: split done, delta_size=19360
R1 [P2] iter 126: dedup done, delta_size=19351
R0 [P2] iter 126: subtract done, delta_size=19269
R1 [P2] iter 126: subtract done, delta_size=19199
R1 [P2] iter 126: merge done, full_size=78411719
R0 [P2] iter 126: merge done, full_size=78427828
R0 [P2] iter 127 done: global_full_size=156839547
R1 [P2] iter 127 done: global_full_size=156839547
R0 [P2] iter 127: PRE-JOIN GPU mem: 83.8GB free / 85.1GB total | delta_size=19269 full_size=78427828
R1 [P2] iter 127: PRE-JOIN GPU mem: 83.8GB free / 85.1GB total | delta_size=19199 full_size=78411719
R0 [P2] iter 127: join done, raw=18997 result_size=18987
R1 [P2] iter 127: join done, raw=18849 result_size=18841
R1 [P2] iter 127: split done, delta_size=18879
R1 [P2] iter 127: dedup done, delta_size=18870
R0 [P2] iter 127: split done, delta_size=18949
R0 [P2] iter 127: dedup done, delta_size=18940
R1 [P2] iter 127: subtract done, delta_size=18719
R0 [P2] iter 127: subtract done, delta_size=18796
R1 [P2] iter 127: merge done, full_size=78430438
R0 [P2] iter 127: merge done, full_size=78446624
R0 [P2] iter 128 done: global_full_size=156877062
R1 [P2] iter 128 done: global_full_size=156877062
R0 [P2] iter 128: PRE-JOIN GPU mem: 83.8GB free / 85.1GB total | delta_size=18796 full_size=78446624
R1 [P2] iter 128: PRE-JOIN GPU mem: 83.8GB free / 85.1GB total | delta_size=18719 full_size=78430438
R0 [P2] iter 128: join done, raw=18538 result_size=18528
R1 [P2] iter 128: join done, raw=18381 result_size=18373
R0 [P2] iter 128: split done, delta_size=18497
R0 [P2] iter 128: dedup done, delta_size=18488
R1 [P2] iter 128: split done, delta_size=18404
R1 [P2] iter 128: dedup done, delta_size=18395
R0 [P2] iter 128: subtract done, delta_size=18345
R1 [P2] iter 128: subtract done, delta_size=18245
R0 [P2] iter 128: merge done, full_size=78464969
R0 [P2] iter 129 done: global_full_size=156913652
R1 [P2] iter 128: merge done, full_size=78448683
R1 [P2] iter 129 done: global_full_size=156913652
R0 [P2] iter 129: PRE-JOIN GPU mem: 83.8GB free / 85.1GB total | delta_size=18345 full_size=78464969
R1 [P2] iter 129: PRE-JOIN GPU mem: 83.8GB free / 85.1GB total | delta_size=18245 full_size=78448683
R0 [P2] iter 129: join done, raw=18079 result_size=18069
R1 [P2] iter 129: join done, raw=17901 result_size=17893
R0 [P2] iter 129: split done, delta_size=18009
R0 [P2] iter 129: dedup done, delta_size=18000
R1 [P2] iter 129: split done, delta_size=17953
R1 [P2] iter 129: dedup done, delta_size=17944
R0 [P2] iter 129: subtract done, delta_size=17858
R1 [P2] iter 129: subtract done, delta_size=17797
R1 [P2] iter 129: merge done, full_size=78466480
R0 [P2] iter 129: merge done, full_size=78482827
R0 [P2] iter 130 done: global_full_size=156949307
R1 [P2] iter 130 done: global_full_size=156949307
R0 [P2] iter 130: PRE-JOIN GPU mem: 83.8GB free / 85.1GB total | delta_size=17858 full_size=78482827
R1 [P2] iter 130: PRE-JOIN GPU mem: 83.8GB free / 85.1GB total | delta_size=17797 full_size=78466480
R0 [P2] iter 130: join done, raw=17605 result_size=17595
R1 [P2] iter 130: join done, raw=17455 result_size=17447
R0 [P2] iter 130: split done, delta_size=17565
R0 [P2] iter 130: dedup done, delta_size=17556
R1 [P2] iter 130: split done, delta_size=17477
R1 [P2] iter 130: dedup done, delta_size=17468
R0 [P2] iter 130: subtract done, delta_size=17417
R1 [P2] iter 130: subtract done, delta_size=17324
R1 [P2] iter 130: merge done, full_size=78483804
R0 [P2] iter 130: merge done, full_size=78500244
R0 [P2] iter 131 done: global_full_size=156984048
R1 [P2] iter 131 done: global_full_size=156984048
R0 [P2] iter 131: PRE-JOIN GPU mem: 83.8GB free / 85.1GB total | delta_size=17417 full_size=78500244
R1 [P2] iter 131: PRE-JOIN GPU mem: 83.8GB free / 85.1GB total | delta_size=17324 full_size=78483804
R0 [P2] iter 131: join done, raw=17179 result_size=17169
R1 [P2] iter 131: join done, raw=16985 result_size=16977
R0 [P2] iter 131: split done, delta_size=17103
R0 [P2] iter 131: dedup done, delta_size=17094
R1 [P2] iter 131: split done, delta_size=17043
R1 [P2] iter 131: dedup done, delta_size=17034
R0 [P2] iter 131: subtract done, delta_size=16957
R1 [P2] iter 131: subtract done, delta_size=16892
R0 [P2] iter 131: merge done, full_size=78517201
R0 [P2] iter 132 done: global_full_size=157017897
R1 [P2] iter 131: merge done, full_size=78500696
R1 [P2] iter 132 done: global_full_size=157017897
R0 [P2] iter 132: PRE-JOIN GPU mem: 83.8GB free / 85.1GB total | delta_size=16957 full_size=78517201
R1 [P2] iter 132: PRE-JOIN GPU mem: 83.8GB free / 85.1GB total | delta_size=16892 full_size=78500696
R0 [P2] iter 132: join done, raw=16730 result_size=16720
R1 [P2] iter 132: join done, raw=16548 result_size=16540
R0 [P2] iter 132: split done, delta_size=16657
R0 [P2] iter 132: dedup done, delta_size=16648
R1 [P2] iter 132: split done, delta_size=16603
R1 [P2] iter 132: dedup done, delta_size=16595
R0 [P2] iter 132: subtract done, delta_size=16513
R1 [P2] iter 132: subtract done, delta_size=16455
R1 [P2] iter 132: merge done, full_size=78517151
R0 [P2] iter 132: merge done, full_size=78533714
R0 [P2] iter 133 done: global_full_size=157050865
R1 [P2] iter 133 done: global_full_size=157050865
R0 [P2] iter 133: PRE-JOIN GPU mem: 83.8GB free / 85.1GB total | delta_size=16513 full_size=78533714
R1 [P2] iter 133: PRE-JOIN GPU mem: 83.8GB free / 85.1GB total | delta_size=16455 full_size=78517151
R0 [P2] iter 133: join done, raw=16298 result_size=16289
R1 [P2] iter 133: join done, raw=16118 result_size=16110
R1 [P2] iter 133: split done, delta_size=16193
R1 [P2] iter 133: dedup done, delta_size=16185
R0 [P2] iter 133: split done, delta_size=16206
R0 [P2] iter 133: dedup done, delta_size=16197
R1 [P2] iter 133: subtract done, delta_size=16044
R0 [P2] iter 133: subtract done, delta_size=16064
R0 [P2] iter 133: merge done, full_size=78549778
R0 [P2] iter 134 done: global_full_size=157082973
R1 [P2] iter 133: merge done, full_size=78533195
R1 [P2] iter 134 done: global_full_size=157082973
R0 [P2] iter 134: PRE-JOIN GPU mem: 83.8GB free / 85.1GB total | delta_size=16064 full_size=78549778
R1 [P2] iter 134: PRE-JOIN GPU mem: 83.8GB free / 85.1GB total | delta_size=16044 full_size=78533195
R0 [P2] iter 134: join done, raw=15863 result_size=15854
R1 [P2] iter 134: join done, raw=15700 result_size=15692
R0 [P2] iter 134: split done, delta_size=15787
R0 [P2] iter 134: dedup done, delta_size=15778
R1 [P2] iter 134: split done, delta_size=15759
R1 [P2] iter 134: dedup done, delta_size=15751
R0 [P2] iter 134: subtract done, delta_size=15650
R1 [P2] iter 134: subtract done, delta_size=15611
R0 [P2] iter 134: merge done, full_size=78565428
R0 [P2] iter 135 done: global_full_size=157114234
R1 [P2] iter 134: merge done, full_size=78548806
R1 [P2] iter 135 done: global_full_size=157114234
R0 [P2] iter 135: PRE-JOIN GPU mem: 83.8GB free / 85.1GB total | delta_size=15650 full_size=78565428
R1 [P2] iter 135: PRE-JOIN GPU mem: 83.8GB free / 85.1GB total | delta_size=15611 full_size=78548806
R0 [P2] iter 135: join done, raw=15461 result_size=15452
R1 [P2] iter 135: join done, raw=15265 result_size=15257
R0 [P2] iter 135: split done, delta_size=15368
R0 [P2] iter 135: dedup done, delta_size=15359
R1 [P2] iter 135: split done, delta_size=15341
R1 [P2] iter 135: dedup done, delta_size=15333
R0 [P2] iter 135: subtract done, delta_size=15238
R1 [P2] iter 135: subtract done, delta_size=15196
R0 [P2] iter 135: merge done, full_size=78580666
R0 [P2] iter 136 done: global_full_size=157144668
R1 [P2] iter 135: merge done, full_size=78564002
R1 [P2] iter 136 done: global_full_size=157144668
R0 [P2] iter 136: PRE-JOIN GPU mem: 83.8GB free / 85.1GB total | delta_size=15238 full_size=78580666
R1 [P2] iter 136: PRE-JOIN GPU mem: 83.8GB free / 85.1GB total | delta_size=15196 full_size=78564002
R0 [P2] iter 136: join done, raw=15057 result_size=15048
R1 [P2] iter 136: join done, raw=14864 result_size=14856
R0 [P2] iter 136: split done, delta_size=14970
R0 [P2] iter 136: dedup done, delta_size=14961
R1 [P2] iter 136: split done, delta_size=14934
R1 [P2] iter 136: dedup done, delta_size=14926
R0 [P2] iter 136: subtract done, delta_size=14841
R1 [P2] iter 136: subtract done, delta_size=14793
R0 [P2] iter 136: merge done, full_size=78595507
R0 [P2] iter 137 done: global_full_size=157174302
R1 [P2] iter 136: merge done, full_size=78578795
R1 [P2] iter 137 done: global_full_size=157174302
R0 [P2] iter 137: PRE-JOIN GPU mem: 83.8GB free / 85.1GB total | delta_size=14841 full_size=78595507
R1 [P2] iter 137: PRE-JOIN GPU mem: 83.8GB free / 85.1GB total | delta_size=14793 full_size=78578795
R0 [P2] iter 137: join done, raw=14668 result_size=14660
R1 [P2] iter 137: join done, raw=14464 result_size=14456
R0 [P2] iter 137: split done, delta_size=14559
R0 [P2] iter 137: dedup done, delta_size=14550
R1 [P2] iter 137: split done, delta_size=14557
R1 [P2] iter 137: dedup done, delta_size=14549
R0 [P2] iter 137: subtract done, delta_size=14435
R1 [P2] iter 137: subtract done, delta_size=14417
R0 [P2] iter 137: merge done, full_size=78609942
R0 [P2] iter 138 done: global_full_size=157203154
R1 [P2] iter 137: merge done, full_size=78593212
R1 [P2] iter 138 done: global_full_size=157203154
R0 [P2] iter 138: PRE-JOIN GPU mem: 83.8GB free / 85.1GB total | delta_size=14435 full_size=78609942
R1 [P2] iter 138: PRE-JOIN GPU mem: 83.8GB free / 85.1GB total | delta_size=14417 full_size=78593212
R0 [P2] iter 138: join done, raw=14269 result_size=14261
R1 [P2] iter 138: join done, raw=14086 result_size=14078
R0 [P2] iter 138: split done, delta_size=14153
R0 [P2] iter 138: dedup done, delta_size=14144
R1 [P2] iter 138: split done, delta_size=14186
R1 [P2] iter 138: dedup done, delta_size=14178
R0 [P2] iter 138: subtract done, delta_size=14033
R1 [P2] iter 138: subtract done, delta_size=14049
R0 [P2] iter 138: merge done, full_size=78623975
R0 [P2] iter 139 done: global_full_size=157231236
R1 [P2] iter 138: merge done, full_size=78607261
R1 [P2] iter 139 done: global_full_size=157231236
R0 [P2] iter 139: PRE-JOIN GPU mem: 83.8GB free / 85.1GB total | delta_size=14033 full_size=78623975
R1 [P2] iter 139: PRE-JOIN GPU mem: 83.8GB free / 85.1GB total | delta_size=14049 full_size=78607261
R0 [P2] iter 139: join done, raw=13882 result_size=13874
R1 [P2] iter 139: join done, raw=13726 result_size=13718
R1 [P2] iter 139: split done, delta_size=13820
R1 [P2] iter 139: dedup done, delta_size=13812
R0 [P2] iter 139: split done, delta_size=13772
R0 [P2] iter 139: dedup done, delta_size=13764
R1 [P2] iter 139: subtract done, delta_size=13689
R0 [P2] iter 139: subtract done, delta_size=13659
R1 [P2] iter 139: merge done, full_size=78620950
R0 [P2] iter 139: merge done, full_size=78637634
R0 [P2] iter 140 done: global_full_size=157258584
R1 [P2] iter 140 done: global_full_size=157258584
R0 [P2] iter 140: PRE-JOIN GPU mem: 83.8GB free / 85.1GB total | delta_size=13659 full_size=78637634
R1 [P2] iter 140: PRE-JOIN GPU mem: 83.8GB free / 85.1GB total | delta_size=13689 full_size=78620950
R0 [P2] iter 140: join done, raw=13506 result_size=13498
R1 [P2] iter 140: join done, raw=13378 result_size=13370
R0 [P2] iter 140: split done, delta_size=13430
R0 [P2] iter 140: dedup done, delta_size=13423
R1 [P2] iter 140: split done, delta_size=13438
R1 [P2] iter 140: dedup done, delta_size=13430
R0 [P2] iter 140: subtract done, delta_size=13322
R1 [P2] iter 140: subtract done, delta_size=13311
R0 [P2] iter 140: merge done, full_size=78650956
R1 [P2] iter 140: merge done, full_size=78634261
R1 [P2] iter 141 done: global_full_size=157285217
R0 [P2] iter 141 done: global_full_size=157285217
R0 [P2] iter 141: PRE-JOIN GPU mem: 83.8GB free / 85.1GB total | delta_size=13322 full_size=78650956
R1 [P2] iter 141: PRE-JOIN GPU mem: 83.8GB free / 85.1GB total | delta_size=13311 full_size=78634261
R0 [P2] iter 141: join done, raw=13172 result_size=13164
R1 [P2] iter 141: join done, raw=13007 result_size=12999
R1 [P2] iter 141: split done, delta_size=13061
R1 [P2] iter 141: dedup done, delta_size=13054
R0 [P2] iter 141: split done, delta_size=13102
R0 [P2] iter 141: dedup done, delta_size=13096
R1 [P2] iter 141: subtract done, delta_size=12943
R0 [P2] iter 141: subtract done, delta_size=13000
R1 [P2] iter 141: merge done, full_size=78647204
R0 [P2] iter 141: merge done, full_size=78663956
R0 [P2] iter 142 done: global_full_size=157311160
R1 [P2] iter 142 done: global_full_size=157311160
R0 [P2] iter 142: PRE-JOIN GPU mem: 83.8GB free / 85.1GB total | delta_size=13000 full_size=78663956
R1 [P2] iter 142: PRE-JOIN GPU mem: 83.8GB free / 85.1GB total | delta_size=12943 full_size=78647204
R0 [P2] iter 142: join done, raw=12845 result_size=12837
R1 [P2] iter 142: join done, raw=12640 result_size=12632
R1 [P2] iter 142: split done, delta_size=12693
R1 [P2] iter 142: dedup done, delta_size=12687
R0 [P2] iter 142: split done, delta_size=12776
R0 [P2] iter 142: dedup done, delta_size=12770
R1 [P2] iter 142: subtract done, delta_size=12579
R0 [P2] iter 142: subtract done, delta_size=12681
R1 [P2] iter 142: merge done, full_size=78659783
R0 [P2] iter 142: merge done, full_size=78676637
R0 [P2] iter 143 done: global_full_size=157336420
R1 [P2] iter 143 done: global_full_size=157336420
R0 [P2] iter 143: PRE-JOIN GPU mem: 83.8GB free / 85.1GB total | delta_size=12681 full_size=78676637
R1 [P2] iter 143: PRE-JOIN GPU mem: 83.8GB free / 85.1GB total | delta_size=12579 full_size=78659783
R0 [P2] iter 143: join done, raw=12531 result_size=12525
R1 [P2] iter 143: join done, raw=12323 result_size=12315
R0 [P2] iter 143: split done, delta_size=12469
R0 [P2] iter 143: dedup done, delta_size=12464
R1 [P2] iter 143: split done, delta_size=12371
R1 [P2] iter 143: dedup done, delta_size=12365
R0 [P2] iter 143: subtract done, delta_size=12376
R1 [P2] iter 143: subtract done, delta_size=12260
R0 [P2] iter 143: merge done, full_size=78689013
R0 [P2] iter 144 done: global_full_size=157361056
R1 [P2] iter 143: merge done, full_size=78672043
R1 [P2] iter 144 done: global_full_size=157361056
R0 [P2] iter 144: PRE-JOIN GPU mem: 83.8GB free / 85.1GB total | delta_size=12376 full_size=78689013
R1 [P2] iter 144: PRE-JOIN GPU mem: 83.8GB free / 85.1GB total | delta_size=12260 full_size=78672043
R0 [P2] iter 144: join done, raw=12227 result_size=12221
R1 [P2] iter 144: join done, raw=12007 result_size=11999
R1 [P2] iter 144: split done, delta_size=12071
R1 [P2] iter 144: dedup done, delta_size=12065
R0 [P2] iter 144: split done, delta_size=12149
R0 [P2] iter 144: dedup done, delta_size=12145
R1 [P2] iter 144: subtract done, delta_size=11963
R0 [P2] iter 144: subtract done, delta_size=12059
R1 [P2] iter 144: merge done, full_size=78684006
R0 [P2] iter 144: merge done, full_size=78701072
R0 [P2] iter 145 done: global_full_size=157385078
R1 [P2] iter 145 done: global_full_size=157385078
R0 [P2] iter 145: PRE-JOIN GPU mem: 83.8GB free / 85.1GB total | delta_size=12059 full_size=78701072
R1 [P2] iter 145: PRE-JOIN GPU mem: 83.8GB free / 85.1GB total | delta_size=11963 full_size=78684006
R0 [P2] iter 145: join done, raw=11898 result_size=11892
R1 [P2] iter 145: join done, raw=11712 result_size=11704
R1 [P2] iter 145: split done, delta_size=11766
R1 [P2] iter 145: dedup done, delta_size=11760
R0 [P2] iter 145: split done, delta_size=11830
R0 [P2] iter 145: dedup done, delta_size=11826
R1 [P2] iter 145: subtract done, delta_size=11663
R0 [P2] iter 145: subtract done, delta_size=11747
R1 [P2] iter 145: merge done, full_size=78695669
R0 [P2] iter 145: merge done, full_size=78712819
R0 [P2] iter 146 done: global_full_size=157408488
R1 [P2] iter 146 done: global_full_size=157408488
R0 [P2] iter 146: PRE-JOIN GPU mem: 83.8GB free / 85.1GB total | delta_size=11747 full_size=78712819
R1 [P2] iter 146: PRE-JOIN GPU mem: 83.8GB free / 85.1GB total | delta_size=11663 full_size=78695669
R0 [P2] iter 146: join done, raw=11601 result_size=11595
R1 [P2] iter 146: join done, raw=11426 result_size=11418
R0 [P2] iter 146: split done, delta_size=11537
R0 [P2] iter 146: dedup done, delta_size=11533
R1 [P2] iter 146: split done, delta_size=11476
R1 [P2] iter 146: dedup done, delta_size=11470
R0 [P2] iter 146: subtract done, delta_size=11457
R1 [P2] iter 146: subtract done, delta_size=11375
R0 [P2] iter 146: merge done, full_size=78724276
R1 [P2] iter 146: merge done, full_size=78707044
R1 [P2] iter 147 done: global_full_size=157431320
R0 [P2] iter 147 done: global_full_size=157431320
R0 [P2] iter 147: PRE-JOIN GPU mem: 83.8GB free / 85.1GB total | delta_size=11457 full_size=78724276
R1 [P2] iter 147: PRE-JOIN GPU mem: 83.8GB free / 85.1GB total | delta_size=11375 full_size=78707044
R0 [P2] iter 147: join done, raw=11321 result_size=11315
R1 [P2] iter 147: join done, raw=11138 result_size=11130
R1 [P2] iter 147: split done, delta_size=11184
R1 [P2] iter 147: dedup done, delta_size=11178
R0 [P2] iter 147: split done, delta_size=11261
R0 [P2] iter 147: dedup done, delta_size=11257
R1 [P2] iter 147: subtract done, delta_size=11086
R0 [P2] iter 147: subtract done, delta_size=11181
R1 [P2] iter 147: merge done, full_size=78718130
R0 [P2] iter 147: merge done, full_size=78735457
R0 [P2] iter 148 done: global_full_size=157453587
R1 [P2] iter 148 done: global_full_size=157453587
R0 [P2] iter 148: PRE-JOIN GPU mem: 83.8GB free / 85.1GB total | delta_size=11181 full_size=78735457
R1 [P2] iter 148: PRE-JOIN GPU mem: 83.8GB free / 85.1GB total | delta_size=11086 full_size=78718130
R0 [P2] iter 148: join done, raw=11055 result_size=11049
R1 [P2] iter 148: join done, raw=10856 result_size=10848
R0 [P2] iter 148: split done, delta_size=10989
R0 [P2] iter 148: dedup done, delta_size=10985
R1 [P2] iter 148: split done, delta_size=10908
R1 [P2] iter 148: dedup done, delta_size=10902
R0 [P2] iter 148: subtract done, delta_size=10913
R1 [P2] iter 148: subtract done, delta_size=10814
R0 [P2] iter 148: merge done, full_size=78746370
R0 [P2] iter 149 done: global_full_size=157475314
R1 [P2] iter 148: merge done, full_size=78728944
R1 [P2] iter 149 done: global_full_size=157475314
R0 [P2] iter 149: PRE-JOIN GPU mem: 83.8GB free / 85.1GB total | delta_size=10913 full_size=78746370
R1 [P2] iter 149: PRE-JOIN GPU mem: 83.8GB free / 85.1GB total | delta_size=10814 full_size=78728944
R1 [P2] iter 149: join done, raw=10592 result_size=10584
R0 [P2] iter 149: join done, raw=10796 result_size=10790
R0 [P2] iter 149: split done, delta_size=10734
R0 [P2] iter 149: dedup done, delta_size=10730
R1 [P2] iter 149: split done, delta_size=10640
R1 [P2] iter 149: dedup done, delta_size=10634
R0 [P2] iter 149: subtract done, delta_size=10658
R1 [P2] iter 149: subtract done, delta_size=10546
R0 [P2] iter 149: merge done, full_size=78757028
R0 [P2] iter 150 done: global_full_size=157496518
R1 [P2] iter 149: merge done, full_size=78739490
R1 [P2] iter 150 done: global_full_size=157496518
R0 [P2] iter 150: PRE-JOIN GPU mem: 83.8GB free / 85.1GB total | delta_size=10658 full_size=78757028
R1 [P2] iter 150: PRE-JOIN GPU mem: 83.8GB free / 85.1GB total | delta_size=10546 full_size=78739490
R0 [P2] iter 150: join done, raw=10547 result_size=10541
R1 [P2] iter 150: join done, raw=10317 result_size=10309
R0 [P2] iter 150: split done, delta_size=10484
R0 [P2] iter 150: dedup done, delta_size=10481
R1 [P2] iter 150: split done, delta_size=10366
R1 [P2] iter 150: dedup done, delta_size=10361
R0 [P2] iter 150: subtract done, delta_size=10409
R1 [P2] iter 150: subtract done, delta_size=10275
R0 [P2] iter 150: merge done, full_size=78767437
R0 [P2] iter 151 done: global_full_size=157517202
R1 [P2] iter 150: merge done, full_size=78749765
R1 [P2] iter 151 done: global_full_size=157517202
R0 [P2] iter 151: PRE-JOIN GPU mem: 83.8GB free / 85.1GB total | delta_size=10409 full_size=78767437
R1 [P2] iter 151: PRE-JOIN GPU mem: 83.8GB free / 85.1GB total | delta_size=10275 full_size=78749765
R1 [P2] iter 151: join done, raw=10056 result_size=10048
R0 [P2] iter 151: join done, raw=10307 result_size=10301
R0 [P2] iter 151: split done, delta_size=10237
R0 [P2] iter 151: dedup done, delta_size=10234
R1 [P2] iter 151: split done, delta_size=10112
R1 [P2] iter 151: dedup done, delta_size=10107
R0 [P2] iter 151: subtract done, delta_size=10161
R1 [P2] iter 151: subtract done, delta_size=10022
R0 [P2] iter 151: merge done, full_size=78777598
R0 [P2] iter 152 done: global_full_size=157537385
R1 [P2] iter 151: merge done, full_size=78759787
R1 [P2] iter 152 done: global_full_size=157537385
R0 [P2] iter 152: PRE-JOIN GPU mem: 83.8GB free / 85.1GB total | delta_size=10161 full_size=78777598
R1 [P2] iter 152: PRE-JOIN GPU mem: 83.8GB free / 85.1GB total | delta_size=10022 full_size=78759787
R0 [P2] iter 152: join done, raw=10070 result_size=10064
R1 [P2] iter 152: join done, raw=9801 result_size=9794
R0 [P2] iter 152: split done, delta_size=9986
R0 [P2] iter 152: dedup done, delta_size=9983
R1 [P2] iter 152: split done, delta_size=9872
R1 [P2] iter 152: dedup done, delta_size=9867
R0 [P2] iter 152: subtract done, delta_size=9915
R1 [P2] iter 152: subtract done, delta_size=9784
R0 [P2] iter 152: merge done, full_size=78787513
R0 [P2] iter 153 done: global_full_size=157557084
R1 [P2] iter 152: merge done, full_size=78769571
R1 [P2] iter 153 done: global_full_size=157557084
R0 [P2] iter 153: PRE-JOIN GPU mem: 83.8GB free / 85.1GB total | delta_size=9915 full_size=78787513
R1 [P2] iter 153: PRE-JOIN GPU mem: 83.8GB free / 85.1GB total | delta_size=9784 full_size=78769571
R0 [P2] iter 153: join done, raw=9828 result_size=9822
R1 [P2] iter 153: join done, raw=9564 result_size=9557
R0 [P2] iter 153: split done, delta_size=9740
R0 [P2] iter 153: dedup done, delta_size=9737
R1 [P2] iter 153: split done, delta_size=9639
R1 [P2] iter 153: dedup done, delta_size=9634
R0 [P2] iter 153: subtract done, delta_size=9673
R1 [P2] iter 153: subtract done, delta_size=9554
R0 [P2] iter 153: merge done, full_size=78797186
R0 [P2] iter 154 done: global_full_size=157576311
R1 [P2] iter 153: merge done, full_size=78779125
R1 [P2] iter 154 done: global_full_size=157576311
R0 [P2] iter 154: PRE-JOIN GPU mem: 83.8GB free / 85.1GB total | delta_size=9673 full_size=78797186
R1 [P2] iter 154: PRE-JOIN GPU mem: 83.8GB free / 85.1GB total | delta_size=9554 full_size=78779125
R0 [P2] iter 154: join done, raw=9593 result_size=9587
R1 [P2] iter 154: join done, raw=9329 result_size=9322
R0 [P2] iter 154: split done, delta_size=9482
R0 [P2] iter 154: dedup done, delta_size=9479
R1 [P2] iter 154: split done, delta_size=9427
R1 [P2] iter 154: dedup done, delta_size=9422
R0 [P2] iter 154: subtract done, delta_size=9415
R1 [P2] iter 154: subtract done, delta_size=9345
R0 [P2] iter 154: merge done, full_size=78806601
R0 [P2] iter 155 done: global_full_size=157595071
R1 [P2] iter 154: merge done, full_size=78788470
R1 [P2] iter 155 done: global_full_size=157595071
R0 [P2] iter 155: PRE-JOIN GPU mem: 83.8GB free / 85.1GB total | delta_size=9415 full_size=78806601
R1 [P2] iter 155: PRE-JOIN GPU mem: 83.8GB free / 85.1GB total | delta_size=9345 full_size=78788470
R0 [P2] iter 155: join done, raw=9333 result_size=9327
R1 [P2] iter 155: join done, raw=9109 result_size=9102
R0 [P2] iter 155: split done, delta_size=9232
R0 [P2] iter 155: dedup done, delta_size=9229
R1 [P2] iter 155: split done, delta_size=9197
R1 [P2] iter 155: dedup done, delta_size=9192
R0 [P2] iter 155: subtract done, delta_size=9165
R1 [P2] iter 155: subtract done, delta_size=9116
R1 [P2] iter 155: merge done, full_size=78797586
R0 [P2] iter 155: merge done, full_size=78815766
R0 [P2] iter 156 done: global_full_size=157613352
R1 [P2] iter 156 done: global_full_size=157613352
R0 [P2] iter 156: PRE-JOIN GPU mem: 83.8GB free / 85.1GB total | delta_size=9165 full_size=78815766
R1 [P2] iter 156: PRE-JOIN GPU mem: 83.8GB free / 85.1GB total | delta_size=9116 full_size=78797586
R0 [P2] iter 156: join done, raw=9089 result_size=9084
R1 [P2] iter 156: join done, raw=8888 result_size=8881
R0 [P2] iter 156: split done, delta_size=9000
R0 [P2] iter 156: dedup done, delta_size=8997
R1 [P2] iter 156: split done, delta_size=8965
R1 [P2] iter 156: dedup done, delta_size=8961
R0 [P2] iter 156: subtract done, delta_size=8936
R1 [P2] iter 156: subtract done, delta_size=8886
R1 [P2] iter 156: merge done, full_size=78806472
R0 [P2] iter 156: merge done, full_size=78824702
R0 [P2] iter 157 done: global_full_size=157631174
R1 [P2] iter 157 done: global_full_size=157631174
R0 [P2] iter 157: PRE-JOIN GPU mem: 83.8GB free / 85.1GB total | delta_size=8936 full_size=78824702
R1 [P2] iter 157: PRE-JOIN GPU mem: 83.8GB free / 85.1GB total | delta_size=8886 full_size=78806472
R0 [P2] iter 157: join done, raw=8861 result_size=8856
R1 [P2] iter 157: join done, raw=8668 result_size=8661
R0 [P2] iter 157: split done, delta_size=8784
R0 [P2] iter 157: dedup done, delta_size=8781
R1 [P2] iter 157: split done, delta_size=8733
R1 [P2] iter 157: dedup done, delta_size=8729
R0 [P2] iter 157: subtract done, delta_size=8724
R1 [P2] iter 157: subtract done, delta_size=8657
R0 [P2] iter 157: merge done, full_size=78833426
R1 [P2] iter 157: merge done, full_size=78815129
R1 [P2] iter 158 done: global_full_size=157648555
R0 [P2] iter 158 done: global_full_size=157648555
R0 [P2] iter 158: PRE-JOIN GPU mem: 83.8GB free / 85.1GB total | delta_size=8724 full_size=78833426
R1 [P2] iter 158: PRE-JOIN GPU mem: 83.8GB free / 85.1GB total | delta_size=8657 full_size=78815129
R0 [P2] iter 158: join done, raw=8646 result_size=8641
R1 [P2] iter 158: join done, raw=8432 result_size=8427
R0 [P2] iter 158: split done, delta_size=8555
R0 [P2] iter 158: dedup done, delta_size=8552
R1 [P2] iter 158: split done, delta_size=8513
R1 [P2] iter 158: dedup done, delta_size=8509
R0 [P2] iter 158: subtract done, delta_size=8499
R1 [P2] iter 158: subtract done, delta_size=8441
R1 [P2] iter 158: merge done, full_size=78823570
R0 [P2] iter 158: merge done, full_size=78841925
R0 [P2] iter 159 done: global_full_size=157665495
R1 [P2] iter 159 done: global_full_size=157665495
R0 [P2] iter 159: PRE-JOIN GPU mem: 83.8GB free / 85.1GB total | delta_size=8499 full_size=78841925
R1 [P2] iter 159: PRE-JOIN GPU mem: 83.8GB free / 85.1GB total | delta_size=8441 full_size=78823570
R0 [P2] iter 159: join done, raw=8415 result_size=8410
R1 [P2] iter 159: join done, raw=8215 result_size=8211
R1 [P2] iter 159: split done, delta_size=8274
R1 [P2] iter 159: dedup done, delta_size=8270
R0 [P2] iter 159: split done, delta_size=8347
R0 [P2] iter 159: dedup done, delta_size=8344
R1 [P2] iter 159: subtract done, delta_size=8206
R0 [P2] iter 159: subtract done, delta_size=8292
R1 [P2] iter 159: merge done, full_size=78831776
R0 [P2] iter 159: merge done, full_size=78850217
R0 [P2] iter 160 done: global_full_size=157681993
R1 [P2] iter 160 done: global_full_size=157681993
R0 [P2] iter 160: PRE-JOIN GPU mem: 83.8GB free / 85.1GB total | delta_size=8292 full_size=78850217
R1 [P2] iter 160: PRE-JOIN GPU mem: 83.8GB free / 85.1GB total | delta_size=8206 full_size=78831776
R0 [P2] iter 160: join done, raw=8196 result_size=8191
R1 [P2] iter 160: join done, raw=7985 result_size=7981
R0 [P2] iter 160: split done, delta_size=8127
R1 [P2] iter 160: split done, delta_size=8045
R0 [P2] iter 160: dedup done, delta_size=8125
R1 [P2] iter 160: dedup done, delta_size=8043
R0 [P2] iter 160: subtract done, delta_size=8078
R1 [P2] iter 160: subtract done, delta_size=7989
R0 [P2] iter 160: merge done, full_size=78858295
R0 [P2] iter 161 done: global_full_size=157698060
R1 [P2] iter 160: merge done, full_size=78839765
R1 [P2] iter 161 done: global_full_size=157698060
R0 [P2] iter 161: PRE-JOIN GPU mem: 83.8GB free / 85.1GB total | delta_size=8078 full_size=78858295
R1 [P2] iter 161: PRE-JOIN GPU mem: 83.8GB free / 85.1GB total | delta_size=7989 full_size=78839765
R0 [P2] iter 161: join done, raw=7976 result_size=7972
R1 [P2] iter 161: join done, raw=7806 result_size=7802
R0 [P2] iter 161: split done, delta_size=7924
R1 [P2] iter 161: split done, delta_size=7850
R0 [P2] iter 161: dedup done, delta_size=7922
R1 [P2] iter 161: dedup done, delta_size=7848
R0 [P2] iter 161: subtract done, delta_size=7880
R1 [P2] iter 161: subtract done, delta_size=7798
R0 [P2] iter 161: merge done, full_size=78866175
R0 [P2] iter 162 done: global_full_size=157713738
R1 [P2] iter 161: merge done, full_size=78847563
R1 [P2] iter 162 done: global_full_size=157713738
R0 [P2] iter 162: PRE-JOIN GPU mem: 83.8GB free / 85.1GB total | delta_size=7880 full_size=78866175
R1 [P2] iter 162: PRE-JOIN GPU mem: 83.8GB free / 85.1GB total | delta_size=7798 full_size=78847563
R0 [P2] iter 162: join done, raw=7775 result_size=7771
R1 [P2] iter 162: join done, raw=7639 result_size=7635
R0 [P2] iter 162: split done, delta_size=7750
R1 [P2] iter 162: split done, delta_size=7656
R0 [P2] iter 162: dedup done, delta_size=7748
R1 [P2] iter 162: dedup done, delta_size=7654
R0 [P2] iter 162: subtract done, delta_size=7709
R1 [P2] iter 162: subtract done, delta_size=7609
R1 [P2] iter 162: merge done, full_size=78855172
R0 [P2] iter 162: merge done, full_size=78873884
R0 [P2] iter 163 done: global_full_size=157729056
R1 [P2] iter 163 done: global_full_size=157729056
R0 [P2] iter 163: PRE-JOIN GPU mem: 83.8GB free / 85.1GB total | delta_size=7709 full_size=78873884
R1 [P2] iter 163: PRE-JOIN GPU mem: 83.8GB free / 85.1GB total | delta_size=7609 full_size=78855172
R0 [P2] iter 163: join done, raw=7600 result_size=7596
R1 [P2] iter 163: join done, raw=7455 result_size=7451
R0 [P2] iter 163: split done, delta_size=7574
R1 [P2] iter 163: split done, delta_size=7473
R0 [P2] iter 163: dedup done, delta_size=7572
R1 [P2] iter 163: dedup done, delta_size=7472
R0 [P2] iter 163: subtract done, delta_size=7535
R1 [P2] iter 163: subtract done, delta_size=7429
R1 [P2] iter 163: merge done, full_size=78862601
R0 [P2] iter 163: merge done, full_size=78881419
R0 [P2] iter 164 done: global_full_size=157744020
R1 [P2] iter 164 done: global_full_size=157744020
R0 [P2] iter 164: PRE-JOIN GPU mem: 83.8GB free / 85.1GB total | delta_size=7535 full_size=78881419
R1 [P2] iter 164: PRE-JOIN GPU mem: 83.8GB free / 85.1GB total | delta_size=7429 full_size=78862601
R0 [P2] iter 164: join done, raw=7434 result_size=7430
R1 [P2] iter 164: join done, raw=7287 result_size=7284
R0 [P2] iter 164: split done, delta_size=7390
R1 [P2] iter 164: split done, delta_size=7324
R0 [P2] iter 164: dedup done, delta_size=7388
R1 [P2] iter 164: dedup done, delta_size=7323
R0 [P2] iter 164: subtract done, delta_size=7355
R1 [P2] iter 164: subtract done, delta_size=7285
R0 [P2] iter 164: merge done, full_size=78888774
R0 [P2] iter 165 done: global_full_size=157758660
R1 [P2] iter 164: merge done, full_size=78869886
R1 [P2] iter 165 done: global_full_size=157758660
R0 [P2] iter 165: PRE-JOIN GPU mem: 83.8GB free / 85.1GB total | delta_size=7355 full_size=78888774
R1 [P2] iter 165: PRE-JOIN GPU mem: 83.8GB free / 85.1GB total | delta_size=7285 full_size=78869886
R0 [P2] iter 165: join done, raw=7265 result_size=7262
R1 [P2] iter 165: join done, raw=7151 result_size=7149
R0 [P2] iter 165: split done, delta_size=7238
R1 [P2] iter 165: split done, delta_size=7173
R0 [P2] iter 165: dedup done, delta_size=7236
R1 [P2] iter 165: dedup done, delta_size=7172
R0 [P2] iter 165: subtract done, delta_size=7203
R1 [P2] iter 165: subtract done, delta_size=7135
R0 [P2] iter 165: merge done, full_size=78895977
R0 [P2] iter 166 done: global_full_size=157772998
R1 [P2] iter 165: merge done, full_size=78877021
R1 [P2] iter 166 done: global_full_size=157772998
R0 [P2] iter 166: PRE-JOIN GPU mem: 83.8GB free / 85.1GB total | delta_size=7203 full_size=78895977
R1 [P2] iter 166: PRE-JOIN GPU mem: 83.8GB free / 85.1GB total | delta_size=7135 full_size=78877021
R0 [P2] iter 166: join done, raw=7116 result_size=7113
R1 [P2] iter 166: join done, raw=7006 result_size=7004
R0 [P2] iter 166: split done, delta_size=7079
R1 [P2] iter 166: split done, delta_size=7038
R0 [P2] iter 166: dedup done, delta_size=7077
R1 [P2] iter 166: dedup done, delta_size=7037
R0 [P2] iter 166: subtract done, delta_size=7044
R1 [P2] iter 166: subtract done, delta_size=7000
R0 [P2] iter 166: merge done, full_size=78903021
R0 [P2] iter 167 done: global_full_size=157787042
R1 [P2] iter 166: merge done, full_size=78884021
R1 [P2] iter 167 done: global_full_size=157787042
R0 [P2] iter 167: PRE-JOIN GPU mem: 83.8GB free / 85.1GB total | delta_size=7044 full_size=78903021
R1 [P2] iter 167: PRE-JOIN GPU mem: 83.8GB free / 85.1GB total | delta_size=7000 full_size=78884021
R0 [P2] iter 167: join done, raw=6961 result_size=6958
R1 [P2] iter 167: join done, raw=6868 result_size=6866
R0 [P2] iter 167: split done, delta_size=6937
R1 [P2] iter 167: split done, delta_size=6887
R0 [P2] iter 167: dedup done, delta_size=6935
R1 [P2] iter 167: dedup done, delta_size=6886
R0 [P2] iter 167: subtract done, delta_size=6902
R1 [P2] iter 167: subtract done, delta_size=6849
R0 [P2] iter 167: merge done, full_size=78909923
R0 [P2] iter 168 done: global_full_size=157800793
R1 [P2] iter 167: merge done, full_size=78890870
R1 [P2] iter 168 done: global_full_size=157800793
R1 [P2] iter 168: PRE-JOIN GPU mem: 83.8GB free / 85.1GB total | delta_size=6849 full_size=78890870
R0 [P2] iter 168: PRE-JOIN GPU mem: 83.8GB free / 85.1GB total | delta_size=6902 full_size=78909923
R0 [P2] iter 168: join done, raw=6818 result_size=6815
R1 [P2] iter 168: join done, raw=6712 result_size=6710
R0 [P2] iter 168: split done, delta_size=6779
R1 [P2] iter 168: split done, delta_size=6746
R0 [P2] iter 168: dedup done, delta_size=6777
R1 [P2] iter 168: dedup done, delta_size=6745
R0 [P2] iter 168: subtract done, delta_size=6746
R1 [P2] iter 168: subtract done, delta_size=6708
R0 [P2] iter 168: merge done, full_size=78916669
R0 [P2] iter 169 done: global_full_size=157814247
R1 [P2] iter 168: merge done, full_size=78897578
R1 [P2] iter 169 done: global_full_size=157814247
R0 [P2] iter 169: PRE-JOIN GPU mem: 83.8GB free / 85.1GB total | delta_size=6746 full_size=78916669
R1 [P2] iter 169: PRE-JOIN GPU mem: 83.8GB free / 85.1GB total | delta_size=6708 full_size=78897578
R0 [P2] iter 169: join done, raw=6662 result_size=6659
R1 [P2] iter 169: join done, raw=6567 result_size=6565
R0 [P2] iter 169: split done, delta_size=6635
R1 [P2] iter 169: split done, delta_size=6589
R0 [P2] iter 169: dedup done, delta_size=6633
R1 [P2] iter 169: dedup done, delta_size=6588
R0 [P2] iter 169: subtract done, delta_size=6604
R1 [P2] iter 169: subtract done, delta_size=6553
R0 [P2] iter 169: merge done, full_size=78923273
R0 [P2] iter 170 done: global_full_size=157827404
R1 [P2] iter 169: merge done, full_size=78904131
R1 [P2] iter 170 done: global_full_size=157827404
R1 [P2] iter 170: PRE-JOIN GPU mem: 83.8GB free / 85.1GB total | delta_size=6553 full_size=78904131
R0 [P2] iter 170: PRE-JOIN GPU mem: 83.8GB free / 85.1GB total | delta_size=6604 full_size=78923273
R0 [P2] iter 170: join done, raw=6521 result_size=6518
R1 [P2] iter 170: join done, raw=6418 result_size=6416
R0 [P2] iter 170: split done, delta_size=6497
R1 [P2] iter 170: split done, delta_size=6437
R0 [P2] iter 170: dedup done, delta_size=6495
R1 [P2] iter 170: dedup done, delta_size=6436
R0 [P2] iter 170: subtract done, delta_size=6466
R1 [P2] iter 170: subtract done, delta_size=6402
R0 [P2] iter 170: merge done, full_size=78929739
R0 [P2] iter 171 done: global_full_size=157840272
R1 [P2] iter 170: merge done, full_size=78910533
R1 [P2] iter 171 done: global_full_size=157840272
R0 [P2] iter 171: PRE-JOIN GPU mem: 83.8GB free / 85.1GB total | delta_size=6466 full_size=78929739
R1 [P2] iter 171: PRE-JOIN GPU mem: 83.8GB free / 85.1GB total | delta_size=6402 full_size=78910533
R0 [P2] iter 171: join done, raw=6389 result_size=6386
R1 [P2] iter 171: join done, raw=6273 result_size=6271
R0 [P2] iter 171: split done, delta_size=6349
R1 [P2] iter 171: split done, delta_size=6308
R0 [P2] iter 171: dedup done, delta_size=6347
R1 [P2] iter 171: dedup done, delta_size=6308
R0 [P2] iter 171: subtract done, delta_size=6319
R1 [P2] iter 171: subtract done, delta_size=6275
R0 [P2] iter 171: merge done, full_size=78936058
R1 [P2] iter 171: merge done, full_size=78916808
R1 [P2] iter 172 done: global_full_size=157852866
R0 [P2] iter 172 done: global_full_size=157852866
R0 [P2] iter 172: PRE-JOIN GPU mem: 83.8GB free / 85.1GB total | delta_size=6319 full_size=78936058
R1 [P2] iter 172: PRE-JOIN GPU mem: 83.8GB free / 85.1GB total | delta_size=6275 full_size=78916808
R0 [P2] iter 172: join done, raw=6246 result_size=6243
R1 [P2] iter 172: join done, raw=6146 result_size=6144
R0 [P2] iter 172: split done, delta_size=6211
R1 [P2] iter 172: split done, delta_size=6176
R0 [P2] iter 172: dedup done, delta_size=6209
R1 [P2] iter 172: dedup done, delta_size=6176
R0 [P2] iter 172: subtract done, delta_size=6181
R1 [P2] iter 172: subtract done, delta_size=6144
R0 [P2] iter 172: merge done, full_size=78942239
R0 [P2] iter 173 done: global_full_size=157865191
R1 [P2] iter 172: merge done, full_size=78922952
R1 [P2] iter 173 done: global_full_size=157865191
R0 [P2] iter 173: PRE-JOIN GPU mem: 83.8GB free / 85.1GB total | delta_size=6181 full_size=78942239
R1 [P2] iter 173: PRE-JOIN GPU mem: 83.8GB free / 85.1GB total | delta_size=6144 full_size=78922952
R0 [P2] iter 173: join done, raw=6107 result_size=6104
R1 [P2] iter 173: join done, raw=6015 result_size=6013
R0 [P2] iter 173: split done, delta_size=6067
R1 [P2] iter 173: split done, delta_size=6050
R0 [P2] iter 173: dedup done, delta_size=6065
R1 [P2] iter 173: dedup done, delta_size=6050
R0 [P2] iter 173: subtract done, delta_size=6037
R1 [P2] iter 173: subtract done, delta_size=6018
R0 [P2] iter 173: merge done, full_size=78948276
R0 [P2] iter 174 done: global_full_size=157877246
R1 [P2] iter 173: merge done, full_size=78928970
R1 [P2] iter 174 done: global_full_size=157877246
R0 [P2] iter 174: PRE-JOIN GPU mem: 83.8GB free / 85.1GB total | delta_size=6037 full_size=78948276
R1 [P2] iter 174: PRE-JOIN GPU mem: 83.8GB free / 85.1GB total | delta_size=6018 full_size=78928970
R0 [P2] iter 174: join done, raw=5961 result_size=5959
R1 [P2] iter 174: join done, raw=5895 result_size=5893
R0 [P2] iter 174: split done, delta_size=5931
R1 [P2] iter 174: split done, delta_size=5921
R0 [P2] iter 174: dedup done, delta_size=5930
R1 [P2] iter 174: dedup done, delta_size=5921
R0 [P2] iter 174: subtract done, delta_size=5902
R1 [P2] iter 174: subtract done, delta_size=5891
R0 [P2] iter 174: merge done, full_size=78954178
R0 [P2] iter 175 done: global_full_size=157889039
R1 [P2] iter 174: merge done, full_size=78934861
R1 [P2] iter 175 done: global_full_size=157889039
R0 [P2] iter 175: PRE-JOIN GPU mem: 83.8GB free / 85.1GB total | delta_size=5902 full_size=78954178
R1 [P2] iter 175: PRE-JOIN GPU mem: 83.8GB free / 85.1GB total | delta_size=5891 full_size=78934861
R0 [P2] iter 175: join done, raw=5824 result_size=5822
R1 [P2] iter 175: join done, raw=5764 result_size=5762
R0 [P2] iter 175: split done, delta_size=5800
R1 [P2] iter 175: split done, delta_size=5784
R0 [P2] iter 175: dedup done, delta_size=5799
R1 [P2] iter 175: dedup done, delta_size=5784
R0 [P2] iter 175: subtract done, delta_size=5771
R1 [P2] iter 175: subtract done, delta_size=5752
R0 [P2] iter 175: merge done, full_size=78959949
R1 [P2] iter 175: merge done, full_size=78940613
R1 [P2] iter 176 done: global_full_size=157900562
R0 [P2] iter 176 done: global_full_size=157900562
R0 [P2] iter 176: PRE-JOIN GPU mem: 83.8GB free / 85.1GB total | delta_size=5771 full_size=78959949
R1 [P2] iter 176: PRE-JOIN GPU mem: 83.8GB free / 85.1GB total | delta_size=5752 full_size=78940613
R0 [P2] iter 176: join done, raw=5693 result_size=5691
R1 [P2] iter 176: join done, raw=5632 result_size=5630
R0 [P2] iter 176: split done, delta_size=5670
R1 [P2] iter 176: split done, delta_size=5651
R0 [P2] iter 176: dedup done, delta_size=5669
R1 [P2] iter 176: dedup done, delta_size=5651
R0 [P2] iter 176: subtract done, delta_size=5641
R1 [P2] iter 176: subtract done, delta_size=5617
R0 [P2] iter 176: merge done, full_size=78965590
R0 [P2] iter 177 done: global_full_size=157911820
R1 [P2] iter 176: merge done, full_size=78946230
R1 [P2] iter 177 done: global_full_size=157911820
R0 [P2] iter 177: PRE-JOIN GPU mem: 83.8GB free / 85.1GB total | delta_size=5641 full_size=78965590
R1 [P2] iter 177: PRE-JOIN GPU mem: 83.8GB free / 85.1GB total | delta_size=5617 full_size=78946230
R0 [P2] iter 177: join done, raw=5568 result_size=5566
R1 [P2] iter 177: join done, raw=5494 result_size=5492
R0 [P2] iter 177: split done, delta_size=5522
R1 [P2] iter 177: split done, delta_size=5536
R0 [P2] iter 177: dedup done, delta_size=5522
R1 [P2] iter 177: dedup done, delta_size=5536
R0 [P2] iter 177: subtract done, delta_size=5494
R1 [P2] iter 177: subtract done, delta_size=5501
R1 [P2] iter 177: merge done, full_size=78951731
R0 [P2] iter 177: merge done, full_size=78971084
R0 [P2] iter 178 done: global_full_size=157922815
R1 [P2] iter 178 done: global_full_size=157922815
R0 [P2] iter 178: PRE-JOIN GPU mem: 83.8GB free / 85.1GB total | delta_size=5494 full_size=78971084
R1 [P2] iter 178: PRE-JOIN GPU mem: 83.8GB free / 85.1GB total | delta_size=5501 full_size=78951731
R0 [P2] iter 178: join done, raw=5419 result_size=5417
R1 [P2] iter 178: join done, raw=5373 result_size=5371
R0 [P2] iter 178: split done, delta_size=5394
R1 [P2] iter 178: split done, delta_size=5394
R0 [P2] iter 178: dedup done, delta_size=5394
R1 [P2] iter 178: dedup done, delta_size=5394
R0 [P2] iter 178: subtract done, delta_size=5366
R1 [P2] iter 178: subtract done, delta_size=5362
R0 [P2] iter 178: merge done, full_size=78976450
R0 [P2] iter 179 done: global_full_size=157933543
R1 [P2] iter 178: merge done, full_size=78957093
R1 [P2] iter 179 done: global_full_size=157933543
R1 [P2] iter 179: PRE-JOIN GPU mem: 83.8GB free / 85.1GB total | delta_size=5362 full_size=78957093
R0 [P2] iter 179: PRE-JOIN GPU mem: 83.8GB free / 85.1GB total | delta_size=5366 full_size=78976450
R0 [P2] iter 179: join done, raw=5305 result_size=5303
R1 [P2] iter 179: join done, raw=5241 result_size=5239
R0 [P2] iter 179: split done, delta_size=5257
R1 [P2] iter 179: split done, delta_size=5285
R0 [P2] iter 179: dedup done, delta_size=5257
R1 [P2] iter 179: dedup done, delta_size=5285
R0 [P2] iter 179: subtract done, delta_size=5230
R1 [P2] iter 179: subtract done, delta_size=5253
R0 [P2] iter 179: merge done, full_size=78981680
R0 [P2] iter 180 done: global_full_size=157944026
R1 [P2] iter 179: merge done, full_size=78962346
R1 [P2] iter 180 done: global_full_size=157944026
R0 [P2] iter 180: PRE-JOIN GPU mem: 83.8GB free / 85.1GB total | delta_size=5230 full_size=78981680
R1 [P2] iter 180: PRE-JOIN GPU mem: 83.8GB free / 85.1GB total | delta_size=5253 full_size=78962346
R0 [P2] iter 180: join done, raw=5158 result_size=5157
R1 [P2] iter 180: join done, raw=5136 result_size=5134
R0 [P2] iter 180: split done, delta_size=5124
R1 [P2] iter 180: split done, delta_size=5167
R0 [P2] iter 180: dedup done, delta_size=5124
R1 [P2] iter 180: dedup done, delta_size=5167
R0 [P2] iter 180: subtract done, delta_size=5099
R1 [P2] iter 180: subtract done, delta_size=5136
R0 [P2] iter 180: merge done, full_size=78986779
R0 [P2] iter 181 done: global_full_size=157954261
R1 [P2] iter 180: merge done, full_size=78967482
R1 [P2] iter 181 done: global_full_size=157954261
R0 [P2] iter 181: PRE-JOIN GPU mem: 83.8GB free / 85.1GB total | delta_size=5099 full_size=78986779
R1 [P2] iter 181: PRE-JOIN GPU mem: 83.8GB free / 85.1GB total | delta_size=5136 full_size=78967482
R0 [P2] iter 181: join done, raw=5025 result_size=5024
R1 [P2] iter 181: join done, raw=5019 result_size=5018
R0 [P2] iter 181: split done, delta_size=4999
R1 [P2] iter 181: split done, delta_size=5043
R0 [P2] iter 181: dedup done, delta_size=4999
R1 [P2] iter 181: dedup done, delta_size=5043
R0 [P2] iter 181: subtract done, delta_size=4975
R1 [P2] iter 181: subtract done, delta_size=5014
R0 [P2] iter 181: merge done, full_size=78991754
R0 [P2] iter 182 done: global_full_size=157964250
R1 [P2] iter 181: merge done, full_size=78972496
R1 [P2] iter 182 done: global_full_size=157964250
R0 [P2] iter 182: PRE-JOIN GPU mem: 83.8GB free / 85.1GB total | delta_size=4975 full_size=78991754
R1 [P2] iter 182: PRE-JOIN GPU mem: 83.8GB free / 85.1GB total | delta_size=5014 full_size=78972496
R0 [P2] iter 182: join done, raw=4907 result_size=4906
R1 [P2] iter 182: join done, raw=4898 result_size=4897
R0 [P2] iter 182: split done, delta_size=4873
R1 [P2] iter 182: split done, delta_size=4930
R0 [P2] iter 182: dedup done, delta_size=4873
R1 [P2] iter 182: dedup done, delta_size=4930
R0 [P2] iter 182: subtract done, delta_size=4850
R1 [P2] iter 182: subtract done, delta_size=4904
R1 [P2] iter 182: merge done, full_size=78977400
R0 [P2] iter 182: merge done, full_size=78996604
R0 [P2] iter 183 done: global_full_size=157974004
R1 [P2] iter 183 done: global_full_size=157974004
R0 [P2] iter 183: PRE-JOIN GPU mem: 83.8GB free / 85.1GB total | delta_size=4850 full_size=78996604
R1 [P2] iter 183: PRE-JOIN GPU mem: 83.8GB free / 85.1GB total | delta_size=4904 full_size=78977400
R0 [P2] iter 183: join done, raw=4786 result_size=4785
R1 [P2] iter 183: join done, raw=4795 result_size=4794
R0 [P2] iter 183: split done, delta_size=4755
R1 [P2] iter 183: split done, delta_size=4824
R0 [P2] iter 183: dedup done, delta_size=4755
R1 [P2] iter 183: dedup done, delta_size=4824
R0 [P2] iter 183: subtract done, delta_size=4732
R1 [P2] iter 183: subtract done, delta_size=4798
R0 [P2] iter 183: merge done, full_size=79001336
R0 [P2] iter 184 done: global_full_size=157983534
R1 [P2] iter 183: merge done, full_size=78982198
R1 [P2] iter 184 done: global_full_size=157983534
R0 [P2] iter 184: PRE-JOIN GPU mem: 83.8GB free / 85.1GB total | delta_size=4732 full_size=79001336
R1 [P2] iter 184: PRE-JOIN GPU mem: 83.8GB free / 85.1GB total | delta_size=4798 full_size=78982198
R0 [P2] iter 184: join done, raw=4669 result_size=4668
R1 [P2] iter 184: join done, raw=4698 result_size=4697
R0 [P2] iter 184: split done, delta_size=4636
R1 [P2] iter 184: split done, delta_size=4729
R0 [P2] iter 184: dedup done, delta_size=4636
R1 [P2] iter 184: dedup done, delta_size=4729
R0 [P2] iter 184: subtract done, delta_size=4613
R1 [P2] iter 184: subtract done, delta_size=4704
R0 [P2] iter 184: merge done, full_size=79005949
R0 [P2] iter 185 done: global_full_size=157992851
R1 [P2] iter 184: merge done, full_size=78986902
R1 [P2] iter 185 done: global_full_size=157992851
R0 [P2] iter 185: PRE-JOIN GPU mem: 83.8GB free / 85.1GB total | delta_size=4613 full_size=79005949
R1 [P2] iter 185: PRE-JOIN GPU mem: 83.8GB free / 85.1GB total | delta_size=4704 full_size=78986902
R0 [P2] iter 185: join done, raw=4544 result_size=4543
R1 [P2] iter 185: join done, raw=4611 result_size=4610
R0 [P2] iter 185: split done, delta_size=4537
R1 [P2] iter 185: split done, delta_size=4616
R0 [P2] iter 185: dedup done, delta_size=4537
R1 [P2] iter 185: dedup done, delta_size=4616
R0 [P2] iter 185: subtract done, delta_size=4515
R1 [P2] iter 185: subtract done, delta_size=4591
R0 [P2] iter 185: merge done, full_size=79010464
R0 [P2] iter 186 done: global_full_size=158001957
R1 [P2] iter 185: merge done, full_size=78991493
R1 [P2] iter 186 done: global_full_size=158001957
R0 [P2] iter 186: PRE-JOIN GPU mem: 83.8GB free / 85.1GB total | delta_size=4515 full_size=79010464
R1 [P2] iter 186: PRE-JOIN GPU mem: 83.8GB free / 85.1GB total | delta_size=4591 full_size=78991493
R0 [P2] iter 186: join done, raw=4449 result_size=4448
R1 [P2] iter 186: join done, raw=4507 result_size=4506
R0 [P2] iter 186: split done, delta_size=4439
R1 [P2] iter 186: split done, delta_size=4515
R0 [P2] iter 186: dedup done, delta_size=4439
R1 [P2] iter 186: dedup done, delta_size=4515
R0 [P2] iter 186: subtract done, delta_size=4420
R1 [P2] iter 186: subtract done, delta_size=4491
R0 [P2] iter 186: merge done, full_size=79014884
R0 [P2] iter 187 done: global_full_size=158010868
R1 [P2] iter 186: merge done, full_size=78995984
R1 [P2] iter 187 done: global_full_size=158010868
R0 [P2] iter 187: PRE-JOIN GPU mem: 83.8GB free / 85.1GB total | delta_size=4420 full_size=79014884
R1 [P2] iter 187: PRE-JOIN GPU mem: 83.8GB free / 85.1GB total | delta_size=4491 full_size=78995984
R0 [P2] iter 187: join done, raw=4350 result_size=4349
R1 [P2] iter 187: join done, raw=4399 result_size=4398
R0 [P2] iter 187: split done, delta_size=4336
R1 [P2] iter 187: split done, delta_size=4411
R0 [P2] iter 187: dedup done, delta_size=4336
R1 [P2] iter 187: dedup done, delta_size=4411
R0 [P2] iter 187: subtract done, delta_size=4318
R1 [P2] iter 187: subtract done, delta_size=4387
R0 [P2] iter 187: merge done, full_size=79019202
R0 [P2] iter 188 done: global_full_size=158019573
R1 [P2] iter 187: merge done, full_size=79000371
R1 [P2] iter 188 done: global_full_size=158019573
R0 [P2] iter 188: PRE-JOIN GPU mem: 83.8GB free / 85.1GB total | delta_size=4318 full_size=79019202
R1 [P2] iter 188: PRE-JOIN GPU mem: 83.8GB free / 85.1GB total | delta_size=4387 full_size=79000371
R0 [P2] iter 188: join done, raw=4253 result_size=4252
R1 [P2] iter 188: join done, raw=4291 result_size=4290
R0 [P2] iter 188: split done, delta_size=4231
R1 [P2] iter 188: split done, delta_size=4311
R0 [P2] iter 188: dedup done, delta_size=4231
R1 [P2] iter 188: dedup done, delta_size=4311
R1 [P2] iter 188: subtract done, delta_size=4287
R0 [P2] iter 188: subtract done, delta_size=4214
R0 [P2] iter 188: merge done, full_size=79023416
R0 [P2] iter 189 done: global_full_size=158028074
R1 [P2] iter 188: merge done, full_size=79004658
R1 [P2] iter 189 done: global_full_size=158028074
R0 [P2] iter 189: PRE-JOIN GPU mem: 83.8GB free / 85.1GB total | delta_size=4214 full_size=79023416
R1 [P2] iter 189: PRE-JOIN GPU mem: 83.8GB free / 85.1GB total | delta_size=4287 full_size=79004658
R0 [P2] iter 189: join done, raw=4146 result_size=4145
R1 [P2] iter 189: join done, raw=4198 result_size=4197
R0 [P2] iter 189: split done, delta_size=4126
R1 [P2] iter 189: split done, delta_size=4216
R0 [P2] iter 189: dedup done, delta_size=4126
R1 [P2] iter 189: dedup done, delta_size=4216
R0 [P2] iter 189: subtract done, delta_size=4110
R1 [P2] iter 189: subtract done, delta_size=4193
R1 [P2] iter 189: merge done, full_size=79008851
R0 [P2] iter 189: merge done, full_size=79027526
R0 [P2] iter 190 done: global_full_size=158036377
R1 [P2] iter 190 done: global_full_size=158036377
R0 [P2] iter 190: PRE-JOIN GPU mem: 83.8GB free / 85.1GB total | delta_size=4110 full_size=79027526
R1 [P2] iter 190: PRE-JOIN GPU mem: 83.8GB free / 85.1GB total | delta_size=4193 full_size=79008851
R0 [P2] iter 190: join done, raw=4036 result_size=4035
R1 [P2] iter 190: join done, raw=4102 result_size=4102
R0 [P2] iter 190: split done, delta_size=4020
R1 [P2] iter 190: split done, delta_size=4117
R0 [P2] iter 190: dedup done, delta_size=4020
R1 [P2] iter 190: dedup done, delta_size=4117
R0 [P2] iter 190: subtract done, delta_size=4004
R1 [P2] iter 190: subtract done, delta_size=4094
R0 [P2] iter 190: merge done, full_size=79031530
R0 [P2] iter 191 done: global_full_size=158044475
R1 [P2] iter 190: merge done, full_size=79012945
R1 [P2] iter 191 done: global_full_size=158044475
R0 [P2] iter 191: PRE-JOIN GPU mem: 83.8GB free / 85.1GB total | delta_size=4004 full_size=79031530
R1 [P2] iter 191: PRE-JOIN GPU mem: 83.8GB free / 85.1GB total | delta_size=4094 full_size=79012945
R0 [P2] iter 191: join done, raw=3937 result_size=3936
R1 [P2] iter 191: join done, raw=4003 result_size=4003
R0 [P2] iter 191: split done, delta_size=3917
R1 [P2] iter 191: split done, delta_size=4022
R0 [P2] iter 191: dedup done, delta_size=3917
R1 [P2] iter 191: dedup done, delta_size=4022
R0 [P2] iter 191: subtract done, delta_size=3901
R1 [P2] iter 191: subtract done, delta_size=3999
R1 [P2] iter 191: merge done, full_size=79016944
R0 [P2] iter 191: merge done, full_size=79035431
R0 [P2] iter 192 done: global_full_size=158052375
R1 [P2] iter 192 done: global_full_size=158052375
R0 [P2] iter 192: PRE-JOIN GPU mem: 83.8GB free / 85.1GB total | delta_size=3901 full_size=79035431
R1 [P2] iter 192: PRE-JOIN GPU mem: 83.8GB free / 85.1GB total | delta_size=3999 full_size=79016944
R0 [P2] iter 192: join done, raw=3843 result_size=3842
R1 [P2] iter 192: join done, raw=3909 result_size=3909
R0 [P2] iter 192: split done, delta_size=3830
R1 [P2] iter 192: split done, delta_size=3921
R0 [P2] iter 192: dedup done, delta_size=3830
R1 [P2] iter 192: dedup done, delta_size=3921
R0 [P2] iter 192: subtract done, delta_size=3814
R1 [P2] iter 192: subtract done, delta_size=3900
R1 [P2] iter 192: merge done, full_size=79020844
R0 [P2] iter 192: merge done, full_size=79039245
R0 [P2] iter 193 done: global_full_size=158060089
R1 [P2] iter 193 done: global_full_size=158060089
R0 [P2] iter 193: PRE-JOIN GPU mem: 83.8GB free / 85.1GB total | delta_size=3814 full_size=79039245
R1 [P2] iter 193: PRE-JOIN GPU mem: 83.8GB free / 85.1GB total | delta_size=3900 full_size=79020844
R0 [P2] iter 193: join done, raw=3759 result_size=3758
R1 [P2] iter 193: join done, raw=3811 result_size=3811
R0 [P2] iter 193: split done, delta_size=3743
R1 [P2] iter 193: split done, delta_size=3826
R0 [P2] iter 193: dedup done, delta_size=3743
R1 [P2] iter 193: dedup done, delta_size=3826
R0 [P2] iter 193: subtract done, delta_size=3728
R1 [P2] iter 193: subtract done, delta_size=3807
R0 [P2] iter 193: merge done, full_size=79042973
R0 [P2] iter 194 done: global_full_size=158067624
R1 [P2] iter 193: merge done, full_size=79024651
R1 [P2] iter 194 done: global_full_size=158067624
R0 [P2] iter 194: PRE-JOIN GPU mem: 83.8GB free / 85.1GB total | delta_size=3728 full_size=79042973
R1 [P2] iter 194: PRE-JOIN GPU mem: 83.8GB free / 85.1GB total | delta_size=3807 full_size=79024651
R0 [P2] iter 194: join done, raw=3672 result_size=3671
R1 [P2] iter 194: join done, raw=3721 result_size=3721
R0 [P2] iter 194: split done, delta_size=3660
R1 [P2] iter 194: split done, delta_size=3732
R0 [P2] iter 194: dedup done, delta_size=3660
R1 [P2] iter 194: dedup done, delta_size=3732
R0 [P2] iter 194: subtract done, delta_size=3645
R1 [P2] iter 194: subtract done, delta_size=3713
R1 [P2] iter 194: merge done, full_size=79028364
R0 [P2] iter 194: merge done, full_size=79046618
R0 [P2] iter 195 done: global_full_size=158074982
R1 [P2] iter 195 done: global_full_size=158074982
R0 [P2] iter 195: PRE-JOIN GPU mem: 83.8GB free / 85.1GB total | delta_size=3645 full_size=79046618
R1 [P2] iter 195: PRE-JOIN GPU mem: 83.8GB free / 85.1GB total | delta_size=3713 full_size=79028364
R0 [P2] iter 195: join done, raw=3587 result_size=3586
R1 [P2] iter 195: join done, raw=3632 result_size=3632
R0 [P2] iter 195: split done, delta_size=3572
R1 [P2] iter 195: split done, delta_size=3646
R0 [P2] iter 195: dedup done, delta_size=3572
R1 [P2] iter 195: dedup done, delta_size=3646
R0 [P2] iter 195: subtract done, delta_size=3558
R1 [P2] iter 195: subtract done, delta_size=3628
R0 [P2] iter 195: merge done, full_size=79050176
R0 [P2] iter 196 done: global_full_size=158082168
R1 [P2] iter 195: merge done, full_size=79031992
R1 [P2] iter 196 done: global_full_size=158082168
R0 [P2] iter 196: PRE-JOIN GPU mem: 83.8GB free / 85.1GB total | delta_size=3558 full_size=79050176
R1 [P2] iter 196: PRE-JOIN GPU mem: 83.8GB free / 85.1GB total | delta_size=3628 full_size=79031992
R0 [P2] iter 196: join done, raw=3503 result_size=3502
R1 [P2] iter 196: join done, raw=3555 result_size=3555
R0 [P2] iter 196: split done, delta_size=3490
R1 [P2] iter 196: split done, delta_size=3567
R0 [P2] iter 196: dedup done, delta_size=3490
R1 [P2] iter 196: dedup done, delta_size=3567
R0 [P2] iter 196: subtract done, delta_size=3476
R1 [P2] iter 196: subtract done, delta_size=3549
R1 [P2] iter 196: merge done, full_size=79035541
R0 [P2] iter 196: merge done, full_size=79053652
R0 [P2] iter 197 done: global_full_size=158089193
R1 [P2] iter 197 done: global_full_size=158089193
R0 [P2] iter 197: PRE-JOIN GPU mem: 83.8GB free / 85.1GB total | delta_size=3476 full_size=79053652
R1 [P2] iter 197: PRE-JOIN GPU mem: 83.8GB free / 85.1GB total | delta_size=3549 full_size=79035541
R0 [P2] iter 197: join done, raw=3416 result_size=3415
R1 [P2] iter 197: join done, raw=3477 result_size=3477
R0 [P2] iter 197: split done, delta_size=3413
R1 [P2] iter 197: split done, delta_size=3479
R0 [P2] iter 197: dedup done, delta_size=3413
R1 [P2] iter 197: dedup done, delta_size=3479
R0 [P2] iter 197: subtract done, delta_size=3400
R1 [P2] iter 197: subtract done, delta_size=3462
R0 [P2] iter 197: merge done, full_size=79057052
R0 [P2] iter 198 done: global_full_size=158096055
R1 [P2] iter 197: merge done, full_size=79039003
R1 [P2] iter 198 done: global_full_size=158096055
R0 [P2] iter 198: PRE-JOIN GPU mem: 83.8GB free / 85.1GB total | delta_size=3400 full_size=79057052
R1 [P2] iter 198: PRE-JOIN GPU mem: 83.8GB free / 85.1GB total | delta_size=3462 full_size=79039003
R0 [P2] iter 198: join done, raw=3339 result_size=3338
R1 [P2] iter 198: join done, raw=3397 result_size=3397
R0 [P2] iter 198: split done, delta_size=3342
R1 [P2] iter 198: split done, delta_size=3393
R0 [P2] iter 198: dedup done, delta_size=3342
R1 [P2] iter 198: dedup done, delta_size=3393
R0 [P2] iter 198: subtract done, delta_size=3329
R1 [P2] iter 198: subtract done, delta_size=3381
R0 [P2] iter 198: merge done, full_size=79060381
R0 [P2] iter 199 done: global_full_size=158102765
R1 [P2] iter 198: merge done, full_size=79042384
R1 [P2] iter 199 done: global_full_size=158102765
R0 [P2] iter 199: PRE-JOIN GPU mem: 83.8GB free / 85.1GB total | delta_size=3329 full_size=79060381
R1 [P2] iter 199: PRE-JOIN GPU mem: 83.8GB free / 85.1GB total | delta_size=3381 full_size=79042384
R0 [P2] iter 199: join done, raw=3273 result_size=3272
R1 [P2] iter 199: join done, raw=3319 result_size=3319
R0 [P2] iter 199: split done, delta_size=3271
R1 [P2] iter 199: split done, delta_size=3320
R0 [P2] iter 199: dedup done, delta_size=3271
R1 [P2] iter 199: dedup done, delta_size=3320
R0 [P2] iter 199: subtract done, delta_size=3258
R1 [P2] iter 199: subtract done, delta_size=3308
R1 [P2] iter 199: merge done, full_size=79045692
R0 [P2] iter 199: merge done, full_size=79063639
R0 [P2] iter 200 done: global_full_size=158109331
R1 [P2] iter 200 done: global_full_size=158109331
R0 [P2] iter 200: PRE-JOIN GPU mem: 83.8GB free / 85.1GB total | delta_size=3258 full_size=79063639
R1 [P2] iter 200: PRE-JOIN GPU mem: 83.8GB free / 85.1GB total | delta_size=3308 full_size=79045692
R0 [P2] iter 200: join done, raw=3202 result_size=3201
R1 [P2] iter 200: join done, raw=3248 result_size=3248
R0 [P2] iter 200: split done, delta_size=3201
R1 [P2] iter 200: split done, delta_size=3248
R0 [P2] iter 200: dedup done, delta_size=3201
R1 [P2] iter 200: dedup done, delta_size=3248
R0 [P2] iter 200: subtract done, delta_size=3189
R1 [P2] iter 200: subtract done, delta_size=3236
R0 [P2] iter 200: merge done, full_size=79066828
R0 [P2] iter 201 done: global_full_size=158115756
R1 [P2] iter 200: merge done, full_size=79048928
R1 [P2] iter 201 done: global_full_size=158115756
R0 [P2] iter 201: PRE-JOIN GPU mem: 83.8GB free / 85.1GB total | delta_size=3189 full_size=79066828
R1 [P2] iter 201: PRE-JOIN GPU mem: 83.8GB free / 85.1GB total | delta_size=3236 full_size=79048928
R0 [P2] iter 201: join done, raw=3139 result_size=3138
R1 [P2] iter 201: join done, raw=3177 result_size=3177
R0 [P2] iter 201: split done, delta_size=3132
R1 [P2] iter 201: split done, delta_size=3183
R0 [P2] iter 201: dedup done, delta_size=3132
R1 [P2] iter 201: dedup done, delta_size=3183
R0 [P2] iter 201: subtract done, delta_size=3120
R1 [P2] iter 201: subtract done, delta_size=3172
R1 [P2] iter 201: merge done, full_size=79052100
R0 [P2] iter 201: merge done, full_size=79069948
R0 [P2] iter 202 done: global_full_size=158122048
R1 [P2] iter 202 done: global_full_size=158122048
R0 [P2] iter 202: PRE-JOIN GPU mem: 83.8GB free / 85.1GB total | delta_size=3120 full_size=79069948
R1 [P2] iter 202: PRE-JOIN GPU mem: 83.8GB free / 85.1GB total | delta_size=3172 full_size=79052100
R0 [P2] iter 202: join done, raw=3067 result_size=3066
R1 [P2] iter 202: join done, raw=3114 result_size=3114
R0 [P2] iter 202: split done, delta_size=3071
R1 [P2] iter 202: split done, delta_size=3109
R0 [P2] iter 202: dedup done, delta_size=3071
R1 [P2] iter 202: dedup done, delta_size=3109
R0 [P2] iter 202: subtract done, delta_size=3059
R1 [P2] iter 202: subtract done, delta_size=3098
R0 [P2] iter 202: merge done, full_size=79073007
R0 [P2] iter 203 done: global_full_size=158128205
R1 [P2] iter 202: merge done, full_size=79055198
R1 [P2] iter 203 done: global_full_size=158128205
R0 [P2] iter 203: PRE-JOIN GPU mem: 83.8GB free / 85.1GB total | delta_size=3059 full_size=79073007
R1 [P2] iter 203: PRE-JOIN GPU mem: 83.8GB free / 85.1GB total | delta_size=3098 full_size=79055198
R0 [P2] iter 203: join done, raw=3003 result_size=3002
R1 [P2] iter 203: join done, raw=3044 result_size=3044
R0 [P2] iter 203: split done, delta_size=2999
R1 [P2] iter 203: split done, delta_size=3047
R0 [P2] iter 203: dedup done, delta_size=2999
R1 [P2] iter 203: dedup done, delta_size=3047
R0 [P2] iter 203: subtract done, delta_size=2987
R1 [P2] iter 203: subtract done, delta_size=3036
R0 [P2] iter 203: merge done, full_size=79075994
R1 [P2] iter 203: merge done, full_size=79058234
R1 [P2] iter 204 done: global_full_size=158134228
R0 [P2] iter 204 done: global_full_size=158134228
R1 [P2] iter 204: PRE-JOIN GPU mem: 83.8GB free / 85.1GB total | delta_size=3036 full_size=79058234
R0 [P2] iter 204: PRE-JOIN GPU mem: 83.8GB free / 85.1GB total | delta_size=2987 full_size=79075994
R1 [P2] iter 204: join done, raw=2981 result_size=2981
R0 [P2] iter 204: join done, raw=2936 result_size=2935
R0 [P2] iter 204: split done, delta_size=2933
R1 [P2] iter 204: split done, delta_size=2983
R0 [P2] iter 204: dedup done, delta_size=2933
R1 [P2] iter 204: dedup done, delta_size=2983
R0 [P2] iter 204: subtract done, delta_size=2922
R1 [P2] iter 204: subtract done, delta_size=2973
R0 [P2] iter 204: merge done, full_size=79078916
R0 [P2] iter 205 done: global_full_size=158140123
R1 [P2] iter 204: merge done, full_size=79061207
R1 [P2] iter 205 done: global_full_size=158140123
R0 [P2] iter 205: PRE-JOIN GPU mem: 83.8GB free / 85.1GB total | delta_size=2922 full_size=79078916
R1 [P2] iter 205: PRE-JOIN GPU mem: 83.8GB free / 85.1GB total | delta_size=2973 full_size=79061207
R0 [P2] iter 205: join done, raw=2876 result_size=2875
R1 [P2] iter 205: join done, raw=2916 result_size=2916
R0 [P2] iter 205: split done, delta_size=2869
R1 [P2] iter 205: split done, delta_size=2922
R0 [P2] iter 205: dedup done, delta_size=2869
R1 [P2] iter 205: dedup done, delta_size=2922
R0 [P2] iter 205: subtract done, delta_size=2858
R1 [P2] iter 205: subtract done, delta_size=2912
R0 [P2] iter 205: merge done, full_size=79081774
R0 [P2] iter 206 done: global_full_size=158145893
R1 [P2] iter 205: merge done, full_size=79064119
R1 [P2] iter 206 done: global_full_size=158145893
R0 [P2] iter 206: PRE-JOIN GPU mem: 83.8GB free / 85.1GB total | delta_size=2858 full_size=79081774
R1 [P2] iter 206: PRE-JOIN GPU mem: 83.8GB free / 85.1GB total | delta_size=2912 full_size=79064119
R0 [P2] iter 206: join done, raw=2816 result_size=2815
R1 [P2] iter 206: join done, raw=2851 result_size=2851
R0 [P2] iter 206: split done, delta_size=2798
R1 [P2] iter 206: split done, delta_size=2868
R0 [P2] iter 206: dedup done, delta_size=2798
R1 [P2] iter 206: dedup done, delta_size=2868
R0 [P2] iter 206: subtract done, delta_size=2788
R1 [P2] iter 206: subtract done, delta_size=2858
R1 [P2] iter 206: merge done, full_size=79066977
R0 [P2] iter 206: merge done, full_size=79084562
R0 [P2] iter 207 done: global_full_size=158151539
R1 [P2] iter 207 done: global_full_size=158151539
R0 [P2] iter 207: PRE-JOIN GPU mem: 83.8GB free / 85.1GB total | delta_size=2788 full_size=79084562
R1 [P2] iter 207: PRE-JOIN GPU mem: 83.8GB free / 85.1GB total | delta_size=2858 full_size=79066977
R0 [P2] iter 207: join done, raw=2747 result_size=2746
R1 [P2] iter 207: join done, raw=2800 result_size=2800
R0 [P2] iter 207: split done, delta_size=2739
R1 [P2] iter 207: split done, delta_size=2807
R0 [P2] iter 207: dedup done, delta_size=2739
R1 [P2] iter 207: dedup done, delta_size=2807
R0 [P2] iter 207: subtract done, delta_size=2730
R1 [P2] iter 207: subtract done, delta_size=2797
R0 [P2] iter 207: merge done, full_size=79087292
R0 [P2] iter 208 done: global_full_size=158157066
R1 [P2] iter 207: merge done, full_size=79069774
R1 [P2] iter 208 done: global_full_size=158157066
R0 [P2] iter 208: PRE-JOIN GPU mem: 83.8GB free / 85.1GB total | delta_size=2730 full_size=79087292
R1 [P2] iter 208: PRE-JOIN GPU mem: 83.8GB free / 85.1GB total | delta_size=2797 full_size=79069774
R0 [P2] iter 208: join done, raw=2691 result_size=2690
R1 [P2] iter 208: join done, raw=2742 result_size=2742
R0 [P2] iter 208: split done, delta_size=2677
R1 [P2] iter 208: split done, delta_size=2755
R0 [P2] iter 208: dedup done, delta_size=2677
R1 [P2] iter 208: dedup done, delta_size=2755
R0 [P2] iter 208: subtract done, delta_size=2668
R1 [P2] iter 208: subtract done, delta_size=2745
R0 [P2] iter 208: merge done, full_size=79089960
R0 [P2] iter 209 done: global_full_size=158162479
R1 [P2] iter 208: merge done, full_size=79072519
R1 [P2] iter 209 done: global_full_size=158162479
R0 [P2] iter 209: PRE-JOIN GPU mem: 83.8GB free / 85.1GB total | delta_size=2668 full_size=79089960
R1 [P2] iter 209: PRE-JOIN GPU mem: 83.8GB free / 85.1GB total | delta_size=2745 full_size=79072519
R0 [P2] iter 209: join done, raw=2627 result_size=2626
R1 [P2] iter 209: join done, raw=2689 result_size=2689
R0 [P2] iter 209: split done, delta_size=2623
R1 [P2] iter 209: split done, delta_size=2692
R0 [P2] iter 209: dedup done, delta_size=2623
R1 [P2] iter 209: dedup done, delta_size=2692
R0 [P2] iter 209: subtract done, delta_size=2614
R1 [P2] iter 209: subtract done, delta_size=2682
R0 [P2] iter 209: merge done, full_size=79092574
R0 [P2] iter 210 done: global_full_size=158167775
R1 [P2] iter 209: merge done, full_size=79075201
R1 [P2] iter 210 done: global_full_size=158167775
R0 [P2] iter 210: PRE-JOIN GPU mem: 83.8GB free / 85.1GB total | delta_size=2614 full_size=79092574
R1 [P2] iter 210: PRE-JOIN GPU mem: 83.8GB free / 85.1GB total | delta_size=2682 full_size=79075201
R0 [P2] iter 210: join done, raw=2578 result_size=2577
R1 [P2] iter 210: join done, raw=2626 result_size=2626
R0 [P2] iter 210: split done, delta_size=2564
R1 [P2] iter 210: split done, delta_size=2639
R0 [P2] iter 210: dedup done, delta_size=2564
R1 [P2] iter 210: dedup done, delta_size=2639
R0 [P2] iter 210: subtract done, delta_size=2555
R1 [P2] iter 210: subtract done, delta_size=2629
R0 [P2] iter 210: merge done, full_size=79095129
R0 [P2] iter 211 done: global_full_size=158172959
R1 [P2] iter 210: merge done, full_size=79077830
R1 [P2] iter 211 done: global_full_size=158172959
R0 [P2] iter 211: PRE-JOIN GPU mem: 83.8GB free / 85.1GB total | delta_size=2555 full_size=79095129
R1 [P2] iter 211: PRE-JOIN GPU mem: 83.8GB free / 85.1GB total | delta_size=2629 full_size=79077830
R0 [P2] iter 211: join done, raw=2516 result_size=2515
R1 [P2] iter 211: join done, raw=2578 result_size=2578
R0 [P2] iter 211: split done, delta_size=2509
R1 [P2] iter 211: split done, delta_size=2584
R0 [P2] iter 211: dedup done, delta_size=2509
R1 [P2] iter 211: dedup done, delta_size=2584
R0 [P2] iter 211: subtract done, delta_size=2500
R1 [P2] iter 211: subtract done, delta_size=2575
R0 [P2] iter 211: merge done, full_size=79097629
R0 [P2] iter 212 done: global_full_size=158178034
R1 [P2] iter 211: merge done, full_size=79080405
R1 [P2] iter 212 done: global_full_size=158178034
R0 [P2] iter 212: PRE-JOIN GPU mem: 83.8GB free / 85.1GB total | delta_size=2500 full_size=79097629
R1 [P2] iter 212: PRE-JOIN GPU mem: 83.8GB free / 85.1GB total | delta_size=2575 full_size=79080405
R0 [P2] iter 212: join done, raw=2456 result_size=2455
R1 [P2] iter 212: join done, raw=2527 result_size=2527
R0 [P2] iter 212: split done, delta_size=2455
R1 [P2] iter 212: split done, delta_size=2527
R0 [P2] iter 212: dedup done, delta_size=2455
R1 [P2] iter 212: dedup done, delta_size=2527
R0 [P2] iter 212: subtract done, delta_size=2447
R1 [P2] iter 212: subtract done, delta_size=2518
R0 [P2] iter 212: merge done, full_size=79100076
R0 [P2] iter 213 done: global_full_size=158182999
R1 [P2] iter 212: merge done, full_size=79082923
R1 [P2] iter 213 done: global_full_size=158182999
R0 [P2] iter 213: PRE-JOIN GPU mem: 83.8GB free / 85.1GB total | delta_size=2447 full_size=79100076
R1 [P2] iter 213: PRE-JOIN GPU mem: 83.8GB free / 85.1GB total | delta_size=2518 full_size=79082923
R0 [P2] iter 213: join done, raw=2405 result_size=2404
R1 [P2] iter 213: join done, raw=2470 result_size=2470
R0 [P2] iter 213: split done, delta_size=2406
R1 [P2] iter 213: split done, delta_size=2468
R0 [P2] iter 213: dedup done, delta_size=2406
R1 [P2] iter 213: dedup done, delta_size=2468
R0 [P2] iter 213: subtract done, delta_size=2398
R1 [P2] iter 213: subtract done, delta_size=2459
R0 [P2] iter 213: merge done, full_size=79102474
R0 [P2] iter 214 done: global_full_size=158187856
R1 [P2] iter 213: merge done, full_size=79085382
R1 [P2] iter 214 done: global_full_size=158187856
R0 [P2] iter 214: PRE-JOIN GPU mem: 83.8GB free / 85.1GB total | delta_size=2398 full_size=79102474
R1 [P2] iter 214: PRE-JOIN GPU mem: 83.8GB free / 85.1GB total | delta_size=2459 full_size=79085382
R0 [P2] iter 214: join done, raw=2359 result_size=2358
R1 [P2] iter 214: join done, raw=2413 result_size=2413
R0 [P2] iter 214: split done, delta_size=2356
R1 [P2] iter 214: split done, delta_size=2415
R0 [P2] iter 214: dedup done, delta_size=2356
R1 [P2] iter 214: dedup done, delta_size=2415
R0 [P2] iter 214: subtract done, delta_size=2348
R1 [P2] iter 214: subtract done, delta_size=2406
R0 [P2] iter 214: merge done, full_size=79104822
R0 [P2] iter 215 done: global_full_size=158192610
R1 [P2] iter 214: merge done, full_size=79087788
R1 [P2] iter 215 done: global_full_size=158192610
R0 [P2] iter 215: PRE-JOIN GPU mem: 83.8GB free / 85.1GB total | delta_size=2348 full_size=79104822
R1 [P2] iter 215: PRE-JOIN GPU mem: 83.8GB free / 85.1GB total | delta_size=2406 full_size=79087788
R0 [P2] iter 215: join done, raw=2313 result_size=2312
R1 [P2] iter 215: join done, raw=2362 result_size=2362
R0 [P2] iter 215: split done, delta_size=2311
R1 [P2] iter 215: split done, delta_size=2363
R0 [P2] iter 215: dedup done, delta_size=2311
R1 [P2] iter 215: dedup done, delta_size=2363
R0 [P2] iter 215: subtract done, delta_size=2303
R1 [P2] iter 215: subtract done, delta_size=2354
R1 [P2] iter 215: merge done, full_size=79090142
R0 [P2] iter 215: merge done, full_size=79107125
R0 [P2] iter 216 done: global_full_size=158197267
R1 [P2] iter 216 done: global_full_size=158197267
R0 [P2] iter 216: PRE-JOIN GPU mem: 83.8GB free / 85.1GB total | delta_size=2303 full_size=79107125
R1 [P2] iter 216: PRE-JOIN GPU mem: 83.8GB free / 85.1GB total | delta_size=2354 full_size=79090142
R0 [P2] iter 216: join done, raw=2274 result_size=2273
R1 [P2] iter 216: join done, raw=2311 result_size=2311
R0 [P2] iter 216: split done, delta_size=2274
R1 [P2] iter 216: split done, delta_size=2310
R0 [P2] iter 216: dedup done, delta_size=2274
R1 [P2] iter 216: dedup done, delta_size=2310
R0 [P2] iter 216: subtract done, delta_size=2267
R1 [P2] iter 216: subtract done, delta_size=2301
R0 [P2] iter 216: merge done, full_size=79109392
R0 [P2] iter 217 done: global_full_size=158201835
R1 [P2] iter 216: merge done, full_size=79092443
R1 [P2] iter 217 done: global_full_size=158201835
R0 [P2] iter 217: PRE-JOIN GPU mem: 83.8GB free / 85.1GB total | delta_size=2267 full_size=79109392
R1 [P2] iter 217: PRE-JOIN GPU mem: 83.8GB free / 85.1GB total | delta_size=2301 full_size=79092443
R0 [P2] iter 217: join done, raw=2235 result_size=2234
R1 [P2] iter 217: join done, raw=2261 result_size=2261
R0 [P2] iter 217: split done, delta_size=2236
R1 [P2] iter 217: split done, delta_size=2259
R0 [P2] iter 217: dedup done, delta_size=2236
R1 [P2] iter 217: dedup done, delta_size=2259
R0 [P2] iter 217: subtract done, delta_size=2229
R1 [P2] iter 217: subtract done, delta_size=2250
R1 [P2] iter 217: merge done, full_size=79094693
R0 [P2] iter 217: merge done, full_size=79111621
R0 [P2] iter 218 done: global_full_size=158206314
R1 [P2] iter 218 done: global_full_size=158206314
R0 [P2] iter 218: PRE-JOIN GPU mem: 83.8GB free / 85.1GB total | delta_size=2229 full_size=79111621
R1 [P2] iter 218: PRE-JOIN GPU mem: 83.8GB free / 85.1GB total | delta_size=2250 full_size=79094693
R0 [P2] iter 218: join done, raw=2196 result_size=2195
R1 [P2] iter 218: join done, raw=2213 result_size=2213
R0 [P2] iter 218: split done, delta_size=2191
R1 [P2] iter 218: split done, delta_size=2217
R0 [P2] iter 218: dedup done, delta_size=2191
R1 [P2] iter 218: dedup done, delta_size=2217
R0 [P2] iter 218: subtract done, delta_size=2184
R1 [P2] iter 218: subtract done, delta_size=2209
R1 [P2] iter 218: merge done, full_size=79096902
R0 [P2] iter 218: merge done, full_size=79113805
R0 [P2] iter 219 done: global_full_size=158210707
R1 [P2] iter 219 done: global_full_size=158210707
R0 [P2] iter 219: PRE-JOIN GPU mem: 83.8GB free / 85.1GB total | delta_size=2184 full_size=79113805
R1 [P2] iter 219: PRE-JOIN GPU mem: 83.8GB free / 85.1GB total | delta_size=2209 full_size=79096902
R0 [P2] iter 219: join done, raw=2149 result_size=2148
R1 [P2] iter 219: join done, raw=2175 result_size=2175
R0 [P2] iter 219: split done, delta_size=2146
R1 [P2] iter 219: split done, delta_size=2177
R0 [P2] iter 219: dedup done, delta_size=2146
R1 [P2] iter 219: dedup done, delta_size=2177
R0 [P2] iter 219: subtract done, delta_size=2139
R1 [P2] iter 219: subtract done, delta_size=2171
R1 [P2] iter 219: merge done, full_size=79099073
R0 [P2] iter 219: merge done, full_size=79115944
R0 [P2] iter 220 done: global_full_size=158215017
R1 [P2] iter 220 done: global_full_size=158215017
R0 [P2] iter 220: PRE-JOIN GPU mem: 83.8GB free / 85.1GB total | delta_size=2139 full_size=79115944
R1 [P2] iter 220: PRE-JOIN GPU mem: 83.8GB free / 85.1GB total | delta_size=2171 full_size=79099073
R0 [P2] iter 220: join done, raw=2104 result_size=2103
R1 [P2] iter 220: join done, raw=2133 result_size=2133
R0 [P2] iter 220: split done, delta_size=2102
R1 [P2] iter 220: split done, delta_size=2134
R0 [P2] iter 220: dedup done, delta_size=2102
R1 [P2] iter 220: dedup done, delta_size=2134
R1 [P2] iter 220: subtract done, delta_size=2128
R0 [P2] iter 220: subtract done, delta_size=2095
R1 [P2] iter 220: merge done, full_size=79101201
R0 [P2] iter 220: merge done, full_size=79118039
R0 [P2] iter 221 done: global_full_size=158219240
R1 [P2] iter 221 done: global_full_size=158219240
R0 [P2] iter 221: PRE-JOIN GPU mem: 83.8GB free / 85.1GB total | delta_size=2095 full_size=79118039
R1 [P2] iter 221: PRE-JOIN GPU mem: 83.8GB free / 85.1GB total | delta_size=2128 full_size=79101201
R0 [P2] iter 221: join done, raw=2061 result_size=2060
R1 [P2] iter 221: join done, raw=2093 result_size=2093
R0 [P2] iter 221: split done, delta_size=2062
R1 [P2] iter 221: split done, delta_size=2091
R0 [P2] iter 221: dedup done, delta_size=2062
R1 [P2] iter 221: dedup done, delta_size=2091
R0 [P2] iter 221: subtract done, delta_size=2055
R1 [P2] iter 221: subtract done, delta_size=2085
R1 [P2] iter 221: merge done, full_size=79103286
R0 [P2] iter 221: merge done, full_size=79120094
R0 [P2] iter 222 done: global_full_size=158223380
R1 [P2] iter 222 done: global_full_size=158223380
R0 [P2] iter 222: PRE-JOIN GPU mem: 83.8GB free / 85.1GB total | delta_size=2055 full_size=79120094
R1 [P2] iter 222: PRE-JOIN GPU mem: 83.8GB free / 85.1GB total | delta_size=2085 full_size=79103286
R0 [P2] iter 222: join done, raw=2021 result_size=2020
R1 [P2] iter 222: join done, raw=2050 result_size=2050
R0 [P2] iter 222: split done, delta_size=2021
R1 [P2] iter 222: split done, delta_size=2049
R0 [P2] iter 222: dedup done, delta_size=2021
R1 [P2] iter 222: dedup done, delta_size=2049
R0 [P2] iter 222: subtract done, delta_size=2014
R1 [P2] iter 222: subtract done, delta_size=2043
R0 [P2] iter 222: merge done, full_size=79122108
R0 [P2] iter 223 done: global_full_size=158227437
R1 [P2] iter 222: merge done, full_size=79105329
R1 [P2] iter 223 done: global_full_size=158227437
R0 [P2] iter 223: PRE-JOIN GPU mem: 83.8GB free / 85.1GB total | delta_size=2014 full_size=79122108
R1 [P2] iter 223: PRE-JOIN GPU mem: 83.8GB free / 85.1GB total | delta_size=2043 full_size=79105329
R0 [P2] iter 223: join done, raw=1979 result_size=1978
R1 [P2] iter 223: join done, raw=2006 result_size=2006
R0 [P2] iter 223: split done, delta_size=1992
R1 [P2] iter 223: split done, delta_size=1992
R0 [P2] iter 223: dedup done, delta_size=1992
R1 [P2] iter 223: dedup done, delta_size=1992
R0 [P2] iter 223: subtract done, delta_size=1985
R1 [P2] iter 223: subtract done, delta_size=1986
R1 [P2] iter 223: merge done, full_size=79107315
R0 [P2] iter 223: merge done, full_size=79124093
R0 [P2] iter 224 done: global_full_size=158231408
R1 [P2] iter 224 done: global_full_size=158231408
R0 [P2] iter 224: PRE-JOIN GPU mem: 83.8GB free / 85.1GB total | delta_size=1985 full_size=79124093
R1 [P2] iter 224: PRE-JOIN GPU mem: 83.8GB free / 85.1GB total | delta_size=1986 full_size=79107315
R0 [P2] iter 224: join done, raw=1948 result_size=1948
R1 [P2] iter 224: join done, raw=1947 result_size=1947
R0 [P2] iter 224: split done, delta_size=1950
R1 [P2] iter 224: split done, delta_size=1945
R0 [P2] iter 224: dedup done, delta_size=1950
R1 [P2] iter 224: dedup done, delta_size=1945
R0 [P2] iter 224: subtract done, delta_size=1943
R1 [P2] iter 224: subtract done, delta_size=1939
R0 [P2] iter 224: merge done, full_size=79126036
R0 [P2] iter 225 done: global_full_size=158235290
R1 [P2] iter 224: merge done, full_size=79109254
R1 [P2] iter 225 done: global_full_size=158235290
R0 [P2] iter 225: PRE-JOIN GPU mem: 83.8GB free / 85.1GB total | delta_size=1943 full_size=79126036
R1 [P2] iter 225: PRE-JOIN GPU mem: 83.8GB free / 85.1GB total | delta_size=1939 full_size=79109254
R0 [P2] iter 225: join done, raw=1911 result_size=1911
R1 [P2] iter 225: join done, raw=1909 result_size=1909
R0 [P2] iter 225: split done, delta_size=1916
R1 [P2] iter 225: split done, delta_size=1904
R0 [P2] iter 225: dedup done, delta_size=1916
R1 [P2] iter 225: dedup done, delta_size=1904
R0 [P2] iter 225: subtract done, delta_size=1909
R1 [P2] iter 225: subtract done, delta_size=1898
R1 [P2] iter 225: merge done, full_size=79111152
R0 [P2] iter 225: merge done, full_size=79127945
R0 [P2] iter 226 done: global_full_size=158239097
R1 [P2] iter 226 done: global_full_size=158239097
R0 [P2] iter 226: PRE-JOIN GPU mem: 83.8GB free / 85.1GB total | delta_size=1909 full_size=79127945
R1 [P2] iter 226: PRE-JOIN GPU mem: 83.8GB free / 85.1GB total | delta_size=1898 full_size=79111152
R0 [P2] iter 226: join done, raw=1879 result_size=1879
R1 [P2] iter 226: join done, raw=1869 result_size=1869
R0 [P2] iter 226: split done, delta_size=1889
R1 [P2] iter 226: split done, delta_size=1859
R0 [P2] iter 226: dedup done, delta_size=1889
R1 [P2] iter 226: dedup done, delta_size=1859
R0 [P2] iter 226: subtract done, delta_size=1882
R1 [P2] iter 226: subtract done, delta_size=1853
R0 [P2] iter 226: merge done, full_size=79129827
R0 [P2] iter 227 done: global_full_size=158242832
R1 [P2] iter 226: merge done, full_size=79113005
R1 [P2] iter 227 done: global_full_size=158242832
R0 [P2] iter 227: PRE-JOIN GPU mem: 83.8GB free / 85.1GB total | delta_size=1882 full_size=79129827
R1 [P2] iter 227: PRE-JOIN GPU mem: 83.8GB free / 85.1GB total | delta_size=1853 full_size=79113005
R0 [P2] iter 227: join done, raw=1855 result_size=1855
R1 [P2] iter 227: join done, raw=1825 result_size=1825
R0 [P2] iter 227: split done, delta_size=1852
R1 [P2] iter 227: split done, delta_size=1828
R0 [P2] iter 227: dedup done, delta_size=1852
R1 [P2] iter 227: dedup done, delta_size=1828
R0 [P2] iter 227: subtract done, delta_size=1845
R1 [P2] iter 227: subtract done, delta_size=1822
R0 [P2] iter 227: merge done, full_size=79131672
R0 [P2] iter 228 done: global_full_size=158246499
R1 [P2] iter 227: merge done, full_size=79114827
R1 [P2] iter 228 done: global_full_size=158246499
R0 [P2] iter 228: PRE-JOIN GPU mem: 83.8GB free / 85.1GB total | delta_size=1845 full_size=79131672
R1 [P2] iter 228: PRE-JOIN GPU mem: 83.8GB free / 85.1GB total | delta_size=1822 full_size=79114827
R0 [P2] iter 228: join done, raw=1818 result_size=1818
R1 [P2] iter 228: join done, raw=1794 result_size=1794
R0 [P2] iter 228: split done, delta_size=1814
R1 [P2] iter 228: split done, delta_size=1798
R0 [P2] iter 228: dedup done, delta_size=1814
R1 [P2] iter 228: dedup done, delta_size=1798
R0 [P2] iter 228: subtract done, delta_size=1807
R1 [P2] iter 228: subtract done, delta_size=1792
R0 [P2] iter 228: merge done, full_size=79133479
R0 [P2] iter 229 done: global_full_size=158250098
R1 [P2] iter 228: merge done, full_size=79116619
R1 [P2] iter 229 done: global_full_size=158250098
R0 [P2] iter 229: PRE-JOIN GPU mem: 83.8GB free / 85.1GB total | delta_size=1807 full_size=79133479
R1 [P2] iter 229: PRE-JOIN GPU mem: 83.8GB free / 85.1GB total | delta_size=1792 full_size=79116619
R0 [P2] iter 229: join done, raw=1784 result_size=1784
R1 [P2] iter 229: join done, raw=1764 result_size=1764
R0 [P2] iter 229: split done, delta_size=1778
R1 [P2] iter 229: split done, delta_size=1770
R0 [P2] iter 229: dedup done, delta_size=1778
R1 [P2] iter 229: dedup done, delta_size=1770
R0 [P2] iter 229: subtract done, delta_size=1771
R1 [P2] iter 229: subtract done, delta_size=1764
R0 [P2] iter 229: merge done, full_size=79135250
R0 [P2] iter 230 done: global_full_size=158253633
R1 [P2] iter 229: merge done, full_size=79118383
R1 [P2] iter 230 done: global_full_size=158253633
R0 [P2] iter 230: PRE-JOIN GPU mem: 83.8GB free / 85.1GB total | delta_size=1771 full_size=79135250
R1 [P2] iter 230: PRE-JOIN GPU mem: 83.8GB free / 85.1GB total | delta_size=1764 full_size=79118383
R0 [P2] iter 230: join done, raw=1748 result_size=1748
R1 [P2] iter 230: join done, raw=1737 result_size=1737
R0 [P2] iter 230: split done, delta_size=1754
R1 [P2] iter 230: split done, delta_size=1731
R0 [P2] iter 230: dedup done, delta_size=1754
R1 [P2] iter 230: dedup done, delta_size=1731
R0 [P2] iter 230: subtract done, delta_size=1747
R1 [P2] iter 230: subtract done, delta_size=1725
R0 [P2] iter 230: merge done, full_size=79136997
R0 [P2] iter 231 done: global_full_size=158257105
R1 [P2] iter 230: merge done, full_size=79120108
R1 [P2] iter 231 done: global_full_size=158257105
R0 [P2] iter 231: PRE-JOIN GPU mem: 83.8GB free / 85.1GB total | delta_size=1747 full_size=79136997
R1 [P2] iter 231: PRE-JOIN GPU mem: 83.8GB free / 85.1GB total | delta_size=1725 full_size=79120108
R0 [P2] iter 231: join done, raw=1724 result_size=1724
R1 [P2] iter 231: join done, raw=1699 result_size=1699
R0 [P2] iter 231: split done, delta_size=1724
R1 [P2] iter 231: split done, delta_size=1699
R0 [P2] iter 231: dedup done, delta_size=1724
R1 [P2] iter 231: dedup done, delta_size=1699
R0 [P2] iter 231: subtract done, delta_size=1717
R1 [P2] iter 231: subtract done, delta_size=1693
R1 [P2] iter 231: merge done, full_size=79121801
R0 [P2] iter 231: merge done, full_size=79138714
R0 [P2] iter 232 done: global_full_size=158260515
R1 [P2] iter 232 done: global_full_size=158260515
R0 [P2] iter 232: PRE-JOIN GPU mem: 83.8GB free / 85.1GB total | delta_size=1717 full_size=79138714
R1 [P2] iter 232: PRE-JOIN GPU mem: 83.8GB free / 85.1GB total | delta_size=1693 full_size=79121801
R0 [P2] iter 232: join done, raw=1696 result_size=1696
R1 [P2] iter 232: join done, raw=1669 result_size=1669
R0 [P2] iter 232: split done, delta_size=1695
R1 [P2] iter 232: split done, delta_size=1670
R0 [P2] iter 232: dedup done, delta_size=1695
R1 [P2] iter 232: dedup done, delta_size=1670
R0 [P2] iter 232: subtract done, delta_size=1688
R1 [P2] iter 232: subtract done, delta_size=1664
R0 [P2] iter 232: merge done, full_size=79140402
R0 [P2] iter 233 done: global_full_size=158263867
R1 [P2] iter 232: merge done, full_size=79123465
R1 [P2] iter 233 done: global_full_size=158263867
R0 [P2] iter 233: PRE-JOIN GPU mem: 83.8GB free / 85.1GB total | delta_size=1688 full_size=79140402
R1 [P2] iter 233: PRE-JOIN GPU mem: 83.8GB free / 85.1GB total | delta_size=1664 full_size=79123465
R0 [P2] iter 233: join done, raw=1668 result_size=1668
R1 [P2] iter 233: join done, raw=1642 result_size=1642
R0 [P2] iter 233: split done, delta_size=1670
R1 [P2] iter 233: split done, delta_size=1640
R0 [P2] iter 233: dedup done, delta_size=1670
R1 [P2] iter 233: dedup done, delta_size=1640
R0 [P2] iter 233: subtract done, delta_size=1664
R1 [P2] iter 233: subtract done, delta_size=1635
R0 [P2] iter 233: merge done, full_size=79142066
R0 [P2] iter 234 done: global_full_size=158267166
R1 [P2] iter 233: merge done, full_size=79125100
R1 [P2] iter 234 done: global_full_size=158267166
R0 [P2] iter 234: PRE-JOIN GPU mem: 83.8GB free / 85.1GB total | delta_size=1664 full_size=79142066
R1 [P2] iter 234: PRE-JOIN GPU mem: 83.8GB free / 85.1GB total | delta_size=1635 full_size=79125100
R0 [P2] iter 234: join done, raw=1642 result_size=1642
R1 [P2] iter 234: join done, raw=1612 result_size=1612
R0 [P2] iter 234: split done, delta_size=1643
R1 [P2] iter 234: split done, delta_size=1611
R0 [P2] iter 234: dedup done, delta_size=1643
R1 [P2] iter 234: dedup done, delta_size=1611
R0 [P2] iter 234: subtract done, delta_size=1638
R1 [P2] iter 234: subtract done, delta_size=1606
R0 [P2] iter 234: merge done, full_size=79143704
R0 [P2] iter 235 done: global_full_size=158270410
R1 [P2] iter 234: merge done, full_size=79126706
R1 [P2] iter 235 done: global_full_size=158270410
R0 [P2] iter 235: PRE-JOIN GPU mem: 83.8GB free / 85.1GB total | delta_size=1638 full_size=79143704
R1 [P2] iter 235: PRE-JOIN GPU mem: 83.8GB free / 85.1GB total | delta_size=1606 full_size=79126706
R0 [P2] iter 235: join done, raw=1616 result_size=1616
R1 [P2] iter 235: join done, raw=1585 result_size=1585
R0 [P2] iter 235: split done, delta_size=1624
R1 [P2] iter 235: split done, delta_size=1577
R0 [P2] iter 235: dedup done, delta_size=1624
R1 [P2] iter 235: dedup done, delta_size=1577
R0 [P2] iter 235: subtract done, delta_size=1619
R1 [P2] iter 235: subtract done, delta_size=1572
R0 [P2] iter 235: merge done, full_size=79145323
R0 [P2] iter 236 done: global_full_size=158273601
R1 [P2] iter 235: merge done, full_size=79128278
R1 [P2] iter 236 done: global_full_size=158273601
R0 [P2] iter 236: PRE-JOIN GPU mem: 83.8GB free / 85.1GB total | delta_size=1619 full_size=79145323
R1 [P2] iter 236: PRE-JOIN GPU mem: 83.8GB free / 85.1GB total | delta_size=1572 full_size=79128278
R0 [P2] iter 236: join done, raw=1598 result_size=1598
R1 [P2] iter 236: join done, raw=1553 result_size=1553
R0 [P2] iter 236: split done, delta_size=1598
R1 [P2] iter 236: split done, delta_size=1553
R0 [P2] iter 236: dedup done, delta_size=1598
R1 [P2] iter 236: dedup done, delta_size=1553
R0 [P2] iter 236: subtract done, delta_size=1593
R1 [P2] iter 236: subtract done, delta_size=1548
R1 [P2] iter 236: merge done, full_size=79129826
R0 [P2] iter 236: merge done, full_size=79146916
R0 [P2] iter 237 done: global_full_size=158276742
R1 [P2] iter 237 done: global_full_size=158276742
R0 [P2] iter 237: PRE-JOIN GPU mem: 83.8GB free / 85.1GB total | delta_size=1593 full_size=79146916
R1 [P2] iter 237: PRE-JOIN GPU mem: 83.8GB free / 85.1GB total | delta_size=1548 full_size=79129826
R0 [P2] iter 237: join done, raw=1573 result_size=1573
R1 [P2] iter 237: join done, raw=1530 result_size=1530
R0 [P2] iter 237: split done, delta_size=1580
R1 [P2] iter 237: split done, delta_size=1523
R0 [P2] iter 237: dedup done, delta_size=1580
R1 [P2] iter 237: dedup done, delta_size=1523
R0 [P2] iter 237: subtract done, delta_size=1575
R1 [P2] iter 237: subtract done, delta_size=1518
R0 [P2] iter 237: merge done, full_size=79148491
R0 [P2] iter 238 done: global_full_size=158279835
R1 [P2] iter 237: merge done, full_size=79131344
R1 [P2] iter 238 done: global_full_size=158279835
R0 [P2] iter 238: PRE-JOIN GPU mem: 83.8GB free / 85.1GB total | delta_size=1575 full_size=79148491
R1 [P2] iter 238: PRE-JOIN GPU mem: 83.8GB free / 85.1GB total | delta_size=1518 full_size=79131344
R0 [P2] iter 238: join done, raw=1556 result_size=1556
R1 [P2] iter 238: join done, raw=1500 result_size=1500
R0 [P2] iter 238: split done, delta_size=1550
R1 [P2] iter 238: split done, delta_size=1506
R0 [P2] iter 238: dedup done, delta_size=1550
R1 [P2] iter 238: dedup done, delta_size=1506
R0 [P2] iter 238: subtract done, delta_size=1545
R1 [P2] iter 238: subtract done, delta_size=1501
R0 [P2] iter 238: merge done, full_size=79150036
R0 [P2] iter 239 done: global_full_size=158282881
R1 [P2] iter 238: merge done, full_size=79132845
R1 [P2] iter 239 done: global_full_size=158282881
R0 [P2] iter 239: PRE-JOIN GPU mem: 83.8GB free / 85.1GB total | delta_size=1545 full_size=79150036
R1 [P2] iter 239: PRE-JOIN GPU mem: 83.8GB free / 85.1GB total | delta_size=1501 full_size=79132845
R0 [P2] iter 239: join done, raw=1526 result_size=1526
R1 [P2] iter 239: join done, raw=1482 result_size=1482
R0 [P2] iter 239: split done, delta_size=1528
R1 [P2] iter 239: split done, delta_size=1480
R0 [P2] iter 239: dedup done, delta_size=1528
R1 [P2] iter 239: dedup done, delta_size=1480
R0 [P2] iter 239: subtract done, delta_size=1524
R1 [P2] iter 239: subtract done, delta_size=1476
R1 [P2] iter 239: merge done, full_size=79134321
R0 [P2] iter 239: merge done, full_size=79151560
R0 [P2] iter 240 done: global_full_size=158285881
R1 [P2] iter 240 done: global_full_size=158285881
R0 [P2] iter 240: PRE-JOIN GPU mem: 83.8GB free / 85.1GB total | delta_size=1524 full_size=79151560
R1 [P2] iter 240: PRE-JOIN GPU mem: 83.8GB free / 85.1GB total | delta_size=1476 full_size=79134321
R0 [P2] iter 240: join done, raw=1505 result_size=1505
R1 [P2] iter 240: join done, raw=1459 result_size=1459
R0 [P2] iter 240: split done, delta_size=1503
R1 [P2] iter 240: split done, delta_size=1461
R0 [P2] iter 240: dedup done, delta_size=1503
R1 [P2] iter 240: dedup done, delta_size=1461
R0 [P2] iter 240: subtract done, delta_size=1499
R1 [P2] iter 240: subtract done, delta_size=1457
R0 [P2] iter 240: merge done, full_size=79153059
R0 [P2] iter 241 done: global_full_size=158288837
R1 [P2] iter 240: merge done, full_size=79135778
R1 [P2] iter 241 done: global_full_size=158288837
R0 [P2] iter 241: PRE-JOIN GPU mem: 83.8GB free / 85.1GB total | delta_size=1499 full_size=79153059
R1 [P2] iter 241: PRE-JOIN GPU mem: 83.8GB free / 85.1GB total | delta_size=1457 full_size=79135778
R0 [P2] iter 241: join done, raw=1480 result_size=1480
R1 [P2] iter 241: join done, raw=1442 result_size=1442
R0 [P2] iter 241: split done, delta_size=1480
R1 [P2] iter 241: split done, delta_size=1442
R0 [P2] iter 241: dedup done, delta_size=1480
R1 [P2] iter 241: dedup done, delta_size=1442
R0 [P2] iter 241: subtract done, delta_size=1476
R1 [P2] iter 241: subtract done, delta_size=1438
R1 [P2] iter 241: merge done, full_size=79137216
R0 [P2] iter 241: merge done, full_size=79154535
R0 [P2] iter 242 done: global_full_size=158291751
R1 [P2] iter 242 done: global_full_size=158291751
R0 [P2] iter 242: PRE-JOIN GPU mem: 83.8GB free / 85.1GB total | delta_size=1476 full_size=79154535
R1 [P2] iter 242: PRE-JOIN GPU mem: 83.8GB free / 85.1GB total | delta_size=1438 full_size=79137216
R0 [P2] iter 242: join done, raw=1457 result_size=1457
R1 [P2] iter 242: join done, raw=1423 result_size=1423
R0 [P2] iter 242: split done, delta_size=1464
R1 [P2] iter 242: split done, delta_size=1416
R0 [P2] iter 242: dedup done, delta_size=1464
R1 [P2] iter 242: dedup done, delta_size=1416
R0 [P2] iter 242: subtract done, delta_size=1460
R1 [P2] iter 242: subtract done, delta_size=1412
R1 [P2] iter 242: merge done, full_size=79138628
R0 [P2] iter 242: merge done, full_size=79155995
R0 [P2] iter 243 done: global_full_size=158294623
R1 [P2] iter 243 done: global_full_size=158294623
R0 [P2] iter 243: PRE-JOIN GPU mem: 83.8GB free / 85.1GB total | delta_size=1460 full_size=79155995
R1 [P2] iter 243: PRE-JOIN GPU mem: 83.8GB free / 85.1GB total | delta_size=1412 full_size=79138628
R0 [P2] iter 243: join done, raw=1440 result_size=1440
R1 [P2] iter 243: join done, raw=1397 result_size=1397
R0 [P2] iter 243: split done, delta_size=1442
R1 [P2] iter 243: split done, delta_size=1395
R0 [P2] iter 243: dedup done, delta_size=1442
R1 [P2] iter 243: dedup done, delta_size=1395
R0 [P2] iter 243: subtract done, delta_size=1438
R1 [P2] iter 243: subtract done, delta_size=1391
R1 [P2] iter 243: merge done, full_size=79140019
R0 [P2] iter 243: merge done, full_size=79157433
R0 [P2] iter 244 done: global_full_size=158297452
R1 [P2] iter 244 done: global_full_size=158297452
R0 [P2] iter 244: PRE-JOIN GPU mem: 83.8GB free / 85.1GB total | delta_size=1438 full_size=79157433
R1 [P2] iter 244: PRE-JOIN GPU mem: 83.8GB free / 85.1GB total | delta_size=1391 full_size=79140019
R0 [P2] iter 244: join done, raw=1415 result_size=1415
R1 [P2] iter 244: join done, raw=1376 result_size=1376
R0 [P2] iter 244: split done, delta_size=1420
R1 [P2] iter 244: split done, delta_size=1371
R0 [P2] iter 244: dedup done, delta_size=1420
R1 [P2] iter 244: dedup done, delta_size=1371
R0 [P2] iter 244: subtract done, delta_size=1416
R1 [P2] iter 244: subtract done, delta_size=1367
R1 [P2] iter 244: merge done, full_size=79141386
R0 [P2] iter 244: merge done, full_size=79158849
R0 [P2] iter 245 done: global_full_size=158300235
R1 [P2] iter 245 done: global_full_size=158300235
R0 [P2] iter 245: PRE-JOIN GPU mem: 83.8GB free / 85.1GB total | delta_size=1416 full_size=79158849
R1 [P2] iter 245: PRE-JOIN GPU mem: 83.8GB free / 85.1GB total | delta_size=1367 full_size=79141386
R0 [P2] iter 245: join done, raw=1393 result_size=1393
R1 [P2] iter 245: join done, raw=1350 result_size=1350
R0 [P2] iter 245: split done, delta_size=1391
R1 [P2] iter 245: split done, delta_size=1352
R0 [P2] iter 245: dedup done, delta_size=1391
R1 [P2] iter 245: dedup done, delta_size=1352
R0 [P2] iter 245: subtract done, delta_size=1387
R1 [P2] iter 245: subtract done, delta_size=1348
R1 [P2] iter 245: merge done, full_size=79142734
R0 [P2] iter 245: merge done, full_size=79160236
R0 [P2] iter 246 done: global_full_size=158302970
R1 [P2] iter 246 done: global_full_size=158302970
R0 [P2] iter 246: PRE-JOIN GPU mem: 83.8GB free / 85.1GB total | delta_size=1387 full_size=79160236
R1 [P2] iter 246: PRE-JOIN GPU mem: 83.8GB free / 85.1GB total | delta_size=1348 full_size=79142734
R0 [P2] iter 246: join done, raw=1367 result_size=1367
R1 [P2] iter 246: join done, raw=1336 result_size=1336
R0 [P2] iter 246: split done, delta_size=1372
R1 [P2] iter 246: split done, delta_size=1331
R0 [P2] iter 246: dedup done, delta_size=1372
R1 [P2] iter 246: dedup done, delta_size=1331
R1 [P2] iter 246: subtract done, delta_size=1327
R0 [P2] iter 246: subtract done, delta_size=1368
R1 [P2] iter 246: merge done, full_size=79144061
R0 [P2] iter 246: merge done, full_size=79161604
R0 [P2] iter 247 done: global_full_size=158305665
R1 [P2] iter 247 done: global_full_size=158305665
R0 [P2] iter 247: PRE-JOIN GPU mem: 83.8GB free / 85.1GB total | delta_size=1368 full_size=79161604
R1 [P2] iter 247: PRE-JOIN GPU mem: 83.8GB free / 85.1GB total | delta_size=1327 full_size=79144061
R0 [P2] iter 247: join done, raw=1350 result_size=1350
R1 [P2] iter 247: join done, raw=1315 result_size=1315
R0 [P2] iter 247: split done, delta_size=1350
R1 [P2] iter 247: split done, delta_size=1315
R0 [P2] iter 247: dedup done, delta_size=1350
R1 [P2] iter 247: dedup done, delta_size=1315
R0 [P2] iter 247: subtract done, delta_size=1346
R1 [P2] iter 247: subtract done, delta_size=1311
R1 [P2] iter 247: merge done, full_size=79145372
R0 [P2] iter 247: merge done, full_size=79162950
R0 [P2] iter 248 done: global_full_size=158308322
R1 [P2] iter 248 done: global_full_size=158308322
R0 [P2] iter 248: PRE-JOIN GPU mem: 83.8GB free / 85.1GB total | delta_size=1346 full_size=79162950
R1 [P2] iter 248: PRE-JOIN GPU mem: 83.8GB free / 85.1GB total | delta_size=1311 full_size=79145372
R0 [P2] iter 248: join done, raw=1328 result_size=1328
R1 [P2] iter 248: join done, raw=1299 result_size=1299
R0 [P2] iter 248: split done, delta_size=1334
R1 [P2] iter 248: split done, delta_size=1293
R0 [P2] iter 248: dedup done, delta_size=1334
R1 [P2] iter 248: dedup done, delta_size=1293
R0 [P2] iter 248: subtract done, delta_size=1330
R1 [P2] iter 248: subtract done, delta_size=1289
R1 [P2] iter 248: merge done, full_size=79146661
R0 [P2] iter 248: merge done, full_size=79164280
R0 [P2] iter 249 done: global_full_size=158310941
R1 [P2] iter 249 done: global_full_size=158310941
R0 [P2] iter 249: PRE-JOIN GPU mem: 83.8GB free / 85.1GB total | delta_size=1330 full_size=79164280
R1 [P2] iter 249: PRE-JOIN GPU mem: 83.8GB free / 85.1GB total | delta_size=1289 full_size=79146661
R0 [P2] iter 249: join done, raw=1312 result_size=1312
R1 [P2] iter 249: join done, raw=1278 result_size=1278
R0 [P2] iter 249: split done, delta_size=1314
R1 [P2] iter 249: split done, delta_size=1276
R0 [P2] iter 249: dedup done, delta_size=1314
R1 [P2] iter 249: dedup done, delta_size=1276
R0 [P2] iter 249: subtract done, delta_size=1310
R1 [P2] iter 249: subtract done, delta_size=1272
R0 [P2] iter 249: merge done, full_size=79165590
R0 [P2] iter 250 done: global_full_size=158313523
R1 [P2] iter 249: merge done, full_size=79147933
R1 [P2] iter 250 done: global_full_size=158313523
R0 [P2] iter 250: PRE-JOIN GPU mem: 83.8GB free / 85.1GB total | delta_size=1310 full_size=79165590
R1 [P2] iter 250: PRE-JOIN GPU mem: 83.8GB free / 85.1GB total | delta_size=1272 full_size=79147933
R0 [P2] iter 250: join done, raw=1292 result_size=1292
R1 [P2] iter 250: join done, raw=1261 result_size=1261
R0 [P2] iter 250: split done, delta_size=1299
R1 [P2] iter 250: split done, delta_size=1254
R0 [P2] iter 250: dedup done, delta_size=1299
R1 [P2] iter 250: dedup done, delta_size=1254
R0 [P2] iter 250: subtract done, delta_size=1295
R1 [P2] iter 250: subtract done, delta_size=1250
R1 [P2] iter 250: merge done, full_size=79149183
R0 [P2] iter 250: merge done, full_size=79166885
R0 [P2] iter 251 done: global_full_size=158316068
R1 [P2] iter 251 done: global_full_size=158316068
R0 [P2] iter 251: PRE-JOIN GPU mem: 83.8GB free / 85.1GB total | delta_size=1295 full_size=79166885
R1 [P2] iter 251: PRE-JOIN GPU mem: 83.8GB free / 85.1GB total | delta_size=1250 full_size=79149183
R0 [P2] iter 251: join done, raw=1277 result_size=1277
R1 [P2] iter 251: join done, raw=1240 result_size=1240
R0 [P2] iter 251: split done, delta_size=1275
R1 [P2] iter 251: split done, delta_size=1242
R0 [P2] iter 251: dedup done, delta_size=1275
R1 [P2] iter 251: dedup done, delta_size=1242
R0 [P2] iter 251: subtract done, delta_size=1271
R1 [P2] iter 251: subtract done, delta_size=1238
R0 [P2] iter 251: merge done, full_size=79168156
R0 [P2] iter 252 done: global_full_size=158318577
R1 [P2] iter 251: merge done, full_size=79150421
R1 [P2] iter 252 done: global_full_size=158318577
R0 [P2] iter 252: PRE-JOIN GPU mem: 83.8GB free / 85.1GB total | delta_size=1271 full_size=79168156
R1 [P2] iter 252: PRE-JOIN GPU mem: 83.8GB free / 85.1GB total | delta_size=1238 full_size=79150421
R0 [P2] iter 252: join done, raw=1254 result_size=1254
R1 [P2] iter 252: join done, raw=1227 result_size=1227
R0 [P2] iter 252: split done, delta_size=1260
R1 [P2] iter 252: split done, delta_size=1221
R0 [P2] iter 252: dedup done, delta_size=1260
R1 [P2] iter 252: dedup done, delta_size=1221
R0 [P2] iter 252: subtract done, delta_size=1256
R1 [P2] iter 252: subtract done, delta_size=1217
R1 [P2] iter 252: merge done, full_size=79151638
R0 [P2] iter 252: merge done, full_size=79169412
R0 [P2] iter 253 done: global_full_size=158321050
R1 [P2] iter 253 done: global_full_size=158321050
R0 [P2] iter 253: PRE-JOIN GPU mem: 83.8GB free / 85.1GB total | delta_size=1256 full_size=79169412
R1 [P2] iter 253: PRE-JOIN GPU mem: 83.8GB free / 85.1GB total | delta_size=1217 full_size=79151638
R0 [P2] iter 253: join done, raw=1238 result_size=1238
R1 [P2] iter 253: join done, raw=1207 result_size=1207
R0 [P2] iter 253: split done, delta_size=1240
R1 [P2] iter 253: split done, delta_size=1205
R0 [P2] iter 253: dedup done, delta_size=1240
R1 [P2] iter 253: dedup done, delta_size=1205
R0 [P2] iter 253: subtract done, delta_size=1236
R1 [P2] iter 253: subtract done, delta_size=1201
R1 [P2] iter 253: merge done, full_size=79152839
R0 [P2] iter 253: merge done, full_size=79170648
R0 [P2] iter 254 done: global_full_size=158323487
R1 [P2] iter 254 done: global_full_size=158323487
R0 [P2] iter 254: PRE-JOIN GPU mem: 83.8GB free / 85.1GB total | delta_size=1236 full_size=79170648
R1 [P2] iter 254: PRE-JOIN GPU mem: 83.8GB free / 85.1GB total | delta_size=1201 full_size=79152839
R0 [P2] iter 254: join done, raw=1219 result_size=1219
R1 [P2] iter 254: join done, raw=1192 result_size=1192
R0 [P2] iter 254: split done, delta_size=1223
R1 [P2] iter 254: split done, delta_size=1188
R0 [P2] iter 254: dedup done, delta_size=1223
R1 [P2] iter 254: dedup done, delta_size=1188
R0 [P2] iter 254: subtract done, delta_size=1219
R1 [P2] iter 254: subtract done, delta_size=1184
R0 [P2] iter 254: merge done, full_size=79171867
R0 [P2] iter 255 done: global_full_size=158325890
R1 [P2] iter 254: merge done, full_size=79154023
R1 [P2] iter 255 done: global_full_size=158325890
R0 [P2] iter 255: PRE-JOIN GPU mem: 83.8GB free / 85.1GB total | delta_size=1219 full_size=79171867
R1 [P2] iter 255: PRE-JOIN GPU mem: 83.8GB free / 85.1GB total | delta_size=1184 full_size=79154023
R0 [P2] iter 255: join done, raw=1202 result_size=1202
R1 [P2] iter 255: join done, raw=1174 result_size=1174
R0 [P2] iter 255: split done, delta_size=1203
R1 [P2] iter 255: split done, delta_size=1173
R0 [P2] iter 255: dedup done, delta_size=1203
R1 [P2] iter 255: dedup done, delta_size=1173
R0 [P2] iter 255: subtract done, delta_size=1199
R1 [P2] iter 255: subtract done, delta_size=1169
R0 [P2] iter 255: merge done, full_size=79173066
R0 [P2] iter 256 done: global_full_size=158328258
R1 [P2] iter 255: merge done, full_size=79155192
R1 [P2] iter 256 done: global_full_size=158328258
R0 [P2] iter 256: PRE-JOIN GPU mem: 83.8GB free / 85.1GB total | delta_size=1199 full_size=79173066
R1 [P2] iter 256: PRE-JOIN GPU mem: 83.8GB free / 85.1GB total | delta_size=1169 full_size=79155192
R0 [P2] iter 256: join done, raw=1181 result_size=1181
R1 [P2] iter 256: join done, raw=1160 result_size=1160
R0 [P2] iter 256: split done, delta_size=1185
R1 [P2] iter 256: split done, delta_size=1156
R0 [P2] iter 256: dedup done, delta_size=1185
R1 [P2] iter 256: dedup done, delta_size=1156
R0 [P2] iter 256: subtract done, delta_size=1181
R1 [P2] iter 256: subtract done, delta_size=1152
R1 [P2] iter 256: merge done, full_size=79156344
R0 [P2] iter 256: merge done, full_size=79174247
R0 [P2] iter 257 done: global_full_size=158330591
R1 [P2] iter 257 done: global_full_size=158330591
R0 [P2] iter 257: PRE-JOIN GPU mem: 83.8GB free / 85.1GB total | delta_size=1181 full_size=79174247
R1 [P2] iter 257: PRE-JOIN GPU mem: 83.8GB free / 85.1GB total | delta_size=1152 full_size=79156344
R0 [P2] iter 257: join done, raw=1161 result_size=1161
R1 [P2] iter 257: join done, raw=1141 result_size=1141
R0 [P2] iter 257: split done, delta_size=1161
R1 [P2] iter 257: split done, delta_size=1141
R0 [P2] iter 257: dedup done, delta_size=1161
R1 [P2] iter 257: dedup done, delta_size=1141
R0 [P2] iter 257: subtract done, delta_size=1157
R1 [P2] iter 257: subtract done, delta_size=1138
R0 [P2] iter 257: merge done, full_size=79175404
R0 [P2] iter 258 done: global_full_size=158332886
R1 [P2] iter 257: merge done, full_size=79157482
R1 [P2] iter 258 done: global_full_size=158332886
R0 [P2] iter 258: PRE-JOIN GPU mem: 83.8GB free / 85.1GB total | delta_size=1157 full_size=79175404
R1 [P2] iter 258: PRE-JOIN GPU mem: 83.8GB free / 85.1GB total | delta_size=1138 full_size=79157482
R0 [P2] iter 258: join done, raw=1138 result_size=1138
R1 [P2] iter 258: join done, raw=1127 result_size=1127
R0 [P2] iter 258: split done, delta_size=1142
R1 [P2] iter 258: split done, delta_size=1123
R0 [P2] iter 258: dedup done, delta_size=1142
R1 [P2] iter 258: dedup done, delta_size=1123
R1 [P2] iter 258: subtract done, delta_size=1120
R0 [P2] iter 258: subtract done, delta_size=1138
R1 [P2] iter 258: merge done, full_size=79158602
R0 [P2] iter 258: merge done, full_size=79176542
R0 [P2] iter 259 done: global_full_size=158335144
R1 [P2] iter 259 done: global_full_size=158335144
R0 [P2] iter 259: PRE-JOIN GPU mem: 83.8GB free / 85.1GB total | delta_size=1138 full_size=79176542
R1 [P2] iter 259: PRE-JOIN GPU mem: 83.8GB free / 85.1GB total | delta_size=1120 full_size=79158602
R0 [P2] iter 259: join done, raw=1123 result_size=1123
R1 [P2] iter 259: join done, raw=1115 result_size=1115
R0 [P2] iter 259: split done, delta_size=1129
R1 [P2] iter 259: split done, delta_size=1109
R0 [P2] iter 259: dedup done, delta_size=1129
R1 [P2] iter 259: dedup done, delta_size=1109
R1 [P2] iter 259: subtract done, delta_size=1106
R0 [P2] iter 259: subtract done, delta_size=1124
R1 [P2] iter 259: merge done, full_size=79159708
R0 [P2] iter 259: merge done, full_size=79177666
R0 [P2] iter 260 done: global_full_size=158337374
R1 [P2] iter 260 done: global_full_size=158337374
R0 [P2] iter 260: PRE-JOIN GPU mem: 83.8GB free / 85.1GB total | delta_size=1124 full_size=79177666
R1 [P2] iter 260: PRE-JOIN GPU mem: 83.8GB free / 85.1GB total | delta_size=1106 full_size=79159708
R0 [P2] iter 260: join done, raw=1108 result_size=1108
R1 [P2] iter 260: join done, raw=1102 result_size=1102
R0 [P2] iter 260: split done, delta_size=1117
R1 [P2] iter 260: split done, delta_size=1093
R0 [P2] iter 260: dedup done, delta_size=1117
R1 [P2] iter 260: dedup done, delta_size=1093
R0 [P2] iter 260: subtract done, delta_size=1113
R1 [P2] iter 260: subtract done, delta_size=1090
R0 [P2] iter 260: merge done, full_size=79178779
R0 [P2] iter 261 done: global_full_size=158339577
R1 [P2] iter 260: merge done, full_size=79160798
R1 [P2] iter 261 done: global_full_size=158339577
R0 [P2] iter 261: PRE-JOIN GPU mem: 83.8GB free / 85.1GB total | delta_size=1113 full_size=79178779
R1 [P2] iter 261: PRE-JOIN GPU mem: 83.8GB free / 85.1GB total | delta_size=1090 full_size=79160798
R0 [P2] iter 261: join done, raw=1098 result_size=1098
R1 [P2] iter 261: join done, raw=1088 result_size=1088
R0 [P2] iter 261: split done, delta_size=1105
R1 [P2] iter 261: split done, delta_size=1081
R0 [P2] iter 261: dedup done, delta_size=1105
R1 [P2] iter 261: dedup done, delta_size=1081
R0 [P2] iter 261: subtract done, delta_size=1101
R1 [P2] iter 261: subtract done, delta_size=1078
R1 [P2] iter 261: merge done, full_size=79161876
R0 [P2] iter 261: merge done, full_size=79179880
R0 [P2] iter 262 done: global_full_size=158341756
R1 [P2] iter 262 done: global_full_size=158341756
R0 [P2] iter 262: PRE-JOIN GPU mem: 83.8GB free / 85.1GB total | delta_size=1101 full_size=79179880
R1 [P2] iter 262: PRE-JOIN GPU mem: 83.8GB free / 85.1GB total | delta_size=1078 full_size=79161876
R0 [P2] iter 262: join done, raw=1086 result_size=1086
R1 [P2] iter 262: join done, raw=1076 result_size=1076
R0 [P2] iter 262: split done, delta_size=1090
R1 [P2] iter 262: split done, delta_size=1072
R0 [P2] iter 262: dedup done, delta_size=1090
R1 [P2] iter 262: dedup done, delta_size=1072
R0 [P2] iter 262: subtract done, delta_size=1086
R1 [P2] iter 262: subtract done, delta_size=1070
R1 [P2] iter 262: merge done, full_size=79162946
R0 [P2] iter 262: merge done, full_size=79180966
R0 [P2] iter 263 done: global_full_size=158343912
R1 [P2] iter 263 done: global_full_size=158343912
R0 [P2] iter 263: PRE-JOIN GPU mem: 83.8GB free / 85.1GB total | delta_size=1086 full_size=79180966
R1 [P2] iter 263: PRE-JOIN GPU mem: 83.8GB free / 85.1GB total | delta_size=1070 full_size=79162946
R0 [P2] iter 263: join done, raw=1071 result_size=1071
R1 [P2] iter 263: join done, raw=1068 result_size=1068
R0 [P2] iter 263: split done, delta_size=1078
R1 [P2] iter 263: split done, delta_size=1061
R0 [P2] iter 263: dedup done, delta_size=1078
R1 [P2] iter 263: dedup done, delta_size=1061
R0 [P2] iter 263: subtract done, delta_size=1074
R1 [P2] iter 263: subtract done, delta_size=1059
R0 [P2] iter 263: merge done, full_size=79182040
R0 [P2] iter 264 done: global_full_size=158346045
R1 [P2] iter 263: merge done, full_size=79164005
R1 [P2] iter 264 done: global_full_size=158346045
R0 [P2] iter 264: PRE-JOIN GPU mem: 83.8GB free / 85.1GB total | delta_size=1074 full_size=79182040
R1 [P2] iter 264: PRE-JOIN GPU mem: 83.8GB free / 85.1GB total | delta_size=1059 full_size=79164005
R0 [P2] iter 264: join done, raw=1059 result_size=1059
R1 [P2] iter 264: join done, raw=1058 result_size=1058
R0 [P2] iter 264: split done, delta_size=1069
R1 [P2] iter 264: split done, delta_size=1048
R0 [P2] iter 264: dedup done, delta_size=1069
R1 [P2] iter 264: dedup done, delta_size=1048
R1 [P2] iter 264: subtract done, delta_size=1046
R0 [P2] iter 264: subtract done, delta_size=1065
R1 [P2] iter 264: merge done, full_size=79165051
R0 [P2] iter 264: merge done, full_size=79183105
R0 [P2] iter 265 done: global_full_size=158348156
R1 [P2] iter 265 done: global_full_size=158348156
R0 [P2] iter 265: PRE-JOIN GPU mem: 83.8GB free / 85.1GB total | delta_size=1065 full_size=79183105
R1 [P2] iter 265: PRE-JOIN GPU mem: 83.8GB free / 85.1GB total | delta_size=1046 full_size=79165051
R0 [P2] iter 265: join done, raw=1050 result_size=1050
R1 [P2] iter 265: join done, raw=1043 result_size=1043
R0 [P2] iter 265: split done, delta_size=1061
R1 [P2] iter 265: split done, delta_size=1032
R0 [P2] iter 265: dedup done, delta_size=1061
R1 [P2] iter 265: dedup done, delta_size=1032
R1 [P2] iter 265: subtract done, delta_size=1030
R0 [P2] iter 265: subtract done, delta_size=1057
R0 [P2] iter 265: merge done, full_size=79184162
R0 [P2] iter 266 done: global_full_size=158350243
R1 [P2] iter 265: merge done, full_size=79166081
R1 [P2] iter 266 done: global_full_size=158350243
R0 [P2] iter 266: PRE-JOIN GPU mem: 83.8GB free / 85.1GB total | delta_size=1057 full_size=79184162
R1 [P2] iter 266: PRE-JOIN GPU mem: 83.8GB free / 85.1GB total | delta_size=1030 full_size=79166081
R0 [P2] iter 266: join done, raw=1042 result_size=1042
R1 [P2] iter 266: join done, raw=1027 result_size=1027
R0 [P2] iter 266: split done, delta_size=1050
R1 [P2] iter 266: split done, delta_size=1019
R0 [P2] iter 266: dedup done, delta_size=1050
R1 [P2] iter 266: dedup done, delta_size=1019
R0 [P2] iter 266: subtract done, delta_size=1046
R1 [P2] iter 266: subtract done, delta_size=1017
R0 [P2] iter 266: merge done, full_size=79185208
R0 [P2] iter 267 done: global_full_size=158352306
R1 [P2] iter 266: merge done, full_size=79167098
R1 [P2] iter 267 done: global_full_size=158352306
R0 [P2] iter 267: PRE-JOIN GPU mem: 83.8GB free / 85.1GB total | delta_size=1046 full_size=79185208
R1 [P2] iter 267: PRE-JOIN GPU mem: 83.8GB free / 85.1GB total | delta_size=1017 full_size=79167098
R0 [P2] iter 267: join done, raw=1029 result_size=1029
R1 [P2] iter 267: join done, raw=1014 result_size=1014
R0 [P2] iter 267: split done, delta_size=1040
R1 [P2] iter 267: split done, delta_size=1003
R0 [P2] iter 267: dedup done, delta_size=1040
R1 [P2] iter 267: dedup done, delta_size=1003
R0 [P2] iter 267: subtract done, delta_size=1036
R1 [P2] iter 267: subtract done, delta_size=1002
R1 [P2] iter 267: merge done, full_size=79168100
R0 [P2] iter 267: merge done, full_size=79186244
R0 [P2] iter 268 done: global_full_size=158354344
R1 [P2] iter 268 done: global_full_size=158354344
R0 [P2] iter 268: PRE-JOIN GPU mem: 83.8GB free / 85.1GB total | delta_size=1036 full_size=79186244
R1 [P2] iter 268: PRE-JOIN GPU mem: 83.8GB free / 85.1GB total | delta_size=1002 full_size=79168100
R0 [P2] iter 268: join done, raw=1021 result_size=1021
R1 [P2] iter 268: join done, raw=999 result_size=999
R0 [P2] iter 268: split done, delta_size=1029
R1 [P2] iter 268: split done, delta_size=991
R0 [P2] iter 268: dedup done, delta_size=1029
R1 [P2] iter 268: dedup done, delta_size=991
R0 [P2] iter 268: subtract done, delta_size=1025
R1 [P2] iter 268: subtract done, delta_size=990
R1 [P2] iter 268: merge done, full_size=79169090
R0 [P2] iter 268: merge done, full_size=79187269
R0 [P2] iter 269 done: global_full_size=158356359
R1 [P2] iter 269 done: global_full_size=158356359
R0 [P2] iter 269: PRE-JOIN GPU mem: 83.8GB free / 85.1GB total | delta_size=1025 full_size=79187269
R1 [P2] iter 269: PRE-JOIN GPU mem: 83.8GB free / 85.1GB total | delta_size=990 full_size=79169090
R0 [P2] iter 269: join done, raw=1011 result_size=1011
R1 [P2] iter 269: join done, raw=987 result_size=987
R0 [P2] iter 269: split done, delta_size=1013
R1 [P2] iter 269: split done, delta_size=985
R0 [P2] iter 269: dedup done, delta_size=1013
R1 [P2] iter 269: dedup done, delta_size=985
R0 [P2] iter 269: subtract done, delta_size=1009
R1 [P2] iter 269: subtract done, delta_size=984
R0 [P2] iter 269: merge done, full_size=79188278
R0 [P2] iter 270 done: global_full_size=158358352
R1 [P2] iter 269: merge done, full_size=79170074
R1 [P2] iter 270 done: global_full_size=158358352
R1 [P2] iter 270: PRE-JOIN GPU mem: 83.8GB free / 85.1GB total | delta_size=984 full_size=79170074
R0 [P2] iter 270: PRE-JOIN GPU mem: 83.8GB free / 85.1GB total | delta_size=1009 full_size=79188278
R1 [P2] iter 270: join done, raw=981 result_size=981
R0 [P2] iter 270: join done, raw=993 result_size=993
R0 [P2] iter 270: split done, delta_size=1005
R1 [P2] iter 270: split done, delta_size=969
R0 [P2] iter 270: dedup done, delta_size=1005
R1 [P2] iter 270: dedup done, delta_size=969
R1 [P2] iter 270: subtract done, delta_size=968
R0 [P2] iter 270: subtract done, delta_size=1001
R1 [P2] iter 270: merge done, full_size=79171042
R0 [P2] iter 270: merge done, full_size=79189279
R0 [P2] iter 271 done: global_full_size=158360321
R1 [P2] iter 271 done: global_full_size=158360321
R0 [P2] iter 271: PRE-JOIN GPU mem: 83.8GB free / 85.1GB total | delta_size=1001 full_size=79189279
R1 [P2] iter 271: PRE-JOIN GPU mem: 83.8GB free / 85.1GB total | delta_size=968 full_size=79171042
R0 [P2] iter 271: join done, raw=985 result_size=985
R1 [P2] iter 271: join done, raw=966 result_size=966
R0 [P2] iter 271: split done, delta_size=993
R1 [P2] iter 271: split done, delta_size=958
R0 [P2] iter 271: dedup done, delta_size=993
R1 [P2] iter 271: dedup done, delta_size=958
R0 [P2] iter 271: subtract done, delta_size=989
R1 [P2] iter 271: subtract done, delta_size=957
R1 [P2] iter 271: merge done, full_size=79171999
R0 [P2] iter 271: merge done, full_size=79190268
R0 [P2] iter 272 done: global_full_size=158362267
R1 [P2] iter 272 done: global_full_size=158362267
R0 [P2] iter 272: PRE-JOIN GPU mem: 83.8GB free / 85.1GB total | delta_size=989 full_size=79190268
R1 [P2] iter 272: PRE-JOIN GPU mem: 83.8GB free / 85.1GB total | delta_size=957 full_size=79171999
R0 [P2] iter 272: join done, raw=975 result_size=975
R1 [P2] iter 272: join done, raw=954 result_size=954
R0 [P2] iter 272: split done, delta_size=980
R1 [P2] iter 272: split done, delta_size=949
R0 [P2] iter 272: dedup done, delta_size=980
R1 [P2] iter 272: dedup done, delta_size=949
R0 [P2] iter 272: subtract done, delta_size=976
R1 [P2] iter 272: subtract done, delta_size=948
R0 [P2] iter 272: merge done, full_size=79191244
R0 [P2] iter 273 done: global_full_size=158364191
R1 [P2] iter 272: merge done, full_size=79172947
R1 [P2] iter 273 done: global_full_size=158364191
R0 [P2] iter 273: PRE-JOIN GPU mem: 83.8GB free / 85.1GB total | delta_size=976 full_size=79191244
R1 [P2] iter 273: PRE-JOIN GPU mem: 83.8GB free / 85.1GB total | delta_size=948 full_size=79172947
R0 [P2] iter 273: join done, raw=961 result_size=961
R1 [P2] iter 273: join done, raw=946 result_size=946
R0 [P2] iter 273: split done, delta_size=968
R1 [P2] iter 273: split done, delta_size=939
R0 [P2] iter 273: dedup done, delta_size=968
R1 [P2] iter 273: dedup done, delta_size=939
R0 [P2] iter 273: subtract done, delta_size=964
R1 [P2] iter 273: subtract done, delta_size=938
R0 [P2] iter 273: merge done, full_size=79192208
R0 [P2] iter 274 done: global_full_size=158366093
R1 [P2] iter 273: merge done, full_size=79173885
R1 [P2] iter 274 done: global_full_size=158366093
R0 [P2] iter 274: PRE-JOIN GPU mem: 83.8GB free / 85.1GB total | delta_size=964 full_size=79192208
R1 [P2] iter 274: PRE-JOIN GPU mem: 83.8GB free / 85.1GB total | delta_size=938 full_size=79173885
R0 [P2] iter 274: join done, raw=950 result_size=950
R1 [P2] iter 274: join done, raw=934 result_size=934
R0 [P2] iter 274: split done, delta_size=955
R1 [P2] iter 274: split done, delta_size=929
R0 [P2] iter 274: dedup done, delta_size=955
R1 [P2] iter 274: dedup done, delta_size=929
R0 [P2] iter 274: subtract done, delta_size=951
R1 [P2] iter 274: subtract done, delta_size=928
R1 [P2] iter 274: merge done, full_size=79174813
R0 [P2] iter 274: merge done, full_size=79193159
R0 [P2] iter 275 done: global_full_size=158367972
R1 [P2] iter 275 done: global_full_size=158367972
R0 [P2] iter 275: PRE-JOIN GPU mem: 83.8GB free / 85.1GB total | delta_size=951 full_size=79193159
R1 [P2] iter 275: PRE-JOIN GPU mem: 83.8GB free / 85.1GB total | delta_size=928 full_size=79174813
R1 [P2] iter 275: join done, raw=921 result_size=921
R0 [P2] iter 275: join done, raw=936 result_size=936
R0 [P2] iter 275: split done, delta_size=940
R1 [P2] iter 275: split done, delta_size=917
R0 [P2] iter 275: dedup done, delta_size=940
R1 [P2] iter 275: dedup done, delta_size=917
R0 [P2] iter 275: subtract done, delta_size=936
R1 [P2] iter 275: subtract done, delta_size=916
R1 [P2] iter 275: merge done, full_size=79175729
R0 [P2] iter 275: merge done, full_size=79194095
R0 [P2] iter 276 done: global_full_size=158369824
R1 [P2] iter 276 done: global_full_size=158369824
R0 [P2] iter 276: PRE-JOIN GPU mem: 83.8GB free / 85.1GB total | delta_size=936 full_size=79194095
R1 [P2] iter 276: PRE-JOIN GPU mem: 83.8GB free / 85.1GB total | delta_size=916 full_size=79175729
R0 [P2] iter 276: join done, raw=921 result_size=921
R1 [P2] iter 276: join done, raw=910 result_size=910
R0 [P2] iter 276: split done, delta_size=925
R1 [P2] iter 276: split done, delta_size=906
R0 [P2] iter 276: dedup done, delta_size=925
R1 [P2] iter 276: dedup done, delta_size=906
R0 [P2] iter 276: subtract done, delta_size=922
R1 [P2] iter 276: subtract done, delta_size=906
R0 [P2] iter 276: merge done, full_size=79195017
R0 [P2] iter 277 done: global_full_size=158371652
R1 [P2] iter 276: merge done, full_size=79176635
R1 [P2] iter 277 done: global_full_size=158371652
R0 [P2] iter 277: PRE-JOIN GPU mem: 83.8GB free / 85.1GB total | delta_size=922 full_size=79195017
R1 [P2] iter 277: PRE-JOIN GPU mem: 83.8GB free / 85.1GB total | delta_size=906 full_size=79176635
R0 [P2] iter 277: join done, raw=908 result_size=908
R1 [P2] iter 277: join done, raw=901 result_size=901
R0 [P2] iter 277: split done, delta_size=911
R1 [P2] iter 277: split done, delta_size=898
R1 [P2] iter 277: dedup done, delta_size=898
R0 [P2] iter 277: dedup done, delta_size=911
R0 [P2] iter 277: subtract done, delta_size=908
R1 [P2] iter 277: subtract done, delta_size=898
R1 [P2] iter 277: merge done, full_size=79177533
R0 [P2] iter 277: merge done, full_size=79195925
R0 [P2] iter 278 done: global_full_size=158373458
R1 [P2] iter 278 done: global_full_size=158373458
R0 [P2] iter 278: PRE-JOIN GPU mem: 83.8GB free / 85.1GB total | delta_size=908 full_size=79195925
R1 [P2] iter 278: PRE-JOIN GPU mem: 83.8GB free / 85.1GB total | delta_size=898 full_size=79177533
R0 [P2] iter 278: join done, raw=896 result_size=896
R1 [P2] iter 278: join done, raw=894 result_size=894
R0 [P2] iter 278: split done, delta_size=900
R1 [P2] iter 278: split done, delta_size=890
R0 [P2] iter 278: dedup done, delta_size=900
R1 [P2] iter 278: dedup done, delta_size=890
R0 [P2] iter 278: subtract done, delta_size=897
R1 [P2] iter 278: subtract done, delta_size=890
R1 [P2] iter 278: merge done, full_size=79178423
R0 [P2] iter 278: merge done, full_size=79196822
R0 [P2] iter 279 done: global_full_size=158375245
R1 [P2] iter 279 done: global_full_size=158375245
R0 [P2] iter 279: PRE-JOIN GPU mem: 83.8GB free / 85.1GB total | delta_size=897 full_size=79196822
R1 [P2] iter 279: PRE-JOIN GPU mem: 83.8GB free / 85.1GB total | delta_size=890 full_size=79178423
R0 [P2] iter 279: join done, raw=884 result_size=884
R1 [P2] iter 279: join done, raw=885 result_size=885
R0 [P2] iter 279: split done, delta_size=892
R1 [P2] iter 279: split done, delta_size=877
R1 [P2] iter 279: dedup done, delta_size=877
R0 [P2] iter 279: dedup done, delta_size=892
R0 [P2] iter 279: subtract done, delta_size=889
R1 [P2] iter 279: subtract done, delta_size=877
R1 [P2] iter 279: merge done, full_size=79179300
R0 [P2] iter 279: merge done, full_size=79197711
R0 [P2] iter 280 done: global_full_size=158377011
R1 [P2] iter 280 done: global_full_size=158377011
R0 [P2] iter 280: PRE-JOIN GPU mem: 83.8GB free / 85.1GB total | delta_size=889 full_size=79197711
R1 [P2] iter 280: PRE-JOIN GPU mem: 83.8GB free / 85.1GB total | delta_size=877 full_size=79179300
R0 [P2] iter 280: join done, raw=876 result_size=876
R1 [P2] iter 280: join done, raw=870 result_size=870
R0 [P2] iter 280: split done, delta_size=881
R1 [P2] iter 280: split done, delta_size=865
R0 [P2] iter 280: dedup done, delta_size=881
R1 [P2] iter 280: dedup done, delta_size=865
R0 [P2] iter 280: subtract done, delta_size=878
R1 [P2] iter 280: subtract done, delta_size=865
R1 [P2] iter 280: merge done, full_size=79180165
R0 [P2] iter 280: merge done, full_size=79198589
R0 [P2] iter 281 done: global_full_size=158378754
R1 [P2] iter 281 done: global_full_size=158378754
R0 [P2] iter 281: PRE-JOIN GPU mem: 83.8GB free / 85.1GB total | delta_size=878 full_size=79198589
R1 [P2] iter 281: PRE-JOIN GPU mem: 83.8GB free / 85.1GB total | delta_size=865 full_size=79180165
R0 [P2] iter 281: join done, raw=866 result_size=866
R1 [P2] iter 281: join done, raw=858 result_size=858
R0 [P2] iter 281: split done, delta_size=867
R1 [P2] iter 281: split done, delta_size=857
R0 [P2] iter 281: dedup done, delta_size=867
R1 [P2] iter 281: dedup done, delta_size=857
R0 [P2] iter 281: subtract done, delta_size=864
R1 [P2] iter 281: subtract done, delta_size=857
R1 [P2] iter 281: merge done, full_size=79181022
R0 [P2] iter 281: merge done, full_size=79199453
R0 [P2] iter 282 done: global_full_size=158380475
R1 [P2] iter 282 done: global_full_size=158380475
R0 [P2] iter 282: PRE-JOIN GPU mem: 83.8GB free / 85.1GB total | delta_size=864 full_size=79199453
R1 [P2] iter 282: PRE-JOIN GPU mem: 83.8GB free / 85.1GB total | delta_size=857 full_size=79181022
R0 [P2] iter 282: join done, raw=852 result_size=852
R1 [P2] iter 282: join done, raw=851 result_size=851
R0 [P2] iter 282: split done, delta_size=854
R1 [P2] iter 282: split done, delta_size=849
R0 [P2] iter 282: dedup done, delta_size=854
R1 [P2] iter 282: dedup done, delta_size=849
R0 [P2] iter 282: subtract done, delta_size=851
R1 [P2] iter 282: subtract done, delta_size=849
R1 [P2] iter 282: merge done, full_size=79181871
R0 [P2] iter 282: merge done, full_size=79200304
R0 [P2] iter 283 done: global_full_size=158382175
R1 [P2] iter 283 done: global_full_size=158382175
R0 [P2] iter 283: PRE-JOIN GPU mem: 83.8GB free / 85.1GB total | delta_size=851 full_size=79200304
R1 [P2] iter 283: PRE-JOIN GPU mem: 83.8GB free / 85.1GB total | delta_size=849 full_size=79181871
R0 [P2] iter 283: join done, raw=840 result_size=840
R1 [P2] iter 283: join done, raw=842 result_size=842
R0 [P2] iter 283: split done, delta_size=843
R1 [P2] iter 283: split done, delta_size=839
R0 [P2] iter 283: dedup done, delta_size=843
R1 [P2] iter 283: dedup done, delta_size=839
R0 [P2] iter 283: subtract done, delta_size=840
R1 [P2] iter 283: subtract done, delta_size=839
R0 [P2] iter 283: merge done, full_size=79201144
R0 [P2] iter 284 done: global_full_size=158383854
R1 [P2] iter 283: merge done, full_size=79182710
R1 [P2] iter 284 done: global_full_size=158383854
R0 [P2] iter 284: PRE-JOIN GPU mem: 83.8GB free / 85.1GB total | delta_size=840 full_size=79201144
R1 [P2] iter 284: PRE-JOIN GPU mem: 83.8GB free / 85.1GB total | delta_size=839 full_size=79182710
R1 [P2] iter 284: join done, raw=832 result_size=832
R0 [P2] iter 284: join done, raw=827 result_size=827
R0 [P2] iter 284: split done, delta_size=832
R1 [P2] iter 284: split done, delta_size=827
R0 [P2] iter 284: dedup done, delta_size=832
R1 [P2] iter 284: dedup done, delta_size=827
R0 [P2] iter 284: subtract done, delta_size=829
R1 [P2] iter 284: subtract done, delta_size=827
R1 [P2] iter 284: merge done, full_size=79183537
R0 [P2] iter 284: merge done, full_size=79201973
R0 [P2] iter 285 done: global_full_size=158385510
R1 [P2] iter 285 done: global_full_size=158385510
R0 [P2] iter 285: PRE-JOIN GPU mem: 83.8GB free / 85.1GB total | delta_size=829 full_size=79201973
R1 [P2] iter 285: PRE-JOIN GPU mem: 83.8GB free / 85.1GB total | delta_size=827 full_size=79183537
R0 [P2] iter 285: join done, raw=817 result_size=817
R1 [P2] iter 285: join done, raw=821 result_size=821
R0 [P2] iter 285: split done, delta_size=825
R1 [P2] iter 285: split done, delta_size=813
R0 [P2] iter 285: dedup done, delta_size=825
R1 [P2] iter 285: dedup done, delta_size=813
R0 [P2] iter 285: subtract done, delta_size=822
R1 [P2] iter 285: subtract done, delta_size=813
R1 [P2] iter 285: merge done, full_size=79184350
R0 [P2] iter 285: merge done, full_size=79202795
R0 [P2] iter 286 done: global_full_size=158387145
R1 [P2] iter 286 done: global_full_size=158387145
R0 [P2] iter 286: PRE-JOIN GPU mem: 83.8GB free / 85.1GB total | delta_size=822 full_size=79202795
R1 [P2] iter 286: PRE-JOIN GPU mem: 83.8GB free / 85.1GB total | delta_size=813 full_size=79184350
R0 [P2] iter 286: join done, raw=810 result_size=810
R1 [P2] iter 286: join done, raw=806 result_size=806
R0 [P2] iter 286: split done, delta_size=813
R1 [P2] iter 286: split done, delta_size=803
R0 [P2] iter 286: dedup done, delta_size=813
R1 [P2] iter 286: dedup done, delta_size=803
R0 [P2] iter 286: subtract done, delta_size=810
R1 [P2] iter 286: subtract done, delta_size=803
R0 [P2] iter 286: merge done, full_size=79203605
R0 [P2] iter 287 done: global_full_size=158388758
R1 [P2] iter 286: merge done, full_size=79185153
R1 [P2] iter 287 done: global_full_size=158388758
R0 [P2] iter 287: PRE-JOIN GPU mem: 83.8GB free / 85.1GB total | delta_size=810 full_size=79203605
R1 [P2] iter 287: PRE-JOIN GPU mem: 83.8GB free / 85.1GB total | delta_size=803 full_size=79185153
R0 [P2] iter 287: join done, raw=798 result_size=798
R1 [P2] iter 287: join done, raw=795 result_size=795
R0 [P2] iter 287: split done, delta_size=801
R1 [P2] iter 287: split done, delta_size=792
R0 [P2] iter 287: dedup done, delta_size=801
R1 [P2] iter 287: dedup done, delta_size=792
R0 [P2] iter 287: subtract done, delta_size=798
R1 [P2] iter 287: subtract done, delta_size=792
R1 [P2] iter 287: merge done, full_size=79185945
R0 [P2] iter 287: merge done, full_size=79204403
R0 [P2] iter 288 done: global_full_size=158390348
R1 [P2] iter 288 done: global_full_size=158390348
R1 [P2] iter 288: PRE-JOIN GPU mem: 83.8GB free / 85.1GB total | delta_size=792 full_size=79185945
R0 [P2] iter 288: PRE-JOIN GPU mem: 83.8GB free / 85.1GB total | delta_size=798 full_size=79204403
R0 [P2] iter 288: join done, raw=789 result_size=789
R1 [P2] iter 288: join done, raw=784 result_size=784
R0 [P2] iter 288: split done, delta_size=787
R1 [P2] iter 288: split done, delta_size=786
R0 [P2] iter 288: dedup done, delta_size=787
R1 [P2] iter 288: dedup done, delta_size=786
R0 [P2] iter 288: subtract done, delta_size=784
R1 [P2] iter 288: subtract done, delta_size=786
R0 [P2] iter 288: merge done, full_size=79205187
R0 [P2] iter 289 done: global_full_size=158391918
R0 [P2] iter 289: PRE-JOIN GPU mem: 83.8GB free / 85.1GB total | delta_size=784 full_size=79205187
R1 [P2] iter 288: merge done, full_size=79186731
R1 [P2] iter 289 done: global_full_size=158391918
R1 [P2] iter 289: PRE-JOIN GPU mem: 83.8GB free / 85.1GB total | delta_size=786 full_size=79186731
R0 [P2] iter 289: join done, raw=777 result_size=777
R1 [P2] iter 289: join done, raw=778 result_size=778
R0 [P2] iter 289: split done, delta_size=779
R1 [P2] iter 289: split done, delta_size=776
R1 [P2] iter 289: dedup done, delta_size=776
R0 [P2] iter 289: dedup done, delta_size=779
R0 [P2] iter 289: subtract done, delta_size=776
R1 [P2] iter 289: subtract done, delta_size=776
R1 [P2] iter 289: merge done, full_size=79187507
R0 [P2] iter 289: merge done, full_size=79205963
R0 [P2] iter 290 done: global_full_size=158393470
R0 [P2] iter 290: PRE-JOIN GPU mem: 83.8GB free / 85.1GB total | delta_size=776 full_size=79205963
R1 [P2] iter 290 done: global_full_size=158393470
R1 [P2] iter 290: PRE-JOIN GPU mem: 83.8GB free / 85.1GB total | delta_size=776 full_size=79187507
R0 [P2] iter 290: join done, raw=769 result_size=769
R1 [P2] iter 290: join done, raw=768 result_size=768
R0 [P2] iter 290: split done, delta_size=770
R1 [P2] iter 290: split done, delta_size=767
R0 [P2] iter 290: dedup done, delta_size=770
R1 [P2] iter 290: dedup done, delta_size=767
R0 [P2] iter 290: subtract done, delta_size=767
R1 [P2] iter 290: subtract done, delta_size=767
R1 [P2] iter 290: merge done, full_size=79188274
R0 [P2] iter 290: merge done, full_size=79206730
R0 [P2] iter 291 done: global_full_size=158395004
R0 [P2] iter 291: PRE-JOIN GPU mem: 83.8GB free / 85.1GB total | delta_size=767 full_size=79206730
R1 [P2] iter 291 done: global_full_size=158395004
R1 [P2] iter 291: PRE-JOIN GPU mem: 83.8GB free / 85.1GB total | delta_size=767 full_size=79188274
R0 [P2] iter 291: join done, raw=760 result_size=760
R1 [P2] iter 291: join done, raw=759 result_size=759
R0 [P2] iter 291: split done, delta_size=762
R1 [P2] iter 291: split done, delta_size=757
R0 [P2] iter 291: dedup done, delta_size=762
R1 [P2] iter 291: dedup done, delta_size=757
R0 [P2] iter 291: subtract done, delta_size=759
R1 [P2] iter 291: subtract done, delta_size=757
R0 [P2] iter 291: merge done, full_size=79207489
R0 [P2] iter 292 done: global_full_size=158396520
R0 [P2] iter 292: PRE-JOIN GPU mem: 83.8GB free / 85.1GB total | delta_size=759 full_size=79207489
R1 [P2] iter 291: merge done, full_size=79189031
R1 [P2] iter 292 done: global_full_size=158396520
R1 [P2] iter 292: PRE-JOIN GPU mem: 83.8GB free / 85.1GB total | delta_size=757 full_size=79189031
R0 [P2] iter 292: join done, raw=752 result_size=752
R1 [P2] iter 292: join done, raw=751 result_size=751
R0 [P2] iter 292: split done, delta_size=757
R1 [P2] iter 292: split done, delta_size=746
R0 [P2] iter 292: dedup done, delta_size=757
R1 [P2] iter 292: dedup done, delta_size=746
R0 [P2] iter 292: subtract done, delta_size=754
R1 [P2] iter 292: subtract done, delta_size=746
R0 [P2] iter 292: merge done, full_size=79208243
R0 [P2] iter 293 done: global_full_size=158398020
R1 [P2] iter 292: merge done, full_size=79189777
R1 [P2] iter 293 done: global_full_size=158398020
R0 [P2] iter 293: PRE-JOIN GPU mem: 83.8GB free / 85.1GB total | delta_size=754 full_size=79208243
R1 [P2] iter 293: PRE-JOIN GPU mem: 83.8GB free / 85.1GB total | delta_size=746 full_size=79189777
R0 [P2] iter 293: join done, raw=747 result_size=747
R1 [P2] iter 293: join done, raw=740 result_size=740
R0 [P2] iter 293: split done, delta_size=749
R1 [P2] iter 293: split done, delta_size=738
R1 [P2] iter 293: dedup done, delta_size=738
R0 [P2] iter 293: dedup done, delta_size=749
R0 [P2] iter 293: subtract done, delta_size=746
R1 [P2] iter 293: subtract done, delta_size=738
R1 [P2] iter 293: merge done, full_size=79190515
R0 [P2] iter 293: merge done, full_size=79208989
R0 [P2] iter 294 done: global_full_size=158399504
R1 [P2] iter 294 done: global_full_size=158399504
R0 [P2] iter 294: PRE-JOIN GPU mem: 83.8GB free / 85.1GB total | delta_size=746 full_size=79208989
R1 [P2] iter 294: PRE-JOIN GPU mem: 83.8GB free / 85.1GB total | delta_size=738 full_size=79190515
R0 [P2] iter 294: join done, raw=739 result_size=739
R1 [P2] iter 294: join done, raw=732 result_size=732
R0 [P2] iter 294: split done, delta_size=737
R1 [P2] iter 294: split done, delta_size=734
R1 [P2] iter 294: dedup done, delta_size=734
R0 [P2] iter 294: dedup done, delta_size=737
R0 [P2] iter 294: subtract done, delta_size=734
R1 [P2] iter 294: subtract done, delta_size=734
R1 [P2] iter 294: merge done, full_size=79191249
R0 [P2] iter 294: merge done, full_size=79209723
R0 [P2] iter 295 done: global_full_size=158400972
R1 [P2] iter 295 done: global_full_size=158400972
R0 [P2] iter 295: PRE-JOIN GPU mem: 83.8GB free / 85.1GB total | delta_size=734 full_size=79209723
R1 [P2] iter 295: PRE-JOIN GPU mem: 83.8GB free / 85.1GB total | delta_size=734 full_size=79191249
R0 [P2] iter 295: join done, raw=727 result_size=727
R1 [P2] iter 295: join done, raw=728 result_size=728
R0 [P2] iter 295: split done, delta_size=723
R1 [P2] iter 295: split done, delta_size=732
R0 [P2] iter 295: dedup done, delta_size=723
R1 [P2] iter 295: dedup done, delta_size=732
R0 [P2] iter 295: subtract done, delta_size=720
R1 [P2] iter 295: subtract done, delta_size=732
R1 [P2] iter 295: merge done, full_size=79191981
R0 [P2] iter 295: merge done, full_size=79210443
R0 [P2] iter 296 done: global_full_size=158402424
R1 [P2] iter 296 done: global_full_size=158402424
R0 [P2] iter 296: PRE-JOIN GPU mem: 83.8GB free / 85.1GB total | delta_size=720 full_size=79210443
R1 [P2] iter 296: PRE-JOIN GPU mem: 83.8GB free / 85.1GB total | delta_size=732 full_size=79191981
R1 [P2] iter 296: join done, raw=726 result_size=726
R0 [P2] iter 296: join done, raw=713 result_size=713
R0 [P2] iter 296: split done, delta_size=714
R1 [P2] iter 296: split done, delta_size=725
R0 [P2] iter 296: dedup done, delta_size=714
R1 [P2] iter 296: dedup done, delta_size=725
R0 [P2] iter 296: subtract done, delta_size=711
R1 [P2] iter 296: subtract done, delta_size=725
R1 [P2] iter 296: merge done, full_size=79192706
R0 [P2] iter 296: merge done, full_size=79211154
R0 [P2] iter 297 done: global_full_size=158403860
R1 [P2] iter 297 done: global_full_size=158403860
R0 [P2] iter 297: PRE-JOIN GPU mem: 83.8GB free / 85.1GB total | delta_size=711 full_size=79211154
R1 [P2] iter 297: PRE-JOIN GPU mem: 83.8GB free / 85.1GB total | delta_size=725 full_size=79192706
R0 [P2] iter 297: join done, raw=704 result_size=704
R1 [P2] iter 297: join done, raw=719 result_size=719
R0 [P2] iter 297: split done, delta_size=708
R1 [P2] iter 297: split done, delta_size=715
R1 [P2] iter 297: dedup done, delta_size=715
R0 [P2] iter 297: dedup done, delta_size=708
R0 [P2] iter 297: subtract done, delta_size=705
R1 [P2] iter 297: subtract done, delta_size=715
R0 [P2] iter 297: merge done, full_size=79211859
R0 [P2] iter 298 done: global_full_size=158405280
R1 [P2] iter 297: merge done, full_size=79193421
R1 [P2] iter 298 done: global_full_size=158405280
R0 [P2] iter 298: PRE-JOIN GPU mem: 83.8GB free / 85.1GB total | delta_size=705 full_size=79211859
R1 [P2] iter 298: PRE-JOIN GPU mem: 83.8GB free / 85.1GB total | delta_size=715 full_size=79193421
R1 [P2] iter 298: join done, raw=709 result_size=709
R0 [P2] iter 298: join done, raw=698 result_size=698
R0 [P2] iter 298: split done, delta_size=701
R1 [P2] iter 298: split done, delta_size=706
R0 [P2] iter 298: dedup done, delta_size=701
R1 [P2] iter 298: dedup done, delta_size=706
R0 [P2] iter 298: subtract done, delta_size=698
R1 [P2] iter 298: subtract done, delta_size=706
R0 [P2] iter 298: merge done, full_size=79212557
R0 [P2] iter 299 done: global_full_size=158406684
R1 [P2] iter 298: merge done, full_size=79194127
R1 [P2] iter 299 done: global_full_size=158406684
R0 [P2] iter 299: PRE-JOIN GPU mem: 83.8GB free / 85.1GB total | delta_size=698 full_size=79212557
R1 [P2] iter 299: PRE-JOIN GPU mem: 83.8GB free / 85.1GB total | delta_size=706 full_size=79194127
R0 [P2] iter 299: join done, raw=690 result_size=690
R1 [P2] iter 299: join done, raw=700 result_size=700
R0 [P2] iter 299: split done, delta_size=694
R1 [P2] iter 299: split done, delta_size=696
R0 [P2] iter 299: dedup done, delta_size=694
R1 [P2] iter 299: dedup done, delta_size=696
R0 [P2] iter 299: subtract done, delta_size=692
R1 [P2] iter 299: subtract done, delta_size=696
R1 [P2] iter 299: merge done, full_size=79194823
R0 [P2] iter 299: merge done, full_size=79213249
R0 [P2] iter 300 done: global_full_size=158408072
R1 [P2] iter 300 done: global_full_size=158408072
R0 [P2] iter 300: PRE-JOIN GPU mem: 83.8GB free / 85.1GB total | delta_size=692 full_size=79213249
R1 [P2] iter 300: PRE-JOIN GPU mem: 83.8GB free / 85.1GB total | delta_size=696 full_size=79194823
R0 [P2] iter 300: join done, raw=683 result_size=683
R1 [P2] iter 300: join done, raw=689 result_size=689
R0 [P2] iter 300: split done, delta_size=685
R0 [P2] iter 300: dedup done, delta_size=685
R1 [P2] iter 300: split done, delta_size=687
R1 [P2] iter 300: dedup done, delta_size=687
R0 [P2] iter 300: subtract done, delta_size=683
R1 [P2] iter 300: subtract done, delta_size=687
R0 [P2] iter 300: merge done, full_size=79213932
R0 [P2] iter 301 done: global_full_size=158409442
R1 [P2] iter 300: merge done, full_size=79195510
R1 [P2] iter 301 done: global_full_size=158409442
R0 [P2] iter 301: PRE-JOIN GPU mem: 83.8GB free / 85.1GB total | delta_size=683 full_size=79213932
R1 [P2] iter 301: PRE-JOIN GPU mem: 83.8GB free / 85.1GB total | delta_size=687 full_size=79195510
R0 [P2] iter 301: join done, raw=673 result_size=673
R1 [P2] iter 301: join done, raw=680 result_size=680
R0 [P2] iter 301: split done, delta_size=675
R1 [P2] iter 301: split done, delta_size=678
R0 [P2] iter 301: dedup done, delta_size=675
R1 [P2] iter 301: dedup done, delta_size=678
R0 [P2] iter 301: subtract done, delta_size=673
R1 [P2] iter 301: subtract done, delta_size=678
R1 [P2] iter 301: merge done, full_size=79196188
R0 [P2] iter 301: merge done, full_size=79214605
R0 [P2] iter 302 done: global_full_size=158410793
R1 [P2] iter 302 done: global_full_size=158410793
R0 [P2] iter 302: PRE-JOIN GPU mem: 83.8GB free / 85.1GB total | delta_size=673 full_size=79214605
R1 [P2] iter 302: PRE-JOIN GPU mem: 83.8GB free / 85.1GB total | delta_size=678 full_size=79196188
R0 [P2] iter 302: join done, raw=664 result_size=664
R1 [P2] iter 302: join done, raw=671 result_size=671
R0 [P2] iter 302: split done, delta_size=666
R1 [P2] iter 302: split done, delta_size=669
R1 [P2] iter 302: dedup done, delta_size=669
R0 [P2] iter 302: dedup done, delta_size=666
R0 [P2] iter 302: subtract done, delta_size=664
R1 [P2] iter 302: subtract done, delta_size=669
R1 [P2] iter 302: merge done, full_size=79196857
R0 [P2] iter 302: merge done, full_size=79215269
R0 [P2] iter 303 done: global_full_size=158412126
R1 [P2] iter 303 done: global_full_size=158412126
R0 [P2] iter 303: PRE-JOIN GPU mem: 83.8GB free / 85.1GB total | delta_size=664 full_size=79215269
R1 [P2] iter 303: PRE-JOIN GPU mem: 83.8GB free / 85.1GB total | delta_size=669 full_size=79196857
R0 [P2] iter 303: join done, raw=656 result_size=656
R1 [P2] iter 303: join done, raw=663 result_size=663
R0 [P2] iter 303: split done, delta_size=659
R1 [P2] iter 303: split done, delta_size=660
R0 [P2] iter 303: dedup done, delta_size=659
R1 [P2] iter 303: dedup done, delta_size=660
R0 [P2] iter 303: subtract done, delta_size=657
R1 [P2] iter 303: subtract done, delta_size=660
R0 [P2] iter 303: merge done, full_size=79215926
R0 [P2] iter 304 done: global_full_size=158413443
R1 [P2] iter 303: merge done, full_size=79197517
R1 [P2] iter 304 done: global_full_size=158413443
R0 [P2] iter 304: PRE-JOIN GPU mem: 83.8GB free / 85.1GB total | delta_size=657 full_size=79215926
R1 [P2] iter 304: PRE-JOIN GPU mem: 83.8GB free / 85.1GB total | delta_size=660 full_size=79197517
R0 [P2] iter 304: join done, raw=649 result_size=649
R1 [P2] iter 304: join done, raw=654 result_size=654
R0 [P2] iter 304: split done, delta_size=653
R1 [P2] iter 304: split done, delta_size=650
R0 [P2] iter 304: dedup done, delta_size=653
R1 [P2] iter 304: dedup done, delta_size=650
R0 [P2] iter 304: subtract done, delta_size=651
R1 [P2] iter 304: subtract done, delta_size=650
R0 [P2] iter 304: merge done, full_size=79216577
R0 [P2] iter 305 done: global_full_size=158414744
R1 [P2] iter 304: merge done, full_size=79198167
R1 [P2] iter 305 done: global_full_size=158414744
R0 [P2] iter 305: PRE-JOIN GPU mem: 83.8GB free / 85.1GB total | delta_size=651 full_size=79216577
R1 [P2] iter 305: PRE-JOIN GPU mem: 83.8GB free / 85.1GB total | delta_size=650 full_size=79198167
R0 [P2] iter 305: join done, raw=643 result_size=643
R1 [P2] iter 305: join done, raw=644 result_size=644
R0 [P2] iter 305: split done, delta_size=650
R1 [P2] iter 305: split done, delta_size=637
R1 [P2] iter 305: dedup done, delta_size=637
R0 [P2] iter 305: dedup done, delta_size=650
R0 [P2] iter 305: subtract done, delta_size=648
R1 [P2] iter 305: subtract done, delta_size=637
R1 [P2] iter 305: merge done, full_size=79198804
R0 [P2] iter 305: merge done, full_size=79217225
R0 [P2] iter 306 done: global_full_size=158416029
R1 [P2] iter 306 done: global_full_size=158416029
R0 [P2] iter 306: PRE-JOIN GPU mem: 83.8GB free / 85.1GB total | delta_size=648 full_size=79217225
R1 [P2] iter 306: PRE-JOIN GPU mem: 83.8GB free / 85.1GB total | delta_size=637 full_size=79198804
R0 [P2] iter 306: join done, raw=640 result_size=640
R1 [P2] iter 306: join done, raw=631 result_size=631
R0 [P2] iter 306: split done, delta_size=643
R1 [P2] iter 306: split done, delta_size=628
R0 [P2] iter 306: dedup done, delta_size=643
R1 [P2] iter 306: dedup done, delta_size=628
R0 [P2] iter 306: subtract done, delta_size=641
R1 [P2] iter 306: subtract done, delta_size=628
R1 [P2] iter 306: merge done, full_size=79199432
R0 [P2] iter 306: merge done, full_size=79217866
R0 [P2] iter 307 done: global_full_size=158417298
R1 [P2] iter 307 done: global_full_size=158417298
R0 [P2] iter 307: PRE-JOIN GPU mem: 83.8GB free / 85.1GB total | delta_size=641 full_size=79217866
R1 [P2] iter 307: PRE-JOIN GPU mem: 83.8GB free / 85.1GB total | delta_size=628 full_size=79199432
R0 [P2] iter 307: join done, raw=632 result_size=632
R1 [P2] iter 307: join done, raw=622 result_size=622
R0 [P2] iter 307: split done, delta_size=631
R1 [P2] iter 307: split done, delta_size=623
R0 [P2] iter 307: dedup done, delta_size=631
R1 [P2] iter 307: dedup done, delta_size=623
R0 [P2] iter 307: subtract done, delta_size=629
R1 [P2] iter 307: subtract done, delta_size=623
R0 [P2] iter 307: merge done, full_size=79218495
R0 [P2] iter 308 done: global_full_size=158418550
R1 [P2] iter 307: merge done, full_size=79200055
R1 [P2] iter 308 done: global_full_size=158418550
R0 [P2] iter 308: PRE-JOIN GPU mem: 83.8GB free / 85.1GB total | delta_size=629 full_size=79218495
R1 [P2] iter 308: PRE-JOIN GPU mem: 83.8GB free / 85.1GB total | delta_size=623 full_size=79200055
R0 [P2] iter 308: join done, raw=620 result_size=620
R1 [P2] iter 308: join done, raw=617 result_size=617
R0 [P2] iter 308: split done, delta_size=622
R1 [P2] iter 308: split done, delta_size=615
R0 [P2] iter 308: dedup done, delta_size=622
R1 [P2] iter 308: dedup done, delta_size=615
R0 [P2] iter 308: subtract done, delta_size=620
R1 [P2] iter 308: subtract done, delta_size=615
R0 [P2] iter 308: merge done, full_size=79219115
R0 [P2] iter 309 done: global_full_size=158419785
R0 [P2] iter 309: PRE-JOIN GPU mem: 83.8GB free / 85.1GB total | delta_size=620 full_size=79219115
R1 [P2] iter 308: merge done, full_size=79200670
R1 [P2] iter 309 done: global_full_size=158419785
R1 [P2] iter 309: PRE-JOIN GPU mem: 83.8GB free / 85.1GB total | delta_size=615 full_size=79200670
R0 [P2] iter 309: join done, raw=614 result_size=614
R1 [P2] iter 309: join done, raw=609 result_size=609
R0 [P2] iter 309: split done, delta_size=614
R1 [P2] iter 309: split done, delta_size=609
R0 [P2] iter 309: dedup done, delta_size=614
R1 [P2] iter 309: dedup done, delta_size=609
R0 [P2] iter 309: subtract done, delta_size=612
R1 [P2] iter 309: subtract done, delta_size=609
R1 [P2] iter 309: merge done, full_size=79201279
R0 [P2] iter 309: merge done, full_size=79219727
R0 [P2] iter 310 done: global_full_size=158421006
R1 [P2] iter 310 done: global_full_size=158421006
R1 [P2] iter 310: PRE-JOIN GPU mem: 83.8GB free / 85.1GB total | delta_size=609 full_size=79201279
R0 [P2] iter 310: PRE-JOIN GPU mem: 83.8GB free / 85.1GB total | delta_size=612 full_size=79219727
R0 [P2] iter 310: join done, raw=606 result_size=606
R1 [P2] iter 310: join done, raw=603 result_size=603
R0 [P2] iter 310: split done, delta_size=606
R1 [P2] iter 310: split done, delta_size=603
R0 [P2] iter 310: dedup done, delta_size=606
R1 [P2] iter 310: dedup done, delta_size=603
R0 [P2] iter 310: subtract done, delta_size=604
R1 [P2] iter 310: subtract done, delta_size=603
R1 [P2] iter 310: merge done, full_size=79201882
R0 [P2] iter 310: merge done, full_size=79220331
R0 [P2] iter 311 done: global_full_size=158422213
R0 [P2] iter 311: PRE-JOIN GPU mem: 83.8GB free / 85.1GB total | delta_size=604 full_size=79220331
R1 [P2] iter 311 done: global_full_size=158422213
R1 [P2] iter 311: PRE-JOIN GPU mem: 83.8GB free / 85.1GB total | delta_size=603 full_size=79201882
R0 [P2] iter 311: join done, raw=598 result_size=598
R1 [P2] iter 311: join done, raw=597 result_size=597
R0 [P2] iter 311: split done, delta_size=597
R1 [P2] iter 311: split done, delta_size=598
R0 [P2] iter 311: dedup done, delta_size=597
R1 [P2] iter 311: dedup done, delta_size=598
R0 [P2] iter 311: subtract done, delta_size=595
R1 [P2] iter 311: subtract done, delta_size=598
R0 [P2] iter 311: merge done, full_size=79220926
R0 [P2] iter 312 done: global_full_size=158423406
R0 [P2] iter 312: PRE-JOIN GPU mem: 83.8GB free / 85.1GB total | delta_size=595 full_size=79220926
R1 [P2] iter 311: merge done, full_size=79202480
R1 [P2] iter 312 done: global_full_size=158423406
R1 [P2] iter 312: PRE-JOIN GPU mem: 83.8GB free / 85.1GB total | delta_size=598 full_size=79202480
R0 [P2] iter 312: join done, raw=589 result_size=589
R1 [P2] iter 312: join done, raw=592 result_size=592
R0 [P2] iter 312: split done, delta_size=590
R1 [P2] iter 312: split done, delta_size=591
R1 [P2] iter 312: dedup done, delta_size=591
R0 [P2] iter 312: dedup done, delta_size=590
R0 [P2] iter 312: subtract done, delta_size=588
R1 [P2] iter 312: subtract done, delta_size=591
R1 [P2] iter 312: merge done, full_size=79203071
R0 [P2] iter 312: merge done, full_size=79221514
R0 [P2] iter 313 done: global_full_size=158424585
R0 [P2] iter 313: PRE-JOIN GPU mem: 83.8GB free / 85.1GB total | delta_size=588 full_size=79221514
R1 [P2] iter 313 done: global_full_size=158424585
R1 [P2] iter 313: PRE-JOIN GPU mem: 83.8GB free / 85.1GB total | delta_size=591 full_size=79203071
R0 [P2] iter 313: join done, raw=582 result_size=582
R1 [P2] iter 313: join done, raw=585 result_size=585
R0 [P2] iter 313: split done, delta_size=585
R1 [P2] iter 313: split done, delta_size=582
R0 [P2] iter 313: dedup done, delta_size=585
R1 [P2] iter 313: dedup done, delta_size=582
R0 [P2] iter 313: subtract done, delta_size=583
R1 [P2] iter 313: subtract done, delta_size=582
R1 [P2] iter 313: merge done, full_size=79203653
R0 [P2] iter 313: merge done, full_size=79222097
R0 [P2] iter 314 done: global_full_size=158425750
R1 [P2] iter 314 done: global_full_size=158425750
R1 [P2] iter 314: PRE-JOIN GPU mem: 83.8GB free / 85.1GB total | delta_size=582 full_size=79203653
R0 [P2] iter 314: PRE-JOIN GPU mem: 83.8GB free / 85.1GB total | delta_size=583 full_size=79222097
R0 [P2] iter 314: join done, raw=577 result_size=577
R1 [P2] iter 314: join done, raw=576 result_size=576
R0 [P2] iter 314: split done, delta_size=580
R1 [P2] iter 314: split done, delta_size=573
R0 [P2] iter 314: dedup done, delta_size=580
R1 [P2] iter 314: dedup done, delta_size=573
R0 [P2] iter 314: subtract done, delta_size=578
R1 [P2] iter 314: subtract done, delta_size=573
R0 [P2] iter 314: merge done, full_size=79222675
R0 [P2] iter 315 done: global_full_size=158426901
R1 [P2] iter 314: merge done, full_size=79204226
R1 [P2] iter 315 done: global_full_size=158426901
R0 [P2] iter 315: PRE-JOIN GPU mem: 83.8GB free / 85.1GB total | delta_size=578 full_size=79222675
R1 [P2] iter 315: PRE-JOIN GPU mem: 83.8GB free / 85.1GB total | delta_size=573 full_size=79204226
R0 [P2] iter 315: join done, raw=572 result_size=572
R1 [P2] iter 315: join done, raw=567 result_size=567
R0 [P2] iter 315: split done, delta_size=571
R1 [P2] iter 315: split done, delta_size=568
R0 [P2] iter 315: dedup done, delta_size=571
R1 [P2] iter 315: dedup done, delta_size=568
R0 [P2] iter 315: subtract done, delta_size=569
R1 [P2] iter 315: subtract done, delta_size=568
R1 [P2] iter 315: merge done, full_size=79204794
R0 [P2] iter 315: merge done, full_size=79223244
R0 [P2] iter 316 done: global_full_size=158428038
R1 [P2] iter 316 done: global_full_size=158428038
R0 [P2] iter 316: PRE-JOIN GPU mem: 83.8GB free / 85.1GB total | delta_size=569 full_size=79223244
R1 [P2] iter 316: PRE-JOIN GPU mem: 83.8GB free / 85.1GB total | delta_size=568 full_size=79204794
R0 [P2] iter 316: join done, raw=563 result_size=563
R1 [P2] iter 316: join done, raw=562 result_size=562
R0 [P2] iter 316: split done, delta_size=570
R1 [P2] iter 316: split done, delta_size=555
R1 [P2] iter 316: dedup done, delta_size=555
R0 [P2] iter 316: dedup done, delta_size=570
R0 [P2] iter 316: subtract done, delta_size=568
R1 [P2] iter 316: subtract done, delta_size=555
R1 [P2] iter 316: merge done, full_size=79205349
R0 [P2] iter 316: merge done, full_size=79223812
R0 [P2] iter 317 done: global_full_size=158429161
R1 [P2] iter 317 done: global_full_size=158429161
R0 [P2] iter 317: PRE-JOIN GPU mem: 83.8GB free / 85.1GB total | delta_size=568 full_size=79223812
R1 [P2] iter 317: PRE-JOIN GPU mem: 83.8GB free / 85.1GB total | delta_size=555 full_size=79205349
R0 [P2] iter 317: join done, raw=562 result_size=562
R1 [P2] iter 317: join done, raw=549 result_size=549
R0 [P2] iter 317: split done, delta_size=561
R1 [P2] iter 317: split done, delta_size=550
R0 [P2] iter 317: dedup done, delta_size=561
R1 [P2] iter 317: dedup done, delta_size=550
R0 [P2] iter 317: subtract done, delta_size=559
R1 [P2] iter 317: subtract done, delta_size=550
R1 [P2] iter 317: merge done, full_size=79205899
R0 [P2] iter 317: merge done, full_size=79224371
R0 [P2] iter 318 done: global_full_size=158430270
R1 [P2] iter 318 done: global_full_size=158430270
R0 [P2] iter 318: PRE-JOIN GPU mem: 83.8GB free / 85.1GB total | delta_size=559 full_size=79224371
R1 [P2] iter 318: PRE-JOIN GPU mem: 83.8GB free / 85.1GB total | delta_size=550 full_size=79205899
R1 [P2] iter 318: join done, raw=544 result_size=544
R0 [P2] iter 318: join done, raw=553 result_size=553
R0 [P2] iter 318: split done, delta_size=554
R1 [P2] iter 318: split done, delta_size=543
R0 [P2] iter 318: dedup done, delta_size=554
R1 [P2] iter 318: dedup done, delta_size=543
R0 [P2] iter 318: subtract done, delta_size=552
R1 [P2] iter 318: subtract done, delta_size=543
R1 [P2] iter 318: merge done, full_size=79206442
R0 [P2] iter 318: merge done, full_size=79224923
R0 [P2] iter 319 done: global_full_size=158431365
R1 [P2] iter 319 done: global_full_size=158431365
R0 [P2] iter 319: PRE-JOIN GPU mem: 83.8GB free / 85.1GB total | delta_size=552 full_size=79224923
R1 [P2] iter 319: PRE-JOIN GPU mem: 83.8GB free / 85.1GB total | delta_size=543 full_size=79206442
R0 [P2] iter 319: join done, raw=546 result_size=546
R1 [P2] iter 319: join done, raw=537 result_size=537
R0 [P2] iter 319: split done, delta_size=547
R1 [P2] iter 319: split done, delta_size=536
R0 [P2] iter 319: dedup done, delta_size=547
R1 [P2] iter 319: dedup done, delta_size=536
R0 [P2] iter 319: subtract done, delta_size=545
R1 [P2] iter 319: subtract done, delta_size=536
R1 [P2] iter 319: merge done, full_size=79206978
R0 [P2] iter 319: merge done, full_size=79225468
R0 [P2] iter 320 done: global_full_size=158432446
R1 [P2] iter 320 done: global_full_size=158432446
R0 [P2] iter 320: PRE-JOIN GPU mem: 83.8GB free / 85.1GB total | delta_size=545 full_size=79225468
R1 [P2] iter 320: PRE-JOIN GPU mem: 83.8GB free / 85.1GB total | delta_size=536 full_size=79206978
R0 [P2] iter 320: join done, raw=539 result_size=539
R1 [P2] iter 320: join done, raw=530 result_size=530
R0 [P2] iter 320: split done, delta_size=537
R1 [P2] iter 320: split done, delta_size=532
R0 [P2] iter 320: dedup done, delta_size=537
R1 [P2] iter 320: dedup done, delta_size=532
R0 [P2] iter 320: subtract done, delta_size=535
R1 [P2] iter 320: subtract done, delta_size=532
R0 [P2] iter 320: merge done, full_size=79226003
R0 [P2] iter 321 done: global_full_size=158433513
R1 [P2] iter 320: merge done, full_size=79207510
R1 [P2] iter 321 done: global_full_size=158433513
R1 [P2] iter 321: PRE-JOIN GPU mem: 83.8GB free / 85.1GB total | delta_size=532 full_size=79207510
R1 [P2] iter 321: join done, raw=526 result_size=526
R0 [P2] iter 321: PRE-JOIN GPU mem: 83.8GB free / 85.1GB total | delta_size=535 full_size=79226003
R0 [P2] iter 321: join done, raw=528 result_size=528
R0 [P2] iter 321: split done, delta_size=532
R1 [P2] iter 321: split done, delta_size=522
R1 [P2] iter 321: dedup done, delta_size=522
R0 [P2] iter 321: dedup done, delta_size=532
R0 [P2] iter 321: subtract done, delta_size=530
R1 [P2] iter 321: subtract done, delta_size=522
R1 [P2] iter 321: merge done, full_size=79208032
R0 [P2] iter 321: merge done, full_size=79226533
R0 [P2] iter 322 done: global_full_size=158434565
R1 [P2] iter 322 done: global_full_size=158434565
R0 [P2] iter 322: PRE-JOIN GPU mem: 83.8GB free / 85.1GB total | delta_size=530 full_size=79226533
R1 [P2] iter 322: PRE-JOIN GPU mem: 83.8GB free / 85.1GB total | delta_size=522 full_size=79208032
R0 [P2] iter 322: join done, raw=523 result_size=523
R1 [P2] iter 322: join done, raw=518 result_size=518
R0 [P2] iter 322: split done, delta_size=527
R1 [P2] iter 322: split done, delta_size=514
R0 [P2] iter 322: dedup done, delta_size=527
R1 [P2] iter 322: dedup done, delta_size=514
R0 [P2] iter 322: subtract done, delta_size=525
R1 [P2] iter 322: subtract done, delta_size=514
R0 [P2] iter 322: merge done, full_size=79227058
R0 [P2] iter 323 done: global_full_size=158435604
R1 [P2] iter 322: merge done, full_size=79208546
R1 [P2] iter 323 done: global_full_size=158435604
R0 [P2] iter 323: PRE-JOIN GPU mem: 83.8GB free / 85.1GB total | delta_size=525 full_size=79227058
R1 [P2] iter 323: PRE-JOIN GPU mem: 83.8GB free / 85.1GB total | delta_size=514 full_size=79208546
R0 [P2] iter 323: join done, raw=518 result_size=518
R1 [P2] iter 323: join done, raw=511 result_size=511
R0 [P2] iter 323: split done, delta_size=519
R1 [P2] iter 323: split done, delta_size=510
R0 [P2] iter 323: dedup done, delta_size=519
R1 [P2] iter 323: dedup done, delta_size=510
R0 [P2] iter 323: subtract done, delta_size=517
R1 [P2] iter 323: subtract done, delta_size=510
R1 [P2] iter 323: merge done, full_size=79209056
R0 [P2] iter 323: merge done, full_size=79227575
R0 [P2] iter 324 done: global_full_size=158436631
R1 [P2] iter 324 done: global_full_size=158436631
R0 [P2] iter 324: PRE-JOIN GPU mem: 83.8GB free / 85.1GB total | delta_size=517 full_size=79227575
R1 [P2] iter 324: PRE-JOIN GPU mem: 83.8GB free / 85.1GB total | delta_size=510 full_size=79209056
R0 [P2] iter 324: join done, raw=510 result_size=510
R1 [P2] iter 324: join done, raw=507 result_size=507
R0 [P2] iter 324: split done, delta_size=510
R1 [P2] iter 324: split done, delta_size=507
R0 [P2] iter 324: dedup done, delta_size=510
R1 [P2] iter 324: dedup done, delta_size=507
R0 [P2] iter 324: subtract done, delta_size=508
R1 [P2] iter 324: subtract done, delta_size=507
R1 [P2] iter 324: merge done, full_size=79209563
R0 [P2] iter 324: merge done, full_size=79228083
R0 [P2] iter 325 done: global_full_size=158437646
R1 [P2] iter 325 done: global_full_size=158437646
R0 [P2] iter 325: PRE-JOIN GPU mem: 83.8GB free / 85.1GB total | delta_size=508 full_size=79228083
R1 [P2] iter 325: PRE-JOIN GPU mem: 83.8GB free / 85.1GB total | delta_size=507 full_size=79209563
R0 [P2] iter 325: join done, raw=501 result_size=501
R1 [P2] iter 325: join done, raw=503 result_size=503
R0 [P2] iter 325: split done, delta_size=505
R1 [P2] iter 325: split done, delta_size=499
R0 [P2] iter 325: dedup done, delta_size=505
R1 [P2] iter 325: dedup done, delta_size=499
R0 [P2] iter 325: subtract done, delta_size=503
R1 [P2] iter 325: subtract done, delta_size=499
R0 [P2] iter 325: merge done, full_size=79228586
R0 [P2] iter 326 done: global_full_size=158438648
R1 [P2] iter 325: merge done, full_size=79210062
R1 [P2] iter 326 done: global_full_size=158438648
R0 [P2] iter 326: PRE-JOIN GPU mem: 83.8GB free / 85.1GB total | delta_size=503 full_size=79228586
R1 [P2] iter 326: PRE-JOIN GPU mem: 83.8GB free / 85.1GB total | delta_size=499 full_size=79210062
R0 [P2] iter 326: join done, raw=497 result_size=497
R1 [P2] iter 326: join done, raw=495 result_size=495
R0 [P2] iter 326: split done, delta_size=499
R1 [P2] iter 326: split done, delta_size=493
R0 [P2] iter 326: dedup done, delta_size=499
R1 [P2] iter 326: dedup done, delta_size=493
R0 [P2] iter 326: subtract done, delta_size=497
R1 [P2] iter 326: subtract done, delta_size=493
R0 [P2] iter 326: merge done, full_size=79229083
R0 [P2] iter 327 done: global_full_size=158439638
R1 [P2] iter 326: merge done, full_size=79210555
R1 [P2] iter 327 done: global_full_size=158439638
R0 [P2] iter 327: PRE-JOIN GPU mem: 83.8GB free / 85.1GB total | delta_size=497 full_size=79229083
R1 [P2] iter 327: PRE-JOIN GPU mem: 83.8GB free / 85.1GB total | delta_size=493 full_size=79210555
R0 [P2] iter 327: join done, raw=491 result_size=491
R1 [P2] iter 327: join done, raw=489 result_size=489
R0 [P2] iter 327: split done, delta_size=492
R1 [P2] iter 327: split done, delta_size=488
R0 [P2] iter 327: dedup done, delta_size=492
R1 [P2] iter 327: dedup done, delta_size=488
R0 [P2] iter 327: subtract done, delta_size=490
R1 [P2] iter 327: subtract done, delta_size=488
R1 [P2] iter 327: merge done, full_size=79211043
R0 [P2] iter 327: merge done, full_size=79229573
R0 [P2] iter 328 done: global_full_size=158440616
R1 [P2] iter 328 done: global_full_size=158440616
R0 [P2] iter 328: PRE-JOIN GPU mem: 83.8GB free / 85.1GB total | delta_size=490 full_size=79229573
R1 [P2] iter 328: PRE-JOIN GPU mem: 83.8GB free / 85.1GB total | delta_size=488 full_size=79211043
R0 [P2] iter 328: join done, raw=484 result_size=484
R1 [P2] iter 328: join done, raw=484 result_size=484
R0 [P2] iter 328: split done, delta_size=485
R1 [P2] iter 328: split done, delta_size=483
R0 [P2] iter 328: dedup done, delta_size=485
R1 [P2] iter 328: dedup done, delta_size=483
R0 [P2] iter 328: subtract done, delta_size=483
R1 [P2] iter 328: subtract done, delta_size=483
R1 [P2] iter 328: merge done, full_size=79211526
R0 [P2] iter 328: merge done, full_size=79230056
R0 [P2] iter 329 done: global_full_size=158441582
R1 [P2] iter 329 done: global_full_size=158441582
R0 [P2] iter 329: PRE-JOIN GPU mem: 83.8GB free / 85.1GB total | delta_size=483 full_size=79230056
R1 [P2] iter 329: PRE-JOIN GPU mem: 83.8GB free / 85.1GB total | delta_size=483 full_size=79211526
R0 [P2] iter 329: join done, raw=477 result_size=477
R1 [P2] iter 329: join done, raw=479 result_size=479
R0 [P2] iter 329: split done, delta_size=476
R1 [P2] iter 329: split done, delta_size=480
R0 [P2] iter 329: dedup done, delta_size=476
R1 [P2] iter 329: dedup done, delta_size=480
R0 [P2] iter 329: subtract done, delta_size=474
R1 [P2] iter 329: subtract done, delta_size=480
R0 [P2] iter 329: merge done, full_size=79230530
R0 [P2] iter 330 done: global_full_size=158442536
R1 [P2] iter 329: merge done, full_size=79212006
R1 [P2] iter 330 done: global_full_size=158442536
R0 [P2] iter 330: PRE-JOIN GPU mem: 83.8GB free / 85.1GB total | delta_size=474 full_size=79230530
R1 [P2] iter 330: PRE-JOIN GPU mem: 83.8GB free / 85.1GB total | delta_size=480 full_size=79212006
R0 [P2] iter 330: join done, raw=468 result_size=468
R1 [P2] iter 330: join done, raw=476 result_size=476
R0 [P2] iter 330: split done, delta_size=468
R0 [P2] iter 330: dedup done, delta_size=468
R1 [P2] iter 330: split done, delta_size=476
R1 [P2] iter 330: dedup done, delta_size=476
R0 [P2] iter 330: subtract done, delta_size=466
R1 [P2] iter 330: subtract done, delta_size=476
R0 [P2] iter 330: merge done, full_size=79230996
R0 [P2] iter 331 done: global_full_size=158443478
R0 [P2] iter 331: PRE-JOIN GPU mem: 83.8GB free / 85.1GB total | delta_size=466 full_size=79230996
R1 [P2] iter 330: merge done, full_size=79212482
R1 [P2] iter 331 done: global_full_size=158443478
R1 [P2] iter 331: PRE-JOIN GPU mem: 83.8GB free / 85.1GB total | delta_size=476 full_size=79212482
R0 [P2] iter 331: join done, raw=460 result_size=460
R1 [P2] iter 331: join done, raw=472 result_size=472
R0 [P2] iter 331: split done, delta_size=466
R1 [P2] iter 331: split done, delta_size=466
R1 [P2] iter 331: dedup done, delta_size=466
R0 [P2] iter 331: dedup done, delta_size=466
R0 [P2] iter 331: subtract done, delta_size=464
R1 [P2] iter 331: subtract done, delta_size=466
R1 [P2] iter 331: merge done, full_size=79212948
R0 [P2] iter 331: merge done, full_size=79231460
R0 [P2] iter 332 done: global_full_size=158444408
R0 [P2] iter 332: PRE-JOIN GPU mem: 83.8GB free / 85.1GB total | delta_size=464 full_size=79231460
R1 [P2] iter 332 done: global_full_size=158444408
R1 [P2] iter 332: PRE-JOIN GPU mem: 83.8GB free / 85.1GB total | delta_size=466 full_size=79212948
R0 [P2] iter 332: join done, raw=458 result_size=458
R1 [P2] iter 332: join done, raw=462 result_size=462
R0 [P2] iter 332: split done, delta_size=460
R1 [P2] iter 332: split done, delta_size=460
R0 [P2] iter 332: dedup done, delta_size=460
R1 [P2] iter 332: dedup done, delta_size=460
R0 [P2] iter 332: subtract done, delta_size=458
R1 [P2] iter 332: subtract done, delta_size=460
R0 [P2] iter 332: merge done, full_size=79231918
R0 [P2] iter 333 done: global_full_size=158445326
R0 [P2] iter 333: PRE-JOIN GPU mem: 83.8GB free / 85.1GB total | delta_size=458 full_size=79231918
R1 [P2] iter 332: merge done, full_size=79213408
R1 [P2] iter 333 done: global_full_size=158445326
R1 [P2] iter 333: PRE-JOIN GPU mem: 83.8GB free / 85.1GB total | delta_size=460 full_size=79213408
R0 [P2] iter 333: join done, raw=452 result_size=452
R1 [P2] iter 333: join done, raw=456 result_size=456
R0 [P2] iter 333: split done, delta_size=454
R1 [P2] iter 333: split done, delta_size=454
R1 [P2] iter 333: dedup done, delta_size=454
R0 [P2] iter 333: dedup done, delta_size=454
R0 [P2] iter 333: subtract done, delta_size=452
R1 [P2] iter 333: subtract done, delta_size=454
R1 [P2] iter 333: merge done, full_size=79213862
R0 [P2] iter 333: merge done, full_size=79232370
R0 [P2] iter 334 done: global_full_size=158446232
R0 [P2] iter 334: PRE-JOIN GPU mem: 83.8GB free / 85.1GB total | delta_size=452 full_size=79232370
R1 [P2] iter 334 done: global_full_size=158446232
R1 [P2] iter 334: PRE-JOIN GPU mem: 83.8GB free / 85.1GB total | delta_size=454 full_size=79213862
R0 [P2] iter 334: join done, raw=446 result_size=446
R1 [P2] iter 334: join done, raw=450 result_size=450
R0 [P2] iter 334: split done, delta_size=451
R1 [P2] iter 334: split done, delta_size=445
R0 [P2] iter 334: dedup done, delta_size=451
R1 [P2] iter 334: dedup done, delta_size=445
R0 [P2] iter 334: subtract done, delta_size=449
R1 [P2] iter 334: subtract done, delta_size=445
R1 [P2] iter 334: merge done, full_size=79214307
R0 [P2] iter 334: merge done, full_size=79232819
R0 [P2] iter 335 done: global_full_size=158447126
R1 [P2] iter 335 done: global_full_size=158447126
R0 [P2] iter 335: PRE-JOIN GPU mem: 83.8GB free / 85.1GB total | delta_size=449 full_size=79232819
R1 [P2] iter 335: PRE-JOIN GPU mem: 83.8GB free / 85.1GB total | delta_size=445 full_size=79214307
R0 [P2] iter 335: join done, raw=443 result_size=443
R1 [P2] iter 335: join done, raw=441 result_size=441
R0 [P2] iter 335: split done, delta_size=445
R1 [P2] iter 335: split done, delta_size=439
R0 [P2] iter 335: dedup done, delta_size=445
R1 [P2] iter 335: dedup done, delta_size=439
R0 [P2] iter 335: subtract done, delta_size=443
R1 [P2] iter 335: subtract done, delta_size=439
R0 [P2] iter 335: merge done, full_size=79233262
R0 [P2] iter 336 done: global_full_size=158448008
R1 [P2] iter 335: merge done, full_size=79214746
R1 [P2] iter 336 done: global_full_size=158448008
R0 [P2] iter 336: PRE-JOIN GPU mem: 83.8GB free / 85.1GB total | delta_size=443 full_size=79233262
R1 [P2] iter 336: PRE-JOIN GPU mem: 83.8GB free / 85.1GB total | delta_size=439 full_size=79214746
R0 [P2] iter 336: join done, raw=437 result_size=437
R1 [P2] iter 336: join done, raw=435 result_size=435
R0 [P2] iter 336: split done, delta_size=441
R1 [P2] iter 336: split done, delta_size=431
R0 [P2] iter 336: dedup done, delta_size=441
R1 [P2] iter 336: dedup done, delta_size=431
R0 [P2] iter 336: subtract done, delta_size=439
R1 [P2] iter 336: subtract done, delta_size=431
R1 [P2] iter 336: merge done, full_size=79215177
R0 [P2] iter 336: merge done, full_size=79233701
R0 [P2] iter 337 done: global_full_size=158448878
R1 [P2] iter 337 done: global_full_size=158448878
R0 [P2] iter 337: PRE-JOIN GPU mem: 83.8GB free / 85.1GB total | delta_size=439 full_size=79233701
R1 [P2] iter 337: PRE-JOIN GPU mem: 83.8GB free / 85.1GB total | delta_size=431 full_size=79215177
R0 [P2] iter 337: join done, raw=433 result_size=433
R1 [P2] iter 337: join done, raw=427 result_size=427
R0 [P2] iter 337: split done, delta_size=434
R1 [P2] iter 337: split done, delta_size=426
R0 [P2] iter 337: dedup done, delta_size=434
R1 [P2] iter 337: dedup done, delta_size=426
R0 [P2] iter 337: subtract done, delta_size=432
R1 [P2] iter 337: subtract done, delta_size=426
R1 [P2] iter 337: merge done, full_size=79215603
R0 [P2] iter 337: merge done, full_size=79234133
R0 [P2] iter 338 done: global_full_size=158449736
R1 [P2] iter 338 done: global_full_size=158449736
R0 [P2] iter 338: PRE-JOIN GPU mem: 83.8GB free / 85.1GB total | delta_size=432 full_size=79234133
R1 [P2] iter 338: PRE-JOIN GPU mem: 83.8GB free / 85.1GB total | delta_size=426 full_size=79215603
R1 [P2] iter 338: join done, raw=422 result_size=422
R0 [P2] iter 338: join done, raw=426 result_size=426
R0 [P2] iter 338: split done, delta_size=429
R1 [P2] iter 338: split done, delta_size=419
R0 [P2] iter 338: dedup done, delta_size=429
R1 [P2] iter 338: dedup done, delta_size=419
R0 [P2] iter 338: subtract done, delta_size=427
R1 [P2] iter 338: subtract done, delta_size=419
R1 [P2] iter 338: merge done, full_size=79216022
R0 [P2] iter 338: merge done, full_size=79234560
R0 [P2] iter 339 done: global_full_size=158450582
R1 [P2] iter 339 done: global_full_size=158450582
R0 [P2] iter 339: PRE-JOIN GPU mem: 83.8GB free / 85.1GB total | delta_size=427 full_size=79234560
R1 [P2] iter 339: PRE-JOIN GPU mem: 83.8GB free / 85.1GB total | delta_size=419 full_size=79216022
R0 [P2] iter 339: join done, raw=421 result_size=421
R1 [P2] iter 339: join done, raw=415 result_size=415
R0 [P2] iter 339: split done, delta_size=424
R1 [P2] iter 339: split done, delta_size=412
R0 [P2] iter 339: dedup done, delta_size=424
R1 [P2] iter 339: dedup done, delta_size=412
R0 [P2] iter 339: subtract done, delta_size=422
R1 [P2] iter 339: subtract done, delta_size=412
R1 [P2] iter 339: merge done, full_size=79216434
R0 [P2] iter 339: merge done, full_size=79234982
R0 [P2] iter 340 done: global_full_size=158451416
R1 [P2] iter 340 done: global_full_size=158451416
R0 [P2] iter 340: PRE-JOIN GPU mem: 83.8GB free / 85.1GB total | delta_size=422 full_size=79234982
R1 [P2] iter 340: PRE-JOIN GPU mem: 83.8GB free / 85.1GB total | delta_size=412 full_size=79216434
R1 [P2] iter 340: join done, raw=409 result_size=409
R0 [P2] iter 340: join done, raw=417 result_size=417
R0 [P2] iter 340: split done, delta_size=421
R1 [P2] iter 340: split done, delta_size=405
R0 [P2] iter 340: dedup done, delta_size=421
R1 [P2] iter 340: dedup done, delta_size=405
R0 [P2] iter 340: subtract done, delta_size=419
R1 [P2] iter 340: subtract done, delta_size=405
R1 [P2] iter 340: merge done, full_size=79216839
R0 [P2] iter 340: merge done, full_size=79235401
R0 [P2] iter 341 done: global_full_size=158452240
R1 [P2] iter 341 done: global_full_size=158452240
R0 [P2] iter 341: PRE-JOIN GPU mem: 83.8GB free / 85.1GB total | delta_size=419 full_size=79235401
R1 [P2] iter 341: PRE-JOIN GPU mem: 83.8GB free / 85.1GB total | delta_size=405 full_size=79216839
R0 [P2] iter 341: join done, raw=413 result_size=413
R1 [P2] iter 341: join done, raw=402 result_size=402
R0 [P2] iter 341: split done, delta_size=413
R1 [P2] iter 341: split done, delta_size=402
R0 [P2] iter 341: dedup done, delta_size=413
R1 [P2] iter 341: dedup done, delta_size=402
R0 [P2] iter 341: subtract done, delta_size=411
R1 [P2] iter 341: subtract done, delta_size=402
R1 [P2] iter 341: merge done, full_size=79217241
R0 [P2] iter 341: merge done, full_size=79235812
R0 [P2] iter 342 done: global_full_size=158453053
R1 [P2] iter 342 done: global_full_size=158453053
R0 [P2] iter 342: PRE-JOIN GPU mem: 83.8GB free / 85.1GB total | delta_size=411 full_size=79235812
R1 [P2] iter 342: PRE-JOIN GPU mem: 83.8GB free / 85.1GB total | delta_size=402 full_size=79217241
R0 [P2] iter 342: join done, raw=405 result_size=405
R1 [P2] iter 342: join done, raw=400 result_size=400
R0 [P2] iter 342: split done, delta_size=407
R1 [P2] iter 342: split done, delta_size=398
R0 [P2] iter 342: dedup done, delta_size=407
R1 [P2] iter 342: dedup done, delta_size=398
R0 [P2] iter 342: subtract done, delta_size=405
R1 [P2] iter 342: subtract done, delta_size=398
R0 [P2] iter 342: merge done, full_size=79236217
R0 [P2] iter 343 done: global_full_size=158453856
R1 [P2] iter 342: merge done, full_size=79217639
R1 [P2] iter 343 done: global_full_size=158453856
R0 [P2] iter 343: PRE-JOIN GPU mem: 83.8GB free / 85.1GB total | delta_size=405 full_size=79236217
R1 [P2] iter 343: PRE-JOIN GPU mem: 83.8GB free / 85.1GB total | delta_size=398 full_size=79217639
R0 [P2] iter 343: join done, raw=399 result_size=399
R1 [P2] iter 343: join done, raw=396 result_size=396
R0 [P2] iter 343: split done, delta_size=403
R1 [P2] iter 343: split done, delta_size=392
R0 [P2] iter 343: dedup done, delta_size=403
R1 [P2] iter 343: dedup done, delta_size=392
R0 [P2] iter 343: subtract done, delta_size=401
R1 [P2] iter 343: subtract done, delta_size=392
R1 [P2] iter 343: merge done, full_size=79218031
R0 [P2] iter 343: merge done, full_size=79236618
R0 [P2] iter 344 done: global_full_size=158454649
R1 [P2] iter 344 done: global_full_size=158454649
R0 [P2] iter 344: PRE-JOIN GPU mem: 83.8GB free / 85.1GB total | delta_size=401 full_size=79236618
R1 [P2] iter 344: PRE-JOIN GPU mem: 83.8GB free / 85.1GB total | delta_size=392 full_size=79218031
R0 [P2] iter 344: join done, raw=395 result_size=395
R1 [P2] iter 344: join done, raw=390 result_size=390
R0 [P2] iter 344: split done, delta_size=397
R1 [P2] iter 344: split done, delta_size=388
R0 [P2] iter 344: dedup done, delta_size=397
R1 [P2] iter 344: dedup done, delta_size=388
R0 [P2] iter 344: subtract done, delta_size=395
R1 [P2] iter 344: subtract done, delta_size=388
R0 [P2] iter 344: merge done, full_size=79237013
R0 [P2] iter 345 done: global_full_size=158455432
R1 [P2] iter 344: merge done, full_size=79218419
R1 [P2] iter 345 done: global_full_size=158455432
R0 [P2] iter 345: PRE-JOIN GPU mem: 83.8GB free / 85.1GB total | delta_size=395 full_size=79237013
R1 [P2] iter 345: PRE-JOIN GPU mem: 83.8GB free / 85.1GB total | delta_size=388 full_size=79218419
R0 [P2] iter 345: join done, raw=389 result_size=389
R1 [P2] iter 345: join done, raw=386 result_size=386
R0 [P2] iter 345: split done, delta_size=393
R1 [P2] iter 345: split done, delta_size=382
R1 [P2] iter 345: dedup done, delta_size=382
R0 [P2] iter 345: dedup done, delta_size=393
R0 [P2] iter 345: subtract done, delta_size=391
R1 [P2] iter 345: subtract done, delta_size=382
R1 [P2] iter 345: merge done, full_size=79218801
R0 [P2] iter 345: merge done, full_size=79237404
R0 [P2] iter 346 done: global_full_size=158456205
R1 [P2] iter 346 done: global_full_size=158456205
R0 [P2] iter 346: PRE-JOIN GPU mem: 83.8GB free / 85.1GB total | delta_size=391 full_size=79237404
R1 [P2] iter 346: PRE-JOIN GPU mem: 83.8GB free / 85.1GB total | delta_size=382 full_size=79218801
R0 [P2] iter 346: join done, raw=385 result_size=385
R1 [P2] iter 346: join done, raw=380 result_size=380
R0 [P2] iter 346: split done, delta_size=391
R1 [P2] iter 346: split done, delta_size=374
R0 [P2] iter 346: dedup done, delta_size=391
R1 [P2] iter 346: dedup done, delta_size=374
R0 [P2] iter 346: subtract done, delta_size=389
R1 [P2] iter 346: subtract done, delta_size=374
R0 [P2] iter 346: merge done, full_size=79237793
R0 [P2] iter 347 done: global_full_size=158456968
R1 [P2] iter 346: merge done, full_size=79219175
R1 [P2] iter 347 done: global_full_size=158456968
R0 [P2] iter 347: PRE-JOIN GPU mem: 83.8GB free / 85.1GB total | delta_size=389 full_size=79237793
R1 [P2] iter 347: PRE-JOIN GPU mem: 83.8GB free / 85.1GB total | delta_size=374 full_size=79219175
R0 [P2] iter 347: join done, raw=383 result_size=383
R1 [P2] iter 347: join done, raw=372 result_size=372
R0 [P2] iter 347: split done, delta_size=387
R1 [P2] iter 347: split done, delta_size=368
R1 [P2] iter 347: dedup done, delta_size=368
R0 [P2] iter 347: dedup done, delta_size=387
R0 [P2] iter 347: subtract done, delta_size=385
R1 [P2] iter 347: subtract done, delta_size=368
R1 [P2] iter 347: merge done, full_size=79219543
R0 [P2] iter 347: merge done, full_size=79238178
R0 [P2] iter 348 done: global_full_size=158457721
R1 [P2] iter 348 done: global_full_size=158457721
R0 [P2] iter 348: PRE-JOIN GPU mem: 83.8GB free / 85.1GB total | delta_size=385 full_size=79238178
R1 [P2] iter 348: PRE-JOIN GPU mem: 83.8GB free / 85.1GB total | delta_size=368 full_size=79219543
R0 [P2] iter 348: join done, raw=379 result_size=379
R1 [P2] iter 348: join done, raw=366 result_size=366
R0 [P2] iter 348: split done, delta_size=382
R1 [P2] iter 348: split done, delta_size=363
R0 [P2] iter 348: dedup done, delta_size=382
R1 [P2] iter 348: dedup done, delta_size=363
R0 [P2] iter 348: subtract done, delta_size=380
R1 [P2] iter 348: subtract done, delta_size=363
R1 [P2] iter 348: merge done, full_size=79219906
R0 [P2] iter 348: merge done, full_size=79238558
R0 [P2] iter 349 done: global_full_size=158458464
R1 [P2] iter 349 done: global_full_size=158458464
R0 [P2] iter 349: PRE-JOIN GPU mem: 83.8GB free / 85.1GB total | delta_size=380 full_size=79238558
R1 [P2] iter 349: PRE-JOIN GPU mem: 83.8GB free / 85.1GB total | delta_size=363 full_size=79219906
R0 [P2] iter 349: join done, raw=374 result_size=374
R1 [P2] iter 349: join done, raw=361 result_size=361
R0 [P2] iter 349: split done, delta_size=376
R1 [P2] iter 349: split done, delta_size=359
R0 [P2] iter 349: dedup done, delta_size=376
R1 [P2] iter 349: dedup done, delta_size=359
R0 [P2] iter 349: subtract done, delta_size=374
R1 [P2] iter 349: subtract done, delta_size=359
R0 [P2] iter 349: merge done, full_size=79238932
R0 [P2] iter 350 done: global_full_size=158459197
R1 [P2] iter 349: merge done, full_size=79220265
R1 [P2] iter 350 done: global_full_size=158459197
R0 [P2] iter 350: PRE-JOIN GPU mem: 83.8GB free / 85.1GB total | delta_size=374 full_size=79238932
R1 [P2] iter 350: PRE-JOIN GPU mem: 83.8GB free / 85.1GB total | delta_size=359 full_size=79220265
R0 [P2] iter 350: join done, raw=368 result_size=368
R1 [P2] iter 350: join done, raw=357 result_size=357
R0 [P2] iter 350: split done, delta_size=370
R1 [P2] iter 350: split done, delta_size=355
R0 [P2] iter 350: dedup done, delta_size=370
R1 [P2] iter 350: dedup done, delta_size=355
R0 [P2] iter 350: subtract done, delta_size=368
R1 [P2] iter 350: subtract done, delta_size=355
R0 [P2] iter 350: merge done, full_size=79239300
R0 [P2] iter 351 done: global_full_size=158459920
R0 [P2] iter 351: PRE-JOIN GPU mem: 83.8GB free / 85.1GB total | delta_size=368 full_size=79239300
R1 [P2] iter 350: merge done, full_size=79220620
R1 [P2] iter 351 done: global_full_size=158459920
R1 [P2] iter 351: PRE-JOIN GPU mem: 83.8GB free / 85.1GB total | delta_size=355 full_size=79220620
R0 [P2] iter 351: join done, raw=362 result_size=362
R1 [P2] iter 351: join done, raw=353 result_size=353
R0 [P2] iter 351: split done, delta_size=365
R1 [P2] iter 351: split done, delta_size=350
R1 [P2] iter 351: dedup done, delta_size=350
R0 [P2] iter 351: dedup done, delta_size=365
R1 [P2] iter 351: subtract done, delta_size=350
R0 [P2] iter 351: subtract done, delta_size=363
R1 [P2] iter 351: merge done, full_size=79220970
R0 [P2] iter 351: merge done, full_size=79239663
R0 [P2] iter 352 done: global_full_size=158460633
R0 [P2] iter 352: PRE-JOIN GPU mem: 83.8GB free / 85.1GB total | delta_size=363 full_size=79239663
R1 [P2] iter 352 done: global_full_size=158460633
R1 [P2] iter 352: PRE-JOIN GPU mem: 83.8GB free / 85.1GB total | delta_size=350 full_size=79220970
R0 [P2] iter 352: join done, raw=357 result_size=357
R1 [P2] iter 352: join done, raw=348 result_size=348
R0 [P2] iter 352: split done, delta_size=360
R1 [P2] iter 352: split done, delta_size=345
R0 [P2] iter 352: dedup done, delta_size=360
R1 [P2] iter 352: dedup done, delta_size=345
R0 [P2] iter 352: subtract done, delta_size=358
R1 [P2] iter 352: subtract done, delta_size=345
R0 [P2] iter 352: merge done, full_size=79240021
R0 [P2] iter 353 done: global_full_size=158461336
R0 [P2] iter 353: PRE-JOIN GPU mem: 83.8GB free / 85.1GB total | delta_size=358 full_size=79240021
R1 [P2] iter 352: merge done, full_size=79221315
R1 [P2] iter 353 done: global_full_size=158461336
R1 [P2] iter 353: PRE-JOIN GPU mem: 83.8GB free / 85.1GB total | delta_size=345 full_size=79221315
R0 [P2] iter 353: join done, raw=352 result_size=352
R1 [P2] iter 353: join done, raw=343 result_size=343
R0 [P2] iter 353: split done, delta_size=355
R1 [P2] iter 353: split done, delta_size=340
R1 [P2] iter 353: dedup done, delta_size=340
R0 [P2] iter 353: dedup done, delta_size=355
R1 [P2] iter 353: subtract done, delta_size=340
R0 [P2] iter 353: subtract done, delta_size=353
R1 [P2] iter 353: merge done, full_size=79221655
R0 [P2] iter 353: merge done, full_size=79240374
R0 [P2] iter 354 done: global_full_size=158462029
R0 [P2] iter 354: PRE-JOIN GPU mem: 83.8GB free / 85.1GB total | delta_size=353 full_size=79240374
R1 [P2] iter 354 done: global_full_size=158462029
R1 [P2] iter 354: PRE-JOIN GPU mem: 83.8GB free / 85.1GB total | delta_size=340 full_size=79221655
R0 [P2] iter 354: join done, raw=347 result_size=347
R1 [P2] iter 354: join done, raw=338 result_size=338
R0 [P2] iter 354: split done, delta_size=350
R1 [P2] iter 354: split done, delta_size=335
R0 [P2] iter 354: dedup done, delta_size=350
R1 [P2] iter 354: dedup done, delta_size=335
R0 [P2] iter 354: subtract done, delta_size=348
R1 [P2] iter 354: subtract done, delta_size=335
R1 [P2] iter 354: merge done, full_size=79221990
R0 [P2] iter 354: merge done, full_size=79240722
R0 [P2] iter 355 done: global_full_size=158462712
R0 [P2] iter 355: PRE-JOIN GPU mem: 83.8GB free / 85.1GB total | delta_size=348 full_size=79240722
R1 [P2] iter 355 done: global_full_size=158462712
R1 [P2] iter 355: PRE-JOIN GPU mem: 83.8GB free / 85.1GB total | delta_size=335 full_size=79221990
R0 [P2] iter 355: join done, raw=342 result_size=342
R1 [P2] iter 355: join done, raw=333 result_size=333
R0 [P2] iter 355: split done, delta_size=345
R1 [P2] iter 355: split done, delta_size=330
R0 [P2] iter 355: dedup done, delta_size=345
R1 [P2] iter 355: dedup done, delta_size=330
R0 [P2] iter 355: subtract done, delta_size=343
R1 [P2] iter 355: subtract done, delta_size=330
R0 [P2] iter 355: merge done, full_size=79241065
R0 [P2] iter 356 done: global_full_size=158463385
R1 [P2] iter 355: merge done, full_size=79222320
R1 [P2] iter 356 done: global_full_size=158463385
R0 [P2] iter 356: PRE-JOIN GPU mem: 83.8GB free / 85.1GB total | delta_size=343 full_size=79241065
R1 [P2] iter 356: PRE-JOIN GPU mem: 83.8GB free / 85.1GB total | delta_size=330 full_size=79222320
R0 [P2] iter 356: join done, raw=337 result_size=337
R1 [P2] iter 356: join done, raw=328 result_size=328
R0 [P2] iter 356: split done, delta_size=341
R1 [P2] iter 356: split done, delta_size=324
R0 [P2] iter 356: dedup done, delta_size=341
R1 [P2] iter 356: dedup done, delta_size=324
R0 [P2] iter 356: subtract done, delta_size=339
R1 [P2] iter 356: subtract done, delta_size=324
R0 [P2] iter 356: merge done, full_size=79241404
R0 [P2] iter 357 done: global_full_size=158464048
R1 [P2] iter 356: merge done, full_size=79222644
R1 [P2] iter 357 done: global_full_size=158464048
R0 [P2] iter 357: PRE-JOIN GPU mem: 83.8GB free / 85.1GB total | delta_size=339 full_size=79241404
R1 [P2] iter 357: PRE-JOIN GPU mem: 83.8GB free / 85.1GB total | delta_size=324 full_size=79222644
R0 [P2] iter 357: join done, raw=333 result_size=333
R1 [P2] iter 357: join done, raw=321 result_size=321
R0 [P2] iter 357: split done, delta_size=336
R1 [P2] iter 357: split done, delta_size=318
R0 [P2] iter 357: dedup done, delta_size=336
R1 [P2] iter 357: dedup done, delta_size=318
R0 [P2] iter 357: subtract done, delta_size=334
R1 [P2] iter 357: subtract done, delta_size=318
R0 [P2] iter 357: merge done, full_size=79241738
R0 [P2] iter 358 done: global_full_size=158464700
R1 [P2] iter 357: merge done, full_size=79222962
R1 [P2] iter 358 done: global_full_size=158464700
R0 [P2] iter 358: PRE-JOIN GPU mem: 83.8GB free / 85.1GB total | delta_size=334 full_size=79241738
R1 [P2] iter 358: PRE-JOIN GPU mem: 83.8GB free / 85.1GB total | delta_size=318 full_size=79222962
R0 [P2] iter 358: join done, raw=329 result_size=329
R1 [P2] iter 358: join done, raw=315 result_size=315
R0 [P2] iter 358: split done, delta_size=332
R1 [P2] iter 358: split done, delta_size=312
R0 [P2] iter 358: dedup done, delta_size=332
R1 [P2] iter 358: dedup done, delta_size=312
R0 [P2] iter 358: subtract done, delta_size=330
R1 [P2] iter 358: subtract done, delta_size=312
R0 [P2] iter 358: merge done, full_size=79242068
R0 [P2] iter 359 done: global_full_size=158465342
R1 [P2] iter 358: merge done, full_size=79223274
R1 [P2] iter 359 done: global_full_size=158465342
R0 [P2] iter 359: PRE-JOIN GPU mem: 83.8GB free / 85.1GB total | delta_size=330 full_size=79242068
R1 [P2] iter 359: PRE-JOIN GPU mem: 83.8GB free / 85.1GB total | delta_size=312 full_size=79223274
R0 [P2] iter 359: join done, raw=325 result_size=325
R1 [P2] iter 359: join done, raw=309 result_size=309
R0 [P2] iter 359: split done, delta_size=325
R1 [P2] iter 359: split done, delta_size=309
R0 [P2] iter 359: dedup done, delta_size=325
R1 [P2] iter 359: dedup done, delta_size=309
R0 [P2] iter 359: subtract done, delta_size=323
R1 [P2] iter 359: subtract done, delta_size=309
R1 [P2] iter 359: merge done, full_size=79223583
R0 [P2] iter 359: merge done, full_size=79242391
R0 [P2] iter 360 done: global_full_size=158465974
R1 [P2] iter 360 done: global_full_size=158465974
R0 [P2] iter 360: PRE-JOIN GPU mem: 83.8GB free / 85.1GB total | delta_size=323 full_size=79242391
R1 [P2] iter 360: PRE-JOIN GPU mem: 83.8GB free / 85.1GB total | delta_size=309 full_size=79223583
R0 [P2] iter 360: join done, raw=317 result_size=317
R1 [P2] iter 360: join done, raw=306 result_size=306
R0 [P2] iter 360: split done, delta_size=320
R1 [P2] iter 360: split done, delta_size=303
R1 [P2] iter 360: dedup done, delta_size=303
R0 [P2] iter 360: dedup done, delta_size=320
R0 [P2] iter 360: subtract done, delta_size=318
R1 [P2] iter 360: subtract done, delta_size=303
R1 [P2] iter 360: merge done, full_size=79223886
R0 [P2] iter 360: merge done, full_size=79242709
R0 [P2] iter 361 done: global_full_size=158466595
R1 [P2] iter 361 done: global_full_size=158466595
R0 [P2] iter 361: PRE-JOIN GPU mem: 83.8GB free / 85.1GB total | delta_size=318 full_size=79242709
R1 [P2] iter 361: PRE-JOIN GPU mem: 83.8GB free / 85.1GB total | delta_size=303 full_size=79223886
R0 [P2] iter 361: join done, raw=313 result_size=313
R1 [P2] iter 361: join done, raw=300 result_size=300
R0 [P2] iter 361: split done, delta_size=316
R1 [P2] iter 361: split done, delta_size=297
R0 [P2] iter 361: dedup done, delta_size=316
R1 [P2] iter 361: dedup done, delta_size=297
R0 [P2] iter 361: subtract done, delta_size=314
R1 [P2] iter 361: subtract done, delta_size=297
R0 [P2] iter 361: merge done, full_size=79243023
R0 [P2] iter 362 done: global_full_size=158467206
R1 [P2] iter 361: merge done, full_size=79224183
R1 [P2] iter 362 done: global_full_size=158467206
R0 [P2] iter 362: PRE-JOIN GPU mem: 83.8GB free / 85.1GB total | delta_size=314 full_size=79243023
R1 [P2] iter 362: PRE-JOIN GPU mem: 83.8GB free / 85.1GB total | delta_size=297 full_size=79224183
R0 [P2] iter 362: join done, raw=309 result_size=309
R1 [P2] iter 362: join done, raw=294 result_size=294
R0 [P2] iter 362: split done, delta_size=313
R1 [P2] iter 362: split done, delta_size=290
R0 [P2] iter 362: dedup done, delta_size=313
R1 [P2] iter 362: dedup done, delta_size=290
R0 [P2] iter 362: subtract done, delta_size=311
R1 [P2] iter 362: subtract done, delta_size=290
R1 [P2] iter 362: merge done, full_size=79224473
R0 [P2] iter 362: merge done, full_size=79243334
R0 [P2] iter 363 done: global_full_size=158467807
R1 [P2] iter 363 done: global_full_size=158467807
R0 [P2] iter 363: PRE-JOIN GPU mem: 83.8GB free / 85.1GB total | delta_size=311 full_size=79243334
R1 [P2] iter 363: PRE-JOIN GPU mem: 83.8GB free / 85.1GB total | delta_size=290 full_size=79224473
R0 [P2] iter 363: join done, raw=306 result_size=306
R1 [P2] iter 363: join done, raw=287 result_size=287
R0 [P2] iter 363: split done, delta_size=309
R1 [P2] iter 363: split done, delta_size=284
R1 [P2] iter 363: dedup done, delta_size=284
R0 [P2] iter 363: dedup done, delta_size=309
R0 [P2] iter 363: subtract done, delta_size=307
R1 [P2] iter 363: subtract done, delta_size=284
R1 [P2] iter 363: merge done, full_size=79224757
R0 [P2] iter 363: merge done, full_size=79243641
R0 [P2] iter 364 done: global_full_size=158468398
R1 [P2] iter 364 done: global_full_size=158468398
R0 [P2] iter 364: PRE-JOIN GPU mem: 83.8GB free / 85.1GB total | delta_size=307 full_size=79243641
R0 [P2] iter 364: join done, raw=302 result_size=302
R1 [P2] iter 364: PRE-JOIN GPU mem: 83.8GB free / 85.1GB total | delta_size=284 full_size=79224757
R1 [P2] iter 364: join done, raw=281 result_size=281
R0 [P2] iter 364: split done, delta_size=301
R1 [P2] iter 364: split done, delta_size=282
R0 [P2] iter 364: dedup done, delta_size=301
R1 [P2] iter 364: dedup done, delta_size=282
R0 [P2] iter 364: subtract done, delta_size=299
R1 [P2] iter 364: subtract done, delta_size=282
R1 [P2] iter 364: merge done, full_size=79225039
R0 [P2] iter 364: merge done, full_size=79243940
R0 [P2] iter 365 done: global_full_size=158468979
R1 [P2] iter 365 done: global_full_size=158468979
R0 [P2] iter 365: PRE-JOIN GPU mem: 83.8GB free / 85.1GB total | delta_size=299 full_size=79243940
R1 [P2] iter 365: PRE-JOIN GPU mem: 83.8GB free / 85.1GB total | delta_size=282 full_size=79225039
R0 [P2] iter 365: join done, raw=294 result_size=294
R1 [P2] iter 365: join done, raw=279 result_size=279
R0 [P2] iter 365: split done, delta_size=295
R1 [P2] iter 365: split done, delta_size=278
R0 [P2] iter 365: dedup done, delta_size=295
R1 [P2] iter 365: dedup done, delta_size=278
R0 [P2] iter 365: subtract done, delta_size=293
R1 [P2] iter 365: subtract done, delta_size=278
R0 [P2] iter 365: merge done, full_size=79244233
R0 [P2] iter 366 done: global_full_size=158469550
R1 [P2] iter 365: merge done, full_size=79225317
R1 [P2] iter 366 done: global_full_size=158469550
R0 [P2] iter 366: PRE-JOIN GPU mem: 83.8GB free / 85.1GB total | delta_size=293 full_size=79244233
R1 [P2] iter 366: PRE-JOIN GPU mem: 83.8GB free / 85.1GB total | delta_size=278 full_size=79225317
R0 [P2] iter 366: join done, raw=288 result_size=288
R1 [P2] iter 366: join done, raw=275 result_size=275
R0 [P2] iter 366: split done, delta_size=293
R1 [P2] iter 366: split done, delta_size=270
R0 [P2] iter 366: dedup done, delta_size=293
R1 [P2] iter 366: dedup done, delta_size=270
R0 [P2] iter 366: subtract done, delta_size=291
R1 [P2] iter 366: subtract done, delta_size=270
R1 [P2] iter 366: merge done, full_size=79225587
R0 [P2] iter 366: merge done, full_size=79244524
R0 [P2] iter 367 done: global_full_size=158470111
R1 [P2] iter 367 done: global_full_size=158470111
R0 [P2] iter 367: PRE-JOIN GPU mem: 83.8GB free / 85.1GB total | delta_size=291 full_size=79244524
R1 [P2] iter 367: PRE-JOIN GPU mem: 83.8GB free / 85.1GB total | delta_size=270 full_size=79225587
R0 [P2] iter 367: join done, raw=286 result_size=286
R1 [P2] iter 367: join done, raw=267 result_size=267
R0 [P2] iter 367: split done, delta_size=289
R1 [P2] iter 367: split done, delta_size=264
R0 [P2] iter 367: dedup done, delta_size=289
R1 [P2] iter 367: dedup done, delta_size=264
R0 [P2] iter 367: subtract done, delta_size=287
R1 [P2] iter 367: subtract done, delta_size=264
R0 [P2] iter 367: merge done, full_size=79244811
R0 [P2] iter 368 done: global_full_size=158470662
R1 [P2] iter 367: merge done, full_size=79225851
R1 [P2] iter 368 done: global_full_size=158470662
R0 [P2] iter 368: PRE-JOIN GPU mem: 83.8GB free / 85.1GB total | delta_size=287 full_size=79244811
R1 [P2] iter 368: PRE-JOIN GPU mem: 83.8GB free / 85.1GB total | delta_size=264 full_size=79225851
R0 [P2] iter 368: join done, raw=282 result_size=282
R1 [P2] iter 368: join done, raw=261 result_size=261
R0 [P2] iter 368: split done, delta_size=285
R1 [P2] iter 368: split done, delta_size=258
R0 [P2] iter 368: dedup done, delta_size=285
R1 [P2] iter 368: dedup done, delta_size=258
R0 [P2] iter 368: subtract done, delta_size=283
R1 [P2] iter 368: subtract done, delta_size=258
R0 [P2] iter 368: merge done, full_size=79245094
R0 [P2] iter 369 done: global_full_size=158471203
R1 [P2] iter 368: merge done, full_size=79226109
R1 [P2] iter 369 done: global_full_size=158471203
R0 [P2] iter 369: PRE-JOIN GPU mem: 83.8GB free / 85.1GB total | delta_size=283 full_size=79245094
R1 [P2] iter 369: PRE-JOIN GPU mem: 83.8GB free / 85.1GB total | delta_size=258 full_size=79226109
R0 [P2] iter 369: join done, raw=278 result_size=278
R1 [P2] iter 369: join done, raw=255 result_size=255
R0 [P2] iter 369: split done, delta_size=279
R1 [P2] iter 369: split done, delta_size=254
R1 [P2] iter 369: dedup done, delta_size=254
R0 [P2] iter 369: dedup done, delta_size=279
R0 [P2] iter 369: subtract done, delta_size=277
R1 [P2] iter 369: subtract done, delta_size=254
R1 [P2] iter 369: merge done, full_size=79226363
R0 [P2] iter 369: merge done, full_size=79245371
R0 [P2] iter 370 done: global_full_size=158471734
R1 [P2] iter 370 done: global_full_size=158471734
R0 [P2] iter 370: PRE-JOIN GPU mem: 83.8GB free / 85.1GB total | delta_size=277 full_size=79245371
R1 [P2] iter 370: PRE-JOIN GPU mem: 83.8GB free / 85.1GB total | delta_size=254 full_size=79226363
R0 [P2] iter 370: join done, raw=272 result_size=272
R1 [P2] iter 370: join done, raw=251 result_size=251
R0 [P2] iter 370: split done, delta_size=275
R1 [P2] iter 370: split done, delta_size=248
R0 [P2] iter 370: dedup done, delta_size=275
R1 [P2] iter 370: dedup done, delta_size=248
R0 [P2] iter 370: subtract done, delta_size=273
R1 [P2] iter 370: subtract done, delta_size=248
R1 [P2] iter 370: merge done, full_size=79226611
R0 [P2] iter 370: merge done, full_size=79245644
R0 [P2] iter 371 done: global_full_size=158472255
R0 [P2] iter 371: PRE-JOIN GPU mem: 83.8GB free / 85.1GB total | delta_size=273 full_size=79245644
R1 [P2] iter 371 done: global_full_size=158472255
R1 [P2] iter 371: PRE-JOIN GPU mem: 83.8GB free / 85.1GB total | delta_size=248 full_size=79226611
R0 [P2] iter 371: join done, raw=268 result_size=268
R1 [P2] iter 371: join done, raw=245 result_size=245
R0 [P2] iter 371: split done, delta_size=267
R1 [P2] iter 371: split done, delta_size=246
R0 [P2] iter 371: dedup done, delta_size=267
R1 [P2] iter 371: dedup done, delta_size=246
R0 [P2] iter 371: subtract done, delta_size=265
R1 [P2] iter 371: subtract done, delta_size=246
R0 [P2] iter 371: merge done, full_size=79245909
R0 [P2] iter 372 done: global_full_size=158472766
R0 [P2] iter 372: PRE-JOIN GPU mem: 83.8GB free / 85.1GB total | delta_size=265 full_size=79245909
R1 [P2] iter 371: merge done, full_size=79226857
R1 [P2] iter 372 done: global_full_size=158472766
R1 [P2] iter 372: PRE-JOIN GPU mem: 83.8GB free / 85.1GB total | delta_size=246 full_size=79226857
R0 [P2] iter 372: join done, raw=260 result_size=260
R1 [P2] iter 372: join done, raw=243 result_size=243
R0 [P2] iter 372: split done, delta_size=261
R1 [P2] iter 372: split done, delta_size=242
R1 [P2] iter 372: dedup done, delta_size=242
R0 [P2] iter 372: dedup done, delta_size=261
R0 [P2] iter 372: subtract done, delta_size=259
R1 [P2] iter 372: subtract done, delta_size=242
R1 [P2] iter 372: merge done, full_size=79227099
R0 [P2] iter 372: merge done, full_size=79246168
R0 [P2] iter 373 done: global_full_size=158473267
R0 [P2] iter 373: PRE-JOIN GPU mem: 83.8GB free / 85.1GB total | delta_size=259 full_size=79246168
R1 [P2] iter 373 done: global_full_size=158473267
R1 [P2] iter 373: PRE-JOIN GPU mem: 83.8GB free / 85.1GB total | delta_size=242 full_size=79227099
R0 [P2] iter 373: join done, raw=253 result_size=253
R1 [P2] iter 373: join done, raw=239 result_size=239
R0 [P2] iter 373: split done, delta_size=256
R1 [P2] iter 373: split done, delta_size=236
R0 [P2] iter 373: dedup done, delta_size=256
R1 [P2] iter 373: dedup done, delta_size=236
R0 [P2] iter 373: subtract done, delta_size=254
R1 [P2] iter 373: subtract done, delta_size=236
R1 [P2] iter 373: merge done, full_size=79227335
R0 [P2] iter 373: merge done, full_size=79246422
R0 [P2] iter 374 done: global_full_size=158473757
R0 [P2] iter 374: PRE-JOIN GPU mem: 83.8GB free / 85.1GB total | delta_size=254 full_size=79246422
R1 [P2] iter 374 done: global_full_size=158473757
R1 [P2] iter 374: PRE-JOIN GPU mem: 83.8GB free / 85.1GB total | delta_size=236 full_size=79227335
R0 [P2] iter 374: join done, raw=249 result_size=249
R1 [P2] iter 374: join done, raw=233 result_size=233
R0 [P2] iter 374: split done, delta_size=249
R1 [P2] iter 374: split done, delta_size=233
R0 [P2] iter 374: dedup done, delta_size=249
R1 [P2] iter 374: dedup done, delta_size=233
R0 [P2] iter 374: subtract done, delta_size=247
R1 [P2] iter 374: subtract done, delta_size=233
R0 [P2] iter 374: merge done, full_size=79246669
R0 [P2] iter 375 done: global_full_size=158474237
R0 [P2] iter 375: PRE-JOIN GPU mem: 83.8GB free / 85.1GB total | delta_size=247 full_size=79246669
R1 [P2] iter 374: merge done, full_size=79227568
R1 [P2] iter 375 done: global_full_size=158474237
R1 [P2] iter 375: PRE-JOIN GPU mem: 83.8GB free / 85.1GB total | delta_size=233 full_size=79227568
R0 [P2] iter 375: join done, raw=243 result_size=243
R1 [P2] iter 375: join done, raw=229 result_size=229
R0 [P2] iter 375: split done, delta_size=248
R1 [P2] iter 375: split done, delta_size=224
R0 [P2] iter 375: dedup done, delta_size=248
R1 [P2] iter 375: dedup done, delta_size=224
R0 [P2] iter 375: subtract done, delta_size=246
R1 [P2] iter 375: subtract done, delta_size=224
R1 [P2] iter 375: merge done, full_size=79227792
R0 [P2] iter 375: merge done, full_size=79246915
R0 [P2] iter 376 done: global_full_size=158474707
R1 [P2] iter 376 done: global_full_size=158474707
R0 [P2] iter 376: PRE-JOIN GPU mem: 83.8GB free / 85.1GB total | delta_size=246 full_size=79246915
R1 [P2] iter 376: PRE-JOIN GPU mem: 83.8GB free / 85.1GB total | delta_size=224 full_size=79227792
R0 [P2] iter 376: join done, raw=242 result_size=242
R1 [P2] iter 376: join done, raw=222 result_size=222
R0 [P2] iter 376: split done, delta_size=244
R1 [P2] iter 376: split done, delta_size=220
R0 [P2] iter 376: dedup done, delta_size=244
R1 [P2] iter 376: dedup done, delta_size=220
R0 [P2] iter 376: subtract done, delta_size=242
R1 [P2] iter 376: subtract done, delta_size=220
R1 [P2] iter 376: merge done, full_size=79228012
R0 [P2] iter 376: merge done, full_size=79247157
R0 [P2] iter 377 done: global_full_size=158475169
R1 [P2] iter 377 done: global_full_size=158475169
R0 [P2] iter 377: PRE-JOIN GPU mem: 83.8GB free / 85.1GB total | delta_size=242 full_size=79247157
R1 [P2] iter 377: PRE-JOIN GPU mem: 83.8GB free / 85.1GB total | delta_size=220 full_size=79228012
R0 [P2] iter 377: join done, raw=238 result_size=238
R1 [P2] iter 377: join done, raw=218 result_size=218
R0 [P2] iter 377: split done, delta_size=240
R1 [P2] iter 377: split done, delta_size=216
R0 [P2] iter 377: dedup done, delta_size=240
R1 [P2] iter 377: dedup done, delta_size=216
R0 [P2] iter 377: subtract done, delta_size=238
R1 [P2] iter 377: subtract done, delta_size=216
R0 [P2] iter 377: merge done, full_size=79247395
R0 [P2] iter 378 done: global_full_size=158475623
R1 [P2] iter 377: merge done, full_size=79228228
R1 [P2] iter 378 done: global_full_size=158475623
R0 [P2] iter 378: PRE-JOIN GPU mem: 83.8GB free / 85.1GB total | delta_size=238 full_size=79247395
R1 [P2] iter 378: PRE-JOIN GPU mem: 83.8GB free / 85.1GB total | delta_size=216 full_size=79228228
R0 [P2] iter 378: join done, raw=233 result_size=233
R1 [P2] iter 378: join done, raw=214 result_size=214
R0 [P2] iter 378: split done, delta_size=235
R1 [P2] iter 378: split done, delta_size=212
R0 [P2] iter 378: dedup done, delta_size=235
R1 [P2] iter 378: dedup done, delta_size=212
R0 [P2] iter 378: subtract done, delta_size=233
R1 [P2] iter 378: subtract done, delta_size=212
R0 [P2] iter 378: merge done, full_size=79247628
R0 [P2] iter 379 done: global_full_size=158476068
R1 [P2] iter 378: merge done, full_size=79228440
R1 [P2] iter 379 done: global_full_size=158476068
R0 [P2] iter 379: PRE-JOIN GPU mem: 83.8GB free / 85.1GB total | delta_size=233 full_size=79247628
R1 [P2] iter 379: PRE-JOIN GPU mem: 83.8GB free / 85.1GB total | delta_size=212 full_size=79228440
R0 [P2] iter 379: join done, raw=227 result_size=227
R1 [P2] iter 379: join done, raw=210 result_size=210
R0 [P2] iter 379: split done, delta_size=231
R1 [P2] iter 379: split done, delta_size=206
R0 [P2] iter 379: dedup done, delta_size=231
R1 [P2] iter 379: dedup done, delta_size=206
R0 [P2] iter 379: subtract done, delta_size=230
R1 [P2] iter 379: subtract done, delta_size=206
R0 [P2] iter 379: merge done, full_size=79247858
R0 [P2] iter 380 done: global_full_size=158476504
R1 [P2] iter 379: merge done, full_size=79228646
R1 [P2] iter 380 done: global_full_size=158476504
R0 [P2] iter 380: PRE-JOIN GPU mem: 83.8GB free / 85.1GB total | delta_size=230 full_size=79247858
R1 [P2] iter 380: PRE-JOIN GPU mem: 83.8GB free / 85.1GB total | delta_size=206 full_size=79228646
R1 [P2] iter 380: join done, raw=204 result_size=204
R0 [P2] iter 380: join done, raw=224 result_size=224
R0 [P2] iter 380: split done, delta_size=225
R1 [P2] iter 380: split done, delta_size=203
R1 [P2] iter 380: dedup done, delta_size=203
R0 [P2] iter 380: dedup done, delta_size=225
R0 [P2] iter 380: subtract done, delta_size=224
R1 [P2] iter 380: subtract done, delta_size=203
R1 [P2] iter 380: merge done, full_size=79228849
R0 [P2] iter 380: merge done, full_size=79248082
R0 [P2] iter 381 done: global_full_size=158476931
R1 [P2] iter 381 done: global_full_size=158476931
R0 [P2] iter 381: PRE-JOIN GPU mem: 83.8GB free / 85.1GB total | delta_size=224 full_size=79248082
R1 [P2] iter 381: PRE-JOIN GPU mem: 83.8GB free / 85.1GB total | delta_size=203 full_size=79228849
R0 [P2] iter 381: join done, raw=219 result_size=219
R1 [P2] iter 381: join done, raw=201 result_size=201
R0 [P2] iter 381: split done, delta_size=223
R1 [P2] iter 381: split done, delta_size=197
R1 [P2] iter 381: dedup done, delta_size=197
R0 [P2] iter 381: dedup done, delta_size=223
R0 [P2] iter 381: subtract done, delta_size=222
R1 [P2] iter 381: subtract done, delta_size=197
R1 [P2] iter 381: merge done, full_size=79229046
R0 [P2] iter 381: merge done, full_size=79248304
R0 [P2] iter 382 done: global_full_size=158477350
R1 [P2] iter 382 done: global_full_size=158477350
R0 [P2] iter 382: PRE-JOIN GPU mem: 83.8GB free / 85.1GB total | delta_size=222 full_size=79248304
R1 [P2] iter 382: PRE-JOIN GPU mem: 83.8GB free / 85.1GB total | delta_size=197 full_size=79229046
R0 [P2] iter 382: join done, raw=217 result_size=217
R1 [P2] iter 382: join done, raw=195 result_size=195
R0 [P2] iter 382: split done, delta_size=218
R1 [P2] iter 382: split done, delta_size=194
R0 [P2] iter 382: dedup done, delta_size=218
R1 [P2] iter 382: dedup done, delta_size=194
R0 [P2] iter 382: subtract done, delta_size=217
R1 [P2] iter 382: subtract done, delta_size=194
R1 [P2] iter 382: merge done, full_size=79229240
R0 [P2] iter 382: merge done, full_size=79248521
R0 [P2] iter 383 done: global_full_size=158477761
R1 [P2] iter 383 done: global_full_size=158477761
R0 [P2] iter 383: PRE-JOIN GPU mem: 83.8GB free / 85.1GB total | delta_size=217 full_size=79248521
R1 [P2] iter 383: PRE-JOIN GPU mem: 83.8GB free / 85.1GB total | delta_size=194 full_size=79229240
R0 [P2] iter 383: join done, raw=212 result_size=212
R1 [P2] iter 383: join done, raw=192 result_size=192
R0 [P2] iter 383: split done, delta_size=216
R1 [P2] iter 383: split done, delta_size=188
R0 [P2] iter 383: dedup done, delta_size=216
R1 [P2] iter 383: dedup done, delta_size=188
R0 [P2] iter 383: subtract done, delta_size=215
R1 [P2] iter 383: subtract done, delta_size=188
R0 [P2] iter 383: merge done, full_size=79248736
R0 [P2] iter 384 done: global_full_size=158478164
R1 [P2] iter 383: merge done, full_size=79229428
R1 [P2] iter 384 done: global_full_size=158478164
R0 [P2] iter 384: PRE-JOIN GPU mem: 83.8GB free / 85.1GB total | delta_size=215 full_size=79248736
R1 [P2] iter 384: PRE-JOIN GPU mem: 83.8GB free / 85.1GB total | delta_size=188 full_size=79229428
R0 [P2] iter 384: join done, raw=210 result_size=210
R1 [P2] iter 384: join done, raw=186 result_size=186
R0 [P2] iter 384: split done, delta_size=213
R1 [P2] iter 384: split done, delta_size=183
R0 [P2] iter 384: dedup done, delta_size=213
R1 [P2] iter 384: dedup done, delta_size=183
R0 [P2] iter 384: subtract done, delta_size=212
R1 [P2] iter 384: subtract done, delta_size=183
R0 [P2] iter 384: merge done, full_size=79248948
R0 [P2] iter 385 done: global_full_size=158478559
R1 [P2] iter 384: merge done, full_size=79229611
R1 [P2] iter 385 done: global_full_size=158478559
R0 [P2] iter 385: PRE-JOIN GPU mem: 83.8GB free / 85.1GB total | delta_size=212 full_size=79248948
R1 [P2] iter 385: PRE-JOIN GPU mem: 83.8GB free / 85.1GB total | delta_size=183 full_size=79229611
R0 [P2] iter 385: join done, raw=207 result_size=207
R1 [P2] iter 385: join done, raw=181 result_size=181
R0 [P2] iter 385: split done, delta_size=208
R1 [P2] iter 385: split done, delta_size=180
R0 [P2] iter 385: dedup done, delta_size=208
R1 [P2] iter 385: dedup done, delta_size=180
R0 [P2] iter 385: subtract done, delta_size=207
R1 [P2] iter 385: subtract done, delta_size=180
R0 [P2] iter 385: merge done, full_size=79249155
R0 [P2] iter 386 done: global_full_size=158478946
R1 [P2] iter 385: merge done, full_size=79229791
R1 [P2] iter 386 done: global_full_size=158478946
R0 [P2] iter 386: PRE-JOIN GPU mem: 83.8GB free / 85.1GB total | delta_size=207 full_size=79249155
R1 [P2] iter 386: PRE-JOIN GPU mem: 83.8GB free / 85.1GB total | delta_size=180 full_size=79229791
R0 [P2] iter 386: join done, raw=202 result_size=202
R1 [P2] iter 386: join done, raw=178 result_size=178
R0 [P2] iter 386: split done, delta_size=201
R1 [P2] iter 386: split done, delta_size=179
R0 [P2] iter 386: dedup done, delta_size=201
R1 [P2] iter 386: dedup done, delta_size=179
R0 [P2] iter 386: subtract done, delta_size=200
R1 [P2] iter 386: subtract done, delta_size=179
R1 [P2] iter 386: merge done, full_size=79229970
R0 [P2] iter 386: merge done, full_size=79249355
R0 [P2] iter 387 done: global_full_size=158479325
R1 [P2] iter 387 done: global_full_size=158479325
R0 [P2] iter 387: PRE-JOIN GPU mem: 83.8GB free / 85.1GB total | delta_size=200 full_size=79249355
R1 [P2] iter 387: PRE-JOIN GPU mem: 83.8GB free / 85.1GB total | delta_size=179 full_size=79229970
R0 [P2] iter 387: join done, raw=195 result_size=195
R1 [P2] iter 387: join done, raw=177 result_size=177
R0 [P2] iter 387: split done, delta_size=198
R1 [P2] iter 387: split done, delta_size=174
R0 [P2] iter 387: dedup done, delta_size=198
R1 [P2] iter 387: dedup done, delta_size=174
R0 [P2] iter 387: subtract done, delta_size=197
R1 [P2] iter 387: subtract done, delta_size=174
R0 [P2] iter 387: merge done, full_size=79249552
R0 [P2] iter 388 done: global_full_size=158479696
R1 [P2] iter 387: merge done, full_size=79230144
R1 [P2] iter 388 done: global_full_size=158479696
R0 [P2] iter 388: PRE-JOIN GPU mem: 83.8GB free / 85.1GB total | delta_size=197 full_size=79249552
R1 [P2] iter 388: PRE-JOIN GPU mem: 83.8GB free / 85.1GB total | delta_size=174 full_size=79230144
R0 [P2] iter 388: join done, raw=192 result_size=192
R1 [P2] iter 388: join done, raw=172 result_size=172
R0 [P2] iter 388: split done, delta_size=193
R1 [P2] iter 388: split done, delta_size=171
R1 [P2] iter 388: dedup done, delta_size=171
R0 [P2] iter 388: dedup done, delta_size=193
R0 [P2] iter 388: subtract done, delta_size=192
R1 [P2] iter 388: subtract done, delta_size=171
R1 [P2] iter 388: merge done, full_size=79230315
R0 [P2] iter 388: merge done, full_size=79249744
R0 [P2] iter 389 done: global_full_size=158480059
R0 [P2] iter 389: PRE-JOIN GPU mem: 83.8GB free / 85.1GB total | delta_size=192 full_size=79249744
R1 [P2] iter 389 done: global_full_size=158480059
R1 [P2] iter 389: PRE-JOIN GPU mem: 83.8GB free / 85.1GB total | delta_size=171 full_size=79230315
R0 [P2] iter 389: join done, raw=186 result_size=186
R1 [P2] iter 389: join done, raw=169 result_size=169
R0 [P2] iter 389: split done, delta_size=188
R1 [P2] iter 389: split done, delta_size=167
R0 [P2] iter 389: dedup done, delta_size=188
R1 [P2] iter 389: dedup done, delta_size=167
R0 [P2] iter 389: subtract done, delta_size=187
R1 [P2] iter 389: subtract done, delta_size=167
R1 [P2] iter 389: merge done, full_size=79230482
R0 [P2] iter 389: merge done, full_size=79249931
R0 [P2] iter 390 done: global_full_size=158480413
R0 [P2] iter 390: PRE-JOIN GPU mem: 83.8GB free / 85.1GB total | delta_size=187 full_size=79249931
R1 [P2] iter 390 done: global_full_size=158480413
R1 [P2] iter 390: PRE-JOIN GPU mem: 83.8GB free / 85.1GB total | delta_size=167 full_size=79230482
R0 [P2] iter 390: join done, raw=183 result_size=183
R1 [P2] iter 390: join done, raw=166 result_size=166
R1 [P2] iter 390: split done, delta_size=166
R0 [P2] iter 390: split done, delta_size=183
R1 [P2] iter 390: dedup done, delta_size=166
R0 [P2] iter 390: dedup done, delta_size=183
R0 [P2] iter 390: subtract done, delta_size=182
R1 [P2] iter 390: subtract done, delta_size=166
R1 [P2] iter 390: merge done, full_size=79230648
R0 [P2] iter 390: merge done, full_size=79250113
R0 [P2] iter 391 done: global_full_size=158480761
R0 [P2] iter 391: PRE-JOIN GPU mem: 83.8GB free / 85.1GB total | delta_size=182 full_size=79250113
R1 [P2] iter 391 done: global_full_size=158480761
R1 [P2] iter 391: PRE-JOIN GPU mem: 83.8GB free / 85.1GB total | delta_size=166 full_size=79230648
R0 [P2] iter 391: join done, raw=178 result_size=178
R1 [P2] iter 391: join done, raw=165 result_size=165
R0 [P2] iter 391: split done, delta_size=178
R1 [P2] iter 391: split done, delta_size=165
R0 [P2] iter 391: dedup done, delta_size=178
R1 [P2] iter 391: dedup done, delta_size=165
R0 [P2] iter 391: subtract done, delta_size=177
R1 [P2] iter 391: subtract done, delta_size=165
R1 [P2] iter 391: merge done, full_size=79230813
R0 [P2] iter 391: merge done, full_size=79250290
R0 [P2] iter 392 done: global_full_size=158481103
R0 [P2] iter 392: PRE-JOIN GPU mem: 83.8GB free / 85.1GB total | delta_size=177 full_size=79250290
R1 [P2] iter 392 done: global_full_size=158481103
R1 [P2] iter 392: PRE-JOIN GPU mem: 83.8GB free / 85.1GB total | delta_size=165 full_size=79230813
R0 [P2] iter 392: join done, raw=173 result_size=173
R1 [P2] iter 392: join done, raw=164 result_size=164
R0 [P2] iter 392: split done, delta_size=176
R1 [P2] iter 392: split done, delta_size=161
R0 [P2] iter 392: dedup done, delta_size=176
R1 [P2] iter 392: dedup done, delta_size=161
R0 [P2] iter 392: subtract done, delta_size=175
R1 [P2] iter 392: subtract done, delta_size=161
R0 [P2] iter 392: merge done, full_size=79250465
R0 [P2] iter 393 done: global_full_size=158481439
R1 [P2] iter 392: merge done, full_size=79230974
R1 [P2] iter 393 done: global_full_size=158481439
R1 [P2] iter 393: PRE-JOIN GPU mem: 83.8GB free / 85.1GB total | delta_size=161 full_size=79230974
R0 [P2] iter 393: PRE-JOIN GPU mem: 83.8GB free / 85.1GB total | delta_size=175 full_size=79250465
R0 [P2] iter 393: join done, raw=171 result_size=171
R1 [P2] iter 393: join done, raw=160 result_size=160
R0 [P2] iter 393: split done, delta_size=174
R1 [P2] iter 393: split done, delta_size=157
R0 [P2] iter 393: dedup done, delta_size=174
R1 [P2] iter 393: dedup done, delta_size=157
R0 [P2] iter 393: subtract done, delta_size=173
R1 [P2] iter 393: subtract done, delta_size=157
R1 [P2] iter 393: merge done, full_size=79231131
R0 [P2] iter 393: merge done, full_size=79250638
R0 [P2] iter 394 done: global_full_size=158481769
R0 [P2] iter 394: PRE-JOIN GPU mem: 83.8GB free / 85.1GB total | delta_size=173 full_size=79250638
R1 [P2] iter 394 done: global_full_size=158481769
R1 [P2] iter 394: PRE-JOIN GPU mem: 83.8GB free / 85.1GB total | delta_size=157 full_size=79231131
R0 [P2] iter 394: join done, raw=169 result_size=169
R1 [P2] iter 394: join done, raw=156 result_size=156
R0 [P2] iter 394: split done, delta_size=170
R1 [P2] iter 394: split done, delta_size=155
R0 [P2] iter 394: dedup done, delta_size=170
R1 [P2] iter 394: dedup done, delta_size=155
R0 [P2] iter 394: subtract done, delta_size=169
R1 [P2] iter 394: subtract done, delta_size=155
R0 [P2] iter 394: merge done, full_size=79250807
R0 [P2] iter 395 done: global_full_size=158482093
R1 [P2] iter 394: merge done, full_size=79231286
R1 [P2] iter 395 done: global_full_size=158482093
R0 [P2] iter 395: PRE-JOIN GPU mem: 83.8GB free / 85.1GB total | delta_size=169 full_size=79250807
R1 [P2] iter 395: PRE-JOIN GPU mem: 83.8GB free / 85.1GB total | delta_size=155 full_size=79231286
R0 [P2] iter 395: join done, raw=165 result_size=165
R1 [P2] iter 395: join done, raw=154 result_size=154
R0 [P2] iter 395: split done, delta_size=167
R1 [P2] iter 395: split done, delta_size=152
R0 [P2] iter 395: dedup done, delta_size=167
R1 [P2] iter 395: dedup done, delta_size=152
R0 [P2] iter 395: subtract done, delta_size=166
R1 [P2] iter 395: subtract done, delta_size=152
R0 [P2] iter 395: merge done, full_size=79250973
R0 [P2] iter 396 done: global_full_size=158482411
R1 [P2] iter 395: merge done, full_size=79231438
R1 [P2] iter 396 done: global_full_size=158482411
R0 [P2] iter 396: PRE-JOIN GPU mem: 83.8GB free / 85.1GB total | delta_size=166 full_size=79250973
R1 [P2] iter 396: PRE-JOIN GPU mem: 83.8GB free / 85.1GB total | delta_size=152 full_size=79231438
R0 [P2] iter 396: join done, raw=162 result_size=162
R1 [P2] iter 396: join done, raw=151 result_size=151
R0 [P2] iter 396: split done, delta_size=164
R1 [P2] iter 396: split done, delta_size=149
R0 [P2] iter 396: dedup done, delta_size=164
R1 [P2] iter 396: dedup done, delta_size=149
R0 [P2] iter 396: subtract done, delta_size=163
R1 [P2] iter 396: subtract done, delta_size=149
R0 [P2] iter 396: merge done, full_size=79251136
R0 [P2] iter 397 done: global_full_size=158482723
R1 [P2] iter 396: merge done, full_size=79231587
R1 [P2] iter 397 done: global_full_size=158482723
R0 [P2] iter 397: PRE-JOIN GPU mem: 83.8GB free / 85.1GB total | delta_size=163 full_size=79251136
R1 [P2] iter 397: PRE-JOIN GPU mem: 83.8GB free / 85.1GB total | delta_size=149 full_size=79231587
R0 [P2] iter 397: join done, raw=159 result_size=159
R1 [P2] iter 397: join done, raw=148 result_size=148
R0 [P2] iter 397: split done, delta_size=161
R1 [P2] iter 397: split done, delta_size=146
R0 [P2] iter 397: dedup done, delta_size=161
R1 [P2] iter 397: dedup done, delta_size=146
R0 [P2] iter 397: subtract done, delta_size=160
R1 [P2] iter 397: subtract done, delta_size=146
R1 [P2] iter 397: merge done, full_size=79231733
R0 [P2] iter 397: merge done, full_size=79251296
R0 [P2] iter 398 done: global_full_size=158483029
R1 [P2] iter 398 done: global_full_size=158483029
R0 [P2] iter 398: PRE-JOIN GPU mem: 83.8GB free / 85.1GB total | delta_size=160 full_size=79251296
R1 [P2] iter 398: PRE-JOIN GPU mem: 83.8GB free / 85.1GB total | delta_size=146 full_size=79231733
R0 [P2] iter 398: join done, raw=156 result_size=156
R1 [P2] iter 398: join done, raw=145 result_size=145
R0 [P2] iter 398: split done, delta_size=158
R1 [P2] iter 398: split done, delta_size=143
R0 [P2] iter 398: dedup done, delta_size=158
R1 [P2] iter 398: dedup done, delta_size=143
R0 [P2] iter 398: subtract done, delta_size=157
R1 [P2] iter 398: subtract done, delta_size=143
R0 [P2] iter 398: merge done, full_size=79251453
R0 [P2] iter 399 done: global_full_size=158483329
R1 [P2] iter 398: merge done, full_size=79231876
R1 [P2] iter 399 done: global_full_size=158483329
R0 [P2] iter 399: PRE-JOIN GPU mem: 83.8GB free / 85.1GB total | delta_size=157 full_size=79251453
R1 [P2] iter 399: PRE-JOIN GPU mem: 83.8GB free / 85.1GB total | delta_size=143 full_size=79231876
R0 [P2] iter 399: join done, raw=153 result_size=153
R1 [P2] iter 399: join done, raw=142 result_size=142
R0 [P2] iter 399: split done, delta_size=156
R1 [P2] iter 399: split done, delta_size=139
R0 [P2] iter 399: dedup done, delta_size=156
R1 [P2] iter 399: dedup done, delta_size=139
R0 [P2] iter 399: subtract done, delta_size=155
R1 [P2] iter 399: subtract done, delta_size=139
R0 [P2] iter 399: merge done, full_size=79251608
R0 [P2] iter 400 done: global_full_size=158483623
R1 [P2] iter 399: merge done, full_size=79232015
R1 [P2] iter 400 done: global_full_size=158483623
R0 [P2] iter 400: PRE-JOIN GPU mem: 83.8GB free / 85.1GB total | delta_size=155 full_size=79251608
R1 [P2] iter 400: PRE-JOIN GPU mem: 83.8GB free / 85.1GB total | delta_size=139 full_size=79232015
R0 [P2] iter 400: join done, raw=151 result_size=151
R1 [P2] iter 400: join done, raw=138 result_size=138
R0 [P2] iter 400: split done, delta_size=151
R1 [P2] iter 400: split done, delta_size=138
R0 [P2] iter 400: dedup done, delta_size=151
R1 [P2] iter 400: dedup done, delta_size=138
R0 [P2] iter 400: subtract done, delta_size=150
R1 [P2] iter 400: subtract done, delta_size=138
R1 [P2] iter 400: merge done, full_size=79232153
R0 [P2] iter 400: merge done, full_size=79251758
R0 [P2] iter 401 done: global_full_size=158483911
R1 [P2] iter 401 done: global_full_size=158483911
R0 [P2] iter 401: PRE-JOIN GPU mem: 83.8GB free / 85.1GB total | delta_size=150 full_size=79251758
R1 [P2] iter 401: PRE-JOIN GPU mem: 83.8GB free / 85.1GB total | delta_size=138 full_size=79232153
R0 [P2] iter 401: join done, raw=146 result_size=146
R1 [P2] iter 401: join done, raw=137 result_size=137
R0 [P2] iter 401: split done, delta_size=149
R1 [P2] iter 401: split done, delta_size=134
R0 [P2] iter 401: dedup done, delta_size=149
R1 [P2] iter 401: dedup done, delta_size=134
R0 [P2] iter 401: subtract done, delta_size=148
R1 [P2] iter 401: subtract done, delta_size=134
R0 [P2] iter 401: merge done, full_size=79251906
R0 [P2] iter 402 done: global_full_size=158484193
R1 [P2] iter 401: merge done, full_size=79232287
R1 [P2] iter 402 done: global_full_size=158484193
R0 [P2] iter 402: PRE-JOIN GPU mem: 83.8GB free / 85.1GB total | delta_size=148 full_size=79251906
R1 [P2] iter 402: PRE-JOIN GPU mem: 83.8GB free / 85.1GB total | delta_size=134 full_size=79232287
R0 [P2] iter 402: join done, raw=144 result_size=144
R1 [P2] iter 402: join done, raw=134 result_size=134
R0 [P2] iter 402: split done, delta_size=145
R1 [P2] iter 402: split done, delta_size=133
R0 [P2] iter 402: dedup done, delta_size=145
R1 [P2] iter 402: dedup done, delta_size=133
R0 [P2] iter 402: subtract done, delta_size=144
R1 [P2] iter 402: subtract done, delta_size=133
R1 [P2] iter 402: merge done, full_size=79232420
R0 [P2] iter 402: merge done, full_size=79252050
R0 [P2] iter 403 done: global_full_size=158484470
R1 [P2] iter 403 done: global_full_size=158484470
R0 [P2] iter 403: PRE-JOIN GPU mem: 83.8GB free / 85.1GB total | delta_size=144 full_size=79252050
R1 [P2] iter 403: PRE-JOIN GPU mem: 83.8GB free / 85.1GB total | delta_size=133 full_size=79232420
R0 [P2] iter 403: join done, raw=139 result_size=139
R1 [P2] iter 403: join done, raw=133 result_size=133
R0 [P2] iter 403: split done, delta_size=142
R1 [P2] iter 403: split done, delta_size=130
R0 [P2] iter 403: dedup done, delta_size=142
R1 [P2] iter 403: dedup done, delta_size=130
R0 [P2] iter 403: subtract done, delta_size=141
R1 [P2] iter 403: subtract done, delta_size=130
R0 [P2] iter 403: merge done, full_size=79252191
R0 [P2] iter 404 done: global_full_size=158484741
R1 [P2] iter 403: merge done, full_size=79232550
R1 [P2] iter 404 done: global_full_size=158484741
R0 [P2] iter 404: PRE-JOIN GPU mem: 83.8GB free / 85.1GB total | delta_size=141 full_size=79252191
R1 [P2] iter 404: PRE-JOIN GPU mem: 83.8GB free / 85.1GB total | delta_size=130 full_size=79232550
R0 [P2] iter 404: join done, raw=136 result_size=136
R1 [P2] iter 404: join done, raw=130 result_size=130
R0 [P2] iter 404: split done, delta_size=138
R1 [P2] iter 404: split done, delta_size=128
R0 [P2] iter 404: dedup done, delta_size=138
R1 [P2] iter 404: dedup done, delta_size=128
R0 [P2] iter 404: subtract done, delta_size=137
R1 [P2] iter 404: subtract done, delta_size=128
R1 [P2] iter 404: merge done, full_size=79232678
R0 [P2] iter 404: merge done, full_size=79252328
R0 [P2] iter 405 done: global_full_size=158485006
R1 [P2] iter 405 done: global_full_size=158485006
R0 [P2] iter 405: PRE-JOIN GPU mem: 83.8GB free / 85.1GB total | delta_size=137 full_size=79252328
R1 [P2] iter 405: PRE-JOIN GPU mem: 83.8GB free / 85.1GB total | delta_size=128 full_size=79232678
R0 [P2] iter 405: join done, raw=132 result_size=132
R1 [P2] iter 405: join done, raw=128 result_size=128
R0 [P2] iter 405: split done, delta_size=137
R1 [P2] iter 405: split done, delta_size=123
R0 [P2] iter 405: dedup done, delta_size=137
R1 [P2] iter 405: dedup done, delta_size=123
R0 [P2] iter 405: subtract done, delta_size=136
R1 [P2] iter 405: subtract done, delta_size=123
R0 [P2] iter 405: merge done, full_size=79252464
R0 [P2] iter 406 done: global_full_size=158485265
R1 [P2] iter 405: merge done, full_size=79232801
R1 [P2] iter 406 done: global_full_size=158485265
R0 [P2] iter 406: PRE-JOIN GPU mem: 83.8GB free / 85.1GB total | delta_size=136 full_size=79252464
R1 [P2] iter 406: PRE-JOIN GPU mem: 83.8GB free / 85.1GB total | delta_size=123 full_size=79232801
R0 [P2] iter 406: join done, raw=131 result_size=131
R1 [P2] iter 406: join done, raw=123 result_size=123
R0 [P2] iter 406: split done, delta_size=136
R1 [P2] iter 406: split done, delta_size=118
R0 [P2] iter 406: dedup done, delta_size=136
R1 [P2] iter 406: dedup done, delta_size=118
R0 [P2] iter 406: subtract done, delta_size=135
R1 [P2] iter 406: subtract done, delta_size=118
R0 [P2] iter 406: merge done, full_size=79252599
R0 [P2] iter 407 done: global_full_size=158485518
R1 [P2] iter 406: merge done, full_size=79232919
R1 [P2] iter 407 done: global_full_size=158485518
R0 [P2] iter 407: PRE-JOIN GPU mem: 83.8GB free / 85.1GB total | delta_size=135 full_size=79252599
R1 [P2] iter 407: PRE-JOIN GPU mem: 83.8GB free / 85.1GB total | delta_size=118 full_size=79232919
R0 [P2] iter 407: join done, raw=130 result_size=130
R1 [P2] iter 407: join done, raw=118 result_size=118
R0 [P2] iter 407: split done, delta_size=131
R1 [P2] iter 407: split done, delta_size=117
R0 [P2] iter 407: dedup done, delta_size=131
R1 [P2] iter 407: dedup done, delta_size=117
R0 [P2] iter 407: subtract done, delta_size=130
R1 [P2] iter 407: subtract done, delta_size=117
R0 [P2] iter 407: merge done, full_size=79252729
R0 [P2] iter 408 done: global_full_size=158485765
R1 [P2] iter 407: merge done, full_size=79233036
R1 [P2] iter 408 done: global_full_size=158485765
R1 [P2] iter 408: PRE-JOIN GPU mem: 83.8GB free / 85.1GB total | delta_size=117 full_size=79233036
R0 [P2] iter 408: PRE-JOIN GPU mem: 83.8GB free / 85.1GB total | delta_size=130 full_size=79252729
R0 [P2] iter 408: join done, raw=127 result_size=127
R1 [P2] iter 408: join done, raw=117 result_size=117
R0 [P2] iter 408: split done, delta_size=128
R1 [P2] iter 408: split done, delta_size=116
R0 [P2] iter 408: dedup done, delta_size=128
R1 [P2] iter 408: dedup done, delta_size=116
R0 [P2] iter 408: subtract done, delta_size=127
R1 [P2] iter 408: subtract done, delta_size=116
R0 [P2] iter 408: merge done, full_size=79252856
R0 [P2] iter 409 done: global_full_size=158486008
R0 [P2] iter 409: PRE-JOIN GPU mem: 83.8GB free / 85.1GB total | delta_size=127 full_size=79252856
R1 [P2] iter 408: merge done, full_size=79233152
R1 [P2] iter 409 done: global_full_size=158486008
R1 [P2] iter 409: PRE-JOIN GPU mem: 83.8GB free / 85.1GB total | delta_size=116 full_size=79233152
R0 [P2] iter 409: join done, raw=124 result_size=124
R1 [P2] iter 409: join done, raw=116 result_size=116
R0 [P2] iter 409: split done, delta_size=125
R1 [P2] iter 409: split done, delta_size=115
R0 [P2] iter 409: dedup done, delta_size=125
R1 [P2] iter 409: dedup done, delta_size=115
R0 [P2] iter 409: subtract done, delta_size=124
R1 [P2] iter 409: subtract done, delta_size=115
R0 [P2] iter 409: merge done, full_size=79252980
R0 [P2] iter 410 done: global_full_size=158486247
R0 [P2] iter 410: PRE-JOIN GPU mem: 83.8GB free / 85.1GB total | delta_size=124 full_size=79252980
R1 [P2] iter 409: merge done, full_size=79233267
R1 [P2] iter 410 done: global_full_size=158486247
R1 [P2] iter 410: PRE-JOIN GPU mem: 83.8GB free / 85.1GB total | delta_size=115 full_size=79233267
R0 [P2] iter 410: join done, raw=121 result_size=121
R1 [P2] iter 410: join done, raw=115 result_size=115
R0 [P2] iter 410: split done, delta_size=124
R1 [P2] iter 410: split done, delta_size=112
R1 [P2] iter 410: dedup done, delta_size=112
R0 [P2] iter 410: dedup done, delta_size=124
R0 [P2] iter 410: subtract done, delta_size=123
R1 [P2] iter 410: subtract done, delta_size=112
R1 [P2] iter 410: merge done, full_size=79233379
R0 [P2] iter 410: merge done, full_size=79253103
R0 [P2] iter 411 done: global_full_size=158486482
R0 [P2] iter 411: PRE-JOIN GPU mem: 83.8GB free / 85.1GB total | delta_size=123 full_size=79253103
R1 [P2] iter 411 done: global_full_size=158486482
R1 [P2] iter 411: PRE-JOIN GPU mem: 83.8GB free / 85.1GB total | delta_size=112 full_size=79233379
R0 [P2] iter 411: join done, raw=120 result_size=120
R1 [P2] iter 411: join done, raw=112 result_size=112
R0 [P2] iter 411: split done, delta_size=122
R1 [P2] iter 411: split done, delta_size=110
R0 [P2] iter 411: dedup done, delta_size=122
R1 [P2] iter 411: dedup done, delta_size=110
R0 [P2] iter 411: subtract done, delta_size=121
R1 [P2] iter 411: subtract done, delta_size=110
R1 [P2] iter 411: merge done, full_size=79233489
R0 [P2] iter 411: merge done, full_size=79253224
R0 [P2] iter 412 done: global_full_size=158486713
R0 [P2] iter 412: PRE-JOIN GPU mem: 83.8GB free / 85.1GB total | delta_size=121 full_size=79253224
R1 [P2] iter 412 done: global_full_size=158486713
R1 [P2] iter 412: PRE-JOIN GPU mem: 83.8GB free / 85.1GB total | delta_size=110 full_size=79233489
R0 [P2] iter 412: join done, raw=118 result_size=118
R1 [P2] iter 412: join done, raw=110 result_size=110
R0 [P2] iter 412: split done, delta_size=120
R1 [P2] iter 412: split done, delta_size=108
R0 [P2] iter 412: dedup done, delta_size=120
R1 [P2] iter 412: dedup done, delta_size=108
R0 [P2] iter 412: subtract done, delta_size=119
R1 [P2] iter 412: subtract done, delta_size=108
R0 [P2] iter 412: merge done, full_size=79253343
R0 [P2] iter 413 done: global_full_size=158486940
R0 [P2] iter 413: PRE-JOIN GPU mem: 83.8GB free / 85.1GB total | delta_size=119 full_size=79253343
R1 [P2] iter 412: merge done, full_size=79233597
R1 [P2] iter 413 done: global_full_size=158486940
R1 [P2] iter 413: PRE-JOIN GPU mem: 83.8GB free / 85.1GB total | delta_size=108 full_size=79233597
R0 [P2] iter 413: join done, raw=116 result_size=116
R1 [P2] iter 413: join done, raw=108 result_size=108
R0 [P2] iter 413: split done, delta_size=118
R1 [P2] iter 413: split done, delta_size=106
R0 [P2] iter 413: dedup done, delta_size=118
R1 [P2] iter 413: dedup done, delta_size=106
R0 [P2] iter 413: subtract done, delta_size=117
R1 [P2] iter 413: subtract done, delta_size=106
R1 [P2] iter 413: merge done, full_size=79233703
R0 [P2] iter 413: merge done, full_size=79253460
R0 [P2] iter 414 done: global_full_size=158487163
R1 [P2] iter 414 done: global_full_size=158487163
R0 [P2] iter 414: PRE-JOIN GPU mem: 83.8GB free / 85.1GB total | delta_size=117 full_size=79253460
R1 [P2] iter 414: PRE-JOIN GPU mem: 83.8GB free / 85.1GB total | delta_size=106 full_size=79233703
R0 [P2] iter 414: join done, raw=114 result_size=114
R1 [P2] iter 414: join done, raw=106 result_size=106
R0 [P2] iter 414: split done, delta_size=116
R1 [P2] iter 414: split done, delta_size=104
R0 [P2] iter 414: dedup done, delta_size=116
R1 [P2] iter 414: dedup done, delta_size=104
R0 [P2] iter 414: subtract done, delta_size=115
R1 [P2] iter 414: subtract done, delta_size=104
R1 [P2] iter 414: merge done, full_size=79233807
R0 [P2] iter 414: merge done, full_size=79253575
R0 [P2] iter 415 done: global_full_size=158487382
R1 [P2] iter 415 done: global_full_size=158487382
R0 [P2] iter 415: PRE-JOIN GPU mem: 83.8GB free / 85.1GB total | delta_size=115 full_size=79253575
R1 [P2] iter 415: PRE-JOIN GPU mem: 83.8GB free / 85.1GB total | delta_size=104 full_size=79233807
R0 [P2] iter 415: join done, raw=112 result_size=112
R1 [P2] iter 415: join done, raw=104 result_size=104
R0 [P2] iter 415: split done, delta_size=115
R1 [P2] iter 415: split done, delta_size=101
R1 [P2] iter 415: dedup done, delta_size=101
R0 [P2] iter 415: dedup done, delta_size=115
R0 [P2] iter 415: subtract done, delta_size=114
R1 [P2] iter 415: subtract done, delta_size=101
R1 [P2] iter 415: merge done, full_size=79233908
R0 [P2] iter 415: merge done, full_size=79253689
R0 [P2] iter 416 done: global_full_size=158487597
R1 [P2] iter 416 done: global_full_size=158487597
R0 [P2] iter 416: PRE-JOIN GPU mem: 83.8GB free / 85.1GB total | delta_size=114 full_size=79253689
R1 [P2] iter 416: PRE-JOIN GPU mem: 83.8GB free / 85.1GB total | delta_size=101 full_size=79233908
R0 [P2] iter 416: join done, raw=111 result_size=111
R1 [P2] iter 416: join done, raw=100 result_size=100
R0 [P2] iter 416: split done, delta_size=111
R1 [P2] iter 416: split done, delta_size=100
R0 [P2] iter 416: dedup done, delta_size=111
R1 [P2] iter 416: dedup done, delta_size=100
R0 [P2] iter 416: subtract done, delta_size=111
R1 [P2] iter 416: subtract done, delta_size=100
R0 [P2] iter 416: merge done, full_size=79253800
R0 [P2] iter 417 done: global_full_size=158487808
R1 [P2] iter 416: merge done, full_size=79234008
R1 [P2] iter 417 done: global_full_size=158487808
R0 [P2] iter 417: PRE-JOIN GPU mem: 83.8GB free / 85.1GB total | delta_size=111 full_size=79253800
R1 [P2] iter 417: PRE-JOIN GPU mem: 83.8GB free / 85.1GB total | delta_size=100 full_size=79234008
R0 [P2] iter 417: join done, raw=108 result_size=108
R1 [P2] iter 417: join done, raw=99 result_size=99
R0 [P2] iter 417: split done, delta_size=109
R1 [P2] iter 417: split done, delta_size=98
R0 [P2] iter 417: dedup done, delta_size=109
R1 [P2] iter 417: dedup done, delta_size=98
R0 [P2] iter 417: subtract done, delta_size=109
R1 [P2] iter 417: subtract done, delta_size=98
R0 [P2] iter 417: merge done, full_size=79253909
R0 [P2] iter 418 done: global_full_size=158488015
R1 [P2] iter 417: merge done, full_size=79234106
R1 [P2] iter 418 done: global_full_size=158488015
R0 [P2] iter 418: PRE-JOIN GPU mem: 83.8GB free / 85.1GB total | delta_size=109 full_size=79253909
R1 [P2] iter 418: PRE-JOIN GPU mem: 83.8GB free / 85.1GB total | delta_size=98 full_size=79234106
R1 [P2] iter 418: join done, raw=97 result_size=97
R0 [P2] iter 418: join done, raw=106 result_size=106
R0 [P2] iter 418: split done, delta_size=108
R1 [P2] iter 418: split done, delta_size=95
R1 [P2] iter 418: dedup done, delta_size=95
R0 [P2] iter 418: dedup done, delta_size=108
R0 [P2] iter 418: subtract done, delta_size=108
R1 [P2] iter 418: subtract done, delta_size=95
R1 [P2] iter 418: merge done, full_size=79234201
R0 [P2] iter 418: merge done, full_size=79254017
R0 [P2] iter 419 done: global_full_size=158488218
R1 [P2] iter 419 done: global_full_size=158488218
R0 [P2] iter 419: PRE-JOIN GPU mem: 83.8GB free / 85.1GB total | delta_size=108 full_size=79254017
R1 [P2] iter 419: PRE-JOIN GPU mem: 83.8GB free / 85.1GB total | delta_size=95 full_size=79234201
R0 [P2] iter 419: join done, raw=105 result_size=105
R1 [P2] iter 419: join done, raw=94 result_size=94
R0 [P2] iter 419: split done, delta_size=106
R1 [P2] iter 419: split done, delta_size=93
R0 [P2] iter 419: dedup done, delta_size=106
R1 [P2] iter 419: dedup done, delta_size=93
R0 [P2] iter 419: subtract done, delta_size=106
R1 [P2] iter 419: subtract done, delta_size=93
R0 [P2] iter 419: merge done, full_size=79254123
R0 [P2] iter 420 done: global_full_size=158488417
R1 [P2] iter 419: merge done, full_size=79234294
R1 [P2] iter 420 done: global_full_size=158488417
R0 [P2] iter 420: PRE-JOIN GPU mem: 83.8GB free / 85.1GB total | delta_size=106 full_size=79254123
R1 [P2] iter 420: PRE-JOIN GPU mem: 83.8GB free / 85.1GB total | delta_size=93 full_size=79234294
R0 [P2] iter 420: join done, raw=103 result_size=103
R1 [P2] iter 420: join done, raw=92 result_size=92
R0 [P2] iter 420: split done, delta_size=105
R1 [P2] iter 420: split done, delta_size=90
R0 [P2] iter 420: dedup done, delta_size=105
R1 [P2] iter 420: dedup done, delta_size=90
R0 [P2] iter 420: subtract done, delta_size=105
R1 [P2] iter 420: subtract done, delta_size=90
R1 [P2] iter 420: merge done, full_size=79234384
R0 [P2] iter 420: merge done, full_size=79254228
R0 [P2] iter 421 done: global_full_size=158488612
R1 [P2] iter 421 done: global_full_size=158488612
R0 [P2] iter 421: PRE-JOIN GPU mem: 83.8GB free / 85.1GB total | delta_size=105 full_size=79254228
R1 [P2] iter 421: PRE-JOIN GPU mem: 83.8GB free / 85.1GB total | delta_size=90 full_size=79234384
R0 [P2] iter 421: join done, raw=102 result_size=102
R1 [P2] iter 421: join done, raw=89 result_size=89
R0 [P2] iter 421: split done, delta_size=104
R1 [P2] iter 421: split done, delta_size=87
R0 [P2] iter 421: dedup done, delta_size=104
R1 [P2] iter 421: dedup done, delta_size=87
R0 [P2] iter 421: subtract done, delta_size=104
R1 [P2] iter 421: subtract done, delta_size=87
R0 [P2] iter 421: merge done, full_size=79254332
R0 [P2] iter 422 done: global_full_size=158488803
R1 [P2] iter 421: merge done, full_size=79234471
R1 [P2] iter 422 done: global_full_size=158488803
R0 [P2] iter 422: PRE-JOIN GPU mem: 83.8GB free / 85.1GB total | delta_size=104 full_size=79254332
R1 [P2] iter 422: PRE-JOIN GPU mem: 83.8GB free / 85.1GB total | delta_size=87 full_size=79234471
R0 [P2] iter 422: join done, raw=101 result_size=101
R1 [P2] iter 422: join done, raw=86 result_size=86
R0 [P2] iter 422: split done, delta_size=101
R1 [P2] iter 422: split done, delta_size=86
R0 [P2] iter 422: dedup done, delta_size=101
R1 [P2] iter 422: dedup done, delta_size=86
R0 [P2] iter 422: subtract done, delta_size=101
R1 [P2] iter 422: subtract done, delta_size=86
R1 [P2] iter 422: merge done, full_size=79234557
R0 [P2] iter 422: merge done, full_size=79254433
R0 [P2] iter 423 done: global_full_size=158488990
R1 [P2] iter 423 done: global_full_size=158488990
R0 [P2] iter 423: PRE-JOIN GPU mem: 83.8GB free / 85.1GB total | delta_size=101 full_size=79254433
R1 [P2] iter 423: PRE-JOIN GPU mem: 83.8GB free / 85.1GB total | delta_size=86 full_size=79234557
R0 [P2] iter 423: join done, raw=98 result_size=98
R1 [P2] iter 423: join done, raw=85 result_size=85
R0 [P2] iter 423: split done, delta_size=98
R1 [P2] iter 423: split done, delta_size=85
R0 [P2] iter 423: dedup done, delta_size=98
R1 [P2] iter 423: dedup done, delta_size=85
R0 [P2] iter 423: subtract done, delta_size=98
R1 [P2] iter 423: subtract done, delta_size=85
R0 [P2] iter 423: merge done, full_size=79254531
R0 [P2] iter 424 done: global_full_size=158489173
R1 [P2] iter 423: merge done, full_size=79234642
R1 [P2] iter 424 done: global_full_size=158489173
R0 [P2] iter 424: PRE-JOIN GPU mem: 83.8GB free / 85.1GB total | delta_size=98 full_size=79254531
R0 [P2] iter 424: join done, raw=95 result_size=95
R1 [P2] iter 424: PRE-JOIN GPU mem: 83.8GB free / 85.1GB total | delta_size=85 full_size=79234642
R1 [P2] iter 424: join done, raw=84 result_size=84
R0 [P2] iter 424: split done, delta_size=96
R1 [P2] iter 424: split done, delta_size=83
R0 [P2] iter 424: dedup done, delta_size=96
R1 [P2] iter 424: dedup done, delta_size=83
R0 [P2] iter 424: subtract done, delta_size=96
R1 [P2] iter 424: subtract done, delta_size=83
R0 [P2] iter 424: merge done, full_size=79254627
R0 [P2] iter 425 done: global_full_size=158489352
R0 [P2] iter 425: PRE-JOIN GPU mem: 83.8GB free / 85.1GB total | delta_size=96 full_size=79254627
R1 [P2] iter 424: merge done, full_size=79234725
R1 [P2] iter 425 done: global_full_size=158489352
R1 [P2] iter 425: PRE-JOIN GPU mem: 83.8GB free / 85.1GB total | delta_size=83 full_size=79234725
R0 [P2] iter 425: join done, raw=93 result_size=93
R1 [P2] iter 425: join done, raw=82 result_size=82
R0 [P2] iter 425: split done, delta_size=93
R1 [P2] iter 425: split done, delta_size=82
R1 [P2] iter 425: dedup done, delta_size=82
R0 [P2] iter 425: dedup done, delta_size=93
R0 [P2] iter 425: subtract done, delta_size=93
R1 [P2] iter 425: subtract done, delta_size=82
R1 [P2] iter 425: merge done, full_size=79234807
R0 [P2] iter 425: merge done, full_size=79254720
R0 [P2] iter 426 done: global_full_size=158489527
R0 [P2] iter 426: PRE-JOIN GPU mem: 83.8GB free / 85.1GB total | delta_size=93 full_size=79254720
R1 [P2] iter 426 done: global_full_size=158489527
R1 [P2] iter 426: PRE-JOIN GPU mem: 83.8GB free / 85.1GB total | delta_size=82 full_size=79234807
R0 [P2] iter 426: join done, raw=90 result_size=90
R1 [P2] iter 426: join done, raw=81 result_size=81
R0 [P2] iter 426: split done, delta_size=91
R1 [P2] iter 426: split done, delta_size=80
R0 [P2] iter 426: dedup done, delta_size=91
R1 [P2] iter 426: dedup done, delta_size=80
R0 [P2] iter 426: subtract done, delta_size=91
R1 [P2] iter 426: subtract done, delta_size=80
R0 [P2] iter 426: merge done, full_size=79254811
R0 [P2] iter 427 done: global_full_size=158489698
R1 [P2] iter 426: merge done, full_size=79234887
R1 [P2] iter 427 done: global_full_size=158489698
R1 [P2] iter 427: PRE-JOIN GPU mem: 83.8GB free / 85.1GB total | delta_size=80 full_size=79234887
R0 [P2] iter 427: PRE-JOIN GPU mem: 83.8GB free / 85.1GB total | delta_size=91 full_size=79254811
R1 [P2] iter 427: join done, raw=79 result_size=79
R0 [P2] iter 427: join done, raw=88 result_size=88
R0 [P2] iter 427: split done, delta_size=89
R1 [P2] iter 427: split done, delta_size=78
R0 [P2] iter 427: dedup done, delta_size=89
R1 [P2] iter 427: dedup done, delta_size=78
R0 [P2] iter 427: subtract done, delta_size=89
R1 [P2] iter 427: subtract done, delta_size=78
R1 [P2] iter 427: merge done, full_size=79234965
R0 [P2] iter 427: merge done, full_size=79254900
R0 [P2] iter 428 done: global_full_size=158489865
R0 [P2] iter 428: PRE-JOIN GPU mem: 83.8GB free / 85.1GB total | delta_size=89 full_size=79254900
R1 [P2] iter 428 done: global_full_size=158489865
R1 [P2] iter 428: PRE-JOIN GPU mem: 83.8GB free / 85.1GB total | delta_size=78 full_size=79234965
R0 [P2] iter 428: join done, raw=86 result_size=86
R1 [P2] iter 428: join done, raw=77 result_size=77
R0 [P2] iter 428: split done, delta_size=87
R1 [P2] iter 428: split done, delta_size=76
R0 [P2] iter 428: dedup done, delta_size=87
R1 [P2] iter 428: dedup done, delta_size=76
R0 [P2] iter 428: subtract done, delta_size=87
R1 [P2] iter 428: subtract done, delta_size=76
R0 [P2] iter 428: merge done, full_size=79254987
R0 [P2] iter 429 done: global_full_size=158490028
R0 [P2] iter 429: PRE-JOIN GPU mem: 83.8GB free / 85.1GB total | delta_size=87 full_size=79254987
R1 [P2] iter 428: merge done, full_size=79235041
R1 [P2] iter 429 done: global_full_size=158490028
R1 [P2] iter 429: PRE-JOIN GPU mem: 83.8GB free / 85.1GB total | delta_size=76 full_size=79235041
R0 [P2] iter 429: join done, raw=84 result_size=84
R1 [P2] iter 429: join done, raw=75 result_size=75
R0 [P2] iter 429: split done, delta_size=84
R1 [P2] iter 429: split done, delta_size=75
R0 [P2] iter 429: dedup done, delta_size=84
R1 [P2] iter 429: dedup done, delta_size=75
R0 [P2] iter 429: subtract done, delta_size=84
R1 [P2] iter 429: subtract done, delta_size=75
R1 [P2] iter 429: merge done, full_size=79235116
R0 [P2] iter 429: merge done, full_size=79255071
R0 [P2] iter 430 done: global_full_size=158490187
R0 [P2] iter 430: PRE-JOIN GPU mem: 83.8GB free / 85.1GB total | delta_size=84 full_size=79255071
R1 [P2] iter 430 done: global_full_size=158490187
R1 [P2] iter 430: PRE-JOIN GPU mem: 83.8GB free / 85.1GB total | delta_size=75 full_size=79235116
R0 [P2] iter 430: join done, raw=81 result_size=81
R1 [P2] iter 430: join done, raw=74 result_size=74
R0 [P2] iter 430: split done, delta_size=82
R1 [P2] iter 430: split done, delta_size=73
R1 [P2] iter 430: dedup done, delta_size=73
R0 [P2] iter 430: dedup done, delta_size=82
R0 [P2] iter 430: subtract done, delta_size=82
R1 [P2] iter 430: subtract done, delta_size=73
R0 [P2] iter 430: merge done, full_size=79255153
R0 [P2] iter 431 done: global_full_size=158490342
R0 [P2] iter 431: PRE-JOIN GPU mem: 83.8GB free / 85.1GB total | delta_size=82 full_size=79255153
R1 [P2] iter 430: merge done, full_size=79235189
R1 [P2] iter 431 done: global_full_size=158490342
R1 [P2] iter 431: PRE-JOIN GPU mem: 83.8GB free / 85.1GB total | delta_size=73 full_size=79235189
R0 [P2] iter 431: join done, raw=79 result_size=79
R1 [P2] iter 431: join done, raw=72 result_size=72
R0 [P2] iter 431: split done, delta_size=78
R1 [P2] iter 431: split done, delta_size=73
R0 [P2] iter 431: dedup done, delta_size=78
R1 [P2] iter 431: dedup done, delta_size=73
R0 [P2] iter 431: subtract done, delta_size=78
R1 [P2] iter 431: subtract done, delta_size=73
R0 [P2] iter 431: merge done, full_size=79255231
R0 [P2] iter 432 done: global_full_size=158490493
R1 [P2] iter 431: merge done, full_size=79235262
R1 [P2] iter 432 done: global_full_size=158490493
R0 [P2] iter 432: PRE-JOIN GPU mem: 83.8GB free / 85.1GB total | delta_size=78 full_size=79255231
R1 [P2] iter 432: PRE-JOIN GPU mem: 83.8GB free / 85.1GB total | delta_size=73 full_size=79235262
R0 [P2] iter 432: join done, raw=75 result_size=75
R1 [P2] iter 432: join done, raw=72 result_size=72
R0 [P2] iter 432: split done, delta_size=76
R1 [P2] iter 432: split done, delta_size=71
R0 [P2] iter 432: dedup done, delta_size=76
R1 [P2] iter 432: dedup done, delta_size=71
R0 [P2] iter 432: subtract done, delta_size=76
R1 [P2] iter 432: subtract done, delta_size=71
R0 [P2] iter 432: merge done, full_size=79255307
R0 [P2] iter 433 done: global_full_size=158490640
R1 [P2] iter 432: merge done, full_size=79235333
R1 [P2] iter 433 done: global_full_size=158490640
R0 [P2] iter 433: PRE-JOIN GPU mem: 83.8GB free / 85.1GB total | delta_size=76 full_size=79255307
R1 [P2] iter 433: PRE-JOIN GPU mem: 83.8GB free / 85.1GB total | delta_size=71 full_size=79235333
R0 [P2] iter 433: join done, raw=73 result_size=73
R1 [P2] iter 433: join done, raw=70 result_size=70
R0 [P2] iter 433: split done, delta_size=72
R1 [P2] iter 433: split done, delta_size=71
R0 [P2] iter 433: dedup done, delta_size=72
R1 [P2] iter 433: dedup done, delta_size=71
R0 [P2] iter 433: subtract done, delta_size=72
R1 [P2] iter 433: subtract done, delta_size=71
R0 [P2] iter 433: merge done, full_size=79255379
R0 [P2] iter 434 done: global_full_size=158490783
R1 [P2] iter 433: merge done, full_size=79235404
R1 [P2] iter 434 done: global_full_size=158490783
R0 [P2] iter 434: PRE-JOIN GPU mem: 83.8GB free / 85.1GB total | delta_size=72 full_size=79255379
R1 [P2] iter 434: PRE-JOIN GPU mem: 83.8GB free / 85.1GB total | delta_size=71 full_size=79235404
R0 [P2] iter 434: join done, raw=69 result_size=69
R1 [P2] iter 434: join done, raw=70 result_size=70
R0 [P2] iter 434: split done, delta_size=70
R1 [P2] iter 434: split done, delta_size=69
R0 [P2] iter 434: dedup done, delta_size=70
R1 [P2] iter 434: dedup done, delta_size=69
R0 [P2] iter 434: subtract done, delta_size=70
R1 [P2] iter 434: subtract done, delta_size=69
R0 [P2] iter 434: merge done, full_size=79255449
R0 [P2] iter 435 done: global_full_size=158490922
R1 [P2] iter 434: merge done, full_size=79235473
R1 [P2] iter 435 done: global_full_size=158490922
R0 [P2] iter 435: PRE-JOIN GPU mem: 83.8GB free / 85.1GB total | delta_size=70 full_size=79255449
R1 [P2] iter 435: PRE-JOIN GPU mem: 83.8GB free / 85.1GB total | delta_size=69 full_size=79235473
R0 [P2] iter 435: join done, raw=67 result_size=67
R1 [P2] iter 435: join done, raw=68 result_size=68
R0 [P2] iter 435: split done, delta_size=69
R1 [P2] iter 435: split done, delta_size=66
R0 [P2] iter 435: dedup done, delta_size=69
R1 [P2] iter 435: dedup done, delta_size=66
R0 [P2] iter 435: subtract done, delta_size=69
R1 [P2] iter 435: subtract done, delta_size=66
R1 [P2] iter 435: merge done, full_size=79235539
R0 [P2] iter 435: merge done, full_size=79255518
R0 [P2] iter 436 done: global_full_size=158491057
R1 [P2] iter 436 done: global_full_size=158491057
R0 [P2] iter 436: PRE-JOIN GPU mem: 83.8GB free / 85.1GB total | delta_size=69 full_size=79255518
R1 [P2] iter 436: PRE-JOIN GPU mem: 83.8GB free / 85.1GB total | delta_size=66 full_size=79235539
R0 [P2] iter 436: join done, raw=66 result_size=66
R1 [P2] iter 436: join done, raw=65 result_size=65
R0 [P2] iter 436: split done, delta_size=68
R1 [P2] iter 436: split done, delta_size=63
R0 [P2] iter 436: dedup done, delta_size=68
R1 [P2] iter 436: dedup done, delta_size=63
R0 [P2] iter 436: subtract done, delta_size=68
R1 [P2] iter 436: subtract done, delta_size=63
R0 [P2] iter 436: merge done, full_size=79255586
R0 [P2] iter 437 done: global_full_size=158491188
R1 [P2] iter 436: merge done, full_size=79235602
R1 [P2] iter 437 done: global_full_size=158491188
R0 [P2] iter 437: PRE-JOIN GPU mem: 83.8GB free / 85.1GB total | delta_size=68 full_size=79255586
R1 [P2] iter 437: PRE-JOIN GPU mem: 83.8GB free / 85.1GB total | delta_size=63 full_size=79235602
R0 [P2] iter 437: join done, raw=65 result_size=65
R1 [P2] iter 437: join done, raw=62 result_size=62
R0 [P2] iter 437: split done, delta_size=66
R1 [P2] iter 437: split done, delta_size=61
R0 [P2] iter 437: dedup done, delta_size=66
R1 [P2] iter 437: dedup done, delta_size=61
R0 [P2] iter 437: subtract done, delta_size=66
R1 [P2] iter 437: subtract done, delta_size=61
R0 [P2] iter 437: merge done, full_size=79255652
R0 [P2] iter 438 done: global_full_size=158491315
R1 [P2] iter 437: merge done, full_size=79235663
R1 [P2] iter 438 done: global_full_size=158491315
R0 [P2] iter 438: PRE-JOIN GPU mem: 83.8GB free / 85.1GB total | delta_size=66 full_size=79255652
R1 [P2] iter 438: PRE-JOIN GPU mem: 83.8GB free / 85.1GB total | delta_size=61 full_size=79235663
R0 [P2] iter 438: join done, raw=63 result_size=63
R1 [P2] iter 438: join done, raw=60 result_size=60
R0 [P2] iter 438: split done, delta_size=63
R1 [P2] iter 438: split done, delta_size=60
R0 [P2] iter 438: dedup done, delta_size=63
R1 [P2] iter 438: dedup done, delta_size=60
R0 [P2] iter 438: subtract done, delta_size=63
R1 [P2] iter 438: subtract done, delta_size=60
R0 [P2] iter 438: merge done, full_size=79255715
R0 [P2] iter 439 done: global_full_size=158491438
R1 [P2] iter 438: merge done, full_size=79235723
R1 [P2] iter 439 done: global_full_size=158491438
R0 [P2] iter 439: PRE-JOIN GPU mem: 83.8GB free / 85.1GB total | delta_size=63 full_size=79255715
R1 [P2] iter 439: PRE-JOIN GPU mem: 83.8GB free / 85.1GB total | delta_size=60 full_size=79235723
R1 [P2] iter 439: join done, raw=59 result_size=59
R0 [P2] iter 439: join done, raw=60 result_size=60
R0 [P2] iter 439: split done, delta_size=62
R1 [P2] iter 439: split done, delta_size=57
R0 [P2] iter 439: dedup done, delta_size=62
R1 [P2] iter 439: dedup done, delta_size=57
R0 [P2] iter 439: subtract done, delta_size=62
R1 [P2] iter 439: subtract done, delta_size=57
R1 [P2] iter 439: merge done, full_size=79235780
R0 [P2] iter 439: merge done, full_size=79255777
R0 [P2] iter 440 done: global_full_size=158491557
R1 [P2] iter 440 done: global_full_size=158491557
R0 [P2] iter 440: PRE-JOIN GPU mem: 83.8GB free / 85.1GB total | delta_size=62 full_size=79255777
R1 [P2] iter 440: PRE-JOIN GPU mem: 83.8GB free / 85.1GB total | delta_size=57 full_size=79235780
R0 [P2] iter 440: join done, raw=59 result_size=59
R1 [P2] iter 440: join done, raw=56 result_size=56
R0 [P2] iter 440: split done, delta_size=60
R1 [P2] iter 440: split done, delta_size=55
R0 [P2] iter 440: dedup done, delta_size=60
R1 [P2] iter 440: dedup done, delta_size=55
R0 [P2] iter 440: subtract done, delta_size=60
R1 [P2] iter 440: subtract done, delta_size=55
R0 [P2] iter 440: merge done, full_size=79255837
R0 [P2] iter 441 done: global_full_size=158491672
R1 [P2] iter 440: merge done, full_size=79235835
R1 [P2] iter 441 done: global_full_size=158491672
R0 [P2] iter 441: PRE-JOIN GPU mem: 83.8GB free / 85.1GB total | delta_size=60 full_size=79255837
R1 [P2] iter 441: PRE-JOIN GPU mem: 83.8GB free / 85.1GB total | delta_size=55 full_size=79235835
R1 [P2] iter 441: join done, raw=54 result_size=54
R0 [P2] iter 441: join done, raw=57 result_size=57
R0 [P2] iter 441: split done, delta_size=59
R1 [P2] iter 441: split done, delta_size=52
R0 [P2] iter 441: dedup done, delta_size=59
R1 [P2] iter 441: dedup done, delta_size=52
R0 [P2] iter 441: subtract done, delta_size=59
R1 [P2] iter 441: subtract done, delta_size=52
R0 [P2] iter 441: merge done, full_size=79255896
R0 [P2] iter 442 done: global_full_size=158491783
R1 [P2] iter 441: merge done, full_size=79235887
R1 [P2] iter 442 done: global_full_size=158491783
R0 [P2] iter 442: PRE-JOIN GPU mem: 83.8GB free / 85.1GB total | delta_size=59 full_size=79255896
R1 [P2] iter 442: PRE-JOIN GPU mem: 83.8GB free / 85.1GB total | delta_size=52 full_size=79235887
R0 [P2] iter 442: join done, raw=56 result_size=56
R1 [P2] iter 442: join done, raw=51 result_size=51
R0 [P2] iter 442: split done, delta_size=57
R1 [P2] iter 442: split done, delta_size=50
R0 [P2] iter 442: dedup done, delta_size=57
R1 [P2] iter 442: dedup done, delta_size=50
R0 [P2] iter 442: subtract done, delta_size=57
R1 [P2] iter 442: subtract done, delta_size=50
R0 [P2] iter 442: merge done, full_size=79255953
R0 [P2] iter 443 done: global_full_size=158491890
R1 [P2] iter 442: merge done, full_size=79235937
R1 [P2] iter 443 done: global_full_size=158491890
R0 [P2] iter 443: PRE-JOIN GPU mem: 83.8GB free / 85.1GB total | delta_size=57 full_size=79255953
R1 [P2] iter 443: PRE-JOIN GPU mem: 83.8GB free / 85.1GB total | delta_size=50 full_size=79235937
R0 [P2] iter 443: join done, raw=54 result_size=54
R1 [P2] iter 443: join done, raw=49 result_size=49
R0 [P2] iter 443: split done, delta_size=56
R1 [P2] iter 443: split done, delta_size=47
R0 [P2] iter 443: dedup done, delta_size=56
R1 [P2] iter 443: dedup done, delta_size=47
R0 [P2] iter 443: subtract done, delta_size=56
R1 [P2] iter 443: subtract done, delta_size=47
R0 [P2] iter 443: merge done, full_size=79256009
R0 [P2] iter 444 done: global_full_size=158491993
R1 [P2] iter 443: merge done, full_size=79235984
R1 [P2] iter 444 done: global_full_size=158491993
R0 [P2] iter 444: PRE-JOIN GPU mem: 83.8GB free / 85.1GB total | delta_size=56 full_size=79256009
R1 [P2] iter 444: PRE-JOIN GPU mem: 83.8GB free / 85.1GB total | delta_size=47 full_size=79235984
R0 [P2] iter 444: join done, raw=52 result_size=52
R1 [P2] iter 444: join done, raw=46 result_size=46
R0 [P2] iter 444: split done, delta_size=54
R1 [P2] iter 444: split done, delta_size=44
R0 [P2] iter 444: dedup done, delta_size=54
R1 [P2] iter 444: dedup done, delta_size=44
R0 [P2] iter 444: subtract done, delta_size=54
R1 [P2] iter 444: subtract done, delta_size=44
R1 [P2] iter 444: merge done, full_size=79236028
R0 [P2] iter 444: merge done, full_size=79256063
R0 [P2] iter 445 done: global_full_size=158492091
R1 [P2] iter 445 done: global_full_size=158492091
R0 [P2] iter 445: PRE-JOIN GPU mem: 83.8GB free / 85.1GB total | delta_size=54 full_size=79256063
R1 [P2] iter 445: PRE-JOIN GPU mem: 83.8GB free / 85.1GB total | delta_size=44 full_size=79236028
R0 [P2] iter 445: join done, raw=51 result_size=51
R1 [P2] iter 445: join done, raw=43 result_size=43
R0 [P2] iter 445: split done, delta_size=51
R1 [P2] iter 445: split done, delta_size=43
R0 [P2] iter 445: dedup done, delta_size=51
R1 [P2] iter 445: dedup done, delta_size=43
R0 [P2] iter 445: subtract done, delta_size=51
R1 [P2] iter 445: subtract done, delta_size=43
R0 [P2] iter 445: merge done, full_size=79256114
R0 [P2] iter 446 done: global_full_size=158492185
R1 [P2] iter 445: merge done, full_size=79236071
R1 [P2] iter 446 done: global_full_size=158492185
R1 [P2] iter 446: PRE-JOIN GPU mem: 83.8GB free / 85.1GB total | delta_size=43 full_size=79236071
R0 [P2] iter 446: PRE-JOIN GPU mem: 83.8GB free / 85.1GB total | delta_size=51 full_size=79256114
R1 [P2] iter 446: join done, raw=42 result_size=42
R0 [P2] iter 446: join done, raw=48 result_size=48
R0 [P2] iter 446: split done, delta_size=49
R1 [P2] iter 446: split done, delta_size=41
R0 [P2] iter 446: dedup done, delta_size=49
R1 [P2] iter 446: dedup done, delta_size=41
R0 [P2] iter 446: subtract done, delta_size=49
R1 [P2] iter 446: subtract done, delta_size=41
R0 [P2] iter 446: merge done, full_size=79256163
R0 [P2] iter 447 done: global_full_size=158492275
R1 [P2] iter 446: merge done, full_size=79236112
R1 [P2] iter 447 done: global_full_size=158492275
R1 [P2] iter 447: PRE-JOIN GPU mem: 83.8GB free / 85.1GB total | delta_size=41 full_size=79236112
R0 [P2] iter 447: PRE-JOIN GPU mem: 83.8GB free / 85.1GB total | delta_size=49 full_size=79256163
R0 [P2] iter 447: join done, raw=46 result_size=46
R1 [P2] iter 447: join done, raw=40 result_size=40
R0 [P2] iter 447: split done, delta_size=48
R1 [P2] iter 447: split done, delta_size=38
R1 [P2] iter 447: dedup done, delta_size=38
R0 [P2] iter 447: dedup done, delta_size=48
R0 [P2] iter 447: subtract done, delta_size=48
R1 [P2] iter 447: subtract done, delta_size=38
R1 [P2] iter 447: merge done, full_size=79236150
R0 [P2] iter 447: merge done, full_size=79256211
R0 [P2] iter 448 done: global_full_size=158492361
R0 [P2] iter 448: PRE-JOIN GPU mem: 83.8GB free / 85.1GB total | delta_size=48 full_size=79256211
R1 [P2] iter 448 done: global_full_size=158492361
R1 [P2] iter 448: PRE-JOIN GPU mem: 83.8GB free / 85.1GB total | delta_size=38 full_size=79236150
R0 [P2] iter 448: join done, raw=45 result_size=45
R1 [P2] iter 448: join done, raw=37 result_size=37
R0 [P2] iter 448: split done, delta_size=46
R1 [P2] iter 448: split done, delta_size=36
R0 [P2] iter 448: dedup done, delta_size=46
R1 [P2] iter 448: dedup done, delta_size=36
R0 [P2] iter 448: subtract done, delta_size=46
R1 [P2] iter 448: subtract done, delta_size=36
R0 [P2] iter 448: merge done, full_size=79256257
R0 [P2] iter 449 done: global_full_size=158492443
R0 [P2] iter 449: PRE-JOIN GPU mem: 83.8GB free / 85.1GB total | delta_size=46 full_size=79256257
R1 [P2] iter 448: merge done, full_size=79236186
R1 [P2] iter 449 done: global_full_size=158492443
R1 [P2] iter 449: PRE-JOIN GPU mem: 83.8GB free / 85.1GB total | delta_size=36 full_size=79236186
R0 [P2] iter 449: join done, raw=43 result_size=43
R1 [P2] iter 449: join done, raw=35 result_size=35
R0 [P2] iter 449: split done, delta_size=44
R1 [P2] iter 449: split done, delta_size=34
R0 [P2] iter 449: dedup done, delta_size=44
R1 [P2] iter 449: dedup done, delta_size=34
R0 [P2] iter 449: subtract done, delta_size=44
R1 [P2] iter 449: subtract done, delta_size=34
R1 [P2] iter 449: merge done, full_size=79236220
R0 [P2] iter 449: merge done, full_size=79256301
R0 [P2] iter 450 done: global_full_size=158492521
R0 [P2] iter 450: PRE-JOIN GPU mem: 83.8GB free / 85.1GB total | delta_size=44 full_size=79256301
R1 [P2] iter 450 done: global_full_size=158492521
R1 [P2] iter 450: PRE-JOIN GPU mem: 83.8GB free / 85.1GB total | delta_size=34 full_size=79236220
R0 [P2] iter 450: join done, raw=41 result_size=41
R1 [P2] iter 450: join done, raw=33 result_size=33
R0 [P2] iter 450: split done, delta_size=42
R1 [P2] iter 450: split done, delta_size=32
R0 [P2] iter 450: dedup done, delta_size=42
R1 [P2] iter 450: dedup done, delta_size=32
R0 [P2] iter 450: subtract done, delta_size=42
R1 [P2] iter 450: subtract done, delta_size=32
R1 [P2] iter 450: merge done, full_size=79236252
R0 [P2] iter 450: merge done, full_size=79256343
R0 [P2] iter 451 done: global_full_size=158492595
R1 [P2] iter 451 done: global_full_size=158492595
R1 [P2] iter 451: PRE-JOIN GPU mem: 83.8GB free / 85.1GB total | delta_size=32 full_size=79236252
R0 [P2] iter 451: PRE-JOIN GPU mem: 83.8GB free / 85.1GB total | delta_size=42 full_size=79256343
R0 [P2] iter 451: join done, raw=39 result_size=39
R1 [P2] iter 451: join done, raw=31 result_size=31
R0 [P2] iter 451: split done, delta_size=39
R1 [P2] iter 451: split done, delta_size=31
R0 [P2] iter 451: dedup done, delta_size=39
R1 [P2] iter 451: dedup done, delta_size=31
R0 [P2] iter 451: subtract done, delta_size=39
R1 [P2] iter 451: subtract done, delta_size=31
R1 [P2] iter 451: merge done, full_size=79236283
R0 [P2] iter 451: merge done, full_size=79256382
R0 [P2] iter 452 done: global_full_size=158492665
R1 [P2] iter 452 done: global_full_size=158492665
R0 [P2] iter 452: PRE-JOIN GPU mem: 83.8GB free / 85.1GB total | delta_size=39 full_size=79256382
R1 [P2] iter 452: PRE-JOIN GPU mem: 83.8GB free / 85.1GB total | delta_size=31 full_size=79236283
R0 [P2] iter 452: join done, raw=36 result_size=36
R0 [P2] iter 452: split done, delta_size=36
R0 [P2] iter 452: dedup done, delta_size=36
R1 [P2] iter 452: join done, raw=30 result_size=30
R1 [P2] iter 452: split done, delta_size=30
R1 [P2] iter 452: dedup done, delta_size=30
R0 [P2] iter 452: subtract done, delta_size=36
R1 [P2] iter 452: subtract done, delta_size=30
R0 [P2] iter 452: merge done, full_size=79256418
R0 [P2] iter 453 done: global_full_size=158492731
R1 [P2] iter 452: merge done, full_size=79236313
R1 [P2] iter 453 done: global_full_size=158492731
R0 [P2] iter 453: PRE-JOIN GPU mem: 83.8GB free / 85.1GB total | delta_size=36 full_size=79256418
R1 [P2] iter 453: PRE-JOIN GPU mem: 83.8GB free / 85.1GB total | delta_size=30 full_size=79236313
R1 [P2] iter 453: join done, raw=29 result_size=29
R0 [P2] iter 453: join done, raw=33 result_size=33
R0 [P2] iter 453: split done, delta_size=34
R1 [P2] iter 453: split done, delta_size=28
R0 [P2] iter 453: dedup done, delta_size=34
R1 [P2] iter 453: dedup done, delta_size=28
R0 [P2] iter 453: subtract done, delta_size=34
R1 [P2] iter 453: subtract done, delta_size=28
R1 [P2] iter 453: merge done, full_size=79236341
R0 [P2] iter 453: merge done, full_size=79256452
R0 [P2] iter 454 done: global_full_size=158492793
R1 [P2] iter 454 done: global_full_size=158492793
R0 [P2] iter 454: PRE-JOIN GPU mem: 83.8GB free / 85.1GB total | delta_size=34 full_size=79256452
R1 [P2] iter 454: PRE-JOIN GPU mem: 83.8GB free / 85.1GB total | delta_size=28 full_size=79236341
R0 [P2] iter 454: join done, raw=31 result_size=31
R1 [P2] iter 454: join done, raw=27 result_size=27
R0 [P2] iter 454: split done, delta_size=31
R1 [P2] iter 454: split done, delta_size=27
R0 [P2] iter 454: dedup done, delta_size=31
R1 [P2] iter 454: dedup done, delta_size=27
R0 [P2] iter 454: subtract done, delta_size=31
R1 [P2] iter 454: subtract done, delta_size=27
R1 [P2] iter 454: merge done, full_size=79236368
R0 [P2] iter 454: merge done, full_size=79256483
R0 [P2] iter 455 done: global_full_size=158492851
R1 [P2] iter 455 done: global_full_size=158492851
R0 [P2] iter 455: PRE-JOIN GPU mem: 83.8GB free / 85.1GB total | delta_size=31 full_size=79256483
R1 [P2] iter 455: PRE-JOIN GPU mem: 83.8GB free / 85.1GB total | delta_size=27 full_size=79236368
R0 [P2] iter 455: join done, raw=28 result_size=28
R1 [P2] iter 455: join done, raw=26 result_size=26
R0 [P2] iter 455: split done, delta_size=30
R1 [P2] iter 455: split done, delta_size=24
R1 [P2] iter 455: dedup done, delta_size=24
R0 [P2] iter 455: dedup done, delta_size=30
R0 [P2] iter 455: subtract done, delta_size=30
R1 [P2] iter 455: subtract done, delta_size=24
R1 [P2] iter 455: merge done, full_size=79236392
R0 [P2] iter 455: merge done, full_size=79256513
R0 [P2] iter 456 done: global_full_size=158492905
R1 [P2] iter 456 done: global_full_size=158492905
R0 [P2] iter 456: PRE-JOIN GPU mem: 83.8GB free / 85.1GB total | delta_size=30 full_size=79256513
R1 [P2] iter 456: PRE-JOIN GPU mem: 83.8GB free / 85.1GB total | delta_size=24 full_size=79236392
R0 [P2] iter 456: join done, raw=27 result_size=27
R1 [P2] iter 456: join done, raw=23 result_size=23
R0 [P2] iter 456: split done, delta_size=27
R1 [P2] iter 456: split done, delta_size=23
R0 [P2] iter 456: dedup done, delta_size=27
R1 [P2] iter 456: dedup done, delta_size=23
R0 [P2] iter 456: subtract done, delta_size=27
R1 [P2] iter 456: subtract done, delta_size=23
R1 [P2] iter 456: merge done, full_size=79236415
R0 [P2] iter 456: merge done, full_size=79256540
R0 [P2] iter 457 done: global_full_size=158492955
R1 [P2] iter 457 done: global_full_size=158492955
R0 [P2] iter 457: PRE-JOIN GPU mem: 83.8GB free / 85.1GB total | delta_size=27 full_size=79256540
R1 [P2] iter 457: PRE-JOIN GPU mem: 83.8GB free / 85.1GB total | delta_size=23 full_size=79236415
R0 [P2] iter 457: join done, raw=24 result_size=24
R1 [P2] iter 457: join done, raw=22 result_size=22
R0 [P2] iter 457: split done, delta_size=25
R1 [P2] iter 457: split done, delta_size=21
R0 [P2] iter 457: dedup done, delta_size=25
R1 [P2] iter 457: dedup done, delta_size=21
R0 [P2] iter 457: subtract done, delta_size=25
R1 [P2] iter 457: subtract done, delta_size=21
R1 [P2] iter 457: merge done, full_size=79236436
R0 [P2] iter 457: merge done, full_size=79256565
R0 [P2] iter 458 done: global_full_size=158493001
R1 [P2] iter 458 done: global_full_size=158493001
R0 [P2] iter 458: PRE-JOIN GPU mem: 83.8GB free / 85.1GB total | delta_size=25 full_size=79256565
R1 [P2] iter 458: PRE-JOIN GPU mem: 83.8GB free / 85.1GB total | delta_size=21 full_size=79236436
R0 [P2] iter 458: join done, raw=22 result_size=22
R1 [P2] iter 458: join done, raw=20 result_size=20
R0 [P2] iter 458: split done, delta_size=22
R1 [P2] iter 458: split done, delta_size=20
R0 [P2] iter 458: dedup done, delta_size=22
R1 [P2] iter 458: dedup done, delta_size=20
R0 [P2] iter 458: subtract done, delta_size=22
R1 [P2] iter 458: subtract done, delta_size=20
R0 [P2] iter 458: merge done, full_size=79256587
R0 [P2] iter 459 done: global_full_size=158493043
R1 [P2] iter 458: merge done, full_size=79236456
R1 [P2] iter 459 done: global_full_size=158493043
R0 [P2] iter 459: PRE-JOIN GPU mem: 83.8GB free / 85.1GB total | delta_size=22 full_size=79256587
R1 [P2] iter 459: PRE-JOIN GPU mem: 83.8GB free / 85.1GB total | delta_size=20 full_size=79236456
R0 [P2] iter 459: join done, raw=19 result_size=19
R1 [P2] iter 459: join done, raw=19 result_size=19
R0 [P2] iter 459: split done, delta_size=21
R1 [P2] iter 459: split done, delta_size=17
R0 [P2] iter 459: dedup done, delta_size=21
R1 [P2] iter 459: dedup done, delta_size=17
R0 [P2] iter 459: subtract done, delta_size=21
R1 [P2] iter 459: subtract done, delta_size=17
R0 [P2] iter 459: merge done, full_size=79256608
R0 [P2] iter 460 done: global_full_size=158493081
R1 [P2] iter 459: merge done, full_size=79236473
R1 [P2] iter 460 done: global_full_size=158493081
R0 [P2] iter 460: PRE-JOIN GPU mem: 83.8GB free / 85.1GB total | delta_size=21 full_size=79256608
R1 [P2] iter 460: PRE-JOIN GPU mem: 83.8GB free / 85.1GB total | delta_size=17 full_size=79236473
R0 [P2] iter 460: join done, raw=18 result_size=18
R1 [P2] iter 460: join done, raw=16 result_size=16
R0 [P2] iter 460: split done, delta_size=18
R1 [P2] iter 460: split done, delta_size=16
R0 [P2] iter 460: dedup done, delta_size=18
R1 [P2] iter 460: dedup done, delta_size=16
R1 [P2] iter 460: subtract done, delta_size=16
R0 [P2] iter 460: subtract done, delta_size=18
R1 [P2] iter 460: merge done, full_size=79236489
R0 [P2] iter 460: merge done, full_size=79256626
R0 [P2] iter 461 done: global_full_size=158493115
R1 [P2] iter 461 done: global_full_size=158493115
R0 [P2] iter 461: PRE-JOIN GPU mem: 83.8GB free / 85.1GB total | delta_size=18 full_size=79256626
R1 [P2] iter 461: PRE-JOIN GPU mem: 83.8GB free / 85.1GB total | delta_size=16 full_size=79236489
R0 [P2] iter 461: join done, raw=16 result_size=16
R1 [P2] iter 461: join done, raw=15 result_size=15
R0 [P2] iter 461: split done, delta_size=16
R1 [P2] iter 461: split done, delta_size=15
R0 [P2] iter 461: dedup done, delta_size=16
R1 [P2] iter 461: dedup done, delta_size=15
R0 [P2] iter 461: subtract done, delta_size=16
R1 [P2] iter 461: subtract done, delta_size=15
R1 [P2] iter 461: merge done, full_size=79236504
R0 [P2] iter 461: merge done, full_size=79256642
R0 [P2] iter 462 done: global_full_size=158493146
R1 [P2] iter 462 done: global_full_size=158493146
R0 [P2] iter 462: PRE-JOIN GPU mem: 83.8GB free / 85.1GB total | delta_size=16 full_size=79256642
R1 [P2] iter 462: PRE-JOIN GPU mem: 83.8GB free / 85.1GB total | delta_size=15 full_size=79236504
R0 [P2] iter 462: join done, raw=15 result_size=15
R1 [P2] iter 462: join done, raw=14 result_size=14
R0 [P2] iter 462: split done, delta_size=15
R1 [P2] iter 462: split done, delta_size=14
R1 [P2] iter 462: dedup done, delta_size=14
R0 [P2] iter 462: dedup done, delta_size=15
R0 [P2] iter 462: subtract done, delta_size=15
R1 [P2] iter 462: subtract done, delta_size=14
R0 [P2] iter 462: merge done, full_size=79256657
R0 [P2] iter 463 done: global_full_size=158493175
R1 [P2] iter 462: merge done, full_size=79236518
R1 [P2] iter 463 done: global_full_size=158493175
R0 [P2] iter 463: PRE-JOIN GPU mem: 83.8GB free / 85.1GB total | delta_size=15 full_size=79256657
R1 [P2] iter 463: PRE-JOIN GPU mem: 83.8GB free / 85.1GB total | delta_size=14 full_size=79236518
R0 [P2] iter 463: join done, raw=14 result_size=14
R1 [P2] iter 463: join done, raw=13 result_size=13
R0 [P2] iter 463: split done, delta_size=13
R1 [P2] iter 463: split done, delta_size=14
R1 [P2] iter 463: dedup done, delta_size=14
R0 [P2] iter 463: dedup done, delta_size=13
R0 [P2] iter 463: subtract done, delta_size=13
R1 [P2] iter 463: subtract done, delta_size=14
R1 [P2] iter 463: merge done, full_size=79236532
R0 [P2] iter 463: merge done, full_size=79256670
R0 [P2] iter 464 done: global_full_size=158493202
R1 [P2] iter 464 done: global_full_size=158493202
R0 [P2] iter 464: PRE-JOIN GPU mem: 83.8GB free / 85.1GB total | delta_size=13 full_size=79256670
R1 [P2] iter 464: PRE-JOIN GPU mem: 83.8GB free / 85.1GB total | delta_size=14 full_size=79236532
R0 [P2] iter 464: join done, raw=12 result_size=12
R1 [P2] iter 464: join done, raw=13 result_size=13
R0 [P2] iter 464: split done, delta_size=11
R1 [P2] iter 464: split done, delta_size=14
R0 [P2] iter 464: dedup done, delta_size=11
R1 [P2] iter 464: dedup done, delta_size=14
R0 [P2] iter 464: subtract done, delta_size=11
R1 [P2] iter 464: subtract done, delta_size=14
R0 [P2] iter 464: merge done, full_size=79256681
R0 [P2] iter 465 done: global_full_size=158493227
R1 [P2] iter 464: merge done, full_size=79236546
R1 [P2] iter 465 done: global_full_size=158493227
R0 [P2] iter 465: PRE-JOIN GPU mem: 83.8GB free / 85.1GB total | delta_size=11 full_size=79256681
R1 [P2] iter 465: PRE-JOIN GPU mem: 83.8GB free / 85.1GB total | delta_size=14 full_size=79236546
R0 [P2] iter 465: join done, raw=10 result_size=10
R1 [P2] iter 465: join done, raw=13 result_size=13
R0 [P2] iter 465: split done, delta_size=9
R1 [P2] iter 465: split done, delta_size=14
R1 [P2] iter 465: dedup done, delta_size=14
R0 [P2] iter 465: dedup done, delta_size=9
R0 [P2] iter 465: subtract done, delta_size=9
R1 [P2] iter 465: subtract done, delta_size=14
R1 [P2] iter 465: merge done, full_size=79236560
R0 [P2] iter 465: merge done, full_size=79256690
R0 [P2] iter 466 done: global_full_size=158493250
R1 [P2] iter 466 done: global_full_size=158493250
R0 [P2] iter 466: PRE-JOIN GPU mem: 83.8GB free / 85.1GB total | delta_size=9 full_size=79256690
R1 [P2] iter 466: PRE-JOIN GPU mem: 83.8GB free / 85.1GB total | delta_size=14 full_size=79236560
R0 [P2] iter 466: join done, raw=8 result_size=8
R1 [P2] iter 466: join done, raw=13 result_size=13
R0 [P2] iter 466: split done, delta_size=8
R0 [P2] iter 466: dedup done, delta_size=8
R1 [P2] iter 466: split done, delta_size=13
R1 [P2] iter 466: dedup done, delta_size=13
R0 [P2] iter 466: subtract done, delta_size=8
R1 [P2] iter 466: subtract done, delta_size=13
R0 [P2] iter 466: merge done, full_size=79256698
R0 [P2] iter 467 done: global_full_size=158493271
R1 [P2] iter 466: merge done, full_size=79236573
R1 [P2] iter 467 done: global_full_size=158493271
R0 [P2] iter 467: PRE-JOIN GPU mem: 83.8GB free / 85.1GB total | delta_size=8 full_size=79256698
R1 [P2] iter 467: PRE-JOIN GPU mem: 83.8GB free / 85.1GB total | delta_size=13 full_size=79236573
R0 [P2] iter 467: join done, raw=7 result_size=7
R1 [P2] iter 467: join done, raw=12 result_size=12
R0 [P2] iter 467: split done, delta_size=6
R1 [P2] iter 467: split done, delta_size=13
R0 [P2] iter 467: dedup done, delta_size=6
R1 [P2] iter 467: dedup done, delta_size=13
R0 [P2] iter 467: subtract done, delta_size=6
R1 [P2] iter 467: subtract done, delta_size=13
R0 [P2] iter 467: merge done, full_size=79256704
R0 [P2] iter 468 done: global_full_size=158493290
R0 [P2] iter 468: PRE-JOIN GPU mem: 83.8GB free / 85.1GB total | delta_size=6 full_size=79256704
R1 [P2] iter 467: merge done, full_size=79236586
R1 [P2] iter 468 done: global_full_size=158493290
R1 [P2] iter 468: PRE-JOIN GPU mem: 83.8GB free / 85.1GB total | delta_size=13 full_size=79236586
R0 [P2] iter 468: join done, raw=5 result_size=5
R1 [P2] iter 468: join done, raw=12 result_size=12
R0 [P2] iter 468: split done, delta_size=6
R1 [P2] iter 468: split done, delta_size=11
R0 [P2] iter 468: dedup done, delta_size=6
R1 [P2] iter 468: dedup done, delta_size=11
R0 [P2] iter 468: subtract done, delta_size=6
R1 [P2] iter 468: subtract done, delta_size=11
R1 [P2] iter 468: merge done, full_size=79236597
R0 [P2] iter 468: merge done, full_size=79256710
R0 [P2] iter 469 done: global_full_size=158493307
R0 [P2] iter 469: PRE-JOIN GPU mem: 83.8GB free / 85.1GB total | delta_size=6 full_size=79256710
R1 [P2] iter 469 done: global_full_size=158493307
R1 [P2] iter 469: PRE-JOIN GPU mem: 83.8GB free / 85.1GB total | delta_size=11 full_size=79236597
R0 [P2] iter 469: join done, raw=5 result_size=5
R1 [P2] iter 469: join done, raw=10 result_size=10
R0 [P2] iter 469: split done, delta_size=5
R1 [P2] iter 469: split done, delta_size=10
R0 [P2] iter 469: dedup done, delta_size=5
R1 [P2] iter 469: dedup done, delta_size=10
R0 [P2] iter 469: subtract done, delta_size=5
R1 [P2] iter 469: subtract done, delta_size=10
R0 [P2] iter 469: merge done, full_size=79256715
R0 [P2] iter 470 done: global_full_size=158493322
R1 [P2] iter 469: merge done, full_size=79236607
R1 [P2] iter 470 done: global_full_size=158493322
R1 [P2] iter 470: PRE-JOIN GPU mem: 83.8GB free / 85.1GB total | delta_size=10 full_size=79236607
R0 [P2] iter 470: PRE-JOIN GPU mem: 83.8GB free / 85.1GB total | delta_size=5 full_size=79256715
R0 [P2] iter 470: join done, raw=4 result_size=4
R1 [P2] iter 470: join done, raw=9 result_size=9
R0 [P2] iter 470: split done, delta_size=5
R1 [P2] iter 470: split done, delta_size=8
R0 [P2] iter 470: dedup done, delta_size=5
R1 [P2] iter 470: dedup done, delta_size=8
R0 [P2] iter 470: subtract done, delta_size=5
R1 [P2] iter 470: subtract done, delta_size=8
R1 [P2] iter 470: merge done, full_size=79236615
R0 [P2] iter 470: merge done, full_size=79256720
R0 [P2] iter 471 done: global_full_size=158493335
R0 [P2] iter 471: PRE-JOIN GPU mem: 83.8GB free / 85.1GB total | delta_size=5 full_size=79256720
R1 [P2] iter 471 done: global_full_size=158493335
R1 [P2] iter 471: PRE-JOIN GPU mem: 83.8GB free / 85.1GB total | delta_size=8 full_size=79236615
R0 [P2] iter 471: join done, raw=4 result_size=4
R1 [P2] iter 471: join done, raw=7 result_size=7
R0 [P2] iter 471: split done, delta_size=3
R1 [P2] iter 471: split done, delta_size=8
R0 [P2] iter 471: dedup done, delta_size=3
R1 [P2] iter 471: dedup done, delta_size=8
R0 [P2] iter 471: subtract done, delta_size=3
R1 [P2] iter 471: subtract done, delta_size=8
R1 [P2] iter 471: merge done, full_size=79236623
R0 [P2] iter 471: merge done, full_size=79256723
R0 [P2] iter 472 done: global_full_size=158493346
R1 [P2] iter 472 done: global_full_size=158493346
R0 [P2] iter 472: PRE-JOIN GPU mem: 83.8GB free / 85.1GB total | delta_size=3 full_size=79256723
R1 [P2] iter 472: PRE-JOIN GPU mem: 83.8GB free / 85.1GB total | delta_size=8 full_size=79236623
R1 [P2] iter 472: join done, raw=7 result_size=7
R0 [P2] iter 472: join done, raw=2 result_size=2
R0 [P2] iter 472: split done, delta_size=3
R1 [P2] iter 472: split done, delta_size=6
R0 [P2] iter 472: dedup done, delta_size=3
R1 [P2] iter 472: dedup done, delta_size=6
R0 [P2] iter 472: subtract done, delta_size=3
R1 [P2] iter 472: subtract done, delta_size=6
R1 [P2] iter 472: merge done, full_size=79236629
R0 [P2] iter 472: merge done, full_size=79256726
R0 [P2] iter 473 done: global_full_size=158493355
R1 [P2] iter 473 done: global_full_size=158493355
R0 [P2] iter 473: PRE-JOIN GPU mem: 83.8GB free / 85.1GB total | delta_size=3 full_size=79256726
R1 [P2] iter 473: PRE-JOIN GPU mem: 83.8GB free / 85.1GB total | delta_size=6 full_size=79236629
R0 [P2] iter 473: join done, raw=2 result_size=2
R1 [P2] iter 473: join done, raw=5 result_size=5
R0 [P2] iter 473: split done, delta_size=3
R1 [P2] iter 473: split done, delta_size=4
R0 [P2] iter 473: dedup done, delta_size=3
R1 [P2] iter 473: dedup done, delta_size=4
R0 [P2] iter 473: subtract done, delta_size=3
R1 [P2] iter 473: subtract done, delta_size=4
R1 [P2] iter 473: merge done, full_size=79236633
R0 [P2] iter 473: merge done, full_size=79256729
R0 [P2] iter 474 done: global_full_size=158493362
R1 [P2] iter 474 done: global_full_size=158493362
R0 [P2] iter 474: PRE-JOIN GPU mem: 83.8GB free / 85.1GB total | delta_size=3 full_size=79256729
R1 [P2] iter 474: PRE-JOIN GPU mem: 83.8GB free / 85.1GB total | delta_size=4 full_size=79236633
R0 [P2] iter 474: join done, raw=2 result_size=2
R1 [P2] iter 474: join done, raw=3 result_size=3
R0 [P2] iter 474: split done, delta_size=3
R1 [P2] iter 474: split done, delta_size=2
R0 [P2] iter 474: dedup done, delta_size=3
R1 [P2] iter 474: dedup done, delta_size=2
R0 [P2] iter 474: subtract done, delta_size=3
R1 [P2] iter 474: subtract done, delta_size=2
R1 [P2] iter 474: merge done, full_size=79236635
R0 [P2] iter 474: merge done, full_size=79256732
R0 [P2] iter 475 done: global_full_size=158493367
R1 [P2] iter 475 done: global_full_size=158493367
R0 [P2] iter 475: PRE-JOIN GPU mem: 83.8GB free / 85.1GB total | delta_size=3 full_size=79256732
R1 [P2] iter 475: PRE-JOIN GPU mem: 83.8GB free / 85.1GB total | delta_size=2 full_size=79236635
R0 [P2] iter 475: join done, raw=2 result_size=2
R1 [P2] iter 475: join done, raw=1 result_size=1
R0 [P2] iter 475: split done, delta_size=2
R1 [P2] iter 475: split done, delta_size=1
R1 [P2] iter 475: dedup done, delta_size=1
R0 [P2] iter 475: dedup done, delta_size=2
R0 [P2] iter 475: subtract done, delta_size=2
R1 [P2] iter 475: subtract done, delta_size=1
R1 [P2] iter 475: merge done, full_size=79236636
R0 [P2] iter 475: merge done, full_size=79256734
R0 [P2] iter 476 done: global_full_size=158493370
R1 [P2] iter 476 done: global_full_size=158493370
R0 [P2] iter 476: PRE-JOIN GPU mem: 83.8GB free / 85.1GB total | delta_size=2 full_size=79256734
R1 [P2] iter 476: PRE-JOIN GPU mem: 83.8GB free / 85.1GB total | delta_size=1 full_size=79236636
R1 [P2] iter 476: join done, raw=0 result_size=0
R0 [P2] iter 476: join done, raw=1 result_size=1
R0 [P2] iter 476: split done, delta_size=0
R1 [P2] iter 476: split done, delta_size=1
R1 [P2] iter 476: dedup done, delta_size=1
R1 [P2] iter 476: subtract done, delta_size=1
R0 [P2] iter 476: dedup done, delta_size=0
R1 [P2] iter 476: merge done, full_size=79236637
R0 [P2] iter 476: subtract done, delta_size=0
R0 [P2] iter 477 done: global_full_size=158493371
R1 [P2] iter 477 done: global_full_size=158493371
R0 [P2] iter 477: PRE-JOIN GPU mem: 83.8GB free / 85.1GB total | delta_size=0 full_size=79256734
R0 [P2] iter 477: join done, raw=0 result_size=0
R1 [P2] iter 477: PRE-JOIN GPU mem: 83.8GB free / 85.1GB total | delta_size=1 full_size=79236637
R1 [P2] iter 477: join done, raw=0 result_size=0
R1 [P2] iter 477: split done, delta_size=0
R0 [P2] iter 477: split done, delta_size=0
R0 [P2] iter 477: dedup done, delta_size=0
R1 [P2] iter 477: dedup done, delta_size=0
R0 [P2] iter 477: subtract done, delta_size=0
R0 [P2] iter 478 done: global_full_size=158493371
R1 [P2] iter 477: subtract done, delta_size=0
R1 [P2] iter 478 done: global_full_size=158493371
Phase 2: 6.2100s | TC(g^k) = 158493371 tuples, 478 iterations
  Join: 0.5372s | Dedup: 0.2517s | Subtract: 0.5220s | Merge: 3.9288s | HT build: 0.0004s
  Comm: 0.6275s
R0 [P2→P3] GPU mem: 83.9GB free / 85.1GB total
R0 [P2→P3] Live allocations:
  full (TC(g^k) rev): 79256734 tuples = 0.6GB
  delta:              0 tuples = 0.0GB
  seed:               12369181 tuples = 0.1GB
R0 [P2→P3] Accounted: 0.7GB | Unaccounted: 0.5GB
R0 [P3] entering Phase 3: seed_size=12369181 full_size=79256734
R0 [P3] allgather counts done: total_seed_size=24123698
R1 [P2→P3] GPU mem: 83.9GB free / 85.1GB total
R1 [P2→P3] Live allocations:
  full (TC(g^k) rev): 79236637 tuples = 0.6GB
  delta:              0 tuples = 0.0GB
  seed:               11754517 tuples = 0.1GB
R1 [P2→P3] Accounted: 0.7GB | Unaccounted: 0.5GB
R1 [P3] entering Phase 3: seed_size=11754517 full_size=79236637
R1 [P3] allgather counts done: total_seed_size=24123698
R0 [P3] allgatherv seeds done
R1 [P3] allgatherv seeds done
R0 [P3] seed HT built: total_seed_size=24123698 seed_ht_rows=67108864 | GPU mem: 83.4GB free
  Live: full=0.6GB + delta=0.0GB + seed=0.1GB + seed_ht=0.5GB = 1.3GB | used=1.7GB
R1 [P3] seed HT built: total_seed_size=24123698 seed_ht_rows=67108864 | GPU mem: 83.4GB free
  Live: full=0.6GB + delta=0.0GB + seed=0.1GB + seed_ht=0.5GB = 1.3GB | used=1.7GB
R0 [P3] reversed full in place: full_size=79256734
R0 [P3] PRE-JOIN GPU mem: 83.4GB free / 85.1GB total | probe_size=79256734 seed_ht_rows=67108864
R1 [P3] reversed full in place: full_size=79236637
R1 [P3] PRE-JOIN GPU mem: 83.4GB free / 85.1GB total | probe_size=79236637 seed_ht_rows=67108864
R0 [P3] join raw=150222784 -> kept=145056086 (1.0x collapse)
R0 [P3] join done: extended_size=145056086 (1.2GB) | GPU mem: 82.7GB free
R1 [P3] join raw=150178596 -> kept=145038963 (1.0x collapse)
R1 [P3] join done: extended_size=145038963 (1.2GB) | GPU mem: 82.8GB free
R0 [P3] PRE-SPLIT GPU mem: 83.4GB free / 85.1GB total | extended_size=145056086 (1.2GB)
R1 [P3] PRE-SPLIT GPU mem: 83.4GB free / 85.1GB total | extended_size=145038963 (1.2GB)
R0 [P3] extended sorted & copied to host, GPU freed: 84.5GB free
R1 [P3] extended sorted & copied to host, GPU freed: 84.6GB free
R1 [P3] extended split done: ext_split_size=145038963
R0 [P3] extended split done: ext_split_size=145056086
R0 [P3] seed split done: seed_split_size=12061699
R1 [P3] seed split done: seed_split_size=12061999
R0 [P3] concat done: result_size=157117785 (seed=12061699 + ext=145056086)
R1 [P3] concat done: result_size=157100962 (seed=12061999 + ext=145038963)
R1 [P3] dedup done: result_size=156844624
R0 [P3] dedup done: result_size=156861368
Phase 1: 0.2267s | seed_size=12369181 (length 1), g^k_size=11754517
Phase 2: 6.2100s | TC(g^k) = 158493371 tuples, 478 iterations
  Join: 0.5372s | Dedup: 0.2517s | Subtract: 0.5220s | Merge: 3.9288s | HT build: 0.0004s
  Comm: 0.6275s
Phase 3: 1.3929s
  Join: 0.0745s | HT build: 0.0123s | Comm: 1.0629s | Dedup: 0.0570s | Kernels: 0.1817s
─────────────────────────────────────
Total: 7.8450s | TC size: 313705992
