R0 [P1] parallel_read done: row_size=276010 total_rows=552020
R1 [P1] parallel_read done: row_size=276010 total_rows=552020
R0 [P1] allgather done
R1 [P1] allgather done
R0 [P1] entity arrays + dedup done: g_size=552020 l_size=552020
R0 [P1] initial HT built: ht_rows=1048576
R0 [P1] step 0: g_rev join done, temp_g_rev_size=2638983
R0 [P1] step 0: g_rev dedup done, g_rev_size=2394934
R0 [P1] step 0: g squared, g_size=2394934 ht_rows=4194304
R0 [P1] partition filter done: gk_fwd=1197015 gk_rev=1188861
Rank 0 Phase 1: 0.1168s | seed_size=552020 (length 1), g^k_size=2394934
R0 [P2] dedup full done: full_size=1188861
R0 [P2] delta copy done: delta_size=1188861
R0 [P2] HT built: gk_fwd_size=1197015 ht_rows=2097152
R1 [P1] entity arrays + dedup done: g_size=552020 l_size=552020
R1 [P1] initial HT built: ht_rows=1048576
R1 [P1] step 0: seed join done, temp_l_size=2638983
R1 [P1] step 0: seed dedup done, l_size=2394934
R1 [P1] step 0: g_rev join done, temp_g_rev_size=2638983
R1 [P1] step 0: g_rev dedup done, g_rev_size=2394934
R1 [P1] step 0: g squared, g_size=2394934 ht_rows=4194304
R1 [P1] partition filter done: gk_fwd=1197919 gk_rev=1206073
Rank 1 Phase 1: 0.1449s | seed_size=2394934 (length 2), g^k_size=2394934
R1 [P2] dedup full done: full_size=1206073
R1 [P2] delta copy done: delta_size=1206073
R1 [P2] HT built: gk_fwd_size=1197919 ht_rows=2097152
R0 [P2] entering loop: global_full_size=2394934
R0 [P2] iter 0: PRE-JOIN GPU mem: 84.6GB free / 85.1GB total | delta_size=1188861 full_size=1188861
R1 [P2] entering loop: global_full_size=2394934
R1 [P2] iter 0: PRE-JOIN GPU mem: 84.6GB free / 85.1GB total | delta_size=1206073 full_size=1206073
R0 [P2] iter 0: join done, raw=4761397 result_size=4381999
R1 [P2] iter 0: join done, raw=4999127 result_size=4584318
R1 [P2] iter 0: split done, delta_size=4591655
R0 [P2] iter 0: split done, delta_size=4374662
R0 [P2] iter 0: dedup done, delta_size=4130773
R1 [P2] iter 0: dedup done, delta_size=4320122
R0 [P2] iter 0: subtract done, delta_size=3964213
R1 [P2] iter 0: subtract done, delta_size=4144333
R0 [P2] iter 0: merge done, full_size=5153074
R1 [P2] iter 0: merge done, full_size=5350406
R0 [P2] iter 1 done: global_full_size=10503480
R1 [P2] iter 1 done: global_full_size=10503480
R0 [P2] iter 1: PRE-JOIN GPU mem: 84.5GB free / 85.1GB total | delta_size=3964213 full_size=5153074
R1 [P2] iter 1: PRE-JOIN GPU mem: 84.5GB free / 85.1GB total | delta_size=4144333 full_size=5350406
R0 [P2] iter 1: join done, raw=12931025 result_size=11955689
R1 [P2] iter 1: join done, raw=14777083 result_size=13701057
R0 [P2] iter 1: split done, delta_size=12498797
R1 [P2] iter 1: split done, delta_size=13157949
R0 [P2] iter 1: dedup done, delta_size=11777373
R0 [P2] iter 1: subtract done, delta_size=11085387
R1 [P2] iter 1: dedup done, delta_size=12324174
R0 [P2] iter 1: merge done, full_size=16238461
R1 [P2] iter 1: subtract done, delta_size=11576964
R0 [P2] iter 2 done: global_full_size=33165831
R1 [P2] iter 1: merge done, full_size=16927370
R1 [P2] iter 2 done: global_full_size=33165831
R0 [P2] iter 2: PRE-JOIN GPU mem: 84.4GB free / 85.1GB total | delta_size=11085387 full_size=16238461
R1 [P2] iter 2: PRE-JOIN GPU mem: 84.4GB free / 85.1GB total | delta_size=11576964 full_size=16927370
R0 [P2] iter 2: join done, raw=31888525 result_size=27889015
R1 [P2] iter 2: join done, raw=34461644 result_size=30447386
R0 [P2] iter 2: split done, delta_size=28271184
R1 [P2] iter 2: split done, delta_size=30065217
R0 [P2] iter 2: dedup done, delta_size=25208159
R0 [P2] iter 2: subtract done, delta_size=22151030
R1 [P2] iter 2: dedup done, delta_size=26593825
R0 [P2] iter 2: merge done, full_size=38389491
R1 [P2] iter 2: subtract done, delta_size=23299903
R0 [P2] iter 3 done: global_full_size=78616764
R1 [P2] iter 2: merge done, full_size=40227273
R1 [P2] iter 3 done: global_full_size=78616764
R0 [P2] iter 3: PRE-JOIN GPU mem: 84.1GB free / 85.1GB total | delta_size=22151030 full_size=38389491
R1 [P2] iter 3: PRE-JOIN GPU mem: 84.0GB free / 85.1GB total | delta_size=23299903 full_size=40227273
R1 [P2] iter 3: join done, raw=50327520 result_size=42607893
R0 [P2] iter 3: join done, raw=51709744 result_size=42705184
R0 [P2] iter 3: split done, delta_size=41405616
R1 [P2] iter 3: split done, delta_size=43907461
R1 [P2] iter 3: dedup done, delta_size=36863056
R0 [P2] iter 3: dedup done, delta_size=35034304
R0 [P2] iter 3: subtract done, delta_size=26721791
R1 [P2] iter 3: subtract done, delta_size=27887667
R0 [P2] iter 3: merge done, full_size=65111282
R0 [P2] iter 4 done: global_full_size=133226222
R1 [P2] iter 3: merge done, full_size=68114940
R1 [P2] iter 4 done: global_full_size=133226222
R0 [P2] iter 4: PRE-JOIN GPU mem: 83.8GB free / 85.1GB total | delta_size=26721791 full_size=65111282
R1 [P2] iter 4: PRE-JOIN GPU mem: 83.7GB free / 85.1GB total | delta_size=27887667 full_size=68114940
R1 [P2] iter 4: join done, raw=50041484 result_size=41870199
R0 [P2] iter 4: join done, raw=58121114 result_size=47111598
R0 [P2] iter 4: split done, delta_size=43235998
R1 [P2] iter 4: split done, delta_size=45745799
R1 [P2] iter 4: dedup done, delta_size=37923425
R0 [P2] iter 4: dedup done, delta_size=36013980
R1 [P2] iter 4: subtract done, delta_size=23974884
R0 [P2] iter 4: subtract done, delta_size=22947533
R1 [P2] iter 4: merge done, full_size=92089824
R0 [P2] iter 4: merge done, full_size=88058815
R0 [P2] iter 5 done: global_full_size=180148639
R1 [P2] iter 5 done: global_full_size=180148639
R0 [P2] iter 5: PRE-JOIN GPU mem: 83.6GB free / 85.1GB total | delta_size=22947533 full_size=88058815
R1 [P2] iter 5: PRE-JOIN GPU mem: 83.5GB free / 85.1GB total | delta_size=23974884 full_size=92089824
R0 [P2] iter 5: join done, raw=51761219 result_size=42374035
R1 [P2] iter 5: join done, raw=43429091 result_size=36634109
R0 [P2] iter 5: split done, delta_size=38190039
R1 [P2] iter 5: split done, delta_size=40818105
R0 [P2] iter 5: dedup done, delta_size=32133566
R1 [P2] iter 5: dedup done, delta_size=34007475
R0 [P2] iter 5: subtract done, delta_size=17649532
R1 [P2] iter 5: subtract done, delta_size=18459131
R0 [P2] iter 5: merge done, full_size=105708347
R0 [P2] iter 6 done: global_full_size=216257302
R1 [P2] iter 5: merge done, full_size=110548955
R1 [P2] iter 6 done: global_full_size=216257302
R0 [P2] iter 6: PRE-JOIN GPU mem: 83.5GB free / 85.1GB total | delta_size=17649532 full_size=105708347
R1 [P2] iter 6: PRE-JOIN GPU mem: 83.4GB free / 85.1GB total | delta_size=18459131 full_size=110548955
R1 [P2] iter 6: join done, raw=38256693 result_size=32433432
R0 [P2] iter 6: join done, raw=44733388 result_size=37059610
R0 [P2] iter 6: split done, delta_size=33759754
R1 [P2] iter 6: split done, delta_size=35733288
R0 [P2] iter 6: dedup done, delta_size=28768782
R1 [P2] iter 6: dedup done, delta_size=30114410
R0 [P2] iter 6: subtract done, delta_size=14650710
R1 [P2] iter 6: subtract done, delta_size=15163712
R0 [P2] iter 6: merge done, full_size=120359057
R0 [P2] iter 7 done: global_full_size=246071724
R1 [P2] iter 6: merge done, full_size=125712667
R1 [P2] iter 7 done: global_full_size=246071724
R1 [P2] iter 7: PRE-JOIN GPU mem: 83.3GB free / 85.1GB total | delta_size=15163712 full_size=125712667
R0 [P2] iter 7: PRE-JOIN GPU mem: 83.4GB free / 85.1GB total | delta_size=14650710 full_size=120359057
R0 [P2] iter 7: join done, raw=37034622 result_size=31071178
R1 [P2] iter 7: join done, raw=38321370 result_size=32370334
R1 [P2] iter 7: split done, delta_size=32557191
R0 [P2] iter 7: split done, delta_size=30884321
R0 [P2] iter 7: dedup done, delta_size=26553829
R1 [P2] iter 7: dedup done, delta_size=27710049
R0 [P2] iter 7: subtract done, delta_size=12603872
R1 [P2] iter 7: subtract done, delta_size=13118901
R0 [P2] iter 7: merge done, full_size=132962929
R0 [P2] iter 8 done: global_full_size=271794497
R1 [P2] iter 7: merge done, full_size=138831568
R1 [P2] iter 8 done: global_full_size=271794497
R0 [P2] iter 8: PRE-JOIN GPU mem: 83.3GB free / 85.1GB total | delta_size=12603872 full_size=132962929
R1 [P2] iter 8: PRE-JOIN GPU mem: 83.2GB free / 85.1GB total | delta_size=13118901 full_size=138831568
R0 [P2] iter 8: join done, raw=32311452 result_size=27412092
R1 [P2] iter 8: join done, raw=35842023 result_size=30281628
R0 [P2] iter 8: split done, delta_size=27900253
R1 [P2] iter 8: split done, delta_size=29793467
R0 [P2] iter 8: dedup done, delta_size=24279359
R1 [P2] iter 8: dedup done, delta_size=25723799
R0 [P2] iter 8: subtract done, delta_size=10657029
R1 [P2] iter 8: subtract done, delta_size=11266766
R0 [P2] iter 8: merge done, full_size=143619958
R0 [P2] iter 9 done: global_full_size=293718292
R1 [P2] iter 8: merge done, full_size=150098334
R1 [P2] iter 9 done: global_full_size=293718292
R1 [P2] iter 9: PRE-JOIN GPU mem: 83.2GB free / 85.1GB total | delta_size=11266766 full_size=150098334
R0 [P2] iter 9: PRE-JOIN GPU mem: 83.2GB free / 85.1GB total | delta_size=10657029 full_size=143619958
R0 [P2] iter 9: join done, raw=29980944 result_size=25521439
R1 [P2] iter 9: join done, raw=30081618 result_size=25802927
R1 [P2] iter 9: split done, delta_size=26722375
R0 [P2] iter 9: split done, delta_size=24601991
R0 [P2] iter 9: dedup done, delta_size=21545318
R1 [P2] iter 9: dedup done, delta_size=23340502
R0 [P2] iter 9: subtract done, delta_size=8771251
R1 [P2] iter 9: subtract done, delta_size=9411145
R0 [P2] iter 9: merge done, full_size=152391209
R1 [P2] iter 9: merge done, full_size=159509479
R0 [P2] iter 10 done: global_full_size=311900688
R1 [P2] iter 10 done: global_full_size=311900688
R0 [P2] iter 10: PRE-JOIN GPU mem: 83.2GB free / 85.1GB total | delta_size=8771251 full_size=152391209
R1 [P2] iter 10: PRE-JOIN GPU mem: 83.1GB free / 85.1GB total | delta_size=9411145 full_size=159509479
R0 [P2] iter 10: join done, raw=25566547 result_size=22160886
R1 [P2] iter 10: join done, raw=26910930 result_size=23142471
R0 [P2] iter 10: split done, delta_size=21724835
R1 [P2] iter 10: split done, delta_size=23578522
R0 [P2] iter 10: dedup done, delta_size=19010119
R1 [P2] iter 10: dedup done, delta_size=20780193
R0 [P2] iter 10: subtract done, delta_size=7232290
R1 [P2] iter 10: subtract done, delta_size=7770647
R0 [P2] iter 10: merge done, full_size=159623499
R0 [P2] iter 11 done: global_full_size=326903625
R1 [P2] iter 10: merge done, full_size=167280126
R1 [P2] iter 11 done: global_full_size=326903625
R0 [P2] iter 11: PRE-JOIN GPU mem: 83.2GB free / 85.1GB total | delta_size=7232290 full_size=159623499
R1 [P2] iter 11: PRE-JOIN GPU mem: 83.1GB free / 85.1GB total | delta_size=7770647 full_size=167280126
R0 [P2] iter 11: join done, raw=21351376 result_size=19001572
R1 [P2] iter 11: join done, raw=25819102 result_size=22384831
R1 [P2] iter 11: split done, delta_size=21688651
R0 [P2] iter 11: split done, delta_size=19697752
R0 [P2] iter 11: dedup done, delta_size=17224624
R1 [P2] iter 11: dedup done, delta_size=18997706
R0 [P2] iter 11: subtract done, delta_size=5987990
R1 [P2] iter 11: subtract done, delta_size=6504142
R0 [P2] iter 11: merge done, full_size=165611489
R0 [P2] iter 12 done: global_full_size=339395757
R1 [P2] iter 11: merge done, full_size=173784268
R1 [P2] iter 12 done: global_full_size=339395757
R0 [P2] iter 12: PRE-JOIN GPU mem: 83.1GB free / 85.1GB total | delta_size=5987990 full_size=165611489
R1 [P2] iter 12: PRE-JOIN GPU mem: 83.0GB free / 85.1GB total | delta_size=6504142 full_size=173784268
R0 [P2] iter 12: join done, raw=19766160 result_size=17761053
R1 [P2] iter 12: join done, raw=24548428 result_size=21518654
R0 [P2] iter 12: split done, delta_size=18908852
R1 [P2] iter 12: split done, delta_size=20370855
R0 [P2] iter 12: dedup done, delta_size=16598744
R1 [P2] iter 12: dedup done, delta_size=17840134
R1 [P2] iter 12: subtract done, delta_size=5600849
R0 [P2] iter 12: subtract done, delta_size=5410089
R0 [P2] iter 12: merge done, full_size=171021578
R0 [P2] iter 13 done: global_full_size=350406695
R1 [P2] iter 12: merge done, full_size=179385117
R1 [P2] iter 13 done: global_full_size=350406695
R0 [P2] iter 13: PRE-JOIN GPU mem: 83.1GB free / 85.1GB total | delta_size=5410089 full_size=171021578
R1 [P2] iter 13: PRE-JOIN GPU mem: 83.0GB free / 85.1GB total | delta_size=5600849 full_size=179385117
R0 [P2] iter 13: join done, raw=20254638 result_size=18083477
R1 [P2] iter 13: join done, raw=22984490 result_size=20537112
R1 [P2] iter 13: split done, delta_size=19853750
R0 [P2] iter 13: split done, delta_size=18766839
R0 [P2] iter 13: dedup done, delta_size=16424187
R1 [P2] iter 13: dedup done, delta_size=17361060
R0 [P2] iter 13: subtract done, delta_size=5041849
R1 [P2] iter 13: subtract done, delta_size=5054261
R0 [P2] iter 13: merge done, full_size=176063427
R0 [P2] iter 14 done: global_full_size=360502805
R1 [P2] iter 13: merge done, full_size=184439378
R1 [P2] iter 14 done: global_full_size=360502805
R0 [P2] iter 14: PRE-JOIN GPU mem: 83.1GB free / 85.1GB total | delta_size=5041849 full_size=176063427
R1 [P2] iter 14: PRE-JOIN GPU mem: 83.0GB free / 85.1GB total | delta_size=5054261 full_size=184439378
R0 [P2] iter 14: join done, raw=20853073 result_size=18472022
R1 [P2] iter 14: join done, raw=21792888 result_size=19556404
R1 [P2] iter 14: split done, delta_size=19488661
R0 [P2] iter 14: split done, delta_size=18539765
R0 [P2] iter 14: dedup done, delta_size=16301157
R1 [P2] iter 14: dedup done, delta_size=17135463
R0 [P2] iter 14: subtract done, delta_size=4879245
R1 [P2] iter 14: subtract done, delta_size=4815657
R0 [P2] iter 14: merge done, full_size=180942672
R0 [P2] iter 15 done: global_full_size=370197707
R1 [P2] iter 14: merge done, full_size=189255035
R1 [P2] iter 15 done: global_full_size=370197707
R0 [P2] iter 15: PRE-JOIN GPU mem: 83.0GB free / 85.1GB total | delta_size=4879245 full_size=180942672
R1 [P2] iter 15: PRE-JOIN GPU mem: 82.9GB free / 85.1GB total | delta_size=4815657 full_size=189255035
R1 [P2] iter 15: join done, raw=19808250 result_size=17664640
R0 [P2] iter 15: join done, raw=22234296 result_size=19479925
R0 [P2] iter 15: split done, delta_size=18151947
R1 [P2] iter 15: split done, delta_size=18992618
R1 [P2] iter 15: dedup done, delta_size=16897848
R0 [P2] iter 15: dedup done, delta_size=16163263
R0 [P2] iter 15: subtract done, delta_size=4607973
R1 [P2] iter 15: subtract done, delta_size=4671611
R0 [P2] iter 15: merge done, full_size=185550645
R0 [P2] iter 16 done: global_full_size=379477291
R1 [P2] iter 15: merge done, full_size=193926646
R1 [P2] iter 16 done: global_full_size=379477291
R0 [P2] iter 16: PRE-JOIN GPU mem: 83.0GB free / 85.1GB total | delta_size=4607973 full_size=185550645
R1 [P2] iter 16: PRE-JOIN GPU mem: 82.9GB free / 85.1GB total | delta_size=4671611 full_size=193926646
R0 [P2] iter 16: join done, raw=22775140 result_size=20233106
R1 [P2] iter 16: join done, raw=18292171 result_size=16204721
R1 [P2] iter 16: split done, delta_size=18663420
R0 [P2] iter 16: split done, delta_size=17774407
R0 [P2] iter 16: dedup done, delta_size=15865434
R1 [P2] iter 16: dedup done, delta_size=16666555
R0 [P2] iter 16: subtract done, delta_size=4397287
R1 [P2] iter 16: subtract done, delta_size=4504680
R0 [P2] iter 16: merge done, full_size=189947932
R0 [P2] iter 17 done: global_full_size=388379258
R1 [P2] iter 16: merge done, full_size=198431326
R1 [P2] iter 17 done: global_full_size=388379258
R0 [P2] iter 17: PRE-JOIN GPU mem: 83.0GB free / 85.1GB total | delta_size=4397287 full_size=189947932
R1 [P2] iter 17: PRE-JOIN GPU mem: 82.9GB free / 85.1GB total | delta_size=4504680 full_size=198431326
R1 [P2] iter 17: join done, raw=17208072 result_size=15430887
R0 [P2] iter 17: join done, raw=23336663 result_size=20616036
R0 [P2] iter 17: split done, delta_size=17577522
R1 [P2] iter 17: split done, delta_size=18469401
R0 [P2] iter 17: dedup done, delta_size=15680748
R1 [P2] iter 17: dedup done, delta_size=16506622
R1 [P2] iter 17: subtract done, delta_size=4544977
R0 [P2] iter 17: subtract done, delta_size=4409449
R0 [P2] iter 17: merge done, full_size=194357381
R0 [P2] iter 18 done: global_full_size=397333684
R1 [P2] iter 17: merge done, full_size=202976303
R1 [P2] iter 18 done: global_full_size=397333684
R0 [P2] iter 18: PRE-JOIN GPU mem: 82.9GB free / 85.1GB total | delta_size=4409449 full_size=194357381
R1 [P2] iter 18: PRE-JOIN GPU mem: 82.8GB free / 85.1GB total | delta_size=4544977 full_size=202976303
R1 [P2] iter 18: join done, raw=17416524 result_size=15677742
R0 [P2] iter 18: join done, raw=23084423 result_size=20376347
R0 [P2] iter 18: split done, delta_size=17610042
R1 [P2] iter 18: split done, delta_size=18444047
R1 [P2] iter 18: dedup done, delta_size=16416417
R0 [P2] iter 18: dedup done, delta_size=15649195
R0 [P2] iter 18: subtract done, delta_size=4426477
R1 [P2] iter 18: subtract done, delta_size=4485178
R1 [P2] iter 18: merge done, full_size=207461481
R0 [P2] iter 18: merge done, full_size=198783858
R0 [P2] iter 19 done: global_full_size=406245339
R1 [P2] iter 19 done: global_full_size=406245339
R0 [P2] iter 19: PRE-JOIN GPU mem: 82.9GB free / 85.1GB total | delta_size=4426477 full_size=198783858
R1 [P2] iter 19: PRE-JOIN GPU mem: 82.8GB free / 85.1GB total | delta_size=4485178 full_size=207461481
R1 [P2] iter 19: join done, raw=17485226 result_size=15772209
R0 [P2] iter 19: join done, raw=22930458 result_size=20223091
R0 [P2] iter 19: split done, delta_size=17199341
R1 [P2] iter 19: split done, delta_size=18795959
R0 [P2] iter 19: dedup done, delta_size=15370052
R1 [P2] iter 19: dedup done, delta_size=16622571
R0 [P2] iter 19: subtract done, delta_size=4270227
R1 [P2] iter 19: subtract done, delta_size=4448418
R0 [P2] iter 19: merge done, full_size=203054085
R0 [P2] iter 20 done: global_full_size=414963984
R1 [P2] iter 19: merge done, full_size=211909899
R1 [P2] iter 20 done: global_full_size=414963984
R0 [P2] iter 20: PRE-JOIN GPU mem: 82.9GB free / 85.1GB total | delta_size=4270227 full_size=203054085
R1 [P2] iter 20: PRE-JOIN GPU mem: 82.8GB free / 85.1GB total | delta_size=4448418 full_size=211909899
R1 [P2] iter 20: join done, raw=18393944 result_size=16251224
R0 [P2] iter 20: join done, raw=21752788 result_size=19367300
R1 [P2] iter 20: split done, delta_size=19005748
R0 [P2] iter 20: split done, delta_size=16612776
R0 [P2] iter 20: dedup done, delta_size=15008202
R1 [P2] iter 20: dedup done, delta_size=16882473
R0 [P2] iter 20: subtract done, delta_size=4043761
R1 [P2] iter 20: subtract done, delta_size=4408875
R0 [P2] iter 20: merge done, full_size=207097846
R0 [P2] iter 21 done: global_full_size=423416620
R1 [P2] iter 20: merge done, full_size=216318774
R1 [P2] iter 21 done: global_full_size=423416620
R0 [P2] iter 21: PRE-JOIN GPU mem: 82.8GB free / 85.1GB total | delta_size=4043761 full_size=207097846
R1 [P2] iter 21: PRE-JOIN GPU mem: 82.7GB free / 85.1GB total | delta_size=4408875 full_size=216318774
R0 [P2] iter 21: join done, raw=18830316 result_size=17057733
R1 [P2] iter 21: join done, raw=20989081 result_size=17970638
R0 [P2] iter 21: split done, delta_size=16472172
R1 [P2] iter 21: split done, delta_size=18556199
R0 [P2] iter 21: dedup done, delta_size=14960803
R1 [P2] iter 21: dedup done, delta_size=16713369
R0 [P2] iter 21: subtract done, delta_size=3941793
R1 [P2] iter 21: subtract done, delta_size=4203677
R0 [P2] iter 21: merge done, full_size=211039639
R0 [P2] iter 22 done: global_full_size=431562090
R1 [P2] iter 21: merge done, full_size=220522451
R1 [P2] iter 22 done: global_full_size=431562090
R0 [P2] iter 22: PRE-JOIN GPU mem: 82.8GB free / 85.1GB total | delta_size=3941793 full_size=211039639
R1 [P2] iter 22: PRE-JOIN GPU mem: 82.7GB free / 85.1GB total | delta_size=4203677 full_size=220522451
R0 [P2] iter 22: join done, raw=18774549 result_size=16804718
R1 [P2] iter 22: join done, raw=20250567 result_size=17640406
R0 [P2] iter 22: split done, delta_size=16512678
R1 [P2] iter 22: split done, delta_size=17932446
R0 [P2] iter 22: dedup done, delta_size=14971763
R1 [P2] iter 22: dedup done, delta_size=16204291
R0 [P2] iter 22: subtract done, delta_size=3837900
R1 [P2] iter 22: subtract done, delta_size=3984164
R0 [P2] iter 22: merge done, full_size=214877539
R0 [P2] iter 23 done: global_full_size=439384154
R1 [P2] iter 22: merge done, full_size=224506615
R1 [P2] iter 23 done: global_full_size=439384154
R0 [P2] iter 23: PRE-JOIN GPU mem: 82.8GB free / 85.1GB total | delta_size=3837900 full_size=214877539
R1 [P2] iter 23: PRE-JOIN GPU mem: 82.7GB free / 85.1GB total | delta_size=3984164 full_size=224506615
R1 [P2] iter 23: join done, raw=18585997 result_size=16669176
R0 [P2] iter 23: join done, raw=19170594 result_size=16959009
R0 [P2] iter 23: split done, delta_size=16275690
R1 [P2] iter 23: split done, delta_size=17352495
R0 [P2] iter 23: dedup done, delta_size=14736965
R1 [P2] iter 23: dedup done, delta_size=15622746
R0 [P2] iter 23: subtract done, delta_size=3660363
R1 [P2] iter 23: subtract done, delta_size=3711421
R0 [P2] iter 23: merge done, full_size=218537902
R0 [P2] iter 24 done: global_full_size=446755938
R1 [P2] iter 23: merge done, full_size=228218036
R1 [P2] iter 24 done: global_full_size=446755938
R0 [P2] iter 24: PRE-JOIN GPU mem: 82.7GB free / 85.1GB total | delta_size=3660363 full_size=218537902
R1 [P2] iter 24: PRE-JOIN GPU mem: 82.6GB free / 85.1GB total | delta_size=3711421 full_size=228218036
R1 [P2] iter 24: join done, raw=17923060 result_size=16179081
R0 [P2] iter 24: join done, raw=18433781 result_size=16219396
R0 [P2] iter 24: split done, delta_size=16007209
R1 [P2] iter 24: split done, delta_size=16391268
R0 [P2] iter 24: dedup done, delta_size=14579730
R1 [P2] iter 24: dedup done, delta_size=14907031
R0 [P2] iter 24: subtract done, delta_size=3457910
R1 [P2] iter 24: subtract done, delta_size=3358230
R0 [P2] iter 24: merge done, full_size=221995812
R0 [P2] iter 25 done: global_full_size=453572078
R1 [P2] iter 24: merge done, full_size=231576266
R1 [P2] iter 25 done: global_full_size=453572078
R0 [P2] iter 25: PRE-JOIN GPU mem: 82.7GB free / 85.1GB total | delta_size=3457910 full_size=221995812
R1 [P2] iter 25: PRE-JOIN GPU mem: 82.6GB free / 85.1GB total | delta_size=3358230 full_size=231576266
R1 [P2] iter 25: join done, raw=17118332 result_size=15324234
R0 [P2] iter 25: join done, raw=18566826 result_size=16469932
R1 [P2] iter 25: split done, delta_size=15906259
R0 [P2] iter 25: split done, delta_size=15887907
R1 [P2] iter 25: dedup done, delta_size=14555363
R0 [P2] iter 25: dedup done, delta_size=14481564
R0 [P2] iter 25: subtract done, delta_size=3214170
R1 [P2] iter 25: subtract done, delta_size=3226048
R0 [P2] iter 25: merge done, full_size=225209982
R0 [P2] iter 26 done: global_full_size=460012296
R1 [P2] iter 25: merge done, full_size=234802314
R1 [P2] iter 26 done: global_full_size=460012296
R0 [P2] iter 26: PRE-JOIN GPU mem: 82.7GB free / 85.1GB total | delta_size=3214170 full_size=225209982
R1 [P2] iter 26: PRE-JOIN GPU mem: 82.6GB free / 85.1GB total | delta_size=3226048 full_size=234802314
R1 [P2] iter 26: join done, raw=16669473 result_size=14922560
R0 [P2] iter 26: join done, raw=18725522 result_size=16831042
R0 [P2] iter 26: split done, delta_size=15516920
R1 [P2] iter 26: split done, delta_size=16236682
R0 [P2] iter 26: dedup done, delta_size=14060325
R1 [P2] iter 26: dedup done, delta_size=14783216
R0 [P2] iter 26: subtract done, delta_size=2989008
R1 [P2] iter 26: subtract done, delta_size=3264567
R0 [P2] iter 26: merge done, full_size=228198990
R0 [P2] iter 27 done: global_full_size=466265871
R1 [P2] iter 26: merge done, full_size=238066881
R1 [P2] iter 27 done: global_full_size=466265871
R0 [P2] iter 27: PRE-JOIN GPU mem: 82.7GB free / 85.1GB total | delta_size=2989008 full_size=228198990
R1 [P2] iter 27: PRE-JOIN GPU mem: 82.6GB free / 85.1GB total | delta_size=3264567 full_size=238066881
R0 [P2] iter 27: join done, raw=17917655 result_size=16033627
R1 [P2] iter 27: join done, raw=17230430 result_size=15401148
R0 [P2] iter 27: split done, delta_size=15346381
R1 [P2] iter 27: split done, delta_size=16088394
R0 [P2] iter 27: dedup done, delta_size=13960102
R1 [P2] iter 27: dedup done, delta_size=14697244
R0 [P2] iter 27: subtract done, delta_size=3006831
R1 [P2] iter 27: subtract done, delta_size=3099944
R0 [P2] iter 27: merge done, full_size=231205821
R1 [P2] iter 27: merge done, full_size=241166825
R0 [P2] iter 28 done: global_full_size=472372646
R1 [P2] iter 28 done: global_full_size=472372646
R0 [P2] iter 28: PRE-JOIN GPU mem: 82.6GB free / 85.1GB total | delta_size=3006831 full_size=231205821
R1 [P2] iter 28: PRE-JOIN GPU mem: 82.5GB free / 85.1GB total | delta_size=3099944 full_size=241166825
R1 [P2] iter 28: join done, raw=16239539 result_size=14653234
R0 [P2] iter 28: join done, raw=18727741 result_size=16693444
R0 [P2] iter 28: split done, delta_size=15121405
R1 [P2] iter 28: split done, delta_size=16225273
R0 [P2] iter 28: dedup done, delta_size=13759033
R1 [P2] iter 28: dedup done, delta_size=14760479
R0 [P2] iter 28: subtract done, delta_size=2938168
R1 [P2] iter 28: subtract done, delta_size=3005714
R0 [P2] iter 28: merge done, full_size=234143989
R0 [P2] iter 29 done: global_full_size=478316528
R1 [P2] iter 28: merge done, full_size=244172539
R1 [P2] iter 29 done: global_full_size=478316528
R0 [P2] iter 29: PRE-JOIN GPU mem: 82.6GB free / 85.1GB total | delta_size=2938168 full_size=234143989
R1 [P2] iter 29: PRE-JOIN GPU mem: 82.5GB free / 85.1GB total | delta_size=3005714 full_size=244172539
R1 [P2] iter 29: join done, raw=16465010 result_size=14919906
R0 [P2] iter 29: join done, raw=18133727 result_size=16185427
R0 [P2] iter 29: split done, delta_size=14699282
R1 [P2] iter 29: split done, delta_size=16406051
R0 [P2] iter 29: dedup done, delta_size=13419308
R1 [P2] iter 29: dedup done, delta_size=14834518
R0 [P2] iter 29: subtract done, delta_size=2717109
R1 [P2] iter 29: subtract done, delta_size=2989313
R0 [P2] iter 29: merge done, full_size=236861098
R0 [P2] iter 30 done: global_full_size=484022950
R1 [P2] iter 29: merge done, full_size=247161852
R1 [P2] iter 30 done: global_full_size=484022950
R0 [P2] iter 30: PRE-JOIN GPU mem: 82.6GB free / 85.1GB total | delta_size=2717109 full_size=236861098
R1 [P2] iter 30: PRE-JOIN GPU mem: 82.5GB free / 85.1GB total | delta_size=2989313 full_size=247161852
R1 [P2] iter 30: join done, raw=16459640 result_size=14841433
R0 [P2] iter 30: join done, raw=17215795 result_size=15534569
R0 [P2] iter 30: split done, delta_size=14515651
R1 [P2] iter 30: split done, delta_size=15860351
R0 [P2] iter 30: dedup done, delta_size=13290260
R0 [P2] iter 30: subtract done, delta_size=2589366
R1 [P2] iter 30: dedup done, delta_size=14391863
R1 [P2] iter 30: subtract done, delta_size=2827730
R0 [P2] iter 30: merge done, full_size=239450464
R0 [P2] iter 31 done: global_full_size=489440046
R1 [P2] iter 30: merge done, full_size=249989582
R1 [P2] iter 31 done: global_full_size=489440046
R0 [P2] iter 31: PRE-JOIN GPU mem: 82.6GB free / 85.1GB total | delta_size=2589366 full_size=239450464
R1 [P2] iter 31: PRE-JOIN GPU mem: 82.5GB free / 85.1GB total | delta_size=2827730 full_size=249989582
R0 [P2] iter 31: join done, raw=16378579 result_size=14627271
R1 [P2] iter 31: join done, raw=15961628 result_size=14388020
R0 [P2] iter 31: split done, delta_size=14103364
R1 [P2] iter 31: split done, delta_size=14911927
R1 [P2] iter 31: dedup done, delta_size=13774834
R0 [P2] iter 31: dedup done, delta_size=13030299
R1 [P2] iter 31: subtract done, delta_size=2633904
R0 [P2] iter 31: subtract done, delta_size=2499040
R1 [P2] iter 31: merge done, full_size=252623486
R0 [P2] iter 31: merge done, full_size=241949504
R0 [P2] iter 32 done: global_full_size=494572990
R1 [P2] iter 32 done: global_full_size=494572990
R0 [P2] iter 32: PRE-JOIN GPU mem: 82.6GB free / 85.1GB total | delta_size=2499040 full_size=241949504
R1 [P2] iter 32: PRE-JOIN GPU mem: 82.5GB free / 85.1GB total | delta_size=2633904 full_size=252623486
R0 [P2] iter 32: join done, raw=16279917 result_size=14595719
R1 [P2] iter 32: join done, raw=15177944 result_size=13837497
R0 [P2] iter 32: split done, delta_size=13950854
R1 [P2] iter 32: split done, delta_size=14482362
R0 [P2] iter 32: dedup done, delta_size=12789607
R1 [P2] iter 32: dedup done, delta_size=13335380
R0 [P2] iter 32: subtract done, delta_size=2538047
R1 [P2] iter 32: subtract done, delta_size=2619073
R1 [P2] iter 32: merge done, full_size=255242559
R0 [P2] iter 32: merge done, full_size=244487551
R0 [P2] iter 33 done: global_full_size=499730110
R1 [P2] iter 33 done: global_full_size=499730110
R0 [P2] iter 33: PRE-JOIN GPU mem: 82.6GB free / 85.1GB total | delta_size=2538047 full_size=244487551
R1 [P2] iter 33: PRE-JOIN GPU mem: 82.4GB free / 85.1GB total | delta_size=2619073 full_size=255242559
R1 [P2] iter 33: join done, raw=14909261 result_size=13839696
R0 [P2] iter 33: join done, raw=16164709 result_size=14610295
R0 [P2] iter 33: split done, delta_size=13933867
R1 [P2] iter 33: split done, delta_size=14516124
R0 [P2] iter 33: dedup done, delta_size=12599341
R1 [P2] iter 33: dedup done, delta_size=13153778
R0 [P2] iter 33: subtract done, delta_size=2565311
R1 [P2] iter 33: subtract done, delta_size=2686496
R0 [P2] iter 33: merge done, full_size=247052862
R0 [P2] iter 34 done: global_full_size=504981917
R1 [P2] iter 33: merge done, full_size=257929055
R1 [P2] iter 34 done: global_full_size=504981917
R1 [P2] iter 34: PRE-JOIN GPU mem: 82.4GB free / 85.1GB total | delta_size=2686496 full_size=257929055
R0 [P2] iter 34: PRE-JOIN GPU mem: 82.5GB free / 85.1GB total | delta_size=2565311 full_size=247052862
R1 [P2] iter 34: join done, raw=14346542 result_size=13123861
R0 [P2] iter 34: join done, raw=16523483 result_size=15008359
R0 [P2] iter 34: split done, delta_size=13780141
R1 [P2] iter 34: split done, delta_size=14352079
R0 [P2] iter 34: dedup done, delta_size=12529050
R1 [P2] iter 34: dedup done, delta_size=13016700
R0 [P2] iter 34: subtract done, delta_size=2592015
R1 [P2] iter 34: subtract done, delta_size=2650569
R1 [P2] iter 34: merge done, full_size=260579624
R0 [P2] iter 34: merge done, full_size=249644877
R0 [P2] iter 35 done: global_full_size=510224501
R1 [P2] iter 35 done: global_full_size=510224501
R0 [P2] iter 35: PRE-JOIN GPU mem: 82.5GB free / 85.1GB total | delta_size=2592015 full_size=249644877
R1 [P2] iter 35: PRE-JOIN GPU mem: 82.4GB free / 85.1GB total | delta_size=2650569 full_size=260579624
R1 [P2] iter 35: join done, raw=14159872 result_size=12852037
R0 [P2] iter 35: join done, raw=16438940 result_size=14795385
R1 [P2] iter 35: split done, delta_size=13995019
R0 [P2] iter 35: split done, delta_size=13652403
R1 [P2] iter 35: dedup done, delta_size=12811793
R0 [P2] iter 35: dedup done, delta_size=12509660
R1 [P2] iter 35: subtract done, delta_size=2556805
R0 [P2] iter 35: subtract done, delta_size=2575356
R1 [P2] iter 35: merge done, full_size=263136429
R0 [P2] iter 35: merge done, full_size=252220233
R0 [P2] iter 36 done: global_full_size=515356662
R1 [P2] iter 36 done: global_full_size=515356662
R0 [P2] iter 36: PRE-JOIN GPU mem: 82.5GB free / 85.1GB total | delta_size=2575356 full_size=252220233
R1 [P2] iter 36: PRE-JOIN GPU mem: 82.4GB free / 85.1GB total | delta_size=2556805 full_size=263136429
R0 [P2] iter 36: join done, raw=16629628 result_size=14909752
R1 [P2] iter 36: join done, raw=13483835 result_size=12294014
R0 [P2] iter 36: split done, delta_size=13353610
R1 [P2] iter 36: split done, delta_size=13850156
R0 [P2] iter 36: dedup done, delta_size=12231483
R1 [P2] iter 36: dedup done, delta_size=12698182
R0 [P2] iter 36: subtract done, delta_size=2589191
R1 [P2] iter 36: subtract done, delta_size=2481062
R0 [P2] iter 36: merge done, full_size=254809424
R0 [P2] iter 37 done: global_full_size=520426915
R1 [P2] iter 36: merge done, full_size=265617491
R1 [P2] iter 37 done: global_full_size=520426915
R0 [P2] iter 37: PRE-JOIN GPU mem: 82.5GB free / 85.1GB total | delta_size=2589191 full_size=254809424
R1 [P2] iter 37: PRE-JOIN GPU mem: 82.4GB free / 85.1GB total | delta_size=2481062 full_size=265617491
R1 [P2] iter 37: join done, raw=13758518 result_size=12701114
R0 [P2] iter 37: join done, raw=16003562 result_size=14369620
R1 [P2] iter 37: split done, delta_size=13834966
R0 [P2] iter 37: split done, delta_size=13235768
R1 [P2] iter 37: dedup done, delta_size=12605184
R0 [P2] iter 37: dedup done, delta_size=12020679
R0 [P2] iter 37: subtract done, delta_size=2552962
R1 [P2] iter 37: subtract done, delta_size=2408144
R1 [P2] iter 37: merge done, full_size=268025635
R0 [P2] iter 37: merge done, full_size=257362386
R0 [P2] iter 38 done: global_full_size=525388021
R1 [P2] iter 38 done: global_full_size=525388021
R0 [P2] iter 38: PRE-JOIN GPU mem: 82.5GB free / 85.1GB total | delta_size=2552962 full_size=257362386
R1 [P2] iter 38: PRE-JOIN GPU mem: 82.3GB free / 85.1GB total | delta_size=2408144 full_size=268025635
R1 [P2] iter 38: join done, raw=14845168 result_size=13614659
R0 [P2] iter 38: join done, raw=14690643 result_size=13368831
R0 [P2] iter 38: split done, delta_size=13375241
R1 [P2] iter 38: split done, delta_size=13608249
R0 [P2] iter 38: dedup done, delta_size=12139578
R1 [P2] iter 38: dedup done, delta_size=12353996
R0 [P2] iter 38: subtract done, delta_size=2443896
R1 [P2] iter 38: subtract done, delta_size=2338318
R0 [P2] iter 38: merge done, full_size=259806282
R0 [P2] iter 39 done: global_full_size=530170235
R1 [P2] iter 38: merge done, full_size=270363953
R1 [P2] iter 39 done: global_full_size=530170235
R0 [P2] iter 39: PRE-JOIN GPU mem: 82.4GB free / 85.1GB total | delta_size=2443896 full_size=259806282
R1 [P2] iter 39: PRE-JOIN GPU mem: 82.3GB free / 85.1GB total | delta_size=2338318 full_size=270363953
R1 [P2] iter 39: join done, raw=14562376 result_size=13318999
R0 [P2] iter 39: join done, raw=14729631 result_size=13485578
R1 [P2] iter 39: split done, delta_size=13692483
R0 [P2] iter 39: split done, delta_size=13112094
R0 [P2] iter 39: dedup done, delta_size=11909218
R1 [P2] iter 39: dedup done, delta_size=12465362
R0 [P2] iter 39: subtract done, delta_size=2268024
R1 [P2] iter 39: subtract done, delta_size=2325741
R0 [P2] iter 39: merge done, full_size=262074306
R0 [P2] iter 40 done: global_full_size=534764000
R1 [P2] iter 39: merge done, full_size=272689694
R1 [P2] iter 40 done: global_full_size=534764000
R0 [P2] iter 40: PRE-JOIN GPU mem: 82.4GB free / 85.1GB total | delta_size=2268024 full_size=262074306
R1 [P2] iter 40: PRE-JOIN GPU mem: 82.3GB free / 85.1GB total | delta_size=2325741 full_size=272689694
R0 [P2] iter 40: join done, raw=14659088 result_size=13478481
R1 [P2] iter 40: join done, raw=14499838 result_size=13307457
R0 [P2] iter 40: split done, delta_size=12929051
R1 [P2] iter 40: split done, delta_size=13856887
R0 [P2] iter 40: dedup done, delta_size=11706940
R1 [P2] iter 40: dedup done, delta_size=12598826
R0 [P2] iter 40: subtract done, delta_size=2239342
R1 [P2] iter 40: subtract done, delta_size=2282313
R1 [P2] iter 40: merge done, full_size=274972007
R0 [P2] iter 40: merge done, full_size=264313648
R0 [P2] iter 41 done: global_full_size=539285655
R1 [P2] iter 41 done: global_full_size=539285655
R0 [P2] iter 41: PRE-JOIN GPU mem: 82.4GB free / 85.1GB total | delta_size=2239342 full_size=264313648
R1 [P2] iter 41: PRE-JOIN GPU mem: 82.3GB free / 85.1GB total | delta_size=2282313 full_size=274972007
R1 [P2] iter 41: join done, raw=13387008 result_size=12448574
R0 [P2] iter 41: join done, raw=15647879 result_size=14085397
R0 [P2] iter 41: split done, delta_size=12767196
R1 [P2] iter 41: split done, delta_size=13766775
R0 [P2] iter 41: dedup done, delta_size=11638811
R1 [P2] iter 41: dedup done, delta_size=12576789
R0 [P2] iter 41: subtract done, delta_size=2192745
R1 [P2] iter 41: subtract done, delta_size=2232265
R0 [P2] iter 41: merge done, full_size=266506393
R0 [P2] iter 42 done: global_full_size=543710665
R1 [P2] iter 41: merge done, full_size=277204272
R1 [P2] iter 42 done: global_full_size=543710665
R0 [P2] iter 42: PRE-JOIN GPU mem: 82.4GB free / 85.1GB total | delta_size=2192745 full_size=266506393
R1 [P2] iter 42: PRE-JOIN GPU mem: 82.3GB free / 85.1GB total | delta_size=2232265 full_size=277204272
R1 [P2] iter 42: join done, raw=13245568 result_size=12350539
R0 [P2] iter 42: join done, raw=15531280 result_size=13984675
R0 [P2] iter 42: split done, delta_size=12750553
R1 [P2] iter 42: split done, delta_size=13584661
R0 [P2] iter 42: dedup done, delta_size=11658757
R1 [P2] iter 42: dedup done, delta_size=12405206
R0 [P2] iter 42: subtract done, delta_size=2151416
R1 [P2] iter 42: subtract done, delta_size=2141671
R0 [P2] iter 42: merge done, full_size=268657809
R0 [P2] iter 43 done: global_full_size=548003752
R1 [P2] iter 42: merge done, full_size=279345943
R1 [P2] iter 43 done: global_full_size=548003752
R0 [P2] iter 43: PRE-JOIN GPU mem: 82.4GB free / 85.1GB total | delta_size=2151416 full_size=268657809
R1 [P2] iter 43: PRE-JOIN GPU mem: 82.3GB free / 85.1GB total | delta_size=2141671 full_size=279345943
R1 [P2] iter 43: join done, raw=13935259 result_size=12805754
R0 [P2] iter 43: join done, raw=14398161 result_size=13169698
R0 [P2] iter 43: split done, delta_size=12701244
R1 [P2] iter 43: split done, delta_size=13274208
R0 [P2] iter 43: dedup done, delta_size=11669667
R1 [P2] iter 43: dedup done, delta_size=12156325
R0 [P2] iter 43: subtract done, delta_size=2096676
R1 [P2] iter 43: subtract done, delta_size=2038377
R1 [P2] iter 43: merge done, full_size=281384320
R0 [P2] iter 43: merge done, full_size=270754485
R0 [P2] iter 44 done: global_full_size=552138805
R1 [P2] iter 44 done: global_full_size=552138805
R0 [P2] iter 44: PRE-JOIN GPU mem: 82.4GB free / 85.1GB total | delta_size=2096676 full_size=270754485
R1 [P2] iter 44: PRE-JOIN GPU mem: 82.2GB free / 85.1GB total | delta_size=2038377 full_size=281384320
R1 [P2] iter 44: join done, raw=13088222 result_size=11937448
R0 [P2] iter 44: join done, raw=14928227 result_size=13605147
R0 [P2] iter 44: split done, delta_size=12320877
R1 [P2] iter 44: split done, delta_size=13221718
R0 [P2] iter 44: dedup done, delta_size=11376023
R1 [P2] iter 44: dedup done, delta_size=12218019
R0 [P2] iter 44: subtract done, delta_size=1979234
R1 [P2] iter 44: subtract done, delta_size=2054893
R0 [P2] iter 44: merge done, full_size=272733719
R0 [P2] iter 45 done: global_full_size=556172932
R1 [P2] iter 44: merge done, full_size=283439213
R1 [P2] iter 45 done: global_full_size=556172932
R0 [P2] iter 45: PRE-JOIN GPU mem: 82.3GB free / 85.1GB total | delta_size=1979234 full_size=272733719
R1 [P2] iter 45: PRE-JOIN GPU mem: 82.2GB free / 85.1GB total | delta_size=2054893 full_size=283439213
R0 [P2] iter 45: join done, raw=14510059 result_size=13188971
R1 [P2] iter 45: join done, raw=13375906 result_size=12282795
R0 [P2] iter 45: split done, delta_size=12121767
R1 [P2] iter 45: split done, delta_size=13349999
R0 [P2] iter 45: dedup done, delta_size=11124371
R1 [P2] iter 45: dedup done, delta_size=12357027
R0 [P2] iter 45: subtract done, delta_size=1902313
R1 [P2] iter 45: subtract done, delta_size=2052711
R0 [P2] iter 45: merge done, full_size=274636032
R0 [P2] iter 46 done: global_full_size=560127956
R1 [P2] iter 45: merge done, full_size=285491924
R1 [P2] iter 46 done: global_full_size=560127956
R0 [P2] iter 46: PRE-JOIN GPU mem: 82.3GB free / 85.1GB total | delta_size=1902313 full_size=274636032
R1 [P2] iter 46: PRE-JOIN GPU mem: 82.2GB free / 85.1GB total | delta_size=2052711 full_size=285491924
R0 [P2] iter 46: join done, raw=13554596 result_size=12438322
R1 [P2] iter 46: join done, raw=14256571 result_size=13002307
R0 [P2] iter 46: split done, delta_size=12165080
R1 [P2] iter 46: split done, delta_size=13275549
R0 [P2] iter 46: dedup done, delta_size=11174934
R0 [P2] iter 46: subtract done, delta_size=1869787
R1 [P2] iter 46: dedup done, delta_size=12271310
R0 [P2] iter 46: merge done, full_size=276505819
R1 [P2] iter 46: subtract done, delta_size=2019193
R0 [P2] iter 47 done: global_full_size=564016936
R1 [P2] iter 46: merge done, full_size=287511117
R1 [P2] iter 47 done: global_full_size=564016936
R0 [P2] iter 47: PRE-JOIN GPU mem: 82.3GB free / 85.1GB total | delta_size=1869787 full_size=276505819
R1 [P2] iter 47: PRE-JOIN GPU mem: 82.2GB free / 85.1GB total | delta_size=2019193 full_size=287511117
R0 [P2] iter 47: join done, raw=13028353 result_size=11933418
R1 [P2] iter 47: join done, raw=14713369 result_size=13248201
R0 [P2] iter 47: split done, delta_size=12222474
R1 [P2] iter 47: split done, delta_size=12959145
R0 [P2] iter 47: dedup done, delta_size=11383607
R1 [P2] iter 47: dedup done, delta_size=12047326
R0 [P2] iter 47: subtract done, delta_size=1852171
R1 [P2] iter 47: subtract done, delta_size=1964011
R0 [P2] iter 47: merge done, full_size=278357990
R0 [P2] iter 48 done: global_full_size=567833118
R1 [P2] iter 47: merge done, full_size=289475128
R1 [P2] iter 48 done: global_full_size=567833118
R0 [P2] iter 48: PRE-JOIN GPU mem: 82.3GB free / 85.1GB total | delta_size=1852171 full_size=278357990
R1 [P2] iter 48: PRE-JOIN GPU mem: 82.2GB free / 85.1GB total | delta_size=1964011 full_size=289475128
R0 [P2] iter 48: join done, raw=12690814 result_size=11643410
R1 [P2] iter 48: join done, raw=14993907 result_size=13504637
R1 [P2] iter 48: split done, delta_size=12695497
R0 [P2] iter 48: split done, delta_size=12452550
R1 [P2] iter 48: dedup done, delta_size=11793581
R0 [P2] iter 48: dedup done, delta_size=11609088
R0 [P2] iter 48: subtract done, delta_size=1914491
R1 [P2] iter 48: subtract done, delta_size=1868094
R0 [P2] iter 48: merge done, full_size=280272481
R0 [P2] iter 49 done: global_full_size=571615703
R1 [P2] iter 48: merge done, full_size=291343222
R1 [P2] iter 49 done: global_full_size=571615703
R0 [P2] iter 49: PRE-JOIN GPU mem: 82.3GB free / 85.1GB total | delta_size=1914491 full_size=280272481
R1 [P2] iter 49: PRE-JOIN GPU mem: 82.2GB free / 85.1GB total | delta_size=1868094 full_size=291343222
R0 [P2] iter 49: join done, raw=12996879 result_size=11965619
R1 [P2] iter 49: join done, raw=14732732 result_size=13479222
R0 [P2] iter 49: split done, delta_size=12691118
R1 [P2] iter 49: split done, delta_size=12753723
R1 [P2] iter 49: dedup done, delta_size=11724509
R0 [P2] iter 49: dedup done, delta_size=11672796
R1 [P2] iter 49: subtract done, delta_size=1828279
R0 [P2] iter 49: subtract done, delta_size=1994353
R0 [P2] iter 49: merge done, full_size=282266834
R0 [P2] iter 50 done: global_full_size=575438335
R1 [P2] iter 49: merge done, full_size=293171501
R1 [P2] iter 50 done: global_full_size=575438335
R1 [P2] iter 50: PRE-JOIN GPU mem: 82.2GB free / 85.1GB total | delta_size=1828279 full_size=293171501
R0 [P2] iter 50: PRE-JOIN GPU mem: 82.3GB free / 85.1GB total | delta_size=1994353 full_size=282266834
R0 [P2] iter 50: join done, raw=13682693 result_size=12564976
R1 [P2] iter 50: join done, raw=14128111 result_size=13069128
R0 [P2] iter 50: split done, delta_size=12809218
R1 [P2] iter 50: split done, delta_size=12824886
R0 [P2] iter 50: dedup done, delta_size=11679390
R1 [P2] iter 50: dedup done, delta_size=11728154
R0 [P2] iter 50: subtract done, delta_size=1988272
R1 [P2] iter 50: subtract done, delta_size=1830746
R0 [P2] iter 50: merge done, full_size=284255106
R0 [P2] iter 51 done: global_full_size=579257353
R1 [P2] iter 50: merge done, full_size=295002247
R1 [P2] iter 51 done: global_full_size=579257353
R0 [P2] iter 51: PRE-JOIN GPU mem: 82.2GB free / 85.1GB total | delta_size=1988272 full_size=284255106
R1 [P2] iter 51: PRE-JOIN GPU mem: 82.1GB free / 85.1GB total | delta_size=1830746 full_size=295002247
R1 [P2] iter 51: join done, raw=13361876 result_size=12173436
R0 [P2] iter 51: join done, raw=14427134 result_size=13244888
R0 [P2] iter 51: split done, delta_size=12513162
R1 [P2] iter 51: split done, delta_size=12905162
R0 [P2] iter 51: dedup done, delta_size=11494732
R1 [P2] iter 51: dedup done, delta_size=11881484
R0 [P2] iter 51: subtract done, delta_size=1915036
R1 [P2] iter 51: subtract done, delta_size=1873235
R0 [P2] iter 51: merge done, full_size=286170142
R0 [P2] iter 52 done: global_full_size=583045624
R1 [P2] iter 51: merge done, full_size=296875482
R1 [P2] iter 52 done: global_full_size=583045624
R0 [P2] iter 52: PRE-JOIN GPU mem: 82.2GB free / 85.1GB total | delta_size=1915036 full_size=286170142
R1 [P2] iter 52: PRE-JOIN GPU mem: 82.1GB free / 85.1GB total | delta_size=1873235 full_size=296875482
R1 [P2] iter 52: join done, raw=13492133 result_size=12349193
R0 [P2] iter 52: join done, raw=14273938 result_size=13067652
R0 [P2] iter 52: split done, delta_size=12464525
R1 [P2] iter 52: split done, delta_size=12952320
R1 [P2] iter 52: dedup done, delta_size=11903289
R0 [P2] iter 52: dedup done, delta_size=11452143
R0 [P2] iter 52: subtract done, delta_size=1928686
R1 [P2] iter 52: subtract done, delta_size=1828476
R1 [P2] iter 52: merge done, full_size=298703958
R0 [P2] iter 52: merge done, full_size=288098828
R0 [P2] iter 53 done: global_full_size=586802786
R1 [P2] iter 53 done: global_full_size=586802786
R0 [P2] iter 53: PRE-JOIN GPU mem: 82.2GB free / 85.1GB total | delta_size=1928686 full_size=288098828
R1 [P2] iter 53: PRE-JOIN GPU mem: 82.1GB free / 85.1GB total | delta_size=1828476 full_size=298703958
R1 [P2] iter 53: join done, raw=12549477 result_size=11678645
R0 [P2] iter 53: join done, raw=15206203 result_size=13655510
R0 [P2] iter 53: split done, delta_size=12643817
R1 [P2] iter 53: split done, delta_size=12690338
R0 [P2] iter 53: dedup done, delta_size=11646713
R1 [P2] iter 53: dedup done, delta_size=11668744
R0 [P2] iter 53: subtract done, delta_size=1946347
R1 [P2] iter 53: subtract done, delta_size=1776461
R1 [P2] iter 53: merge done, full_size=300480419
R0 [P2] iter 53: merge done, full_size=290045175
R0 [P2] iter 54 done: global_full_size=590525594
R1 [P2] iter 54 done: global_full_size=590525594
R0 [P2] iter 54: PRE-JOIN GPU mem: 82.2GB free / 85.1GB total | delta_size=1946347 full_size=290045175
R1 [P2] iter 54: PRE-JOIN GPU mem: 82.1GB free / 85.1GB total | delta_size=1776461 full_size=300480419
R1 [P2] iter 54: join done, raw=10986301 result_size=10289708
R0 [P2] iter 54: join done, raw=16682131 result_size=14957650
R1 [P2] iter 54: split done, delta_size=12559287
R0 [P2] iter 54: split done, delta_size=12688071
R0 [P2] iter 54: dedup done, delta_size=11711142
R1 [P2] iter 54: dedup done, delta_size=11534576
R1 [P2] iter 54: subtract done, delta_size=1749712
R0 [P2] iter 54: subtract done, delta_size=1913569
R0 [P2] iter 54: merge done, full_size=291958744
R0 [P2] iter 55 done: global_full_size=594188875
R1 [P2] iter 54: merge done, full_size=302230131
R1 [P2] iter 55 done: global_full_size=594188875
R0 [P2] iter 55: PRE-JOIN GPU mem: 82.2GB free / 85.1GB total | delta_size=1913569 full_size=291958744
R1 [P2] iter 55: PRE-JOIN GPU mem: 82.1GB free / 85.1GB total | delta_size=1749712 full_size=302230131
R1 [P2] iter 55: join done, raw=10744801 result_size=9985149
R0 [P2] iter 55: join done, raw=16772043 result_size=15118574
R0 [P2] iter 55: split done, delta_size=12534601
R1 [P2] iter 55: split done, delta_size=12569122
R0 [P2] iter 55: dedup done, delta_size=11588105
R1 [P2] iter 55: dedup done, delta_size=11574210
R0 [P2] iter 55: subtract done, delta_size=1777442
R1 [P2] iter 55: subtract done, delta_size=1767417
R1 [P2] iter 55: merge done, full_size=303997548
R0 [P2] iter 55: merge done, full_size=293736186
R0 [P2] iter 56 done: global_full_size=597733734
R1 [P2] iter 56 done: global_full_size=597733734
R0 [P2] iter 56: PRE-JOIN GPU mem: 82.2GB free / 85.1GB total | delta_size=1777442 full_size=293736186
R1 [P2] iter 56: PRE-JOIN GPU mem: 82.1GB free / 85.1GB total | delta_size=1767417 full_size=303997548
R1 [P2] iter 56: join done, raw=12058224 result_size=11078956
R0 [P2] iter 56: join done, raw=15312678 result_size=13930904
R0 [P2] iter 56: split done, delta_size=12341092
R1 [P2] iter 56: split done, delta_size=12668768
R0 [P2] iter 56: dedup done, delta_size=11370662
R1 [P2] iter 56: dedup done, delta_size=11705928
R0 [P2] iter 56: subtract done, delta_size=1657647
R1 [P2] iter 56: subtract done, delta_size=1809771
R0 [P2] iter 56: merge done, full_size=295393833
R0 [P2] iter 57 done: global_full_size=601201152
R1 [P2] iter 56: merge done, full_size=305807319
R1 [P2] iter 57 done: global_full_size=601201152
R0 [P2] iter 57: PRE-JOIN GPU mem: 82.2GB free / 85.1GB total | delta_size=1657647 full_size=295393833
R1 [P2] iter 57: PRE-JOIN GPU mem: 82.1GB free / 85.1GB total | delta_size=1809771 full_size=305807319
R0 [P2] iter 57: join done, raw=13985052 result_size=12971897
R1 [P2] iter 57: join done, raw=13173370 result_size=12097754
R0 [P2] iter 57: split done, delta_size=12345877
R1 [P2] iter 57: split done, delta_size=12723774
R0 [P2] iter 57: dedup done, delta_size=11261297
R1 [P2] iter 57: dedup done, delta_size=11678910
R0 [P2] iter 57: subtract done, delta_size=1587125
R1 [P2] iter 57: subtract done, delta_size=1773829
R0 [P2] iter 57: merge done, full_size=296980958
R0 [P2] iter 58 done: global_full_size=604562106
R1 [P2] iter 57: merge done, full_size=307581148
R1 [P2] iter 58 done: global_full_size=604562106
R0 [P2] iter 58: PRE-JOIN GPU mem: 82.1GB free / 85.1GB total | delta_size=1587125 full_size=296980958
R1 [P2] iter 58: PRE-JOIN GPU mem: 82.0GB free / 85.1GB total | delta_size=1773829 full_size=307581148
R0 [P2] iter 58: join done, raw=12715490 result_size=11916282
R1 [P2] iter 58: join done, raw=13849899 result_size=12706414
R0 [P2] iter 58: split done, delta_size=12170604
R1 [P2] iter 58: split done, delta_size=12452092
R0 [P2] iter 58: dedup done, delta_size=11139633
R0 [P2] iter 58: subtract done, delta_size=1468428
R1 [P2] iter 58: dedup done, delta_size=11437864
R0 [P2] iter 58: merge done, full_size=298449386
R1 [P2] iter 58: subtract done, delta_size=1609313
R0 [P2] iter 59 done: global_full_size=607639847
R1 [P2] iter 58: merge done, full_size=309190461
R1 [P2] iter 59 done: global_full_size=607639847
R0 [P2] iter 59: PRE-JOIN GPU mem: 82.1GB free / 85.1GB total | delta_size=1468428 full_size=298449386
R1 [P2] iter 59: PRE-JOIN GPU mem: 82.0GB free / 85.1GB total | delta_size=1609313 full_size=309190461
R0 [P2] iter 59: join done, raw=12118775 result_size=11417976
R1 [P2] iter 59: join done, raw=13849317 result_size=12763269
R0 [P2] iter 59: split done, delta_size=11808564
R1 [P2] iter 59: split done, delta_size=12372681
R0 [P2] iter 59: dedup done, delta_size=10855551
R1 [P2] iter 59: dedup done, delta_size=11366777
R0 [P2] iter 59: subtract done, delta_size=1398399
R1 [P2] iter 59: subtract done, delta_size=1486077
R0 [P2] iter 59: merge done, full_size=299847785
R0 [P2] iter 60 done: global_full_size=610524323
R1 [P2] iter 59: merge done, full_size=310676538
R1 [P2] iter 60 done: global_full_size=610524323
R0 [P2] iter 60: PRE-JOIN GPU mem: 82.1GB free / 85.1GB total | delta_size=1398399 full_size=299847785
R1 [P2] iter 60: PRE-JOIN GPU mem: 82.0GB free / 85.1GB total | delta_size=1486077 full_size=310676538
R1 [P2] iter 60: join done, raw=13165981 result_size=12149200
R0 [P2] iter 60: join done, raw=12533947 result_size=11746816
R0 [P2] iter 60: split done, delta_size=11411843
R1 [P2] iter 60: split done, delta_size=12484173
R0 [P2] iter 60: dedup done, delta_size=10551404
R1 [P2] iter 60: dedup done, delta_size=11473088
R0 [P2] iter 60: subtract done, delta_size=1369052
R1 [P2] iter 60: subtract done, delta_size=1438888
R0 [P2] iter 60: merge done, full_size=301216837
R1 [P2] iter 60: merge done, full_size=312115426
R1 [P2] iter 61 done: global_full_size=613332263
R0 [P2] iter 61 done: global_full_size=613332263
R1 [P2] iter 61: PRE-JOIN GPU mem: 82.0GB free / 85.1GB total | delta_size=1438888 full_size=312115426
R0 [P2] iter 61: PRE-JOIN GPU mem: 82.1GB free / 85.1GB total | delta_size=1369052 full_size=301216837
R0 [P2] iter 61: join done, raw=12970086 result_size=11931837
R1 [P2] iter 61: join done, raw=12675655 result_size=11739912
R0 [P2] iter 61: split done, delta_size=11417431
R1 [P2] iter 61: split done, delta_size=12254318
R0 [P2] iter 61: dedup done, delta_size=10636345
R1 [P2] iter 61: dedup done, delta_size=11323669
R0 [P2] iter 61: subtract done, delta_size=1331996
R1 [P2] iter 61: subtract done, delta_size=1425123
R0 [P2] iter 61: merge done, full_size=302548833
R0 [P2] iter 62 done: global_full_size=616089382
R1 [P2] iter 61: merge done, full_size=313540549
R1 [P2] iter 62 done: global_full_size=616089382
R1 [P2] iter 62: PRE-JOIN GPU mem: 82.0GB free / 85.1GB total | delta_size=1425123 full_size=313540549
R0 [P2] iter 62: PRE-JOIN GPU mem: 82.1GB free / 85.1GB total | delta_size=1331996 full_size=302548833
R0 [P2] iter 62: join done, raw=11846678 result_size=10961981
R1 [P2] iter 62: join done, raw=13735627 result_size=12639984
R0 [P2] iter 62: split done, delta_size=11407266
R1 [P2] iter 62: split done, delta_size=12194699
R0 [P2] iter 62: dedup done, delta_size=10603270
R1 [P2] iter 62: dedup done, delta_size=11284713
R0 [P2] iter 62: subtract done, delta_size=1339662
R1 [P2] iter 62: subtract done, delta_size=1401428
R0 [P2] iter 62: merge done, full_size=303888495
R0 [P2] iter 63 done: global_full_size=618830472
R1 [P2] iter 62: merge done, full_size=314941977
R1 [P2] iter 63 done: global_full_size=618830472
R0 [P2] iter 63: PRE-JOIN GPU mem: 82.1GB free / 85.1GB total | delta_size=1339662 full_size=303888495
R1 [P2] iter 63: PRE-JOIN GPU mem: 82.0GB free / 85.1GB total | delta_size=1401428 full_size=314941977
R1 [P2] iter 63: join done, raw=14128556 result_size=13028569
R0 [P2] iter 63: join done, raw=11392865 result_size=10703089
R0 [P2] iter 63: split done, delta_size=11572269
R1 [P2] iter 63: split done, delta_size=12159389
R0 [P2] iter 63: dedup done, delta_size=10632165
R1 [P2] iter 63: dedup done, delta_size=11199245
R0 [P2] iter 63: subtract done, delta_size=1367018
R1 [P2] iter 63: subtract done, delta_size=1320729
R0 [P2] iter 63: merge done, full_size=305255513
R0 [P2] iter 64 done: global_full_size=621518219
R1 [P2] iter 63: merge done, full_size=316262706
R1 [P2] iter 64 done: global_full_size=621518219
R0 [P2] iter 64: PRE-JOIN GPU mem: 82.1GB free / 85.1GB total | delta_size=1367018 full_size=305255513
R1 [P2] iter 64: PRE-JOIN GPU mem: 82.0GB free / 85.1GB total | delta_size=1320729 full_size=316262706
R1 [P2] iter 64: join done, raw=12959454 result_size=12011606
R0 [P2] iter 64: join done, raw=12548108 result_size=11647089
R0 [P2] iter 64: split done, delta_size=11691369
R1 [P2] iter 64: split done, delta_size=11967326
R0 [P2] iter 64: dedup done, delta_size=10763759
R1 [P2] iter 64: dedup done, delta_size=11063980
R0 [P2] iter 64: subtract done, delta_size=1405609
R1 [P2] iter 64: subtract done, delta_size=1259205
R0 [P2] iter 64: merge done, full_size=306661122
R0 [P2] iter 65 done: global_full_size=624183033
R1 [P2] iter 64: merge done, full_size=317521911
R1 [P2] iter 65 done: global_full_size=624183033
R1 [P2] iter 65: PRE-JOIN GPU mem: 82.0GB free / 85.1GB total | delta_size=1259205 full_size=317521911
R0 [P2] iter 65: PRE-JOIN GPU mem: 82.1GB free / 85.1GB total | delta_size=1405609 full_size=306661122
R1 [P2] iter 65: join done, raw=12347574 result_size=11443476
R0 [P2] iter 65: join done, raw=13176673 result_size=12128967
R0 [P2] iter 65: split done, delta_size=11674531
R1 [P2] iter 65: split done, delta_size=11897912
R0 [P2] iter 65: dedup done, delta_size=10798407
R0 [P2] iter 65: subtract done, delta_size=1422746
R1 [P2] iter 65: dedup done, delta_size=10988061
R1 [P2] iter 65: subtract done, delta_size=1284986
R0 [P2] iter 65: merge done, full_size=308083868
R0 [P2] iter 66 done: global_full_size=626890765
R1 [P2] iter 65: merge done, full_size=318806897
R1 [P2] iter 66 done: global_full_size=626890765
R0 [P2] iter 66: PRE-JOIN GPU mem: 82.1GB free / 85.1GB total | delta_size=1422746 full_size=308083868
R1 [P2] iter 66: PRE-JOIN GPU mem: 82.0GB free / 85.1GB total | delta_size=1284986 full_size=318806897
R1 [P2] iter 66: join done, raw=11974680 result_size=11060957
R0 [P2] iter 66: join done, raw=13524142 result_size=12341801
R0 [P2] iter 66: split done, delta_size=11595371
R1 [P2] iter 66: split done, delta_size=11807387
R0 [P2] iter 66: dedup done, delta_size=10730564
R1 [P2] iter 66: dedup done, delta_size=10956053
R0 [P2] iter 66: subtract done, delta_size=1383005
R1 [P2] iter 66: subtract done, delta_size=1345458
R0 [P2] iter 66: merge done, full_size=309466873
R0 [P2] iter 67 done: global_full_size=629619228
R1 [P2] iter 66: merge done, full_size=320152355
R1 [P2] iter 67 done: global_full_size=629619228
R0 [P2] iter 67: PRE-JOIN GPU mem: 82.1GB free / 85.1GB total | delta_size=1383005 full_size=309466873
R1 [P2] iter 67: PRE-JOIN GPU mem: 81.9GB free / 85.1GB total | delta_size=1345458 full_size=320152355
R1 [P2] iter 67: join done, raw=11303820 result_size=10407886
R0 [P2] iter 67: join done, raw=14060630 result_size=12831667
R1 [P2] iter 67: split done, delta_size=11876946
R0 [P2] iter 67: split done, delta_size=11362607
R0 [P2] iter 67: dedup done, delta_size=10487695
R1 [P2] iter 67: dedup done, delta_size=11032027
R0 [P2] iter 67: subtract done, delta_size=1380690
R1 [P2] iter 67: subtract done, delta_size=1316184
R0 [P2] iter 67: merge done, full_size=310847563
R0 [P2] iter 68 done: global_full_size=632316102
R1 [P2] iter 67: merge done, full_size=321468539
R1 [P2] iter 68 done: global_full_size=632316102
R0 [P2] iter 68: PRE-JOIN GPU mem: 82.0GB free / 85.1GB total | delta_size=1380690 full_size=310847563
R1 [P2] iter 68: PRE-JOIN GPU mem: 81.9GB free / 85.1GB total | delta_size=1316184 full_size=321468539
R1 [P2] iter 68: join done, raw=9597826 result_size=8916597
R0 [P2] iter 68: join done, raw=15583457 result_size=14188832
R0 [P2] iter 68: split done, delta_size=11228759
R1 [P2] iter 68: split done, delta_size=11876670
R0 [P2] iter 68: dedup done, delta_size=10353694
R1 [P2] iter 68: dedup done, delta_size=11035075
R0 [P2] iter 68: subtract done, delta_size=1338453
R1 [P2] iter 68: subtract done, delta_size=1261716
R0 [P2] iter 68: merge done, full_size=312186016
R0 [P2] iter 69 done: global_full_size=634916271
R1 [P2] iter 68: merge done, full_size=322730255
R1 [P2] iter 69 done: global_full_size=634916271
R0 [P2] iter 69: PRE-JOIN GPU mem: 82.0GB free / 85.1GB total | delta_size=1338453 full_size=312186016
R1 [P2] iter 69: PRE-JOIN GPU mem: 81.9GB free / 85.1GB total | delta_size=1261716 full_size=322730255
R1 [P2] iter 69: join done, raw=10598695 result_size=9845933
R0 [P2] iter 69: join done, raw=14385764 result_size=13169333
R0 [P2] iter 69: split done, delta_size=11295974
R1 [P2] iter 69: split done, delta_size=11719292
R0 [P2] iter 69: dedup done, delta_size=10417340
R1 [P2] iter 69: dedup done, delta_size=10883404
R0 [P2] iter 69: subtract done, delta_size=1277495
R1 [P2] iter 69: subtract done, delta_size=1239879
R0 [P2] iter 69: merge done, full_size=313463511
R0 [P2] iter 70 done: global_full_size=637433645
R1 [P2] iter 69: merge done, full_size=323970134
R1 [P2] iter 70 done: global_full_size=637433645
R0 [P2] iter 70: PRE-JOIN GPU mem: 82.0GB free / 85.1GB total | delta_size=1277495 full_size=313463511
R1 [P2] iter 70: PRE-JOIN GPU mem: 81.9GB free / 85.1GB total | delta_size=1239879 full_size=323970134
R1 [P2] iter 70: join done, raw=11903266 result_size=11099593
R0 [P2] iter 70: join done, raw=12882487 result_size=11959580
R0 [P2] iter 70: split done, delta_size=11233006
R1 [P2] iter 70: split done, delta_size=11826167
R0 [P2] iter 70: dedup done, delta_size=10349742
R1 [P2] iter 70: dedup done, delta_size=10880187
R0 [P2] iter 70: subtract done, delta_size=1271297
R1 [P2] iter 70: subtract done, delta_size=1159436
R0 [P2] iter 70: merge done, full_size=314734808
R0 [P2] iter 71 done: global_full_size=639864378
R1 [P2] iter 70: merge done, full_size=325129570
R1 [P2] iter 71 done: global_full_size=639864378
R1 [P2] iter 71: PRE-JOIN GPU mem: 81.9GB free / 85.1GB total | delta_size=1159436 full_size=325129570
R0 [P2] iter 71: PRE-JOIN GPU mem: 82.0GB free / 85.1GB total | delta_size=1271297 full_size=314734808
R0 [P2] iter 71: join done, raw=12556607 result_size=11684254
R1 [P2] iter 71: join done, raw=11996807 result_size=11225498
R0 [P2] iter 71: split done, delta_size=11100506
R1 [P2] iter 71: split done, delta_size=11809246
R0 [P2] iter 71: dedup done, delta_size=10247092
R1 [P2] iter 71: dedup done, delta_size=10831130
R0 [P2] iter 71: subtract done, delta_size=1208797
R1 [P2] iter 71: subtract done, delta_size=1158038
R0 [P2] iter 71: merge done, full_size=315943605
R0 [P2] iter 72 done: global_full_size=642231213
R1 [P2] iter 71: merge done, full_size=326287608
R1 [P2] iter 72 done: global_full_size=642231213
R0 [P2] iter 72: PRE-JOIN GPU mem: 82.0GB free / 85.1GB total | delta_size=1208797 full_size=315943605
R1 [P2] iter 72: PRE-JOIN GPU mem: 81.9GB free / 85.1GB total | delta_size=1158038 full_size=326287608
R1 [P2] iter 72: join done, raw=12281291 result_size=11431253
R0 [P2] iter 72: join done, raw=11911508 result_size=11226340
R0 [P2] iter 72: split done, delta_size=10982923
R1 [P2] iter 72: split done, delta_size=11674670
R0 [P2] iter 72: dedup done, delta_size=10082490
R1 [P2] iter 72: dedup done, delta_size=10682126
R0 [P2] iter 72: subtract done, delta_size=1146769
R1 [P2] iter 72: subtract done, delta_size=1189156
R0 [P2] iter 72: merge done, full_size=317090374
R0 [P2] iter 73 done: global_full_size=644567138
R1 [P2] iter 72: merge done, full_size=327476764
R1 [P2] iter 73 done: global_full_size=644567138
R0 [P2] iter 73: PRE-JOIN GPU mem: 82.0GB free / 85.1GB total | delta_size=1146769 full_size=317090374
R1 [P2] iter 73: PRE-JOIN GPU mem: 81.9GB free / 85.1GB total | delta_size=1189156 full_size=327476764
R0 [P2] iter 73: join done, raw=11618427 result_size=10943758
R1 [P2] iter 73: join done, raw=12275740 result_size=11526929
R1 [P2] iter 73: split done, delta_size=11702250
R0 [P2] iter 73: split done, delta_size=10768437
R1 [P2] iter 73: dedup done, delta_size=10644793
R0 [P2] iter 73: dedup done, delta_size=9810187
R1 [P2] iter 73: subtract done, delta_size=1237475
R0 [P2] iter 73: subtract done, delta_size=1140952
R1 [P2] iter 73: merge done, full_size=328714239
R0 [P2] iter 73: merge done, full_size=318231326
R0 [P2] iter 74 done: global_full_size=646945565
R1 [P2] iter 74 done: global_full_size=646945565
R1 [P2] iter 74: PRE-JOIN GPU mem: 81.9GB free / 85.1GB total | delta_size=1237475 full_size=328714239
R0 [P2] iter 74: PRE-JOIN GPU mem: 82.0GB free / 85.1GB total | delta_size=1140952 full_size=318231326
R1 [P2] iter 74: join done, raw=11026442 result_size=10429033
R0 [P2] iter 74: join done, raw=12842121 result_size=11854077
R1 [P2] iter 74: split done, delta_size=11676471
R0 [P2] iter 74: split done, delta_size=10606639
R1 [P2] iter 74: dedup done, delta_size=10666574
R1 [P2] iter 74: subtract done, delta_size=1267642
R0 [P2] iter 74: dedup done, delta_size=9679412
R0 [P2] iter 74: subtract done, delta_size=1153417
R1 [P2] iter 74: merge done, full_size=329981881
R0 [P2] iter 74: merge done, full_size=319384743
R0 [P2] iter 75 done: global_full_size=649366624
R1 [P2] iter 75 done: global_full_size=649366624
R0 [P2] iter 75: PRE-JOIN GPU mem: 82.0GB free / 85.1GB total | delta_size=1153417 full_size=319384743
R1 [P2] iter 75: PRE-JOIN GPU mem: 81.9GB free / 85.1GB total | delta_size=1267642 full_size=329981881
R1 [P2] iter 75: join done, raw=11087799 result_size=10306707
R0 [P2] iter 75: join done, raw=12817156 result_size=11776781
R0 [P2] iter 75: split done, delta_size=10470096
R1 [P2] iter 75: split done, delta_size=11613392
R0 [P2] iter 75: dedup done, delta_size=9644219
R1 [P2] iter 75: dedup done, delta_size=10705812
R0 [P2] iter 75: subtract done, delta_size=1160175
R1 [P2] iter 75: subtract done, delta_size=1226597
R0 [P2] iter 75: merge done, full_size=320544918
R0 [P2] iter 76 done: global_full_size=651753396
R1 [P2] iter 75: merge done, full_size=331208478
R1 [P2] iter 76 done: global_full_size=651753396
R0 [P2] iter 76: PRE-JOIN GPU mem: 82.0GB free / 85.1GB total | delta_size=1160175 full_size=320544918
R1 [P2] iter 76: PRE-JOIN GPU mem: 81.9GB free / 85.1GB total | delta_size=1226597 full_size=331208478
R1 [P2] iter 76: join done, raw=11421296 result_size=10428094
R0 [P2] iter 76: join done, raw=12327047 result_size=11452936
R0 [P2] iter 76: split done, delta_size=10501101
R1 [P2] iter 76: split done, delta_size=11379929
R0 [P2] iter 76: dedup done, delta_size=9757080
R1 [P2] iter 76: dedup done, delta_size=10536070
R0 [P2] iter 76: subtract done, delta_size=1200928
R1 [P2] iter 76: subtract done, delta_size=1168285
R0 [P2] iter 76: merge done, full_size=321745846
R0 [P2] iter 77 done: global_full_size=654122609
R1 [P2] iter 76: merge done, full_size=332376763
R1 [P2] iter 77 done: global_full_size=654122609
R1 [P2] iter 77: PRE-JOIN GPU mem: 81.9GB free / 85.1GB total | delta_size=1168285 full_size=332376763
R0 [P2] iter 77: PRE-JOIN GPU mem: 82.0GB free / 85.1GB total | delta_size=1200928 full_size=321745846
R1 [P2] iter 77: join done, raw=11058271 result_size=10106131
R0 [P2] iter 77: join done, raw=12556350 result_size=11616502
R0 [P2] iter 77: split done, delta_size=10766502
R1 [P2] iter 77: split done, delta_size=10956131
R0 [P2] iter 77: dedup done, delta_size=9977320
R1 [P2] iter 77: dedup done, delta_size=10173246
R0 [P2] iter 77: subtract done, delta_size=1215280
R1 [P2] iter 77: subtract done, delta_size=1140652
R0 [P2] iter 77: merge done, full_size=322961126
R0 [P2] iter 78 done: global_full_size=656478541
R1 [P2] iter 77: merge done, full_size=333517415
R1 [P2] iter 78 done: global_full_size=656478541
R0 [P2] iter 78: PRE-JOIN GPU mem: 82.0GB free / 85.1GB total | delta_size=1215280 full_size=322961126
R1 [P2] iter 78: PRE-JOIN GPU mem: 81.8GB free / 85.1GB total | delta_size=1140652 full_size=333517415
R0 [P2] iter 78: join done, raw=13195151 result_size=12215614
R1 [P2] iter 78: join done, raw=10055559 result_size=9326901
R1 [P2] iter 78: split done, delta_size=10785359
R0 [P2] iter 78: split done, delta_size=10757156
R0 [P2] iter 78: dedup done, delta_size=9848626
R1 [P2] iter 78: dedup done, delta_size=9927707
R0 [P2] iter 78: subtract done, delta_size=1130459
R1 [P2] iter 78: subtract done, delta_size=1190191
R0 [P2] iter 78: merge done, full_size=324091585
R0 [P2] iter 79 done: global_full_size=658799191
R1 [P2] iter 78: merge done, full_size=334707606
R1 [P2] iter 79 done: global_full_size=658799191
R0 [P2] iter 79: PRE-JOIN GPU mem: 81.9GB free / 85.1GB total | delta_size=1130459 full_size=324091585
R1 [P2] iter 79: PRE-JOIN GPU mem: 81.8GB free / 85.1GB total | delta_size=1190191 full_size=334707606
R1 [P2] iter 79: join done, raw=10656369 result_size=9895355
R0 [P2] iter 79: join done, raw=11858786 result_size=11007628
R0 [P2] iter 79: split done, delta_size=10459921
R1 [P2] iter 79: split done, delta_size=10443062
R0 [P2] iter 79: dedup done, delta_size=9555387
R1 [P2] iter 79: dedup done, delta_size=9606202
R0 [P2] iter 79: subtract done, delta_size=1088976
R1 [P2] iter 79: subtract done, delta_size=1179938
R0 [P2] iter 79: merge done, full_size=325180561
R0 [P2] iter 80 done: global_full_size=661068105
R1 [P2] iter 79: merge done, full_size=335887544
R1 [P2] iter 80 done: global_full_size=661068105
R0 [P2] iter 80: PRE-JOIN GPU mem: 81.9GB free / 85.1GB total | delta_size=1088976 full_size=325180561
R1 [P2] iter 80: PRE-JOIN GPU mem: 81.8GB free / 85.1GB total | delta_size=1179938 full_size=335887544
R1 [P2] iter 80: join done, raw=10737397 result_size=9929328
R0 [P2] iter 80: join done, raw=11124502 result_size=10314174
R0 [P2] iter 80: split done, delta_size=10077019
R1 [P2] iter 80: split done, delta_size=10166483
R0 [P2] iter 80: dedup done, delta_size=9255544
R1 [P2] iter 80: dedup done, delta_size=9326544
R0 [P2] iter 80: subtract done, delta_size=1118566
R1 [P2] iter 80: subtract done, delta_size=1138689
R1 [P2] iter 80: merge done, full_size=337026233
R0 [P2] iter 80: merge done, full_size=326299127
R0 [P2] iter 81 done: global_full_size=663325360
R1 [P2] iter 81 done: global_full_size=663325360
R0 [P2] iter 81: PRE-JOIN GPU mem: 81.9GB free / 85.1GB total | delta_size=1118566 full_size=326299127
R1 [P2] iter 81: PRE-JOIN GPU mem: 81.8GB free / 85.1GB total | delta_size=1138689 full_size=337026233
R0 [P2] iter 81: join done, raw=11686591 result_size=10706964
R1 [P2] iter 81: join done, raw=9975681 result_size=9328634
R1 [P2] iter 81: split done, delta_size=10046467
R0 [P2] iter 81: split done, delta_size=9989131
R1 [P2] iter 81: dedup done, delta_size=9194853
R0 [P2] iter 81: dedup done, delta_size=9200562
R1 [P2] iter 81: subtract done, delta_size=1129329
R0 [P2] iter 81: subtract done, delta_size=1163959
R0 [P2] iter 81: merge done, full_size=327463086
R0 [P2] iter 82 done: global_full_size=665618648
R1 [P2] iter 81: merge done, full_size=338155562
R1 [P2] iter 82 done: global_full_size=665618648
R0 [P2] iter 82: PRE-JOIN GPU mem: 81.9GB free / 85.1GB total | delta_size=1163959 full_size=327463086
R1 [P2] iter 82: PRE-JOIN GPU mem: 81.8GB free / 85.1GB total | delta_size=1129329 full_size=338155562
R1 [P2] iter 82: join done, raw=9848594 result_size=9249302
R0 [P2] iter 82: join done, raw=11808096 result_size=10714481
R0 [P2] iter 82: split done, delta_size=10051530
R1 [P2] iter 82: split done, delta_size=9912253
R0 [P2] iter 82: dedup done, delta_size=9189070
R0 [P2] iter 82: subtract done, delta_size=1160873
R1 [P2] iter 82: dedup done, delta_size=9115261
R0 [P2] iter 82: merge done, full_size=328623959
R1 [P2] iter 82: subtract done, delta_size=1200641
R0 [P2] iter 83 done: global_full_size=667980162
R1 [P2] iter 82: merge done, full_size=339356203
R1 [P2] iter 83 done: global_full_size=667980162
R0 [P2] iter 83: PRE-JOIN GPU mem: 81.9GB free / 85.1GB total | delta_size=1160873 full_size=328623959
R1 [P2] iter 83: PRE-JOIN GPU mem: 81.8GB free / 85.1GB total | delta_size=1200641 full_size=339356203
R0 [P2] iter 83: join done, raw=10797247 result_size=9937730
R1 [P2] iter 83: join done, raw=10892083 result_size=10003169
R0 [P2] iter 83: split done, delta_size=9928293
R1 [P2] iter 83: split done, delta_size=10012606
R0 [P2] iter 83: dedup done, delta_size=9040190
R0 [P2] iter 83: subtract done, delta_size=1163693
R1 [P2] iter 83: dedup done, delta_size=9225608
R0 [P2] iter 83: merge done, full_size=329787652
R1 [P2] iter 83: subtract done, delta_size=1214055
R0 [P2] iter 84 done: global_full_size=670357910
R1 [P2] iter 83: merge done, full_size=340570258
R1 [P2] iter 84 done: global_full_size=670357910
R0 [P2] iter 84: PRE-JOIN GPU mem: 81.9GB free / 85.1GB total | delta_size=1163693 full_size=329787652
R1 [P2] iter 84: PRE-JOIN GPU mem: 81.8GB free / 85.1GB total | delta_size=1214055 full_size=340570258
R0 [P2] iter 84: join done, raw=10110939 result_size=9479352
R1 [P2] iter 84: join done, raw=11561743 result_size=10512978
R0 [P2] iter 84: split done, delta_size=9712092
R1 [P2] iter 84: split done, delta_size=10280238
R0 [P2] iter 84: dedup done, delta_size=8874573
R1 [P2] iter 84: dedup done, delta_size=9370352
R0 [P2] iter 84: subtract done, delta_size=1145641
R1 [P2] iter 84: subtract done, delta_size=1210678
R0 [P2] iter 84: merge done, full_size=330933293
R0 [P2] iter 85 done: global_full_size=672714229
R1 [P2] iter 84: merge done, full_size=341780936
R1 [P2] iter 85 done: global_full_size=672714229
R0 [P2] iter 85: PRE-JOIN GPU mem: 81.9GB free / 85.1GB total | delta_size=1145641 full_size=330933293
R1 [P2] iter 85: PRE-JOIN GPU mem: 81.8GB free / 85.1GB total | delta_size=1210678 full_size=341780936
R0 [P2] iter 85: join done, raw=9811307 result_size=9012000
R1 [P2] iter 85: join done, raw=11756291 result_size=10671549
R1 [P2] iter 85: split done, delta_size=10128840
R0 [P2] iter 85: split done, delta_size=9554709
R0 [P2] iter 85: dedup done, delta_size=8872291
R1 [P2] iter 85: dedup done, delta_size=9328724
R0 [P2] iter 85: subtract done, delta_size=1106485
R1 [P2] iter 85: subtract done, delta_size=1180359
R0 [P2] iter 85: merge done, full_size=332039778
R0 [P2] iter 86 done: global_full_size=675001073
R1 [P2] iter 85: merge done, full_size=342961295
R1 [P2] iter 86 done: global_full_size=675001073
R1 [P2] iter 86: PRE-JOIN GPU mem: 81.8GB free / 85.1GB total | delta_size=1180359 full_size=342961295
R0 [P2] iter 86: PRE-JOIN GPU mem: 81.9GB free / 85.1GB total | delta_size=1106485 full_size=332039778
R0 [P2] iter 86: join done, raw=9745368 result_size=9052070
R1 [P2] iter 86: join done, raw=11650081 result_size=10510857
R0 [P2] iter 86: split done, delta_size=9264831
R1 [P2] iter 86: split done, delta_size=10298096
R0 [P2] iter 86: dedup done, delta_size=8606657
R1 [P2] iter 86: dedup done, delta_size=9501797
R0 [P2] iter 86: subtract done, delta_size=1059313
R1 [P2] iter 86: subtract done, delta_size=1137221
R0 [P2] iter 86: merge done, full_size=333099091
R0 [P2] iter 87 done: global_full_size=677197607
R1 [P2] iter 86: merge done, full_size=344098516
R1 [P2] iter 87 done: global_full_size=677197607
R0 [P2] iter 87: PRE-JOIN GPU mem: 81.9GB free / 85.1GB total | delta_size=1059313 full_size=333099091
R1 [P2] iter 87: PRE-JOIN GPU mem: 81.8GB free / 85.1GB total | delta_size=1137221 full_size=344098516
R0 [P2] iter 87: join done, raw=9445132 result_size=8932622
R1 [P2] iter 87: join done, raw=11698071 result_size=10711147
R0 [P2] iter 87: split done, delta_size=9360506
R1 [P2] iter 87: split done, delta_size=10283263
R0 [P2] iter 87: dedup done, delta_size=8575449
R1 [P2] iter 87: dedup done, delta_size=9395689
R0 [P2] iter 87: subtract done, delta_size=1009415
R1 [P2] iter 87: subtract done, delta_size=1071822
R0 [P2] iter 87: merge done, full_size=334108506
R0 [P2] iter 88 done: global_full_size=679278844
R1 [P2] iter 87: merge done, full_size=345170338
R1 [P2] iter 88 done: global_full_size=679278844
R1 [P2] iter 88: PRE-JOIN GPU mem: 81.8GB free / 85.1GB total | delta_size=1071822 full_size=345170338
R0 [P2] iter 88: PRE-JOIN GPU mem: 81.9GB free / 85.1GB total | delta_size=1009415 full_size=334108506
R0 [P2] iter 88: join done, raw=9066839 result_size=8632908
R1 [P2] iter 88: join done, raw=11744194 result_size=10838722
R0 [P2] iter 88: split done, delta_size=9406828
R1 [P2] iter 88: split done, delta_size=10064802
R0 [P2] iter 88: dedup done, delta_size=8633911
R0 [P2] iter 88: subtract done, delta_size=943943
R1 [P2] iter 88: dedup done, delta_size=9186794
R1 [P2] iter 88: subtract done, delta_size=1000237
R0 [P2] iter 88: merge done, full_size=335052449
R0 [P2] iter 89 done: global_full_size=681223024
R1 [P2] iter 88: merge done, full_size=346170575
R1 [P2] iter 89 done: global_full_size=681223024
R0 [P2] iter 89: PRE-JOIN GPU mem: 81.9GB free / 85.1GB total | delta_size=943943 full_size=335052449
R1 [P2] iter 89: PRE-JOIN GPU mem: 81.8GB free / 85.1GB total | delta_size=1000237 full_size=346170575
R0 [P2] iter 89: join done, raw=9380301 result_size=8826111
R1 [P2] iter 89: join done, raw=11056107 result_size=10280258
R0 [P2] iter 89: split done, delta_size=9602229
R1 [P2] iter 89: split done, delta_size=9504140
R0 [P2] iter 89: dedup done, delta_size=8885887
R0 [P2] iter 89: subtract done, delta_size=914688
R1 [P2] iter 89: dedup done, delta_size=8756526
R0 [P2] iter 89: merge done, full_size=335967137
R1 [P2] iter 89: subtract done, delta_size=914168
R0 [P2] iter 90 done: global_full_size=683051880
R1 [P2] iter 89: merge done, full_size=347084743
R1 [P2] iter 90 done: global_full_size=683051880
R0 [P2] iter 90: PRE-JOIN GPU mem: 81.9GB free / 85.1GB total | delta_size=914688 full_size=335967137
R1 [P2] iter 90: PRE-JOIN GPU mem: 81.7GB free / 85.1GB total | delta_size=914168 full_size=347084743
R0 [P2] iter 90: join done, raw=9772163 result_size=9119279
R1 [P2] iter 90: join done, raw=10395969 result_size=9610158
R0 [P2] iter 90: split done, delta_size=9538991
R1 [P2] iter 90: split done, delta_size=9190446
R1 [P2] iter 90: dedup done, delta_size=8573118
R0 [P2] iter 90: dedup done, delta_size=8907799
R0 [P2] iter 90: subtract done, delta_size=907316
R1 [P2] iter 90: subtract done, delta_size=875695
R0 [P2] iter 90: merge done, full_size=336874453
R0 [P2] iter 91 done: global_full_size=684834891
R1 [P2] iter 90: merge done, full_size=347960438
R1 [P2] iter 91 done: global_full_size=684834891
R0 [P2] iter 91: PRE-JOIN GPU mem: 81.8GB free / 85.1GB total | delta_size=907316 full_size=336874453
R1 [P2] iter 91: PRE-JOIN GPU mem: 81.7GB free / 85.1GB total | delta_size=875695 full_size=347960438
R0 [P2] iter 91: join done, raw=9344698 result_size=8661086
R1 [P2] iter 91: join done, raw=10680345 result_size=9858679
R0 [P2] iter 91: split done, delta_size=9345450
R1 [P2] iter 91: split done, delta_size=9174315
R0 [P2] iter 91: dedup done, delta_size=8750391
R1 [P2] iter 91: dedup done, delta_size=8609225
R0 [P2] iter 91: subtract done, delta_size=880512
R1 [P2] iter 91: subtract done, delta_size=893584
R0 [P2] iter 91: merge done, full_size=337754965
R0 [P2] iter 92 done: global_full_size=686608987
R1 [P2] iter 91: merge done, full_size=348854022
R1 [P2] iter 92 done: global_full_size=686608987
R0 [P2] iter 92: PRE-JOIN GPU mem: 81.8GB free / 85.1GB total | delta_size=880512 full_size=337754965
R1 [P2] iter 92: PRE-JOIN GPU mem: 81.7GB free / 85.1GB total | delta_size=893584 full_size=348854022
R0 [P2] iter 92: join done, raw=9053110 result_size=8271178
R1 [P2] iter 92: join done, raw=10977018 result_size=10133652
R0 [P2] iter 92: split done, delta_size=9085995
R1 [P2] iter 92: split done, delta_size=9318835
R0 [P2] iter 92: dedup done, delta_size=8543401
R1 [P2] iter 92: dedup done, delta_size=8777965
R0 [P2] iter 92: subtract done, delta_size=898753
R1 [P2] iter 92: subtract done, delta_size=929708
R0 [P2] iter 92: merge done, full_size=338653718
R0 [P2] iter 93 done: global_full_size=688437448
R1 [P2] iter 92: merge done, full_size=349783730
R1 [P2] iter 93 done: global_full_size=688437448
R0 [P2] iter 93: PRE-JOIN GPU mem: 81.8GB free / 85.1GB total | delta_size=898753 full_size=338653718
R1 [P2] iter 93: PRE-JOIN GPU mem: 81.7GB free / 85.1GB total | delta_size=929708 full_size=349783730
R0 [P2] iter 93: join done, raw=9452135 result_size=8512072
R1 [P2] iter 93: join done, raw=10659127 result_size=9803831
R0 [P2] iter 93: split done, delta_size=8906646
R1 [P2] iter 93: split done, delta_size=9409257
R0 [P2] iter 93: dedup done, delta_size=8413290
R1 [P2] iter 93: dedup done, delta_size=8920431
R0 [P2] iter 93: subtract done, delta_size=944308
R1 [P2] iter 93: subtract done, delta_size=921294
R0 [P2] iter 93: merge done, full_size=339598026
R0 [P2] iter 94 done: global_full_size=690303050
R1 [P2] iter 93: merge done, full_size=350705024
R1 [P2] iter 94 done: global_full_size=690303050
R0 [P2] iter 94: PRE-JOIN GPU mem: 81.8GB free / 85.1GB total | delta_size=944308 full_size=339598026
R1 [P2] iter 94: PRE-JOIN GPU mem: 81.7GB free / 85.1GB total | delta_size=921294 full_size=350705024
R1 [P2] iter 94: join done, raw=9796912 result_size=9064537
R0 [P2] iter 94: join done, raw=10296862 result_size=9322615
R0 [P2] iter 94: split done, delta_size=8836683
R1 [P2] iter 94: split done, delta_size=9550469
R0 [P2] iter 94: dedup done, delta_size=8285504
R0 [P2] iter 94: subtract done, delta_size=892967
R1 [P2] iter 94: dedup done, delta_size=9003954
R1 [P2] iter 94: subtract done, delta_size=964928
R0 [P2] iter 94: merge done, full_size=340490993
R0 [P2] iter 95 done: global_full_size=692160945
R1 [P2] iter 94: merge done, full_size=351669952
R1 [P2] iter 95 done: global_full_size=692160945
R1 [P2] iter 95: PRE-JOIN GPU mem: 81.7GB free / 85.1GB total | delta_size=964928 full_size=351669952
R0 [P2] iter 95: PRE-JOIN GPU mem: 81.8GB free / 85.1GB total | delta_size=892967 full_size=340490993
R0 [P2] iter 95: join done, raw=9355180 result_size=8748818
R1 [P2] iter 95: join done, raw=10703934 result_size=9888575
R0 [P2] iter 95: split done, delta_size=8925040
R1 [P2] iter 95: split done, delta_size=9712353
R0 [P2] iter 95: dedup done, delta_size=8266018
R0 [P2] iter 95: subtract done, delta_size=882716
R1 [P2] iter 95: dedup done, delta_size=9000069
R1 [P2] iter 95: subtract done, delta_size=932752
R0 [P2] iter 95: merge done, full_size=341373709
R0 [P2] iter 96 done: global_full_size=693976413
R1 [P2] iter 95: merge done, full_size=352602704
R1 [P2] iter 96 done: global_full_size=693976413
R0 [P2] iter 96: PRE-JOIN GPU mem: 81.8GB free / 85.1GB total | delta_size=882716 full_size=341373709
R1 [P2] iter 96: PRE-JOIN GPU mem: 81.7GB free / 85.1GB total | delta_size=932752 full_size=352602704
R0 [P2] iter 96: join done, raw=9570720 result_size=8978496
R1 [P2] iter 96: join done, raw=10354169 result_size=9734189
R0 [P2] iter 96: split done, delta_size=8873795
R1 [P2] iter 96: split done, delta_size=9838890
R0 [P2] iter 96: dedup done, delta_size=8175317
R1 [P2] iter 96: dedup done, delta_size=9016083
R0 [P2] iter 96: subtract done, delta_size=835006
R1 [P2] iter 96: subtract done, delta_size=952491
R0 [P2] iter 96: merge done, full_size=342208715
R0 [P2] iter 97 done: global_full_size=695763910
R1 [P2] iter 96: merge done, full_size=353555195
R1 [P2] iter 97 done: global_full_size=695763910
R0 [P2] iter 97: PRE-JOIN GPU mem: 81.8GB free / 85.1GB total | delta_size=835006 full_size=342208715
R1 [P2] iter 97: PRE-JOIN GPU mem: 81.7GB free / 85.1GB total | delta_size=952491 full_size=353555195
R0 [P2] iter 97: join done, raw=9281057 result_size=8687732
R1 [P2] iter 97: join done, raw=10460308 result_size=9710633
R0 [P2] iter 97: split done, delta_size=8953097
R1 [P2] iter 97: split done, delta_size=9445268
R0 [P2] iter 97: dedup done, delta_size=8276836
R1 [P2] iter 97: dedup done, delta_size=8725057
R1 [P2] iter 97: subtract done, delta_size=997202
R0 [P2] iter 97: subtract done, delta_size=822297
R0 [P2] iter 97: merge done, full_size=343031012
R0 [P2] iter 98 done: global_full_size=697583409
R1 [P2] iter 97: merge done, full_size=354552397
R1 [P2] iter 98 done: global_full_size=697583409
R0 [P2] iter 98: PRE-JOIN GPU mem: 81.8GB free / 85.1GB total | delta_size=822297 full_size=343031012
R1 [P2] iter 98: PRE-JOIN GPU mem: 81.7GB free / 85.1GB total | delta_size=997202 full_size=354552397
R0 [P2] iter 98: join done, raw=9198270 result_size=8486847
R1 [P2] iter 98: join done, raw=10178563 result_size=9204014
R0 [P2] iter 98: split done, delta_size=8623250
R1 [P2] iter 98: split done, delta_size=9067611
R0 [P2] iter 98: dedup done, delta_size=8127002
R1 [P2] iter 98: dedup done, delta_size=8499489
R0 [P2] iter 98: subtract done, delta_size=925456
R1 [P2] iter 98: subtract done, delta_size=985849
R0 [P2] iter 98: merge done, full_size=343956468
R0 [P2] iter 99 done: global_full_size=699494714
R1 [P2] iter 98: merge done, full_size=355538246
R1 [P2] iter 99 done: global_full_size=699494714
R0 [P2] iter 99: PRE-JOIN GPU mem: 81.8GB free / 85.1GB total | delta_size=925456 full_size=343956468
R1 [P2] iter 99: PRE-JOIN GPU mem: 81.7GB free / 85.1GB total | delta_size=985849 full_size=355538246
R1 [P2] iter 99: join done, raw=9377180 result_size=8513112
R0 [P2] iter 99: join done, raw=9862466 result_size=8967067
R0 [P2] iter 99: split done, delta_size=8432098
R1 [P2] iter 99: split done, delta_size=9048081
R0 [P2] iter 99: dedup done, delta_size=7926654
R1 [P2] iter 99: dedup done, delta_size=8477332
R0 [P2] iter 99: subtract done, delta_size=961389
R1 [P2] iter 99: subtract done, delta_size=989763
R0 [P2] iter 99: merge done, full_size=344917857
R0 [P2] iter 100 done: global_full_size=701445866
R1 [P2] iter 99: merge done, full_size=356528009
R1 [P2] iter 100 done: global_full_size=701445866
R0 [P2] iter 100: PRE-JOIN GPU mem: 81.8GB free / 85.1GB total | delta_size=961389 full_size=344917857
R1 [P2] iter 100: PRE-JOIN GPU mem: 81.7GB free / 85.1GB total | delta_size=989763 full_size=356528009
R1 [P2] iter 100: join done, raw=9328162 result_size=8562187
R0 [P2] iter 100: join done, raw=9914251 result_size=9147625
R0 [P2] iter 100: split done, delta_size=8594566
R1 [P2] iter 100: split done, delta_size=9115246
R0 [P2] iter 100: dedup done, delta_size=7933828
R0 [P2] iter 100: subtract done, delta_size=987175
R1 [P2] iter 100: dedup done, delta_size=8437865
R0 [P2] iter 100: merge done, full_size=345905032
R1 [P2] iter 100: subtract done, delta_size=1001983
R0 [P2] iter 101 done: global_full_size=703435024
R1 [P2] iter 100: merge done, full_size=357529992
R1 [P2] iter 101 done: global_full_size=703435024
R0 [P2] iter 101: PRE-JOIN GPU mem: 81.8GB free / 85.1GB total | delta_size=987175 full_size=345905032
R1 [P2] iter 101: PRE-JOIN GPU mem: 81.7GB free / 85.1GB total | delta_size=1001983 full_size=357529992
R1 [P2] iter 101: join done, raw=9242147 result_size=8658017
R0 [P2] iter 101: join done, raw=10025364 result_size=9288122
R0 [P2] iter 101: split done, delta_size=8842661
R1 [P2] iter 101: split done, delta_size=9103478
R0 [P2] iter 101: dedup done, delta_size=8036290
R0 [P2] iter 101: subtract done, delta_size=1011050
R1 [P2] iter 101: dedup done, delta_size=8304473
R1 [P2] iter 101: subtract done, delta_size=997314
R0 [P2] iter 101: merge done, full_size=346916082
R0 [P2] iter 102 done: global_full_size=705443388
R1 [P2] iter 101: merge done, full_size=358527306
R1 [P2] iter 102 done: global_full_size=705443388
R0 [P2] iter 102: PRE-JOIN GPU mem: 81.8GB free / 85.1GB total | delta_size=1011050 full_size=346916082
R1 [P2] iter 102: PRE-JOIN GPU mem: 81.7GB free / 85.1GB total | delta_size=997314 full_size=358527306
R0 [P2] iter 102: join done, raw=9918588 result_size=9021520
R1 [P2] iter 102: join done, raw=9284161 result_size=8714004
R0 [P2] iter 102: split done, delta_size=8700851
R1 [P2] iter 102: split done, delta_size=9034673
R0 [P2] iter 102: dedup done, delta_size=7989742
R1 [P2] iter 102: dedup done, delta_size=8275474
R0 [P2] iter 102: subtract done, delta_size=990125
R1 [P2] iter 102: subtract done, delta_size=1000421
R0 [P2] iter 102: merge done, full_size=347906207
R0 [P2] iter 103 done: global_full_size=707433934
R1 [P2] iter 102: merge done, full_size=359527727
R1 [P2] iter 103 done: global_full_size=707433934
R0 [P2] iter 103: PRE-JOIN GPU mem: 81.8GB free / 85.1GB total | delta_size=990125 full_size=347906207
R1 [P2] iter 103: PRE-JOIN GPU mem: 81.7GB free / 85.1GB total | delta_size=1000421 full_size=359527727
R0 [P2] iter 103: join done, raw=8953225 result_size=8256493
R1 [P2] iter 103: join done, raw=10162513 result_size=9184072
R0 [P2] iter 103: split done, delta_size=8562216
R1 [P2] iter 103: split done, delta_size=8878349
R0 [P2] iter 103: dedup done, delta_size=7985416
R1 [P2] iter 103: dedup done, delta_size=8254315
R0 [P2] iter 103: subtract done, delta_size=1003679
R1 [P2] iter 103: subtract done, delta_size=940116
R0 [P2] iter 103: merge done, full_size=348909886
R0 [P2] iter 104 done: global_full_size=709377729
R1 [P2] iter 103: merge done, full_size=360467843
R1 [P2] iter 104 done: global_full_size=709377729
R1 [P2] iter 104: PRE-JOIN GPU mem: 81.6GB free / 85.1GB total | delta_size=940116 full_size=360467843
R0 [P2] iter 104: PRE-JOIN GPU mem: 81.8GB free / 85.1GB total | delta_size=1003679 full_size=348909886
R1 [P2] iter 104: join done, raw=9061582 result_size=8373249
R0 [P2] iter 104: join done, raw=9934384 result_size=9177197
R0 [P2] iter 104: split done, delta_size=8492512
R1 [P2] iter 104: split done, delta_size=9057934
R0 [P2] iter 104: dedup done, delta_size=7843442
R1 [P2] iter 104: dedup done, delta_size=8357839
R0 [P2] iter 104: subtract done, delta_size=985725
R1 [P2] iter 104: subtract done, delta_size=924893
R0 [P2] iter 104: merge done, full_size=349895611
R0 [P2] iter 105 done: global_full_size=711288347
R1 [P2] iter 104: merge done, full_size=361392736
R1 [P2] iter 105 done: global_full_size=711288347
R0 [P2] iter 105: PRE-JOIN GPU mem: 81.8GB free / 85.1GB total | delta_size=985725 full_size=349895611
R1 [P2] iter 105: PRE-JOIN GPU mem: 81.6GB free / 85.1GB total | delta_size=924893 full_size=361392736
R1 [P2] iter 105: join done, raw=8741543 result_size=8189057
R0 [P2] iter 105: join done, raw=10240650 result_size=9399009
R0 [P2] iter 105: split done, delta_size=8534548
R1 [P2] iter 105: split done, delta_size=9053518
R0 [P2] iter 105: dedup done, delta_size=7842494
R0 [P2] iter 105: subtract done, delta_size=993114
R1 [P2] iter 105: dedup done, delta_size=8336835
R0 [P2] iter 105: merge done, full_size=350888725
R1 [P2] iter 105: subtract done, delta_size=937323
R0 [P2] iter 106 done: global_full_size=713218784
R1 [P2] iter 105: merge done, full_size=362330059
R1 [P2] iter 106 done: global_full_size=713218784
R0 [P2] iter 106: PRE-JOIN GPU mem: 81.7GB free / 85.1GB total | delta_size=993114 full_size=350888725
R1 [P2] iter 106: PRE-JOIN GPU mem: 81.6GB free / 85.1GB total | delta_size=937323 full_size=362330059
R0 [P2] iter 106: join done, raw=9942478 result_size=9197036
R1 [P2] iter 106: join done, raw=9057029 result_size=8476563
R0 [P2] iter 106: split done, delta_size=8576004
R1 [P2] iter 106: split done, delta_size=9097595
R0 [P2] iter 106: dedup done, delta_size=7834858
R1 [P2] iter 106: dedup done, delta_size=8346916
R0 [P2] iter 106: subtract done, delta_size=944022
R1 [P2] iter 106: subtract done, delta_size=1004528
R0 [P2] iter 106: merge done, full_size=351832747
R0 [P2] iter 107 done: global_full_size=715167334
R1 [P2] iter 106: merge done, full_size=363334587
R1 [P2] iter 107 done: global_full_size=715167334
R0 [P2] iter 107: PRE-JOIN GPU mem: 81.7GB free / 85.1GB total | delta_size=944022 full_size=351832747
R1 [P2] iter 107: PRE-JOIN GPU mem: 81.6GB free / 85.1GB total | delta_size=1004528 full_size=363334587
R1 [P2] iter 107: join done, raw=9114169 result_size=8477261
R0 [P2] iter 107: join done, raw=9904422 result_size=9172386
R0 [P2] iter 107: split done, delta_size=8478750
R1 [P2] iter 107: split done, delta_size=9170897
R0 [P2] iter 107: dedup done, delta_size=7771815
R1 [P2] iter 107: dedup done, delta_size=8403932
R0 [P2] iter 107: subtract done, delta_size=962442
R1 [P2] iter 107: subtract done, delta_size=983731
R0 [P2] iter 107: merge done, full_size=352795189
R0 [P2] iter 108 done: global_full_size=717113507
R1 [P2] iter 107: merge done, full_size=364318318
R1 [P2] iter 108 done: global_full_size=717113507
R1 [P2] iter 108: PRE-JOIN GPU mem: 81.6GB free / 85.1GB total | delta_size=983731 full_size=364318318
R0 [P2] iter 108: PRE-JOIN GPU mem: 81.7GB free / 85.1GB total | delta_size=962442 full_size=352795189
R1 [P2] iter 108: join done, raw=7801651 result_size=7249853
R0 [P2] iter 108: join done, raw=11217872 result_size=10181181
R0 [P2] iter 108: split done, delta_size=8408217
R1 [P2] iter 108: split done, delta_size=9022817
R0 [P2] iter 108: dedup done, delta_size=7815507
R1 [P2] iter 108: dedup done, delta_size=8349112
R0 [P2] iter 108: subtract done, delta_size=981082
R1 [P2] iter 108: subtract done, delta_size=980174
R0 [P2] iter 108: merge done, full_size=353776271
R0 [P2] iter 109 done: global_full_size=719074763
R1 [P2] iter 108: merge done, full_size=365298492
R1 [P2] iter 109 done: global_full_size=719074763
R0 [P2] iter 109: PRE-JOIN GPU mem: 81.7GB free / 85.1GB total | delta_size=981082 full_size=353776271
R1 [P2] iter 109: PRE-JOIN GPU mem: 81.6GB free / 85.1GB total | delta_size=980174 full_size=365298492
R1 [P2] iter 109: join done, raw=8320085 result_size=7674143
R0 [P2] iter 109: join done, raw=10725711 result_size=9666975
R1 [P2] iter 109: split done, delta_size=8782662
R0 [P2] iter 109: split done, delta_size=8558456
R1 [P2] iter 109: dedup done, delta_size=8196335
R0 [P2] iter 109: dedup done, delta_size=7966797
R0 [P2] iter 109: subtract done, delta_size=988659
R1 [P2] iter 109: subtract done, delta_size=994650
R0 [P2] iter 109: merge done, full_size=354764930
R0 [P2] iter 110 done: global_full_size=721058072
R1 [P2] iter 109: merge done, full_size=366293142
R1 [P2] iter 110 done: global_full_size=721058072
R1 [P2] iter 110: PRE-JOIN GPU mem: 81.6GB free / 85.1GB total | delta_size=994650 full_size=366293142
R0 [P2] iter 110: PRE-JOIN GPU mem: 81.7GB free / 85.1GB total | delta_size=988659 full_size=354764930
R1 [P2] iter 110: join done, raw=9232828 result_size=8482513
R0 [P2] iter 110: join done, raw=9841300 result_size=8936768
R0 [P2] iter 110: split done, delta_size=8826948
R1 [P2] iter 110: split done, delta_size=8592333
R0 [P2] iter 110: dedup done, delta_size=8185459
R1 [P2] iter 110: dedup done, delta_size=7978369
R0 [P2] iter 110: subtract done, delta_size=1030898
R1 [P2] iter 110: subtract done, delta_size=954084
R0 [P2] iter 110: merge done, full_size=355795828
R0 [P2] iter 111 done: global_full_size=723043054
R1 [P2] iter 110: merge done, full_size=367247226
R1 [P2] iter 111 done: global_full_size=723043054
R0 [P2] iter 111: PRE-JOIN GPU mem: 81.7GB free / 85.1GB total | delta_size=1030898 full_size=355795828
R1 [P2] iter 111: PRE-JOIN GPU mem: 81.6GB free / 85.1GB total | delta_size=954084 full_size=367247226
R1 [P2] iter 111: join done, raw=9229222 result_size=8411346
R0 [P2] iter 111: join done, raw=9839717 result_size=8981998
R0 [P2] iter 111: split done, delta_size=8743917
R0 [P2] iter 111: dedup done, delta_size=8119115
R0 [P2] iter 111: subtract done, delta_size=1043289
R1 [P2] iter 111: split done, delta_size=8649427
R1 [P2] iter 111: dedup done, delta_size=8043722
R0 [P2] iter 111: merge done, full_size=356839117
R1 [P2] iter 111: subtract done, delta_size=922128
R0 [P2] iter 112 done: global_full_size=725008471
R1 [P2] iter 111: merge done, full_size=368169354
R1 [P2] iter 112 done: global_full_size=725008471
R0 [P2] iter 112: PRE-JOIN GPU mem: 81.7GB free / 85.1GB total | delta_size=1043289 full_size=356839117
R1 [P2] iter 112: PRE-JOIN GPU mem: 81.6GB free / 85.1GB total | delta_size=922128 full_size=368169354
R1 [P2] iter 112: join done, raw=8765325 result_size=7958651
R0 [P2] iter 112: join done, raw=10266324 result_size=9298492
R0 [P2] iter 112: split done, delta_size=8602233
R0 [P2] iter 112: dedup done, delta_size=8050254
R1 [P2] iter 112: split done, delta_size=8654910
R1 [P2] iter 112: dedup done, delta_size=8091152
R0 [P2] iter 112: subtract done, delta_size=1056144
R0 [P2] iter 112: merge done, full_size=357895261
R1 [P2] iter 112: subtract done, delta_size=908123
R0 [P2] iter 113 done: global_full_size=726972738
R1 [P2] iter 112: merge done, full_size=369077477
R1 [P2] iter 113 done: global_full_size=726972738
R1 [P2] iter 113: PRE-JOIN GPU mem: 81.6GB free / 85.1GB total | delta_size=908123 full_size=369077477
R0 [P2] iter 113: PRE-JOIN GPU mem: 81.7GB free / 85.1GB total | delta_size=1056144 full_size=357895261
R1 [P2] iter 113: join done, raw=7904689 result_size=7301476
R0 [P2] iter 113: join done, raw=11120846 result_size=9958180
R0 [P2] iter 113: split done, delta_size=8679347
R1 [P2] iter 113: split done, delta_size=8580309
R0 [P2] iter 113: dedup done, delta_size=8107358
R0 [P2] iter 113: subtract done, delta_size=1018384
R1 [P2] iter 113: dedup done, delta_size=8019054
R1 [P2] iter 113: subtract done, delta_size=953223
R0 [P2] iter 113: merge done, full_size=358913645
R0 [P2] iter 114 done: global_full_size=728944345
R1 [P2] iter 113: merge done, full_size=370030700
R1 [P2] iter 114 done: global_full_size=728944345
R0 [P2] iter 114: PRE-JOIN GPU mem: 81.7GB free / 85.1GB total | delta_size=1018384 full_size=358913645
R1 [P2] iter 114: PRE-JOIN GPU mem: 81.6GB free / 85.1GB total | delta_size=953223 full_size=370030700
R1 [P2] iter 114: join done, raw=8731357 result_size=8011015
R0 [P2] iter 114: join done, raw=10273269 result_size=9362989
R0 [P2] iter 114: split done, delta_size=8515123
R0 [P2] iter 114: dedup done, delta_size=7915202
R1 [P2] iter 114: split done, delta_size=8858881
R0 [P2] iter 114: subtract done, delta_size=963780
R1 [P2] iter 114: dedup done, delta_size=8195539
R0 [P2] iter 114: merge done, full_size=359877425
R1 [P2] iter 114: subtract done, delta_size=963426
R0 [P2] iter 115 done: global_full_size=730871551
R1 [P2] iter 114: merge done, full_size=370994126
R1 [P2] iter 115 done: global_full_size=730871551
R0 [P2] iter 115: PRE-JOIN GPU mem: 81.7GB free / 85.1GB total | delta_size=963780 full_size=359877425
R1 [P2] iter 115: PRE-JOIN GPU mem: 81.6GB free / 85.1GB total | delta_size=963426 full_size=370994126
R1 [P2] iter 115: join done, raw=8954273 result_size=8177014
R0 [P2] iter 115: join done, raw=9929522 result_size=9116946
R0 [P2] iter 115: split done, delta_size=8137087
R1 [P2] iter 115: split done, delta_size=9156873
R0 [P2] iter 115: dedup done, delta_size=7599664
R1 [P2] iter 115: dedup done, delta_size=8485215
R0 [P2] iter 115: subtract done, delta_size=886570
R1 [P2] iter 115: subtract done, delta_size=938478
R0 [P2] iter 115: merge done, full_size=360763995
R0 [P2] iter 116 done: global_full_size=732696599
R1 [P2] iter 115: merge done, full_size=371932604
R1 [P2] iter 116 done: global_full_size=732696599
R0 [P2] iter 116: PRE-JOIN GPU mem: 81.7GB free / 85.1GB total | delta_size=886570 full_size=360763995
R1 [P2] iter 116: PRE-JOIN GPU mem: 81.6GB free / 85.1GB total | delta_size=938478 full_size=371932604
R1 [P2] iter 116: join done, raw=9507839 result_size=8663955
R0 [P2] iter 116: join done, raw=9169708 result_size=8478291
R0 [P2] iter 116: split done, delta_size=8325948
R1 [P2] iter 116: split done, delta_size=8816298
R0 [P2] iter 116: dedup done, delta_size=7779480
R1 [P2] iter 116: dedup done, delta_size=8221171
R0 [P2] iter 116: subtract done, delta_size=853075
R1 [P2] iter 116: subtract done, delta_size=843623
R1 [P2] iter 116: merge done, full_size=372776227
R0 [P2] iter 116: merge done, full_size=361617070
R0 [P2] iter 117 done: global_full_size=734393297
R1 [P2] iter 117 done: global_full_size=734393297
R1 [P2] iter 117: PRE-JOIN GPU mem: 81.5GB free / 85.1GB total | delta_size=843623 full_size=372776227
R0 [P2] iter 117: PRE-JOIN GPU mem: 81.7GB free / 85.1GB total | delta_size=853075 full_size=361617070
R1 [P2] iter 117: join done, raw=8928058 result_size=8133414
R0 [P2] iter 117: join done, raw=9543340 result_size=8789388
R0 [P2] iter 117: split done, delta_size=8318022
R1 [P2] iter 117: split done, delta_size=8604780
R0 [P2] iter 117: dedup done, delta_size=7799910
R1 [P2] iter 117: dedup done, delta_size=8102913
R1 [P2] iter 117: subtract done, delta_size=803119
R0 [P2] iter 117: subtract done, delta_size=827863
R1 [P2] iter 117: merge done, full_size=373579346
R0 [P2] iter 117: merge done, full_size=362444933
R0 [P2] iter 118 done: global_full_size=736024279
R1 [P2] iter 118 done: global_full_size=736024279
R0 [P2] iter 118: PRE-JOIN GPU mem: 81.7GB free / 85.1GB total | delta_size=827863 full_size=362444933
R1 [P2] iter 118: PRE-JOIN GPU mem: 81.5GB free / 85.1GB total | delta_size=803119 full_size=373579346
R1 [P2] iter 118: join done, raw=8992663 result_size=8208109
R0 [P2] iter 118: join done, raw=9372554 result_size=8760910
R1 [P2] iter 118: split done, delta_size=8764642
R0 [P2] iter 118: split done, delta_size=8204377
R1 [P2] iter 118: dedup done, delta_size=8186308
R0 [P2] iter 118: dedup done, delta_size=7654001
R1 [P2] iter 118: subtract done, delta_size=831842
R0 [P2] iter 118: subtract done, delta_size=793470
R1 [P2] iter 118: merge done, full_size=374411188
R0 [P2] iter 118: merge done, full_size=363238403
R0 [P2] iter 119 done: global_full_size=737649591
R1 [P2] iter 119 done: global_full_size=737649591
R1 [P2] iter 119: PRE-JOIN GPU mem: 81.5GB free / 85.1GB total | delta_size=831842 full_size=374411188
R0 [P2] iter 119: PRE-JOIN GPU mem: 81.6GB free / 85.1GB total | delta_size=793470 full_size=363238403
R0 [P2] iter 119: join done, raw=8197513 result_size=7717781
R1 [P2] iter 119: join done, raw=10158706 result_size=9186606
R0 [P2] iter 119: split done, delta_size=8195792
R1 [P2] iter 119: split done, delta_size=8708595
R0 [P2] iter 119: dedup done, delta_size=7668148
R1 [P2] iter 119: dedup done, delta_size=8141766
R0 [P2] iter 119: subtract done, delta_size=784900
R1 [P2] iter 119: subtract done, delta_size=836635
R1 [P2] iter 119: merge done, full_size=375247823
R0 [P2] iter 119: merge done, full_size=364023303
R0 [P2] iter 120 done: global_full_size=739271126
R1 [P2] iter 120 done: global_full_size=739271126
R0 [P2] iter 120: PRE-JOIN GPU mem: 81.6GB free / 85.1GB total | delta_size=784900 full_size=364023303
R1 [P2] iter 120: PRE-JOIN GPU mem: 81.5GB free / 85.1GB total | delta_size=836635 full_size=375247823
R0 [P2] iter 120: join done, raw=7492881 result_size=7069566
R1 [P2] iter 120: join done, raw=10772428 result_size=9751616
R0 [P2] iter 120: split done, delta_size=8242636
R1 [P2] iter 120: split done, delta_size=8578546
R0 [P2] iter 120: dedup done, delta_size=7726522
R1 [P2] iter 120: dedup done, delta_size=8047184
R0 [P2] iter 120: subtract done, delta_size=761635
R1 [P2] iter 120: subtract done, delta_size=818615
R1 [P2] iter 120: merge done, full_size=376066438
R0 [P2] iter 120: merge done, full_size=364784938
R0 [P2] iter 121 done: global_full_size=740851376
R1 [P2] iter 121 done: global_full_size=740851376
R0 [P2] iter 121: PRE-JOIN GPU mem: 81.6GB free / 85.1GB total | delta_size=761635 full_size=364784938
R1 [P2] iter 121: PRE-JOIN GPU mem: 81.5GB free / 85.1GB total | delta_size=818615 full_size=376066438
R0 [P2] iter 121: join done, raw=7800371 result_size=7435025
R1 [P2] iter 121: join done, raw=10362231 result_size=9534943
R0 [P2] iter 121: split done, delta_size=8304226
R1 [P2] iter 121: split done, delta_size=8665742
R0 [P2] iter 121: dedup done, delta_size=7647793
R1 [P2] iter 121: dedup done, delta_size=8048853
R0 [P2] iter 121: subtract done, delta_size=699070
R1 [P2] iter 121: subtract done, delta_size=870698
R0 [P2] iter 121: merge done, full_size=365484008
R0 [P2] iter 122 done: global_full_size=742421144
R1 [P2] iter 121: merge done, full_size=376937136
R1 [P2] iter 122 done: global_full_size=742421144
R0 [P2] iter 122: PRE-JOIN GPU mem: 81.6GB free / 85.1GB total | delta_size=699070 full_size=365484008
R1 [P2] iter 122: PRE-JOIN GPU mem: 81.5GB free / 85.1GB total | delta_size=870698 full_size=376937136
R0 [P2] iter 122: join done, raw=7959159 result_size=7476552
R1 [P2] iter 122: join done, raw=10111528 result_size=9170219
R0 [P2] iter 122: split done, delta_size=7930338
R1 [P2] iter 122: split done, delta_size=8716433
R0 [P2] iter 122: dedup done, delta_size=7393548
R1 [P2] iter 122: dedup done, delta_size=8215905
R0 [P2] iter 122: subtract done, delta_size=703563
R1 [P2] iter 122: subtract done, delta_size=905148
R0 [P2] iter 122: merge done, full_size=366187571
R0 [P2] iter 123 done: global_full_size=744029855
R1 [P2] iter 122: merge done, full_size=377842284
R1 [P2] iter 123 done: global_full_size=744029855
R1 [P2] iter 123: PRE-JOIN GPU mem: 81.5GB free / 85.1GB total | delta_size=905148 full_size=377842284
R0 [P2] iter 123: PRE-JOIN GPU mem: 81.6GB free / 85.1GB total | delta_size=703563 full_size=366187571
R0 [P2] iter 123: join done, raw=7918461 result_size=7438545
R1 [P2] iter 123: join done, raw=10217198 result_size=9242126
R0 [P2] iter 123: split done, delta_size=7914153
R1 [P2] iter 123: split done, delta_size=8766518
R0 [P2] iter 123: dedup done, delta_size=7360109
R0 [P2] iter 123: subtract done, delta_size=735276
R1 [P2] iter 123: dedup done, delta_size=8236186
R1 [P2] iter 123: subtract done, delta_size=917107
R0 [P2] iter 123: merge done, full_size=366922847
R0 [P2] iter 124 done: global_full_size=745682238
R1 [P2] iter 123: merge done, full_size=378759391
R1 [P2] iter 124 done: global_full_size=745682238
R0 [P2] iter 124: PRE-JOIN GPU mem: 81.6GB free / 85.1GB total | delta_size=735276 full_size=366922847
R1 [P2] iter 124: PRE-JOIN GPU mem: 81.5GB free / 85.1GB total | delta_size=917107 full_size=378759391
R0 [P2] iter 124: join done, raw=6941193 result_size=6571056
R1 [P2] iter 124: join done, raw=11267222 result_size=10117031
R0 [P2] iter 124: split done, delta_size=7955419
R1 [P2] iter 124: split done, delta_size=8732668
R0 [P2] iter 124: dedup done, delta_size=7413084
R1 [P2] iter 124: dedup done, delta_size=8182590
R0 [P2] iter 124: subtract done, delta_size=765352
R1 [P2] iter 124: subtract done, delta_size=989052
R0 [P2] iter 124: merge done, full_size=367688199
R0 [P2] iter 125 done: global_full_size=747436642
R1 [P2] iter 124: merge done, full_size=379748443
R1 [P2] iter 125 done: global_full_size=747436642
R0 [P2] iter 125: PRE-JOIN GPU mem: 81.6GB free / 85.1GB total | delta_size=765352 full_size=367688199
R1 [P2] iter 125: PRE-JOIN GPU mem: 81.5GB free / 85.1GB total | delta_size=989052 full_size=379748443
R0 [P2] iter 125: join done, raw=6831163 result_size=6423786
R1 [P2] iter 125: join done, raw=11579880 result_size=10301633
R0 [P2] iter 125: split done, delta_size=7863177
R1 [P2] iter 125: split done, delta_size=8862242
R0 [P2] iter 125: dedup done, delta_size=7365967
R1 [P2] iter 125: dedup done, delta_size=8294515
R0 [P2] iter 125: subtract done, delta_size=853537
R1 [P2] iter 125: subtract done, delta_size=993642
R0 [P2] iter 125: merge done, full_size=368541736
R0 [P2] iter 126 done: global_full_size=749283821
R1 [P2] iter 125: merge done, full_size=380742085
R1 [P2] iter 126 done: global_full_size=749283821
R0 [P2] iter 126: PRE-JOIN GPU mem: 81.6GB free / 85.1GB total | delta_size=853537 full_size=368541736
R1 [P2] iter 126: PRE-JOIN GPU mem: 81.5GB free / 85.1GB total | delta_size=993642 full_size=380742085
R0 [P2] iter 126: join done, raw=8423141 result_size=7716368
R1 [P2] iter 126: join done, raw=10139937 result_size=9105222
R0 [P2] iter 126: split done, delta_size=8036418
R1 [P2] iter 126: split done, delta_size=8785172
R0 [P2] iter 126: dedup done, delta_size=7509339
R1 [P2] iter 126: dedup done, delta_size=8213378
R0 [P2] iter 126: subtract done, delta_size=939838
R1 [P2] iter 126: subtract done, delta_size=942879
R0 [P2] iter 126: merge done, full_size=369481574
R0 [P2] iter 127 done: global_full_size=751166538
R1 [P2] iter 126: merge done, full_size=381684964
R1 [P2] iter 127 done: global_full_size=751166538
R0 [P2] iter 127: PRE-JOIN GPU mem: 81.6GB free / 85.1GB total | delta_size=939838 full_size=369481574
R1 [P2] iter 127: PRE-JOIN GPU mem: 81.5GB free / 85.1GB total | delta_size=942879 full_size=381684964
R1 [P2] iter 127: join done, raw=8803772 result_size=8212806
R0 [P2] iter 127: join done, raw=9792310 result_size=8833563
R0 [P2] iter 127: split done, delta_size=8214924
R0 [P2] iter 127: dedup done, delta_size=7604077
R1 [P2] iter 127: split done, delta_size=8831445
R1 [P2] iter 127: dedup done, delta_size=8142242
R0 [P2] iter 127: subtract done, delta_size=964066
R1 [P2] iter 127: subtract done, delta_size=914816
R0 [P2] iter 127: merge done, full_size=370445640
R0 [P2] iter 128 done: global_full_size=753045420
R1 [P2] iter 127: merge done, full_size=382599780
R1 [P2] iter 128 done: global_full_size=753045420
R0 [P2] iter 128: PRE-JOIN GPU mem: 81.6GB free / 85.1GB total | delta_size=964066 full_size=370445640
R1 [P2] iter 128: PRE-JOIN GPU mem: 81.5GB free / 85.1GB total | delta_size=914816 full_size=382599780
R1 [P2] iter 128: join done, raw=8488156 result_size=7901419
R0 [P2] iter 128: join done, raw=10073979 result_size=9249751
R0 [P2] iter 128: split done, delta_size=8212474
R1 [P2] iter 128: split done, delta_size=8938696
R0 [P2] iter 128: dedup done, delta_size=7522526
R1 [P2] iter 128: dedup done, delta_size=8194906
R0 [P2] iter 128: subtract done, delta_size=991339
R1 [P2] iter 128: subtract done, delta_size=878038
R0 [P2] iter 128: merge done, full_size=371436979
R0 [P2] iter 129 done: global_full_size=754914797
R1 [P2] iter 128: merge done, full_size=383477818
R1 [P2] iter 129 done: global_full_size=754914797
R0 [P2] iter 129: PRE-JOIN GPU mem: 81.6GB free / 85.1GB total | delta_size=991339 full_size=371436979
R1 [P2] iter 129: PRE-JOIN GPU mem: 81.5GB free / 85.1GB total | delta_size=878038 full_size=383477818
R1 [P2] iter 129: join done, raw=8309361 result_size=7692508
R0 [P2] iter 129: join done, raw=10060239 result_size=9263280
R0 [P2] iter 129: split done, delta_size=8190791
R1 [P2] iter 129: split done, delta_size=8764997
R0 [P2] iter 129: dedup done, delta_size=7521366
R1 [P2] iter 129: dedup done, delta_size=8057419
R0 [P2] iter 129: subtract done, delta_size=993823
R1 [P2] iter 129: subtract done, delta_size=848304
R0 [P2] iter 129: merge done, full_size=372430802
R0 [P2] iter 130 done: global_full_size=756756924
R1 [P2] iter 129: merge done, full_size=384326122
R1 [P2] iter 130 done: global_full_size=756756924
R0 [P2] iter 130: PRE-JOIN GPU mem: 81.6GB free / 85.1GB total | delta_size=993823 full_size=372430802
R1 [P2] iter 130: PRE-JOIN GPU mem: 81.5GB free / 85.1GB total | delta_size=848304 full_size=384326122
R0 [P2] iter 130: join done, raw=9873963 result_size=9057577
R1 [P2] iter 130: join done, raw=8106335 result_size=7527510
R0 [P2] iter 130: split done, delta_size=7986780
R0 [P2] iter 130: dedup done, delta_size=7412110
R1 [P2] iter 130: split done, delta_size=8598307
R1 [P2] iter 130: dedup done, delta_size=7925015
R0 [P2] iter 130: subtract done, delta_size=961864
R1 [P2] iter 130: subtract done, delta_size=853630
R0 [P2] iter 130: merge done, full_size=373392666
R0 [P2] iter 131 done: global_full_size=758572418
R1 [P2] iter 130: merge done, full_size=385179752
R1 [P2] iter 131 done: global_full_size=758572418
R0 [P2] iter 131: PRE-JOIN GPU mem: 81.6GB free / 85.1GB total | delta_size=961864 full_size=373392666
R1 [P2] iter 131: PRE-JOIN GPU mem: 81.5GB free / 85.1GB total | delta_size=853630 full_size=385179752
R1 [P2] iter 131: join done, raw=8284580 result_size=7605943
R0 [P2] iter 131: join done, raw=9506780 result_size=8854861
R0 [P2] iter 131: split done, delta_size=7775011
R1 [P2] iter 131: split done, delta_size=8685793
R0 [P2] iter 131: dedup done, delta_size=7225579
R1 [P2] iter 131: dedup done, delta_size=7990151
R0 [P2] iter 131: subtract done, delta_size=937324
R1 [P2] iter 131: subtract done, delta_size=848913
R0 [P2] iter 131: merge done, full_size=374329990
R0 [P2] iter 132 done: global_full_size=760358655
R1 [P2] iter 131: merge done, full_size=386028665
R1 [P2] iter 132 done: global_full_size=760358655
R0 [P2] iter 132: PRE-JOIN GPU mem: 81.6GB free / 85.1GB total | delta_size=937324 full_size=374329990
R1 [P2] iter 132: PRE-JOIN GPU mem: 81.4GB free / 85.1GB total | delta_size=848913 full_size=386028665
R1 [P2] iter 132: join done, raw=8435987 result_size=7747042
R0 [P2] iter 132: join done, raw=9281083 result_size=8623269
R0 [P2] iter 132: split done, delta_size=8007746
R1 [P2] iter 132: split done, delta_size=8362565
R0 [P2] iter 132: dedup done, delta_size=7413031
R1 [P2] iter 132: dedup done, delta_size=7740941
R0 [P2] iter 132: subtract done, delta_size=977138
R1 [P2] iter 132: subtract done, delta_size=814437
R0 [P2] iter 132: merge done, full_size=375307128
R0 [P2] iter 133 done: global_full_size=762150230
R1 [P2] iter 132: merge done, full_size=386843102
R1 [P2] iter 133 done: global_full_size=762150230
R0 [P2] iter 133: PRE-JOIN GPU mem: 81.6GB free / 85.1GB total | delta_size=977138 full_size=375307128
R1 [P2] iter 133: PRE-JOIN GPU mem: 81.4GB free / 85.1GB total | delta_size=814437 full_size=386843102
R1 [P2] iter 133: join done, raw=7572710 result_size=7014644
R0 [P2] iter 133: join done, raw=10076004 result_size=9323801
R0 [P2] iter 133: split done, delta_size=7943519
R0 [P2] iter 133: dedup done, delta_size=7329640
R1 [P2] iter 133: split done, delta_size=8394926
R0 [P2] iter 133: subtract done, delta_size=942222
R1 [P2] iter 133: dedup done, delta_size=7739110
R0 [P2] iter 133: merge done, full_size=376249350
R1 [P2] iter 133: subtract done, delta_size=841834
R0 [P2] iter 134 done: global_full_size=763934286
R1 [P2] iter 133: merge done, full_size=387684936
R1 [P2] iter 134 done: global_full_size=763934286
R0 [P2] iter 134: PRE-JOIN GPU mem: 81.5GB free / 85.1GB total | delta_size=942222 full_size=376249350
R1 [P2] iter 134: PRE-JOIN GPU mem: 81.4GB free / 85.1GB total | delta_size=841834 full_size=387684936
R1 [P2] iter 134: join done, raw=7764480 result_size=7345178
R0 [P2] iter 134: join done, raw=9439234 result_size=8707438
R0 [P2] iter 134: split done, delta_size=7547030
R1 [P2] iter 134: split done, delta_size=8505586
R0 [P2] iter 134: dedup done, delta_size=6921252
R1 [P2] iter 134: dedup done, delta_size=7753328
R0 [P2] iter 134: subtract done, delta_size=906370
R1 [P2] iter 134: subtract done, delta_size=842929
R0 [P2] iter 134: merge done, full_size=377155720
R0 [P2] iter 135 done: global_full_size=765683585
R1 [P2] iter 134: merge done, full_size=388527865
R1 [P2] iter 135 done: global_full_size=765683585
R1 [P2] iter 135: PRE-JOIN GPU mem: 81.4GB free / 85.1GB total | delta_size=842929 full_size=388527865
R0 [P2] iter 135: PRE-JOIN GPU mem: 81.5GB free / 85.1GB total | delta_size=906370 full_size=377155720
R1 [P2] iter 135: join done, raw=8052461 result_size=7540191
R0 [P2] iter 135: join done, raw=8536641 result_size=7866608
R0 [P2] iter 135: split done, delta_size=7169272
R1 [P2] iter 135: split done, delta_size=8237527
R0 [P2] iter 135: dedup done, delta_size=6616452
R1 [P2] iter 135: dedup done, delta_size=7526157
R0 [P2] iter 135: subtract done, delta_size=889631
R1 [P2] iter 135: subtract done, delta_size=832862
R0 [P2] iter 135: merge done, full_size=378045351
R0 [P2] iter 136 done: global_full_size=767406078
R1 [P2] iter 135: merge done, full_size=389360727
R1 [P2] iter 136 done: global_full_size=767406078
R0 [P2] iter 136: PRE-JOIN GPU mem: 81.5GB free / 85.1GB total | delta_size=889631 full_size=378045351
R1 [P2] iter 136: PRE-JOIN GPU mem: 81.4GB free / 85.1GB total | delta_size=832862 full_size=389360727
R1 [P2] iter 136: join done, raw=7773795 result_size=7271608
R0 [P2] iter 136: join done, raw=8365793 result_size=7710006
R0 [P2] iter 136: split done, delta_size=7118941
R0 [P2] iter 136: dedup done, delta_size=6574153
R0 [P2] iter 136: subtract done, delta_size=803454
R1 [P2] iter 136: split done, delta_size=7862673
R0 [P2] iter 136: merge done, full_size=378848805
R1 [P2] iter 136: dedup done, delta_size=7220013
R1 [P2] iter 136: subtract done, delta_size=807644
R0 [P2] iter 137 done: global_full_size=769017176
R1 [P2] iter 136: merge done, full_size=390168371
R1 [P2] iter 137 done: global_full_size=769017176
R0 [P2] iter 137: PRE-JOIN GPU mem: 81.5GB free / 85.1GB total | delta_size=803454 full_size=378848805
R1 [P2] iter 137: PRE-JOIN GPU mem: 81.4GB free / 85.1GB total | delta_size=807644 full_size=390168371
R1 [P2] iter 137: join done, raw=7801833 result_size=7321505
R0 [P2] iter 137: join done, raw=7535379 result_size=7049282
R0 [P2] iter 137: split done, delta_size=7009190
R1 [P2] iter 137: split done, delta_size=7361597
R0 [P2] iter 137: dedup done, delta_size=6467502
R1 [P2] iter 137: dedup done, delta_size=6761841
R1 [P2] iter 137: subtract done, delta_size=704069
R0 [P2] iter 137: subtract done, delta_size=735679
R0 [P2] iter 137: merge done, full_size=379584484
R0 [P2] iter 138 done: global_full_size=770456924
R1 [P2] iter 137: merge done, full_size=390872440
R1 [P2] iter 138 done: global_full_size=770456924
R0 [P2] iter 138: PRE-JOIN GPU mem: 81.5GB free / 85.1GB total | delta_size=735679 full_size=379584484
R1 [P2] iter 138: PRE-JOIN GPU mem: 81.4GB free / 85.1GB total | delta_size=704069 full_size=390872440
R0 [P2] iter 138: join done, raw=7175164 result_size=6687311
R1 [P2] iter 138: join done, raw=7252403 result_size=6785570
R0 [P2] iter 138: split done, delta_size=6602386
R1 [P2] iter 138: split done, delta_size=6870495
R0 [P2] iter 138: dedup done, delta_size=6180846
R1 [P2] iter 138: dedup done, delta_size=6368306
R1 [P2] iter 138: subtract done, delta_size=610839
R0 [P2] iter 138: subtract done, delta_size=703713
R1 [P2] iter 138: merge done, full_size=391483279
R0 [P2] iter 138: merge done, full_size=380288197
R0 [P2] iter 139 done: global_full_size=771771476
R1 [P2] iter 139 done: global_full_size=771771476
R0 [P2] iter 139: PRE-JOIN GPU mem: 81.5GB free / 85.1GB total | delta_size=703713 full_size=380288197
R1 [P2] iter 139: PRE-JOIN GPU mem: 81.4GB free / 85.1GB total | delta_size=610839 full_size=391483279
R1 [P2] iter 139: join done, raw=5966955 result_size=5626825
R0 [P2] iter 139: join done, raw=8024426 result_size=7451293
R0 [P2] iter 139: split done, delta_size=6446766
R1 [P2] iter 139: split done, delta_size=6631352
R0 [P2] iter 139: dedup done, delta_size=6025247
R1 [P2] iter 139: dedup done, delta_size=6155294
R0 [P2] iter 139: subtract done, delta_size=679751
R1 [P2] iter 139: subtract done, delta_size=617629
R0 [P2] iter 139: merge done, full_size=380967948
R0 [P2] iter 140 done: global_full_size=773068856
R1 [P2] iter 139: merge done, full_size=392100908
R1 [P2] iter 140 done: global_full_size=773068856
R0 [P2] iter 140: PRE-JOIN GPU mem: 81.5GB free / 85.1GB total | delta_size=679751 full_size=380967948
R1 [P2] iter 140: PRE-JOIN GPU mem: 81.4GB free / 85.1GB total | delta_size=617629 full_size=392100908
R1 [P2] iter 140: join done, raw=5738542 result_size=5412250
R0 [P2] iter 140: join done, raw=8144113 result_size=7561869
R0 [P2] iter 140: split done, delta_size=6386138
R1 [P2] iter 140: split done, delta_size=6587981
R0 [P2] iter 140: dedup done, delta_size=5943056
R1 [P2] iter 140: dedup done, delta_size=6124009
R0 [P2] iter 140: subtract done, delta_size=692159
R1 [P2] iter 140: subtract done, delta_size=621423
R0 [P2] iter 140: merge done, full_size=381660107
R0 [P2] iter 141 done: global_full_size=774382438
R1 [P2] iter 140: merge done, full_size=392722331
R1 [P2] iter 141 done: global_full_size=774382438
R0 [P2] iter 141: PRE-JOIN GPU mem: 81.5GB free / 85.1GB total | delta_size=692159 full_size=381660107
R1 [P2] iter 141: PRE-JOIN GPU mem: 81.4GB free / 85.1GB total | delta_size=621423 full_size=392722331
R0 [P2] iter 141: join done, raw=7641163 result_size=7030990
R1 [P2] iter 141: join done, raw=6248424 result_size=5815596
R0 [P2] iter 141: split done, delta_size=6322375
R0 [P2] iter 141: dedup done, delta_size=5959785
R1 [P2] iter 141: split done, delta_size=6524211
R0 [P2] iter 141: subtract done, delta_size=718508
R1 [P2] iter 141: dedup done, delta_size=6099861
R0 [P2] iter 141: merge done, full_size=382378615
R1 [P2] iter 141: subtract done, delta_size=601937
R0 [P2] iter 142 done: global_full_size=775702883
R1 [P2] iter 141: merge done, full_size=393324268
R1 [P2] iter 142 done: global_full_size=775702883
R0 [P2] iter 142: PRE-JOIN GPU mem: 81.5GB free / 85.1GB total | delta_size=718508 full_size=382378615
R1 [P2] iter 142: PRE-JOIN GPU mem: 81.4GB free / 85.1GB total | delta_size=601937 full_size=393324268
R1 [P2] iter 142: join done, raw=5836614 result_size=5403616
R0 [P2] iter 142: join done, raw=8045620 result_size=7322738
R0 [P2] iter 142: split done, delta_size=6247657
R1 [P2] iter 142: split done, delta_size=6478697
R0 [P2] iter 142: dedup done, delta_size=5938634
R1 [P2] iter 142: dedup done, delta_size=6105332
R0 [P2] iter 142: subtract done, delta_size=721878
R1 [P2] iter 142: subtract done, delta_size=595700
R0 [P2] iter 142: merge done, full_size=383100493
R0 [P2] iter 143 done: global_full_size=777020461
R1 [P2] iter 142: merge done, full_size=393919968
R1 [P2] iter 143 done: global_full_size=777020461
R1 [P2] iter 143: PRE-JOIN GPU mem: 81.4GB free / 85.1GB total | delta_size=595700 full_size=393919968
R0 [P2] iter 143: PRE-JOIN GPU mem: 81.5GB free / 85.1GB total | delta_size=721878 full_size=383100493
R1 [P2] iter 143: join done, raw=6060921 result_size=5625400
R0 [P2] iter 143: join done, raw=7769552 result_size=7092427
R0 [P2] iter 143: split done, delta_size=6179722
R1 [P2] iter 143: split done, delta_size=6538105
R0 [P2] iter 143: dedup done, delta_size=5832081
R1 [P2] iter 143: dedup done, delta_size=6168409
R0 [P2] iter 143: subtract done, delta_size=672234
R1 [P2] iter 143: subtract done, delta_size=613011
R0 [P2] iter 143: merge done, full_size=383772727
R0 [P2] iter 144 done: global_full_size=778305706
R1 [P2] iter 143: merge done, full_size=394532979
R1 [P2] iter 144 done: global_full_size=778305706
R0 [P2] iter 144: PRE-JOIN GPU mem: 81.5GB free / 85.1GB total | delta_size=672234 full_size=383772727
R1 [P2] iter 144: PRE-JOIN GPU mem: 81.4GB free / 85.1GB total | delta_size=613011 full_size=394532979
R1 [P2] iter 144: join done, raw=6881433 result_size=6259471
R0 [P2] iter 144: join done, raw=6612318 result_size=6147408
R0 [P2] iter 144: split done, delta_size=6006200
R0 [P2] iter 144: dedup done, delta_size=5667044
R0 [P2] iter 144: subtract done, delta_size=622793
R1 [P2] iter 144: split done, delta_size=6400679
R1 [P2] iter 144: dedup done, delta_size=6048990
R0 [P2] iter 144: merge done, full_size=384395520
R1 [P2] iter 144: subtract done, delta_size=632292
R0 [P2] iter 145 done: global_full_size=779560791
R1 [P2] iter 144: merge done, full_size=395165271
R1 [P2] iter 145 done: global_full_size=779560791
R0 [P2] iter 145: PRE-JOIN GPU mem: 81.5GB free / 85.1GB total | delta_size=622793 full_size=384395520
R1 [P2] iter 145: PRE-JOIN GPU mem: 81.4GB free / 85.1GB total | delta_size=632292 full_size=395165271
R0 [P2] iter 145: join done, raw=5862460 result_size=5518900
R1 [P2] iter 145: join done, raw=7116330 result_size=6441917
R0 [P2] iter 145: split done, delta_size=5801332
R1 [P2] iter 145: split done, delta_size=6159485
R0 [P2] iter 145: dedup done, delta_size=5456194
R1 [P2] iter 145: dedup done, delta_size=5799544
R0 [P2] iter 145: subtract done, delta_size=633933
R1 [P2] iter 145: subtract done, delta_size=603908
R0 [P2] iter 145: merge done, full_size=385029453
R0 [P2] iter 146 done: global_full_size=780798632
R1 [P2] iter 145: merge done, full_size=395769179
R1 [P2] iter 146 done: global_full_size=780798632
R0 [P2] iter 146: PRE-JOIN GPU mem: 81.5GB free / 85.1GB total | delta_size=633933 full_size=385029453
R1 [P2] iter 146: PRE-JOIN GPU mem: 81.4GB free / 85.1GB total | delta_size=603908 full_size=395769179
R0 [P2] iter 146: join done, raw=5969060 result_size=5468099
R1 [P2] iter 146: join done, raw=6722711 result_size=6039001
R0 [P2] iter 146: split done, delta_size=5622268
R1 [P2] iter 146: split done, delta_size=5884832
R0 [P2] iter 146: dedup done, delta_size=5360644
R1 [P2] iter 146: dedup done, delta_size=5609661
R0 [P2] iter 146: subtract done, delta_size=638991
R1 [P2] iter 146: subtract done, delta_size=599048
R0 [P2] iter 146: merge done, full_size=385668444
R0 [P2] iter 147 done: global_full_size=782036671
R1 [P2] iter 146: merge done, full_size=396368227
R1 [P2] iter 147 done: global_full_size=782036671
R1 [P2] iter 147: PRE-JOIN GPU mem: 81.4GB free / 85.1GB total | delta_size=599048 full_size=396368227
R0 [P2] iter 147: PRE-JOIN GPU mem: 81.5GB free / 85.1GB total | delta_size=638991 full_size=385668444
R0 [P2] iter 147: join done, raw=5811786 result_size=5301444
R1 [P2] iter 147: join done, raw=6804792 result_size=6248630
R1 [P2] iter 147: split done, delta_size=5798508
R0 [P2] iter 147: split done, delta_size=5751566
R0 [P2] iter 147: dedup done, delta_size=5428137
R1 [P2] iter 147: dedup done, delta_size=5495935
R0 [P2] iter 147: subtract done, delta_size=554412
R1 [P2] iter 147: subtract done, delta_size=643502
R0 [P2] iter 147: merge done, full_size=386222856
R0 [P2] iter 148 done: global_full_size=783234585
R1 [P2] iter 147: merge done, full_size=397011729
R1 [P2] iter 148 done: global_full_size=783234585
R1 [P2] iter 148: PRE-JOIN GPU mem: 81.4GB free / 85.1GB total | delta_size=643502 full_size=397011729
R0 [P2] iter 148: PRE-JOIN GPU mem: 81.5GB free / 85.1GB total | delta_size=554412 full_size=386222856
R0 [P2] iter 148: join done, raw=4550200 result_size=4264821
R1 [P2] iter 148: join done, raw=7994163 result_size=7265010
R0 [P2] iter 148: split done, delta_size=5603199
R1 [P2] iter 148: split done, delta_size=5926632
R0 [P2] iter 148: dedup done, delta_size=5266613
R0 [P2] iter 148: subtract done, delta_size=532897
R1 [P2] iter 148: dedup done, delta_size=5607959
R1 [P2] iter 148: subtract done, delta_size=681079
R0 [P2] iter 148: merge done, full_size=386755753
R0 [P2] iter 149 done: global_full_size=784448561
R1 [P2] iter 148: merge done, full_size=397692808
R1 [P2] iter 149 done: global_full_size=784448561
R0 [P2] iter 149: PRE-JOIN GPU mem: 81.5GB free / 85.1GB total | delta_size=532897 full_size=386755753
R1 [P2] iter 149: PRE-JOIN GPU mem: 81.4GB free / 85.1GB total | delta_size=681079 full_size=397692808
R0 [P2] iter 149: join done, raw=4883469 result_size=4627666
R1 [P2] iter 149: join done, raw=7702480 result_size=7036617
R0 [P2] iter 149: split done, delta_size=5647843
R1 [P2] iter 149: split done, delta_size=6016440
R0 [P2] iter 149: dedup done, delta_size=5251409
R1 [P2] iter 149: dedup done, delta_size=5634533
R0 [P2] iter 149: subtract done, delta_size=572369
R1 [P2] iter 149: subtract done, delta_size=668450
R0 [P2] iter 149: merge done, full_size=387328122
R0 [P2] iter 150 done: global_full_size=785689380
R1 [P2] iter 149: merge done, full_size=398361258
R1 [P2] iter 150 done: global_full_size=785689380
R1 [P2] iter 150: PRE-JOIN GPU mem: 81.4GB free / 85.1GB total | delta_size=668450 full_size=398361258
R0 [P2] iter 150: PRE-JOIN GPU mem: 81.5GB free / 85.1GB total | delta_size=572369 full_size=387328122
R0 [P2] iter 150: join done, raw=5880073 result_size=5527831
R1 [P2] iter 150: join done, raw=6741418 result_size=6373650
R1 [P2] iter 150: split done, delta_size=6054510
R0 [P2] iter 150: split done, delta_size=5846971
R0 [P2] iter 150: dedup done, delta_size=5320086
R1 [P2] iter 150: dedup done, delta_size=5565464
R0 [P2] iter 150: subtract done, delta_size=608670
R1 [P2] iter 150: subtract done, delta_size=637244
R0 [P2] iter 150: merge done, full_size=387936792
R0 [P2] iter 151 done: global_full_size=786935294
R1 [P2] iter 150: merge done, full_size=398998502
R1 [P2] iter 151 done: global_full_size=786935294
R0 [P2] iter 151: PRE-JOIN GPU mem: 81.5GB free / 85.1GB total | delta_size=608670 full_size=387936792
R1 [P2] iter 151: PRE-JOIN GPU mem: 81.4GB free / 85.1GB total | delta_size=637244 full_size=398998502
R1 [P2] iter 151: join done, raw=6175519 result_size=5823375
R0 [P2] iter 151: join done, raw=6421317 result_size=5949061
R0 [P2] iter 151: split done, delta_size=5790017
R1 [P2] iter 151: split done, delta_size=5982419
R0 [P2] iter 151: dedup done, delta_size=5317820
R1 [P2] iter 151: dedup done, delta_size=5542226
R0 [P2] iter 151: subtract done, delta_size=601256
R1 [P2] iter 151: subtract done, delta_size=636089
R0 [P2] iter 151: merge done, full_size=388538048
R0 [P2] iter 152 done: global_full_size=788172639
R1 [P2] iter 151: merge done, full_size=399634591
R1 [P2] iter 152 done: global_full_size=788172639
R0 [P2] iter 152: PRE-JOIN GPU mem: 81.5GB free / 85.1GB total | delta_size=601256 full_size=388538048
R1 [P2] iter 152: PRE-JOIN GPU mem: 81.4GB free / 85.1GB total | delta_size=636089 full_size=399634591
R0 [P2] iter 152: join done, raw=6085934 result_size=5586085
R1 [P2] iter 152: join done, raw=6442158 result_size=6022188
R0 [P2] iter 152: split done, delta_size=5839701
R1 [P2] iter 152: split done, delta_size=5768572
R0 [P2] iter 152: dedup done, delta_size=5429294
R1 [P2] iter 152: dedup done, delta_size=5376023
R0 [P2] iter 152: subtract done, delta_size=593473
R1 [P2] iter 152: subtract done, delta_size=627577
R1 [P2] iter 152: merge done, full_size=400262168
R0 [P2] iter 152: merge done, full_size=389131521
R0 [P2] iter 153 done: global_full_size=789393689
R1 [P2] iter 153 done: global_full_size=789393689
R0 [P2] iter 153: PRE-JOIN GPU mem: 81.5GB free / 85.1GB total | delta_size=593473 full_size=389131521
R1 [P2] iter 153: PRE-JOIN GPU mem: 81.4GB free / 85.1GB total | delta_size=627577 full_size=400262168
R0 [P2] iter 153: join done, raw=5632419 result_size=5227241
R1 [P2] iter 153: join done, raw=6677718 result_size=6173964
R0 [P2] iter 153: split done, delta_size=5629028
R1 [P2] iter 153: split done, delta_size=5772177
R0 [P2] iter 153: dedup done, delta_size=5259618
R1 [P2] iter 153: dedup done, delta_size=5380697
R0 [P2] iter 153: subtract done, delta_size=594493
R1 [P2] iter 153: subtract done, delta_size=599121
R0 [P2] iter 153: merge done, full_size=389726014
R0 [P2] iter 154 done: global_full_size=790587303
R1 [P2] iter 153: merge done, full_size=400861289
R1 [P2] iter 154 done: global_full_size=790587303
R0 [P2] iter 154: PRE-JOIN GPU mem: 81.5GB free / 85.1GB total | delta_size=594493 full_size=389726014
R1 [P2] iter 154: PRE-JOIN GPU mem: 81.3GB free / 85.1GB total | delta_size=599121 full_size=400861289
R0 [P2] iter 154: join done, raw=5975965 result_size=5548669
R1 [P2] iter 154: join done, raw=5884141 result_size=5473521
R0 [P2] iter 154: split done, delta_size=5290466
R1 [P2] iter 154: split done, delta_size=5731724
R0 [P2] iter 154: dedup done, delta_size=4957177
R1 [P2] iter 154: dedup done, delta_size=5325303
R0 [P2] iter 154: subtract done, delta_size=574135
R1 [P2] iter 154: subtract done, delta_size=595079
R0 [P2] iter 154: merge done, full_size=390300149
R1 [P2] iter 154: merge done, full_size=401456368
R1 [P2] iter 155 done: global_full_size=791756517
R0 [P2] iter 155 done: global_full_size=791756517
R0 [P2] iter 155: PRE-JOIN GPU mem: 81.5GB free / 85.1GB total | delta_size=574135 full_size=390300149
R1 [P2] iter 155: PRE-JOIN GPU mem: 81.3GB free / 85.1GB total | delta_size=595079 full_size=401456368
R1 [P2] iter 155: join done, raw=5512559 result_size=5166285
R0 [P2] iter 155: join done, raw=6094688 result_size=5741309
R0 [P2] iter 155: split done, delta_size=5246588
R1 [P2] iter 155: split done, delta_size=5661006
R0 [P2] iter 155: dedup done, delta_size=4848329
R1 [P2] iter 155: dedup done, delta_size=5212675
R0 [P2] iter 155: subtract done, delta_size=576715
R1 [P2] iter 155: subtract done, delta_size=578643
R0 [P2] iter 155: merge done, full_size=390876864
R0 [P2] iter 156 done: global_full_size=792911875
R1 [P2] iter 155: merge done, full_size=402035011
R1 [P2] iter 156 done: global_full_size=792911875
R0 [P2] iter 156: PRE-JOIN GPU mem: 81.4GB free / 85.1GB total | delta_size=576715 full_size=390876864
R1 [P2] iter 156: PRE-JOIN GPU mem: 81.3GB free / 85.1GB total | delta_size=578643 full_size=402035011
R0 [P2] iter 156: join done, raw=5740514 result_size=5365847
R1 [P2] iter 156: join done, raw=5739952 result_size=5314683
R0 [P2] iter 156: split done, delta_size=5022724
R1 [P2] iter 156: split done, delta_size=5657806
R0 [P2] iter 156: dedup done, delta_size=4677813
R1 [P2] iter 156: dedup done, delta_size=5266470
R0 [P2] iter 156: subtract done, delta_size=590289
R1 [P2] iter 156: subtract done, delta_size=545505
R0 [P2] iter 156: merge done, full_size=391467153
R1 [P2] iter 156: merge done, full_size=402580516
R1 [P2] iter 157 done: global_full_size=794047669
R0 [P2] iter 157 done: global_full_size=794047669
R0 [P2] iter 157: PRE-JOIN GPU mem: 81.4GB free / 85.1GB total | delta_size=590289 full_size=391467153
R1 [P2] iter 157: PRE-JOIN GPU mem: 81.3GB free / 85.1GB total | delta_size=545505 full_size=402580516
R0 [P2] iter 157: join done, raw=5294035 result_size=4886639
R1 [P2] iter 157: join done, raw=6017562 result_size=5594642
R0 [P2] iter 157: split done, delta_size=4980793
R1 [P2] iter 157: split done, delta_size=5500488
R0 [P2] iter 157: dedup done, delta_size=4668094
R1 [P2] iter 157: dedup done, delta_size=5122847
R0 [P2] iter 157: subtract done, delta_size=569627
R1 [P2] iter 157: subtract done, delta_size=539799
R0 [P2] iter 157: merge done, full_size=392036780
R0 [P2] iter 158 done: global_full_size=795157095
R1 [P2] iter 157: merge done, full_size=403120315
R1 [P2] iter 158 done: global_full_size=795157095
R0 [P2] iter 158: PRE-JOIN GPU mem: 81.4GB free / 85.1GB total | delta_size=569627 full_size=392036780
R1 [P2] iter 158: PRE-JOIN GPU mem: 81.3GB free / 85.1GB total | delta_size=539799 full_size=403120315
R1 [P2] iter 158: join done, raw=5858671 result_size=5396046
R0 [P2] iter 158: join done, raw=5236831 result_size=4945904
R0 [P2] iter 158: split done, delta_size=4958090
R1 [P2] iter 158: split done, delta_size=5383860
R0 [P2] iter 158: dedup done, delta_size=4609521
R1 [P2] iter 158: dedup done, delta_size=4977578
R0 [P2] iter 158: subtract done, delta_size=544440
R1 [P2] iter 158: subtract done, delta_size=535930
R0 [P2] iter 158: merge done, full_size=392581220
R0 [P2] iter 159 done: global_full_size=796237465
R1 [P2] iter 158: merge done, full_size=403656245
R1 [P2] iter 159 done: global_full_size=796237465
R0 [P2] iter 159: PRE-JOIN GPU mem: 81.4GB free / 85.1GB total | delta_size=544440 full_size=392581220
R1 [P2] iter 159: PRE-JOIN GPU mem: 81.3GB free / 85.1GB total | delta_size=535930 full_size=403656245
R0 [P2] iter 159: join done, raw=5294556 result_size=4988910
R1 [P2] iter 159: join done, raw=5606801 result_size=5233873
R0 [P2] iter 159: split done, delta_size=4938644
R1 [P2] iter 159: split done, delta_size=5284139
R0 [P2] iter 159: dedup done, delta_size=4526814
R1 [P2] iter 159: dedup done, delta_size=4877013
R0 [P2] iter 159: subtract done, delta_size=519357
R1 [P2] iter 159: subtract done, delta_size=544960
R0 [P2] iter 159: merge done, full_size=393100577
R0 [P2] iter 160 done: global_full_size=797301782
R1 [P2] iter 159: merge done, full_size=404201205
R1 [P2] iter 160 done: global_full_size=797301782
R0 [P2] iter 160: PRE-JOIN GPU mem: 81.4GB free / 85.1GB total | delta_size=519357 full_size=393100577
R1 [P2] iter 160: PRE-JOIN GPU mem: 81.3GB free / 85.1GB total | delta_size=544960 full_size=404201205
R0 [P2] iter 160: join done, raw=5151434 result_size=4845289
R1 [P2] iter 160: join done, raw=5652047 result_size=5265013
R0 [P2] iter 160: split done, delta_size=4895322
R1 [P2] iter 160: split done, delta_size=5214980
R0 [P2] iter 160: dedup done, delta_size=4506916
R1 [P2] iter 160: dedup done, delta_size=4811495
R0 [P2] iter 160: subtract done, delta_size=537567
R1 [P2] iter 160: subtract done, delta_size=516887
R0 [P2] iter 160: merge done, full_size=393638144
R0 [P2] iter 161 done: global_full_size=798356236
R1 [P2] iter 160: merge done, full_size=404718092
R1 [P2] iter 161 done: global_full_size=798356236
R1 [P2] iter 161: PRE-JOIN GPU mem: 81.3GB free / 85.1GB total | delta_size=516887 full_size=404718092
R0 [P2] iter 161: PRE-JOIN GPU mem: 81.4GB free / 85.1GB total | delta_size=537567 full_size=393638144
R1 [P2] iter 161: join done, raw=5139725 result_size=4796504
R0 [P2] iter 161: join done, raw=5598867 result_size=5158612
R0 [P2] iter 161: split done, delta_size=4860025
R1 [P2] iter 161: split done, delta_size=5095091
R0 [P2] iter 161: dedup done, delta_size=4529872
R1 [P2] iter 161: dedup done, delta_size=4725346
R0 [P2] iter 161: subtract done, delta_size=580921
R1 [P2] iter 161: subtract done, delta_size=466040
R1 [P2] iter 161: merge done, full_size=405184132
R0 [P2] iter 161: merge done, full_size=394219065
R0 [P2] iter 162 done: global_full_size=799403197
R1 [P2] iter 162 done: global_full_size=799403197
R0 [P2] iter 162: PRE-JOIN GPU mem: 81.4GB free / 85.1GB total | delta_size=580921 full_size=394219065
R1 [P2] iter 162: PRE-JOIN GPU mem: 81.3GB free / 85.1GB total | delta_size=466040 full_size=405184132
R1 [P2] iter 162: join done, raw=4913734 result_size=4657323
R0 [P2] iter 162: join done, raw=5707516 result_size=5179600
R0 [P2] iter 162: split done, delta_size=4751170
R1 [P2] iter 162: split done, delta_size=5085753
R0 [P2] iter 162: dedup done, delta_size=4426317
R1 [P2] iter 162: dedup done, delta_size=4719310
R0 [P2] iter 162: subtract done, delta_size=538682
R1 [P2] iter 162: subtract done, delta_size=491328
R0 [P2] iter 162: merge done, full_size=394757747
R0 [P2] iter 163 done: global_full_size=800433207
R1 [P2] iter 162: merge done, full_size=405675460
R1 [P2] iter 163 done: global_full_size=800433207
R1 [P2] iter 163: PRE-JOIN GPU mem: 81.3GB free / 85.1GB total | delta_size=491328 full_size=405675460
R0 [P2] iter 163: PRE-JOIN GPU mem: 81.4GB free / 85.1GB total | delta_size=538682 full_size=394757747
R1 [P2] iter 163: join done, raw=5298529 result_size=4901202
R0 [P2] iter 163: join done, raw=5008382 result_size=4623120
R0 [P2] iter 163: split done, delta_size=4677735
R1 [P2] iter 163: split done, delta_size=4846587
R1 [P2] iter 163: dedup done, delta_size=4537184
R0 [P2] iter 163: dedup done, delta_size=4361674
R1 [P2] iter 163: subtract done, delta_size=467850
R0 [P2] iter 163: subtract done, delta_size=483861
R0 [P2] iter 163: merge done, full_size=395241608
R0 [P2] iter 164 done: global_full_size=801384918
R1 [P2] iter 163: merge done, full_size=406143310
R1 [P2] iter 164 done: global_full_size=801384918
R0 [P2] iter 164: PRE-JOIN GPU mem: 81.4GB free / 85.1GB total | delta_size=483861 full_size=395241608
R1 [P2] iter 164: PRE-JOIN GPU mem: 81.3GB free / 85.1GB total | delta_size=467850 full_size=406143310
R0 [P2] iter 164: join done, raw=4754779 result_size=4396408
R1 [P2] iter 164: join done, raw=4690578 result_size=4390740
R0 [P2] iter 164: split done, delta_size=4161701
R0 [P2] iter 164: dedup done, delta_size=3901287
R1 [P2] iter 164: split done, delta_size=4625447
R1 [P2] iter 164: dedup done, delta_size=4336933
R0 [P2] iter 164: subtract done, delta_size=383016
R1 [P2] iter 164: subtract done, delta_size=413596
R0 [P2] iter 164: merge done, full_size=395624624
R0 [P2] iter 165 done: global_full_size=802181530
R1 [P2] iter 164: merge done, full_size=406556906
R1 [P2] iter 165 done: global_full_size=802181530
R1 [P2] iter 165: PRE-JOIN GPU mem: 81.3GB free / 85.1GB total | delta_size=413596 full_size=406556906
R0 [P2] iter 165: PRE-JOIN GPU mem: 81.4GB free / 85.1GB total | delta_size=383016 full_size=395624624
R0 [P2] iter 165: join done, raw=3927829 result_size=3748183
R1 [P2] iter 165: join done, raw=4706042 result_size=4388067
R0 [P2] iter 165: split done, delta_size=3811567
R1 [P2] iter 165: split done, delta_size=4324683
R0 [P2] iter 165: dedup done, delta_size=3548306
R1 [P2] iter 165: dedup done, delta_size=4044774
R0 [P2] iter 165: subtract done, delta_size=331816
R1 [P2] iter 165: subtract done, delta_size=365625
R0 [P2] iter 165: merge done, full_size=395956440
R0 [P2] iter 166 done: global_full_size=802878971
R1 [P2] iter 165: merge done, full_size=406922531
R1 [P2] iter 166 done: global_full_size=802878971
R0 [P2] iter 166: PRE-JOIN GPU mem: 81.4GB free / 85.1GB total | delta_size=331816 full_size=395956440
R1 [P2] iter 166: PRE-JOIN GPU mem: 81.3GB free / 85.1GB total | delta_size=365625 full_size=406922531
R0 [P2] iter 166: join done, raw=3759609 result_size=3624361
R1 [P2] iter 166: join done, raw=4488139 result_size=4222220
R0 [P2] iter 166: split done, delta_size=3790493
R0 [P2] iter 166: dedup done, delta_size=3492872
R1 [P2] iter 166: split done, delta_size=4056088
R1 [P2] iter 166: dedup done, delta_size=3772970
R0 [P2] iter 166: subtract done, delta_size=310398
R1 [P2] iter 166: subtract done, delta_size=350240
R0 [P2] iter 166: merge done, full_size=396266838
R0 [P2] iter 167 done: global_full_size=803539609
R1 [P2] iter 166: merge done, full_size=407272771
R1 [P2] iter 167 done: global_full_size=803539609
R1 [P2] iter 167: PRE-JOIN GPU mem: 81.3GB free / 85.1GB total | delta_size=350240 full_size=407272771
R0 [P2] iter 167: PRE-JOIN GPU mem: 81.4GB free / 85.1GB total | delta_size=310398 full_size=396266838
R0 [P2] iter 167: join done, raw=3789581 result_size=3627275
R1 [P2] iter 167: join done, raw=4314198 result_size=4102808
R0 [P2] iter 167: split done, delta_size=3674496
R1 [P2] iter 167: split done, delta_size=4055587
R0 [P2] iter 167: dedup done, delta_size=3389111
R1 [P2] iter 167: dedup done, delta_size=3741620
R0 [P2] iter 167: subtract done, delta_size=305116
R1 [P2] iter 167: subtract done, delta_size=345754
R0 [P2] iter 167: merge done, full_size=396571954
R0 [P2] iter 168 done: global_full_size=804190479
R1 [P2] iter 167: merge done, full_size=407618525
R1 [P2] iter 168 done: global_full_size=804190479
R0 [P2] iter 168: PRE-JOIN GPU mem: 81.4GB free / 85.1GB total | delta_size=305116 full_size=396571954
R1 [P2] iter 168: PRE-JOIN GPU mem: 81.3GB free / 85.1GB total | delta_size=345754 full_size=407618525
R0 [P2] iter 168: join done, raw=3574656 result_size=3402070
R1 [P2] iter 168: join done, raw=4371363 result_size=4182375
R0 [P2] iter 168: split done, delta_size=3583250
R0 [P2] iter 168: dedup done, delta_size=3291884
R1 [P2] iter 168: split done, delta_size=4001195
R1 [P2] iter 168: dedup done, delta_size=3691461
R0 [P2] iter 168: subtract done, delta_size=326561
R1 [P2] iter 168: subtract done, delta_size=315341
R0 [P2] iter 168: merge done, full_size=396898515
R0 [P2] iter 169 done: global_full_size=804832381
R1 [P2] iter 168: merge done, full_size=407933866
R1 [P2] iter 169 done: global_full_size=804832381
R1 [P2] iter 169: PRE-JOIN GPU mem: 81.3GB free / 85.1GB total | delta_size=315341 full_size=407933866
R0 [P2] iter 169: PRE-JOIN GPU mem: 81.4GB free / 85.1GB total | delta_size=326561 full_size=396898515
R1 [P2] iter 169: join done, raw=3864920 result_size=3749226
R0 [P2] iter 169: join done, raw=3862746 result_size=3688149
R0 [P2] iter 169: split done, delta_size=3533480
R1 [P2] iter 169: split done, delta_size=3903895
R0 [P2] iter 169: dedup done, delta_size=3225257
R1 [P2] iter 169: dedup done, delta_size=3555096
R0 [P2] iter 169: subtract done, delta_size=322513
R1 [P2] iter 169: subtract done, delta_size=303982
R0 [P2] iter 169: merge done, full_size=397221028
R0 [P2] iter 170 done: global_full_size=805458876
R1 [P2] iter 169: merge done, full_size=408237848
R1 [P2] iter 170 done: global_full_size=805458876
R0 [P2] iter 170: PRE-JOIN GPU mem: 81.4GB free / 85.1GB total | delta_size=322513 full_size=397221028
R1 [P2] iter 170: PRE-JOIN GPU mem: 81.3GB free / 85.1GB total | delta_size=303982 full_size=408237848
R1 [P2] iter 170: join done, raw=3681866 result_size=3498804
R0 [P2] iter 170: join done, raw=3865619 result_size=3697009
R0 [P2] iter 170: split done, delta_size=3482565
R1 [P2] iter 170: split done, delta_size=3713248
R0 [P2] iter 170: dedup done, delta_size=3182749
R1 [P2] iter 170: dedup done, delta_size=3429063
R0 [P2] iter 170: subtract done, delta_size=314268
R1 [P2] iter 170: subtract done, delta_size=301610
R0 [P2] iter 170: merge done, full_size=397535296
R0 [P2] iter 171 done: global_full_size=806074754
R1 [P2] iter 170: merge done, full_size=408539458
R1 [P2] iter 171 done: global_full_size=806074754
R1 [P2] iter 171: PRE-JOIN GPU mem: 81.3GB free / 85.1GB total | delta_size=301610 full_size=408539458
R0 [P2] iter 171: PRE-JOIN GPU mem: 81.4GB free / 85.1GB total | delta_size=314268 full_size=397535296
R1 [P2] iter 171: join done, raw=3627124 result_size=3336487
R0 [P2] iter 171: join done, raw=3870282 result_size=3620462
R0 [P2] iter 171: split done, delta_size=3425102
R1 [P2] iter 171: split done, delta_size=3531847
R0 [P2] iter 171: dedup done, delta_size=3216990
R1 [P2] iter 171: dedup done, delta_size=3347668
R0 [P2] iter 171: subtract done, delta_size=314911
R1 [P2] iter 171: subtract done, delta_size=294381
R0 [P2] iter 171: merge done, full_size=397850207
R0 [P2] iter 172 done: global_full_size=806684046
R1 [P2] iter 171: merge done, full_size=408833839
R1 [P2] iter 172 done: global_full_size=806684046
R0 [P2] iter 172: PRE-JOIN GPU mem: 81.4GB free / 85.1GB total | delta_size=314911 full_size=397850207
R1 [P2] iter 172: PRE-JOIN GPU mem: 81.3GB free / 85.1GB total | delta_size=294381 full_size=408833839
R0 [P2] iter 172: join done, raw=3907514 result_size=3550230
R1 [P2] iter 172: join done, raw=3531413 result_size=3297482
R1 [P2] iter 172: split done, delta_size=3425103
R0 [P2] iter 172: split done, delta_size=3422609
R0 [P2] iter 172: dedup done, delta_size=3250693
R1 [P2] iter 172: dedup done, delta_size=3258656
R0 [P2] iter 172: subtract done, delta_size=317651
R1 [P2] iter 172: subtract done, delta_size=286900
R0 [P2] iter 172: merge done, full_size=398167858
R0 [P2] iter 173 done: global_full_size=807288597
R1 [P2] iter 172: merge done, full_size=409120739
R1 [P2] iter 173 done: global_full_size=807288597
R1 [P2] iter 173: PRE-JOIN GPU mem: 81.3GB free / 85.1GB total | delta_size=286900 full_size=409120739
R0 [P2] iter 173: PRE-JOIN GPU mem: 81.4GB free / 85.1GB total | delta_size=317651 full_size=398167858
R1 [P2] iter 173: join done, raw=2925343 result_size=2781718
R0 [P2] iter 173: join done, raw=4452939 result_size=4016155
R0 [P2] iter 173: split done, delta_size=3402551
R1 [P2] iter 173: split done, delta_size=3395322
R0 [P2] iter 173: dedup done, delta_size=3232078
R1 [P2] iter 173: dedup done, delta_size=3219434
R0 [P2] iter 173: subtract done, delta_size=307109
R1 [P2] iter 173: subtract done, delta_size=295288
R0 [P2] iter 173: merge done, full_size=398474967
R0 [P2] iter 174 done: global_full_size=807890994
R1 [P2] iter 173: merge done, full_size=409416027
R1 [P2] iter 174 done: global_full_size=807890994
R1 [P2] iter 174: PRE-JOIN GPU mem: 81.3GB free / 85.1GB total | delta_size=295288 full_size=409416027
R0 [P2] iter 174: PRE-JOIN GPU mem: 81.4GB free / 85.1GB total | delta_size=307109 full_size=398474967
R1 [P2] iter 174: join done, raw=3265770 result_size=3073441
R0 [P2] iter 174: join done, raw=4100051 result_size=3747676
R0 [P2] iter 174: split done, delta_size=3344568
R1 [P2] iter 174: split done, delta_size=3476549
R0 [P2] iter 174: dedup done, delta_size=3164472
R1 [P2] iter 174: dedup done, delta_size=3274991
R0 [P2] iter 174: subtract done, delta_size=270579
R1 [P2] iter 174: subtract done, delta_size=331557
R0 [P2] iter 174: merge done, full_size=398745546
R0 [P2] iter 175 done: global_full_size=808493130
R1 [P2] iter 174: merge done, full_size=409747584
R1 [P2] iter 175 done: global_full_size=808493130
R0 [P2] iter 175: PRE-JOIN GPU mem: 81.4GB free / 85.1GB total | delta_size=270579 full_size=398745546
R1 [P2] iter 175: PRE-JOIN GPU mem: 81.3GB free / 85.1GB total | delta_size=331557 full_size=409747584
R1 [P2] iter 175: join done, raw=4383128 result_size=3928135
R0 [P2] iter 175: join done, raw=2982135 result_size=2825245
R0 [P2] iter 175: split done, delta_size=3327779
R1 [P2] iter 175: split done, delta_size=3425601
R0 [P2] iter 175: dedup done, delta_size=3172596
R1 [P2] iter 175: dedup done, delta_size=3264587
R0 [P2] iter 175: subtract done, delta_size=271318
R1 [P2] iter 175: subtract done, delta_size=335973
R0 [P2] iter 175: merge done, full_size=399016864
R0 [P2] iter 176 done: global_full_size=809100421
R1 [P2] iter 175: merge done, full_size=410083557
R1 [P2] iter 176 done: global_full_size=809100421
R1 [P2] iter 176: PRE-JOIN GPU mem: 81.3GB free / 85.1GB total | delta_size=335973 full_size=410083557
R0 [P2] iter 176: PRE-JOIN GPU mem: 81.4GB free / 85.1GB total | delta_size=271318 full_size=399016864
R0 [P2] iter 176: join done, raw=3279914 result_size=3107832
R1 [P2] iter 176: join done, raw=4084436 result_size=3716398
R0 [P2] iter 176: split done, delta_size=3248783
R1 [P2] iter 176: split done, delta_size=3575447
R0 [P2] iter 176: dedup done, delta_size=3067218
R1 [P2] iter 176: dedup done, delta_size=3367005
R0 [P2] iter 176: subtract done, delta_size=292624
R1 [P2] iter 176: subtract done, delta_size=316857
R0 [P2] iter 176: merge done, full_size=399309488
R0 [P2] iter 177 done: global_full_size=809709902
R1 [P2] iter 176: merge done, full_size=410400414
R1 [P2] iter 177 done: global_full_size=809709902
R0 [P2] iter 177: PRE-JOIN GPU mem: 81.4GB free / 85.1GB total | delta_size=292624 full_size=399309488
R1 [P2] iter 177: PRE-JOIN GPU mem: 81.3GB free / 85.1GB total | delta_size=316857 full_size=410400414
R0 [P2] iter 177: join done, raw=3833573 result_size=3599025
R1 [P2] iter 177: join done, raw=3523073 result_size=3360599
R0 [P2] iter 177: split done, delta_size=3385422
R1 [P2] iter 177: split done, delta_size=3574202
R0 [P2] iter 177: dedup done, delta_size=3117219
R1 [P2] iter 177: dedup done, delta_size=3310256
R0 [P2] iter 177: subtract done, delta_size=307448
R1 [P2] iter 177: subtract done, delta_size=298529
R1 [P2] iter 177: merge done, full_size=410698943
R0 [P2] iter 177: merge done, full_size=399616936
R0 [P2] iter 178 done: global_full_size=810315879
R1 [P2] iter 178 done: global_full_size=810315879
R0 [P2] iter 178: PRE-JOIN GPU mem: 81.4GB free / 85.1GB total | delta_size=307448 full_size=399616936
R1 [P2] iter 178: PRE-JOIN GPU mem: 81.3GB free / 85.1GB total | delta_size=298529 full_size=410698943
R1 [P2] iter 178: join done, raw=3312606 result_size=3202659
R0 [P2] iter 178: join done, raw=3990487 result_size=3669846
R0 [P2] iter 178: split done, delta_size=3357029
R1 [P2] iter 178: split done, delta_size=3515476
R0 [P2] iter 178: dedup done, delta_size=3109173
R1 [P2] iter 178: dedup done, delta_size=3268673
R0 [P2] iter 178: subtract done, delta_size=332430
R1 [P2] iter 178: subtract done, delta_size=258175
R0 [P2] iter 178: merge done, full_size=399949366
R0 [P2] iter 179 done: global_full_size=810906484
R1 [P2] iter 178: merge done, full_size=410957118
R1 [P2] iter 179 done: global_full_size=810906484
R1 [P2] iter 179: PRE-JOIN GPU mem: 81.3GB free / 85.1GB total | delta_size=258175 full_size=410957118
R0 [P2] iter 179: PRE-JOIN GPU mem: 81.4GB free / 85.1GB total | delta_size=332430 full_size=399949366
R1 [P2] iter 179: join done, raw=2809037 result_size=2705168
R0 [P2] iter 179: join done, raw=4326317 result_size=3869253
R0 [P2] iter 179: split done, delta_size=3058739
R1 [P2] iter 179: split done, delta_size=3515682
R0 [P2] iter 179: dedup done, delta_size=2913434
R1 [P2] iter 179: dedup done, delta_size=3308666
R0 [P2] iter 179: subtract done, delta_size=332430
R1 [P2] iter 179: subtract done, delta_size=237056
R0 [P2] iter 179: merge done, full_size=400281796
R0 [P2] iter 180 done: global_full_size=811475970
R1 [P2] iter 179: merge done, full_size=411194174
R1 [P2] iter 180 done: global_full_size=811475970
R0 [P2] iter 180: PRE-JOIN GPU mem: 81.4GB free / 85.1GB total | delta_size=332430 full_size=400281796
R1 [P2] iter 180: PRE-JOIN GPU mem: 81.3GB free / 85.1GB total | delta_size=237056 full_size=411194174
R1 [P2] iter 180: join done, raw=2410209 result_size=2330994
R0 [P2] iter 180: join done, raw=4570254 result_size=4098880
R0 [P2] iter 180: split done, delta_size=3087231
R1 [P2] iter 180: split done, delta_size=3342643
R0 [P2] iter 180: dedup done, delta_size=2928917
R1 [P2] iter 180: dedup done, delta_size=3144895
R0 [P2] iter 180: subtract done, delta_size=322879
R1 [P2] iter 180: subtract done, delta_size=233853
R0 [P2] iter 180: merge done, full_size=400604675
R0 [P2] iter 181 done: global_full_size=812032702
R1 [P2] iter 180: merge done, full_size=411428027
R1 [P2] iter 181 done: global_full_size=812032702
R0 [P2] iter 181: PRE-JOIN GPU mem: 81.4GB free / 85.1GB total | delta_size=322879 full_size=400604675
R1 [P2] iter 181: PRE-JOIN GPU mem: 81.3GB free / 85.1GB total | delta_size=233853 full_size=411428027
R1 [P2] iter 181: join done, raw=1980672 result_size=1929588
R0 [P2] iter 181: join done, raw=4905592 result_size=4397654
R0 [P2] iter 181: split done, delta_size=3093072
R1 [P2] iter 181: split done, delta_size=3234170
R0 [P2] iter 181: dedup done, delta_size=2923688
R1 [P2] iter 181: dedup done, delta_size=3058380
R0 [P2] iter 181: subtract done, delta_size=307366
R1 [P2] iter 181: subtract done, delta_size=241263
R0 [P2] iter 181: merge done, full_size=400912041
R0 [P2] iter 182 done: global_full_size=812581331
R1 [P2] iter 181: merge done, full_size=411669290
R1 [P2] iter 182 done: global_full_size=812581331
R0 [P2] iter 182: PRE-JOIN GPU mem: 81.4GB free / 85.1GB total | delta_size=307366 full_size=400912041
R1 [P2] iter 182: PRE-JOIN GPU mem: 81.3GB free / 85.1GB total | delta_size=241263 full_size=411669290
R1 [P2] iter 182: join done, raw=2435964 result_size=2316398
R0 [P2] iter 182: join done, raw=4387080 result_size=4003461
R1 [P2] iter 182: split done, delta_size=3285617
R0 [P2] iter 182: split done, delta_size=3034242
R0 [P2] iter 182: dedup done, delta_size=2835046
R1 [P2] iter 182: dedup done, delta_size=3090503
R1 [P2] iter 182: subtract done, delta_size=264833
R0 [P2] iter 182: subtract done, delta_size=276203
R0 [P2] iter 182: merge done, full_size=401188244
R0 [P2] iter 183 done: global_full_size=813122367
R1 [P2] iter 182: merge done, full_size=411934123
R1 [P2] iter 183 done: global_full_size=813122367
R1 [P2] iter 183: PRE-JOIN GPU mem: 81.3GB free / 85.1GB total | delta_size=264833 full_size=411934123
R0 [P2] iter 183: PRE-JOIN GPU mem: 81.4GB free / 85.1GB total | delta_size=276203 full_size=401188244
R0 [P2] iter 183: join done, raw=3429856 result_size=3210714
R1 [P2] iter 183: join done, raw=3311224 result_size=3108046
R0 [P2] iter 183: split done, delta_size=2963483
R1 [P2] iter 183: split done, delta_size=3355277
R0 [P2] iter 183: dedup done, delta_size=2755290
R1 [P2] iter 183: dedup done, delta_size=3122569
R0 [P2] iter 183: subtract done, delta_size=263167
R1 [P2] iter 183: subtract done, delta_size=270531
R0 [P2] iter 183: merge done, full_size=401451411
R0 [P2] iter 184 done: global_full_size=813656065
R1 [P2] iter 183: merge done, full_size=412204654
R1 [P2] iter 184 done: global_full_size=813656065
R1 [P2] iter 184: PRE-JOIN GPU mem: 81.3GB free / 85.1GB total | delta_size=270531 full_size=412204654
R0 [P2] iter 184: PRE-JOIN GPU mem: 81.4GB free / 85.1GB total | delta_size=263167 full_size=401451411
R1 [P2] iter 184: join done, raw=3817391 result_size=3577702
R0 [P2] iter 184: join done, raw=2853455 result_size=2667943
R0 [P2] iter 184: split done, delta_size=3003499
R1 [P2] iter 184: split done, delta_size=3242146
R0 [P2] iter 184: dedup done, delta_size=2801741
R1 [P2] iter 184: dedup done, delta_size=3025300
R0 [P2] iter 184: subtract done, delta_size=294061
R1 [P2] iter 184: subtract done, delta_size=233723
R0 [P2] iter 184: merge done, full_size=401745472
R0 [P2] iter 185 done: global_full_size=814183849
R1 [P2] iter 184: merge done, full_size=412438377
R1 [P2] iter 185 done: global_full_size=814183849
R0 [P2] iter 185: PRE-JOIN GPU mem: 81.4GB free / 85.1GB total | delta_size=294061 full_size=401745472
R1 [P2] iter 185: PRE-JOIN GPU mem: 81.3GB free / 85.1GB total | delta_size=233723 full_size=412438377
R1 [P2] iter 185: join done, raw=3113160 result_size=2941045
R0 [P2] iter 185: join done, raw=3518176 result_size=3241107
R0 [P2] iter 185: split done, delta_size=3008123
R1 [P2] iter 185: split done, delta_size=3174029
R1 [P2] iter 185: dedup done, delta_size=2968416
R0 [P2] iter 185: dedup done, delta_size=2824294
R0 [P2] iter 185: subtract done, delta_size=293874
R1 [P2] iter 185: subtract done, delta_size=227687
R0 [P2] iter 185: merge done, full_size=402039346
R0 [P2] iter 186 done: global_full_size=814705410
R1 [P2] iter 185: merge done, full_size=412666064
R1 [P2] iter 186 done: global_full_size=814705410
R1 [P2] iter 186: PRE-JOIN GPU mem: 81.3GB free / 85.1GB total | delta_size=227687 full_size=412666064
R0 [P2] iter 186: PRE-JOIN GPU mem: 81.4GB free / 85.1GB total | delta_size=293874 full_size=402039346
R1 [P2] iter 186: join done, raw=2872816 result_size=2711096
R0 [P2] iter 186: join done, raw=3629917 result_size=3287988
R0 [P2] iter 186: split done, delta_size=2878817
R1 [P2] iter 186: split done, delta_size=3120267
R0 [P2] iter 186: dedup done, delta_size=2727491
R1 [P2] iter 186: dedup done, delta_size=2946390
R0 [P2] iter 186: subtract done, delta_size=250496
R1 [P2] iter 186: subtract done, delta_size=262935
R0 [P2] iter 186: merge done, full_size=402289842
R0 [P2] iter 187 done: global_full_size=815218841
R1 [P2] iter 186: merge done, full_size=412928999
R1 [P2] iter 187 done: global_full_size=815218841
R0 [P2] iter 187: PRE-JOIN GPU mem: 81.4GB free / 85.1GB total | delta_size=250496 full_size=402289842
R1 [P2] iter 187: PRE-JOIN GPU mem: 81.3GB free / 85.1GB total | delta_size=262935 full_size=412928999
R0 [P2] iter 187: join done, raw=2932772 result_size=2801102
R1 [P2] iter 187: join done, raw=3364732 result_size=3121371
R0 [P2] iter 187: split done, delta_size=2758467
R1 [P2] iter 187: split done, delta_size=3164006
R0 [P2] iter 187: dedup done, delta_size=2566337
R1 [P2] iter 187: dedup done, delta_size=2912557
R1 [P2] iter 187: subtract done, delta_size=253986
R0 [P2] iter 187: subtract done, delta_size=255438
R0 [P2] iter 187: merge done, full_size=402545280
R0 [P2] iter 188 done: global_full_size=815728265
R1 [P2] iter 187: merge done, full_size=413182985
R1 [P2] iter 188 done: global_full_size=815728265
R1 [P2] iter 188: PRE-JOIN GPU mem: 81.3GB free / 85.1GB total | delta_size=253986 full_size=413182985
R0 [P2] iter 188: PRE-JOIN GPU mem: 81.4GB free / 85.1GB total | delta_size=255438 full_size=402545280
R0 [P2] iter 188: join done, raw=3080319 result_size=2943581
R1 [P2] iter 188: join done, raw=3150178 result_size=2941514
R0 [P2] iter 188: split done, delta_size=2858600
R1 [P2] iter 188: split done, delta_size=3026495
R0 [P2] iter 188: dedup done, delta_size=2642770
R1 [P2] iter 188: dedup done, delta_size=2771667
R0 [P2] iter 188: subtract done, delta_size=256263
R1 [P2] iter 188: subtract done, delta_size=251302
R0 [P2] iter 188: merge done, full_size=402801543
R0 [P2] iter 189 done: global_full_size=816235830
R1 [P2] iter 188: merge done, full_size=413434287
R1 [P2] iter 189 done: global_full_size=816235830
R1 [P2] iter 189: PRE-JOIN GPU mem: 81.3GB free / 85.1GB total | delta_size=251302 full_size=413434287
R0 [P2] iter 189: PRE-JOIN GPU mem: 81.4GB free / 85.1GB total | delta_size=256263 full_size=402801543
R1 [P2] iter 189: join done, raw=2997070 result_size=2814202
R0 [P2] iter 189: join done, raw=3217455 result_size=3022139
R1 [P2] iter 189: split done, delta_size=2960637
R0 [P2] iter 189: split done, delta_size=2875704
R0 [P2] iter 189: dedup done, delta_size=2672990
R1 [P2] iter 189: dedup done, delta_size=2725867
R0 [P2] iter 189: subtract done, delta_size=248140
R1 [P2] iter 189: subtract done, delta_size=256657
R0 [P2] iter 189: merge done, full_size=403049683
R0 [P2] iter 190 done: global_full_size=816740627
R1 [P2] iter 189: merge done, full_size=413690944
R1 [P2] iter 190 done: global_full_size=816740627
R0 [P2] iter 190: PRE-JOIN GPU mem: 81.4GB free / 85.1GB total | delta_size=248140 full_size=403049683
R1 [P2] iter 190: PRE-JOIN GPU mem: 81.3GB free / 85.1GB total | delta_size=256657 full_size=413690944
R0 [P2] iter 190: join done, raw=2826551 result_size=2684560
R1 [P2] iter 190: join done, raw=3378097 result_size=3203754
R0 [P2] iter 190: split done, delta_size=2833783
R1 [P2] iter 190: split done, delta_size=3054531
R1 [P2] iter 190: dedup done, delta_size=2787302
R0 [P2] iter 190: dedup done, delta_size=2602464
R0 [P2] iter 190: subtract done, delta_size=243220
R1 [P2] iter 190: subtract done, delta_size=256876
R0 [P2] iter 190: merge done, full_size=403292903
R0 [P2] iter 191 done: global_full_size=817240723
R1 [P2] iter 190: merge done, full_size=413947820
R1 [P2] iter 191 done: global_full_size=817240723
R1 [P2] iter 191: PRE-JOIN GPU mem: 81.3GB free / 85.1GB total | delta_size=256876 full_size=413947820
R0 [P2] iter 191: PRE-JOIN GPU mem: 81.4GB free / 85.1GB total | delta_size=243220 full_size=403292903
R0 [P2] iter 191: join done, raw=2444675 result_size=2327880
R1 [P2] iter 191: join done, raw=3716892 result_size=3452841
R0 [P2] iter 191: split done, delta_size=2773898
R0 [P2] iter 191: dedup done, delta_size=2562729
R1 [P2] iter 191: split done, delta_size=3006823
R1 [P2] iter 191: dedup done, delta_size=2787895
R0 [P2] iter 191: subtract done, delta_size=257381
R1 [P2] iter 191: subtract done, delta_size=223735
R0 [P2] iter 191: merge done, full_size=403550284
R0 [P2] iter 192 done: global_full_size=817721839
R1 [P2] iter 191: merge done, full_size=414171555
R1 [P2] iter 192 done: global_full_size=817721839
R1 [P2] iter 192: PRE-JOIN GPU mem: 81.3GB free / 85.1GB total | delta_size=223735 full_size=414171555
R0 [P2] iter 192: PRE-JOIN GPU mem: 81.4GB free / 85.1GB total | delta_size=257381 full_size=403550284
R1 [P2] iter 192: join done, raw=2999311 result_size=2827315
R0 [P2] iter 192: join done, raw=2952032 result_size=2732499
R0 [P2] iter 192: split done, delta_size=2570397
R1 [P2] iter 192: split done, delta_size=2989417
R0 [P2] iter 192: dedup done, delta_size=2400427
R1 [P2] iter 192: dedup done, delta_size=2775704
R0 [P2] iter 192: subtract done, delta_size=227185
R1 [P2] iter 192: subtract done, delta_size=218634
R0 [P2] iter 192: merge done, full_size=403777469
R0 [P2] iter 193 done: global_full_size=818167658
R1 [P2] iter 192: merge done, full_size=414390189
R1 [P2] iter 193 done: global_full_size=818167658
R0 [P2] iter 193: PRE-JOIN GPU mem: 81.4GB free / 85.1GB total | delta_size=227185 full_size=403777469
R1 [P2] iter 193: PRE-JOIN GPU mem: 81.3GB free / 85.1GB total | delta_size=218634 full_size=414390189
R0 [P2] iter 193: join done, raw=2724025 result_size=2506477
R1 [P2] iter 193: join done, raw=2920232 result_size=2700617
R0 [P2] iter 193: split done, delta_size=2421403
R1 [P2] iter 193: split done, delta_size=2785691
R0 [P2] iter 193: dedup done, delta_size=2286411
R1 [P2] iter 193: dedup done, delta_size=2618274
R0 [P2] iter 193: subtract done, delta_size=193199
R1 [P2] iter 193: subtract done, delta_size=226008
R0 [P2] iter 193: merge done, full_size=403970668
R0 [P2] iter 194 done: global_full_size=818586865
R1 [P2] iter 193: merge done, full_size=414616197
R1 [P2] iter 194 done: global_full_size=818586865
R1 [P2] iter 194: PRE-JOIN GPU mem: 81.3GB free / 85.1GB total | delta_size=226008 full_size=414616197
R0 [P2] iter 194: PRE-JOIN GPU mem: 81.4GB free / 85.1GB total | delta_size=193199 full_size=403970668
R0 [P2] iter 194: join done, raw=2040067 result_size=1876241
R1 [P2] iter 194: join done, raw=3218208 result_size=3004827
R0 [P2] iter 194: split done, delta_size=2378700
R1 [P2] iter 194: split done, delta_size=2502368
R0 [P2] iter 194: dedup done, delta_size=2224095
R1 [P2] iter 194: dedup done, delta_size=2340501
R0 [P2] iter 194: subtract done, delta_size=180481
R1 [P2] iter 194: subtract done, delta_size=207822
R0 [P2] iter 194: merge done, full_size=404151149
R0 [P2] iter 195 done: global_full_size=818975168
R1 [P2] iter 194: merge done, full_size=414824019
R1 [P2] iter 195 done: global_full_size=818975168
R1 [P2] iter 195: PRE-JOIN GPU mem: 81.3GB free / 85.1GB total | delta_size=207822 full_size=414824019
R0 [P2] iter 195: PRE-JOIN GPU mem: 81.4GB free / 85.1GB total | delta_size=180481 full_size=404151149
R0 [P2] iter 195: join done, raw=1662500 result_size=1529543
R1 [P2] iter 195: join done, raw=2738815 result_size=2566855
R1 [P2] iter 195: split done, delta_size=2170432
R0 [P2] iter 195: split done, delta_size=1925966
R1 [P2] iter 195: dedup done, delta_size=2035110
R0 [P2] iter 195: dedup done, delta_size=1793246
R1 [P2] iter 195: subtract done, delta_size=205878
R0 [P2] iter 195: subtract done, delta_size=153809
R0 [P2] iter 195: merge done, full_size=404304958
R0 [P2] iter 196 done: global_full_size=819334855
R1 [P2] iter 195: merge done, full_size=415029897
R1 [P2] iter 196 done: global_full_size=819334855
R0 [P2] iter 196: PRE-JOIN GPU mem: 81.4GB free / 85.1GB total | delta_size=153809 full_size=404304958
R1 [P2] iter 196: PRE-JOIN GPU mem: 81.3GB free / 85.1GB total | delta_size=205878 full_size=415029897
R0 [P2] iter 196: join done, raw=1506219 result_size=1452595
R1 [P2] iter 196: join done, raw=2395178 result_size=2227055
R0 [P2] iter 196: split done, delta_size=1681970
R1 [P2] iter 196: split done, delta_size=1997680
R0 [P2] iter 196: dedup done, delta_size=1543846
R1 [P2] iter 196: dedup done, delta_size=1832521
R0 [P2] iter 196: subtract done, delta_size=150237
R1 [P2] iter 196: subtract done, delta_size=187391
R0 [P2] iter 196: merge done, full_size=404455195
R0 [P2] iter 197 done: global_full_size=819672483
R1 [P2] iter 196: merge done, full_size=415217288
R1 [P2] iter 197 done: global_full_size=819672483
R1 [P2] iter 197: PRE-JOIN GPU mem: 81.3GB free / 85.1GB total | delta_size=187391 full_size=415217288
R0 [P2] iter 197: PRE-JOIN GPU mem: 81.4GB free / 85.1GB total | delta_size=150237 full_size=404455195
R0 [P2] iter 197: join done, raw=1728975 result_size=1659693
R1 [P2] iter 197: join done, raw=2043850 result_size=1945423
R0 [P2] iter 197: split done, delta_size=1688221
R0 [P2] iter 197: dedup done, delta_size=1526325
R1 [P2] iter 197: split done, delta_size=1916895
R1 [P2] iter 197: dedup done, delta_size=1728241
R0 [P2] iter 197: subtract done, delta_size=146556
R1 [P2] iter 197: subtract done, delta_size=181346
R0 [P2] iter 197: merge done, full_size=404601751
R0 [P2] iter 198 done: global_full_size=820000385
R1 [P2] iter 197: merge done, full_size=415398634
R1 [P2] iter 198 done: global_full_size=820000385
R1 [P2] iter 198: PRE-JOIN GPU mem: 81.3GB free / 85.1GB total | delta_size=181346 full_size=415398634
R0 [P2] iter 198: PRE-JOIN GPU mem: 81.4GB free / 85.1GB total | delta_size=146556 full_size=404601751
R0 [P2] iter 198: join done, raw=1579011 result_size=1512655
R1 [P2] iter 198: join done, raw=2109675 result_size=2015682
R0 [P2] iter 198: split done, delta_size=1649423
R1 [P2] iter 198: split done, delta_size=1878914
R0 [P2] iter 198: dedup done, delta_size=1493942
R1 [P2] iter 198: dedup done, delta_size=1682853
R0 [P2] iter 198: subtract done, delta_size=146350
R1 [P2] iter 198: subtract done, delta_size=174913
R0 [P2] iter 198: merge done, full_size=404748101
R0 [P2] iter 199 done: global_full_size=820321648
R1 [P2] iter 198: merge done, full_size=415573547
R1 [P2] iter 199 done: global_full_size=820321648
R0 [P2] iter 199: PRE-JOIN GPU mem: 81.4GB free / 85.1GB total | delta_size=146350 full_size=404748101
R1 [P2] iter 199: PRE-JOIN GPU mem: 81.3GB free / 85.1GB total | delta_size=174913 full_size=415573547
R0 [P2] iter 199: join done, raw=1632576 result_size=1539819
R1 [P2] iter 199: join done, raw=1937461 result_size=1796057
R1 [P2] iter 199: split done, delta_size=1783697
R0 [P2] iter 199: split done, delta_size=1552179
R1 [P2] iter 199: dedup done, delta_size=1643321
R0 [P2] iter 199: dedup done, delta_size=1436725
R1 [P2] iter 199: subtract done, delta_size=161378
R0 [P2] iter 199: subtract done, delta_size=149681
R1 [P2] iter 199: merge done, full_size=415734925
R0 [P2] iter 199: merge done, full_size=404897782
R0 [P2] iter 200 done: global_full_size=820632707
R1 [P2] iter 200 done: global_full_size=820632707
R0 [P2] iter 200: PRE-JOIN GPU mem: 81.4GB free / 85.1GB total | delta_size=149681 full_size=404897782
R1 [P2] iter 200: PRE-JOIN GPU mem: 81.3GB free / 85.1GB total | delta_size=161378 full_size=415734925
R1 [P2] iter 200: join done, raw=1468954 result_size=1392463
R0 [P2] iter 200: join done, raw=2023273 result_size=1813523
R1 [P2] iter 200: split done, delta_size=1675886
R0 [P2] iter 200: split done, delta_size=1530100
R1 [P2] iter 200: dedup done, delta_size=1581950
R0 [P2] iter 200: dedup done, delta_size=1437311
R0 [P2] iter 200: subtract done, delta_size=136195
R1 [P2] iter 200: subtract done, delta_size=170996
R0 [P2] iter 200: merge done, full_size=405033977
R0 [P2] iter 201 done: global_full_size=820939898
R0 [P2] iter 201: PRE-JOIN GPU mem: 81.4GB free / 85.1GB total | delta_size=136195 full_size=405033977
R1 [P2] iter 200: merge done, full_size=415905921
R1 [P2] iter 201 done: global_full_size=820939898
R1 [P2] iter 201: PRE-JOIN GPU mem: 81.3GB free / 85.1GB total | delta_size=170996 full_size=415905921
R1 [P2] iter 201: join done, raw=1519531 result_size=1447368
R0 [P2] iter 201: join done, raw=1943171 result_size=1727430
R1 [P2] iter 201: split done, delta_size=1582126
R0 [P2] iter 201: split done, delta_size=1592672
R1 [P2] iter 201: dedup done, delta_size=1493465
R0 [P2] iter 201: dedup done, delta_size=1499739
R0 [P2] iter 201: subtract done, delta_size=135622
R1 [P2] iter 201: subtract done, delta_size=169490
R0 [P2] iter 201: merge done, full_size=405169599
R0 [P2] iter 202 done: global_full_size=821245010
R0 [P2] iter 202: PRE-JOIN GPU mem: 81.4GB free / 85.1GB total | delta_size=135622 full_size=405169599
R1 [P2] iter 201: merge done, full_size=416075411
R1 [P2] iter 202 done: global_full_size=821245010
R1 [P2] iter 202: PRE-JOIN GPU mem: 81.3GB free / 85.1GB total | delta_size=169490 full_size=416075411
R1 [P2] iter 202: join done, raw=1661786 result_size=1539019
R0 [P2] iter 202: join done, raw=1795245 result_size=1666446
R0 [P2] iter 202: split done, delta_size=1635006
R1 [P2] iter 202: split done, delta_size=1570459
R0 [P2] iter 202: dedup done, delta_size=1520953
R1 [P2] iter 202: dedup done, delta_size=1467145
R0 [P2] iter 202: subtract done, delta_size=139845
R1 [P2] iter 202: subtract done, delta_size=163635
R0 [P2] iter 202: merge done, full_size=405309444
R0 [P2] iter 203 done: global_full_size=821548490
R1 [P2] iter 202: merge done, full_size=416239046
R1 [P2] iter 203 done: global_full_size=821548490
R0 [P2] iter 203: PRE-JOIN GPU mem: 81.4GB free / 85.1GB total | delta_size=139845 full_size=405309444
R1 [P2] iter 203: PRE-JOIN GPU mem: 81.3GB free / 85.1GB total | delta_size=163635 full_size=416239046
R0 [P2] iter 203: join done, raw=1652651 result_size=1576486
R1 [P2] iter 203: join done, raw=1798256 result_size=1668834
R0 [P2] iter 203: split done, delta_size=1629233
R1 [P2] iter 203: split done, delta_size=1616087
R1 [P2] iter 203: dedup done, delta_size=1483909
R0 [P2] iter 203: dedup done, delta_size=1498548
R0 [P2] iter 203: subtract done, delta_size=142739
R1 [P2] iter 203: subtract done, delta_size=159218
R0 [P2] iter 203: merge done, full_size=405452183
R0 [P2] iter 204 done: global_full_size=821850447
R1 [P2] iter 203: merge done, full_size=416398264
R1 [P2] iter 204 done: global_full_size=821850447
R0 [P2] iter 204: PRE-JOIN GPU mem: 81.4GB free / 85.1GB total | delta_size=142739 full_size=405452183
R1 [P2] iter 204: PRE-JOIN GPU mem: 81.3GB free / 85.1GB total | delta_size=159218 full_size=416398264
R1 [P2] iter 204: join done, raw=1891209 result_size=1741895
R0 [P2] iter 204: join done, raw=1556223 result_size=1512248
R0 [P2] iter 204: split done, delta_size=1586444
R1 [P2] iter 204: split done, delta_size=1667699
R0 [P2] iter 204: dedup done, delta_size=1454191
R1 [P2] iter 204: dedup done, delta_size=1525241
R0 [P2] iter 204: subtract done, delta_size=149972
R1 [P2] iter 204: subtract done, delta_size=150221
R0 [P2] iter 204: merge done, full_size=405602155
R0 [P2] iter 205 done: global_full_size=822150640
R1 [P2] iter 204: merge done, full_size=416548485
R1 [P2] iter 205 done: global_full_size=822150640
R1 [P2] iter 205: PRE-JOIN GPU mem: 81.3GB free / 85.1GB total | delta_size=150221 full_size=416548485
R0 [P2] iter 205: PRE-JOIN GPU mem: 81.4GB free / 85.1GB total | delta_size=149972 full_size=405602155
R1 [P2] iter 205: join done, raw=1766964 result_size=1627188
R0 [P2] iter 205: join done, raw=1676702 result_size=1600354
R0 [P2] iter 205: split done, delta_size=1514991
R1 [P2] iter 205: split done, delta_size=1712551
R0 [P2] iter 205: dedup done, delta_size=1406432
R1 [P2] iter 205: dedup done, delta_size=1569669
R0 [P2] iter 205: subtract done, delta_size=155005
R1 [P2] iter 205: subtract done, delta_size=143116
R0 [P2] iter 205: merge done, full_size=405757160
R0 [P2] iter 206 done: global_full_size=822448761
R1 [P2] iter 205: merge done, full_size=416691601
R1 [P2] iter 206 done: global_full_size=822448761
R0 [P2] iter 206: PRE-JOIN GPU mem: 81.4GB free / 85.1GB total | delta_size=155005 full_size=405757160
R1 [P2] iter 206: PRE-JOIN GPU mem: 81.3GB free / 85.1GB total | delta_size=143116 full_size=416691601
R0 [P2] iter 206: join done, raw=1913414 result_size=1739059
R1 [P2] iter 206: join done, raw=1520082 result_size=1427652
R0 [P2] iter 206: split done, delta_size=1502885
R1 [P2] iter 206: split done, delta_size=1663826
R0 [P2] iter 206: dedup done, delta_size=1411178
R1 [P2] iter 206: dedup done, delta_size=1555291
R0 [P2] iter 206: subtract done, delta_size=148199
R1 [P2] iter 206: subtract done, delta_size=146850
R0 [P2] iter 206: merge done, full_size=405905359
R0 [P2] iter 207 done: global_full_size=822743810
R1 [P2] iter 206: merge done, full_size=416838451
R1 [P2] iter 207 done: global_full_size=822743810
R0 [P2] iter 207: PRE-JOIN GPU mem: 81.4GB free / 85.1GB total | delta_size=148199 full_size=405905359
R1 [P2] iter 207: PRE-JOIN GPU mem: 81.3GB free / 85.1GB total | delta_size=146850 full_size=416838451
R1 [P2] iter 207: join done, raw=1586011 result_size=1466030
R0 [P2] iter 207: join done, raw=1840324 result_size=1719854
R0 [P2] iter 207: split done, delta_size=1511830
R0 [P2] iter 207: dedup done, delta_size=1400491
R1 [P2] iter 207: split done, delta_size=1674054
R1 [P2] iter 207: dedup done, delta_size=1560289
R0 [P2] iter 207: subtract done, delta_size=141094
R1 [P2] iter 207: subtract done, delta_size=150566
R0 [P2] iter 207: merge done, full_size=406046453
R0 [P2] iter 208 done: global_full_size=823035470
R0 [P2] iter 208: PRE-JOIN GPU mem: 81.4GB free / 85.1GB total | delta_size=141094 full_size=406046453
R1 [P2] iter 207: merge done, full_size=416989017
R1 [P2] iter 208 done: global_full_size=823035470
R1 [P2] iter 208: PRE-JOIN GPU mem: 81.3GB free / 85.1GB total | delta_size=150566 full_size=416989017
R1 [P2] iter 208: join done, raw=1734227 result_size=1592495
R0 [P2] iter 208: join done, raw=1673348 result_size=1598646
R0 [P2] iter 208: split done, delta_size=1470308
R0 [P2] iter 208: dedup done, delta_size=1356012
R1 [P2] iter 208: split done, delta_size=1720833
R1 [P2] iter 208: dedup done, delta_size=1586395
R0 [P2] iter 208: subtract done, delta_size=130755
R1 [P2] iter 208: subtract done, delta_size=157906
R0 [P2] iter 208: merge done, full_size=406177208
R0 [P2] iter 209 done: global_full_size=823324131
R0 [P2] iter 209: PRE-JOIN GPU mem: 81.4GB free / 85.1GB total | delta_size=130755 full_size=406177208
R1 [P2] iter 208: merge done, full_size=417146923
R1 [P2] iter 209 done: global_full_size=823324131
R1 [P2] iter 209: PRE-JOIN GPU mem: 81.3GB free / 85.1GB total | delta_size=157906 full_size=417146923
R1 [P2] iter 209: join done, raw=1927693 result_size=1775420
R0 [P2] iter 209: join done, raw=1422631 result_size=1364171
R0 [P2] iter 209: split done, delta_size=1419859
R0 [P2] iter 209: dedup done, delta_size=1298958
R1 [P2] iter 209: split done, delta_size=1719732
R1 [P2] iter 209: dedup done, delta_size=1587707
R0 [P2] iter 209: subtract done, delta_size=129568
R1 [P2] iter 209: subtract done, delta_size=154318
R0 [P2] iter 209: merge done, full_size=406306776
R0 [P2] iter 210 done: global_full_size=823608017
R1 [P2] iter 209: merge done, full_size=417301241
R1 [P2] iter 210 done: global_full_size=823608017
R0 [P2] iter 210: PRE-JOIN GPU mem: 81.4GB free / 85.1GB total | delta_size=129568 full_size=406306776
R1 [P2] iter 210: PRE-JOIN GPU mem: 81.3GB free / 85.1GB total | delta_size=154318 full_size=417301241
R1 [P2] iter 210: join done, raw=2034907 result_size=1855430
R0 [P2] iter 210: join done, raw=1289628 result_size=1254919
R0 [P2] iter 210: split done, delta_size=1435893
R1 [P2] iter 210: split done, delta_size=1674456
R0 [P2] iter 210: dedup done, delta_size=1306600
R1 [P2] iter 210: dedup done, delta_size=1554946
R0 [P2] iter 210: subtract done, delta_size=129892
R1 [P2] iter 210: subtract done, delta_size=149185
R0 [P2] iter 210: merge done, full_size=406436668
R0 [P2] iter 211 done: global_full_size=823887094
R1 [P2] iter 210: merge done, full_size=417450426
R1 [P2] iter 211 done: global_full_size=823887094
R0 [P2] iter 211: PRE-JOIN GPU mem: 81.4GB free / 85.1GB total | delta_size=129892 full_size=406436668
R1 [P2] iter 211: PRE-JOIN GPU mem: 81.2GB free / 85.1GB total | delta_size=149185 full_size=417450426
R0 [P2] iter 211: join done, raw=1429550 result_size=1394247
R1 [P2] iter 211: join done, raw=1883594 result_size=1734211
R1 [P2] iter 211: split done, delta_size=1632151
R0 [P2] iter 211: split done, delta_size=1496307
R1 [P2] iter 211: dedup done, delta_size=1505763
R0 [P2] iter 211: dedup done, delta_size=1346537
R1 [P2] iter 211: subtract done, delta_size=141233
R0 [P2] iter 211: subtract done, delta_size=132782
R1 [P2] iter 211: merge done, full_size=417591659
R0 [P2] iter 211: merge done, full_size=406569450
R0 [P2] iter 212 done: global_full_size=824161109
R0 [P2] iter 212: PRE-JOIN GPU mem: 81.4GB free / 85.1GB total | delta_size=132782 full_size=406569450
R1 [P2] iter 212 done: global_full_size=824161109
R1 [P2] iter 212: PRE-JOIN GPU mem: 81.2GB free / 85.1GB total | delta_size=141233 full_size=417591659
R1 [P2] iter 212: join done, raw=1467344 result_size=1402833
R0 [P2] iter 212: join done, raw=1837654 result_size=1740817
R0 [P2] iter 212: split done, delta_size=1545893
R1 [P2] iter 212: split done, delta_size=1597757
R0 [P2] iter 212: dedup done, delta_size=1380755
R1 [P2] iter 212: dedup done, delta_size=1463491
R0 [P2] iter 212: subtract done, delta_size=151636
R1 [P2] iter 212: subtract done, delta_size=122558
R0 [P2] iter 212: merge done, full_size=406721086
R0 [P2] iter 213 done: global_full_size=824435303
R0 [P2] iter 213: PRE-JOIN GPU mem: 81.4GB free / 85.1GB total | delta_size=151636 full_size=406721086
R1 [P2] iter 212: merge done, full_size=417714217
R1 [P2] iter 213 done: global_full_size=824435303
R1 [P2] iter 213: PRE-JOIN GPU mem: 81.2GB free / 85.1GB total | delta_size=122558 full_size=417714217
R1 [P2] iter 213: join done, raw=1229355 result_size=1190620
R0 [P2] iter 213: join done, raw=2068689 result_size=1923022
R0 [P2] iter 213: split done, delta_size=1538382
R1 [P2] iter 213: split done, delta_size=1575260
R0 [P2] iter 213: dedup done, delta_size=1392940
R1 [P2] iter 213: dedup done, delta_size=1444604
R0 [P2] iter 213: subtract done, delta_size=159914
R1 [P2] iter 213: subtract done, delta_size=111784
R1 [P2] iter 213: merge done, full_size=417826001
R0 [P2] iter 213: merge done, full_size=406881000
R0 [P2] iter 214 done: global_full_size=824707001
R1 [P2] iter 214 done: global_full_size=824707001
R0 [P2] iter 214: PRE-JOIN GPU mem: 81.4GB free / 85.1GB total | delta_size=159914 full_size=406881000
R1 [P2] iter 214: PRE-JOIN GPU mem: 81.2GB free / 85.1GB total | delta_size=111784 full_size=417826001
R1 [P2] iter 214: join done, raw=1153205 result_size=1115593
R0 [P2] iter 214: join done, raw=2135782 result_size=1964928
R1 [P2] iter 214: split done, delta_size=1537492
R0 [P2] iter 214: split done, delta_size=1543029
R0 [P2] iter 214: dedup done, delta_size=1409523
R1 [P2] iter 214: dedup done, delta_size=1419742
R0 [P2] iter 214: subtract done, delta_size=147216
R1 [P2] iter 214: subtract done, delta_size=122259
R0 [P2] iter 214: merge done, full_size=407028216
R0 [P2] iter 215 done: global_full_size=824976476
R1 [P2] iter 214: merge done, full_size=417948260
R1 [P2] iter 215 done: global_full_size=824976476
R0 [P2] iter 215: PRE-JOIN GPU mem: 81.4GB free / 85.1GB total | delta_size=147216 full_size=407028216
R1 [P2] iter 215: PRE-JOIN GPU mem: 81.2GB free / 85.1GB total | delta_size=122259 full_size=417948260
R0 [P2] iter 215: join done, raw=2050060 result_size=1879100
R1 [P2] iter 215: join done, raw=1232826 result_size=1143062
R0 [P2] iter 215: split done, delta_size=1516233
R1 [P2] iter 215: split done, delta_size=1505929
R0 [P2] iter 215: dedup done, delta_size=1410606
R1 [P2] iter 215: dedup done, delta_size=1413187
R0 [P2] iter 215: subtract done, delta_size=134268
R1 [P2] iter 215: subtract done, delta_size=132504
R0 [P2] iter 215: merge done, full_size=407162484
R0 [P2] iter 216 done: global_full_size=825243248
R0 [P2] iter 216: PRE-JOIN GPU mem: 81.4GB free / 85.1GB total | delta_size=134268 full_size=407162484
R1 [P2] iter 215: merge done, full_size=418080764
R1 [P2] iter 216 done: global_full_size=825243248
R1 [P2] iter 216: PRE-JOIN GPU mem: 81.2GB free / 85.1GB total | delta_size=132504 full_size=418080764
R1 [P2] iter 216: join done, raw=1470618 result_size=1393228
R0 [P2] iter 216: join done, raw=1802405 result_size=1704562
R0 [P2] iter 216: split done, delta_size=1579581
R1 [P2] iter 216: split done, delta_size=1518209
R0 [P2] iter 216: dedup done, delta_size=1425238
R1 [P2] iter 216: dedup done, delta_size=1389033
R0 [P2] iter 216: subtract done, delta_size=133088
R1 [P2] iter 216: subtract done, delta_size=133402
R0 [P2] iter 216: merge done, full_size=407295572
R0 [P2] iter 217 done: global_full_size=825509738
R1 [P2] iter 216: merge done, full_size=418214166
R1 [P2] iter 217 done: global_full_size=825509738
R1 [P2] iter 217: PRE-JOIN GPU mem: 81.2GB free / 85.1GB total | delta_size=133402 full_size=418214166
R0 [P2] iter 217: PRE-JOIN GPU mem: 81.3GB free / 85.1GB total | delta_size=133088 full_size=407295572
R1 [P2] iter 217: join done, raw=1667167 result_size=1586777
R0 [P2] iter 217: join done, raw=1600458 result_size=1538239
R0 [P2] iter 217: split done, delta_size=1559120
R1 [P2] iter 217: split done, delta_size=1565896
R1 [P2] iter 217: dedup done, delta_size=1417222
R0 [P2] iter 217: dedup done, delta_size=1392254
R0 [P2] iter 217: subtract done, delta_size=126627
R1 [P2] iter 217: subtract done, delta_size=138392
R0 [P2] iter 217: merge done, full_size=407422199
R0 [P2] iter 218 done: global_full_size=825774757
R1 [P2] iter 217: merge done, full_size=418352558
R1 [P2] iter 218 done: global_full_size=825774757
R0 [P2] iter 218: PRE-JOIN GPU mem: 81.3GB free / 85.1GB total | delta_size=126627 full_size=407422199
R1 [P2] iter 218: PRE-JOIN GPU mem: 81.2GB free / 85.1GB total | delta_size=138392 full_size=418352558
R0 [P2] iter 218: join done, raw=1471063 result_size=1423736
R1 [P2] iter 218: join done, raw=1793585 result_size=1665577
R0 [P2] iter 218: split done, delta_size=1327615
R1 [P2] iter 218: split done, delta_size=1761698
R0 [P2] iter 218: dedup done, delta_size=1215004
R1 [P2] iter 218: dedup done, delta_size=1591941
R0 [P2] iter 218: subtract done, delta_size=129775
R1 [P2] iter 218: subtract done, delta_size=133277
R0 [P2] iter 218: merge done, full_size=407551974
R0 [P2] iter 219 done: global_full_size=826037809
R0 [P2] iter 219: PRE-JOIN GPU mem: 81.3GB free / 85.1GB total | delta_size=129775 full_size=407551974
R1 [P2] iter 218: merge done, full_size=418485835
R1 [P2] iter 219 done: global_full_size=826037809
R1 [P2] iter 219: PRE-JOIN GPU mem: 81.2GB free / 85.1GB total | delta_size=133277 full_size=418485835
R1 [P2] iter 219: join done, raw=1613997 result_size=1532173
R0 [P2] iter 219: join done, raw=1645498 result_size=1596997
R0 [P2] iter 219: split done, delta_size=1390831
R0 [P2] iter 219: dedup done, delta_size=1249037
R1 [P2] iter 219: split done, delta_size=1738339
R1 [P2] iter 219: dedup done, delta_size=1553516
R0 [P2] iter 219: subtract done, delta_size=136186
R1 [P2] iter 219: subtract done, delta_size=125056
R0 [P2] iter 219: merge done, full_size=407688160
R0 [P2] iter 220 done: global_full_size=826299051
R0 [P2] iter 220: PRE-JOIN GPU mem: 81.3GB free / 85.1GB total | delta_size=136186 full_size=407688160
R1 [P2] iter 219: merge done, full_size=418610891
R1 [P2] iter 220 done: global_full_size=826299051
R1 [P2] iter 220: PRE-JOIN GPU mem: 81.2GB free / 85.1GB total | delta_size=125056 full_size=418610891
R1 [P2] iter 220: join done, raw=1326288 result_size=1290913
R0 [P2] iter 220: join done, raw=1900125 result_size=1726391
R1 [P2] iter 220: split done, delta_size=1580521
R0 [P2] iter 220: split done, delta_size=1436783
R1 [P2] iter 220: dedup done, delta_size=1449052
R0 [P2] iter 220: dedup done, delta_size=1321471
R1 [P2] iter 220: subtract done, delta_size=124704
R0 [P2] iter 220: subtract done, delta_size=130639
R1 [P2] iter 220: merge done, full_size=418735595
R0 [P2] iter 220: merge done, full_size=407818799
R0 [P2] iter 221 done: global_full_size=826554394
R0 [P2] iter 221: PRE-JOIN GPU mem: 81.3GB free / 85.1GB total | delta_size=130639 full_size=407818799
R1 [P2] iter 221 done: global_full_size=826554394
R1 [P2] iter 221: PRE-JOIN GPU mem: 81.2GB free / 85.1GB total | delta_size=124704 full_size=418735595
R1 [P2] iter 221: join done, raw=1453172 result_size=1403993
R0 [P2] iter 221: join done, raw=1626684 result_size=1447371
R0 [P2] iter 221: split done, delta_size=1306990
R1 [P2] iter 221: split done, delta_size=1544374
R0 [P2] iter 221: dedup done, delta_size=1208591
R1 [P2] iter 221: dedup done, delta_size=1419363
R0 [P2] iter 221: subtract done, delta_size=112884
R1 [P2] iter 221: subtract done, delta_size=135832
R0 [P2] iter 221: merge done, full_size=407931683
R0 [P2] iter 222 done: global_full_size=826803110
R1 [P2] iter 221: merge done, full_size=418871427
R1 [P2] iter 222 done: global_full_size=826803110
R0 [P2] iter 222: PRE-JOIN GPU mem: 81.3GB free / 85.1GB total | delta_size=112884 full_size=407931683
R1 [P2] iter 222: PRE-JOIN GPU mem: 81.2GB free / 85.1GB total | delta_size=135832 full_size=418871427
R1 [P2] iter 222: join done, raw=1775307 result_size=1624833
R0 [P2] iter 222: join done, raw=1162000 result_size=1096572
R0 [P2] iter 222: split done, delta_size=1216033
R1 [P2] iter 222: split done, delta_size=1505372
R1 [P2] iter 222: dedup done, delta_size=1380695
R0 [P2] iter 222: dedup done, delta_size=1107516
R1 [P2] iter 222: subtract done, delta_size=136246
R0 [P2] iter 222: subtract done, delta_size=109302
R0 [P2] iter 222: merge done, full_size=408040985
R0 [P2] iter 223 done: global_full_size=827048658
R0 [P2] iter 223: PRE-JOIN GPU mem: 81.3GB free / 85.1GB total | delta_size=109302 full_size=408040985
R1 [P2] iter 222: merge done, full_size=419007673
R1 [P2] iter 223 done: global_full_size=827048658
R1 [P2] iter 223: PRE-JOIN GPU mem: 81.2GB free / 85.1GB total | delta_size=136246 full_size=419007673
R0 [P2] iter 223: join done, raw=1241128 result_size=1144839
R1 [P2] iter 223: join done, raw=1656809 result_size=1525492
R0 [P2] iter 223: split done, delta_size=1211944
R0 [P2] iter 223: dedup done, delta_size=1111629
R1 [P2] iter 223: split done, delta_size=1458387
R1 [P2] iter 223: dedup done, delta_size=1340858
R0 [P2] iter 223: subtract done, delta_size=118210
R1 [P2] iter 223: subtract done, delta_size=118418
R0 [P2] iter 223: merge done, full_size=408159195
R0 [P2] iter 224 done: global_full_size=827285286
R1 [P2] iter 223: merge done, full_size=419126091
R1 [P2] iter 224 done: global_full_size=827285286
R1 [P2] iter 224: PRE-JOIN GPU mem: 81.2GB free / 85.1GB total | delta_size=118418 full_size=419126091
R0 [P2] iter 224: PRE-JOIN GPU mem: 81.3GB free / 85.1GB total | delta_size=118210 full_size=408159195
R1 [P2] iter 224: join done, raw=1281193 result_size=1212562
R0 [P2] iter 224: join done, raw=1444980 result_size=1257349
R0 [P2] iter 224: split done, delta_size=1161734
R0 [P2] iter 224: dedup done, delta_size=1102716
R1 [P2] iter 224: split done, delta_size=1308177
R1 [P2] iter 224: dedup done, delta_size=1230683
R0 [P2] iter 224: subtract done, delta_size=119985
R1 [P2] iter 224: subtract done, delta_size=99346
R0 [P2] iter 224: merge done, full_size=408279180
R0 [P2] iter 225 done: global_full_size=827504617
R1 [P2] iter 224: merge done, full_size=419225437
R1 [P2] iter 225 done: global_full_size=827504617
R0 [P2] iter 225: PRE-JOIN GPU mem: 81.3GB free / 85.1GB total | delta_size=119985 full_size=408279180
R1 [P2] iter 225: PRE-JOIN GPU mem: 81.2GB free / 85.1GB total | delta_size=99346 full_size=419225437
R1 [P2] iter 225: join done, raw=945010 result_size=899937
R0 [P2] iter 225: join done, raw=1511314 result_size=1328487
R0 [P2] iter 225: split done, delta_size=1063029
R1 [P2] iter 225: split done, delta_size=1165395
R0 [P2] iter 225: dedup done, delta_size=1026317
R1 [P2] iter 225: dedup done, delta_size=1112608
R0 [P2] iter 225: subtract done, delta_size=114567
R1 [P2] iter 225: subtract done, delta_size=92915
R0 [P2] iter 225: merge done, full_size=408393747
R0 [P2] iter 226 done: global_full_size=827712099
R1 [P2] iter 225: merge done, full_size=419318352
R1 [P2] iter 226 done: global_full_size=827712099
R0 [P2] iter 226: PRE-JOIN GPU mem: 81.3GB free / 85.1GB total | delta_size=114567 full_size=408393747
R1 [P2] iter 226: PRE-JOIN GPU mem: 81.2GB free / 85.1GB total | delta_size=92915 full_size=419318352
R0 [P2] iter 226: join done, raw=1566943 result_size=1432687
R1 [P2] iter 226: join done, raw=749280 result_size=733359
R1 [P2] iter 226: split done, delta_size=1173029
R0 [P2] iter 226: split done, delta_size=993017
R0 [P2] iter 226: dedup done, delta_size=942883
R1 [P2] iter 226: dedup done, delta_size=1082183
R0 [P2] iter 226: subtract done, delta_size=114285
R1 [P2] iter 226: subtract done, delta_size=87119
R0 [P2] iter 226: merge done, full_size=408508032
R0 [P2] iter 227 done: global_full_size=827913503
R0 [P2] iter 227: PRE-JOIN GPU mem: 81.3GB free / 85.1GB total | delta_size=114285 full_size=408508032
R1 [P2] iter 226: merge done, full_size=419405471
R1 [P2] iter 227 done: global_full_size=827913503
R1 [P2] iter 227: PRE-JOIN GPU mem: 81.2GB free / 85.1GB total | delta_size=87119 full_size=419405471
R1 [P2] iter 227: join done, raw=705808 result_size=693028
R0 [P2] iter 227: join done, raw=1522407 result_size=1415516
R0 [P2] iter 227: split done, delta_size=950910
R1 [P2] iter 227: split done, delta_size=1157634
R0 [P2] iter 227: dedup done, delta_size=892198
R1 [P2] iter 227: dedup done, delta_size=1058348
R0 [P2] iter 227: subtract done, delta_size=95963
R1 [P2] iter 227: subtract done, delta_size=94107
R0 [P2] iter 227: merge done, full_size=408603995
R0 [P2] iter 228 done: global_full_size=828103573
R1 [P2] iter 227: merge done, full_size=419499578
R1 [P2] iter 228 done: global_full_size=828103573
R0 [P2] iter 228: PRE-JOIN GPU mem: 81.3GB free / 85.1GB total | delta_size=95963 full_size=408603995
R1 [P2] iter 228: PRE-JOIN GPU mem: 81.2GB free / 85.1GB total | delta_size=94107 full_size=419499578
R1 [P2] iter 228: join done, raw=895712 result_size=856569
R0 [P2] iter 228: join done, raw=1181985 result_size=1119343
R0 [P2] iter 228: split done, delta_size=917342
R1 [P2] iter 228: split done, delta_size=1058570
R0 [P2] iter 228: dedup done, delta_size=854828
R1 [P2] iter 228: dedup done, delta_size=977612
R0 [P2] iter 228: subtract done, delta_size=82578
R1 [P2] iter 228: subtract done, delta_size=93897
R0 [P2] iter 228: merge done, full_size=408686573
R0 [P2] iter 229 done: global_full_size=828280048
R1 [P2] iter 228: merge done, full_size=419593475
R1 [P2] iter 229 done: global_full_size=828280048
R0 [P2] iter 229: PRE-JOIN GPU mem: 81.3GB free / 85.1GB total | delta_size=82578 full_size=408686573
R1 [P2] iter 229: PRE-JOIN GPU mem: 81.2GB free / 85.1GB total | delta_size=93897 full_size=419593475
R0 [P2] iter 229: join done, raw=844277 result_size=824719
R1 [P2] iter 229: join done, raw=1099639 result_size=1014901
R1 [P2] iter 229: split done, delta_size=1011250
R0 [P2] iter 229: split done, delta_size=828370
R0 [P2] iter 229: dedup done, delta_size=775461
R1 [P2] iter 229: dedup done, delta_size=939266
R0 [P2] iter 229: subtract done, delta_size=83005
R1 [P2] iter 229: subtract done, delta_size=83190
R0 [P2] iter 229: merge done, full_size=408769578
R0 [P2] iter 230 done: global_full_size=828446243
R1 [P2] iter 229: merge done, full_size=419676665
R1 [P2] iter 230 done: global_full_size=828446243
R1 [P2] iter 230: PRE-JOIN GPU mem: 81.2GB free / 85.1GB total | delta_size=83190 full_size=419676665
R0 [P2] iter 230: PRE-JOIN GPU mem: 81.3GB free / 85.1GB total | delta_size=83005 full_size=408769578
R0 [P2] iter 230: join done, raw=889861 result_size=857168
R1 [P2] iter 230: join done, raw=1008945 result_size=954369
R0 [P2] iter 230: split done, delta_size=782278
R0 [P2] iter 230: dedup done, delta_size=728023
R1 [P2] iter 230: split done, delta_size=1029259
R1 [P2] iter 230: dedup done, delta_size=943760
R0 [P2] iter 230: subtract done, delta_size=82552
R1 [P2] iter 230: subtract done, delta_size=79418
R0 [P2] iter 230: merge done, full_size=408852130
R0 [P2] iter 231 done: global_full_size=828608213
R1 [P2] iter 230: merge done, full_size=419756083
R1 [P2] iter 231 done: global_full_size=828608213
R0 [P2] iter 231: PRE-JOIN GPU mem: 81.3GB free / 85.1GB total | delta_size=82552 full_size=408852130
R1 [P2] iter 231: PRE-JOIN GPU mem: 81.2GB free / 85.1GB total | delta_size=79418 full_size=419756083
R1 [P2] iter 231: join done, raw=932115 result_size=870381
R0 [P2] iter 231: join done, raw=950087 result_size=899476
R0 [P2] iter 231: split done, delta_size=781822
R1 [P2] iter 231: split done, delta_size=988035
R0 [P2] iter 231: dedup done, delta_size=735682
R1 [P2] iter 231: dedup done, delta_size=920124
R0 [P2] iter 231: subtract done, delta_size=73870
R1 [P2] iter 231: subtract done, delta_size=84976
R0 [P2] iter 231: merge done, full_size=408926000
R0 [P2] iter 232 done: global_full_size=828767059
R1 [P2] iter 231: merge done, full_size=419841059
R1 [P2] iter 232 done: global_full_size=828767059
R0 [P2] iter 232: PRE-JOIN GPU mem: 81.3GB free / 85.1GB total | delta_size=73870 full_size=408926000
R1 [P2] iter 232: PRE-JOIN GPU mem: 81.2GB free / 85.1GB total | delta_size=84976 full_size=419841059
R0 [P2] iter 232: join done, raw=911436 result_size=869658
R1 [P2] iter 232: join done, raw=963581 result_size=871074
R0 [P2] iter 232: split done, delta_size=773799
R0 [P2] iter 232: dedup done, delta_size=736064
R1 [P2] iter 232: split done, delta_size=966933
R1 [P2] iter 232: dedup done, delta_size=912971
R0 [P2] iter 232: subtract done, delta_size=78204
R1 [P2] iter 232: subtract done, delta_size=79064
R0 [P2] iter 232: merge done, full_size=409004204
R0 [P2] iter 233 done: global_full_size=828924327
R1 [P2] iter 232: merge done, full_size=419920123
R1 [P2] iter 233 done: global_full_size=828924327
R1 [P2] iter 233: PRE-JOIN GPU mem: 81.2GB free / 85.1GB total | delta_size=79064 full_size=419920123
R0 [P2] iter 233: PRE-JOIN GPU mem: 81.3GB free / 85.1GB total | delta_size=78204 full_size=409004204
R1 [P2] iter 233: join done, raw=873811 result_size=820943
R0 [P2] iter 233: join done, raw=994997 result_size=955630
R0 [P2] iter 233: split done, delta_size=800784
R1 [P2] iter 233: split done, delta_size=975789
R0 [P2] iter 233: dedup done, delta_size=739110
R1 [P2] iter 233: dedup done, delta_size=904182
R0 [P2] iter 233: subtract done, delta_size=78569
R1 [P2] iter 233: subtract done, delta_size=76895
R1 [P2] iter 233: merge done, full_size=419997018
R0 [P2] iter 233: merge done, full_size=409082773
R0 [P2] iter 234 done: global_full_size=829079791
R1 [P2] iter 234 done: global_full_size=829079791
R0 [P2] iter 234: PRE-JOIN GPU mem: 81.3GB free / 85.1GB total | delta_size=78569 full_size=409082773
R1 [P2] iter 234: PRE-JOIN GPU mem: 81.2GB free / 85.1GB total | delta_size=76895 full_size=419997018
R0 [P2] iter 234: join done, raw=948330 result_size=916832
R1 [P2] iter 234: join done, raw=911281 result_size=879022
R0 [P2] iter 234: split done, delta_size=816635
R1 [P2] iter 234: split done, delta_size=979219
R0 [P2] iter 234: dedup done, delta_size=742813
R1 [P2] iter 234: dedup done, delta_size=892905
R1 [P2] iter 234: subtract done, delta_size=77771
R0 [P2] iter 234: subtract done, delta_size=74915
R1 [P2] iter 234: merge done, full_size=420074789
R0 [P2] iter 234: merge done, full_size=409157688
R0 [P2] iter 235 done: global_full_size=829232477
R1 [P2] iter 235 done: global_full_size=829232477
R0 [P2] iter 235: PRE-JOIN GPU mem: 81.3GB free / 85.1GB total | delta_size=74915 full_size=409157688
R1 [P2] iter 235: PRE-JOIN GPU mem: 81.2GB free / 85.1GB total | delta_size=77771 full_size=420074789
R0 [P2] iter 235: join done, raw=971956 result_size=945924
R1 [P2] iter 235: join done, raw=882457 result_size=857353
R1 [P2] iter 235: split done, delta_size=943465
R0 [P2] iter 235: split done, delta_size=859812
R0 [P2] iter 235: dedup done, delta_size=778537
R1 [P2] iter 235: dedup done, delta_size=852691
R0 [P2] iter 235: subtract done, delta_size=79790
R1 [P2] iter 235: subtract done, delta_size=70348
R1 [P2] iter 235: merge done, full_size=420145137
R0 [P2] iter 235: merge done, full_size=409237478
R0 [P2] iter 236 done: global_full_size=829382615
R1 [P2] iter 236 done: global_full_size=829382615
R0 [P2] iter 236: PRE-JOIN GPU mem: 81.3GB free / 85.1GB total | delta_size=79790 full_size=409237478
R1 [P2] iter 236: PRE-JOIN GPU mem: 81.2GB free / 85.1GB total | delta_size=70348 full_size=420145137
R1 [P2] iter 236: join done, raw=708707 result_size=698229
R0 [P2] iter 236: join done, raw=1129481 result_size=1042072
R1 [P2] iter 236: split done, delta_size=899223
R0 [P2] iter 236: split done, delta_size=841078
R1 [P2] iter 236: dedup done, delta_size=835310
R0 [P2] iter 236: dedup done, delta_size=783719
R0 [P2] iter 236: subtract done, delta_size=70074
R1 [P2] iter 236: subtract done, delta_size=69997
R0 [P2] iter 236: merge done, full_size=409307552
R0 [P2] iter 237 done: global_full_size=829522686
R1 [P2] iter 236: merge done, full_size=420215134
R1 [P2] iter 237 done: global_full_size=829522686
R1 [P2] iter 237: PRE-JOIN GPU mem: 81.2GB free / 85.1GB total | delta_size=69997 full_size=420215134
R0 [P2] iter 237: PRE-JOIN GPU mem: 81.3GB free / 85.1GB total | delta_size=70074 full_size=409307552
R1 [P2] iter 237: join done, raw=750114 result_size=729025
R0 [P2] iter 237: join done, raw=862813 result_size=789460
R0 [P2] iter 237: split done, delta_size=729113
R1 [P2] iter 237: split done, delta_size=789372
R0 [P2] iter 237: dedup done, delta_size=697284
R1 [P2] iter 237: dedup done, delta_size=747899
R0 [P2] iter 237: subtract done, delta_size=54838
R1 [P2] iter 237: subtract done, delta_size=64181
R0 [P2] iter 237: merge done, full_size=409362390
R0 [P2] iter 238 done: global_full_size=829641705
R1 [P2] iter 237: merge done, full_size=420279315
R1 [P2] iter 238 done: global_full_size=829641705
R1 [P2] iter 238: PRE-JOIN GPU mem: 81.2GB free / 85.1GB total | delta_size=64181 full_size=420279315
R0 [P2] iter 238: PRE-JOIN GPU mem: 81.3GB free / 85.1GB total | delta_size=54838 full_size=409362390
R1 [P2] iter 238: join done, raw=584589 result_size=574758
R0 [P2] iter 238: join done, raw=686237 result_size=652347
R0 [P2] iter 238: split done, delta_size=582971
R0 [P2] iter 238: dedup done, delta_size=554860
R1 [P2] iter 238: split done, delta_size=644134
R1 [P2] iter 238: dedup done, delta_size=607896
R0 [P2] iter 238: subtract done, delta_size=52996
R1 [P2] iter 238: subtract done, delta_size=51982
R0 [P2] iter 238: merge done, full_size=409415386
R0 [P2] iter 239 done: global_full_size=829746683
R1 [P2] iter 238: merge done, full_size=420331297
R1 [P2] iter 239 done: global_full_size=829746683
R0 [P2] iter 239: PRE-JOIN GPU mem: 81.3GB free / 85.1GB total | delta_size=52996 full_size=409415386
R1 [P2] iter 239: PRE-JOIN GPU mem: 81.2GB free / 85.1GB total | delta_size=51982 full_size=420331297
R1 [P2] iter 239: join done, raw=401966 result_size=396842
R0 [P2] iter 239: join done, raw=709055 result_size=668759
R1 [P2] iter 239: split done, delta_size=550861
R0 [P2] iter 239: split done, delta_size=514740
R0 [P2] iter 239: dedup done, delta_size=496995
R1 [P2] iter 239: dedup done, delta_size=527984
R1 [P2] iter 239: subtract done, delta_size=46583
R0 [P2] iter 239: subtract done, delta_size=49761
R0 [P2] iter 239: merge done, full_size=409465147
R0 [P2] iter 240 done: global_full_size=829843027
R1 [P2] iter 239: merge done, full_size=420377880
R1 [P2] iter 240 done: global_full_size=829843027
R0 [P2] iter 240: PRE-JOIN GPU mem: 81.3GB free / 85.1GB total | delta_size=49761 full_size=409465147
R1 [P2] iter 240: PRE-JOIN GPU mem: 81.2GB free / 85.1GB total | delta_size=46583 full_size=420377880
R0 [P2] iter 240: join done, raw=611820 result_size=582181
R1 [P2] iter 240: join done, raw=398206 result_size=394098
R1 [P2] iter 240: split done, delta_size=507399
R0 [P2] iter 240: split done, delta_size=468880
R1 [P2] iter 240: dedup done, delta_size=485409
R0 [P2] iter 240: dedup done, delta_size=453252
R1 [P2] iter 240: subtract done, delta_size=42126
R0 [P2] iter 240: subtract done, delta_size=47724
R0 [P2] iter 240: merge done, full_size=409512871
R0 [P2] iter 241 done: global_full_size=829932877
R0 [P2] iter 241: PRE-JOIN GPU mem: 81.3GB free / 85.1GB total | delta_size=47724 full_size=409512871
R1 [P2] iter 240: merge done, full_size=420420006
R1 [P2] iter 241 done: global_full_size=829932877
R1 [P2] iter 241: PRE-JOIN GPU mem: 81.2GB free / 85.1GB total | delta_size=42126 full_size=420420006
R1 [P2] iter 241: join done, raw=376238 result_size=373354
R0 [P2] iter 241: join done, raw=559875 result_size=530774
R0 [P2] iter 241: split done, delta_size=431917
R0 [P2] iter 241: dedup done, delta_size=419299
R1 [P2] iter 241: split done, delta_size=472211
R1 [P2] iter 241: dedup done, delta_size=454036
R0 [P2] iter 241: subtract done, delta_size=49641
R1 [P2] iter 241: subtract done, delta_size=37164
R0 [P2] iter 241: merge done, full_size=409562512
R0 [P2] iter 242 done: global_full_size=830019682
R1 [P2] iter 241: merge done, full_size=420457170
R1 [P2] iter 242 done: global_full_size=830019682
R0 [P2] iter 242: PRE-JOIN GPU mem: 81.3GB free / 85.1GB total | delta_size=49641 full_size=409562512
R1 [P2] iter 242: PRE-JOIN GPU mem: 81.2GB free / 85.1GB total | delta_size=37164 full_size=420457170
R1 [P2] iter 242: join done, raw=331534 result_size=328668
R0 [P2] iter 242: join done, raw=586655 result_size=561278
R0 [P2] iter 242: split done, delta_size=439987
R1 [P2] iter 242: split done, delta_size=449959
R0 [P2] iter 242: dedup done, delta_size=423070
R1 [P2] iter 242: dedup done, delta_size=432797
R0 [P2] iter 242: subtract done, delta_size=45194
R1 [P2] iter 242: subtract done, delta_size=37215
R0 [P2] iter 242: merge done, full_size=409607706
R0 [P2] iter 243 done: global_full_size=830102091
R1 [P2] iter 242: merge done, full_size=420494385
R1 [P2] iter 243 done: global_full_size=830102091
R0 [P2] iter 243: PRE-JOIN GPU mem: 81.3GB free / 85.1GB total | delta_size=45194 full_size=409607706
R1 [P2] iter 243: PRE-JOIN GPU mem: 81.2GB free / 85.1GB total | delta_size=37215 full_size=420494385
R0 [P2] iter 243: join done, raw=580316 result_size=556317
R1 [P2] iter 243: join done, raw=307757 result_size=299007
R1 [P2] iter 243: split done, delta_size=448306
R0 [P2] iter 243: split done, delta_size=407018
R0 [P2] iter 243: dedup done, delta_size=392963
R1 [P2] iter 243: dedup done, delta_size=433545
R1 [P2] iter 243: subtract done, delta_size=37842
R0 [P2] iter 243: subtract done, delta_size=37260
R1 [P2] iter 243: merge done, full_size=420532227
R0 [P2] iter 243: merge done, full_size=409644966
R0 [P2] iter 244 done: global_full_size=830177193
R1 [P2] iter 244 done: global_full_size=830177193
R0 [P2] iter 244: PRE-JOIN GPU mem: 81.3GB free / 85.1GB total | delta_size=37260 full_size=409644966
R1 [P2] iter 244: PRE-JOIN GPU mem: 81.2GB free / 85.1GB total | delta_size=37842 full_size=420532227
R1 [P2] iter 244: join done, raw=363581 result_size=348695
R0 [P2] iter 244: join done, raw=454006 result_size=438308
R1 [P2] iter 244: split done, delta_size=425494
R0 [P2] iter 244: split done, delta_size=361509
R1 [P2] iter 244: dedup done, delta_size=410534
R0 [P2] iter 244: dedup done, delta_size=348093
R0 [P2] iter 244: subtract done, delta_size=33433
R1 [P2] iter 244: subtract done, delta_size=33043
R0 [P2] iter 244: merge done, full_size=409678399
R0 [P2] iter 245 done: global_full_size=830243669
R1 [P2] iter 244: merge done, full_size=420565270
R1 [P2] iter 245 done: global_full_size=830243669
R0 [P2] iter 245: PRE-JOIN GPU mem: 81.3GB free / 85.1GB total | delta_size=33433 full_size=409678399
R1 [P2] iter 245: PRE-JOIN GPU mem: 81.2GB free / 85.1GB total | delta_size=33043 full_size=420565270
R0 [P2] iter 245: join done, raw=449679 result_size=436885
R1 [P2] iter 245: join done, raw=304411 result_size=291608
R0 [P2] iter 245: split done, delta_size=308232
R1 [P2] iter 245: split done, delta_size=420261
R0 [P2] iter 245: dedup done, delta_size=294697
R1 [P2] iter 245: dedup done, delta_size=401441
R0 [P2] iter 245: subtract done, delta_size=33280
R1 [P2] iter 245: subtract done, delta_size=27549
R0 [P2] iter 245: merge done, full_size=409711679
R0 [P2] iter 246 done: global_full_size=830304498
R1 [P2] iter 245: merge done, full_size=420592819
R1 [P2] iter 246 done: global_full_size=830304498
R1 [P2] iter 246: PRE-JOIN GPU mem: 81.2GB free / 85.1GB total | delta_size=27549 full_size=420592819
R0 [P2] iter 246: PRE-JOIN GPU mem: 81.3GB free / 85.1GB total | delta_size=33280 full_size=409711679
R1 [P2] iter 246: join done, raw=233608 result_size=227668
R0 [P2] iter 246: join done, raw=498948 result_size=477377
R0 [P2] iter 246: split done, delta_size=301560
R1 [P2] iter 246: split done, delta_size=403485
R0 [P2] iter 246: dedup done, delta_size=289252
R1 [P2] iter 246: dedup done, delta_size=385946
R0 [P2] iter 246: subtract done, delta_size=30421
R1 [P2] iter 246: subtract done, delta_size=27398
R0 [P2] iter 246: merge done, full_size=409742100
R0 [P2] iter 247 done: global_full_size=830362317
R1 [P2] iter 246: merge done, full_size=420620217
R1 [P2] iter 247 done: global_full_size=830362317
R0 [P2] iter 247: PRE-JOIN GPU mem: 81.3GB free / 85.1GB total | delta_size=30421 full_size=409742100
R1 [P2] iter 247: PRE-JOIN GPU mem: 81.2GB free / 85.1GB total | delta_size=27398 full_size=420620217
R1 [P2] iter 247: join done, raw=306161 result_size=303117
R0 [P2] iter 247: join done, raw=397272 result_size=383286
R0 [P2] iter 247: split done, delta_size=323597
R1 [P2] iter 247: split done, delta_size=362806
R0 [P2] iter 247: dedup done, delta_size=305739
R1 [P2] iter 247: dedup done, delta_size=341468
R0 [P2] iter 247: subtract done, delta_size=24426
R1 [P2] iter 247: subtract done, delta_size=25801
R0 [P2] iter 247: merge done, full_size=409766526
R0 [P2] iter 248 done: global_full_size=830412544
R1 [P2] iter 247: merge done, full_size=420646018
R1 [P2] iter 248 done: global_full_size=830412544
R0 [P2] iter 248: PRE-JOIN GPU mem: 81.3GB free / 85.1GB total | delta_size=24426 full_size=409766526
R1 [P2] iter 248: PRE-JOIN GPU mem: 81.2GB free / 85.1GB total | delta_size=25801 full_size=420646018
R0 [P2] iter 248: join done, raw=247845 result_size=241953
R1 [P2] iter 248: join done, raw=286848 result_size=278211
R0 [P2] iter 248: split done, delta_size=255481
R1 [P2] iter 248: split done, delta_size=264683
R0 [P2] iter 248: dedup done, delta_size=240617
R1 [P2] iter 248: dedup done, delta_size=249908
R0 [P2] iter 248: subtract done, delta_size=18042
R1 [P2] iter 248: subtract done, delta_size=19223
R0 [P2] iter 248: merge done, full_size=409784568
R0 [P2] iter 249 done: global_full_size=830449809
R0 [P2] iter 249: PRE-JOIN GPU mem: 81.3GB free / 85.1GB total | delta_size=18042 full_size=409784568
R1 [P2] iter 248: merge done, full_size=420665241
R1 [P2] iter 249 done: global_full_size=830449809
R1 [P2] iter 249: PRE-JOIN GPU mem: 81.2GB free / 85.1GB total | delta_size=19223 full_size=420665241
R0 [P2] iter 249: join done, raw=134304 result_size=127423
R1 [P2] iter 249: join done, raw=170604 result_size=163953
R1 [P2] iter 249: split done, delta_size=155829
R0 [P2] iter 249: split done, delta_size=135547
R1 [P2] iter 249: dedup done, delta_size=146297
R0 [P2] iter 249: dedup done, delta_size=128860
R1 [P2] iter 249: subtract done, delta_size=15740
R0 [P2] iter 249: subtract done, delta_size=16952
R1 [P2] iter 249: merge done, full_size=420680981
R0 [P2] iter 249: merge done, full_size=409801520
R0 [P2] iter 250 done: global_full_size=830482501
R1 [P2] iter 250 done: global_full_size=830482501
R0 [P2] iter 250: PRE-JOIN GPU mem: 81.3GB free / 85.1GB total | delta_size=16952 full_size=409801520
R1 [P2] iter 250: PRE-JOIN GPU mem: 81.2GB free / 85.1GB total | delta_size=15740 full_size=420680981
R0 [P2] iter 250: join done, raw=131691 result_size=121792
R1 [P2] iter 250: join done, raw=132163 result_size=124648
R1 [P2] iter 250: split done, delta_size=130402
R0 [P2] iter 250: split done, delta_size=116038
R1 [P2] iter 250: dedup done, delta_size=124380
R0 [P2] iter 250: dedup done, delta_size=111490
R1 [P2] iter 250: subtract done, delta_size=14031
R0 [P2] iter 250: subtract done, delta_size=16958
R0 [P2] iter 250: merge done, full_size=409818478
R0 [P2] iter 251 done: global_full_size=830513490
R1 [P2] iter 250: merge done, full_size=420695012
R1 [P2] iter 251 done: global_full_size=830513490
R0 [P2] iter 251: PRE-JOIN GPU mem: 81.3GB free / 85.1GB total | delta_size=16958 full_size=409818478
R1 [P2] iter 251: PRE-JOIN GPU mem: 81.2GB free / 85.1GB total | delta_size=14031 full_size=420695012
R1 [P2] iter 251: join done, raw=103665 result_size=97188
R0 [P2] iter 251: join done, raw=155562 result_size=147028
R1 [P2] iter 251: split done, delta_size=127029
R0 [P2] iter 251: split done, delta_size=117187
R1 [P2] iter 251: dedup done, delta_size=120446
R0 [P2] iter 251: dedup done, delta_size=111248
R1 [P2] iter 251: subtract done, delta_size=12263
R0 [P2] iter 251: subtract done, delta_size=16430
R1 [P2] iter 251: merge done, full_size=420707275
R0 [P2] iter 251: merge done, full_size=409834908
R0 [P2] iter 252 done: global_full_size=830542183
R0 [P2] iter 252: PRE-JOIN GPU mem: 81.3GB free / 85.1GB total | delta_size=16430 full_size=409834908
R1 [P2] iter 252 done: global_full_size=830542183
R1 [P2] iter 252: PRE-JOIN GPU mem: 81.2GB free / 85.1GB total | delta_size=12263 full_size=420707275
R1 [P2] iter 252: join done, raw=71371 result_size=69696
R0 [P2] iter 252: join done, raw=173431 result_size=158983
R1 [P2] iter 252: split done, delta_size=121295
R1 [P2] iter 252: dedup done, delta_size=115445
R0 [P2] iter 252: split done, delta_size=107384
R0 [P2] iter 252: dedup done, delta_size=102267
R1 [P2] iter 252: subtract done, delta_size=11558
R0 [P2] iter 252: subtract done, delta_size=13745
R1 [P2] iter 252: merge done, full_size=420718833
R0 [P2] iter 252: merge done, full_size=409848653
R0 [P2] iter 253 done: global_full_size=830567486
R1 [P2] iter 253 done: global_full_size=830567486
R0 [P2] iter 253: PRE-JOIN GPU mem: 81.3GB free / 85.1GB total | delta_size=13745 full_size=409848653
R1 [P2] iter 253: PRE-JOIN GPU mem: 81.2GB free / 85.1GB total | delta_size=11558 full_size=420718833
R1 [P2] iter 253: join done, raw=91673 result_size=90473
R0 [P2] iter 253: join done, raw=137189 result_size=125179
R1 [P2] iter 253: split done, delta_size=120773
R0 [P2] iter 253: split done, delta_size=94879
R1 [P2] iter 253: dedup done, delta_size=112139
R0 [P2] iter 253: dedup done, delta_size=90137
R0 [P2] iter 253: subtract done, delta_size=11280
R1 [P2] iter 253: subtract done, delta_size=10984
R0 [P2] iter 253: merge done, full_size=409859933
R0 [P2] iter 254 done: global_full_size=830589750
R1 [P2] iter 253: merge done, full_size=420729817
R1 [P2] iter 254 done: global_full_size=830589750
R0 [P2] iter 254: PRE-JOIN GPU mem: 81.3GB free / 85.1GB total | delta_size=11280 full_size=409859933
R1 [P2] iter 254: PRE-JOIN GPU mem: 81.2GB free / 85.1GB total | delta_size=10984 full_size=420729817
R0 [P2] iter 254: join done, raw=81643 result_size=77781
R1 [P2] iter 254: join done, raw=136483 result_size=126127
R0 [P2] iter 254: split done, delta_size=87670
R0 [P2] iter 254: dedup done, delta_size=83384
R1 [P2] iter 254: split done, delta_size=116238
R1 [P2] iter 254: dedup done, delta_size=108603
R0 [P2] iter 254: subtract done, delta_size=9274
R1 [P2] iter 254: subtract done, delta_size=10445
R0 [P2] iter 254: merge done, full_size=409869207
R0 [P2] iter 255 done: global_full_size=830609469
R1 [P2] iter 254: merge done, full_size=420740262
R1 [P2] iter 255 done: global_full_size=830609469
R0 [P2] iter 255: PRE-JOIN GPU mem: 81.3GB free / 85.1GB total | delta_size=9274 full_size=409869207
R1 [P2] iter 255: PRE-JOIN GPU mem: 81.2GB free / 85.1GB total | delta_size=10445 full_size=420740262
R0 [P2] iter 255: join done, raw=61984 result_size=60947
R1 [P2] iter 255: join done, raw=144408 result_size=133621
R0 [P2] iter 255: split done, delta_size=89970
R0 [P2] iter 255: dedup done, delta_size=83365
R1 [P2] iter 255: split done, delta_size=104598
R1 [P2] iter 255: dedup done, delta_size=97684
R0 [P2] iter 255: subtract done, delta_size=7870
R1 [P2] iter 255: subtract done, delta_size=8217
R0 [P2] iter 255: merge done, full_size=409877077
R0 [P2] iter 256 done: global_full_size=830625556
R0 [P2] iter 256: PRE-JOIN GPU mem: 81.3GB free / 85.1GB total | delta_size=7870 full_size=409877077
R1 [P2] iter 255: merge done, full_size=420748479
R1 [P2] iter 256 done: global_full_size=830625556
R1 [P2] iter 256: PRE-JOIN GPU mem: 81.2GB free / 85.1GB total | delta_size=8217 full_size=420748479
R0 [P2] iter 256: join done, raw=79743 result_size=78793
R1 [P2] iter 256: join done, raw=69507 result_size=65385
R1 [P2] iter 256: split done, delta_size=73742
R1 [P2] iter 256: dedup done, delta_size=69646
R0 [P2] iter 256: split done, delta_size=70436
R0 [P2] iter 256: dedup done, delta_size=65125
R1 [P2] iter 256: subtract done, delta_size=3955
R0 [P2] iter 256: subtract done, delta_size=3343
R1 [P2] iter 256: merge done, full_size=420752434
R0 [P2] iter 256: merge done, full_size=409880420
R0 [P2] iter 257 done: global_full_size=830632854
R1 [P2] iter 257 done: global_full_size=830632854
R0 [P2] iter 257: PRE-JOIN GPU mem: 81.3GB free / 85.1GB total | delta_size=3343 full_size=409880420
R1 [P2] iter 257: PRE-JOIN GPU mem: 81.2GB free / 85.1GB total | delta_size=3955 full_size=420752434
R0 [P2] iter 257: join done, raw=45404 result_size=45167
R1 [P2] iter 257: join done, raw=14772 result_size=14679
R1 [P2] iter 257: split done, delta_size=29759
R1 [P2] iter 257: dedup done, delta_size=28348
R0 [P2] iter 257: split done, delta_size=30087
R0 [P2] iter 257: dedup done, delta_size=28108
R1 [P2] iter 257: subtract done, delta_size=1144
R0 [P2] iter 257: subtract done, delta_size=470
R1 [P2] iter 257: merge done, full_size=420753578
R0 [P2] iter 257: merge done, full_size=409880890
R0 [P2] iter 258 done: global_full_size=830634468
R1 [P2] iter 258 done: global_full_size=830634468
R0 [P2] iter 258: PRE-JOIN GPU mem: 81.3GB free / 85.1GB total | delta_size=470 full_size=409880890
R1 [P2] iter 258: PRE-JOIN GPU mem: 81.2GB free / 85.1GB total | delta_size=1144 full_size=420753578
R0 [P2] iter 258: join done, raw=6819 result_size=6651
R1 [P2] iter 258: join done, raw=975 result_size=975
R0 [P2] iter 258: split done, delta_size=3796
R1 [P2] iter 258: split done, delta_size=3830
R0 [P2] iter 258: dedup done, delta_size=3751
R1 [P2] iter 258: dedup done, delta_size=3800
R0 [P2] iter 258: subtract done, delta_size=3
R1 [P2] iter 258: subtract done, delta_size=98
R0 [P2] iter 258: merge done, full_size=409880893
R0 [P2] iter 259 done: global_full_size=830634569
R1 [P2] iter 258: merge done, full_size=420753676
R1 [P2] iter 259 done: global_full_size=830634569
R0 [P2] iter 259: PRE-JOIN GPU mem: 81.3GB free / 85.1GB total | delta_size=3 full_size=409880893
R1 [P2] iter 259: PRE-JOIN GPU mem: 81.2GB free / 85.1GB total | delta_size=98 full_size=420753676
R1 [P2] iter 259: join done, raw=0 result_size=0
R0 [P2] iter 259: join done, raw=45 result_size=45
R0 [P2] iter 259: split done, delta_size=21
R1 [P2] iter 259: split done, delta_size=24
R0 [P2] iter 259: dedup done, delta_size=21
R1 [P2] iter 259: dedup done, delta_size=24
R0 [P2] iter 259: subtract done, delta_size=0
R0 [P2] iter 260 done: global_full_size=830634569
R1 [P2] iter 259: subtract done, delta_size=0
R1 [P2] iter 260 done: global_full_size=830634569
Phase 2: 27.7016s | TC(g^k) = 830634569 tuples, 260 iterations
  Join: 3.7983s | Dedup: 2.0541s | Subtract: 2.2071s | Merge: 4.0602s | HT build: 0.0002s
  Comm: 14.2826s
R0 [P2→P3] GPU mem: 81.4GB free / 85.1GB total
R0 [P2→P3] Live allocations:
  full (TC(g^k) rev): 409880893 tuples = 3.3GB
  delta:              0 tuples = 0.0GB
  seed:               552020 tuples = 0.0GB
R0 [P2→P3] Accounted: 3.3GB | Unaccounted: 0.5GB
R0 [P3] entering Phase 3: seed_size=552020 full_size=409880893
R0 [P3] allgather counts done: total_seed_size=2946954
R1 [P2→P3] GPU mem: 81.3GB free / 85.1GB total
R1 [P2→P3] Live allocations:
  full (TC(g^k) rev): 420753676 tuples = 3.4GB
  delta:              0 tuples = 0.0GB
  seed:               2394934 tuples = 0.0GB
R1 [P2→P3] Accounted: 3.4GB | Unaccounted: 0.5GB
R1 [P3] entering Phase 3: seed_size=2394934 full_size=420753676
R1 [P3] allgather counts done: total_seed_size=2946954
R0 [P3] allgatherv seeds done
R1 [P3] allgatherv seeds done
R1 [P3] seed HT built: total_seed_size=2946954 seed_ht_rows=8388608 | GPU mem: 81.2GB free
  Live: full=3.4GB + delta=0.0GB + seed=0.0GB + seed_ht=0.1GB = 3.5GB | used=3.9GB
R1 [P3] reversed full in place: full_size=420753676
R0 [P3] seed HT built: total_seed_size=2946954 seed_ht_rows=8388608 | GPU mem: 81.3GB free
  Live: full=3.3GB + delta=0.0GB + seed=0.0GB + seed_ht=0.1GB = 3.4GB | used=3.8GB
R1 [P3] PRE-JOIN GPU mem: 81.2GB free / 85.1GB total | probe_size=420753676 seed_ht_rows=8388608
R0 [P3] reversed full in place: full_size=409880893
R0 [P3] PRE-JOIN GPU mem: 81.3GB free / 85.1GB total | probe_size=409880893 seed_ht_rows=8388608
R0 [P3] join raw=2049822711 -> kept=449283556 (4.6x collapse)
R0 [P3] join done: extended_size=449283556 (3.6GB) | GPU mem: 77.8GB free
R0 [P3] PRE-SPLIT GPU mem: 81.0GB free / 85.1GB total | extended_size=449283556 (3.6GB)
R1 [P3] join raw=2130930005 -> kept=458917613 (4.6x collapse)
R1 [P3] join done: extended_size=458917613 (3.7GB) | GPU mem: 77.6GB free
R1 [P3] PRE-SPLIT GPU mem: 80.9GB free / 85.1GB total | extended_size=458917613 (3.7GB)
R0 [P3] extended sorted & copied to host, GPU freed: 84.6GB free
R1 [P3] extended sorted & copied to host, GPU freed: 84.6GB free
R1 [P3] extended split done: ext_split_size=458917613
R0 [P3] extended split done: ext_split_size=449283556
R0 [P3] seed split done: seed_split_size=1465760
R1 [P3] seed split done: seed_split_size=1481194
R1 [P3] concat done: result_size=460398807 (seed=1481194 + ext=458917613)
R0 [P3] concat done: result_size=450749316 (seed=1465760 + ext=449283556)
R0 [P3] dedup done: result_size=450220524
R1 [P3] dedup done: result_size=459850394
Phase 1: 0.1168s | seed_size=552020 (length 1), g^k_size=2394934
Phase 2: 27.7016s | TC(g^k) = 830634569 tuples, 260 iterations
  Join: 3.7983s | Dedup: 2.0541s | Subtract: 2.2071s | Merge: 4.0602s | HT build: 0.0002s
  Comm: 14.2826s
Phase 3: 4.6869s
  Join: 3.0751s | HT build: 0.0368s | Comm: 0.7843s | Dedup: 0.1570s | Kernels: 0.6224s
─────────────────────────────────────
Total: 32.5053s | TC size: 910070918
