R3 [P1] parallel_read done: row_size=69003 total_rows=552020
R0 [P1] parallel_read done: row_size=69002 total_rows=552020
R1 [P1] parallel_read done: row_size=69003 total_rows=552020
R4 [P1] parallel_read done: row_size=69002 total_rows=552020
R2 [P1] parallel_read done: row_size=69002 total_rows=552020
R5 [P1] parallel_read done: row_size=69003 total_rows=552020
R7 [P1] parallel_read done: row_size=69003 total_rows=552020
R6 [P1] parallel_read done: row_size=69002 total_rows=552020
R5 [P1] allgather done
R2 [P1] allgather done
R6 [P1] allgather done
R1 [P1] allgather done
R7 [P1] allgather done
R3 [P1] allgather done
R4 [P1] allgather done
R0 [P1] allgather done
R2 [P1] entity arrays + dedup done: g_size=552020 l_size=552020
R2 [P1] initial HT built: ht_rows=1048576
R3 [P1] entity arrays + dedup done: g_size=552020 l_size=552020
R3 [P1] initial HT built: ht_rows=1048576
R0 [P1] entity arrays + dedup done: g_size=552020 l_size=552020
R1 [P1] entity arrays + dedup done: g_size=552020 l_size=552020
R2 [P1] step 0: g_rev join done, temp_g_rev_size=2638983
R1 [P1] initial HT built: ht_rows=1048576
R3 [P1] step 0: seed join done, temp_l_size=2638983
R0 [P1] initial HT built: ht_rows=1048576
R2 [P1] step 0: g_rev dedup done, g_rev_size=2394934
R1 [P1] step 0: seed join done, temp_l_size=2638983
R4 [P1] entity arrays + dedup done: g_size=552020 l_size=552020
R5 [P1] entity arrays + dedup done: g_size=552020 l_size=552020
R3 [P1] step 0: seed dedup done, l_size=2394934
R0 [P1] step 0: g_rev join done, temp_g_rev_size=2638983
R1 [P1] step 0: seed dedup done, l_size=2394934
R4 [P1] initial HT built: ht_rows=1048576
R5 [P1] initial HT built: ht_rows=1048576
R3 [P1] step 0: g_rev join done, temp_g_rev_size=2638983
R0 [P1] step 0: g_rev dedup done, g_rev_size=2394934
R7 [P1] entity arrays + dedup done: g_size=552020 l_size=552020
R1 [P1] step 0: g_rev join done, temp_g_rev_size=2638983
R2 [P1] step 0: g squared, g_size=2394934 ht_rows=4194304
R3 [P1] step 0: g_rev dedup done, g_rev_size=2394934
R1 [P1] step 0: g_rev dedup done, g_rev_size=2394934
R0 [P1] step 0: g squared, g_size=2394934 ht_rows=4194304
R7 [P1] initial HT built: ht_rows=1048576
R6 [P1] entity arrays + dedup done: g_size=552020 l_size=552020
R6 [P1] initial HT built: ht_rows=1048576
R4 [P1] step 0: g_rev join done, temp_g_rev_size=2638983
R7 [P1] step 0: seed join done, temp_l_size=2638983
R5 [P1] step 0: seed join done, temp_l_size=2638983
R4 [P1] step 0: g_rev dedup done, g_rev_size=2394934
R6 [P1] step 0: g_rev join done, temp_g_rev_size=2638983
R5 [P1] step 0: seed dedup done, l_size=2394934
R7 [P1] step 0: seed dedup done, l_size=2394934
R6 [P1] step 0: g_rev dedup done, g_rev_size=2394934
R5 [P1] step 0: g_rev join done, temp_g_rev_size=2638983
R7 [P1] step 0: g_rev join done, temp_g_rev_size=2638983
R2 [P1] step 1: seed join done, temp_l_size=5422988
R5 [P1] step 0: g_rev dedup done, g_rev_size=2394934
R4 [P1] step 0: g squared, g_size=2394934 ht_rows=4194304
R7 [P1] step 0: g_rev dedup done, g_rev_size=2394934
R3 [P1] step 0: g squared, g_size=2394934 ht_rows=4194304
R6 [P1] step 0: g squared, g_size=2394934 ht_rows=4194304
R4 [P1] step 1: g_rev join done, temp_g_rev_size=9760524
R6 [P1] step 1: seed join done, temp_l_size=5422988
R5 [P1] step 0: g squared, g_size=2394934 ht_rows=4194304
R7 [P1] step 0: g squared, g_size=2394934 ht_rows=4194304
R4 [P1] step 1: g_rev dedup done, g_rev_size=8450895
R6 [P1] step 1: seed dedup done, l_size=4879490
R5 [P1] step 1: g_rev join done, temp_g_rev_size=9760524
R7 [P1] step 1: seed join done, temp_l_size=9760524
R6 [P1] step 1: g_rev join done, temp_g_rev_size=9760524
R5 [P1] step 1: g_rev dedup done, g_rev_size=8450895
R7 [P1] step 1: seed dedup done, l_size=8450895
R1 [P1] step 0: g squared, g_size=2394934 ht_rows=4194304
R6 [P1] step 1: g_rev dedup done, g_rev_size=8450895
R0 [P1] step 1: g_rev join done, temp_g_rev_size=9760524
R7 [P1] step 1: g_rev join done, temp_g_rev_size=9760524
R7 [P1] step 1: g_rev dedup done, g_rev_size=8450895
R2 [P1] step 1: seed dedup done, l_size=4879490
R0 [P1] step 1: g_rev dedup done, g_rev_size=8450895
R3 [P1] step 1: seed join done, temp_l_size=9760524
R1 [P1] step 1: g_rev join done, temp_g_rev_size=9760524
R2 [P1] step 1: g_rev join done, temp_g_rev_size=9760524
R3 [P1] step 1: seed dedup done, l_size=8450895
R1 [P1] step 1: g_rev dedup done, g_rev_size=8450895
R2 [P1] step 1: g_rev dedup done, g_rev_size=8450895
R3 [P1] step 1: g_rev join done, temp_g_rev_size=9760524
R3 [P1] step 1: g_rev dedup done, g_rev_size=8450895
R4 [P1] step 1: g squared, g_size=8450895 ht_rows=16777216
R4 [P1] step 2: seed join done, temp_l_size=15779109
R5 [P1] step 1: g squared, g_size=8450895 ht_rows=16777216
R6 [P1] step 1: g squared, g_size=8450895 ht_rows=16777216
R4 [P1] step 2: seed dedup done, l_size=14511910
R7 [P1] step 1: g squared, g_size=8450895 ht_rows=16777216
R5 [P1] step 2: seed join done, temp_l_size=27591910
R6 [P1] step 2: seed join done, temp_l_size=42956956
R5 [P1] step 2: seed dedup done, l_size=24376682
R4 [P1] step 2: g_rev join done, temp_g_rev_size=61801108
R7 [P1] step 2: seed join done, temp_l_size=61801108
R0 [P1] step 1: g squared, g_size=8450895 ht_rows=16777216
R6 [P1] step 2: seed dedup done, l_size=38055530
R5 [P1] step 2: g_rev join done, temp_g_rev_size=61801108
R6 [P1] step 2: g_rev join done, temp_g_rev_size=61801108
R4 [P1] step 2: g_rev dedup done, g_rev_size=53523167
R7 [P1] step 2: seed dedup done, l_size=53523167
R0 [P1] step 2: g_rev join done, temp_g_rev_size=61801108
R2 [P1] step 1: g squared, g_size=8450895 ht_rows=16777216
R1 [P1] step 1: g squared, g_size=8450895 ht_rows=16777216
R5 [P1] step 2: g_rev dedup done, g_rev_size=53523167
R7 [P1] step 2: g_rev join done, temp_g_rev_size=61801108
R3 [P1] step 1: g squared, g_size=8450895 ht_rows=16777216
R6 [P1] step 2: g_rev dedup done, g_rev_size=53523167
R0 [P1] step 2: g_rev dedup done, g_rev_size=53523167
R7 [P1] step 2: g_rev dedup done, g_rev_size=53523167
R2 [P1] step 2: g_rev join done, temp_g_rev_size=61801108
R3 [P1] step 2: g_rev join done, temp_g_rev_size=61801108
R1 [P1] step 2: g_rev join done, temp_g_rev_size=61801108
R3 [P1] step 2: g_rev dedup done, g_rev_size=53523167
R1 [P1] step 2: g_rev dedup done, g_rev_size=53523167
R2 [P1] step 2: g_rev dedup done, g_rev_size=53523167
R4 [P1] step 2: g squared, g_size=53523167 ht_rows=134217728
R5 [P1] step 2: g squared, g_size=53523167 ht_rows=134217728
R7 [P1] step 2: g squared, g_size=53523167 ht_rows=134217728
R6 [P1] step 2: g squared, g_size=53523167 ht_rows=134217728
R5 [P1] partition filter done: gk_fwd=6619772 gk_rev=6765537
Rank 5 Phase 1: 3.6512s | seed_size=24376682 (length 6), g^k_size=53523167
R4 [P1] partition filter done: gk_fwd=6513447 gk_rev=6401687
Rank 4 Phase 1: 3.6541s | seed_size=14511910 (length 5), g^k_size=53523167
R7 [P1] partition filter done: gk_fwd=6639172 gk_rev=6791375
Rank 7 Phase 1: 3.6530s | seed_size=53523167 (length 8), g^k_size=53523167
R5 [P2] dedup full done: full_size=6765537
R5 [P2] delta copy done: delta_size=6765537
R6 [P1] partition filter done: gk_fwd=6737736 gk_rev=6355765
Rank 6 Phase 1: 3.6534s | seed_size=38055530 (length 7), g^k_size=53523167
R4 [P2] dedup full done: full_size=6401687
R4 [P2] delta copy done: delta_size=6401687
R7 [P2] dedup full done: full_size=6791375
R7 [P2] delta copy done: delta_size=6791375
R6 [P2] dedup full done: full_size=6355765
R6 [P2] delta copy done: delta_size=6355765
R1 [P1] step 2: g squared, g_size=53523167 ht_rows=134217728
R0 [P1] step 2: g squared, g_size=53523167 ht_rows=134217728
R2 [P1] step 2: g squared, g_size=53523167 ht_rows=134217728
R1 [P1] partition filter done: gk_fwd=6787833 gk_rev=7227592
Rank 1 Phase 1: 3.6228s | seed_size=2394934 (length 2), g^k_size=53523167
R0 [P1] partition filter done: gk_fwd=6687496 gk_rev=6706224
Rank 0 Phase 1: 3.6181s | seed_size=552020 (length 1), g^k_size=53523167
R1 [P2] dedup full done: full_size=7227592
R1 [P2] delta copy done: delta_size=7227592
R2 [P1] partition filter done: gk_fwd=6751964 gk_rev=6583336
Rank 2 Phase 1: 3.6195s | seed_size=4879490 (length 3), g^k_size=53523167
R0 [P2] dedup full done: full_size=6706224
R0 [P2] delta copy done: delta_size=6706224
R2 [P2] dedup full done: full_size=6583336
R2 [P2] delta copy done: delta_size=6583336
R3 [P1] step 2: g squared, g_size=53523167 ht_rows=134217728
R3 [P1] partition filter done: gk_fwd=6785747 gk_rev=6691651
Rank 3 Phase 1: 3.6177s | seed_size=8450895 (length 4), g^k_size=53523167
R3 [P2] dedup full done: full_size=6691651
R3 [P2] delta copy done: delta_size=6691651
R4 [P2] HT built: gk_fwd_size=6513447 ht_rows=16777216
R5 [P2] HT built: gk_fwd_size=6619772 ht_rows=16777216
R6 [P2] HT built: gk_fwd_size=6737736 ht_rows=16777216
R7 [P2] HT built: gk_fwd_size=6639172 ht_rows=16777216
R2 [P2] HT built: gk_fwd_size=6751964 ht_rows=16777216
R0 [P2] HT built: gk_fwd_size=6687496 ht_rows=16777216
R1 [P2] HT built: gk_fwd_size=6787833 ht_rows=16777216
R3 [P2] HT built: gk_fwd_size=6785747 ht_rows=16777216
R0 [P2] entering loop: global_full_size=53523167
R1 [P2] entering loop: global_full_size=53523167
R2 [P2] entering loop: global_full_size=53523167
R4 [P2] entering loop: global_full_size=53523167
R3 [P2] entering loop: global_full_size=53523167
R5 [P2] entering loop: global_full_size=53523167
R6 [P2] entering loop: global_full_size=53523167
R7 [P2] entering loop: global_full_size=53523167
R4 [P2] iter 0: PRE-JOIN GPU mem: 83.8GB free / 85.1GB total | delta_size=6401687 full_size=6401687
R5 [P2] iter 0: PRE-JOIN GPU mem: 83.7GB free / 85.1GB total | delta_size=6765537 full_size=6765537
R6 [P2] iter 0: PRE-JOIN GPU mem: 83.6GB free / 85.1GB total | delta_size=6355765 full_size=6355765
R7 [P2] iter 0: PRE-JOIN GPU mem: 83.5GB free / 85.1GB total | delta_size=6791375 full_size=6791375
R0 [P2] iter 0: PRE-JOIN GPU mem: 84.0GB free / 85.1GB total | delta_size=6706224 full_size=6706224
R1 [P2] iter 0: PRE-JOIN GPU mem: 83.9GB free / 85.1GB total | delta_size=7227592 full_size=7227592
R2 [P2] iter 0: PRE-JOIN GPU mem: 83.9GB free / 85.1GB total | delta_size=6583336 full_size=6583336
R3 [P2] iter 0: PRE-JOIN GPU mem: 83.9GB free / 85.1GB total | delta_size=6691651 full_size=6691651
R4 [P2] iter 0: join done, raw=13832354 result_size=13502295
R7 [P2] iter 0: join done, raw=12254341 result_size=11742631
R6 [P2] iter 0: join done, raw=13568824 result_size=13025153
R5 [P2] iter 0: join done, raw=14617380 result_size=13950297
R0 [P2] iter 0: join done, raw=10003583 result_size=9747486
R1 [P2] iter 0: join done, raw=11944878 result_size=11540492
R2 [P2] iter 0: join done, raw=14348368 result_size=13899456
R3 [P2] iter 0: join done, raw=19653778 result_size=18054094
R4 [P2] iter 0: split done, delta_size=12874997
R5 [P2] iter 0: split done, delta_size=13168316
R7 [P2] iter 0: split done, delta_size=14314189
R6 [P2] iter 0: split done, delta_size=12967049
R0 [P2] iter 0: split done, delta_size=13063916
R4 [P2] iter 0: dedup done, delta_size=9819238
R2 [P2] iter 0: split done, delta_size=12707194
R4 [P2] iter 0: subtract done, delta_size=8880549
R5 [P2] iter 0: dedup done, delta_size=10021362
R4 [P2] iter 0: merge done, full_size=15282236
R5 [P2] iter 0: subtract done, delta_size=8965263
R6 [P2] iter 0: dedup done, delta_size=9897719
R7 [P2] iter 0: dedup done, delta_size=11047841
R1 [P2] iter 0: split done, delta_size=13974467
R7 [P2] iter 0: subtract done, delta_size=9988609
R5 [P2] iter 0: merge done, full_size=15730800
R6 [P2] iter 0: subtract done, delta_size=8933939
R7 [P2] iter 0: merge done, full_size=16779984
R3 [P2] iter 0: split done, delta_size=12391776
R6 [P2] iter 0: merge done, full_size=15289704
R2 [P2] iter 0: dedup done, delta_size=9720670
R0 [P2] iter 0: dedup done, delta_size=10061863
R1 [P2] iter 0: dedup done, delta_size=10639084
R2 [P2] iter 0: subtract done, delta_size=8683432
R3 [P2] iter 0: dedup done, delta_size=9637304
R0 [P2] iter 0: subtract done, delta_size=9100216
R1 [P2] iter 0: subtract done, delta_size=9569674
R3 [P2] iter 0: subtract done, delta_size=8677913
R0 [P2] iter 0: merge done, full_size=15806440
R2 [P2] iter 0: merge done, full_size=15266768
R1 [P2] iter 0: merge done, full_size=16797266
R3 [P2] iter 0: merge done, full_size=15369564
R0 [P2] iter 1 done: global_full_size=126322762
R1 [P2] iter 1 done: global_full_size=126322762
R2 [P2] iter 1 done: global_full_size=126322762
R4 [P2] iter 1 done: global_full_size=126322762
R3 [P2] iter 1 done: global_full_size=126322762
R3 [P2] iter 1: PRE-JOIN GPU mem: 84.2GB free / 85.1GB total | delta_size=8677913 full_size=15369564
R5 [P2] iter 1 done: global_full_size=126322762
R0 [P2] iter 1: PRE-JOIN GPU mem: 84.3GB free / 85.1GB total | delta_size=9100216 full_size=15806440
R6 [P2] iter 1 done: global_full_size=126322762
R1 [P2] iter 1: PRE-JOIN GPU mem: 84.2GB free / 85.1GB total | delta_size=9569674 full_size=16797266
R7 [P2] iter 1 done: global_full_size=126322762
R2 [P2] iter 1: PRE-JOIN GPU mem: 84.2GB free / 85.1GB total | delta_size=8683432 full_size=15266768
R4 [P2] iter 1: PRE-JOIN GPU mem: 84.2GB free / 85.1GB total | delta_size=8880549 full_size=15282236
R5 [P2] iter 1: PRE-JOIN GPU mem: 84.1GB free / 85.1GB total | delta_size=8965263 full_size=15730800
R6 [P2] iter 1: PRE-JOIN GPU mem: 83.9GB free / 85.1GB total | delta_size=8933939 full_size=15289704
R7 [P2] iter 1: PRE-JOIN GPU mem: 83.8GB free / 85.1GB total | delta_size=9988609 full_size=16779984
R3 [P2] iter 1: join done, raw=8300530 result_size=8119941
R0 [P2] iter 1: join done, raw=9509586 result_size=9361045
R4 [P2] iter 1: join done, raw=7404625 result_size=7203002
R1 [P2] iter 1: join done, raw=11226571 result_size=10798134
R6 [P2] iter 1: join done, raw=12887759 result_size=12410500
R2 [P2] iter 1: join done, raw=10784610 result_size=10526205
R7 [P2] iter 1: join done, raw=9214997 result_size=8798334
R5 [P2] iter 1: join done, raw=9107395 result_size=8968471
R0 [P2] iter 1: split done, delta_size=9038699
R2 [P2] iter 1: split done, delta_size=9105823
R5 [P2] iter 1: split done, delta_size=10391871
R1 [P2] iter 1: split done, delta_size=10179493
R4 [P2] iter 1: split done, delta_size=9413697
R3 [P2] iter 1: split done, delta_size=9627672
R6 [P2] iter 1: split done, delta_size=8908966
R7 [P2] iter 1: split done, delta_size=9519411
R0 [P2] iter 1: dedup done, delta_size=7143691
R2 [P2] iter 1: dedup done, delta_size=7147596
R5 [P2] iter 1: dedup done, delta_size=8048144
R7 [P2] iter 1: dedup done, delta_size=7553054
R4 [P2] iter 1: dedup done, delta_size=7385594
R6 [P2] iter 1: dedup done, delta_size=7061194
R5 [P2] iter 1: subtract done, delta_size=5847490
R7 [P2] iter 1: subtract done, delta_size=5474391
R6 [P2] iter 1: subtract done, delta_size=5189275
R4 [P2] iter 1: subtract done, delta_size=5399599
R0 [P2] iter 1: subtract done, delta_size=5192854
R5 [P2] iter 1: merge done, full_size=21578290
R7 [P2] iter 1: merge done, full_size=22254375
R1 [P2] iter 1: dedup done, delta_size=7998168
R6 [P2] iter 1: merge done, full_size=20478979
R4 [P2] iter 1: merge done, full_size=20681835
R2 [P2] iter 1: subtract done, delta_size=5261507
R1 [P2] iter 1: subtract done, delta_size=5733119
R3 [P2] iter 1: dedup done, delta_size=7510683
R0 [P2] iter 1: merge done, full_size=20999294
R2 [P2] iter 1: merge done, full_size=20528275
R3 [P2] iter 1: subtract done, delta_size=5520115
R1 [P2] iter 1: merge done, full_size=22530385
R3 [P2] iter 1: merge done, full_size=20889679
R0 [P2] iter 2 done: global_full_size=169941112
R4 [P2] iter 2 done: global_full_size=169941112
R1 [P2] iter 2 done: global_full_size=169941112
R5 [P2] iter 2 done: global_full_size=169941112
R2 [P2] iter 2 done: global_full_size=169941112
R6 [P2] iter 2 done: global_full_size=169941112
R3 [P2] iter 2 done: global_full_size=169941112
R7 [P2] iter 2 done: global_full_size=169941112
R0 [P2] iter 2: PRE-JOIN GPU mem: 84.3GB free / 85.1GB total | delta_size=5192854 full_size=20999294
R4 [P2] iter 2: PRE-JOIN GPU mem: 84.1GB free / 85.1GB total | delta_size=5399599 full_size=20681835
R1 [P2] iter 2: PRE-JOIN GPU mem: 84.2GB free / 85.1GB total | delta_size=5733119 full_size=22530385
R5 [P2] iter 2: PRE-JOIN GPU mem: 84.0GB free / 85.1GB total | delta_size=5847490 full_size=21578290
R2 [P2] iter 2: PRE-JOIN GPU mem: 84.2GB free / 85.1GB total | delta_size=5261507 full_size=20528275
R6 [P2] iter 2: PRE-JOIN GPU mem: 83.9GB free / 85.1GB total | delta_size=5189275 full_size=20478979
R3 [P2] iter 2: PRE-JOIN GPU mem: 84.2GB free / 85.1GB total | delta_size=5520115 full_size=20889679
R7 [P2] iter 2: PRE-JOIN GPU mem: 83.8GB free / 85.1GB total | delta_size=5474391 full_size=22254375
R6 [P2] iter 2: join done, raw=7240817 result_size=6846184
R7 [P2] iter 2: join done, raw=9255879 result_size=8983467
R4 [P2] iter 2: join done, raw=7568104 result_size=7444978
R5 [P2] iter 2: join done, raw=7156440 result_size=7032932
R3 [P2] iter 2: join done, raw=6692001 result_size=6649859
R0 [P2] iter 2: join done, raw=6379597 result_size=6274118
R1 [P2] iter 2: join done, raw=8608241 result_size=8024287
R2 [P2] iter 2: join done, raw=4759131 result_size=4649754
R3 [P2] iter 2: split done, delta_size=6842163
R2 [P2] iter 2: split done, delta_size=6884460
R0 [P2] iter 2: split done, delta_size=6600630
R1 [P2] iter 2: split done, delta_size=7478341
R3 [P2] iter 2: dedup done, delta_size=5585057
R3 [P2] iter 2: subtract done, delta_size=3188054
R2 [P2] iter 2: dedup done, delta_size=5665867
R0 [P2] iter 2: dedup done, delta_size=5508001
R6 [P2] iter 2: split done, delta_size=7009391
R2 [P2] iter 2: subtract done, delta_size=3241647
R1 [P2] iter 2: dedup done, delta_size=6100311
R0 [P2] iter 2: subtract done, delta_size=3133005
R3 [P2] iter 2: merge done, full_size=24077733
R5 [P2] iter 2: split done, delta_size=6976264
R2 [P2] iter 2: merge done, full_size=23769922
R1 [P2] iter 2: subtract done, delta_size=3464126
R0 [P2] iter 2: merge done, full_size=24132299
R4 [P2] iter 2: split done, delta_size=6537510
R1 [P2] iter 2: merge done, full_size=25994511
R7 [P2] iter 2: split done, delta_size=7576820
R5 [P2] iter 2: dedup done, delta_size=5757810
R6 [P2] iter 2: dedup done, delta_size=5730177
R7 [P2] iter 2: dedup done, delta_size=6100752
R4 [P2] iter 2: dedup done, delta_size=5374910
R5 [P2] iter 2: subtract done, delta_size=3257443
R6 [P2] iter 2: subtract done, delta_size=3346276
R4 [P2] iter 2: subtract done, delta_size=3122228
R7 [P2] iter 2: subtract done, delta_size=3512939
R5 [P2] iter 2: merge done, full_size=24835733
R6 [P2] iter 2: merge done, full_size=23825255
R7 [P2] iter 2: merge done, full_size=25767314
R4 [P2] iter 2: merge done, full_size=23804063
R0 [P2] iter 3 done: global_full_size=196206830
R4 [P2] iter 3 done: global_full_size=196206830
R1 [P2] iter 3 done: global_full_size=196206830
R5 [P2] iter 3 done: global_full_size=196206830
R2 [P2] iter 3 done: global_full_size=196206830
R2 [P2] iter 3: PRE-JOIN GPU mem: 84.2GB free / 85.1GB total | delta_size=3241647 full_size=23769922
R6 [P2] iter 3 done: global_full_size=196206830
R3 [P2] iter 3 done: global_full_size=196206830
R3 [P2] iter 3: PRE-JOIN GPU mem: 84.2GB free / 85.1GB total | delta_size=3188054 full_size=24077733
R7 [P2] iter 3 done: global_full_size=196206830
R0 [P2] iter 3: PRE-JOIN GPU mem: 84.3GB free / 85.1GB total | delta_size=3133005 full_size=24132299
R4 [P2] iter 3: PRE-JOIN GPU mem: 84.1GB free / 85.1GB total | delta_size=3122228 full_size=23804063
R1 [P2] iter 3: PRE-JOIN GPU mem: 84.2GB free / 85.1GB total | delta_size=3464126 full_size=25994511
R6 [P2] iter 3: PRE-JOIN GPU mem: 83.9GB free / 85.1GB total | delta_size=3346276 full_size=23825255
R5 [P2] iter 3: PRE-JOIN GPU mem: 84.0GB free / 85.1GB total | delta_size=3257443 full_size=24835733
R7 [P2] iter 3: PRE-JOIN GPU mem: 83.7GB free / 85.1GB total | delta_size=3512939 full_size=25767314
R4 [P2] iter 3: join done, raw=6239889 result_size=6048988
R7 [P2] iter 3: join done, raw=6042996 result_size=5958932
R5 [P2] iter 3: join done, raw=9725214 result_size=9206451
R6 [P2] iter 3: join done, raw=6123756 result_size=6034773
R1 [P2] iter 3: join done, raw=7090962 result_size=6946561
R3 [P2] iter 3: join done, raw=6008423 result_size=5950033
R0 [P2] iter 3: join done, raw=6925905 result_size=6844384
R2 [P2] iter 3: join done, raw=7826841 result_size=7589552
R3 [P2] iter 3: split done, delta_size=6134320
R2 [P2] iter 3: split done, delta_size=6586307
R0 [P2] iter 3: split done, delta_size=6944427
R1 [P2] iter 3: split done, delta_size=7640176
R7 [P2] iter 3: split done, delta_size=7444700
R6 [P2] iter 3: split done, delta_size=6580420
R3 [P2] iter 3: dedup done, delta_size=5009616
R4 [P2] iter 3: split done, delta_size=6526359
R3 [P2] iter 3: subtract done, delta_size=2679463
R5 [P2] iter 3: split done, delta_size=6722965
R2 [P2] iter 3: dedup done, delta_size=5367725
R3 [P2] iter 3: merge done, full_size=26757196
R0 [P2] iter 3: dedup done, delta_size=5659720
R2 [P2] iter 3: subtract done, delta_size=2926568
R6 [P2] iter 3: dedup done, delta_size=5339064
R1 [P2] iter 3: dedup done, delta_size=6230098
R7 [P2] iter 3: dedup done, delta_size=6021689
R0 [P2] iter 3: subtract done, delta_size=3129124
R6 [P2] iter 3: subtract done, delta_size=2999072
R4 [P2] iter 3: dedup done, delta_size=5313878
R2 [P2] iter 3: merge done, full_size=26696490
R1 [P2] iter 3: subtract done, delta_size=3385607
R7 [P2] iter 3: subtract done, delta_size=3193577
R5 [P2] iter 3: dedup done, delta_size=5491695
R0 [P2] iter 3: merge done, full_size=27261423
R4 [P2] iter 3: subtract done, delta_size=2831313
R1 [P2] iter 3: merge done, full_size=29380118
R6 [P2] iter 3: merge done, full_size=26824327
R5 [P2] iter 3: subtract done, delta_size=2999056
R7 [P2] iter 3: merge done, full_size=28960891
R4 [P2] iter 3: merge done, full_size=26635376
R5 [P2] iter 3: merge done, full_size=27834789
R0 [P2] iter 4 done: global_full_size=220350610
R0 [P2] iter 4: PRE-JOIN GPU mem: 84.2GB free / 85.1GB total | delta_size=3129124 full_size=27261423
R1 [P2] iter 4 done: global_full_size=220350610
R1 [P2] iter 4: PRE-JOIN GPU mem: 84.2GB free / 85.1GB total | delta_size=3385607 full_size=29380118
R2 [P2] iter 4 done: global_full_size=220350610
R2 [P2] iter 4: PRE-JOIN GPU mem: 84.2GB free / 85.1GB total | delta_size=2926568 full_size=26696490
R3 [P2] iter 4 done: global_full_size=220350610
R3 [P2] iter 4: PRE-JOIN GPU mem: 84.2GB free / 85.1GB total | delta_size=2679463 full_size=26757196
R4 [P2] iter 4 done: global_full_size=220350610
R4 [P2] iter 4: PRE-JOIN GPU mem: 84.1GB free / 85.1GB total | delta_size=2831313 full_size=26635376
R5 [P2] iter 4 done: global_full_size=220350610
R5 [P2] iter 4: PRE-JOIN GPU mem: 84.0GB free / 85.1GB total | delta_size=2999056 full_size=27834789
R6 [P2] iter 4 done: global_full_size=220350610
R6 [P2] iter 4: PRE-JOIN GPU mem: 83.9GB free / 85.1GB total | delta_size=2999072 full_size=26824327
R7 [P2] iter 4 done: global_full_size=220350610
R7 [P2] iter 4: PRE-JOIN GPU mem: 83.7GB free / 85.1GB total | delta_size=3193577 full_size=28960891
R4 [P2] iter 4: join done, raw=8386705 result_size=8121503
R5 [P2] iter 4: join done, raw=5170061 result_size=5117520
R7 [P2] iter 4: join done, raw=4264557 result_size=4134013
R2 [P2] iter 4: join done, raw=5108888 result_size=4955055
R6 [P2] iter 4: join done, raw=10117992 result_size=9600135
R3 [P2] iter 4: join done, raw=5240376 result_size=5137060
R1 [P2] iter 4: join done, raw=7931246 result_size=7730857
R0 [P2] iter 4: join done, raw=8162398 result_size=7902629
R2 [P2] iter 4: split done, delta_size=6145898
R3 [P2] iter 4: split done, delta_size=6570258
R0 [P2] iter 4: split done, delta_size=6218823
R7 [P2] iter 4: split done, delta_size=7273256
R5 [P2] iter 4: split done, delta_size=6663967
R4 [P2] iter 4: split done, delta_size=6085109
R6 [P2] iter 4: split done, delta_size=6651889
R5 [P2] iter 4: dedup done, delta_size=5496159
R4 [P2] iter 4: dedup done, delta_size=5031103
R6 [P2] iter 4: dedup done, delta_size=5421406
R7 [P2] iter 4: dedup done, delta_size=6014290
R4 [P2] iter 4: subtract done, delta_size=2622042
R5 [P2] iter 4: subtract done, delta_size=2861749
R6 [P2] iter 4: subtract done, delta_size=2785784
R7 [P2] iter 4: subtract done, delta_size=3033383
R1 [P2] iter 4: split done, delta_size=7089572
R4 [P2] iter 4: merge done, full_size=29257418
R5 [P2] iter 4: merge done, full_size=30696538
R6 [P2] iter 4: merge done, full_size=29610111
R7 [P2] iter 4: merge done, full_size=31994274
R2 [P2] iter 4: dedup done, delta_size=5092954
R0 [P2] iter 4: dedup done, delta_size=5140467
R2 [P2] iter 4: subtract done, delta_size=2591377
R3 [P2] iter 4: dedup done, delta_size=5345936
R0 [P2] iter 4: subtract done, delta_size=2731723
R1 [P2] iter 4: dedup done, delta_size=5834675
R3 [P2] iter 4: subtract done, delta_size=2723047
R0 [P2] iter 4: merge done, full_size=29993146
R2 [P2] iter 4: merge done, full_size=29287867
R1 [P2] iter 4: subtract done, delta_size=2985716
R3 [P2] iter 4: merge done, full_size=29480243
R1 [P2] iter 4: merge done, full_size=32365834
R0 [P2] iter 5 done: global_full_size=242685431
R1 [P2] iter 5 done: global_full_size=242685431
R2 [P2] iter 5 done: global_full_size=242685431
R3 [P2] iter 5 done: global_full_size=242685431
R4 [P2] iter 5 done: global_full_size=242685431
R0 [P2] iter 5: PRE-JOIN GPU mem: 84.2GB free / 85.1GB total | delta_size=2731723 full_size=29993146
R5 [P2] iter 5 done: global_full_size=242685431
R1 [P2] iter 5: PRE-JOIN GPU mem: 84.2GB free / 85.1GB total | delta_size=2985716 full_size=32365834
R6 [P2] iter 5 done: global_full_size=242685431
R2 [P2] iter 5: PRE-JOIN GPU mem: 84.2GB free / 85.1GB total | delta_size=2591377 full_size=29287867
R7 [P2] iter 5 done: global_full_size=242685431
R7 [P2] iter 5: PRE-JOIN GPU mem: 83.7GB free / 85.1GB total | delta_size=3033383 full_size=31994274
R3 [P2] iter 5: PRE-JOIN GPU mem: 84.1GB free / 85.1GB total | delta_size=2723047 full_size=29480243
R4 [P2] iter 5: PRE-JOIN GPU mem: 84.1GB free / 85.1GB total | delta_size=2622042 full_size=29257418
R5 [P2] iter 5: PRE-JOIN GPU mem: 84.0GB free / 85.1GB total | delta_size=2861749 full_size=30696538
R6 [P2] iter 5: PRE-JOIN GPU mem: 83.9GB free / 85.1GB total | delta_size=2785784 full_size=29610111
R4 [P2] iter 5: join done, raw=7475703 result_size=7126056
R2 [P2] iter 5: join done, raw=5746094 result_size=5630593
R6 [P2] iter 5: join done, raw=5586471 result_size=5483283
R0 [P2] iter 5: join done, raw=5211680 result_size=5105253
R7 [P2] iter 5: join done, raw=7051576 result_size=6863928
R1 [P2] iter 5: join done, raw=5182191 result_size=5090458
R3 [P2] iter 5: join done, raw=6196754 result_size=5938955
R5 [P2] iter 5: join done, raw=7337881 result_size=7269701
R3 [P2] iter 5: split done, delta_size=5530247
R2 [P2] iter 5: split done, delta_size=6276695
R0 [P2] iter 5: split done, delta_size=6099936
R1 [P2] iter 5: split done, delta_size=6680407
R3 [P2] iter 5: dedup done, delta_size=4629822
R2 [P2] iter 5: dedup done, delta_size=5208443
R3 [P2] iter 5: subtract done, delta_size=2153160
R0 [P2] iter 5: dedup done, delta_size=5029620
R2 [P2] iter 5: subtract done, delta_size=2428940
R1 [P2] iter 5: dedup done, delta_size=5508467
R3 [P2] iter 5: merge done, full_size=31633403
R6 [P2] iter 5: split done, delta_size=5902880
R0 [P2] iter 5: subtract done, delta_size=2303126
R7 [P2] iter 5: split done, delta_size=6437913
R2 [P2] iter 5: merge done, full_size=31716807
R4 [P2] iter 5: split done, delta_size=5559651
R1 [P2] iter 5: subtract done, delta_size=2452719
R0 [P2] iter 5: merge done, full_size=32296272
R1 [P2] iter 5: merge done, full_size=34818553
R5 [P2] iter 5: split done, delta_size=6020498
R6 [P2] iter 5: dedup done, delta_size=4825930
R7 [P2] iter 5: dedup done, delta_size=5395006
R6 [P2] iter 5: subtract done, delta_size=2063068
R4 [P2] iter 5: dedup done, delta_size=4636764
R7 [P2] iter 5: subtract done, delta_size=2414975
R5 [P2] iter 5: dedup done, delta_size=5014515
R4 [P2] iter 5: subtract done, delta_size=2150315
R6 [P2] iter 5: merge done, full_size=31673179
R7 [P2] iter 5: merge done, full_size=34409249
R5 [P2] iter 5: subtract done, delta_size=2374778
R4 [P2] iter 5: merge done, full_size=31407733
R5 [P2] iter 5: merge done, full_size=33071316
R0 [P2] iter 6 done: global_full_size=261026512
R1 [P2] iter 6 done: global_full_size=261026512
R4 [P2] iter 6 done: global_full_size=261026512
R2 [P2] iter 6 done: global_full_size=261026512
R5 [P2] iter 6 done: global_full_size=261026512
R3 [P2] iter 6 done: global_full_size=261026512
R6 [P2] iter 6 done: global_full_size=261026512
R7 [P2] iter 6 done: global_full_size=261026512
R1 [P2] iter 6: PRE-JOIN GPU mem: 84.2GB free / 85.1GB total | delta_size=2452719 full_size=34818553
R2 [P2] iter 6: PRE-JOIN GPU mem: 84.2GB free / 85.1GB total | delta_size=2428940 full_size=31716807
R3 [P2] iter 6: PRE-JOIN GPU mem: 84.1GB free / 85.1GB total | delta_size=2153160 full_size=31633403
R0 [P2] iter 6: PRE-JOIN GPU mem: 84.2GB free / 85.1GB total | delta_size=2303126 full_size=32296272
R4 [P2] iter 6: PRE-JOIN GPU mem: 84.1GB free / 85.1GB total | delta_size=2150315 full_size=31407733
R5 [P2] iter 6: PRE-JOIN GPU mem: 84.0GB free / 85.1GB total | delta_size=2374778 full_size=33071316
R6 [P2] iter 6: PRE-JOIN GPU mem: 83.9GB free / 85.1GB total | delta_size=2063068 full_size=31673179
R7 [P2] iter 6: PRE-JOIN GPU mem: 83.7GB free / 85.1GB total | delta_size=2414975 full_size=34409249
R7 [P2] iter 6: join done, raw=6494385 result_size=6436303
R6 [P2] iter 6: join done, raw=4991503 result_size=4860576
R4 [P2] iter 6: join done, raw=8568518 result_size=8203942
R5 [P2] iter 6: join done, raw=6159711 result_size=5911656
R1 [P2] iter 6: join done, raw=6088594 result_size=5885862
R3 [P2] iter 6: join done, raw=6007436 result_size=5848503
R2 [P2] iter 6: join done, raw=6171094 result_size=5960103
R0 [P2] iter 6: join done, raw=4356095 result_size=4321190
R0 [P2] iter 6: split done, delta_size=5637450
R3 [P2] iter 6: split done, delta_size=5357241
R2 [P2] iter 6: split done, delta_size=5664726
R1 [P2] iter 6: split done, delta_size=6943488
R0 [P2] iter 6: dedup done, delta_size=4708984
R3 [P2] iter 6: dedup done, delta_size=4476678
R2 [P2] iter 6: dedup done, delta_size=4751631
R0 [P2] iter 6: subtract done, delta_size=1974560
R3 [P2] iter 6: subtract done, delta_size=1816517
R2 [P2] iter 6: subtract done, delta_size=2030177
R6 [P2] iter 6: split done, delta_size=5518316
R1 [P2] iter 6: dedup done, delta_size=5717476
R3 [P2] iter 6: merge done, full_size=33449920
R0 [P2] iter 6: merge done, full_size=34270832
R2 [P2] iter 6: merge done, full_size=33746984
R1 [P2] iter 6: subtract done, delta_size=2377417
R7 [P2] iter 6: split done, delta_size=6280117
R4 [P2] iter 6: split done, delta_size=5855021
R5 [P2] iter 6: split done, delta_size=6171776
R1 [P2] iter 6: merge done, full_size=37195970
R6 [P2] iter 6: dedup done, delta_size=4593400
R6 [P2] iter 6: subtract done, delta_size=1833847
R4 [P2] iter 6: dedup done, delta_size=4843976
R7 [P2] iter 6: dedup done, delta_size=5201102
R5 [P2] iter 6: dedup done, delta_size=5127651
R6 [P2] iter 6: merge done, full_size=33507026
R4 [P2] iter 6: subtract done, delta_size=1981716
R7 [P2] iter 6: subtract done, delta_size=2154499
R5 [P2] iter 6: subtract done, delta_size=2175206
R4 [P2] iter 6: merge done, full_size=33389449
R7 [P2] iter 6: merge done, full_size=36563748
R5 [P2] iter 6: merge done, full_size=35246522
R4 [P2] iter 7 done: global_full_size=277370451
R5 [P2] iter 7 done: global_full_size=277370451
R0 [P2] iter 7 done: global_full_size=277370451
R6 [P2] iter 7 done: global_full_size=277370451
R7 [P2] iter 7 done: global_full_size=277370451
R1 [P2] iter 7 done: global_full_size=277370451
R2 [P2] iter 7 done: global_full_size=277370451
R3 [P2] iter 7 done: global_full_size=277370451
R0 [P2] iter 7: PRE-JOIN GPU mem: 84.2GB free / 85.1GB total | delta_size=1974560 full_size=34270832
R1 [P2] iter 7: PRE-JOIN GPU mem: 84.1GB free / 85.1GB total | delta_size=2377417 full_size=37195970
R2 [P2] iter 7: PRE-JOIN GPU mem: 84.1GB free / 85.1GB total | delta_size=2030177 full_size=33746984
R3 [P2] iter 7: PRE-JOIN GPU mem: 84.1GB free / 85.1GB total | delta_size=1816517 full_size=33449920
R4 [P2] iter 7: PRE-JOIN GPU mem: 84.1GB free / 85.1GB total | delta_size=1981716 full_size=33389449
R5 [P2] iter 7: PRE-JOIN GPU mem: 84.0GB free / 85.1GB total | delta_size=2175206 full_size=35246522
R6 [P2] iter 7: PRE-JOIN GPU mem: 83.9GB free / 85.1GB total | delta_size=1833847 full_size=33507026
R7 [P2] iter 7: PRE-JOIN GPU mem: 83.7GB free / 85.1GB total | delta_size=2154499 full_size=36563748
R4 [P2] iter 7: join done, raw=3453262 result_size=3390959
R2 [P2] iter 7: join done, raw=6495646 result_size=6329187
R3 [P2] iter 7: join done, raw=4918206 result_size=4854293
R1 [P2] iter 7: join done, raw=6978310 result_size=6690086
R6 [P2] iter 7: join done, raw=6008520 result_size=5807521
R0 [P2] iter 7: join done, raw=6470481 result_size=6328719
R7 [P2] iter 7: join done, raw=5043900 result_size=4940612
R5 [P2] iter 7: join done, raw=6544672 result_size=6455826
R0 [P2] iter 7: split done, delta_size=5425405
R3 [P2] iter 7: split done, delta_size=5090009
R7 [P2] iter 7: split done, delta_size=5525190
R4 [P2] iter 7: split done, delta_size=5493972
R6 [P2] iter 7: split done, delta_size=5244640
R5 [P2] iter 7: split done, delta_size=5851286
R2 [P2] iter 7: split done, delta_size=5846887
R1 [P2] iter 7: split done, delta_size=6319814
R3 [P2] iter 7: dedup done, delta_size=4257108
R0 [P2] iter 7: dedup done, delta_size=4522525
R7 [P2] iter 7: dedup done, delta_size=4634108
R0 [P2] iter 7: subtract done, delta_size=1791798
R3 [P2] iter 7: subtract done, delta_size=1668645
R2 [P2] iter 7: dedup done, delta_size=4834239
R1 [P2] iter 7: dedup done, delta_size=5248070
R2 [P2] iter 7: subtract done, delta_size=1868756
R0 [P2] iter 7: merge done, full_size=36062630
R3 [P2] iter 7: merge done, full_size=35118565
R1 [P2] iter 7: subtract done, delta_size=1982841
R4 [P2] iter 7: dedup done, delta_size=4585724
R7 [P2] iter 7: subtract done, delta_size=1869849
R6 [P2] iter 7: dedup done, delta_size=4353697
R2 [P2] iter 7: merge done, full_size=35615740
R5 [P2] iter 7: dedup done, delta_size=4866207
R4 [P2] iter 7: subtract done, delta_size=1854423
R6 [P2] iter 7: subtract done, delta_size=1677427
R1 [P2] iter 7: merge done, full_size=39178811
R5 [P2] iter 7: subtract done, delta_size=1947642
R6 [P2] iter 7: merge done, full_size=35184453
R7 [P2] iter 7: merge done, full_size=38433597
R4 [P2] iter 7: merge done, full_size=35243872
R5 [P2] iter 7: merge done, full_size=37194164
R0 [P2] iter 8 done: global_full_size=292031832
R1 [P2] iter 8 done: global_full_size=292031832
R2 [P2] iter 8 done: global_full_size=292031832
R4 [P2] iter 8 done: global_full_size=292031832
R3 [P2] iter 8 done: global_full_size=292031832
R5 [P2] iter 8 done: global_full_size=292031832
R0 [P2] iter 8: PRE-JOIN GPU mem: 84.2GB free / 85.1GB total | delta_size=1791798 full_size=36062630
R6 [P2] iter 8 done: global_full_size=292031832
R1 [P2] iter 8: PRE-JOIN GPU mem: 84.1GB free / 85.1GB total | delta_size=1982841 full_size=39178811
R7 [P2] iter 8 done: global_full_size=292031832
R7 [P2] iter 8: PRE-JOIN GPU mem: 83.7GB free / 85.1GB total | delta_size=1869849 full_size=38433597
R2 [P2] iter 8: PRE-JOIN GPU mem: 84.1GB free / 85.1GB total | delta_size=1868756 full_size=35615740
R4 [P2] iter 8: PRE-JOIN GPU mem: 84.1GB free / 85.1GB total | delta_size=1854423 full_size=35243872
R3 [P2] iter 8: PRE-JOIN GPU mem: 84.1GB free / 85.1GB total | delta_size=1668645 full_size=35118565
R5 [P2] iter 8: PRE-JOIN GPU mem: 83.9GB free / 85.1GB total | delta_size=1947642 full_size=37194164
R6 [P2] iter 8: PRE-JOIN GPU mem: 83.8GB free / 85.1GB total | delta_size=1677427 full_size=35184453
R4 [P2] iter 8: join done, raw=4913308 result_size=4671559
R7 [P2] iter 8: join done, raw=3475889 result_size=3444662
R6 [P2] iter 8: join done, raw=5003569 result_size=4909697
R5 [P2] iter 8: join done, raw=4287700 result_size=4225683
R2 [P2] iter 8: join done, raw=6438920 result_size=6286384
R1 [P2] iter 8: join done, raw=5909047 result_size=5674386
R3 [P2] iter 8: join done, raw=6751015 result_size=6300333
R0 [P2] iter 8: join done, raw=6143000 result_size=6030240
R7 [P2] iter 8: split done, delta_size=5422630
R6 [P2] iter 8: split done, delta_size=4849523
R0 [P2] iter 8: split done, delta_size=5253299
R4 [P2] iter 8: split done, delta_size=4888340
R5 [P2] iter 8: split done, delta_size=5484267
R3 [P2] iter 8: split done, delta_size=5059418
R1 [P2] iter 8: split done, delta_size=5134559
R7 [P2] iter 8: dedup done, delta_size=4539157
R6 [P2] iter 8: dedup done, delta_size=4137607
R2 [P2] iter 8: split done, delta_size=5450908
R0 [P2] iter 8: dedup done, delta_size=4443324
R7 [P2] iter 8: subtract done, delta_size=1707099
R6 [P2] iter 8: subtract done, delta_size=1718250
R3 [P2] iter 8: dedup done, delta_size=4259774
R4 [P2] iter 8: dedup done, delta_size=4130756
R5 [P2] iter 8: dedup done, delta_size=4594768
R0 [P2] iter 8: subtract done, delta_size=1710446
R1 [P2] iter 8: dedup done, delta_size=4396072
R3 [P2] iter 8: subtract done, delta_size=1662422
R7 [P2] iter 8: merge done, full_size=40140696
R4 [P2] iter 8: subtract done, delta_size=1649347
R6 [P2] iter 8: merge done, full_size=36902703
R5 [P2] iter 8: subtract done, delta_size=1794756
R2 [P2] iter 8: dedup done, delta_size=4538357
R0 [P2] iter 8: merge done, full_size=37773076
R1 [P2] iter 8: subtract done, delta_size=1632931
R3 [P2] iter 8: merge done, full_size=36780987
R4 [P2] iter 8: merge done, full_size=36893219
R2 [P2] iter 8: subtract done, delta_size=1774134
R5 [P2] iter 8: merge done, full_size=38988920
R1 [P2] iter 8: merge done, full_size=40811742
R2 [P2] iter 8: merge done, full_size=37389874
R0 [P2] iter 9 done: global_full_size=305681217
R1 [P2] iter 9 done: global_full_size=305681217
R2 [P2] iter 9 done: global_full_size=305681217
R3 [P2] iter 9 done: global_full_size=305681217
R4 [P2] iter 9 done: global_full_size=305681217
R2 [P2] iter 9: PRE-JOIN GPU mem: 84.1GB free / 85.1GB total | delta_size=1774134 full_size=37389874
R5 [P2] iter 9 done: global_full_size=305681217
R0 [P2] iter 9: PRE-JOIN GPU mem: 84.2GB free / 85.1GB total | delta_size=1710446 full_size=37773076
R6 [P2] iter 9 done: global_full_size=305681217
R1 [P2] iter 9: PRE-JOIN GPU mem: 84.1GB free / 85.1GB total | delta_size=1632931 full_size=40811742
R7 [P2] iter 9 done: global_full_size=305681217
R3 [P2] iter 9: PRE-JOIN GPU mem: 84.1GB free / 85.1GB total | delta_size=1662422 full_size=36780987
R4 [P2] iter 9: PRE-JOIN GPU mem: 84.0GB free / 85.1GB total | delta_size=1649347 full_size=36893219
R5 [P2] iter 9: PRE-JOIN GPU mem: 83.9GB free / 85.1GB total | delta_size=1794756 full_size=38988920
R6 [P2] iter 9: PRE-JOIN GPU mem: 83.8GB free / 85.1GB total | delta_size=1718250 full_size=36902703
R7 [P2] iter 9: PRE-JOIN GPU mem: 83.6GB free / 85.1GB total | delta_size=1707099 full_size=40140696
R3 [P2] iter 9: join done, raw=4510713 result_size=4473995
R1 [P2] iter 9: join done, raw=4878870 result_size=4786782
R2 [P2] iter 9: join done, raw=6330946 result_size=6040761
R0 [P2] iter 9: join done, raw=4016699 result_size=3876247
R6 [P2] iter 9: join done, raw=6194618 result_size=6072037
R7 [P2] iter 9: join done, raw=3662300 result_size=3614666
R4 [P2] iter 9: join done, raw=5766625 result_size=5569042
R5 [P2] iter 9: join done, raw=7365647 result_size=7028974
R7 [P2] iter 9: split done, delta_size=5909273
R4 [P2] iter 9: split done, delta_size=5154282
R5 [P2] iter 9: split done, delta_size=5004347
R6 [P2] iter 9: split done, delta_size=4959625
R3 [P2] iter 9: split done, delta_size=5235951
R0 [P2] iter 9: split done, delta_size=4762142
R1 [P2] iter 9: split done, delta_size=5312345
R2 [P2] iter 9: split done, delta_size=5124539
R7 [P2] iter 9: dedup done, delta_size=4885133
R4 [P2] iter 9: dedup done, delta_size=4303454
R7 [P2] iter 9: subtract done, delta_size=1782351
R5 [P2] iter 9: dedup done, delta_size=4272968
R4 [P2] iter 9: subtract done, delta_size=1559258
R6 [P2] iter 9: dedup done, delta_size=4175280
R7 [P2] iter 9: merge done, full_size=41923047
R5 [P2] iter 9: subtract done, delta_size=1562134
R4 [P2] iter 9: merge done, full_size=38452477
R6 [P2] iter 9: subtract done, delta_size=1538602
R0 [P2] iter 9: dedup done, delta_size=4122241
R3 [P2] iter 9: dedup done, delta_size=4352252
R5 [P2] iter 9: merge done, full_size=40551054
R2 [P2] iter 9: dedup done, delta_size=4277116
R1 [P2] iter 9: dedup done, delta_size=4469429
R6 [P2] iter 9: merge done, full_size=38441305
R3 [P2] iter 9: subtract done, delta_size=1689933
R0 [P2] iter 9: subtract done, delta_size=1584070
R1 [P2] iter 9: subtract done, delta_size=1541095
R2 [P2] iter 9: subtract done, delta_size=1516658
R1 [P2] iter 9: merge done, full_size=42352837
R2 [P2] iter 9: merge done, full_size=38906532
R0 [P2] iter 9: merge done, full_size=39357146
R3 [P2] iter 9: merge done, full_size=38470920
R0 [P2] iter 10 done: global_full_size=318455318
R1 [P2] iter 10 done: global_full_size=318455318
R2 [P2] iter 10 done: global_full_size=318455318
R4 [P2] iter 10 done: global_full_size=318455318
R3 [P2] iter 10 done: global_full_size=318455318
R5 [P2] iter 10 done: global_full_size=318455318
R0 [P2] iter 10: PRE-JOIN GPU mem: 84.1GB free / 85.1GB total | delta_size=1584070 full_size=39357146
R6 [P2] iter 10 done: global_full_size=318455318
R1 [P2] iter 10: PRE-JOIN GPU mem: 84.1GB free / 85.1GB total | delta_size=1541095 full_size=42352837
R7 [P2] iter 10 done: global_full_size=318455318
R2 [P2] iter 10: PRE-JOIN GPU mem: 84.1GB free / 85.1GB total | delta_size=1516658 full_size=38906532
R3 [P2] iter 10: PRE-JOIN GPU mem: 84.1GB free / 85.1GB total | delta_size=1689933 full_size=38470920
R4 [P2] iter 10: PRE-JOIN GPU mem: 84.0GB free / 85.1GB total | delta_size=1559258 full_size=38452477
R5 [P2] iter 10: PRE-JOIN GPU mem: 83.9GB free / 85.1GB total | delta_size=1562134 full_size=40551054
R7 [P2] iter 10: PRE-JOIN GPU mem: 83.6GB free / 85.1GB total | delta_size=1782351 full_size=41923047
R6 [P2] iter 10: PRE-JOIN GPU mem: 83.8GB free / 85.1GB total | delta_size=1538602 full_size=38441305
R2 [P2] iter 10: join done, raw=5636566 result_size=5420468
R3 [P2] iter 10: join done, raw=6098634 result_size=5958556
R1 [P2] iter 10: join done, raw=4342927 result_size=4279714
R0 [P2] iter 10: join done, raw=5822126 result_size=5491459
R5 [P2] iter 10: join done, raw=5836184 result_size=5603723
R4 [P2] iter 10: join done, raw=4249599 result_size=4132486
R7 [P2] iter 10: join done, raw=4616144 result_size=4430068
R6 [P2] iter 10: join done, raw=5649229 result_size=5512609
R3 [P2] iter 10: split done, delta_size=5004125
R6 [P2] iter 10: split done, delta_size=4600281
R1 [P2] iter 10: split done, delta_size=5702960
R7 [P2] iter 10: split done, delta_size=5496885
R0 [P2] iter 10: split done, delta_size=4970081
R2 [P2] iter 10: split done, delta_size=4724869
R4 [P2] iter 10: split done, delta_size=5100492
R5 [P2] iter 10: split done, delta_size=5229390
R3 [P2] iter 10: dedup done, delta_size=4209654
R6 [P2] iter 10: dedup done, delta_size=3870670
R6 [P2] iter 10: subtract done, delta_size=1329696
R7 [P2] iter 10: dedup done, delta_size=4664523
R1 [P2] iter 10: dedup done, delta_size=4790751
R3 [P2] iter 10: subtract done, delta_size=1438466
R0 [P2] iter 10: dedup done, delta_size=4212994
R2 [P2] iter 10: dedup done, delta_size=4011478
R5 [P2] iter 10: dedup done, delta_size=4424719
R4 [P2] iter 10: dedup done, delta_size=4311077
R7 [P2] iter 10: subtract done, delta_size=1609665
R1 [P2] iter 10: subtract done, delta_size=1626041
R6 [P2] iter 10: merge done, full_size=39771001
R3 [P2] iter 10: merge done, full_size=39909386
R5 [P2] iter 10: subtract done, delta_size=1513973
R0 [P2] iter 10: subtract done, delta_size=1497857
R2 [P2] iter 10: subtract done, delta_size=1337527
R4 [P2] iter 10: subtract done, delta_size=1445798
R7 [P2] iter 10: merge done, full_size=43532712
R1 [P2] iter 10: merge done, full_size=43978878
R5 [P2] iter 10: merge done, full_size=42065027
R4 [P2] iter 10: merge done, full_size=39898275
R0 [P2] iter 10: merge done, full_size=40855003
R2 [P2] iter 10: merge done, full_size=40244059
R0 [P2] iter 11 done: global_full_size=330254341
R1 [P2] iter 11 done: global_full_size=330254341
R2 [P2] iter 11 done: global_full_size=330254341
R4 [P2] iter 11 done: global_full_size=330254341
R3 [P2] iter 11 done: global_full_size=330254341
R1 [P2] iter 11: PRE-JOIN GPU mem: 84.1GB free / 85.1GB total | delta_size=1626041 full_size=43978878
R5 [P2] iter 11 done: global_full_size=330254341
R2 [P2] iter 11: PRE-JOIN GPU mem: 84.1GB free / 85.1GB total | delta_size=1337527 full_size=40244059
R6 [P2] iter 11 done: global_full_size=330254341
R0 [P2] iter 11: PRE-JOIN GPU mem: 84.1GB free / 85.1GB total | delta_size=1497857 full_size=40855003
R7 [P2] iter 11 done: global_full_size=330254341
R3 [P2] iter 11: PRE-JOIN GPU mem: 84.1GB free / 85.1GB total | delta_size=1438466 full_size=39909386
R5 [P2] iter 11: PRE-JOIN GPU mem: 83.9GB free / 85.1GB total | delta_size=1513973 full_size=42065027
R4 [P2] iter 11: PRE-JOIN GPU mem: 84.0GB free / 85.1GB total | delta_size=1445798 full_size=39898275
R6 [P2] iter 11: PRE-JOIN GPU mem: 83.8GB free / 85.1GB total | delta_size=1329696 full_size=39771001
R7 [P2] iter 11: PRE-JOIN GPU mem: 83.6GB free / 85.1GB total | delta_size=1609665 full_size=43532712
R4 [P2] iter 11: join done, raw=3529542 result_size=3508607
R7 [P2] iter 11: join done, raw=6249563 result_size=6096063
R5 [P2] iter 11: join done, raw=5401456 result_size=5339900
R6 [P2] iter 11: join done, raw=5231423 result_size=5073777
R3 [P2] iter 11: join done, raw=5584124 result_size=5451260
R2 [P2] iter 11: join done, raw=3814509 result_size=3783900
R0 [P2] iter 11: join done, raw=8474977 result_size=7970446
R1 [P2] iter 11: join done, raw=3859066 result_size=3784158
R4 [P2] iter 11: split done, delta_size=4975928
R6 [P2] iter 11: split done, delta_size=4894561
R7 [P2] iter 11: split done, delta_size=5262595
R5 [P2] iter 11: split done, delta_size=4770348
R4 [P2] iter 11: dedup done, delta_size=4187859
R2 [P2] iter 11: split done, delta_size=5090274
R6 [P2] iter 11: dedup done, delta_size=4108239
R1 [P2] iter 11: split done, delta_size=5146697
R4 [P2] iter 11: subtract done, delta_size=1337563
R3 [P2] iter 11: split done, delta_size=5332440
R6 [P2] iter 11: subtract done, delta_size=1363915
R0 [P2] iter 11: split done, delta_size=5535268
R5 [P2] iter 11: dedup done, delta_size=4054056
R7 [P2] iter 11: dedup done, delta_size=4456104
R2 [P2] iter 11: dedup done, delta_size=4243428
R4 [P2] iter 11: merge done, full_size=41235838
R1 [P2] iter 11: dedup done, delta_size=4289463
R6 [P2] iter 11: merge done, full_size=41134916
R5 [P2] iter 11: subtract done, delta_size=1307349
R7 [P2] iter 11: subtract done, delta_size=1364398
R3 [P2] iter 11: dedup done, delta_size=4436254
R2 [P2] iter 11: subtract done, delta_size=1366087
R1 [P2] iter 11: subtract done, delta_size=1329986
R5 [P2] iter 11: merge done, full_size=43372376
R0 [P2] iter 11: dedup done, delta_size=4646373
R3 [P2] iter 11: subtract done, delta_size=1452852
R7 [P2] iter 11: merge done, full_size=44897110
R2 [P2] iter 11: merge done, full_size=41610146
R1 [P2] iter 11: merge done, full_size=45308864
R0 [P2] iter 11: subtract done, delta_size=1665721
R3 [P2] iter 11: merge done, full_size=41362238
R0 [P2] iter 11: merge done, full_size=42520724
R0 [P2] iter 12 done: global_full_size=341442212
R1 [P2] iter 12 done: global_full_size=341442212
R2 [P2] iter 12 done: global_full_size=341442212
R3 [P2] iter 12 done: global_full_size=341442212
R0 [P2] iter 12: PRE-JOIN GPU mem: 84.1GB free / 85.1GB total | delta_size=1665721 full_size=42520724
R2 [P2] iter 12: PRE-JOIN GPU mem: 84.1GB free / 85.1GB total | delta_size=1366087 full_size=41610146
R4 [P2] iter 12 done: global_full_size=341442212
R1 [P2] iter 12: PRE-JOIN GPU mem: 84.1GB free / 85.1GB total | delta_size=1329986 full_size=45308864
R3 [P2] iter 12: PRE-JOIN GPU mem: 84.1GB free / 85.1GB total | delta_size=1452852 full_size=41362238
R5 [P2] iter 12 done: global_full_size=341442212
R6 [P2] iter 12 done: global_full_size=341442212
R7 [P2] iter 12 done: global_full_size=341442212
R7 [P2] iter 12: PRE-JOIN GPU mem: 83.6GB free / 85.1GB total | delta_size=1364398 full_size=44897110
R4 [P2] iter 12: PRE-JOIN GPU mem: 84.0GB free / 85.1GB total | delta_size=1337563 full_size=41235838
R5 [P2] iter 12: PRE-JOIN GPU mem: 83.9GB free / 85.1GB total | delta_size=1307349 full_size=43372376
R6 [P2] iter 12: PRE-JOIN GPU mem: 83.8GB free / 85.1GB total | delta_size=1363915 full_size=41134916
R2 [P2] iter 12: join done, raw=4972837 result_size=4844537
R7 [P2] iter 12: join done, raw=4269633 result_size=4190258
R4 [P2] iter 12: join done, raw=6510334 result_size=6264675
R6 [P2] iter 12: join done, raw=4794735 result_size=4762150
R3 [P2] iter 12: join done, raw=5912948 result_size=5722804
R5 [P2] iter 12: join done, raw=4123067 result_size=4017753
R1 [P2] iter 12: join done, raw=6558414 result_size=6281258
R0 [P2] iter 12: join done, raw=4820742 result_size=4761171
R2 [P2] iter 12: split done, delta_size=5288198
R3 [P2] iter 12: split done, delta_size=5078884
R7 [P2] iter 12: split done, delta_size=5388082
R6 [P2] iter 12: split done, delta_size=4838172
R0 [P2] iter 12: split done, delta_size=4985888
R1 [P2] iter 12: split done, delta_size=4933457
R5 [P2] iter 12: split done, delta_size=4909977
R4 [P2] iter 12: split done, delta_size=5421948
R2 [P2] iter 12: dedup done, delta_size=4415927
R3 [P2] iter 12: dedup done, delta_size=4210116
R7 [P2] iter 12: dedup done, delta_size=4518646
R6 [P2] iter 12: dedup done, delta_size=4084221
R0 [P2] iter 12: dedup done, delta_size=4198490
R1 [P2] iter 12: dedup done, delta_size=4171263
R2 [P2] iter 12: subtract done, delta_size=1320281
R3 [P2] iter 12: subtract done, delta_size=1260040
R0 [P2] iter 12: subtract done, delta_size=1354628
R5 [P2] iter 12: dedup done, delta_size=4139401
R7 [P2] iter 12: subtract done, delta_size=1422403
R4 [P2] iter 12: dedup done, delta_size=4530270
R6 [P2] iter 12: subtract done, delta_size=1295706
R2 [P2] iter 12: merge done, full_size=42930427
R1 [P2] iter 12: subtract done, delta_size=1293425
R3 [P2] iter 12: merge done, full_size=42622278
R0 [P2] iter 12: merge done, full_size=43875352
R1 [P2] iter 12: merge done, full_size=46602289
R5 [P2] iter 12: subtract done, delta_size=1279887
R4 [P2] iter 12: subtract done, delta_size=1481370
R7 [P2] iter 12: merge done, full_size=46319513
R6 [P2] iter 12: merge done, full_size=42430622
R4 [P2] iter 12: merge done, full_size=42717208
R5 [P2] iter 12: merge done, full_size=44652263
R4 [P2] iter 13 done: global_full_size=352149952
R5 [P2] iter 13 done: global_full_size=352149952
R6 [P2] iter 13 done: global_full_size=352149952
R7 [P2] iter 13 done: global_full_size=352149952
R0 [P2] iter 13 done: global_full_size=352149952
R1 [P2] iter 13 done: global_full_size=352149952
R2 [P2] iter 13 done: global_full_size=352149952
R3 [P2] iter 13 done: global_full_size=352149952
R0 [P2] iter 13: PRE-JOIN GPU mem: 84.1GB free / 85.1GB total | delta_size=1354628 full_size=43875352
R1 [P2] iter 13: PRE-JOIN GPU mem: 84.1GB free / 85.1GB total | delta_size=1293425 full_size=46602289
R2 [P2] iter 13: PRE-JOIN GPU mem: 84.1GB free / 85.1GB total | delta_size=1320281 full_size=42930427
R3 [P2] iter 13: PRE-JOIN GPU mem: 84.0GB free / 85.1GB total | delta_size=1260040 full_size=42622278
R4 [P2] iter 13: PRE-JOIN GPU mem: 84.0GB free / 85.1GB total | delta_size=1481370 full_size=42717208
R5 [P2] iter 13: PRE-JOIN GPU mem: 83.9GB free / 85.1GB total | delta_size=1279887 full_size=44652263
R6 [P2] iter 13: PRE-JOIN GPU mem: 83.8GB free / 85.1GB total | delta_size=1295706 full_size=42430622
R7 [P2] iter 13: PRE-JOIN GPU mem: 83.6GB free / 85.1GB total | delta_size=1422403 full_size=46319513
R1 [P2] iter 13: join done, raw=3190205 result_size=3171718
R2 [P2] iter 13: join done, raw=5842017 result_size=5741212
R3 [P2] iter 13: join done, raw=5187156 result_size=5045643
R0 [P2] iter 13: join done, raw=6526420 result_size=6264659
R5 [P2] iter 13: join done, raw=2959904 result_size=2906133
R4 [P2] iter 13: join done, raw=6428853 result_size=6149082
R7 [P2] iter 13: join done, raw=3982645 result_size=3938659
R6 [P2] iter 13: join done, raw=7234962 result_size=7057818
R1 [P2] iter 13: split done, delta_size=5209093
R3 [P2] iter 13: split done, delta_size=4683005
R2 [P2] iter 13: split done, delta_size=4904090
R0 [P2] iter 13: split done, delta_size=4869063
R1 [P2] iter 13: dedup done, delta_size=4336531
R3 [P2] iter 13: dedup done, delta_size=3952809
R6 [P2] iter 13: split done, delta_size=4700967
R5 [P2] iter 13: split done, delta_size=5081936
R7 [P2] iter 13: split done, delta_size=5486875
R1 [P2] iter 13: subtract done, delta_size=1203291
R3 [P2] iter 13: subtract done, delta_size=1198259
R4 [P2] iter 13: split done, delta_size=5339895
R2 [P2] iter 13: dedup done, delta_size=4086009
R0 [P2] iter 13: dedup done, delta_size=4081345
R1 [P2] iter 13: merge done, full_size=47805580
R3 [P2] iter 13: merge done, full_size=43820537
R2 [P2] iter 13: subtract done, delta_size=1155552
R0 [P2] iter 13: subtract done, delta_size=1204909
R2 [P2] iter 13: merge done, full_size=44085979
R0 [P2] iter 13: merge done, full_size=45080261
R6 [P2] iter 13: dedup done, delta_size=3979372
R5 [P2] iter 13: dedup done, delta_size=4284665
R7 [P2] iter 13: dedup done, delta_size=4626279
R6 [P2] iter 13: subtract done, delta_size=1210746
R4 [P2] iter 13: dedup done, delta_size=4384819
R7 [P2] iter 13: subtract done, delta_size=1334643
R5 [P2] iter 13: subtract done, delta_size=1327121
R6 [P2] iter 13: merge done, full_size=43641368
R4 [P2] iter 13: subtract done, delta_size=1210973
R5 [P2] iter 13: merge done, full_size=45979384
R7 [P2] iter 13: merge done, full_size=47654156
R4 [P2] iter 13: merge done, full_size=43928181
R0 [P2] iter 14 done: global_full_size=361995446
R1 [P2] iter 14 done: global_full_size=361995446
R4 [P2] iter 14 done: global_full_size=361995446
R2 [P2] iter 14 done: global_full_size=361995446
R2 [P2] iter 14: PRE-JOIN GPU mem: 84.1GB free / 85.1GB total | delta_size=1155552 full_size=44085979
R5 [P2] iter 14 done: global_full_size=361995446
R3 [P2] iter 14 done: global_full_size=361995446
R6 [P2] iter 14 done: global_full_size=361995446
R0 [P2] iter 14: PRE-JOIN GPU mem: 84.1GB free / 85.1GB total | delta_size=1204909 full_size=45080261
R1 [P2] iter 14: PRE-JOIN GPU mem: 84.1GB free / 85.1GB total | delta_size=1203291 full_size=47805580
R3 [P2] iter 14: PRE-JOIN GPU mem: 84.0GB free / 85.1GB total | delta_size=1198259 full_size=43820537
R7 [P2] iter 14 done: global_full_size=361995446
R4 [P2] iter 14: PRE-JOIN GPU mem: 84.0GB free / 85.1GB total | delta_size=1210973 full_size=43928181
R5 [P2] iter 14: PRE-JOIN GPU mem: 83.9GB free / 85.1GB total | delta_size=1327121 full_size=45979384
R6 [P2] iter 14: PRE-JOIN GPU mem: 83.8GB free / 85.1GB total | delta_size=1210746 full_size=43641368
R7 [P2] iter 14: PRE-JOIN GPU mem: 83.6GB free / 85.1GB total | delta_size=1334643 full_size=47654156
R2 [P2] iter 14: join done, raw=3077819 result_size=3026726
R3 [P2] iter 14: join done, raw=5194690 result_size=4998043
R1 [P2] iter 14: join done, raw=5057546 result_size=4958264
R0 [P2] iter 14: join done, raw=5375695 result_size=5325325
R4 [P2] iter 14: join done, raw=4239022 result_size=4165620
R7 [P2] iter 14: join done, raw=5962644 result_size=5822913
R6 [P2] iter 14: join done, raw=6285068 result_size=6070315
R5 [P2] iter 14: join done, raw=5306632 result_size=5163607
R6 [P2] iter 14: split done, delta_size=4561301
R2 [P2] iter 14: split done, delta_size=4815468
R4 [P2] iter 14: split done, delta_size=4679447
R5 [P2] iter 14: split done, delta_size=5208856
R0 [P2] iter 14: split done, delta_size=5038605
R7 [P2] iter 14: split done, delta_size=5617802
R6 [P2] iter 14: dedup done, delta_size=3835504
R4 [P2] iter 14: dedup done, delta_size=3945616
R5 [P2] iter 14: dedup done, delta_size=4289708
R6 [P2] iter 14: subtract done, delta_size=979198
R4 [P2] iter 14: subtract done, delta_size=989751
R7 [P2] iter 14: dedup done, delta_size=4705229
R5 [P2] iter 14: subtract done, delta_size=1148142
R6 [P2] iter 14: merge done, full_size=44620566
R4 [P2] iter 14: merge done, full_size=44917932
R7 [P2] iter 14: subtract done, delta_size=1118501
R5 [P2] iter 14: merge done, full_size=47127526
R7 [P2] iter 14: merge done, full_size=48772657
R3 [P2] iter 14: split done, delta_size=4740538
R1 [P2] iter 14: split done, delta_size=4868796
R2 [P2] iter 14: dedup done, delta_size=3997972
R1 [P2] iter 14: dedup done, delta_size=4068898
R0 [P2] iter 14: dedup done, delta_size=4195198
R2 [P2] iter 14: subtract done, delta_size=1060118
R3 [P2] iter 14: dedup done, delta_size=3962607
R1 [P2] iter 14: subtract done, delta_size=989974
R0 [P2] iter 14: subtract done, delta_size=1104399
R3 [P2] iter 14: subtract done, delta_size=1060931
R2 [P2] iter 14: merge done, full_size=45146097
R1 [P2] iter 14: merge done, full_size=48795554
R0 [P2] iter 14: merge done, full_size=46184660
R3 [P2] iter 14: merge done, full_size=44881468
R0 [P2] iter 15 done: global_full_size=370446460
R4 [P2] iter 15 done: global_full_size=370446460
R1 [P2] iter 15 done: global_full_size=370446460
R5 [P2] iter 15 done: global_full_size=370446460
R5 [P2] iter 15: PRE-JOIN GPU mem: 83.9GB free / 85.1GB total | delta_size=1148142 full_size=47127526
R2 [P2] iter 15 done: global_full_size=370446460
R6 [P2] iter 15 done: global_full_size=370446460
R6 [P2] iter 15: PRE-JOIN GPU mem: 83.8GB free / 85.1GB total | delta_size=979198 full_size=44620566
R3 [P2] iter 15 done: global_full_size=370446460
R7 [P2] iter 15 done: global_full_size=370446460
R7 [P2] iter 15: PRE-JOIN GPU mem: 83.6GB free / 85.1GB total | delta_size=1118501 full_size=48772657
R0 [P2] iter 15: PRE-JOIN GPU mem: 84.1GB free / 85.1GB total | delta_size=1104399 full_size=46184660
R4 [P2] iter 15: PRE-JOIN GPU mem: 84.0GB free / 85.1GB total | delta_size=989751 full_size=44917932
R1 [P2] iter 15: PRE-JOIN GPU mem: 84.1GB free / 85.1GB total | delta_size=989974 full_size=48795554
R2 [P2] iter 15: PRE-JOIN GPU mem: 84.1GB free / 85.1GB total | delta_size=1060118 full_size=45146097
R3 [P2] iter 15: PRE-JOIN GPU mem: 84.0GB free / 85.1GB total | delta_size=1060931 full_size=44881468
R4 [P2] iter 15: join done, raw=4258547 result_size=4131374
R7 [P2] iter 15: join done, raw=4025421 result_size=3995995
R2 [P2] iter 15: join done, raw=4548535 result_size=4483953
R6 [P2] iter 15: join done, raw=4795273 result_size=4774717
R1 [P2] iter 15: join done, raw=3986187 result_size=3920048
R3 [P2] iter 15: join done, raw=8020010 result_size=7850710
R0 [P2] iter 15: join done, raw=4186226 result_size=4133114
R5 [P2] iter 15: join done, raw=6405017 result_size=5983026
R7 [P2] iter 15: split done, delta_size=5264204
R4 [P2] iter 15: split done, delta_size=5090191
R2 [P2] iter 15: split done, delta_size=4629337
R6 [P2] iter 15: split done, delta_size=4535862
R5 [P2] iter 15: split done, delta_size=4740625
R1 [P2] iter 15: split done, delta_size=5350397
R3 [P2] iter 15: split done, delta_size=4419022
R0 [P2] iter 15: split done, delta_size=5243299
R7 [P2] iter 15: dedup done, delta_size=4401221
R2 [P2] iter 15: dedup done, delta_size=3893553
R4 [P2] iter 15: dedup done, delta_size=4172168
R6 [P2] iter 15: dedup done, delta_size=3804995
R5 [P2] iter 15: dedup done, delta_size=3932140
R1 [P2] iter 15: dedup done, delta_size=4471922
R3 [P2] iter 15: dedup done, delta_size=3709268
R7 [P2] iter 15: subtract done, delta_size=1001319
R2 [P2] iter 15: subtract done, delta_size=1019317
R6 [P2] iter 15: subtract done, delta_size=992993
R4 [P2] iter 15: subtract done, delta_size=938401
R0 [P2] iter 15: dedup done, delta_size=4363208
R1 [P2] iter 15: subtract done, delta_size=1113474
R5 [P2] iter 15: subtract done, delta_size=882221
R3 [P2] iter 15: subtract done, delta_size=930361
R7 [P2] iter 15: merge done, full_size=49773976
R2 [P2] iter 15: merge done, full_size=46165414
R0 [P2] iter 15: subtract done, delta_size=1016041
R6 [P2] iter 15: merge done, full_size=45613559
R4 [P2] iter 15: merge done, full_size=45856333
R1 [P2] iter 15: merge done, full_size=49909028
R5 [P2] iter 15: merge done, full_size=48009747
R3 [P2] iter 15: merge done, full_size=45811829
R0 [P2] iter 15: merge done, full_size=47200701
R0 [P2] iter 16 done: global_full_size=378340587
R1 [P2] iter 16 done: global_full_size=378340587
R2 [P2] iter 16 done: global_full_size=378340587
R3 [P2] iter 16 done: global_full_size=378340587
R4 [P2] iter 16 done: global_full_size=378340587
R0 [P2] iter 16: PRE-JOIN GPU mem: 84.1GB free / 85.1GB total | delta_size=1016041 full_size=47200701
R1 [P2] iter 16: PRE-JOIN GPU mem: 84.0GB free / 85.1GB total | delta_size=1113474 full_size=49909028
R5 [P2] iter 16 done: global_full_size=378340587
R2 [P2] iter 16: PRE-JOIN GPU mem: 84.1GB free / 85.1GB total | delta_size=1019317 full_size=46165414
R6 [P2] iter 16 done: global_full_size=378340587
R3 [P2] iter 16: PRE-JOIN GPU mem: 84.0GB free / 85.1GB total | delta_size=930361 full_size=45811829
R7 [P2] iter 16 done: global_full_size=378340587
R5 [P2] iter 16: PRE-JOIN GPU mem: 83.9GB free / 85.1GB total | delta_size=882221 full_size=48009747
R6 [P2] iter 16: PRE-JOIN GPU mem: 83.8GB free / 85.1GB total | delta_size=992993 full_size=45613559
R4 [P2] iter 16: PRE-JOIN GPU mem: 84.0GB free / 85.1GB total | delta_size=938401 full_size=45856333
R7 [P2] iter 16: PRE-JOIN GPU mem: 83.6GB free / 85.1GB total | delta_size=1001319 full_size=49773976
R4 [P2] iter 16: join done, raw=4241038 result_size=4188431
R3 [P2] iter 16: join done, raw=5089141 result_size=5001290
R7 [P2] iter 16: join done, raw=4118430 result_size=4036821
R2 [P2] iter 16: join done, raw=7091089 result_size=6732372
R5 [P2] iter 16: join done, raw=3164898 result_size=3142987
R6 [P2] iter 16: join done, raw=6159376 result_size=5883133
R0 [P2] iter 16: join done, raw=4192333 result_size=4118769
R1 [P2] iter 16: join done, raw=5653367 result_size=5309894
R0 [P2] iter 16: split done, delta_size=4459959
R3 [P2] iter 16: split done, delta_size=4659267
R5 [P2] iter 16: split done, delta_size=4917769
R7 [P2] iter 16: split done, delta_size=5288594
R2 [P2] iter 16: split done, delta_size=4798143
R4 [P2] iter 16: split done, delta_size=4697178
R6 [P2] iter 16: split done, delta_size=4832528
R1 [P2] iter 16: split done, delta_size=4760259
R5 [P2] iter 16: dedup done, delta_size=4114679
R4 [P2] iter 16: dedup done, delta_size=3948377
R6 [P2] iter 16: dedup done, delta_size=4085708
R7 [P2] iter 16: dedup done, delta_size=4409177
R4 [P2] iter 16: subtract done, delta_size=858540
R5 [P2] iter 16: subtract done, delta_size=829624
R6 [P2] iter 16: subtract done, delta_size=881584
R4 [P2] iter 16: merge done, full_size=46714873
R5 [P2] iter 16: merge done, full_size=48839371
R7 [P2] iter 16: subtract done, delta_size=933666
R6 [P2] iter 16: merge done, full_size=46495143
R7 [P2] iter 16: merge done, full_size=50707642
R0 [P2] iter 16: dedup done, delta_size=3777162
R2 [P2] iter 16: dedup done, delta_size=4008008
R3 [P2] iter 16: dedup done, delta_size=3919925
R2 [P2] iter 16: subtract done, delta_size=893439
R0 [P2] iter 16: subtract done, delta_size=829260
R1 [P2] iter 16: dedup done, delta_size=4034741
R1 [P2] iter 16: subtract done, delta_size=752408
R2 [P2] iter 16: merge done, full_size=47058853
R0 [P2] iter 16: merge done, full_size=48029961
R3 [P2] iter 16: subtract done, delta_size=889383
R1 [P2] iter 16: merge done, full_size=50661436
R3 [P2] iter 16: merge done, full_size=46701212
R0 [P2] iter 17 done: global_full_size=385208491
R1 [P2] iter 17 done: global_full_size=385208491
R2 [P2] iter 17 done: global_full_size=385208491
R3 [P2] iter 17 done: global_full_size=385208491
R0 [P2] iter 17: PRE-JOIN GPU mem: 84.1GB free / 85.1GB total | delta_size=829260 full_size=48029961
R1 [P2] iter 17: PRE-JOIN GPU mem: 84.0GB free / 85.1GB total | delta_size=752408 full_size=50661436
R2 [P2] iter 17: PRE-JOIN GPU mem: 84.0GB free / 85.1GB total | delta_size=893439 full_size=47058853
R3 [P2] iter 17: PRE-JOIN GPU mem: 84.0GB free / 85.1GB total | delta_size=889383 full_size=46701212
R4 [P2] iter 17 done: global_full_size=385208491
R5 [P2] iter 17 done: global_full_size=385208491
R5 [P2] iter 17: PRE-JOIN GPU mem: 83.9GB free / 85.1GB total | delta_size=829624 full_size=48839371
R6 [P2] iter 17 done: global_full_size=385208491
R6 [P2] iter 17: PRE-JOIN GPU mem: 83.8GB free / 85.1GB total | delta_size=881584 full_size=46495143
R7 [P2] iter 17 done: global_full_size=385208491
R7 [P2] iter 17: PRE-JOIN GPU mem: 83.6GB free / 85.1GB total | delta_size=933666 full_size=50707642
R4 [P2] iter 17: PRE-JOIN GPU mem: 84.0GB free / 85.1GB total | delta_size=858540 full_size=46714873
R2 [P2] iter 17: join done, raw=5951372 result_size=5674433
R3 [P2] iter 17: join done, raw=4487651 result_size=4285435
R1 [P2] iter 17: join done, raw=3235331 result_size=3215945
R0 [P2] iter 17: join done, raw=4457925 result_size=4320984
R4 [P2] iter 17: join done, raw=4347014 result_size=4135093
R7 [P2] iter 17: join done, raw=3897592 result_size=3795759
R5 [P2] iter 17: join done, raw=5790070 result_size=5609766
R6 [P2] iter 17: join done, raw=6015549 result_size=5664804
R7 [P2] iter 17: split done, delta_size=4810316
R4 [P2] iter 17: split done, delta_size=4347324
R1 [P2] iter 17: split done, delta_size=5356063
R0 [P2] iter 17: split done, delta_size=4356574
R2 [P2] iter 17: split done, delta_size=4490253
R6 [P2] iter 17: split done, delta_size=4351349
R3 [P2] iter 17: split done, delta_size=4491147
R5 [P2] iter 17: split done, delta_size=4499193
R7 [P2] iter 17: dedup done, delta_size=4068535
R4 [P2] iter 17: dedup done, delta_size=3680153
R6 [P2] iter 17: dedup done, delta_size=3677249
R0 [P2] iter 17: dedup done, delta_size=3704423
R5 [P2] iter 17: dedup done, delta_size=3784334
R2 [P2] iter 17: dedup done, delta_size=3777173
R4 [P2] iter 17: subtract done, delta_size=791708
R1 [P2] iter 17: dedup done, delta_size=4493457
R7 [P2] iter 17: subtract done, delta_size=768964
R3 [P2] iter 17: dedup done, delta_size=3775204
R6 [P2] iter 17: subtract done, delta_size=699636
R0 [P2] iter 17: subtract done, delta_size=842239
R2 [P2] iter 17: subtract done, delta_size=759343
R5 [P2] iter 17: subtract done, delta_size=835727
R1 [P2] iter 17: subtract done, delta_size=943960
R4 [P2] iter 17: merge done, full_size=47506581
R3 [P2] iter 17: subtract done, delta_size=876204
R7 [P2] iter 17: merge done, full_size=51476606
R6 [P2] iter 17: merge done, full_size=47194779
R0 [P2] iter 17: merge done, full_size=48872200
R5 [P2] iter 17: merge done, full_size=49675098
R2 [P2] iter 17: merge done, full_size=47818196
R3 [P2] iter 17: merge done, full_size=47577416
R1 [P2] iter 17: merge done, full_size=51605396
R0 [P2] iter 18 done: global_full_size=391726272
R4 [P2] iter 18 done: global_full_size=391726272
R1 [P2] iter 18 done: global_full_size=391726272
R5 [P2] iter 18 done: global_full_size=391726272
R2 [P2] iter 18 done: global_full_size=391726272
R6 [P2] iter 18 done: global_full_size=391726272
R3 [P2] iter 18 done: global_full_size=391726272
R7 [P2] iter 18 done: global_full_size=391726272
R0 [P2] iter 18: PRE-JOIN GPU mem: 84.1GB free / 85.1GB total | delta_size=842239 full_size=48872200
R4 [P2] iter 18: PRE-JOIN GPU mem: 84.0GB free / 85.1GB total | delta_size=791708 full_size=47506581
R2 [P2] iter 18: PRE-JOIN GPU mem: 84.0GB free / 85.1GB total | delta_size=759343 full_size=47818196
R5 [P2] iter 18: PRE-JOIN GPU mem: 83.9GB free / 85.1GB total | delta_size=835727 full_size=49675098
R3 [P2] iter 18: PRE-JOIN GPU mem: 84.0GB free / 85.1GB total | delta_size=876204 full_size=47577416
R6 [P2] iter 18: PRE-JOIN GPU mem: 83.8GB free / 85.1GB total | delta_size=699636 full_size=47194779
R1 [P2] iter 18: PRE-JOIN GPU mem: 84.0GB free / 85.1GB total | delta_size=943960 full_size=51605396
R7 [P2] iter 18: PRE-JOIN GPU mem: 83.6GB free / 85.1GB total | delta_size=768964 full_size=51476606
R4 [P2] iter 18: join done, raw=6231019 result_size=6034600
R6 [P2] iter 18: join done, raw=3579604 result_size=3565363
R7 [P2] iter 18: join done, raw=4773024 result_size=4680870
R5 [P2] iter 18: join done, raw=3664360 result_size=3556695
R2 [P2] iter 18: join done, raw=5076184 result_size=4836100
R1 [P2] iter 18: join done, raw=4177987 result_size=4115892
R3 [P2] iter 18: join done, raw=5170856 result_size=5047905
R0 [P2] iter 18: join done, raw=4628256 result_size=4562584
R6 [P2] iter 18: split done, delta_size=4462277
R5 [P2] iter 18: split done, delta_size=4680972
R2 [P2] iter 18: split done, delta_size=4448450
R4 [P2] iter 18: split done, delta_size=4421124
R6 [P2] iter 18: dedup done, delta_size=3694739
R7 [P2] iter 18: split done, delta_size=4609983
R5 [P2] iter 18: dedup done, delta_size=3917448
R6 [P2] iter 18: subtract done, delta_size=837563
R2 [P2] iter 18: dedup done, delta_size=3680518
R1 [P2] iter 18: split done, delta_size=4999663
R4 [P2] iter 18: dedup done, delta_size=3690602
R3 [P2] iter 18: split done, delta_size=4063103
R5 [P2] iter 18: subtract done, delta_size=837211
R2 [P2] iter 18: subtract done, delta_size=806407
R0 [P2] iter 18: split done, delta_size=4714437
R6 [P2] iter 18: merge done, full_size=48032342
R7 [P2] iter 18: dedup done, delta_size=3808105
R4 [P2] iter 18: subtract done, delta_size=687620
R5 [P2] iter 18: merge done, full_size=50512309
R2 [P2] iter 18: merge done, full_size=48624603
R1 [P2] iter 18: dedup done, delta_size=4127377
R3 [P2] iter 18: dedup done, delta_size=3353678
R4 [P2] iter 18: merge done, full_size=48194201
R7 [P2] iter 18: subtract done, delta_size=832359
R0 [P2] iter 18: dedup done, delta_size=3894414
R1 [P2] iter 18: subtract done, delta_size=781570
R3 [P2] iter 18: subtract done, delta_size=683208
R7 [P2] iter 18: merge done, full_size=52308965
R0 [P2] iter 18: subtract done, delta_size=842287
R3 [P2] iter 18: merge done, full_size=48260624
R1 [P2] iter 18: merge done, full_size=52386966
R0 [P2] iter 18: merge done, full_size=49714487
R0 [P2] iter 19 done: global_full_size=398034497
R1 [P2] iter 19 done: global_full_size=398034497
R2 [P2] iter 19 done: global_full_size=398034497
R3 [P2] iter 19 done: global_full_size=398034497
R2 [P2] iter 19: PRE-JOIN GPU mem: 84.0GB free / 85.1GB total | delta_size=806407 full_size=48624603
R3 [P2] iter 19: PRE-JOIN GPU mem: 84.0GB free / 85.1GB total | delta_size=683208 full_size=48260624
R0 [P2] iter 19: PRE-JOIN GPU mem: 84.1GB free / 85.1GB total | delta_size=842287 full_size=49714487
R1 [P2] iter 19: PRE-JOIN GPU mem: 84.0GB free / 85.1GB total | delta_size=781570 full_size=52386966
R4 [P2] iter 19 done: global_full_size=398034497
R5 [P2] iter 19 done: global_full_size=398034497
R6 [P2] iter 19 done: global_full_size=398034497
R6 [P2] iter 19: PRE-JOIN GPU mem: 83.7GB free / 85.1GB total | delta_size=837563 full_size=48032342
R7 [P2] iter 19 done: global_full_size=398034497
R7 [P2] iter 19: PRE-JOIN GPU mem: 83.6GB free / 85.1GB total | delta_size=832359 full_size=52308965
R4 [P2] iter 19: PRE-JOIN GPU mem: 84.0GB free / 85.1GB total | delta_size=687620 full_size=48194201
R5 [P2] iter 19: PRE-JOIN GPU mem: 83.8GB free / 85.1GB total | delta_size=837211 full_size=50512309
R4 [P2] iter 19: join done, raw=3870039 result_size=3727823
R2 [P2] iter 19: join done, raw=4796056 result_size=4666939
R3 [P2] iter 19: join done, raw=2539924 result_size=2503076
R7 [P2] iter 19: join done, raw=5066149 result_size=4933431
R1 [P2] iter 19: join done, raw=3531085 result_size=3482005
R5 [P2] iter 19: join done, raw=4234343 result_size=4066787
R6 [P2] iter 19: join done, raw=5199089 result_size=4869955
R0 [P2] iter 19: join done, raw=5127099 result_size=4975649
R3 [P2] iter 19: split done, delta_size=3674298
R4 [P2] iter 19: split done, delta_size=4135798
R6 [P2] iter 19: split done, delta_size=4058884
R1 [P2] iter 19: split done, delta_size=4137890
R3 [P2] iter 19: dedup done, delta_size=3120313
R5 [P2] iter 19: split done, delta_size=4323690
R2 [P2] iter 19: split done, delta_size=3995898
R7 [P2] iter 19: split done, delta_size=4364649
R0 [P2] iter 19: split done, delta_size=4534558
R4 [P2] iter 19: dedup done, delta_size=3483526
R3 [P2] iter 19: subtract done, delta_size=694236
R1 [P2] iter 19: dedup done, delta_size=3474889
R6 [P2] iter 19: dedup done, delta_size=3402581
R4 [P2] iter 19: subtract done, delta_size=767174
R2 [P2] iter 19: dedup done, delta_size=3361183
R6 [P2] iter 19: subtract done, delta_size=800305
R3 [P2] iter 19: merge done, full_size=48954860
R1 [P2] iter 19: subtract done, delta_size=737038
R5 [P2] iter 19: dedup done, delta_size=3632725
R7 [P2] iter 19: dedup done, delta_size=3676723
R0 [P2] iter 19: dedup done, delta_size=3787272
R4 [P2] iter 19: merge done, full_size=48961375
R2 [P2] iter 19: subtract done, delta_size=737974
R6 [P2] iter 19: merge done, full_size=48832647
R5 [P2] iter 19: subtract done, delta_size=842109
R1 [P2] iter 19: merge done, full_size=53124004
R0 [P2] iter 19: subtract done, delta_size=846368
R7 [P2] iter 19: subtract done, delta_size=861668
R2 [P2] iter 19: merge done, full_size=49362577
R5 [P2] iter 19: merge done, full_size=51354418
R7 [P2] iter 19: merge done, full_size=53170633
R0 [P2] iter 19: merge done, full_size=50560855
R0 [P2] iter 20 done: global_full_size=404321369
R1 [P2] iter 20 done: global_full_size=404321369
R2 [P2] iter 20 done: global_full_size=404321369
R4 [P2] iter 20 done: global_full_size=404321369
R3 [P2] iter 20 done: global_full_size=404321369
R5 [P2] iter 20 done: global_full_size=404321369
R2 [P2] iter 20: PRE-JOIN GPU mem: 84.0GB free / 85.1GB total | delta_size=737974 full_size=49362577
R6 [P2] iter 20 done: global_full_size=404321369
R3 [P2] iter 20: PRE-JOIN GPU mem: 84.0GB free / 85.1GB total | delta_size=694236 full_size=48954860
R7 [P2] iter 20 done: global_full_size=404321369
R0 [P2] iter 20: PRE-JOIN GPU mem: 84.1GB free / 85.1GB total | delta_size=846368 full_size=50560855
R4 [P2] iter 20: PRE-JOIN GPU mem: 84.0GB free / 85.1GB total | delta_size=767174 full_size=48961375
R1 [P2] iter 20: PRE-JOIN GPU mem: 84.0GB free / 85.1GB total | delta_size=737038 full_size=53124004
R5 [P2] iter 20: PRE-JOIN GPU mem: 83.8GB free / 85.1GB total | delta_size=842109 full_size=51354418
R6 [P2] iter 20: PRE-JOIN GPU mem: 83.7GB free / 85.1GB total | delta_size=800305 full_size=48832647
R7 [P2] iter 20: PRE-JOIN GPU mem: 83.6GB free / 85.1GB total | delta_size=861668 full_size=53170633
R4 [P2] iter 20: join done, raw=5245052 result_size=5168286
R6 [P2] iter 20: join done, raw=4719161 result_size=4658623
R7 [P2] iter 20: join done, raw=5196990 result_size=5013848
R5 [P2] iter 20: join done, raw=4235464 result_size=4169872
R2 [P2] iter 20: join done, raw=3333393 result_size=3189677
R1 [P2] iter 20: join done, raw=4511201 result_size=4373884
R3 [P2] iter 20: join done, raw=1789511 result_size=1779555
R0 [P2] iter 20: join done, raw=4902015 result_size=4811890
R3 [P2] iter 20: split done, delta_size=4005722
R2 [P2] iter 20: split done, delta_size=4098492
R3 [P2] iter 20: dedup done, delta_size=3349497
R0 [P2] iter 20: split done, delta_size=4018903
R2 [P2] iter 20: dedup done, delta_size=3372375
R3 [P2] iter 20: subtract done, delta_size=767962
R1 [P2] iter 20: split done, delta_size=4667863
R4 [P2] iter 20: split done, delta_size=4010563
R6 [P2] iter 20: split done, delta_size=3867155
R2 [P2] iter 20: subtract done, delta_size=760348
R5 [P2] iter 20: split done, delta_size=4186232
R7 [P2] iter 20: split done, delta_size=4310705
R3 [P2] iter 20: merge done, full_size=49722822
R0 [P2] iter 20: dedup done, delta_size=3359187
R2 [P2] iter 20: merge done, full_size=50122925
R1 [P2] iter 20: dedup done, delta_size=3855780
R0 [P2] iter 20: subtract done, delta_size=736693
R6 [P2] iter 20: dedup done, delta_size=3241886
R4 [P2] iter 20: dedup done, delta_size=3300907
R1 [P2] iter 20: subtract done, delta_size=797866
R5 [P2] iter 20: dedup done, delta_size=3471531
R7 [P2] iter 20: dedup done, delta_size=3658975
R0 [P2] iter 20: merge done, full_size=51297548
R6 [P2] iter 20: subtract done, delta_size=713681
R4 [P2] iter 20: subtract done, delta_size=655586
R5 [P2] iter 20: subtract done, delta_size=748033
R1 [P2] iter 20: merge done, full_size=53921870
R7 [P2] iter 20: subtract done, delta_size=823378
R6 [P2] iter 20: merge done, full_size=49546328
R4 [P2] iter 20: merge done, full_size=49616961
R5 [P2] iter 20: merge done, full_size=52102451
R7 [P2] iter 20: merge done, full_size=53994011
R0 [P2] iter 21 done: global_full_size=410324916
R4 [P2] iter 21 done: global_full_size=410324916
R1 [P2] iter 21 done: global_full_size=410324916
R5 [P2] iter 21 done: global_full_size=410324916
R2 [P2] iter 21 done: global_full_size=410324916
R6 [P2] iter 21 done: global_full_size=410324916
R3 [P2] iter 21 done: global_full_size=410324916
R3 [P2] iter 21: PRE-JOIN GPU mem: 84.0GB free / 85.1GB total | delta_size=767962 full_size=49722822
R7 [P2] iter 21 done: global_full_size=410324916
R7 [P2] iter 21: PRE-JOIN GPU mem: 83.5GB free / 85.1GB total | delta_size=823378 full_size=53994011
R0 [P2] iter 21: PRE-JOIN GPU mem: 84.1GB free / 85.1GB total | delta_size=736693 full_size=51297548
R4 [P2] iter 21: PRE-JOIN GPU mem: 84.0GB free / 85.1GB total | delta_size=655586 full_size=49616961
R1 [P2] iter 21: PRE-JOIN GPU mem: 84.0GB free / 85.1GB total | delta_size=797866 full_size=53921870
R5 [P2] iter 21: PRE-JOIN GPU mem: 83.8GB free / 85.1GB total | delta_size=748033 full_size=52102451
R2 [P2] iter 21: PRE-JOIN GPU mem: 84.0GB free / 85.1GB total | delta_size=760348 full_size=50122925
R6 [P2] iter 21: PRE-JOIN GPU mem: 83.7GB free / 85.1GB total | delta_size=713681 full_size=49546328
R2 [P2] iter 21: join done, raw=3359116 result_size=3293558
R3 [P2] iter 21: join done, raw=5087020 result_size=4992934
R1 [P2] iter 21: join done, raw=4072680 result_size=3933684
R0 [P2] iter 21: join done, raw=4882666 result_size=4805549
R7 [P2] iter 21: join done, raw=5412596 result_size=5253684
R5 [P2] iter 21: join done, raw=3978443 result_size=3893515
R4 [P2] iter 21: join done, raw=3384385 result_size=3334097
R6 [P2] iter 21: join done, raw=3537448 result_size=3492123
R6 [P2] iter 21: split done, delta_size=4061779
R4 [P2] iter 21: split done, delta_size=3853055
R5 [P2] iter 21: split done, delta_size=4453726
R7 [P2] iter 21: split done, delta_size=4103645
R6 [P2] iter 21: dedup done, delta_size=3371201
R4 [P2] iter 21: dedup done, delta_size=3218782
R6 [P2] iter 21: subtract done, delta_size=568794
R1 [P2] iter 21: split done, delta_size=4054847
R4 [P2] iter 21: subtract done, delta_size=647123
R7 [P2] iter 21: dedup done, delta_size=3418079
R5 [P2] iter 21: dedup done, delta_size=3656079
R6 [P2] iter 21: merge done, full_size=50115122
R3 [P2] iter 21: split done, delta_size=3693728
R2 [P2] iter 21: split done, delta_size=4387835
R0 [P2] iter 21: split done, delta_size=4390529
R4 [P2] iter 21: merge done, full_size=50264084
R7 [P2] iter 21: subtract done, delta_size=703068
R5 [P2] iter 21: subtract done, delta_size=690366
R7 [P2] iter 21: merge done, full_size=54697079
R5 [P2] iter 21: merge done, full_size=52792817
R1 [P2] iter 21: dedup done, delta_size=3402007
R3 [P2] iter 21: dedup done, delta_size=3090060
R2 [P2] iter 21: dedup done, delta_size=3590954
R0 [P2] iter 21: dedup done, delta_size=3664903
R1 [P2] iter 21: subtract done, delta_size=597840
R3 [P2] iter 21: subtract done, delta_size=567856
R0 [P2] iter 21: subtract done, delta_size=757136
R2 [P2] iter 21: subtract done, delta_size=642103
R1 [P2] iter 21: merge done, full_size=54519710
R3 [P2] iter 21: merge done, full_size=50290678
R0 [P2] iter 21: merge done, full_size=52054684
R2 [P2] iter 21: merge done, full_size=50765028
R0 [P2] iter 22 done: global_full_size=415499202
R4 [P2] iter 22 done: global_full_size=415499202
R1 [P2] iter 22 done: global_full_size=415499202
R5 [P2] iter 22 done: global_full_size=415499202
R2 [P2] iter 22 done: global_full_size=415499202
R6 [P2] iter 22 done: global_full_size=415499202
R3 [P2] iter 22 done: global_full_size=415499202
R3 [P2] iter 22: PRE-JOIN GPU mem: 84.0GB free / 85.1GB total | delta_size=567856 full_size=50290678
R7 [P2] iter 22 done: global_full_size=415499202
R0 [P2] iter 22: PRE-JOIN GPU mem: 84.1GB free / 85.1GB total | delta_size=757136 full_size=52054684
R1 [P2] iter 22: PRE-JOIN GPU mem: 84.0GB free / 85.1GB total | delta_size=597840 full_size=54519710
R2 [P2] iter 22: PRE-JOIN GPU mem: 84.0GB free / 85.1GB total | delta_size=642103 full_size=50765028
R4 [P2] iter 22: PRE-JOIN GPU mem: 83.9GB free / 85.1GB total | delta_size=647123 full_size=50264084
R5 [P2] iter 22: PRE-JOIN GPU mem: 83.8GB free / 85.1GB total | delta_size=690366 full_size=52792817
R6 [P2] iter 22: PRE-JOIN GPU mem: 83.7GB free / 85.1GB total | delta_size=568794 full_size=50115122
R7 [P2] iter 22: PRE-JOIN GPU mem: 83.5GB free / 85.1GB total | delta_size=703068 full_size=54697079
R1 [P2] iter 22: join done, raw=2454876 result_size=2347237
R3 [P2] iter 22: join done, raw=4835162 result_size=4593710
R2 [P2] iter 22: join done, raw=2704383 result_size=2690326
R0 [P2] iter 22: join done, raw=5276616 result_size=4801655
R4 [P2] iter 22: join done, raw=4517747 result_size=4388469
R5 [P2] iter 22: join done, raw=6417113 result_size=6115866
R6 [P2] iter 22: join done, raw=3325420 result_size=3128624
R7 [P2] iter 22: join done, raw=3748133 result_size=3660662
R2 [P2] iter 22: split done, delta_size=3930582
R3 [P2] iter 22: split done, delta_size=3786266
R1 [P2] iter 22: split done, delta_size=4308512
R4 [P2] iter 22: split done, delta_size=3720762
R7 [P2] iter 22: split done, delta_size=4115693
R0 [P2] iter 22: split done, delta_size=3800755
R2 [P2] iter 22: dedup done, delta_size=3362215
R6 [P2] iter 22: split done, delta_size=3742550
R3 [P2] iter 22: dedup done, delta_size=3229902
R4 [P2] iter 22: dedup done, delta_size=3163412
R5 [P2] iter 22: split done, delta_size=4321429
R2 [P2] iter 22: subtract done, delta_size=684847
R1 [P2] iter 22: dedup done, delta_size=3717113
R7 [P2] iter 22: dedup done, delta_size=3517707
R3 [P2] iter 22: subtract done, delta_size=635005
R6 [P2] iter 22: dedup done, delta_size=3185254
R0 [P2] iter 22: dedup done, delta_size=3250862
R4 [P2] iter 22: subtract done, delta_size=594083
R2 [P2] iter 22: merge done, full_size=51449875
R1 [P2] iter 22: subtract done, delta_size=682039
R7 [P2] iter 22: subtract done, delta_size=631578
R6 [P2] iter 22: subtract done, delta_size=579083
R3 [P2] iter 22: merge done, full_size=50925683
R0 [P2] iter 22: subtract done, delta_size=611320
R5 [P2] iter 22: dedup done, delta_size=3638038
R4 [P2] iter 22: merge done, full_size=50858167
R1 [P2] iter 22: merge done, full_size=55201749
R6 [P2] iter 22: merge done, full_size=50694205
R0 [P2] iter 22: merge done, full_size=52666004
R7 [P2] iter 22: merge done, full_size=55328657
R5 [P2] iter 22: subtract done, delta_size=699515
R4 [P2] iter 23 done: global_full_size=420616672
R0 [P2] iter 23 done: global_full_size=420616672
R5 [P2] iter 22: merge done, full_size=53492332
R5 [P2] iter 23 done: global_full_size=420616672
R1 [P2] iter 23 done: global_full_size=420616672
R6 [P2] iter 23 done: global_full_size=420616672
R2 [P2] iter 23 done: global_full_size=420616672
R7 [P2] iter 23 done: global_full_size=420616672
R3 [P2] iter 23 done: global_full_size=420616672
R3 [P2] iter 23: PRE-JOIN GPU mem: 84.0GB free / 85.1GB total | delta_size=635005 full_size=50925683
R4 [P2] iter 23: PRE-JOIN GPU mem: 83.9GB free / 85.1GB total | delta_size=594083 full_size=50858167
R0 [P2] iter 23: PRE-JOIN GPU mem: 84.1GB free / 85.1GB total | delta_size=611320 full_size=52666004
R5 [P2] iter 23: PRE-JOIN GPU mem: 83.8GB free / 85.1GB total | delta_size=699515 full_size=53492332
R1 [P2] iter 23: PRE-JOIN GPU mem: 84.0GB free / 85.1GB total | delta_size=682039 full_size=55201749
R6 [P2] iter 23: PRE-JOIN GPU mem: 83.7GB free / 85.1GB total | delta_size=579083 full_size=50694205
R2 [P2] iter 23: PRE-JOIN GPU mem: 84.0GB free / 85.1GB total | delta_size=684847 full_size=51449875
R7 [P2] iter 23: PRE-JOIN GPU mem: 83.5GB free / 85.1GB total | delta_size=631578 full_size=55328657
R4 [P2] iter 23: join done, raw=4700692 result_size=4508952
R0 [P2] iter 23: join done, raw=3686629 result_size=3636440
R7 [P2] iter 23: join done, raw=5289302 result_size=5071301
R5 [P2] iter 23: join done, raw=4207970 result_size=4176398
R2 [P2] iter 23: join done, raw=3130042 result_size=3048071
R6 [P2] iter 23: join done, raw=3898310 result_size=3865405
R1 [P2] iter 23: join done, raw=3753360 result_size=3746951
R3 [P2] iter 23: join done, raw=3915719 result_size=3780985
R4 [P2] iter 23: split done, delta_size=3831289
R4 [P2] iter 23: dedup done, delta_size=3173190
R2 [P2] iter 23: split done, delta_size=3969952
R3 [P2] iter 23: split done, delta_size=3691470
R0 [P2] iter 23: split done, delta_size=3961243
R1 [P2] iter 23: split done, delta_size=4100192
R6 [P2] iter 23: split done, delta_size=3965306
R5 [P2] iter 23: split done, delta_size=3973374
R4 [P2] iter 23: subtract done, delta_size=596505
R7 [P2] iter 23: split done, delta_size=4341677
R4 [P2] iter 23: merge done, full_size=51454672
R6 [P2] iter 23: dedup done, delta_size=3275582
R5 [P2] iter 23: dedup done, delta_size=3352719
R7 [P2] iter 23: dedup done, delta_size=3550845
R6 [P2] iter 23: subtract done, delta_size=610176
R5 [P2] iter 23: subtract done, delta_size=663505
R7 [P2] iter 23: subtract done, delta_size=639493
R6 [P2] iter 23: merge done, full_size=51304381
R5 [P2] iter 23: merge done, full_size=54155837
R7 [P2] iter 23: merge done, full_size=55968150
R3 [P2] iter 23: dedup done, delta_size=3100035
R1 [P2] iter 23: dedup done, delta_size=3415868
R2 [P2] iter 23: dedup done, delta_size=3283949
R0 [P2] iter 23: dedup done, delta_size=3273503
R3 [P2] iter 23: subtract done, delta_size=682448
R2 [P2] iter 23: subtract done, delta_size=612200
R1 [P2] iter 23: subtract done, delta_size=629554
R0 [P2] iter 23: subtract done, delta_size=549468
R0 [P2] iter 23: merge done, full_size=53215472
R1 [P2] iter 23: merge done, full_size=55831303
R3 [P2] iter 23: merge done, full_size=51608131
R0 [P2] iter 24 done: global_full_size=425600021
R1 [P2] iter 24 done: global_full_size=425600021
R2 [P2] iter 23: merge done, full_size=52062075
R2 [P2] iter 24 done: global_full_size=425600021
R4 [P2] iter 24 done: global_full_size=425600021
R3 [P2] iter 24 done: global_full_size=425600021
R5 [P2] iter 24 done: global_full_size=425600021
R5 [P2] iter 24: PRE-JOIN GPU mem: 83.8GB free / 85.1GB total | delta_size=663505 full_size=54155837
R3 [P2] iter 24: PRE-JOIN GPU mem: 84.0GB free / 85.1GB total | delta_size=682448 full_size=51608131
R6 [P2] iter 24 done: global_full_size=425600021
R0 [P2] iter 24: PRE-JOIN GPU mem: 84.0GB free / 85.1GB total | delta_size=549468 full_size=53215472
R7 [P2] iter 24 done: global_full_size=425600021
R7 [P2] iter 24: PRE-JOIN GPU mem: 83.5GB free / 85.1GB total | delta_size=639493 full_size=55968150
R1 [P2] iter 24: PRE-JOIN GPU mem: 84.0GB free / 85.1GB total | delta_size=629554 full_size=55831303
R4 [P2] iter 24: PRE-JOIN GPU mem: 83.9GB free / 85.1GB total | delta_size=596505 full_size=51454672
R2 [P2] iter 24: PRE-JOIN GPU mem: 84.0GB free / 85.1GB total | delta_size=612200 full_size=52062075
R6 [P2] iter 24: PRE-JOIN GPU mem: 83.7GB free / 85.1GB total | delta_size=610176 full_size=51304381
R4 [P2] iter 24: join done, raw=5486310 result_size=5311431
R2 [P2] iter 24: join done, raw=4080638 result_size=4041076
R0 [P2] iter 24: join done, raw=2696450 result_size=2617485
R7 [P2] iter 24: join done, raw=2069666 result_size=2064006
R3 [P2] iter 24: join done, raw=4537156 result_size=4414009
R1 [P2] iter 24: join done, raw=3426387 result_size=3355271
R6 [P2] iter 24: join done, raw=4210277 result_size=4135551
R5 [P2] iter 24: join done, raw=5112621 result_size=4829125
R1 [P2] iter 24: split done, delta_size=3790305
R0 [P2] iter 24: split done, delta_size=4204607
R2 [P2] iter 24: split done, delta_size=3540725
R3 [P2] iter 24: split done, delta_size=3809783
R1 [P2] iter 24: dedup done, delta_size=3193078
R0 [P2] iter 24: dedup done, delta_size=3496485
R2 [P2] iter 24: dedup done, delta_size=2997157
R1 [P2] iter 24: subtract done, delta_size=630751
R3 [P2] iter 24: dedup done, delta_size=3123811
R0 [P2] iter 24: subtract done, delta_size=704985
R2 [P2] iter 24: subtract done, delta_size=604599
R3 [P2] iter 24: subtract done, delta_size=623835
R1 [P2] iter 24: merge done, full_size=56462054
R0 [P2] iter 24: merge done, full_size=53920457
R2 [P2] iter 24: merge done, full_size=52666674
R3 [P2] iter 24: merge done, full_size=52231966
R4 [P2] iter 24: split done, delta_size=3660374
R5 [P2] iter 24: split done, delta_size=4108442
R7 [P2] iter 24: split done, delta_size=3971057
R6 [P2] iter 24: split done, delta_size=3682661
R4 [P2] iter 24: dedup done, delta_size=3010261
R5 [P2] iter 24: dedup done, delta_size=3450462
R7 [P2] iter 24: dedup done, delta_size=3272048
R6 [P2] iter 24: dedup done, delta_size=3074173
R4 [P2] iter 24: subtract done, delta_size=608093
R5 [P2] iter 24: subtract done, delta_size=759535
R7 [P2] iter 24: subtract done, delta_size=610306
R6 [P2] iter 24: subtract done, delta_size=601774
R4 [P2] iter 24: merge done, full_size=52062765
R7 [P2] iter 24: merge done, full_size=56578456
R5 [P2] iter 24: merge done, full_size=54915372
R6 [P2] iter 24: merge done, full_size=51906155
R0 [P2] iter 25 done: global_full_size=430743899
R4 [P2] iter 25 done: global_full_size=430743899
R1 [P2] iter 25 done: global_full_size=430743899
R5 [P2] iter 25 done: global_full_size=430743899
R2 [P2] iter 25 done: global_full_size=430743899
R6 [P2] iter 25 done: global_full_size=430743899
R3 [P2] iter 25 done: global_full_size=430743899
R7 [P2] iter 25 done: global_full_size=430743899
R4 [P2] iter 25: PRE-JOIN GPU mem: 83.9GB free / 85.1GB total | delta_size=608093 full_size=52062765
R6 [P2] iter 25: PRE-JOIN GPU mem: 83.7GB free / 85.1GB total | delta_size=601774 full_size=51906155
R7 [P2] iter 25: PRE-JOIN GPU mem: 83.5GB free / 85.1GB total | delta_size=610306 full_size=56578456
R1 [P2] iter 25: PRE-JOIN GPU mem: 84.0GB free / 85.1GB total | delta_size=630751 full_size=56462054
R5 [P2] iter 25: PRE-JOIN GPU mem: 83.8GB free / 85.1GB total | delta_size=759535 full_size=54915372
R3 [P2] iter 25: PRE-JOIN GPU mem: 84.0GB free / 85.1GB total | delta_size=623835 full_size=52231966
R2 [P2] iter 25: PRE-JOIN GPU mem: 84.0GB free / 85.1GB total | delta_size=604599 full_size=52666674
R0 [P2] iter 25: PRE-JOIN GPU mem: 84.0GB free / 85.1GB total | delta_size=704985 full_size=53920457
R4 [P2] iter 25: join done, raw=3320301 result_size=3231884
R7 [P2] iter 25: join done, raw=5080002 result_size=4917584
R6 [P2] iter 25: join done, raw=4054651 result_size=3988158
R5 [P2] iter 25: join done, raw=3626065 result_size=3608424
R0 [P2] iter 25: join done, raw=3541347 result_size=3515234
R1 [P2] iter 25: join done, raw=3461650 result_size=3398893
R3 [P2] iter 25: join done, raw=4509967 result_size=4346939
R2 [P2] iter 25: join done, raw=3988613 result_size=3827506
R0 [P2] iter 25: split done, delta_size=3474405
R6 [P2] iter 25: split done, delta_size=3926859
R1 [P2] iter 25: split done, delta_size=4150909
R2 [P2] iter 25: split done, delta_size=3765458
R3 [P2] iter 25: split done, delta_size=3655954
R0 [P2] iter 25: dedup done, delta_size=2893380
R5 [P2] iter 25: split done, delta_size=3937367
R1 [P2] iter 25: dedup done, delta_size=3452617
R0 [P2] iter 25: subtract done, delta_size=529089
R2 [P2] iter 25: dedup done, delta_size=3122446
R3 [P2] iter 25: dedup done, delta_size=3033141
R1 [P2] iter 25: subtract done, delta_size=635298
R0 [P2] iter 25: merge done, full_size=54449546
R2 [P2] iter 25: subtract done, delta_size=604185
R3 [P2] iter 25: subtract done, delta_size=581285
R1 [P2] iter 25: merge done, full_size=57097352
R2 [P2] iter 25: merge done, full_size=53270859
R3 [P2] iter 25: merge done, full_size=52813251
R4 [P2] iter 25: split done, delta_size=3788629
R7 [P2] iter 25: split done, delta_size=4135041
R6 [P2] iter 25: dedup done, delta_size=3238278
R5 [P2] iter 25: dedup done, delta_size=3270346
R6 [P2] iter 25: subtract done, delta_size=628381
R5 [P2] iter 25: subtract done, delta_size=656071
R7 [P2] iter 25: dedup done, delta_size=3463802
R4 [P2] iter 25: dedup done, delta_size=3110604
R6 [P2] iter 25: merge done, full_size=52534536
R5 [P2] iter 25: merge done, full_size=55571443
R7 [P2] iter 25: subtract done, delta_size=680909
R4 [P2] iter 25: subtract done, delta_size=635785
R4 [P2] iter 25: merge done, full_size=52698550
R0 [P2] iter 26 done: global_full_size=435694902
R4 [P2] iter 26 done: global_full_size=435694902
R1 [P2] iter 26 done: global_full_size=435694902
R5 [P2] iter 26 done: global_full_size=435694902
R2 [P2] iter 26 done: global_full_size=435694902
R2 [P2] iter 26: PRE-JOIN GPU mem: 84.0GB free / 85.1GB total | delta_size=604185 full_size=53270859
R6 [P2] iter 26 done: global_full_size=435694902
R3 [P2] iter 26 done: global_full_size=435694902
R3 [P2] iter 26: PRE-JOIN GPU mem: 84.0GB free / 85.1GB total | delta_size=581285 full_size=52813251
R7 [P2] iter 25: merge done, full_size=57259365
R7 [P2] iter 26 done: global_full_size=435694902
R0 [P2] iter 26: PRE-JOIN GPU mem: 84.0GB free / 85.1GB total | delta_size=529089 full_size=54449546
R4 [P2] iter 26: PRE-JOIN GPU mem: 83.9GB free / 85.1GB total | delta_size=635785 full_size=52698550
R1 [P2] iter 26: PRE-JOIN GPU mem: 84.0GB free / 85.1GB total | delta_size=635298 full_size=57097352
R5 [P2] iter 26: PRE-JOIN GPU mem: 83.8GB free / 85.1GB total | delta_size=656071 full_size=55571443
R6 [P2] iter 26: PRE-JOIN GPU mem: 83.7GB free / 85.1GB total | delta_size=628381 full_size=52534536
R7 [P2] iter 26: PRE-JOIN GPU mem: 83.5GB free / 85.1GB total | delta_size=680909 full_size=57259365
R4 [P2] iter 26: join done, raw=3870453 result_size=3810366
R7 [P2] iter 26: join done, raw=3629616 result_size=3610512
R2 [P2] iter 26: join done, raw=3325767 result_size=3297715
R5 [P2] iter 26: join done, raw=2554285 result_size=2293187
R6 [P2] iter 26: join done, raw=5625171 result_size=5285268
R0 [P2] iter 26: join done, raw=5090359 result_size=4857777
R3 [P2] iter 26: join done, raw=3812759 result_size=3769888
R1 [P2] iter 26: join done, raw=3648713 result_size=3589173
R2 [P2] iter 26: split done, delta_size=3651114
R1 [P2] iter 26: split done, delta_size=3839430
R3 [P2] iter 26: split done, delta_size=3773070
R4 [P2] iter 26: split done, delta_size=3509390
R5 [P2] iter 26: split done, delta_size=4102259
R7 [P2] iter 26: split done, delta_size=3601273
R2 [P2] iter 26: dedup done, delta_size=3066405
R0 [P2] iter 26: split done, delta_size=4125689
R4 [P2] iter 26: dedup done, delta_size=2960125
R3 [P2] iter 26: dedup done, delta_size=3140717
R5 [P2] iter 26: dedup done, delta_size=3390003
R1 [P2] iter 26: dedup done, delta_size=3246259
R7 [P2] iter 26: dedup done, delta_size=3035862
R2 [P2] iter 26: subtract done, delta_size=631683
R6 [P2] iter 26: split done, delta_size=3911661
R4 [P2] iter 26: subtract done, delta_size=569267
R3 [P2] iter 26: subtract done, delta_size=629864
R1 [P2] iter 26: subtract done, delta_size=582918
R5 [P2] iter 26: subtract done, delta_size=626341
R7 [P2] iter 26: subtract done, delta_size=601144
R0 [P2] iter 26: dedup done, delta_size=3406340
R2 [P2] iter 26: merge done, full_size=53902542
R4 [P2] iter 26: merge done, full_size=53267817
R5 [P2] iter 26: merge done, full_size=56197784
R6 [P2] iter 26: dedup done, delta_size=3317145
R7 [P2] iter 26: merge done, full_size=57860509
R1 [P2] iter 26: merge done, full_size=57680270
R6 [P2] iter 26: subtract done, delta_size=711010
R3 [P2] iter 26: merge done, full_size=53443115
R0 [P2] iter 26: subtract done, delta_size=624513
R6 [P2] iter 26: merge done, full_size=53245546
R0 [P2] iter 26: merge done, full_size=55074059
R0 [P2] iter 27 done: global_full_size=440671642
R1 [P2] iter 27 done: global_full_size=440671642
R2 [P2] iter 27 done: global_full_size=440671642
R3 [P2] iter 27 done: global_full_size=440671642
R0 [P2] iter 27: PRE-JOIN GPU mem: 84.0GB free / 85.1GB total | delta_size=624513 full_size=55074059
R1 [P2] iter 27: PRE-JOIN GPU mem: 84.0GB free / 85.1GB total | delta_size=582918 full_size=57680270
R2 [P2] iter 27: PRE-JOIN GPU mem: 84.0GB free / 85.1GB total | delta_size=631683 full_size=53902542
R3 [P2] iter 27: PRE-JOIN GPU mem: 84.0GB free / 85.1GB total | delta_size=629864 full_size=53443115
R4 [P2] iter 27 done: global_full_size=440671642
R5 [P2] iter 27 done: global_full_size=440671642
R6 [P2] iter 27 done: global_full_size=440671642
R6 [P2] iter 27: PRE-JOIN GPU mem: 83.7GB free / 85.1GB total | delta_size=711010 full_size=53245546
R7 [P2] iter 27 done: global_full_size=440671642
R7 [P2] iter 27: PRE-JOIN GPU mem: 83.5GB free / 85.1GB total | delta_size=601144 full_size=57860509
R4 [P2] iter 27: PRE-JOIN GPU mem: 83.9GB free / 85.1GB total | delta_size=569267 full_size=53267817
R5 [P2] iter 27: PRE-JOIN GPU mem: 83.8GB free / 85.1GB total | delta_size=626341 full_size=56197784
R4 [P2] iter 27: join done, raw=3319621 result_size=3246891
R7 [P2] iter 27: join done, raw=4414343 result_size=4268186
R5 [P2] iter 27: join done, raw=2744393 result_size=2728665
R6 [P2] iter 27: join done, raw=4890551 result_size=4695968
R0 [P2] iter 27: join done, raw=5179951 result_size=5012282
R2 [P2] iter 27: join done, raw=4283864 result_size=4168206
R1 [P2] iter 27: join done, raw=3318296 result_size=3230726
R3 [P2] iter 27: join done, raw=3371472 result_size=3263135
R1 [P2] iter 27: split done, delta_size=4053747
R3 [P2] iter 27: split done, delta_size=3561806
R5 [P2] iter 27: split done, delta_size=3771140
R4 [P2] iter 27: split done, delta_size=3774628
R2 [P2] iter 27: split done, delta_size=3752354
R0 [P2] iter 27: split done, delta_size=3979677
R6 [P2] iter 27: split done, delta_size=3609493
R1 [P2] iter 27: dedup done, delta_size=3364530
R3 [P2] iter 27: dedup done, delta_size=2984128
R5 [P2] iter 27: dedup done, delta_size=3143853
R2 [P2] iter 27: dedup done, delta_size=3147858
R4 [P2] iter 27: dedup done, delta_size=3135752
R7 [P2] iter 27: split done, delta_size=4111214
R0 [P2] iter 27: dedup done, delta_size=3278915
R3 [P2] iter 27: subtract done, delta_size=618479
R1 [P2] iter 27: subtract done, delta_size=609384
R5 [P2] iter 27: subtract done, delta_size=523040
R4 [P2] iter 27: subtract done, delta_size=546163
R2 [P2] iter 27: subtract done, delta_size=676316
R6 [P2] iter 27: dedup done, delta_size=3041655
R0 [P2] iter 27: subtract done, delta_size=637076
R7 [P2] iter 27: dedup done, delta_size=3434285
R3 [P2] iter 27: merge done, full_size=54061594
R5 [P2] iter 27: merge done, full_size=56720824
R6 [P2] iter 27: subtract done, delta_size=547972
R1 [P2] iter 27: merge done, full_size=58289654
R4 [P2] iter 27: merge done, full_size=53813980
R2 [P2] iter 27: merge done, full_size=54578858
R7 [P2] iter 27: subtract done, delta_size=646052
R0 [P2] iter 27: merge done, full_size=55711135
R6 [P2] iter 27: merge done, full_size=53793518
R0 [P2] iter 28 done: global_full_size=445476124
R4 [P2] iter 28 done: global_full_size=445476124
R1 [P2] iter 28 done: global_full_size=445476124
R5 [P2] iter 28 done: global_full_size=445476124
R2 [P2] iter 28 done: global_full_size=445476124
R6 [P2] iter 28 done: global_full_size=445476124
R3 [P2] iter 28 done: global_full_size=445476124
R7 [P2] iter 27: merge done, full_size=58506561
R7 [P2] iter 28 done: global_full_size=445476124
R0 [P2] iter 28: PRE-JOIN GPU mem: 84.0GB free / 85.1GB total | delta_size=637076 full_size=55711135
R4 [P2] iter 28: PRE-JOIN GPU mem: 83.9GB free / 85.1GB total | delta_size=546163 full_size=53813980
R1 [P2] iter 28: PRE-JOIN GPU mem: 84.0GB free / 85.1GB total | delta_size=609384 full_size=58289654
R5 [P2] iter 28: PRE-JOIN GPU mem: 83.8GB free / 85.1GB total | delta_size=523040 full_size=56720824
R2 [P2] iter 28: PRE-JOIN GPU mem: 84.0GB free / 85.1GB total | delta_size=676316 full_size=54578858
R6 [P2] iter 28: PRE-JOIN GPU mem: 83.7GB free / 85.1GB total | delta_size=547972 full_size=53793518
R3 [P2] iter 28: PRE-JOIN GPU mem: 84.0GB free / 85.1GB total | delta_size=618479 full_size=54061594
R7 [P2] iter 28: PRE-JOIN GPU mem: 83.5GB free / 85.1GB total | delta_size=646052 full_size=58506561
R4 [P2] iter 28: join done, raw=3095582 result_size=3046653
R7 [P2] iter 28: join done, raw=3045444 result_size=3010146
R0 [P2] iter 28: join done, raw=4687877 result_size=4527248
R5 [P2] iter 28: join done, raw=4019684 result_size=3958279
R6 [P2] iter 28: join done, raw=3448840 result_size=3393566
R3 [P2] iter 28: join done, raw=3154948 result_size=3083131
R2 [P2] iter 28: join done, raw=4570326 result_size=4370315
R1 [P2] iter 28: join done, raw=5466892 result_size=5265787
R3 [P2] iter 28: split done, delta_size=3729993
R2 [P2] iter 28: split done, delta_size=3756696
R0 [P2] iter 28: split done, delta_size=3461521
R3 [P2] iter 28: dedup done, delta_size=3113583
R1 [P2] iter 28: split done, delta_size=3900239
R2 [P2] iter 28: dedup done, delta_size=3130667
R3 [P2] iter 28: subtract done, delta_size=487227
R0 [P2] iter 28: dedup done, delta_size=2906977
R2 [P2] iter 28: subtract done, delta_size=469860
R1 [P2] iter 28: dedup done, delta_size=3243591
R3 [P2] iter 28: merge done, full_size=54548821
R0 [P2] iter 28: subtract done, delta_size=412123
R1 [P2] iter 28: subtract done, delta_size=530325
R2 [P2] iter 28: merge done, full_size=55048718
R0 [P2] iter 28: merge done, full_size=56123258
R1 [P2] iter 28: merge done, full_size=58819979
R6 [P2] iter 28: split done, delta_size=3594307
R4 [P2] iter 28: split done, delta_size=4076472
R7 [P2] iter 28: split done, delta_size=4277580
R5 [P2] iter 28: split done, delta_size=3858317
R4 [P2] iter 28: dedup done, delta_size=3350784
R7 [P2] iter 28: dedup done, delta_size=3540936
R6 [P2] iter 28: dedup done, delta_size=3012809
R5 [P2] iter 28: dedup done, delta_size=3204569
R7 [P2] iter 28: subtract done, delta_size=542587
R4 [P2] iter 28: subtract done, delta_size=543492
R6 [P2] iter 28: subtract done, delta_size=486264
R7 [P2] iter 28: merge done, full_size=59049148
R5 [P2] iter 28: subtract done, delta_size=540576
R6 [P2] iter 28: merge done, full_size=54279782
R4 [P2] iter 28: merge done, full_size=54357472
R0 [P2] iter 29 done: global_full_size=449488578
R4 [P2] iter 29 done: global_full_size=449488578
R1 [P2] iter 29 done: global_full_size=449488578
R5 [P2] iter 28: merge done, full_size=57261400
R5 [P2] iter 29 done: global_full_size=449488578
R2 [P2] iter 29 done: global_full_size=449488578
R6 [P2] iter 29 done: global_full_size=449488578
R3 [P2] iter 29 done: global_full_size=449488578
R7 [P2] iter 29 done: global_full_size=449488578
R4 [P2] iter 29: PRE-JOIN GPU mem: 83.9GB free / 85.1GB total | delta_size=543492 full_size=54357472
R5 [P2] iter 29: PRE-JOIN GPU mem: 83.8GB free / 85.1GB total | delta_size=540576 full_size=57261400
R6 [P2] iter 29: PRE-JOIN GPU mem: 83.7GB free / 85.1GB total | delta_size=486264 full_size=54279782
R7 [P2] iter 29: PRE-JOIN GPU mem: 83.5GB free / 85.1GB total | delta_size=542587 full_size=59049148
R0 [P2] iter 29: PRE-JOIN GPU mem: 84.0GB free / 85.1GB total | delta_size=412123 full_size=56123258
R1 [P2] iter 29: PRE-JOIN GPU mem: 84.0GB free / 85.1GB total | delta_size=530325 full_size=58819979
R2 [P2] iter 29: PRE-JOIN GPU mem: 84.0GB free / 85.1GB total | delta_size=469860 full_size=55048718
R3 [P2] iter 29: PRE-JOIN GPU mem: 84.0GB free / 85.1GB total | delta_size=487227 full_size=54548821
R4 [P2] iter 29: join done, raw=2939347 result_size=2840119
R7 [P2] iter 29: join done, raw=2726755 result_size=2689787
R6 [P2] iter 29: join done, raw=4983240 result_size=4676375
R5 [P2] iter 29: join done, raw=6120114 result_size=5854415
R3 [P2] iter 29: join done, raw=3633175 result_size=3466032
R0 [P2] iter 29: join done, raw=3085777 result_size=2992568
R2 [P2] iter 29: join done, raw=3693751 result_size=3642791
R1 [P2] iter 29: join done, raw=4058467 result_size=4018754
R2 [P2] iter 29: split done, delta_size=3676651
R1 [P2] iter 29: split done, delta_size=3600678
R3 [P2] iter 29: split done, delta_size=3762097
R0 [P2] iter 29: split done, delta_size=3787954
R2 [P2] iter 29: dedup done, delta_size=3079123
R1 [P2] iter 29: dedup done, delta_size=3057289
R3 [P2] iter 29: dedup done, delta_size=3170686
R2 [P2] iter 29: subtract done, delta_size=453061
R7 [P2] iter 29: split done, delta_size=4173021
R0 [P2] iter 29: dedup done, delta_size=3143141
R1 [P2] iter 29: subtract done, delta_size=466959
R4 [P2] iter 29: split done, delta_size=3471761
R3 [P2] iter 29: subtract done, delta_size=607615
R2 [P2] iter 29: merge done, full_size=55501779
R0 [P2] iter 29: subtract done, delta_size=419700
R1 [P2] iter 29: merge done, full_size=59286938
R3 [P2] iter 29: merge done, full_size=55156436
R0 [P2] iter 29: merge done, full_size=56542958
R6 [P2] iter 29: split done, delta_size=3528391
R5 [P2] iter 29: split done, delta_size=4180288
R7 [P2] iter 29: dedup done, delta_size=3491327
R4 [P2] iter 29: dedup done, delta_size=2892223
R6 [P2] iter 29: dedup done, delta_size=2938986
R4 [P2] iter 29: subtract done, delta_size=448795
R7 [P2] iter 29: subtract done, delta_size=511425
R6 [P2] iter 29: subtract done, delta_size=417643
R5 [P2] iter 29: dedup done, delta_size=3490292
R4 [P2] iter 29: merge done, full_size=54806267
R7 [P2] iter 29: merge done, full_size=59560573
R5 [P2] iter 29: subtract done, delta_size=499469
R6 [P2] iter 29: merge done, full_size=54697425
R0 [P2] iter 30 done: global_full_size=453313245
R4 [P2] iter 30 done: global_full_size=453313245
R1 [P2] iter 30 done: global_full_size=453313245
R5 [P2] iter 29: merge done, full_size=57760869
R5 [P2] iter 30 done: global_full_size=453313245
R2 [P2] iter 30 done: global_full_size=453313245
R2 [P2] iter 30: PRE-JOIN GPU mem: 84.0GB free / 85.1GB total | delta_size=453061 full_size=55501779
R6 [P2] iter 30 done: global_full_size=453313245
R3 [P2] iter 30 done: global_full_size=453313245
R3 [P2] iter 30: PRE-JOIN GPU mem: 84.0GB free / 85.1GB total | delta_size=607615 full_size=55156436
R7 [P2] iter 30 done: global_full_size=453313245
R0 [P2] iter 30: PRE-JOIN GPU mem: 84.0GB free / 85.1GB total | delta_size=419700 full_size=56542958
R5 [P2] iter 30: PRE-JOIN GPU mem: 83.8GB free / 85.1GB total | delta_size=499469 full_size=57760869
R1 [P2] iter 30: PRE-JOIN GPU mem: 84.0GB free / 85.1GB total | delta_size=466959 full_size=59286938
R4 [P2] iter 30: PRE-JOIN GPU mem: 83.9GB free / 85.1GB total | delta_size=448795 full_size=54806267
R6 [P2] iter 30: PRE-JOIN GPU mem: 83.7GB free / 85.1GB total | delta_size=417643 full_size=54697425
R7 [P2] iter 30: PRE-JOIN GPU mem: 83.5GB free / 85.1GB total | delta_size=511425 full_size=59560573
R4 [P2] iter 30: join done, raw=1378908 result_size=1374738
R7 [P2] iter 30: join done, raw=4619318 result_size=4514588
R5 [P2] iter 30: join done, raw=3502502 result_size=3485893
R0 [P2] iter 30: join done, raw=3756835 result_size=3698792
R6 [P2] iter 30: join done, raw=3085841 result_size=2971604
R2 [P2] iter 30: join done, raw=4833080 result_size=4591942
R1 [P2] iter 30: join done, raw=2869561 result_size=2728769
R3 [P2] iter 30: join done, raw=7040842 result_size=6672392
R4 [P2] iter 30: split done, delta_size=3601546
R4 [P2] iter 30: dedup done, delta_size=2990103
R6 [P2] iter 30: split done, delta_size=3653056
R5 [P2] iter 30: split done, delta_size=3698894
R2 [P2] iter 30: split done, delta_size=3537989
R0 [P2] iter 30: split done, delta_size=3557602
R1 [P2] iter 30: split done, delta_size=4233990
R7 [P2] iter 30: split done, delta_size=4356882
R4 [P2] iter 30: subtract done, delta_size=465427
R6 [P2] iter 30: dedup done, delta_size=3011862
R5 [P2] iter 30: dedup done, delta_size=3128584
R4 [P2] iter 30: merge done, full_size=55271694
R3 [P2] iter 30: split done, delta_size=3398759
R7 [P2] iter 30: dedup done, delta_size=3659079
R6 [P2] iter 30: subtract done, delta_size=481489
R5 [P2] iter 30: subtract done, delta_size=555459
R7 [P2] iter 30: subtract done, delta_size=611165
R6 [P2] iter 30: merge done, full_size=55178914
R5 [P2] iter 30: merge done, full_size=58316328
R7 [P2] iter 30: merge done, full_size=60171738
R0 [P2] iter 30: dedup done, delta_size=3023118
R2 [P2] iter 30: dedup done, delta_size=2993084
R1 [P2] iter 30: dedup done, delta_size=3499497
R3 [P2] iter 30: dedup done, delta_size=2834847
R2 [P2] iter 30: subtract done, delta_size=562920
R0 [P2] iter 30: subtract done, delta_size=581035
R1 [P2] iter 30: subtract done, delta_size=549940
R3 [P2] iter 30: subtract done, delta_size=574677
R2 [P2] iter 30: merge done, full_size=56064699
R1 [P2] iter 30: merge done, full_size=59836878
R0 [P2] iter 30: merge done, full_size=57123993
R0 [P2] iter 31 done: global_full_size=457695357
R1 [P2] iter 31 done: global_full_size=457695357
R4 [P2] iter 31 done: global_full_size=457695357
R2 [P2] iter 31 done: global_full_size=457695357
R5 [P2] iter 31 done: global_full_size=457695357
R3 [P2] iter 30: merge done, full_size=55731113
R3 [P2] iter 31 done: global_full_size=457695357
R6 [P2] iter 31 done: global_full_size=457695357
R0 [P2] iter 31: PRE-JOIN GPU mem: 84.0GB free / 85.1GB total | delta_size=581035 full_size=57123993
R7 [P2] iter 31 done: global_full_size=457695357
R2 [P2] iter 31: PRE-JOIN GPU mem: 84.0GB free / 85.1GB total | delta_size=562920 full_size=56064699
R3 [P2] iter 31: PRE-JOIN GPU mem: 84.0GB free / 85.1GB total | delta_size=574677 full_size=55731113
R1 [P2] iter 31: PRE-JOIN GPU mem: 84.0GB free / 85.1GB total | delta_size=549940 full_size=59836878
R4 [P2] iter 31: PRE-JOIN GPU mem: 83.9GB free / 85.1GB total | delta_size=465427 full_size=55271694
R5 [P2] iter 31: PRE-JOIN GPU mem: 83.8GB free / 85.1GB total | delta_size=555459 full_size=58316328
R6 [P2] iter 31: PRE-JOIN GPU mem: 83.7GB free / 85.1GB total | delta_size=481489 full_size=55178914
R7 [P2] iter 31: PRE-JOIN GPU mem: 83.5GB free / 85.1GB total | delta_size=611165 full_size=60171738
R2 [P2] iter 31: join done, raw=4622375 result_size=4598239
R1 [P2] iter 31: join done, raw=2314968 result_size=2209747
R0 [P2] iter 31: join done, raw=5434100 result_size=5155444
R3 [P2] iter 31: join done, raw=4190244 result_size=4087503
R4 [P2] iter 31: join done, raw=2147077 result_size=2078595
R7 [P2] iter 31: join done, raw=3671846 result_size=3566808
R6 [P2] iter 31: join done, raw=3957636 result_size=3836839
R5 [P2] iter 31: join done, raw=4718952 result_size=4641267
R6 [P2] iter 31: split done, delta_size=3881676
R4 [P2] iter 31: split done, delta_size=3377035
R1 [P2] iter 31: split done, delta_size=4083610
R6 [P2] iter 31: dedup done, delta_size=3212220
R7 [P2] iter 31: split done, delta_size=4180427
R5 [P2] iter 31: split done, delta_size=3958005
R4 [P2] iter 31: dedup done, delta_size=2867843
R3 [P2] iter 31: split done, delta_size=3464060
R6 [P2] iter 31: subtract done, delta_size=588126
R2 [P2] iter 31: split done, delta_size=3634547
R1 [P2] iter 31: dedup done, delta_size=3409540
R0 [P2] iter 31: split done, delta_size=3595082
R4 [P2] iter 31: subtract done, delta_size=553980
R7 [P2] iter 31: dedup done, delta_size=3477773
R1 [P2] iter 31: subtract done, delta_size=587123
R6 [P2] iter 31: merge done, full_size=55767040
R5 [P2] iter 31: dedup done, delta_size=3247719
R3 [P2] iter 31: dedup done, delta_size=2852592
R4 [P2] iter 31: merge done, full_size=55825674
R2 [P2] iter 31: dedup done, delta_size=3048802
R7 [P2] iter 31: subtract done, delta_size=572264
R0 [P2] iter 31: dedup done, delta_size=3006070
R5 [P2] iter 31: subtract done, delta_size=487445
R1 [P2] iter 31: merge done, full_size=60424001
R3 [P2] iter 31: subtract done, delta_size=471285
R2 [P2] iter 31: subtract done, delta_size=606621
R0 [P2] iter 31: subtract done, delta_size=476727
R7 [P2] iter 31: merge done, full_size=60744002
R5 [P2] iter 31: merge done, full_size=58803773
R3 [P2] iter 31: merge done, full_size=56202398
R2 [P2] iter 31: merge done, full_size=56671320
R0 [P2] iter 31: merge done, full_size=57600720
R0 [P2] iter 32 done: global_full_size=462038928
R1 [P2] iter 32 done: global_full_size=462038928
R4 [P2] iter 32 done: global_full_size=462038928
R2 [P2] iter 32 done: global_full_size=462038928
R5 [P2] iter 32 done: global_full_size=462038928
R3 [P2] iter 32 done: global_full_size=462038928
R6 [P2] iter 32 done: global_full_size=462038928
R0 [P2] iter 32: PRE-JOIN GPU mem: 84.0GB free / 85.1GB total | delta_size=476727 full_size=57600720
R7 [P2] iter 32 done: global_full_size=462038928
R1 [P2] iter 32: PRE-JOIN GPU mem: 84.0GB free / 85.1GB total | delta_size=587123 full_size=60424001
R4 [P2] iter 32: PRE-JOIN GPU mem: 83.9GB free / 85.1GB total | delta_size=553980 full_size=55825674
R2 [P2] iter 32: PRE-JOIN GPU mem: 84.0GB free / 85.1GB total | delta_size=606621 full_size=56671320
R5 [P2] iter 32: PRE-JOIN GPU mem: 83.8GB free / 85.1GB total | delta_size=487445 full_size=58803773
R3 [P2] iter 32: PRE-JOIN GPU mem: 84.0GB free / 85.1GB total | delta_size=471285 full_size=56202398
R6 [P2] iter 32: PRE-JOIN GPU mem: 83.7GB free / 85.1GB total | delta_size=588126 full_size=55767040
R7 [P2] iter 32: PRE-JOIN GPU mem: 83.5GB free / 85.1GB total | delta_size=572264 full_size=60744002
R0 [P2] iter 32: join done, raw=2536440 result_size=2510201
R2 [P2] iter 32: join done, raw=4299586 result_size=4196591
R3 [P2] iter 32: join done, raw=3452712 result_size=3300464
R1 [P2] iter 32: join done, raw=4234290 result_size=4054183
R5 [P2] iter 32: join done, raw=2580786 result_size=2564539
R4 [P2] iter 32: join done, raw=4580251 result_size=4376448
R7 [P2] iter 32: join done, raw=3298817 result_size=3252240
R6 [P2] iter 32: join done, raw=5035499 result_size=4887501
R4 [P2] iter 32: split done, delta_size=3354798
R5 [P2] iter 32: split done, delta_size=3721051
R7 [P2] iter 32: split done, delta_size=4175195
R6 [P2] iter 32: split done, delta_size=3601081
R4 [P2] iter 32: dedup done, delta_size=2835122
R1 [P2] iter 32: split done, delta_size=3967440
R3 [P2] iter 32: split done, delta_size=3417195
R5 [P2] iter 32: dedup done, delta_size=3099303
R7 [P2] iter 32: dedup done, delta_size=3496349
R4 [P2] iter 32: subtract done, delta_size=489990
R6 [P2] iter 32: dedup done, delta_size=3005358
R0 [P2] iter 32: split done, delta_size=3413878
R2 [P2] iter 32: split done, delta_size=3491529
R5 [P2] iter 32: subtract done, delta_size=489239
R4 [P2] iter 32: merge done, full_size=56315664
R7 [P2] iter 32: subtract done, delta_size=523030
R6 [P2] iter 32: subtract done, delta_size=612828
R5 [P2] iter 32: merge done, full_size=59293012
R7 [P2] iter 32: merge done, full_size=61267032
R6 [P2] iter 32: merge done, full_size=56379868
R3 [P2] iter 32: dedup done, delta_size=2877242
R1 [P2] iter 32: dedup done, delta_size=3287533
R2 [P2] iter 32: dedup done, delta_size=2936105
R0 [P2] iter 32: dedup done, delta_size=2855886
R3 [P2] iter 32: subtract done, delta_size=516606
R1 [P2] iter 32: subtract done, delta_size=484343
R2 [P2] iter 32: subtract done, delta_size=468074
R0 [P2] iter 32: subtract done, delta_size=502740
R3 [P2] iter 32: merge done, full_size=56719004
R2 [P2] iter 32: merge done, full_size=57139394
R1 [P2] iter 32: merge done, full_size=60908344
R0 [P2] iter 32: merge done, full_size=58103460
R0 [P2] iter 33 done: global_full_size=466125778
R1 [P2] iter 33 done: global_full_size=466125778
R2 [P2] iter 33 done: global_full_size=466125778
R3 [P2] iter 33 done: global_full_size=466125778
R4 [P2] iter 33 done: global_full_size=466125778
R0 [P2] iter 33: PRE-JOIN GPU mem: 84.0GB free / 85.1GB total | delta_size=502740 full_size=58103460
R5 [P2] iter 33 done: global_full_size=466125778
R1 [P2] iter 33: PRE-JOIN GPU mem: 84.0GB free / 85.1GB total | delta_size=484343 full_size=60908344
R6 [P2] iter 33 done: global_full_size=466125778
R6 [P2] iter 33: PRE-JOIN GPU mem: 83.7GB free / 85.1GB total | delta_size=612828 full_size=56379868
R2 [P2] iter 33: PRE-JOIN GPU mem: 84.0GB free / 85.1GB total | delta_size=468074 full_size=57139394
R7 [P2] iter 33 done: global_full_size=466125778
R7 [P2] iter 33: PRE-JOIN GPU mem: 83.5GB free / 85.1GB total | delta_size=523030 full_size=61267032
R3 [P2] iter 33: PRE-JOIN GPU mem: 83.9GB free / 85.1GB total | delta_size=516606 full_size=56719004
R4 [P2] iter 33: PRE-JOIN GPU mem: 83.9GB free / 85.1GB total | delta_size=489990 full_size=56315664
R5 [P2] iter 33: PRE-JOIN GPU mem: 83.8GB free / 85.1GB total | delta_size=489239 full_size=59293012
R4 [P2] iter 33: join done, raw=1515403 result_size=1495306
R0 [P2] iter 33: join done, raw=3569718 result_size=3501818
R7 [P2] iter 33: join done, raw=2348392 result_size=2334378
R2 [P2] iter 33: join done, raw=3893243 result_size=3796273
R5 [P2] iter 33: join done, raw=3395650 result_size=3182732
R3 [P2] iter 33: join done, raw=3589858 result_size=3526184
R1 [P2] iter 33: join done, raw=3577654 result_size=3371080
R6 [P2] iter 33: join done, raw=4442623 result_size=4379652
R3 [P2] iter 33: split done, delta_size=2660146
R2 [P2] iter 33: split done, delta_size=3004995
R0 [P2] iter 33: split done, delta_size=3021685
R1 [P2] iter 33: split done, delta_size=3643266
R3 [P2] iter 33: dedup done, delta_size=2279490
R2 [P2] iter 33: dedup done, delta_size=2520987
R0 [P2] iter 33: dedup done, delta_size=2599504
R3 [P2] iter 33: subtract done, delta_size=357781
R1 [P2] iter 33: dedup done, delta_size=3030870
R2 [P2] iter 33: subtract done, delta_size=440274
R4 [P2] iter 33: split done, delta_size=3164736
R0 [P2] iter 33: subtract done, delta_size=429115
R3 [P2] iter 33: merge done, full_size=57076785
R1 [P2] iter 33: subtract done, delta_size=456649
R7 [P2] iter 33: split done, delta_size=3411095
R6 [P2] iter 33: split done, delta_size=3375427
R5 [P2] iter 33: split done, delta_size=3306073
R2 [P2] iter 33: merge done, full_size=57579668
R0 [P2] iter 33: merge done, full_size=58532575
R1 [P2] iter 33: merge done, full_size=61364993
R4 [P2] iter 33: dedup done, delta_size=2673798
R7 [P2] iter 33: dedup done, delta_size=2888558
R5 [P2] iter 33: dedup done, delta_size=2768146
R4 [P2] iter 33: subtract done, delta_size=391628
R6 [P2] iter 33: dedup done, delta_size=2805935
R5 [P2] iter 33: subtract done, delta_size=395075
R7 [P2] iter 33: subtract done, delta_size=380418
R6 [P2] iter 33: subtract done, delta_size=440402
R4 [P2] iter 33: merge done, full_size=56707292
R5 [P2] iter 33: merge done, full_size=59688087
R7 [P2] iter 33: merge done, full_size=61647450
R0 [P2] iter 34 done: global_full_size=469417120
R4 [P2] iter 34 done: global_full_size=469417120
R1 [P2] iter 34 done: global_full_size=469417120
R1 [P2] iter 34: PRE-JOIN GPU mem: 84.0GB free / 85.1GB total | delta_size=456649 full_size=61364993
R5 [P2] iter 34 done: global_full_size=469417120
R2 [P2] iter 34 done: global_full_size=469417120
R2 [P2] iter 34: PRE-JOIN GPU mem: 84.0GB free / 85.1GB total | delta_size=440274 full_size=57579668
R6 [P2] iter 33: merge done, full_size=56820270
R6 [P2] iter 34 done: global_full_size=469417120
R3 [P2] iter 34 done: global_full_size=469417120
R3 [P2] iter 34: PRE-JOIN GPU mem: 84.0GB free / 85.1GB total | delta_size=357781 full_size=57076785
R7 [P2] iter 34 done: global_full_size=469417120
R0 [P2] iter 34: PRE-JOIN GPU mem: 84.0GB free / 85.1GB total | delta_size=429115 full_size=58532575
R4 [P2] iter 34: PRE-JOIN GPU mem: 83.9GB free / 85.1GB total | delta_size=391628 full_size=56707292
R5 [P2] iter 34: PRE-JOIN GPU mem: 83.8GB free / 85.1GB total | delta_size=395075 full_size=59688087
R7 [P2] iter 34: PRE-JOIN GPU mem: 83.5GB free / 85.1GB total | delta_size=380418 full_size=61647450
R6 [P2] iter 34: PRE-JOIN GPU mem: 83.7GB free / 85.1GB total | delta_size=440402 full_size=56820270
R4 [P2] iter 34: join done, raw=2983842 result_size=2918733
R7 [P2] iter 34: join done, raw=2521456 result_size=2494143
R5 [P2] iter 34: join done, raw=3334876 result_size=3219997
R6 [P2] iter 34: join done, raw=3477593 result_size=3441503
R0 [P2] iter 34: join done, raw=3052932 result_size=2890148
R2 [P2] iter 34: join done, raw=4202254 result_size=4046737
R3 [P2] iter 34: join done, raw=2463399 result_size=2438216
R1 [P2] iter 34: join done, raw=3251787 result_size=3146294
R3 [P2] iter 34: split done, delta_size=2822976
R2 [P2] iter 34: split done, delta_size=2921501
R1 [P2] iter 34: split done, delta_size=3310293
R0 [P2] iter 34: split done, delta_size=3383111
R3 [P2] iter 34: dedup done, delta_size=2394882
R2 [P2] iter 34: dedup done, delta_size=2469223
R3 [P2] iter 34: subtract done, delta_size=370071
R1 [P2] iter 34: dedup done, delta_size=2774113
R0 [P2] iter 34: dedup done, delta_size=2842907
R2 [P2] iter 34: subtract done, delta_size=414481
R1 [P2] iter 34: subtract done, delta_size=395368
R3 [P2] iter 34: merge done, full_size=57446856
R0 [P2] iter 34: subtract done, delta_size=445902
R6 [P2] iter 34: split done, delta_size=2809540
R7 [P2] iter 34: split done, delta_size=3347713
R2 [P2] iter 34: merge done, full_size=57994149
R5 [P2] iter 34: split done, delta_size=3084172
R4 [P2] iter 34: split done, delta_size=2916465
R1 [P2] iter 34: merge done, full_size=61760361
R0 [P2] iter 34: merge done, full_size=58978477
R7 [P2] iter 34: dedup done, delta_size=2824582
R4 [P2] iter 34: dedup done, delta_size=2488901
R6 [P2] iter 34: dedup done, delta_size=2386848
R5 [P2] iter 34: dedup done, delta_size=2620938
R4 [P2] iter 34: subtract done, delta_size=430930
R6 [P2] iter 34: subtract done, delta_size=387524
R7 [P2] iter 34: subtract done, delta_size=375614
R5 [P2] iter 34: subtract done, delta_size=371534
R6 [P2] iter 34: merge done, full_size=57207794
R4 [P2] iter 34: merge done, full_size=57138222
R7 [P2] iter 34: merge done, full_size=62023064
R0 [P2] iter 35 done: global_full_size=472608544
R4 [P2] iter 35 done: global_full_size=472608544
R1 [P2] iter 35 done: global_full_size=472608544
R5 [P2] iter 34: merge done, full_size=60059621
R5 [P2] iter 35 done: global_full_size=472608544
R2 [P2] iter 35 done: global_full_size=472608544
R6 [P2] iter 35 done: global_full_size=472608544
R3 [P2] iter 35 done: global_full_size=472608544
R7 [P2] iter 35 done: global_full_size=472608544
R0 [P2] iter 35: PRE-JOIN GPU mem: 84.0GB free / 85.1GB total | delta_size=445902 full_size=58978477
R1 [P2] iter 35: PRE-JOIN GPU mem: 84.0GB free / 85.1GB total | delta_size=395368 full_size=61760361
R2 [P2] iter 35: PRE-JOIN GPU mem: 84.0GB free / 85.1GB total | delta_size=414481 full_size=57994149
R3 [P2] iter 35: PRE-JOIN GPU mem: 83.9GB free / 85.1GB total | delta_size=370071 full_size=57446856
R4 [P2] iter 35: PRE-JOIN GPU mem: 83.9GB free / 85.1GB total | delta_size=430930 full_size=57138222
R5 [P2] iter 35: PRE-JOIN GPU mem: 83.8GB free / 85.1GB total | delta_size=371534 full_size=60059621
R6 [P2] iter 35: PRE-JOIN GPU mem: 83.7GB free / 85.1GB total | delta_size=387524 full_size=57207794
R7 [P2] iter 35: PRE-JOIN GPU mem: 83.5GB free / 85.1GB total | delta_size=375614 full_size=62023064
R4 [P2] iter 35: join done, raw=3480454 result_size=3465632
R3 [P2] iter 35: join done, raw=2171383 result_size=2160465
R5 [P2] iter 35: join done, raw=2821465 result_size=2736140
R2 [P2] iter 35: join done, raw=3448448 result_size=3321802
R0 [P2] iter 35: join done, raw=3579045 result_size=3315716
R1 [P2] iter 35: join done, raw=1583032 result_size=1580263
R7 [P2] iter 35: join done, raw=3234557 result_size=3182969
R6 [P2] iter 35: join done, raw=2819348 result_size=2758972
R3 [P2] iter 35: split done, delta_size=2523490
R6 [P2] iter 35: split done, delta_size=2593807
R0 [P2] iter 35: split done, delta_size=2753281
R1 [P2] iter 35: split done, delta_size=2939360
R2 [P2] iter 35: split done, delta_size=2757583
R5 [P2] iter 35: split done, delta_size=2771862
R4 [P2] iter 35: split done, delta_size=2831026
R7 [P2] iter 35: split done, delta_size=3351550
R3 [P2] iter 35: dedup done, delta_size=2152341
R6 [P2] iter 35: dedup done, delta_size=2195848
R5 [P2] iter 35: dedup done, delta_size=2374871
R0 [P2] iter 35: dedup done, delta_size=2367312
R4 [P2] iter 35: dedup done, delta_size=2419040
R3 [P2] iter 35: subtract done, delta_size=326509
R1 [P2] iter 35: dedup done, delta_size=2459796
R2 [P2] iter 35: dedup done, delta_size=2318720
R6 [P2] iter 35: subtract done, delta_size=334873
R7 [P2] iter 35: dedup done, delta_size=2804257
R5 [P2] iter 35: subtract done, delta_size=357823
R0 [P2] iter 35: subtract done, delta_size=427912
R4 [P2] iter 35: subtract done, delta_size=375092
R3 [P2] iter 35: merge done, full_size=57773365
R6 [P2] iter 35: merge done, full_size=57542667
R7 [P2] iter 35: subtract done, delta_size=375271
R1 [P2] iter 35: subtract done, delta_size=337670
R2 [P2] iter 35: subtract done, delta_size=357926
R5 [P2] iter 35: merge done, full_size=60417444
R0 [P2] iter 35: merge done, full_size=59406389
R4 [P2] iter 35: merge done, full_size=57513314
R7 [P2] iter 35: merge done, full_size=62398335
R2 [P2] iter 35: merge done, full_size=58352075
R0 [P2] iter 36 done: global_full_size=475501620
R1 [P2] iter 35: merge done, full_size=62098031
R1 [P2] iter 36 done: global_full_size=475501620
R4 [P2] iter 36 done: global_full_size=475501620
R2 [P2] iter 36 done: global_full_size=475501620
R5 [P2] iter 36 done: global_full_size=475501620
R3 [P2] iter 36 done: global_full_size=475501620
R6 [P2] iter 36 done: global_full_size=475501620
R0 [P2] iter 36: PRE-JOIN GPU mem: 84.0GB free / 85.1GB total | delta_size=427912 full_size=59406389
R7 [P2] iter 36 done: global_full_size=475501620
R1 [P2] iter 36: PRE-JOIN GPU mem: 84.0GB free / 85.1GB total | delta_size=337670 full_size=62098031
R4 [P2] iter 36: PRE-JOIN GPU mem: 83.9GB free / 85.1GB total | delta_size=375092 full_size=57513314
R2 [P2] iter 36: PRE-JOIN GPU mem: 84.0GB free / 85.1GB total | delta_size=357926 full_size=58352075
R5 [P2] iter 36: PRE-JOIN GPU mem: 83.8GB free / 85.1GB total | delta_size=357823 full_size=60417444
R3 [P2] iter 36: PRE-JOIN GPU mem: 83.9GB free / 85.1GB total | delta_size=326509 full_size=57773365
R6 [P2] iter 36: PRE-JOIN GPU mem: 83.7GB free / 85.1GB total | delta_size=334873 full_size=57542667
R7 [P2] iter 36: PRE-JOIN GPU mem: 83.5GB free / 85.1GB total | delta_size=375271 full_size=62398335
R0 [P2] iter 36: join done, raw=2629877 result_size=2575946
R2 [P2] iter 36: join done, raw=2624775 result_size=2577919
R3 [P2] iter 36: join done, raw=3653542 result_size=3554040
R1 [P2] iter 36: join done, raw=3254697 result_size=3170402
R4 [P2] iter 36: join done, raw=2929693 result_size=2815366
R7 [P2] iter 36: join done, raw=2136479 result_size=2020763
R6 [P2] iter 36: join done, raw=2564418 result_size=2421128
R5 [P2] iter 36: join done, raw=2837445 result_size=2708698
R2 [P2] iter 36: split done, delta_size=2681437
R1 [P2] iter 36: split done, delta_size=2783160
R3 [P2] iter 36: split done, delta_size=2611927
R0 [P2] iter 36: split done, delta_size=2733836
R6 [P2] iter 36: split done, delta_size=2646403
R4 [P2] iter 36: split done, delta_size=2514347
R7 [P2] iter 36: split done, delta_size=3005500
R5 [P2] iter 36: split done, delta_size=2867652
R4 [P2] iter 36: dedup done, delta_size=2166046
R6 [P2] iter 36: dedup done, delta_size=2205812
R7 [P2] iter 36: dedup done, delta_size=2568746
R5 [P2] iter 36: dedup done, delta_size=2419013
R4 [P2] iter 36: subtract done, delta_size=336771
R3 [P2] iter 36: dedup done, delta_size=2258397
R1 [P2] iter 36: dedup done, delta_size=2414493
R0 [P2] iter 36: dedup done, delta_size=2329480
R6 [P2] iter 36: subtract done, delta_size=337932
R7 [P2] iter 36: subtract done, delta_size=354914
R4 [P2] iter 36: merge done, full_size=57850085
R5 [P2] iter 36: subtract done, delta_size=338675
R6 [P2] iter 36: merge done, full_size=57880599
R7 [P2] iter 36: merge done, full_size=62753249
R5 [P2] iter 36: merge done, full_size=60756119
R2 [P2] iter 36: dedup done, delta_size=2291202
R0 [P2] iter 36: subtract done, delta_size=362551
R3 [P2] iter 36: subtract done, delta_size=407044
R1 [P2] iter 36: subtract done, delta_size=392000
R2 [P2] iter 36: subtract done, delta_size=306590
R0 [P2] iter 36: merge done, full_size=59768940
R3 [P2] iter 36: merge done, full_size=58180409
R1 [P2] iter 36: merge done, full_size=62490031
R0 [P2] iter 37 done: global_full_size=478338097
R1 [P2] iter 37 done: global_full_size=478338097
R2 [P2] iter 36: merge done, full_size=58658665
R2 [P2] iter 37 done: global_full_size=478338097
R4 [P2] iter 37 done: global_full_size=478338097
R3 [P2] iter 37 done: global_full_size=478338097
R5 [P2] iter 37 done: global_full_size=478338097
R0 [P2] iter 37: PRE-JOIN GPU mem: 84.0GB free / 85.1GB total | delta_size=362551 full_size=59768940
R6 [P2] iter 37 done: global_full_size=478338097
R6 [P2] iter 37: PRE-JOIN GPU mem: 83.7GB free / 85.1GB total | delta_size=337932 full_size=57880599
R1 [P2] iter 37: PRE-JOIN GPU mem: 84.0GB free / 85.1GB total | delta_size=392000 full_size=62490031
R7 [P2] iter 37 done: global_full_size=478338097
R7 [P2] iter 37: PRE-JOIN GPU mem: 83.5GB free / 85.1GB total | delta_size=354914 full_size=62753249
R2 [P2] iter 37: PRE-JOIN GPU mem: 84.0GB free / 85.1GB total | delta_size=306590 full_size=58658665
R4 [P2] iter 37: PRE-JOIN GPU mem: 83.9GB free / 85.1GB total | delta_size=336771 full_size=57850085
R3 [P2] iter 37: PRE-JOIN GPU mem: 83.9GB free / 85.1GB total | delta_size=407044 full_size=58180409
R5 [P2] iter 37: PRE-JOIN GPU mem: 83.8GB free / 85.1GB total | delta_size=338675 full_size=60756119
R4 [P2] iter 37: join done, raw=2357696 result_size=2213993
R1 [P2] iter 37: join done, raw=3107548 result_size=3057143
R0 [P2] iter 37: join done, raw=3285475 result_size=3208188
R7 [P2] iter 37: join done, raw=1659051 result_size=1616614
R5 [P2] iter 37: join done, raw=2381952 result_size=2354644
R2 [P2] iter 37: join done, raw=2935322 result_size=2714621
R3 [P2] iter 37: join done, raw=4071447 result_size=3988979
R6 [P2] iter 37: join done, raw=2059657 result_size=2022642
R6 [P2] iter 37: split done, delta_size=2418176
R2 [P2] iter 37: split done, delta_size=2579986
R3 [P2] iter 37: split done, delta_size=2369539
R5 [P2] iter 37: split done, delta_size=2750446
R4 [P2] iter 37: split done, delta_size=2659084
R0 [P2] iter 37: split done, delta_size=2513178
R7 [P2] iter 37: split done, delta_size=3166313
R1 [P2] iter 37: split done, delta_size=2720102
R6 [P2] iter 37: dedup done, delta_size=2063161
R5 [P2] iter 37: dedup done, delta_size=2349129
R2 [P2] iter 37: dedup done, delta_size=2172336
R4 [P2] iter 37: dedup done, delta_size=2245991
R3 [P2] iter 37: dedup done, delta_size=2009099
R6 [P2] iter 37: subtract done, delta_size=313645
R0 [P2] iter 37: dedup done, delta_size=2138700
R7 [P2] iter 37: dedup done, delta_size=2684837
R1 [P2] iter 37: dedup done, delta_size=2322568
R5 [P2] iter 37: subtract done, delta_size=310751
R2 [P2] iter 37: subtract done, delta_size=328057
R4 [P2] iter 37: subtract done, delta_size=369686
R3 [P2] iter 37: subtract done, delta_size=304218
R0 [P2] iter 37: subtract done, delta_size=310001
R1 [P2] iter 37: subtract done, delta_size=386530
R6 [P2] iter 37: merge done, full_size=58194244
R7 [P2] iter 37: subtract done, delta_size=387906
R5 [P2] iter 37: merge done, full_size=61066870
R2 [P2] iter 37: merge done, full_size=58986722
R4 [P2] iter 37: merge done, full_size=58219771
R3 [P2] iter 37: merge done, full_size=58484627
R0 [P2] iter 37: merge done, full_size=60078941
R7 [P2] iter 37: merge done, full_size=63141155
R0 [P2] iter 38 done: global_full_size=481048891
R1 [P2] iter 37: merge done, full_size=62876561
R1 [P2] iter 38 done: global_full_size=481048891
R2 [P2] iter 38 done: global_full_size=481048891
R4 [P2] iter 38 done: global_full_size=481048891
R3 [P2] iter 38 done: global_full_size=481048891
R5 [P2] iter 38 done: global_full_size=481048891
R0 [P2] iter 38: PRE-JOIN GPU mem: 84.0GB free / 85.1GB total | delta_size=310001 full_size=60078941
R6 [P2] iter 38 done: global_full_size=481048891
R1 [P2] iter 38: PRE-JOIN GPU mem: 84.0GB free / 85.1GB total | delta_size=386530 full_size=62876561
R7 [P2] iter 38 done: global_full_size=481048891
R7 [P2] iter 38: PRE-JOIN GPU mem: 83.5GB free / 85.1GB total | delta_size=387906 full_size=63141155
R2 [P2] iter 38: PRE-JOIN GPU mem: 84.0GB free / 85.1GB total | delta_size=328057 full_size=58986722
R4 [P2] iter 38: PRE-JOIN GPU mem: 83.9GB free / 85.1GB total | delta_size=369686 full_size=58219771
R3 [P2] iter 38: PRE-JOIN GPU mem: 83.9GB free / 85.1GB total | delta_size=304218 full_size=58484627
R5 [P2] iter 38: PRE-JOIN GPU mem: 83.8GB free / 85.1GB total | delta_size=310751 full_size=61066870
R6 [P2] iter 38: PRE-JOIN GPU mem: 83.7GB free / 85.1GB total | delta_size=313645 full_size=58194244
R4 [P2] iter 38: join done, raw=2419129 result_size=2381290
R1 [P2] iter 38: join done, raw=1904917 result_size=1904026
R0 [P2] iter 38: join done, raw=3019043 result_size=2976032
R5 [P2] iter 38: join done, raw=1682871 result_size=1680550
R2 [P2] iter 38: join done, raw=2775470 result_size=2727757
R7 [P2] iter 38: join done, raw=2783738 result_size=2576878
R3 [P2] iter 38: join done, raw=2883552 result_size=2676307
R6 [P2] iter 38: join done, raw=2939054 result_size=2891175
R2 [P2] iter 38: split done, delta_size=2238567
R1 [P2] iter 38: split done, delta_size=2464713
R3 [P2] iter 38: split done, delta_size=2354969
R0 [P2] iter 38: split done, delta_size=2553178
R2 [P2] iter 38: dedup done, delta_size=1926522
R3 [P2] iter 38: dedup done, delta_size=1974701
R1 [P2] iter 38: dedup done, delta_size=2093242
R0 [P2] iter 38: dedup done, delta_size=2122126
R2 [P2] iter 38: subtract done, delta_size=367922
R3 [P2] iter 38: subtract done, delta_size=295855
R1 [P2] iter 38: subtract done, delta_size=314133
R0 [P2] iter 38: subtract done, delta_size=328015
R2 [P2] iter 38: merge done, full_size=59354644
R3 [P2] iter 38: merge done, full_size=58780482
R4 [P2] iter 38: split done, delta_size=2326227
R1 [P2] iter 38: merge done, full_size=63190694
R0 [P2] iter 38: merge done, full_size=60406956
R5 [P2] iter 38: split done, delta_size=2471230
R6 [P2] iter 38: split done, delta_size=2391391
R7 [P2] iter 38: split done, delta_size=3013740
R4 [P2] iter 38: dedup done, delta_size=1988854
R4 [P2] iter 38: subtract done, delta_size=330332
R6 [P2] iter 38: dedup done, delta_size=2013243
R5 [P2] iter 38: dedup done, delta_size=2106352
R7 [P2] iter 38: dedup done, delta_size=2510142
R6 [P2] iter 38: subtract done, delta_size=284676
R5 [P2] iter 38: subtract done, delta_size=288739
R4 [P2] iter 38: merge done, full_size=58550103
R7 [P2] iter 38: subtract done, delta_size=348851
R6 [P2] iter 38: merge done, full_size=58478920
R5 [P2] iter 38: merge done, full_size=61355609
R0 [P2] iter 39 done: global_full_size=483607414
R4 [P2] iter 39 done: global_full_size=483607414
R1 [P2] iter 39 done: global_full_size=483607414
R5 [P2] iter 39 done: global_full_size=483607414
R2 [P2] iter 39 done: global_full_size=483607414
R6 [P2] iter 39 done: global_full_size=483607414
R3 [P2] iter 39 done: global_full_size=483607414
R7 [P2] iter 38: merge done, full_size=63490006
R7 [P2] iter 39 done: global_full_size=483607414
R4 [P2] iter 39: PRE-JOIN GPU mem: 83.9GB free / 85.1GB total | delta_size=330332 full_size=58550103
R5 [P2] iter 39: PRE-JOIN GPU mem: 83.8GB free / 85.1GB total | delta_size=288739 full_size=61355609
R6 [P2] iter 39: PRE-JOIN GPU mem: 83.7GB free / 85.1GB total | delta_size=284676 full_size=58478920
R7 [P2] iter 39: PRE-JOIN GPU mem: 83.5GB free / 85.1GB total | delta_size=348851 full_size=63490006
R0 [P2] iter 39: PRE-JOIN GPU mem: 84.0GB free / 85.1GB total | delta_size=328015 full_size=60406956
R1 [P2] iter 39: PRE-JOIN GPU mem: 84.0GB free / 85.1GB total | delta_size=314133 full_size=63190694
R2 [P2] iter 39: PRE-JOIN GPU mem: 84.0GB free / 85.1GB total | delta_size=367922 full_size=59354644
R3 [P2] iter 39: PRE-JOIN GPU mem: 83.9GB free / 85.1GB total | delta_size=295855 full_size=58780482
R4 [P2] iter 39: join done, raw=1455519 result_size=1446302
R5 [P2] iter 39: join done, raw=2350432 result_size=2315728
R7 [P2] iter 39: join done, raw=2753488 result_size=2653419
R6 [P2] iter 39: join done, raw=2456048 result_size=2418961
R2 [P2] iter 39: join done, raw=2465535 result_size=2429132
R1 [P2] iter 39: join done, raw=2346446 result_size=2314268
R3 [P2] iter 39: join done, raw=3680415 result_size=3565544
R0 [P2] iter 39: join done, raw=2330981 result_size=2295083
R2 [P2] iter 39: split done, delta_size=2279811
R0 [P2] iter 39: split done, delta_size=2477547
R1 [P2] iter 39: split done, delta_size=2625522
R3 [P2] iter 39: split done, delta_size=2268762
R2 [P2] iter 39: dedup done, delta_size=1907798
R3 [P2] iter 39: dedup done, delta_size=1917619
R0 [P2] iter 39: dedup done, delta_size=2067669
R1 [P2] iter 39: dedup done, delta_size=2132917
R2 [P2] iter 39: subtract done, delta_size=256712
R3 [P2] iter 39: subtract done, delta_size=324037
R0 [P2] iter 39: subtract done, delta_size=366158
R1 [P2] iter 39: subtract done, delta_size=258769
R2 [P2] iter 39: merge done, full_size=59611356
R3 [P2] iter 39: merge done, full_size=59104519
R0 [P2] iter 39: merge done, full_size=60773114
R6 [P2] iter 39: split done, delta_size=2319803
R7 [P2] iter 39: split done, delta_size=2663236
R5 [P2] iter 39: split done, delta_size=2557751
R4 [P2] iter 39: split done, delta_size=2246005
R1 [P2] iter 39: merge done, full_size=63449463
R7 [P2] iter 39: dedup done, delta_size=2230441
R6 [P2] iter 39: dedup done, delta_size=1948696
R5 [P2] iter 39: dedup done, delta_size=2125554
R4 [P2] iter 39: dedup done, delta_size=1903806
R5 [P2] iter 39: subtract done, delta_size=272248
R7 [P2] iter 39: subtract done, delta_size=287088
R6 [P2] iter 39: subtract done, delta_size=338590
R4 [P2] iter 39: subtract done, delta_size=316286
R5 [P2] iter 39: merge done, full_size=61627857
R6 [P2] iter 39: merge done, full_size=58817510
R7 [P2] iter 39: merge done, full_size=63777094
R0 [P2] iter 40 done: global_full_size=486027302
R4 [P2] iter 39: merge done, full_size=58866389
R4 [P2] iter 40 done: global_full_size=486027302
R1 [P2] iter 40 done: global_full_size=486027302
R5 [P2] iter 40 done: global_full_size=486027302
R2 [P2] iter 40 done: global_full_size=486027302
R6 [P2] iter 40 done: global_full_size=486027302
R3 [P2] iter 40 done: global_full_size=486027302
R7 [P2] iter 40 done: global_full_size=486027302
R0 [P2] iter 40: PRE-JOIN GPU mem: 84.0GB free / 85.1GB total | delta_size=366158 full_size=60773114
R1 [P2] iter 40: PRE-JOIN GPU mem: 84.0GB free / 85.1GB total | delta_size=258769 full_size=63449463
R2 [P2] iter 40: PRE-JOIN GPU mem: 84.0GB free / 85.1GB total | delta_size=256712 full_size=59611356
R3 [P2] iter 40: PRE-JOIN GPU mem: 83.9GB free / 85.1GB total | delta_size=324037 full_size=59104519
R4 [P2] iter 40: PRE-JOIN GPU mem: 83.9GB free / 85.1GB total | delta_size=316286 full_size=58866389
R5 [P2] iter 40: PRE-JOIN GPU mem: 83.8GB free / 85.1GB total | delta_size=272248 full_size=61627857
R6 [P2] iter 40: PRE-JOIN GPU mem: 83.7GB free / 85.1GB total | delta_size=338590 full_size=58817510
R7 [P2] iter 40: PRE-JOIN GPU mem: 83.5GB free / 85.1GB total | delta_size=287088 full_size=63777094
R2 [P2] iter 40: join done, raw=1076648 result_size=1062514
R0 [P2] iter 40: join done, raw=2046074 result_size=2024005
R1 [P2] iter 40: join done, raw=1910062 result_size=1739083
R3 [P2] iter 40: join done, raw=2082330 result_size=2014987
R5 [P2] iter 40: join done, raw=1610352 result_size=1597190
R6 [P2] iter 40: join done, raw=1891324 result_size=1883347
R4 [P2] iter 40: join done, raw=2958955 result_size=2805442
R7 [P2] iter 40: join done, raw=2474225 result_size=2317311
R2 [P2] iter 40: split done, delta_size=1720620
R6 [P2] iter 40: split done, delta_size=1709076
R0 [P2] iter 40: split done, delta_size=1835786
R3 [P2] iter 40: split done, delta_size=1974495
R1 [P2] iter 40: split done, delta_size=1951646
R4 [P2] iter 40: split done, delta_size=2016328
R7 [P2] iter 40: split done, delta_size=2070385
R5 [P2] iter 40: split done, delta_size=2165543
R2 [P2] iter 40: dedup done, delta_size=1471410
R6 [P2] iter 40: dedup done, delta_size=1443980
R0 [P2] iter 40: dedup done, delta_size=1621809
R3 [P2] iter 40: dedup done, delta_size=1652388
R1 [P2] iter 40: dedup done, delta_size=1659567
R4 [P2] iter 40: dedup done, delta_size=1723346
R7 [P2] iter 40: dedup done, delta_size=1787601
R5 [P2] iter 40: dedup done, delta_size=1847289
R2 [P2] iter 40: subtract done, delta_size=161564
R6 [P2] iter 40: subtract done, delta_size=157674
R0 [P2] iter 40: subtract done, delta_size=215172
R3 [P2] iter 40: subtract done, delta_size=176924
R4 [P2] iter 40: subtract done, delta_size=175238
R1 [P2] iter 40: subtract done, delta_size=213839
R7 [P2] iter 40: subtract done, delta_size=185504
R5 [P2] iter 40: subtract done, delta_size=194949
R2 [P2] iter 40: merge done, full_size=59772920
R6 [P2] iter 40: merge done, full_size=58975184
R0 [P2] iter 40: merge done, full_size=60988286
R4 [P2] iter 40: merge done, full_size=59041627
R7 [P2] iter 40: merge done, full_size=63962598
R5 [P2] iter 40: merge done, full_size=61822806
R3 [P2] iter 40: merge done, full_size=59281443
R0 [P2] iter 41 done: global_full_size=487508166
R4 [P2] iter 41 done: global_full_size=487508166
R1 [P2] iter 40: merge done, full_size=63663302
R1 [P2] iter 41 done: global_full_size=487508166
R5 [P2] iter 41 done: global_full_size=487508166
R2 [P2] iter 41 done: global_full_size=487508166
R6 [P2] iter 41 done: global_full_size=487508166
R3 [P2] iter 41 done: global_full_size=487508166
R7 [P2] iter 41 done: global_full_size=487508166
R0 [P2] iter 41: PRE-JOIN GPU mem: 84.0GB free / 85.1GB total | delta_size=215172 full_size=60988286
R4 [P2] iter 41: PRE-JOIN GPU mem: 83.9GB free / 85.1GB total | delta_size=175238 full_size=59041627
R1 [P2] iter 41: PRE-JOIN GPU mem: 84.0GB free / 85.1GB total | delta_size=213839 full_size=63663302
R5 [P2] iter 41: PRE-JOIN GPU mem: 83.8GB free / 85.1GB total | delta_size=194949 full_size=61822806
R2 [P2] iter 41: PRE-JOIN GPU mem: 84.0GB free / 85.1GB total | delta_size=161564 full_size=59772920
R6 [P2] iter 41: PRE-JOIN GPU mem: 83.7GB free / 85.1GB total | delta_size=157674 full_size=58975184
R3 [P2] iter 41: PRE-JOIN GPU mem: 83.9GB free / 85.1GB total | delta_size=176924 full_size=59281443
R7 [P2] iter 41: PRE-JOIN GPU mem: 83.5GB free / 85.1GB total | delta_size=185504 full_size=63962598
R4 [P2] iter 41: join done, raw=1552312 result_size=1526682
R5 [P2] iter 41: join done, raw=2371577 result_size=2338747
R7 [P2] iter 41: join done, raw=2472518 result_size=2448543
R6 [P2] iter 41: join done, raw=1514249 result_size=1496854
R2 [P2] iter 41: join done, raw=1384840 result_size=1379302
R3 [P2] iter 41: join done, raw=1203186 result_size=1179561
R0 [P2] iter 41: join done, raw=2334503 result_size=2269540
R1 [P2] iter 41: join done, raw=2024049 result_size=1907085
R3 [P2] iter 41: split done, delta_size=1778124
R2 [P2] iter 41: split done, delta_size=1646417
R0 [P2] iter 41: split done, delta_size=1669360
R1 [P2] iter 41: split done, delta_size=1938110
R4 [P2] iter 41: split done, delta_size=1838772
R5 [P2] iter 41: split done, delta_size=1913796
R6 [P2] iter 41: split done, delta_size=1747330
R7 [P2] iter 41: split done, delta_size=2014405
R0 [P2] iter 41: dedup done, delta_size=1403410
R2 [P2] iter 41: dedup done, delta_size=1366475
R3 [P2] iter 41: dedup done, delta_size=1497191
R1 [P2] iter 41: dedup done, delta_size=1610497
R0 [P2] iter 41: subtract done, delta_size=194735
R2 [P2] iter 41: subtract done, delta_size=142814
R3 [P2] iter 41: subtract done, delta_size=203407
R1 [P2] iter 41: subtract done, delta_size=163859
R0 [P2] iter 41: merge done, full_size=61183021
R2 [P2] iter 41: merge done, full_size=59915734
R3 [P2] iter 41: merge done, full_size=59484850
R1 [P2] iter 41: merge done, full_size=63827161
R7 [P2] iter 41: dedup done, delta_size=1688384
R5 [P2] iter 41: dedup done, delta_size=1588176
R4 [P2] iter 41: dedup done, delta_size=1515548
R6 [P2] iter 41: dedup done, delta_size=1489705
R7 [P2] iter 41: subtract done, delta_size=133781
R4 [P2] iter 41: subtract done, delta_size=171304
R6 [P2] iter 41: subtract done, delta_size=190340
R5 [P2] iter 41: subtract done, delta_size=164195
R7 [P2] iter 41: merge done, full_size=64096379
R4 [P2] iter 41: merge done, full_size=59212931
R6 [P2] iter 41: merge done, full_size=59165524
R0 [P2] iter 42 done: global_full_size=488872601
R4 [P2] iter 42 done: global_full_size=488872601
R1 [P2] iter 42 done: global_full_size=488872601
R5 [P2] iter 41: merge done, full_size=61987001
R5 [P2] iter 42 done: global_full_size=488872601
R2 [P2] iter 42 done: global_full_size=488872601
R6 [P2] iter 42 done: global_full_size=488872601
R3 [P2] iter 42 done: global_full_size=488872601
R3 [P2] iter 42: PRE-JOIN GPU mem: 83.9GB free / 85.1GB total | delta_size=203407 full_size=59484850
R7 [P2] iter 42 done: global_full_size=488872601
R0 [P2] iter 42: PRE-JOIN GPU mem: 84.0GB free / 85.1GB total | delta_size=194735 full_size=61183021
R4 [P2] iter 42: PRE-JOIN GPU mem: 83.9GB free / 85.1GB total | delta_size=171304 full_size=59212931
R1 [P2] iter 42: PRE-JOIN GPU mem: 84.0GB free / 85.1GB total | delta_size=163859 full_size=63827161
R5 [P2] iter 42: PRE-JOIN GPU mem: 83.8GB free / 85.1GB total | delta_size=164195 full_size=61987001
R2 [P2] iter 42: PRE-JOIN GPU mem: 84.0GB free / 85.1GB total | delta_size=142814 full_size=59915734
R6 [P2] iter 42: PRE-JOIN GPU mem: 83.7GB free / 85.1GB total | delta_size=190340 full_size=59165524
R7 [P2] iter 42: PRE-JOIN GPU mem: 83.5GB free / 85.1GB total | delta_size=133781 full_size=64096379
R4 [P2] iter 42: join done, raw=2129109 result_size=2124874
R1 [P2] iter 42: join done, raw=2550688 result_size=2444631
R7 [P2] iter 42: join done, raw=1162881 result_size=1151709
R2 [P2] iter 42: join done, raw=980107 result_size=979132
R5 [P2] iter 42: join done, raw=1346989 result_size=1333348
R3 [P2] iter 42: join done, raw=2229474 result_size=2170054
R0 [P2] iter 42: join done, raw=2567479 result_size=2518412
R6 [P2] iter 42: join done, raw=1500227 result_size=1496141
R2 [P2] iter 42: split done, delta_size=1512835
R5 [P2] iter 42: split done, delta_size=1814203
R6 [P2] iter 42: split done, delta_size=1715627
R1 [P2] iter 42: split done, delta_size=1631014
R3 [P2] iter 42: split done, delta_size=1717372
R4 [P2] iter 42: split done, delta_size=1831967
R0 [P2] iter 42: split done, delta_size=1881084
R7 [P2] iter 42: split done, delta_size=2114199
R2 [P2] iter 42: dedup done, delta_size=1262848
R5 [P2] iter 42: dedup done, delta_size=1498443
R6 [P2] iter 42: dedup done, delta_size=1448536
R1 [P2] iter 42: dedup done, delta_size=1363102
R4 [P2] iter 42: dedup done, delta_size=1484483
R0 [P2] iter 42: dedup done, delta_size=1586290
R3 [P2] iter 42: dedup done, delta_size=1410222
R7 [P2] iter 42: dedup done, delta_size=1738518
R2 [P2] iter 42: subtract done, delta_size=147780
R5 [P2] iter 42: subtract done, delta_size=145160
R6 [P2] iter 42: subtract done, delta_size=163150
R1 [P2] iter 42: subtract done, delta_size=161210
R4 [P2] iter 42: subtract done, delta_size=138378
R3 [P2] iter 42: subtract done, delta_size=180963
R7 [P2] iter 42: subtract done, delta_size=199208
R0 [P2] iter 42: subtract done, delta_size=175363
R2 [P2] iter 42: merge done, full_size=60063514
R5 [P2] iter 42: merge done, full_size=62132161
R6 [P2] iter 42: merge done, full_size=59328674
R1 [P2] iter 42: merge done, full_size=63988371
R4 [P2] iter 42: merge done, full_size=59351309
R3 [P2] iter 42: merge done, full_size=59665813
R7 [P2] iter 42: merge done, full_size=64295587
R0 [P2] iter 42: merge done, full_size=61358384
R0 [P2] iter 43 done: global_full_size=490183813
R1 [P2] iter 43 done: global_full_size=490183813
R2 [P2] iter 43 done: global_full_size=490183813
R4 [P2] iter 43 done: global_full_size=490183813
R3 [P2] iter 43 done: global_full_size=490183813
R5 [P2] iter 43 done: global_full_size=490183813
R0 [P2] iter 43: PRE-JOIN GPU mem: 84.0GB free / 85.1GB total | delta_size=175363 full_size=61358384
R6 [P2] iter 43 done: global_full_size=490183813
R1 [P2] iter 43: PRE-JOIN GPU mem: 84.0GB free / 85.1GB total | delta_size=161210 full_size=63988371
R7 [P2] iter 43 done: global_full_size=490183813
R7 [P2] iter 43: PRE-JOIN GPU mem: 83.5GB free / 85.1GB total | delta_size=199208 full_size=64295587
R2 [P2] iter 43: PRE-JOIN GPU mem: 84.0GB free / 85.1GB total | delta_size=147780 full_size=60063514
R4 [P2] iter 43: PRE-JOIN GPU mem: 83.9GB free / 85.1GB total | delta_size=138378 full_size=59351309
R3 [P2] iter 43: PRE-JOIN GPU mem: 83.9GB free / 85.1GB total | delta_size=180963 full_size=59665813
R5 [P2] iter 43: PRE-JOIN GPU mem: 83.8GB free / 85.1GB total | delta_size=145160 full_size=62132161
R6 [P2] iter 43: PRE-JOIN GPU mem: 83.7GB free / 85.1GB total | delta_size=163150 full_size=59328674
R4 [P2] iter 43: join done, raw=1521310 result_size=1409148
R1 [P2] iter 43: join done, raw=2607154 result_size=2392911
R2 [P2] iter 43: join done, raw=1536636 result_size=1516873
R3 [P2] iter 43: join done, raw=2525430 result_size=2416809
R7 [P2] iter 43: join done, raw=768377 result_size=755993
R0 [P2] iter 43: join done, raw=1959732 result_size=1927928
R5 [P2] iter 43: join done, raw=2244088 result_size=2138396
R6 [P2] iter 43: join done, raw=1238696 result_size=1236266
R6 [P2] iter 43: split done, delta_size=1655040
R2 [P2] iter 43: split done, delta_size=1537598
R3 [P2] iter 43: split done, delta_size=1618480
R4 [P2] iter 43: split done, delta_size=1645797
R5 [P2] iter 43: split done, delta_size=1776261
R0 [P2] iter 43: split done, delta_size=1654745
R7 [P2] iter 43: split done, delta_size=2061781
R1 [P2] iter 43: split done, delta_size=1844622
R6 [P2] iter 43: dedup done, delta_size=1406890
R4 [P2] iter 43: dedup done, delta_size=1400503
R5 [P2] iter 43: dedup done, delta_size=1533248
R2 [P2] iter 43: dedup done, delta_size=1299108
R3 [P2] iter 43: dedup done, delta_size=1381089
R7 [P2] iter 43: dedup done, delta_size=1722061
R6 [P2] iter 43: subtract done, delta_size=143578
R0 [P2] iter 43: dedup done, delta_size=1422743
R1 [P2] iter 43: dedup done, delta_size=1563118
R4 [P2] iter 43: subtract done, delta_size=184837
R5 [P2] iter 43: subtract done, delta_size=168077
R2 [P2] iter 43: subtract done, delta_size=159306
R3 [P2] iter 43: subtract done, delta_size=172986
R7 [P2] iter 43: subtract done, delta_size=120740
R0 [P2] iter 43: subtract done, delta_size=171253
R1 [P2] iter 43: subtract done, delta_size=176731
R6 [P2] iter 43: merge done, full_size=59472252
R4 [P2] iter 43: merge done, full_size=59536146
R2 [P2] iter 43: merge done, full_size=60222820
R5 [P2] iter 43: merge done, full_size=62300238
R3 [P2] iter 43: merge done, full_size=59838799
R7 [P2] iter 43: merge done, full_size=64416327
R0 [P2] iter 43: merge done, full_size=61529637
R4 [P2] iter 44 done: global_full_size=491481321
R5 [P2] iter 44 done: global_full_size=491481321
R6 [P2] iter 44 done: global_full_size=491481321
R7 [P2] iter 44 done: global_full_size=491481321
R4 [P2] iter 44: PRE-JOIN GPU mem: 83.9GB free / 85.1GB total | delta_size=184837 full_size=59536146
R0 [P2] iter 44 done: global_full_size=491481321
R0 [P2] iter 44: PRE-JOIN GPU mem: 84.0GB free / 85.1GB total | delta_size=171253 full_size=61529637
R5 [P2] iter 44: PRE-JOIN GPU mem: 83.8GB free / 85.1GB total | delta_size=168077 full_size=62300238
R1 [P2] iter 43: merge done, full_size=64165102
R1 [P2] iter 44 done: global_full_size=491481321
R1 [P2] iter 44: PRE-JOIN GPU mem: 84.0GB free / 85.1GB total | delta_size=176731 full_size=64165102
R6 [P2] iter 44: PRE-JOIN GPU mem: 83.7GB free / 85.1GB total | delta_size=143578 full_size=59472252
R2 [P2] iter 44 done: global_full_size=491481321
R2 [P2] iter 44: PRE-JOIN GPU mem: 84.0GB free / 85.1GB total | delta_size=159306 full_size=60222820
R7 [P2] iter 44: PRE-JOIN GPU mem: 83.5GB free / 85.1GB total | delta_size=120740 full_size=64416327
R3 [P2] iter 44 done: global_full_size=491481321
R3 [P2] iter 44: PRE-JOIN GPU mem: 83.9GB free / 85.1GB total | delta_size=172986 full_size=59838799
R4 [P2] iter 44: join done, raw=3509366 result_size=3259618
R3 [P2] iter 44: join done, raw=1474715 result_size=1452274
R1 [P2] iter 44: join done, raw=1826016 result_size=1791073
R0 [P2] iter 44: join done, raw=1826993 result_size=1814661
R2 [P2] iter 44: join done, raw=2080471 result_size=2066506
R7 [P2] iter 44: join done, raw=637582 result_size=637197
R5 [P2] iter 44: join done, raw=1134611 result_size=1125513
R6 [P2] iter 44: join done, raw=608893 result_size=604065
R0 [P2] iter 44: split done, delta_size=1666136
R2 [P2] iter 44: split done, delta_size=1547014
R1 [P2] iter 44: split done, delta_size=1544470
R3 [P2] iter 44: split done, delta_size=1671738
R4 [P2] iter 44: split done, delta_size=1372791
R6 [P2] iter 44: split done, delta_size=1484458
R7 [P2] iter 44: split done, delta_size=1871800
R5 [P2] iter 44: split done, delta_size=1592500
R2 [P2] iter 44: dedup done, delta_size=1285280
R3 [P2] iter 44: dedup done, delta_size=1362469
R0 [P2] iter 44: dedup done, delta_size=1348928
R1 [P2] iter 44: dedup done, delta_size=1299392
R6 [P2] iter 44: dedup done, delta_size=1245214
R7 [P2] iter 44: dedup done, delta_size=1557007
R5 [P2] iter 44: dedup done, delta_size=1314481
R2 [P2] iter 44: subtract done, delta_size=155196
R4 [P2] iter 44: dedup done, delta_size=1140877
R3 [P2] iter 44: subtract done, delta_size=164621
R6 [P2] iter 44: subtract done, delta_size=138560
R7 [P2] iter 44: subtract done, delta_size=145805
R4 [P2] iter 44: subtract done, delta_size=118191
R5 [P2] iter 44: subtract done, delta_size=109552
R1 [P2] iter 44: subtract done, delta_size=140039
R0 [P2] iter 44: subtract done, delta_size=167843
R6 [P2] iter 44: merge done, full_size=59610812
R7 [P2] iter 44: merge done, full_size=64562132
R4 [P2] iter 44: merge done, full_size=59654337
R5 [P2] iter 44: merge done, full_size=62409790
R2 [P2] iter 44: merge done, full_size=60378016
R3 [P2] iter 44: merge done, full_size=60003420
R0 [P2] iter 44: merge done, full_size=61697480
R0 [P2] iter 45 done: global_full_size=492621128
R1 [P2] iter 44: merge done, full_size=64305141
R1 [P2] iter 45 done: global_full_size=492621128
R2 [P2] iter 45 done: global_full_size=492621128
R3 [P2] iter 45 done: global_full_size=492621128
R4 [P2] iter 45 done: global_full_size=492621128
R5 [P2] iter 45 done: global_full_size=492621128
R6 [P2] iter 45 done: global_full_size=492621128
R7 [P2] iter 45 done: global_full_size=492621128
R7 [P2] iter 45: PRE-JOIN GPU mem: 83.5GB free / 85.1GB total | delta_size=145805 full_size=64562132
R4 [P2] iter 45: PRE-JOIN GPU mem: 83.9GB free / 85.1GB total | delta_size=118191 full_size=59654337
R5 [P2] iter 45: PRE-JOIN GPU mem: 83.8GB free / 85.1GB total | delta_size=109552 full_size=62409790
R6 [P2] iter 45: PRE-JOIN GPU mem: 83.7GB free / 85.1GB total | delta_size=138560 full_size=59610812
R0 [P2] iter 45: PRE-JOIN GPU mem: 84.0GB free / 85.1GB total | delta_size=167843 full_size=61697480
R1 [P2] iter 45: PRE-JOIN GPU mem: 84.0GB free / 85.1GB total | delta_size=140039 full_size=64305141
R2 [P2] iter 45: PRE-JOIN GPU mem: 84.0GB free / 85.1GB total | delta_size=155196 full_size=60378016
R3 [P2] iter 45: PRE-JOIN GPU mem: 83.9GB free / 85.1GB total | delta_size=164621 full_size=60003420
R4 [P2] iter 45: join done, raw=1578980 result_size=1483138
R5 [P2] iter 45: join done, raw=1272659 result_size=1212562
R7 [P2] iter 45: join done, raw=1394647 result_size=1391940
R6 [P2] iter 45: join done, raw=1547347 result_size=1531065
R1 [P2] iter 45: join done, raw=749228 result_size=748853
R0 [P2] iter 45: join done, raw=2317105 result_size=2285459
R3 [P2] iter 45: join done, raw=1897650 result_size=1874826
R2 [P2] iter 45: join done, raw=1990920 result_size=1938176
R6 [P2] iter 45: split done, delta_size=1630247
R3 [P2] iter 45: split done, delta_size=1474939
R1 [P2] iter 45: split done, delta_size=1479878
R4 [P2] iter 45: split done, delta_size=1380538
R2 [P2] iter 45: split done, delta_size=1364887
R5 [P2] iter 45: split done, delta_size=1622251
R7 [P2] iter 45: split done, delta_size=1918412
R0 [P2] iter 45: split done, delta_size=1594867
R6 [P2] iter 45: dedup done, delta_size=1324080
R3 [P2] iter 45: dedup done, delta_size=1209315
R1 [P2] iter 45: dedup done, delta_size=1233270
R4 [P2] iter 45: dedup done, delta_size=1120121
R5 [P2] iter 45: dedup done, delta_size=1342290
R7 [P2] iter 45: dedup done, delta_size=1538338
R2 [P2] iter 45: dedup done, delta_size=1127686
R0 [P2] iter 45: dedup done, delta_size=1336689
R6 [P2] iter 45: subtract done, delta_size=106891
R3 [P2] iter 45: subtract done, delta_size=129014
R1 [P2] iter 45: subtract done, delta_size=139548
R4 [P2] iter 45: subtract done, delta_size=123077
R0 [P2] iter 45: subtract done, delta_size=162577
R5 [P2] iter 45: subtract done, delta_size=139675
R2 [P2] iter 45: subtract done, delta_size=163588
R7 [P2] iter 45: subtract done, delta_size=132040
R6 [P2] iter 45: merge done, full_size=59717703
R3 [P2] iter 45: merge done, full_size=60132434
R4 [P2] iter 45: merge done, full_size=59777414
R1 [P2] iter 45: merge done, full_size=64444689
R0 [P2] iter 45: merge done, full_size=61860057
R5 [P2] iter 45: merge done, full_size=62549465
R2 [P2] iter 45: merge done, full_size=60541604
R0 [P2] iter 46 done: global_full_size=493717538
R4 [P2] iter 46 done: global_full_size=493717538
R1 [P2] iter 46 done: global_full_size=493717538
R5 [P2] iter 46 done: global_full_size=493717538
R2 [P2] iter 46 done: global_full_size=493717538
R6 [P2] iter 46 done: global_full_size=493717538
R3 [P2] iter 46 done: global_full_size=493717538
R7 [P2] iter 45: merge done, full_size=64694172
R7 [P2] iter 46 done: global_full_size=493717538
R0 [P2] iter 46: PRE-JOIN GPU mem: 84.0GB free / 85.1GB total | delta_size=162577 full_size=61860057
R4 [P2] iter 46: PRE-JOIN GPU mem: 83.9GB free / 85.1GB total | delta_size=123077 full_size=59777414
R1 [P2] iter 46: PRE-JOIN GPU mem: 84.0GB free / 85.1GB total | delta_size=139548 full_size=64444689
R5 [P2] iter 46: PRE-JOIN GPU mem: 83.8GB free / 85.1GB total | delta_size=139675 full_size=62549465
R2 [P2] iter 46: PRE-JOIN GPU mem: 84.0GB free / 85.1GB total | delta_size=163588 full_size=60541604
R6 [P2] iter 46: PRE-JOIN GPU mem: 83.7GB free / 85.1GB total | delta_size=106891 full_size=59717703
R3 [P2] iter 46: PRE-JOIN GPU mem: 83.9GB free / 85.1GB total | delta_size=129014 full_size=60132434
R7 [P2] iter 46: PRE-JOIN GPU mem: 83.5GB free / 85.1GB total | delta_size=132040 full_size=64694172
R4 [P2] iter 46: join done, raw=1394985 result_size=1388985
R1 [P2] iter 46: join done, raw=1951321 result_size=1943122
R3 [P2] iter 46: join done, raw=1041460 result_size=1040195
R7 [P2] iter 46: join done, raw=1200869 result_size=1198941
R0 [P2] iter 46: join done, raw=2206372 result_size=2095079
R5 [P2] iter 46: join done, raw=1462137 result_size=1424704
R2 [P2] iter 46: join done, raw=1628587 result_size=1527710
R6 [P2] iter 46: join done, raw=1223161 result_size=1181671
R0 [P2] iter 46: split done, delta_size=1138713
R3 [P2] iter 46: split done, delta_size=1221686
R2 [P2] iter 46: split done, delta_size=1463867
R1 [P2] iter 46: split done, delta_size=1898485
R0 [P2] iter 46: dedup done, delta_size=952667
R3 [P2] iter 46: dedup done, delta_size=1003884
R2 [P2] iter 46: dedup done, delta_size=1193245
R4 [P2] iter 46: split done, delta_size=1370328
R6 [P2] iter 46: split done, delta_size=1553706
R5 [P2] iter 46: split done, delta_size=1556402
R1 [P2] iter 46: dedup done, delta_size=1544783
R0 [P2] iter 46: subtract done, delta_size=111062
R3 [P2] iter 46: subtract done, delta_size=127066
R7 [P2] iter 46: split done, delta_size=1597220
R2 [P2] iter 46: subtract done, delta_size=138052
R1 [P2] iter 46: subtract done, delta_size=136335
R0 [P2] iter 46: merge done, full_size=61971119
R3 [P2] iter 46: merge done, full_size=60259500
R2 [P2] iter 46: merge done, full_size=60679656
R1 [P2] iter 46: merge done, full_size=64581024
R5 [P2] iter 46: dedup done, delta_size=1271218
R4 [P2] iter 46: dedup done, delta_size=1124675
R6 [P2] iter 46: dedup done, delta_size=1287308
R5 [P2] iter 46: subtract done, delta_size=125436
R7 [P2] iter 46: dedup done, delta_size=1304694
R4 [P2] iter 46: subtract done, delta_size=152642
R6 [P2] iter 46: subtract done, delta_size=141650
R7 [P2] iter 46: subtract done, delta_size=142801
R5 [P2] iter 46: merge done, full_size=62674901
R4 [P2] iter 46: merge done, full_size=59930056
R6 [P2] iter 46: merge done, full_size=59859353
R0 [P2] iter 47 done: global_full_size=494792582
R1 [P2] iter 47 done: global_full_size=494792582
R4 [P2] iter 47 done: global_full_size=494792582
R2 [P2] iter 47 done: global_full_size=494792582
R2 [P2] iter 47: PRE-JOIN GPU mem: 84.0GB free / 85.1GB total | delta_size=138052 full_size=60679656
R5 [P2] iter 47 done: global_full_size=494792582
R5 [P2] iter 47: PRE-JOIN GPU mem: 83.8GB free / 85.1GB total | delta_size=125436 full_size=62674901
R3 [P2] iter 47 done: global_full_size=494792582
R3 [P2] iter 47: PRE-JOIN GPU mem: 83.9GB free / 85.1GB total | delta_size=127066 full_size=60259500
R6 [P2] iter 47 done: global_full_size=494792582
R6 [P2] iter 47: PRE-JOIN GPU mem: 83.7GB free / 85.1GB total | delta_size=141650 full_size=59859353
R0 [P2] iter 47: PRE-JOIN GPU mem: 84.0GB free / 85.1GB total | delta_size=111062 full_size=61971119
R7 [P2] iter 46: merge done, full_size=64836973
R7 [P2] iter 47 done: global_full_size=494792582
R7 [P2] iter 47: PRE-JOIN GPU mem: 83.5GB free / 85.1GB total | delta_size=142801 full_size=64836973
R1 [P2] iter 47: PRE-JOIN GPU mem: 84.0GB free / 85.1GB total | delta_size=136335 full_size=64581024
R4 [P2] iter 47: PRE-JOIN GPU mem: 83.9GB free / 85.1GB total | delta_size=152642 full_size=59930056
R4 [P2] iter 47: join done, raw=1582464 result_size=1519377
R7 [P2] iter 47: join done, raw=2015614 result_size=1946271
R5 [P2] iter 47: join done, raw=1487790 result_size=1448666
R1 [P2] iter 47: join done, raw=1465409 result_size=1423196
R6 [P2] iter 47: join done, raw=821276 result_size=816729
R0 [P2] iter 47: join done, raw=440616 result_size=440220
R3 [P2] iter 47: join done, raw=1246948 result_size=1223522
R2 [P2] iter 47: join done, raw=688413 result_size=683917
R2 [P2] iter 47: split done, delta_size=1119664
R1 [P2] iter 47: split done, delta_size=1253114
R3 [P2] iter 47: split done, delta_size=1089337
R4 [P2] iter 47: split done, delta_size=1067582
R0 [P2] iter 47: split done, delta_size=1248170
R6 [P2] iter 47: split done, delta_size=1131334
R7 [P2] iter 47: split done, delta_size=1116433
R5 [P2] iter 47: split done, delta_size=1476264
R4 [P2] iter 47: dedup done, delta_size=880580
R7 [P2] iter 47: dedup done, delta_size=942543
R6 [P2] iter 47: dedup done, delta_size=962729
R5 [P2] iter 47: dedup done, delta_size=1241640
R4 [P2] iter 47: subtract done, delta_size=115679
R6 [P2] iter 47: subtract done, delta_size=84425
R7 [P2] iter 47: subtract done, delta_size=104433
R5 [P2] iter 47: subtract done, delta_size=125900
R4 [P2] iter 47: merge done, full_size=60045735
R1 [P2] iter 47: dedup done, delta_size=1049640
R6 [P2] iter 47: merge done, full_size=59943778
R3 [P2] iter 47: dedup done, delta_size=900606
R2 [P2] iter 47: dedup done, delta_size=926336
R0 [P2] iter 47: dedup done, delta_size=1059313
R7 [P2] iter 47: merge done, full_size=64941406
R5 [P2] iter 47: merge done, full_size=62800801
R2 [P2] iter 47: subtract done, delta_size=87738
R3 [P2] iter 47: subtract done, delta_size=79348
R1 [P2] iter 47: subtract done, delta_size=102949
R0 [P2] iter 47: subtract done, delta_size=112663
R3 [P2] iter 47: merge done, full_size=60338848
R0 [P2] iter 47: merge done, full_size=62083782
R2 [P2] iter 47: merge done, full_size=60767394
R0 [P2] iter 48 done: global_full_size=495605717
R1 [P2] iter 47: merge done, full_size=64683973
R1 [P2] iter 48 done: global_full_size=495605717
R4 [P2] iter 48 done: global_full_size=495605717
R2 [P2] iter 48 done: global_full_size=495605717
R5 [P2] iter 48 done: global_full_size=495605717
R3 [P2] iter 48 done: global_full_size=495605717
R6 [P2] iter 48 done: global_full_size=495605717
R0 [P2] iter 48: PRE-JOIN GPU mem: 84.0GB free / 85.1GB total | delta_size=112663 full_size=62083782
R7 [P2] iter 48 done: global_full_size=495605717
R1 [P2] iter 48: PRE-JOIN GPU mem: 84.0GB free / 85.1GB total | delta_size=102949 full_size=64683973
R2 [P2] iter 48: PRE-JOIN GPU mem: 84.0GB free / 85.1GB total | delta_size=87738 full_size=60767394
R3 [P2] iter 48: PRE-JOIN GPU mem: 83.9GB free / 85.1GB total | delta_size=79348 full_size=60338848
R4 [P2] iter 48: PRE-JOIN GPU mem: 83.9GB free / 85.1GB total | delta_size=115679 full_size=60045735
R5 [P2] iter 48: PRE-JOIN GPU mem: 83.8GB free / 85.1GB total | delta_size=125900 full_size=62800801
R6 [P2] iter 48: PRE-JOIN GPU mem: 83.7GB free / 85.1GB total | delta_size=84425 full_size=59943778
R7 [P2] iter 48: PRE-JOIN GPU mem: 83.5GB free / 85.1GB total | delta_size=104433 full_size=64941406
R1 [P2] iter 48: join done, raw=312458 result_size=310832
R3 [P2] iter 48: join done, raw=1130629 result_size=1119998
R0 [P2] iter 48: join done, raw=976698 result_size=976432
R2 [P2] iter 48: join done, raw=394452 result_size=392259
R4 [P2] iter 48: join done, raw=434206 result_size=427792
R6 [P2] iter 48: join done, raw=180794 result_size=180489
R7 [P2] iter 48: join done, raw=949004 result_size=939130
R5 [P2] iter 48: join done, raw=1964394 result_size=1885720
R4 [P2] iter 48: split done, delta_size=578901
R6 [P2] iter 48: split done, delta_size=848137
R3 [P2] iter 48: split done, delta_size=663649
R2 [P2] iter 48: split done, delta_size=751976
R7 [P2] iter 48: split done, delta_size=790382
R0 [P2] iter 48: split done, delta_size=767180
R5 [P2] iter 48: split done, delta_size=864896
R1 [P2] iter 48: split done, delta_size=967531
R4 [P2] iter 48: dedup done, delta_size=522007
R7 [P2] iter 48: dedup done, delta_size=713204
R6 [P2] iter 48: dedup done, delta_size=765721
R5 [P2] iter 48: dedup done, delta_size=770967
R3 [P2] iter 48: dedup done, delta_size=603545
R0 [P2] iter 48: dedup done, delta_size=695206
R2 [P2] iter 48: dedup done, delta_size=678402
R1 [P2] iter 48: dedup done, delta_size=868581
R4 [P2] iter 48: subtract done, delta_size=69712
R6 [P2] iter 48: subtract done, delta_size=92931
R7 [P2] iter 48: subtract done, delta_size=72137
R5 [P2] iter 48: subtract done, delta_size=112240
R3 [P2] iter 48: subtract done, delta_size=88688
R0 [P2] iter 48: subtract done, delta_size=63113
R2 [P2] iter 48: subtract done, delta_size=93032
R1 [P2] iter 48: subtract done, delta_size=105361
R4 [P2] iter 48: merge done, full_size=60115447
R6 [P2] iter 48: merge done, full_size=60036709
R3 [P2] iter 48: merge done, full_size=60427536
R5 [P2] iter 48: merge done, full_size=62913041
R7 [P2] iter 48: merge done, full_size=65013543
R0 [P2] iter 48: merge done, full_size=62146895
R2 [P2] iter 48: merge done, full_size=60860426
R0 [P2] iter 49 done: global_full_size=496302931
R1 [P2] iter 48: merge done, full_size=64789334
R1 [P2] iter 49 done: global_full_size=496302931
R2 [P2] iter 49 done: global_full_size=496302931
R3 [P2] iter 49 done: global_full_size=496302931
R0 [P2] iter 49: PRE-JOIN GPU mem: 84.0GB free / 85.1GB total | delta_size=63113 full_size=62146895
R1 [P2] iter 49: PRE-JOIN GPU mem: 84.0GB free / 85.1GB total | delta_size=105361 full_size=64789334
R2 [P2] iter 49: PRE-JOIN GPU mem: 84.0GB free / 85.1GB total | delta_size=93032 full_size=60860426
R3 [P2] iter 49: PRE-JOIN GPU mem: 83.9GB free / 85.1GB total | delta_size=88688 full_size=60427536
R4 [P2] iter 49 done: global_full_size=496302931
R5 [P2] iter 49 done: global_full_size=496302931
R6 [P2] iter 49 done: global_full_size=496302931
R6 [P2] iter 49: PRE-JOIN GPU mem: 83.7GB free / 85.1GB total | delta_size=92931 full_size=60036709
R7 [P2] iter 49 done: global_full_size=496302931
R7 [P2] iter 49: PRE-JOIN GPU mem: 83.5GB free / 85.1GB total | delta_size=72137 full_size=65013543
R4 [P2] iter 49: PRE-JOIN GPU mem: 83.9GB free / 85.1GB total | delta_size=69712 full_size=60115447
R5 [P2] iter 49: PRE-JOIN GPU mem: 83.8GB free / 85.1GB total | delta_size=112240 full_size=62913041
R4 [P2] iter 49: join done, raw=410703 result_size=410219
R5 [P2] iter 49: join done, raw=1058020 result_size=985041
R1 [P2] iter 49: join done, raw=319617 result_size=318062
R0 [P2] iter 49: join done, raw=568136 result_size=567208
R7 [P2] iter 49: join done, raw=430352 result_size=430338
R3 [P2] iter 49: join done, raw=1333175 result_size=1245292
R2 [P2] iter 49: join done, raw=849317 result_size=843706
R6 [P2] iter 49: join done, raw=981003 result_size=971092
R4 [P2] iter 49: split done, delta_size=678574
R3 [P2] iter 49: split done, delta_size=556551
R6 [P2] iter 49: split done, delta_size=835599
R5 [P2] iter 49: split done, delta_size=827986
R0 [P2] iter 49: split done, delta_size=683054
R2 [P2] iter 49: split done, delta_size=695179
R7 [P2] iter 49: split done, delta_size=775216
R4 [P2] iter 49: dedup done, delta_size=620207
R1 [P2] iter 49: split done, delta_size=718799
R3 [P2] iter 49: dedup done, delta_size=515248
R6 [P2] iter 49: dedup done, delta_size=743475
R0 [P2] iter 49: dedup done, delta_size=623308
R2 [P2] iter 49: dedup done, delta_size=638052
R5 [P2] iter 49: dedup done, delta_size=748941
R7 [P2] iter 49: dedup done, delta_size=713889
R4 [P2] iter 49: subtract done, delta_size=68680
R1 [P2] iter 49: dedup done, delta_size=665972
R3 [P2] iter 49: subtract done, delta_size=96043
R6 [P2] iter 49: subtract done, delta_size=64365
R2 [P2] iter 49: subtract done, delta_size=93572
R0 [P2] iter 49: subtract done, delta_size=52937
R5 [P2] iter 49: subtract done, delta_size=79319
R7 [P2] iter 49: subtract done, delta_size=78442
R1 [P2] iter 49: subtract done, delta_size=82734
R4 [P2] iter 49: merge done, full_size=60184127
R3 [P2] iter 49: merge done, full_size=60523579
R6 [P2] iter 49: merge done, full_size=60101074
R2 [P2] iter 49: merge done, full_size=60953998
R0 [P2] iter 49: merge done, full_size=62199832
R5 [P2] iter 49: merge done, full_size=62992360
R7 [P2] iter 49: merge done, full_size=65091985
R0 [P2] iter 50 done: global_full_size=496919023
R4 [P2] iter 50 done: global_full_size=496919023
R1 [P2] iter 49: merge done, full_size=64872068
R1 [P2] iter 50 done: global_full_size=496919023
R5 [P2] iter 50 done: global_full_size=496919023
R2 [P2] iter 50 done: global_full_size=496919023
R6 [P2] iter 50 done: global_full_size=496919023
R3 [P2] iter 50 done: global_full_size=496919023
R7 [P2] iter 50 done: global_full_size=496919023
R1 [P2] iter 50: PRE-JOIN GPU mem: 84.0GB free / 85.1GB total | delta_size=82734 full_size=64872068
R4 [P2] iter 50: PRE-JOIN GPU mem: 83.9GB free / 85.1GB total | delta_size=68680 full_size=60184127
R0 [P2] iter 50: PRE-JOIN GPU mem: 84.0GB free / 85.1GB total | delta_size=52937 full_size=62199832
R5 [P2] iter 50: PRE-JOIN GPU mem: 83.8GB free / 85.1GB total | delta_size=79319 full_size=62992360
R2 [P2] iter 50: PRE-JOIN GPU mem: 84.0GB free / 85.1GB total | delta_size=93572 full_size=60953998
R6 [P2] iter 50: PRE-JOIN GPU mem: 83.7GB free / 85.1GB total | delta_size=64365 full_size=60101074
R3 [P2] iter 50: PRE-JOIN GPU mem: 83.9GB free / 85.1GB total | delta_size=96043 full_size=60523579
R7 [P2] iter 50: PRE-JOIN GPU mem: 83.5GB free / 85.1GB total | delta_size=78442 full_size=65091985
R4 [P2] iter 50: join done, raw=803038 result_size=765864
R2 [P2] iter 50: join done, raw=981803 result_size=976864
R5 [P2] iter 50: join done, raw=1503474 result_size=1353666
R1 [P2] iter 50: join done, raw=549793 result_size=548386
R3 [P2] iter 50: join done, raw=623235 result_size=621801
R7 [P2] iter 50: join done, raw=491277 result_size=489060
R0 [P2] iter 50: join done, raw=660812 result_size=643058
R6 [P2] iter 50: join done, raw=283325 result_size=282940
R4 [P2] iter 50: split done, delta_size=661029
R3 [P2] iter 50: split done, delta_size=658632
R6 [P2] iter 50: split done, delta_size=701904
R2 [P2] iter 50: split done, delta_size=577587
R4 [P2] iter 50: dedup done, delta_size=594577
R3 [P2] iter 50: dedup done, delta_size=607095
R6 [P2] iter 50: dedup done, delta_size=649239
R5 [P2] iter 50: split done, delta_size=769851
R0 [P2] iter 50: split done, delta_size=798564
R2 [P2] iter 50: dedup done, delta_size=530276
R4 [P2] iter 50: subtract done, delta_size=74912
R7 [P2] iter 50: split done, delta_size=796088
R1 [P2] iter 50: split done, delta_size=717984
R3 [P2] iter 50: subtract done, delta_size=82221
R6 [P2] iter 50: subtract done, delta_size=80130
R0 [P2] iter 50: dedup done, delta_size=733918
R5 [P2] iter 50: dedup done, delta_size=712773
R2 [P2] iter 50: subtract done, delta_size=66200
R7 [P2] iter 50: dedup done, delta_size=729607
R1 [P2] iter 50: dedup done, delta_size=663075
R4 [P2] iter 50: merge done, full_size=60259039
R5 [P2] iter 50: subtract done, delta_size=82047
R3 [P2] iter 50: merge done, full_size=60605800
R0 [P2] iter 50: subtract done, delta_size=85629
R6 [P2] iter 50: merge done, full_size=60181204
R7 [P2] iter 50: subtract done, delta_size=84827
R2 [P2] iter 50: merge done, full_size=61020198
R1 [P2] iter 50: subtract done, delta_size=50207
R0 [P2] iter 50: merge done, full_size=62285461
R5 [P2] iter 50: merge done, full_size=63074407
R7 [P2] iter 50: merge done, full_size=65176812
R4 [P2] iter 51 done: global_full_size=497525196
R0 [P2] iter 51 done: global_full_size=497525196
R5 [P2] iter 51 done: global_full_size=497525196
R1 [P2] iter 50: merge done, full_size=64922275
R1 [P2] iter 51 done: global_full_size=497525196
R2 [P2] iter 51 done: global_full_size=497525196
R6 [P2] iter 51 done: global_full_size=497525196
R3 [P2] iter 51 done: global_full_size=497525196
R7 [P2] iter 51 done: global_full_size=497525196
R0 [P2] iter 51: PRE-JOIN GPU mem: 84.0GB free / 85.1GB total | delta_size=85629 full_size=62285461
R4 [P2] iter 51: PRE-JOIN GPU mem: 83.9GB free / 85.1GB total | delta_size=74912 full_size=60259039
R1 [P2] iter 51: PRE-JOIN GPU mem: 84.0GB free / 85.1GB total | delta_size=50207 full_size=64922275
R5 [P2] iter 51: PRE-JOIN GPU mem: 83.8GB free / 85.1GB total | delta_size=82047 full_size=63074407
R2 [P2] iter 51: PRE-JOIN GPU mem: 84.0GB free / 85.1GB total | delta_size=66200 full_size=61020198
R6 [P2] iter 51: PRE-JOIN GPU mem: 83.7GB free / 85.1GB total | delta_size=80130 full_size=60181204
R3 [P2] iter 51: PRE-JOIN GPU mem: 83.9GB free / 85.1GB total | delta_size=82221 full_size=60605800
R7 [P2] iter 51: PRE-JOIN GPU mem: 83.5GB free / 85.1GB total | delta_size=84827 full_size=65176812
R4 [P2] iter 51: join done, raw=220170 result_size=220101
R5 [P2] iter 51: join done, raw=782478 result_size=768270
R2 [P2] iter 51: join done, raw=1315163 result_size=1205352
R7 [P2] iter 51: join done, raw=1154137 result_size=1134293
R6 [P2] iter 51: join done, raw=561018 result_size=560234
R0 [P2] iter 51: join done, raw=795556 result_size=786918
R1 [P2] iter 51: join done, raw=299483 result_size=299233
R3 [P2] iter 51: join done, raw=549690 result_size=548719
R4 [P2] iter 51: split done, delta_size=654642
R5 [P2] iter 51: split done, delta_size=627117
R7 [P2] iter 51: split done, delta_size=923395
R6 [P2] iter 51: split done, delta_size=677375
R1 [P2] iter 51: split done, delta_size=757697
R0 [P2] iter 51: split done, delta_size=576877
R3 [P2] iter 51: split done, delta_size=715210
R2 [P2] iter 51: split done, delta_size=590807
R3 [P2] iter 51: dedup done, delta_size=643516
R7 [P2] iter 51: dedup done, delta_size=844055
R4 [P2] iter 51: dedup done, delta_size=589224
R5 [P2] iter 51: dedup done, delta_size=570820
R0 [P2] iter 51: dedup done, delta_size=527809
R7 [P2] iter 51: subtract done, delta_size=80025
R3 [P2] iter 51: subtract done, delta_size=89329
R2 [P2] iter 51: dedup done, delta_size=538911
R4 [P2] iter 51: subtract done, delta_size=67199
R1 [P2] iter 51: dedup done, delta_size=682698
R0 [P2] iter 51: subtract done, delta_size=62615
R6 [P2] iter 51: dedup done, delta_size=608555
R5 [P2] iter 51: subtract done, delta_size=57226
R6 [P2] iter 51: subtract done, delta_size=74734
R4 [P2] iter 51: merge done, full_size=60326238
R7 [P2] iter 51: merge done, full_size=65256837
R5 [P2] iter 51: merge done, full_size=63131633
R6 [P2] iter 51: merge done, full_size=60255938
R2 [P2] iter 51: subtract done, delta_size=57717
R3 [P2] iter 51: merge done, full_size=60695129
R1 [P2] iter 51: subtract done, delta_size=74370
R2 [P2] iter 51: merge done, full_size=61077915
R0 [P2] iter 51: merge done, full_size=62348076
R0 [P2] iter 52 done: global_full_size=498088411
R1 [P2] iter 51: merge done, full_size=64996645
R1 [P2] iter 52 done: global_full_size=498088411
R2 [P2] iter 52 done: global_full_size=498088411
R3 [P2] iter 52 done: global_full_size=498088411
R4 [P2] iter 52 done: global_full_size=498088411
R0 [P2] iter 52: PRE-JOIN GPU mem: 84.0GB free / 85.1GB total | delta_size=62615 full_size=62348076
R5 [P2] iter 52 done: global_full_size=498088411
R1 [P2] iter 52: PRE-JOIN GPU mem: 84.0GB free / 85.1GB total | delta_size=74370 full_size=64996645
R6 [P2] iter 52 done: global_full_size=498088411
R6 [P2] iter 52: PRE-JOIN GPU mem: 83.7GB free / 85.1GB total | delta_size=74734 full_size=60255938
R2 [P2] iter 52: PRE-JOIN GPU mem: 84.0GB free / 85.1GB total | delta_size=57717 full_size=61077915
R7 [P2] iter 52 done: global_full_size=498088411
R7 [P2] iter 52: PRE-JOIN GPU mem: 83.5GB free / 85.1GB total | delta_size=80025 full_size=65256837
R3 [P2] iter 52: PRE-JOIN GPU mem: 83.9GB free / 85.1GB total | delta_size=89329 full_size=60695129
R4 [P2] iter 52: PRE-JOIN GPU mem: 83.9GB free / 85.1GB total | delta_size=67199 full_size=60326238
R5 [P2] iter 52: PRE-JOIN GPU mem: 83.8GB free / 85.1GB total | delta_size=57226 full_size=63131633
R4 [P2] iter 52: join done, raw=162798 result_size=162452
R2 [P2] iter 52: join done, raw=897711 result_size=882786
R1 [P2] iter 52: join done, raw=947137 result_size=903277
R5 [P2] iter 52: join done, raw=672400 result_size=670942
R0 [P2] iter 52: join done, raw=359725 result_size=358861
R3 [P2] iter 52: join done, raw=883704 result_size=841012
R7 [P2] iter 52: join done, raw=669986 result_size=650246
R6 [P2] iter 52: join done, raw=1035492 result_size=1031037
R7 [P2] iter 52: split done, delta_size=692263
R4 [P2] iter 52: split done, delta_size=639087
R3 [P2] iter 52: split done, delta_size=655347
R2 [P2] iter 52: split done, delta_size=581542
R6 [P2] iter 52: split done, delta_size=756994
R5 [P2] iter 52: split done, delta_size=818555
R0 [P2] iter 52: split done, delta_size=714468
R1 [P2] iter 52: split done, delta_size=642357
R4 [P2] iter 52: dedup done, delta_size=575945
R7 [P2] iter 52: dedup done, delta_size=633890
R5 [P2] iter 52: dedup done, delta_size=725840
R3 [P2] iter 52: dedup done, delta_size=589922
R2 [P2] iter 52: dedup done, delta_size=533990
R6 [P2] iter 52: dedup done, delta_size=673808
R0 [P2] iter 52: dedup done, delta_size=641759
R4 [P2] iter 52: subtract done, delta_size=77005
R1 [P2] iter 52: dedup done, delta_size=582159
R7 [P2] iter 52: subtract done, delta_size=50863
R5 [P2] iter 52: subtract done, delta_size=76643
R3 [P2] iter 52: subtract done, delta_size=55730
R2 [P2] iter 52: subtract done, delta_size=87693
R6 [P2] iter 52: subtract done, delta_size=70174
R0 [P2] iter 52: subtract done, delta_size=60321
R1 [P2] iter 52: subtract done, delta_size=67372
R4 [P2] iter 52: merge done, full_size=60403243
R7 [P2] iter 52: merge done, full_size=65307700
R2 [P2] iter 52: merge done, full_size=61165608
R3 [P2] iter 52: merge done, full_size=60750859
R6 [P2] iter 52: merge done, full_size=60326112
R5 [P2] iter 52: merge done, full_size=63208276
R0 [P2] iter 52: merge done, full_size=62408397
R0 [P2] iter 53 done: global_full_size=498634212
R1 [P2] iter 52: merge done, full_size=65064017
R1 [P2] iter 53 done: global_full_size=498634212
R4 [P2] iter 53 done: global_full_size=498634212
R2 [P2] iter 53 done: global_full_size=498634212
R5 [P2] iter 53 done: global_full_size=498634212
R3 [P2] iter 53 done: global_full_size=498634212
R6 [P2] iter 53 done: global_full_size=498634212
R0 [P2] iter 53: PRE-JOIN GPU mem: 84.0GB free / 85.1GB total | delta_size=60321 full_size=62408397
R7 [P2] iter 53 done: global_full_size=498634212
R7 [P2] iter 53: PRE-JOIN GPU mem: 83.5GB free / 85.1GB total | delta_size=50863 full_size=65307700
R1 [P2] iter 53: PRE-JOIN GPU mem: 84.0GB free / 85.1GB total | delta_size=67372 full_size=65064017
R4 [P2] iter 53: PRE-JOIN GPU mem: 83.9GB free / 85.1GB total | delta_size=77005 full_size=60403243
R2 [P2] iter 53: PRE-JOIN GPU mem: 84.0GB free / 85.1GB total | delta_size=87693 full_size=61165608
R5 [P2] iter 53: PRE-JOIN GPU mem: 83.8GB free / 85.1GB total | delta_size=76643 full_size=63208276
R3 [P2] iter 53: PRE-JOIN GPU mem: 83.9GB free / 85.1GB total | delta_size=55730 full_size=60750859
R6 [P2] iter 53: PRE-JOIN GPU mem: 83.7GB free / 85.1GB total | delta_size=70174 full_size=60326112
R4 [P2] iter 53: join done, raw=836912 result_size=836820
R5 [P2] iter 53: join done, raw=566730 result_size=564666
R2 [P2] iter 53: join done, raw=1260330 result_size=1258902
R3 [P2] iter 53: join done, raw=318446 result_size=318115
R1 [P2] iter 53: join done, raw=719253 result_size=706670
R7 [P2] iter 53: join done, raw=328118 result_size=321475
R0 [P2] iter 53: join done, raw=824038 result_size=818110
R6 [P2] iter 53: join done, raw=724717 result_size=718186
R4 [P2] iter 53: split done, delta_size=653465
R6 [P2] iter 53: split done, delta_size=660907
R3 [P2] iter 53: split done, delta_size=650434
R2 [P2] iter 53: split done, delta_size=697218
R4 [P2] iter 53: dedup done, delta_size=572242
R0 [P2] iter 53: split done, delta_size=528192
R7 [P2] iter 53: split done, delta_size=916112
R5 [P2] iter 53: split done, delta_size=709013
R3 [P2] iter 53: dedup done, delta_size=576579
R6 [P2] iter 53: dedup done, delta_size=578263
R1 [P2] iter 53: split done, delta_size=727603
R2 [P2] iter 53: dedup done, delta_size=612073
R0 [P2] iter 53: dedup done, delta_size=465181
R3 [P2] iter 53: subtract done, delta_size=53776
R1 [P2] iter 53: dedup done, delta_size=649545
R2 [P2] iter 53: subtract done, delta_size=63095
R0 [P2] iter 53: subtract done, delta_size=47344
R1 [P2] iter 53: subtract done, delta_size=50617
R3 [P2] iter 53: merge done, full_size=60804635
R2 [P2] iter 53: merge done, full_size=61228703
R0 [P2] iter 53: merge done, full_size=62455741
R1 [P2] iter 53: merge done, full_size=65114634
R4 [P2] iter 53: subtract done, delta_size=82338
R7 [P2] iter 53: dedup done, delta_size=825096
R6 [P2] iter 53: subtract done, delta_size=59870
R5 [P2] iter 53: dedup done, delta_size=629827
R7 [P2] iter 53: subtract done, delta_size=97929
R6 [P2] iter 53: merge done, full_size=60385982
R5 [P2] iter 53: subtract done, delta_size=76548
R4 [P2] iter 53: merge done, full_size=60485581
R7 [P2] iter 53: merge done, full_size=65405629
R4 [P2] iter 54 done: global_full_size=499165729
R0 [P2] iter 54 done: global_full_size=499165729
R5 [P2] iter 53: merge done, full_size=63284824
R5 [P2] iter 54 done: global_full_size=499165729
R1 [P2] iter 54 done: global_full_size=499165729
R6 [P2] iter 54 done: global_full_size=499165729
R2 [P2] iter 54 done: global_full_size=499165729
R7 [P2] iter 54 done: global_full_size=499165729
R3 [P2] iter 54 done: global_full_size=499165729
R3 [P2] iter 54: PRE-JOIN GPU mem: 83.9GB free / 85.1GB total | delta_size=53776 full_size=60804635
R0 [P2] iter 54: PRE-JOIN GPU mem: 84.0GB free / 85.1GB total | delta_size=47344 full_size=62455741
R1 [P2] iter 54: PRE-JOIN GPU mem: 84.0GB free / 85.1GB total | delta_size=50617 full_size=65114634
R2 [P2] iter 54: PRE-JOIN GPU mem: 84.0GB free / 85.1GB total | delta_size=63095 full_size=61228703
R4 [P2] iter 54: PRE-JOIN GPU mem: 83.9GB free / 85.1GB total | delta_size=82338 full_size=60485581
R5 [P2] iter 54: PRE-JOIN GPU mem: 83.8GB free / 85.1GB total | delta_size=76548 full_size=63284824
R6 [P2] iter 54: PRE-JOIN GPU mem: 83.7GB free / 85.1GB total | delta_size=59870 full_size=60385982
R7 [P2] iter 54: PRE-JOIN GPU mem: 83.5GB free / 85.1GB total | delta_size=97929 full_size=65405629
R2 [P2] iter 54: join done, raw=359924 result_size=359563
R3 [P2] iter 54: join done, raw=308953 result_size=308406
R1 [P2] iter 54: join done, raw=334119 result_size=328112
R0 [P2] iter 54: join done, raw=848357 result_size=843359
R5 [P2] iter 54: join done, raw=698149 result_size=697660
R4 [P2] iter 54: join done, raw=937294 result_size=926194
R7 [P2] iter 54: join done, raw=1333711 result_size=1259615
R6 [P2] iter 54: join done, raw=281499 result_size=280615
R6 [P2] iter 54: split done, delta_size=608597
R5 [P2] iter 54: split done, delta_size=681406
R4 [P2] iter 54: split done, delta_size=569044
R7 [P2] iter 54: split done, delta_size=790695
R6 [P2] iter 54: dedup done, delta_size=537981
R3 [P2] iter 54: split done, delta_size=614085
R1 [P2] iter 54: split done, delta_size=624506
R0 [P2] iter 54: split done, delta_size=624244
R2 [P2] iter 54: split done, delta_size=490947
R5 [P2] iter 54: dedup done, delta_size=609667
R7 [P2] iter 54: dedup done, delta_size=701158
R4 [P2] iter 54: dedup done, delta_size=508206
R6 [P2] iter 54: subtract done, delta_size=52314
R5 [P2] iter 54: subtract done, delta_size=62671
R7 [P2] iter 54: subtract done, delta_size=56991
R4 [P2] iter 54: subtract done, delta_size=44728
R6 [P2] iter 54: merge done, full_size=60438296
R5 [P2] iter 54: merge done, full_size=63347495
R7 [P2] iter 54: merge done, full_size=65462620
R4 [P2] iter 54: merge done, full_size=60530309
R2 [P2] iter 54: dedup done, delta_size=441832
R3 [P2] iter 54: dedup done, delta_size=553334
R1 [P2] iter 54: dedup done, delta_size=561636
R0 [P2] iter 54: dedup done, delta_size=548076
R3 [P2] iter 54: subtract done, delta_size=79430
R2 [P2] iter 54: subtract done, delta_size=65900
R1 [P2] iter 54: subtract done, delta_size=76185
R0 [P2] iter 54: subtract done, delta_size=63942
R3 [P2] iter 54: merge done, full_size=60884065
R2 [P2] iter 54: merge done, full_size=61294603
R1 [P2] iter 54: merge done, full_size=65190819
R0 [P2] iter 54: merge done, full_size=62519683
R0 [P2] iter 55 done: global_full_size=499667890
R1 [P2] iter 55 done: global_full_size=499667890
R2 [P2] iter 55 done: global_full_size=499667890
R4 [P2] iter 55 done: global_full_size=499667890
R3 [P2] iter 55 done: global_full_size=499667890
R5 [P2] iter 55 done: global_full_size=499667890
R6 [P2] iter 55 done: global_full_size=499667890
R7 [P2] iter 55 done: global_full_size=499667890
R4 [P2] iter 55: PRE-JOIN GPU mem: 83.9GB free / 85.1GB total | delta_size=44728 full_size=60530309
R5 [P2] iter 55: PRE-JOIN GPU mem: 83.8GB free / 85.1GB total | delta_size=62671 full_size=63347495
R6 [P2] iter 55: PRE-JOIN GPU mem: 83.7GB free / 85.1GB total | delta_size=52314 full_size=60438296
R7 [P2] iter 55: PRE-JOIN GPU mem: 83.5GB free / 85.1GB total | delta_size=56991 full_size=65462620
R0 [P2] iter 55: PRE-JOIN GPU mem: 84.0GB free / 85.1GB total | delta_size=63942 full_size=62519683
R1 [P2] iter 55: PRE-JOIN GPU mem: 84.0GB free / 85.1GB total | delta_size=76185 full_size=65190819
R2 [P2] iter 55: PRE-JOIN GPU mem: 84.0GB free / 85.1GB total | delta_size=65900 full_size=61294603
R3 [P2] iter 55: PRE-JOIN GPU mem: 83.9GB free / 85.1GB total | delta_size=79430 full_size=60884065
R4 [P2] iter 55: join done, raw=211880 result_size=211879
R6 [P2] iter 55: join done, raw=271812 result_size=271600
R5 [P2] iter 55: join done, raw=520035 result_size=507189
R7 [P2] iter 55: join done, raw=518044 result_size=517594
R2 [P2] iter 55: join done, raw=1246244 result_size=1191034
R3 [P2] iter 55: join done, raw=1137745 result_size=1049768
R1 [P2] iter 55: join done, raw=590616 result_size=590316
R0 [P2] iter 55: join done, raw=464435 result_size=443586
R0 [P2] iter 55: split done, delta_size=581191
R3 [P2] iter 55: split done, delta_size=556693
R2 [P2] iter 55: split done, delta_size=537403
R1 [P2] iter 55: split done, delta_size=669487
R0 [P2] iter 55: dedup done, delta_size=522589
R3 [P2] iter 55: dedup done, delta_size=514192
R2 [P2] iter 55: dedup done, delta_size=481248
R1 [P2] iter 55: dedup done, delta_size=606325
R0 [P2] iter 55: subtract done, delta_size=69710
R3 [P2] iter 55: subtract done, delta_size=32825
R1 [P2] iter 55: subtract done, delta_size=61891
R2 [P2] iter 55: subtract done, delta_size=48464
R0 [P2] iter 55: merge done, full_size=62589393
R3 [P2] iter 55: merge done, full_size=60916890
R2 [P2] iter 55: merge done, full_size=61343067
R1 [P2] iter 55: merge done, full_size=65252710
R4 [P2] iter 55: split done, delta_size=612313
R6 [P2] iter 55: split done, delta_size=508834
R5 [P2] iter 55: split done, delta_size=669558
R7 [P2] iter 55: split done, delta_size=647487
R4 [P2] iter 55: dedup done, delta_size=555581
R5 [P2] iter 55: dedup done, delta_size=616616
R6 [P2] iter 55: dedup done, delta_size=464539
R7 [P2] iter 55: dedup done, delta_size=583598
R4 [P2] iter 55: subtract done, delta_size=76049
R5 [P2] iter 55: subtract done, delta_size=50360
R6 [P2] iter 55: subtract done, delta_size=68674
R7 [P2] iter 55: subtract done, delta_size=57360
R6 [P2] iter 55: merge done, full_size=60506970
R5 [P2] iter 55: merge done, full_size=63397855
R4 [P2] iter 55: merge done, full_size=60606358
R0 [P2] iter 56 done: global_full_size=500133223
R4 [P2] iter 56 done: global_full_size=500133223
R1 [P2] iter 56 done: global_full_size=500133223
R1 [P2] iter 56: PRE-JOIN GPU mem: 84.0GB free / 85.1GB total | delta_size=61891 full_size=65252710
R5 [P2] iter 56 done: global_full_size=500133223
R2 [P2] iter 56 done: global_full_size=500133223
R2 [P2] iter 56: PRE-JOIN GPU mem: 84.0GB free / 85.1GB total | delta_size=48464 full_size=61343067
R6 [P2] iter 56 done: global_full_size=500133223
R3 [P2] iter 56 done: global_full_size=500133223
R3 [P2] iter 56: PRE-JOIN GPU mem: 83.9GB free / 85.1GB total | delta_size=32825 full_size=60916890
R7 [P2] iter 55: merge done, full_size=65519980
R7 [P2] iter 56 done: global_full_size=500133223
R0 [P2] iter 56: PRE-JOIN GPU mem: 84.0GB free / 85.1GB total | delta_size=69710 full_size=62589393
R4 [P2] iter 56: PRE-JOIN GPU mem: 83.9GB free / 85.1GB total | delta_size=76049 full_size=60606358
R5 [P2] iter 56: PRE-JOIN GPU mem: 83.8GB free / 85.1GB total | delta_size=50360 full_size=63397855
R6 [P2] iter 56: PRE-JOIN GPU mem: 83.7GB free / 85.1GB total | delta_size=68674 full_size=60506970
R7 [P2] iter 56: PRE-JOIN GPU mem: 83.5GB free / 85.1GB total | delta_size=57360 full_size=65519980
R5 [P2] iter 56: join done, raw=131975 result_size=131654
R4 [P2] iter 56: join done, raw=1116229 result_size=1088743
R6 [P2] iter 56: join done, raw=839089 result_size=826585
R2 [P2] iter 56: join done, raw=239439 result_size=233494
R7 [P2] iter 56: join done, raw=261772 result_size=258567
R1 [P2] iter 56: join done, raw=629316 result_size=629072
R3 [P2] iter 56: join done, raw=375937 result_size=375730
R0 [P2] iter 56: join done, raw=434266 result_size=433834
R2 [P2] iter 56: split done, delta_size=506465
R0 [P2] iter 56: split done, delta_size=338234
R3 [P2] iter 56: split done, delta_size=470853
R1 [P2] iter 56: split done, delta_size=549582
R2 [P2] iter 56: dedup done, delta_size=451313
R6 [P2] iter 56: split done, delta_size=395337
R5 [P2] iter 56: split done, delta_size=584226
R0 [P2] iter 56: dedup done, delta_size=307625
R1 [P2] iter 56: dedup done, delta_size=483694
R3 [P2] iter 56: dedup done, delta_size=420068
R7 [P2] iter 56: split done, delta_size=613631
R4 [P2] iter 56: split done, delta_size=519351
R2 [P2] iter 56: subtract done, delta_size=63209
R0 [P2] iter 56: subtract done, delta_size=63357
R5 [P2] iter 56: dedup done, delta_size=518810
R3 [P2] iter 56: subtract done, delta_size=39314
R1 [P2] iter 56: subtract done, delta_size=34997
R6 [P2] iter 56: dedup done, delta_size=345648
R7 [P2] iter 56: dedup done, delta_size=553156
R4 [P2] iter 56: dedup done, delta_size=455565
R2 [P2] iter 56: merge done, full_size=61406276
R5 [P2] iter 56: subtract done, delta_size=58472
R0 [P2] iter 56: merge done, full_size=62652750
R6 [P2] iter 56: subtract done, delta_size=32488
R7 [P2] iter 56: subtract done, delta_size=51044
R3 [P2] iter 56: merge done, full_size=60956204
R4 [P2] iter 56: subtract done, delta_size=34559
R1 [P2] iter 56: merge done, full_size=65287707
R5 [P2] iter 56: merge done, full_size=63456327
R6 [P2] iter 56: merge done, full_size=60539458
R7 [P2] iter 56: merge done, full_size=65571024
R0 [P2] iter 57 done: global_full_size=500510663
R4 [P2] iter 56: merge done, full_size=60640917
R4 [P2] iter 57 done: global_full_size=500510663
R1 [P2] iter 57 done: global_full_size=500510663
R5 [P2] iter 57 done: global_full_size=500510663
R2 [P2] iter 57 done: global_full_size=500510663
R6 [P2] iter 57 done: global_full_size=500510663
R3 [P2] iter 57 done: global_full_size=500510663
R7 [P2] iter 57 done: global_full_size=500510663
R1 [P2] iter 57: PRE-JOIN GPU mem: 84.0GB free / 85.1GB total | delta_size=34997 full_size=65287707
R4 [P2] iter 57: PRE-JOIN GPU mem: 83.9GB free / 85.1GB total | delta_size=34559 full_size=60640917
R0 [P2] iter 57: PRE-JOIN GPU mem: 84.0GB free / 85.1GB total | delta_size=63357 full_size=62652750
R5 [P2] iter 57: PRE-JOIN GPU mem: 83.8GB free / 85.1GB total | delta_size=58472 full_size=63456327
R2 [P2] iter 57: PRE-JOIN GPU mem: 84.0GB free / 85.1GB total | delta_size=63209 full_size=61406276
R6 [P2] iter 57: PRE-JOIN GPU mem: 83.7GB free / 85.1GB total | delta_size=32488 full_size=60539458
R3 [P2] iter 57: PRE-JOIN GPU mem: 83.9GB free / 85.1GB total | delta_size=39314 full_size=60956204
R7 [P2] iter 57: PRE-JOIN GPU mem: 83.5GB free / 85.1GB total | delta_size=51044 full_size=65571024
R1 [P2] iter 57: join done, raw=56562 result_size=56478
R4 [P2] iter 57: join done, raw=345944 result_size=345944
R6 [P2] iter 57: join done, raw=92471 result_size=92453
R5 [P2] iter 57: join done, raw=1076122 result_size=1045065
R2 [P2] iter 57: join done, raw=558734 result_size=536327
R3 [P2] iter 57: join done, raw=310463 result_size=310392
R7 [P2] iter 57: join done, raw=674216 result_size=657115
R0 [P2] iter 57: join done, raw=706699 result_size=705460
R2 [P2] iter 57: split done, delta_size=443710
R1 [P2] iter 57: split done, delta_size=507595
R7 [P2] iter 57: split done, delta_size=558717
R0 [P2] iter 57: split done, delta_size=380977
R3 [P2] iter 57: split done, delta_size=498727
R6 [P2] iter 57: split done, delta_size=437310
R5 [P2] iter 57: split done, delta_size=480660
R4 [P2] iter 57: split done, delta_size=441538
R2 [P2] iter 57: dedup done, delta_size=392002
R0 [P2] iter 57: dedup done, delta_size=335140
R1 [P2] iter 57: dedup done, delta_size=451151
R3 [P2] iter 57: dedup done, delta_size=442286
R7 [P2] iter 57: dedup done, delta_size=498495
R6 [P2] iter 57: dedup done, delta_size=388450
R2 [P2] iter 57: subtract done, delta_size=53223
R5 [P2] iter 57: dedup done, delta_size=436475
R4 [P2] iter 57: dedup done, delta_size=400369
R0 [P2] iter 57: subtract done, delta_size=20813
R1 [P2] iter 57: subtract done, delta_size=41832
R3 [P2] iter 57: subtract done, delta_size=57396
R7 [P2] iter 57: subtract done, delta_size=35538
R6 [P2] iter 57: subtract done, delta_size=53953
R4 [P2] iter 57: subtract done, delta_size=51122
R5 [P2] iter 57: subtract done, delta_size=45562
R2 [P2] iter 57: merge done, full_size=61459499
R0 [P2] iter 57: merge done, full_size=62673563
R7 [P2] iter 57: merge done, full_size=65606562
R1 [P2] iter 57: merge done, full_size=65329539
R6 [P2] iter 57: merge done, full_size=60593411
R3 [P2] iter 57: merge done, full_size=61013600
R4 [P2] iter 57: merge done, full_size=60692039
R0 [P2] iter 58 done: global_full_size=500870102
R1 [P2] iter 58 done: global_full_size=500870102
R2 [P2] iter 58 done: global_full_size=500870102
R4 [P2] iter 58 done: global_full_size=500870102
R3 [P2] iter 58 done: global_full_size=500870102
R5 [P2] iter 57: merge done, full_size=63501889
R5 [P2] iter 58 done: global_full_size=500870102
R0 [P2] iter 58: PRE-JOIN GPU mem: 84.0GB free / 85.1GB total | delta_size=20813 full_size=62673563
R6 [P2] iter 58 done: global_full_size=500870102
R1 [P2] iter 58: PRE-JOIN GPU mem: 84.0GB free / 85.1GB total | delta_size=41832 full_size=65329539
R7 [P2] iter 58 done: global_full_size=500870102
R2 [P2] iter 58: PRE-JOIN GPU mem: 84.0GB free / 85.1GB total | delta_size=53223 full_size=61459499
R4 [P2] iter 58: PRE-JOIN GPU mem: 83.9GB free / 85.1GB total | delta_size=51122 full_size=60692039
R3 [P2] iter 58: PRE-JOIN GPU mem: 83.9GB free / 85.1GB total | delta_size=57396 full_size=61013600
R5 [P2] iter 58: PRE-JOIN GPU mem: 83.8GB free / 85.1GB total | delta_size=45562 full_size=63501889
R6 [P2] iter 58: PRE-JOIN GPU mem: 83.7GB free / 85.1GB total | delta_size=53953 full_size=60593411
R7 [P2] iter 58: PRE-JOIN GPU mem: 83.5GB free / 85.1GB total | delta_size=35538 full_size=65606562
R1 [P2] iter 58: join done, raw=96297 result_size=96164
R2 [P2] iter 58: join done, raw=350580 result_size=350126
R4 [P2] iter 58: join done, raw=817806 result_size=804248
R6 [P2] iter 58: join done, raw=443698 result_size=443314
R5 [P2] iter 58: join done, raw=683794 result_size=683794
R3 [P2] iter 58: join done, raw=636240 result_size=636020
R7 [P2] iter 58: join done, raw=593119 result_size=570594
R0 [P2] iter 58: join done, raw=86441 result_size=86441
R0 [P2] iter 58: split done, delta_size=357950
R6 [P2] iter 58: split done, delta_size=468723
R1 [P2] iter 58: split done, delta_size=493236
R4 [P2] iter 58: split done, delta_size=502971
R7 [P2] iter 58: split done, delta_size=651853
R6 [P2] iter 58: dedup done, delta_size=416887
R5 [P2] iter 58: split done, delta_size=390694
R4 [P2] iter 58: dedup done, delta_size=433425
R2 [P2] iter 58: split done, delta_size=396638
R5 [P2] iter 58: dedup done, delta_size=347847
R6 [P2] iter 58: subtract done, delta_size=38882
R7 [P2] iter 58: dedup done, delta_size=571146
R4 [P2] iter 58: subtract done, delta_size=26099
R7 [P2] iter 58: subtract done, delta_size=27515
R5 [P2] iter 58: subtract done, delta_size=33987
R6 [P2] iter 58: merge done, full_size=60632293
R4 [P2] iter 58: merge done, full_size=60718138
R7 [P2] iter 58: merge done, full_size=65634077
R5 [P2] iter 58: merge done, full_size=63535876
R3 [P2] iter 58: split done, delta_size=408636
R1 [P2] iter 58: dedup done, delta_size=429063
R0 [P2] iter 58: dedup done, delta_size=320199
R3 [P2] iter 58: dedup done, delta_size=363580
R1 [P2] iter 58: subtract done, delta_size=41919
R2 [P2] iter 58: dedup done, delta_size=350002
R0 [P2] iter 58: subtract done, delta_size=37472
R3 [P2] iter 58: subtract done, delta_size=38421
R2 [P2] iter 58: subtract done, delta_size=55249
R0 [P2] iter 58: merge done, full_size=62711035
R1 [P2] iter 58: merge done, full_size=65371458
R2 [P2] iter 58: merge done, full_size=61514748
R0 [P2] iter 59 done: global_full_size=501169646
R1 [P2] iter 59 done: global_full_size=501169646
R2 [P2] iter 59 done: global_full_size=501169646
R4 [P2] iter 59 done: global_full_size=501169646
R3 [P2] iter 58: merge done, full_size=61052021
R3 [P2] iter 59 done: global_full_size=501169646
R5 [P2] iter 59 done: global_full_size=501169646
R6 [P2] iter 59 done: global_full_size=501169646
R7 [P2] iter 59 done: global_full_size=501169646
R0 [P2] iter 59: PRE-JOIN GPU mem: 84.0GB free / 85.1GB total | delta_size=37472 full_size=62711035
R4 [P2] iter 59: PRE-JOIN GPU mem: 83.9GB free / 85.1GB total | delta_size=26099 full_size=60718138
R1 [P2] iter 59: PRE-JOIN GPU mem: 84.0GB free / 85.1GB total | delta_size=41919 full_size=65371458
R6 [P2] iter 59: PRE-JOIN GPU mem: 83.7GB free / 85.1GB total | delta_size=38882 full_size=60632293
R2 [P2] iter 59: PRE-JOIN GPU mem: 84.0GB free / 85.1GB total | delta_size=55249 full_size=61514748
R7 [P2] iter 59: PRE-JOIN GPU mem: 83.5GB free / 85.1GB total | delta_size=27515 full_size=65634077
R3 [P2] iter 59: PRE-JOIN GPU mem: 83.9GB free / 85.1GB total | delta_size=38421 full_size=61052021
R5 [P2] iter 59: PRE-JOIN GPU mem: 83.8GB free / 85.1GB total | delta_size=33987 full_size=63535876
R0 [P2] iter 59: join done, raw=68564 result_size=68554
R7 [P2] iter 59: join done, raw=109853 result_size=109713
R5 [P2] iter 59: join done, raw=166746 result_size=166554
R4 [P2] iter 59: join done, raw=645850 result_size=640746
R6 [P2] iter 59: join done, raw=573168 result_size=562041
R3 [P2] iter 59: join done, raw=367536 result_size=362763
R2 [P2] iter 59: join done, raw=485491 result_size=479438
R1 [P2] iter 59: join done, raw=751202 result_size=745685
R0 [P2] iter 59: split done, delta_size=415145
R7 [P2] iter 59: split done, delta_size=524617
R5 [P2] iter 59: split done, delta_size=381283
R6 [P2] iter 59: split done, delta_size=406295
R2 [P2] iter 59: split done, delta_size=325193
R3 [P2] iter 59: split done, delta_size=315867
R4 [P2] iter 59: split done, delta_size=331224
R1 [P2] iter 59: split done, delta_size=435870
R0 [P2] iter 59: dedup done, delta_size=381847
R7 [P2] iter 59: dedup done, delta_size=478956
R3 [P2] iter 59: dedup done, delta_size=292065
R2 [P2] iter 59: dedup done, delta_size=298849
R6 [P2] iter 59: dedup done, delta_size=375613
R4 [P2] iter 59: dedup done, delta_size=306390
R5 [P2] iter 59: dedup done, delta_size=350793
R1 [P2] iter 59: dedup done, delta_size=400587
R0 [P2] iter 59: subtract done, delta_size=42095
R7 [P2] iter 59: subtract done, delta_size=25103
R2 [P2] iter 59: subtract done, delta_size=29183
R3 [P2] iter 59: subtract done, delta_size=25647
R6 [P2] iter 59: subtract done, delta_size=39721
R1 [P2] iter 59: subtract done, delta_size=47101
R4 [P2] iter 59: subtract done, delta_size=28499
R5 [P2] iter 59: subtract done, delta_size=23949
R0 [P2] iter 59: merge done, full_size=62753130
R7 [P2] iter 59: merge done, full_size=65659180
R6 [P2] iter 59: merge done, full_size=60672014
R2 [P2] iter 59: merge done, full_size=61543931
R4 [P2] iter 59: merge done, full_size=60746637
R3 [P2] iter 59: merge done, full_size=61077668
R5 [P2] iter 59: merge done, full_size=63559825
R0 [P2] iter 60 done: global_full_size=501430944
R4 [P2] iter 60 done: global_full_size=501430944
R1 [P2] iter 59: merge done, full_size=65418559
R1 [P2] iter 60 done: global_full_size=501430944
R5 [P2] iter 60 done: global_full_size=501430944
R2 [P2] iter 60 done: global_full_size=501430944
R6 [P2] iter 60 done: global_full_size=501430944
R3 [P2] iter 60 done: global_full_size=501430944
R7 [P2] iter 60 done: global_full_size=501430944
R7 [P2] iter 60: PRE-JOIN GPU mem: 83.5GB free / 85.1GB total | delta_size=25103 full_size=65659180
R0 [P2] iter 60: PRE-JOIN GPU mem: 84.0GB free / 85.1GB total | delta_size=42095 full_size=62753130
R4 [P2] iter 60: PRE-JOIN GPU mem: 83.9GB free / 85.1GB total | delta_size=28499 full_size=60746637
R1 [P2] iter 60: PRE-JOIN GPU mem: 84.0GB free / 85.1GB total | delta_size=47101 full_size=65418559
R5 [P2] iter 60: PRE-JOIN GPU mem: 83.8GB free / 85.1GB total | delta_size=23949 full_size=63559825
R2 [P2] iter 60: PRE-JOIN GPU mem: 84.0GB free / 85.1GB total | delta_size=29183 full_size=61543931
R6 [P2] iter 60: PRE-JOIN GPU mem: 83.7GB free / 85.1GB total | delta_size=39721 full_size=60672014
R3 [P2] iter 60: PRE-JOIN GPU mem: 83.9GB free / 85.1GB total | delta_size=25647 full_size=61077668
R2 [P2] iter 60: join done, raw=448458 result_size=447838
R3 [P2] iter 60: join done, raw=358196 result_size=358196
R5 [P2] iter 60: join done, raw=168363 result_size=168333
R0 [P2] iter 60: join done, raw=140858 result_size=140340
R4 [P2] iter 60: join done, raw=309426 result_size=309153
R6 [P2] iter 60: join done, raw=829478 result_size=818141
R1 [P2] iter 60: join done, raw=298966 result_size=298816
R7 [P2] iter 60: join done, raw=146216 result_size=146196
R4 [P2] iter 60: split done, delta_size=289230
R0 [P2] iter 60: split done, delta_size=292021
R5 [P2] iter 60: split done, delta_size=345574
R2 [P2] iter 60: split done, delta_size=258669
R0 [P2] iter 60: dedup done, delta_size=269999
R6 [P2] iter 60: split done, delta_size=342154
R4 [P2] iter 60: dedup done, delta_size=265344
R3 [P2] iter 60: split done, delta_size=361468
R5 [P2] iter 60: dedup done, delta_size=316673
R7 [P2] iter 60: split done, delta_size=419913
R2 [P2] iter 60: dedup done, delta_size=238670
R1 [P2] iter 60: split done, delta_size=377984
R6 [P2] iter 60: dedup done, delta_size=312693
R0 [P2] iter 60: subtract done, delta_size=23127
R3 [P2] iter 60: dedup done, delta_size=330767
R4 [P2] iter 60: subtract done, delta_size=28571
R7 [P2] iter 60: dedup done, delta_size=383935
R5 [P2] iter 60: subtract done, delta_size=24584
R2 [P2] iter 60: subtract done, delta_size=31873
R1 [P2] iter 60: dedup done, delta_size=338909
R6 [P2] iter 60: subtract done, delta_size=23543
R3 [P2] iter 60: subtract done, delta_size=20740
R7 [P2] iter 60: subtract done, delta_size=31218
R0 [P2] iter 60: merge done, full_size=62776257
R4 [P2] iter 60: merge done, full_size=60775208
R5 [P2] iter 60: merge done, full_size=63584409
R1 [P2] iter 60: subtract done, delta_size=33717
R2 [P2] iter 60: merge done, full_size=61575804
R6 [P2] iter 60: merge done, full_size=60695557
R7 [P2] iter 60: merge done, full_size=65690398
R3 [P2] iter 60: merge done, full_size=61098408
R0 [P2] iter 61 done: global_full_size=501648317
R4 [P2] iter 61 done: global_full_size=501648317
R1 [P2] iter 60: merge done, full_size=65452276
R1 [P2] iter 61 done: global_full_size=501648317
R5 [P2] iter 61 done: global_full_size=501648317
R2 [P2] iter 61 done: global_full_size=501648317
R6 [P2] iter 61 done: global_full_size=501648317
R3 [P2] iter 61 done: global_full_size=501648317
R7 [P2] iter 61 done: global_full_size=501648317
R0 [P2] iter 61: PRE-JOIN GPU mem: 84.0GB free / 85.1GB total | delta_size=23127 full_size=62776257
R4 [P2] iter 61: PRE-JOIN GPU mem: 83.9GB free / 85.1GB total | delta_size=28571 full_size=60775208
R1 [P2] iter 61: PRE-JOIN GPU mem: 84.0GB free / 85.1GB total | delta_size=33717 full_size=65452276
R5 [P2] iter 61: PRE-JOIN GPU mem: 83.8GB free / 85.1GB total | delta_size=24584 full_size=63584409
R2 [P2] iter 61: PRE-JOIN GPU mem: 84.0GB free / 85.1GB total | delta_size=31873 full_size=61575804
R6 [P2] iter 61: PRE-JOIN GPU mem: 83.7GB free / 85.1GB total | delta_size=23543 full_size=60695557
R3 [P2] iter 61: PRE-JOIN GPU mem: 83.9GB free / 85.1GB total | delta_size=20740 full_size=61098408
R7 [P2] iter 61: PRE-JOIN GPU mem: 83.5GB free / 85.1GB total | delta_size=31218 full_size=65690398
R5 [P2] iter 61: join done, raw=46039 result_size=46039
R4 [P2] iter 61: join done, raw=245674 result_size=244645
R0 [P2] iter 61: join done, raw=82252 result_size=82047
R6 [P2] iter 61: join done, raw=50208 result_size=50208
R2 [P2] iter 61: join done, raw=534321 result_size=532326
R3 [P2] iter 61: join done, raw=119233 result_size=119233
R1 [P2] iter 61: join done, raw=288878 result_size=288870
R7 [P2] iter 61: join done, raw=522987 result_size=522014
R2 [P2] iter 61: split done, delta_size=187430
R6 [P2] iter 61: split done, delta_size=282009
R4 [P2] iter 61: split done, delta_size=204324
R0 [P2] iter 61: split done, delta_size=220944
R5 [P2] iter 61: split done, delta_size=201742
R2 [P2] iter 61: dedup done, delta_size=173386
R1 [P2] iter 61: split done, delta_size=289084
R3 [P2] iter 61: split done, delta_size=205255
R0 [P2] iter 61: dedup done, delta_size=205588
R4 [P2] iter 61: dedup done, delta_size=189052
R7 [P2] iter 61: split done, delta_size=294594
R6 [P2] iter 61: dedup done, delta_size=259374
R5 [P2] iter 61: dedup done, delta_size=185854
R2 [P2] iter 61: subtract done, delta_size=28155
R3 [P2] iter 61: dedup done, delta_size=191179
R1 [P2] iter 61: dedup done, delta_size=264920
R4 [P2] iter 61: subtract done, delta_size=11681
R0 [P2] iter 61: subtract done, delta_size=34307
R5 [P2] iter 61: subtract done, delta_size=22307
R7 [P2] iter 61: dedup done, delta_size=274870
R3 [P2] iter 61: subtract done, delta_size=21553
R6 [P2] iter 61: subtract done, delta_size=16879
R2 [P2] iter 61: merge done, full_size=61603959
R1 [P2] iter 61: subtract done, delta_size=19757
R4 [P2] iter 61: merge done, full_size=60786889
R0 [P2] iter 61: merge done, full_size=62810564
R5 [P2] iter 61: merge done, full_size=63606716
R7 [P2] iter 61: subtract done, delta_size=8488
R3 [P2] iter 61: merge done, full_size=61119961
R6 [P2] iter 61: merge done, full_size=60712436
R1 [P2] iter 61: merge done, full_size=65472033
R4 [P2] iter 62 done: global_full_size=501811444
R5 [P2] iter 62 done: global_full_size=501811444
R0 [P2] iter 62 done: global_full_size=501811444
R6 [P2] iter 62 done: global_full_size=501811444
R1 [P2] iter 62 done: global_full_size=501811444
R7 [P2] iter 61: merge done, full_size=65698886
R7 [P2] iter 62 done: global_full_size=501811444
R2 [P2] iter 62 done: global_full_size=501811444
R7 [P2] iter 62: PRE-JOIN GPU mem: 83.5GB free / 85.1GB total | delta_size=8488 full_size=65698886
R3 [P2] iter 62 done: global_full_size=501811444
R3 [P2] iter 62: PRE-JOIN GPU mem: 83.9GB free / 85.1GB total | delta_size=21553 full_size=61119961
R4 [P2] iter 62: PRE-JOIN GPU mem: 83.9GB free / 85.1GB total | delta_size=11681 full_size=60786889
R0 [P2] iter 62: PRE-JOIN GPU mem: 84.0GB free / 85.1GB total | delta_size=34307 full_size=62810564
R5 [P2] iter 62: PRE-JOIN GPU mem: 83.8GB free / 85.1GB total | delta_size=22307 full_size=63606716
R1 [P2] iter 62: PRE-JOIN GPU mem: 84.0GB free / 85.1GB total | delta_size=19757 full_size=65472033
R6 [P2] iter 62: PRE-JOIN GPU mem: 83.7GB free / 85.1GB total | delta_size=16879 full_size=60712436
R2 [P2] iter 62: PRE-JOIN GPU mem: 84.0GB free / 85.1GB total | delta_size=28155 full_size=61603959
R3 [P2] iter 62: join done, raw=175856 result_size=175856
R4 [P2] iter 62: join done, raw=4537 result_size=4537
R5 [P2] iter 62: join done, raw=393240 result_size=393240
R2 [P2] iter 62: join done, raw=197963 result_size=197781
R6 [P2] iter 62: join done, raw=152175 result_size=152175
R0 [P2] iter 62: join done, raw=667475 result_size=654502
R1 [P2] iter 62: join done, raw=149344 result_size=149330
R7 [P2] iter 62: join done, raw=16839 result_size=16839
R7 [P2] iter 62: split done, delta_size=193995
R1 [P2] iter 62: split done, delta_size=299432
R5 [P2] iter 62: split done, delta_size=260357
R7 [P2] iter 62: dedup done, delta_size=179508
R2 [P2] iter 62: split done, delta_size=213762
R4 [P2] iter 62: split done, delta_size=181829
R5 [P2] iter 62: dedup done, delta_size=241233
R3 [P2] iter 62: split done, delta_size=236263
R6 [P2] iter 62: split done, delta_size=212578
R0 [P2] iter 62: split done, delta_size=146044
R4 [P2] iter 62: dedup done, delta_size=170151
R7 [P2] iter 62: subtract done, delta_size=4586
R1 [P2] iter 62: dedup done, delta_size=274461
R2 [P2] iter 62: dedup done, delta_size=196413
R6 [P2] iter 62: dedup done, delta_size=197386
R3 [P2] iter 62: dedup done, delta_size=218275
R0 [P2] iter 62: dedup done, delta_size=138948
R5 [P2] iter 62: subtract done, delta_size=17559
R4 [P2] iter 62: subtract done, delta_size=18885
R2 [P2] iter 62: subtract done, delta_size=16239
R6 [P2] iter 62: subtract done, delta_size=14184
R1 [P2] iter 62: subtract done, delta_size=15883
R7 [P2] iter 62: merge done, full_size=65703472
R3 [P2] iter 62: subtract done, delta_size=24380
R0 [P2] iter 62: subtract done, delta_size=27589
R4 [P2] iter 62: merge done, full_size=60805774
R2 [P2] iter 62: merge done, full_size=61620198
R5 [P2] iter 62: merge done, full_size=63624275
R3 [P2] iter 62: merge done, full_size=61144341
R6 [P2] iter 62: merge done, full_size=60726620
R0 [P2] iter 62: merge done, full_size=62838153
R4 [P2] iter 63 done: global_full_size=501950749
R5 [P2] iter 63 done: global_full_size=501950749
R6 [P2] iter 63 done: global_full_size=501950749
R0 [P2] iter 63 done: global_full_size=501950749
R7 [P2] iter 63 done: global_full_size=501950749
R4 [P2] iter 63: PRE-JOIN GPU mem: 83.9GB free / 85.1GB total | delta_size=18885 full_size=60805774
R1 [P2] iter 62: merge done, full_size=65487916
R1 [P2] iter 63 done: global_full_size=501950749
R5 [P2] iter 63: PRE-JOIN GPU mem: 83.8GB free / 85.1GB total | delta_size=17559 full_size=63624275
R2 [P2] iter 63 done: global_full_size=501950749
R6 [P2] iter 63: PRE-JOIN GPU mem: 83.7GB free / 85.1GB total | delta_size=14184 full_size=60726620
R3 [P2] iter 63 done: global_full_size=501950749
R7 [P2] iter 63: PRE-JOIN GPU mem: 83.5GB free / 85.1GB total | delta_size=4586 full_size=65703472
R0 [P2] iter 63: PRE-JOIN GPU mem: 84.0GB free / 85.1GB total | delta_size=27589 full_size=62838153
R1 [P2] iter 63: PRE-JOIN GPU mem: 84.0GB free / 85.1GB total | delta_size=15883 full_size=65487916
R2 [P2] iter 63: PRE-JOIN GPU mem: 84.0GB free / 85.1GB total | delta_size=16239 full_size=61620198
R3 [P2] iter 63: PRE-JOIN GPU mem: 83.9GB free / 85.1GB total | delta_size=24380 full_size=61144341
R2 [P2] iter 63: join done, raw=0 result_size=0
R7 [P2] iter 63: join done, raw=0 result_size=0
R6 [P2] iter 63: join done, raw=66360 result_size=66360
R5 [P2] iter 63: join done, raw=88452 result_size=88452
R3 [P2] iter 63: join done, raw=105372 result_size=105372
R0 [P2] iter 63: join done, raw=112477 result_size=112463
R4 [P2] iter 63: join done, raw=114895 result_size=114895
R1 [P2] iter 63: join done, raw=66540 result_size=66540
R4 [P2] iter 63: split done, delta_size=82343
R3 [P2] iter 63: split done, delta_size=58013
R6 [P2] iter 63: split done, delta_size=36402
R4 [P2] iter 63: dedup done, delta_size=78865
R0 [P2] iter 63: split done, delta_size=67868
R3 [P2] iter 63: dedup done, delta_size=55828
R6 [P2] iter 63: dedup done, delta_size=35566
R7 [P2] iter 63: split done, delta_size=71744
R1 [P2] iter 63: split done, delta_size=74525
R0 [P2] iter 63: dedup done, delta_size=64206
R7 [P2] iter 63: dedup done, delta_size=67764
R5 [P2] iter 63: split done, delta_size=77047
R1 [P2] iter 63: dedup done, delta_size=72528
R5 [P2] iter 63: dedup done, delta_size=74573
R2 [P2] iter 63: split done, delta_size=86140
R2 [P2] iter 63: dedup done, delta_size=80955
R4 [P2] iter 63: subtract done, delta_size=3197
R6 [P2] iter 63: subtract done, delta_size=2090
R3 [P2] iter 63: subtract done, delta_size=2966
R0 [P2] iter 63: subtract done, delta_size=1054
R7 [P2] iter 63: subtract done, delta_size=2209
R1 [P2] iter 63: subtract done, delta_size=2299
R5 [P2] iter 63: subtract done, delta_size=4589
R2 [P2] iter 63: subtract done, delta_size=2176
R3 [P2] iter 63: merge done, full_size=61147307
R0 [P2] iter 63: merge done, full_size=62839207
R4 [P2] iter 63: merge done, full_size=60808971
R1 [P2] iter 63: merge done, full_size=65490215
R6 [P2] iter 63: merge done, full_size=60728710
R2 [P2] iter 63: merge done, full_size=61622374
R7 [P2] iter 63: merge done, full_size=65705681
R5 [P2] iter 63: merge done, full_size=63628864
R5 [P2] iter 64 done: global_full_size=501971329
R4 [P2] iter 64 done: global_full_size=501971329
R6 [P2] iter 64 done: global_full_size=501971329
R7 [P2] iter 64 done: global_full_size=501971329
R0 [P2] iter 64 done: global_full_size=501971329
R1 [P2] iter 64 done: global_full_size=501971329
R2 [P2] iter 64 done: global_full_size=501971329
R2 [P2] iter 64: PRE-JOIN GPU mem: 84.0GB free / 85.1GB total | delta_size=2176 full_size=61622374
R3 [P2] iter 64 done: global_full_size=501971329
R3 [P2] iter 64: PRE-JOIN GPU mem: 83.9GB free / 85.1GB total | delta_size=2966 full_size=61147307
R0 [P2] iter 64: PRE-JOIN GPU mem: 84.0GB free / 85.1GB total | delta_size=1054 full_size=62839207
R1 [P2] iter 64: PRE-JOIN GPU mem: 84.0GB free / 85.1GB total | delta_size=2299 full_size=65490215
R2 [P2] iter 64: join done, raw=0 result_size=0
R3 [P2] iter 64: join done, raw=0 result_size=0
R1 [P2] iter 64: join done, raw=0 result_size=0
R4 [P2] iter 64: PRE-JOIN GPU mem: 83.9GB free / 85.1GB total | delta_size=3197 full_size=60808971
R5 [P2] iter 64: PRE-JOIN GPU mem: 83.8GB free / 85.1GB total | delta_size=4589 full_size=63628864
R6 [P2] iter 64: PRE-JOIN GPU mem: 83.7GB free / 85.1GB total | delta_size=2090 full_size=60728710
R7 [P2] iter 64: PRE-JOIN GPU mem: 83.5GB free / 85.1GB total | delta_size=2209 full_size=65705681
R7 [P2] iter 64: join done, raw=0 result_size=0
R0 [P2] iter 64: join done, raw=0 result_size=0
R5 [P2] iter 64: join done, raw=216 result_size=216
R6 [P2] iter 64: join done, raw=0 result_size=0
R4 [P2] iter 64: join done, raw=0 result_size=0
R4 [P2] iter 64: split done, delta_size=36
R7 [P2] iter 64: split done, delta_size=54
R5 [P2] iter 64: split done, delta_size=0
R0 [P2] iter 64: split done, delta_size=36
R4 [P2] iter 64: dedup done, delta_size=36
R2 [P2] iter 64: split done, delta_size=72
R7 [P2] iter 64: dedup done, delta_size=54
R3 [P2] iter 64: split done, delta_size=18
R0 [P2] iter 64: dedup done, delta_size=36
R2 [P2] iter 64: dedup done, delta_size=72
R3 [P2] iter 64: dedup done, delta_size=18
R1 [P2] iter 64: split done, delta_size=0
R1 [P2] iter 64: dedup done, delta_size=0
R4 [P2] iter 64: subtract done, delta_size=0
R2 [P2] iter 64: subtract done, delta_size=0
R7 [P2] iter 64: subtract done, delta_size=0
R3 [P2] iter 64: subtract done, delta_size=0
R0 [P2] iter 64: subtract done, delta_size=0
R6 [P2] iter 64: split done, delta_size=0
R1 [P2] iter 64: subtract done, delta_size=0
R5 [P2] iter 64: dedup done, delta_size=0
R6 [P2] iter 64: dedup done, delta_size=0
R6 [P2] iter 64: subtract done, delta_size=0
R4 [P2] iter 65 done: global_full_size=501971329
R5 [P2] iter 64: subtract done, delta_size=0
R5 [P2] iter 65 done: global_full_size=501971329
R6 [P2] iter 65 done: global_full_size=501971329
R0 [P2] iter 65 done: global_full_size=501971329
R7 [P2] iter 65 done: global_full_size=501971329
R1 [P2] iter 65 done: global_full_size=501971329
R2 [P2] iter 65 done: global_full_size=501971329
R3 [P2] iter 65 done: global_full_size=501971329
Phase 2: 4.6105s | TC(g^k) = 501971329 tuples, 65 iterations
  Join: 1.0964s | Dedup: 0.3089s | Subtract: 0.2019s | Merge: 0.2850s | HT build: 0.0003s
  Comm: 1.6697s
R0 [P2→P3] GPU mem: 84.1GB free / 85.1GB total
R0 [P2→P3] Live allocations:
  full (TC(g^k) rev): 62839207 tuples = 0.5GB
  delta:              0 tuples = 0.0GB
  seed:               552020 tuples = 0.0GB
R0 [P2→P3] Accounted: 0.5GB | Unaccounted: 0.5GB
R0 [P3] entering Phase 3: seed_size=552020 full_size=62839207
R1 [P2→P3] GPU mem: 84.1GB free / 85.1GB total
R1 [P2→P3] Live allocations:
  full (TC(g^k) rev): 65490215 tuples = 0.5GB
  delta:              0 tuples = 0.0GB
  seed:               2394934 tuples = 0.0GB
R1 [P2→P3] Accounted: 0.5GB | Unaccounted: 0.5GB
R1 [P3] entering Phase 3: seed_size=2394934 full_size=65490215
R2 [P2→P3] GPU mem: 84.1GB free / 85.1GB total
R2 [P2→P3] Live allocations:
  full (TC(g^k) rev): 61622374 tuples = 0.5GB
  delta:              0 tuples = 0.0GB
  seed:               4879490 tuples = 0.0GB
R2 [P2→P3] Accounted: 0.5GB | Unaccounted: 0.5GB
R2 [P3] entering Phase 3: seed_size=4879490 full_size=61622374
R3 [P2→P3] GPU mem: 84.1GB free / 85.1GB total
R3 [P2→P3] Live allocations:
  full (TC(g^k) rev): 61147307 tuples = 0.5GB
  delta:              0 tuples = 0.0GB
  seed:               8450895 tuples = 0.1GB
R3 [P2→P3] Accounted: 0.6GB | Unaccounted: 0.5GB
R3 [P3] entering Phase 3: seed_size=8450895 full_size=61147307
R4 [P2→P3] GPU mem: 84.0GB free / 85.1GB total
R4 [P2→P3] Live allocations:
  full (TC(g^k) rev): 60808971 tuples = 0.5GB
  delta:              0 tuples = 0.0GB
  seed:               14511910 tuples = 0.1GB
R4 [P2→P3] Accounted: 0.6GB | Unaccounted: 0.5GB
R4 [P3] entering Phase 3: seed_size=14511910 full_size=60808971
R0 [P3] allgather counts done: total_seed_size=146744628
R5 [P2→P3] GPU mem: 83.9GB free / 85.1GB total
R5 [P2→P3] Live allocations:
  full (TC(g^k) rev): 63628864 tuples = 0.5GB
  delta:              0 tuples = 0.0GB
  seed:               24376682 tuples = 0.2GB
R5 [P2→P3] Accounted: 0.7GB | Unaccounted: 0.5GB
R5 [P3] entering Phase 3: seed_size=24376682 full_size=63628864
R1 [P3] allgather counts done: total_seed_size=146744628
R6 [P2→P3] GPU mem: 83.8GB free / 85.1GB total
R6 [P2→P3] Live allocations:
  full (TC(g^k) rev): 60728710 tuples = 0.5GB
  delta:              0 tuples = 0.0GB
  seed:               38055530 tuples = 0.3GB
R6 [P2→P3] Accounted: 0.8GB | Unaccounted: 0.5GB
R6 [P3] entering Phase 3: seed_size=38055530 full_size=60728710
R2 [P3] allgather counts done: total_seed_size=146744628
R7 [P2→P3] GPU mem: 83.6GB free / 85.1GB total
R7 [P2→P3] Live allocations:
  full (TC(g^k) rev): 65705681 tuples = 0.5GB
  delta:              0 tuples = 0.0GB
  seed:               53523167 tuples = 0.4GB
R7 [P2→P3] Accounted: 1.0GB | Unaccounted: 0.5GB
R7 [P3] entering Phase 3: seed_size=53523167 full_size=65705681
R3 [P3] allgather counts done: total_seed_size=146744628
R4 [P3] allgather counts done: total_seed_size=146744628
R5 [P3] allgather counts done: total_seed_size=146744628
R6 [P3] allgather counts done: total_seed_size=146744628
R7 [P3] allgather counts done: total_seed_size=146744628
R6 [P3] allgatherv seeds done
R5 [P3] allgatherv seeds done
R4 [P3] allgatherv seeds done
R3 [P3] allgatherv seeds done
R2 [P3] allgatherv seeds done
R1 [P3] allgatherv seeds done
R0 [P3] allgatherv seeds done
R7 [P3] allgatherv seeds done
R7 [P3] seed HT built: total_seed_size=146744628 seed_ht_rows=268435456 | GPU mem: 81.5GB free
  Live: full=0.5GB + delta=0.0GB + seed=0.4GB + seed_ht=2.1GB = 3.1GB | used=3.6GB
R7 [P3] reversed full in place: full_size=65705681
R7 [P3] PRE-JOIN GPU mem: 81.5GB free / 85.1GB total | probe_size=65705681 seed_ht_rows=268435456
R6 [P3] seed HT built: total_seed_size=146744628 seed_ht_rows=268435456 | GPU mem: 81.7GB free
  Live: full=0.5GB + delta=0.0GB + seed=0.3GB + seed_ht=2.1GB = 2.9GB | used=3.4GB
R6 [P3] reversed full in place: full_size=60728710
R6 [P3] PRE-JOIN GPU mem: 81.7GB free / 85.1GB total | probe_size=60728710 seed_ht_rows=268435456
R1 [P3] seed HT built: total_seed_size=146744628 seed_ht_rows=268435456 | GPU mem: 82.0GB free
  Live: full=0.5GB + delta=0.0GB + seed=0.0GB + seed_ht=2.1GB = 2.7GB | used=3.1GB
R1 [P3] reversed full in place: full_size=65490215
R1 [P3] PRE-JOIN GPU mem: 82.0GB free / 85.1GB total | probe_size=65490215 seed_ht_rows=268435456
R5 [P3] seed HT built: total_seed_size=146744628 seed_ht_rows=268435456 | GPU mem: 81.8GB free
  Live: full=0.5GB + delta=0.0GB + seed=0.2GB + seed_ht=2.1GB = 2.9GB | used=3.3GB
R5 [P3] reversed full in place: full_size=63628864
R5 [P3] PRE-JOIN GPU mem: 81.8GB free / 85.1GB total | probe_size=63628864 seed_ht_rows=268435456
R3 [P3] seed HT built: total_seed_size=146744628 seed_ht_rows=268435456 | GPU mem: 81.9GB free
  Live: full=0.5GB + delta=0.0GB + seed=0.1GB + seed_ht=2.1GB = 2.7GB | used=3.2GB
R3 [P3] reversed full in place: full_size=61147307
R3 [P3] PRE-JOIN GPU mem: 81.9GB free / 85.1GB total | probe_size=61147307 seed_ht_rows=268435456
R2 [P3] seed HT built: total_seed_size=146744628 seed_ht_rows=268435456 | GPU mem: 82.0GB free
  Live: full=0.5GB + delta=0.0GB + seed=0.0GB + seed_ht=2.1GB = 2.7GB | used=3.1GB
R2 [P3] reversed full in place: full_size=61622374
R2 [P3] PRE-JOIN GPU mem: 82.0GB free / 85.1GB total | probe_size=61622374 seed_ht_rows=268435456
R0 [P3] seed HT built: total_seed_size=146744628 seed_ht_rows=268435456 | GPU mem: 82.0GB free
  Live: full=0.5GB + delta=0.0GB + seed=0.0GB + seed_ht=2.1GB = 2.7GB | used=3.1GB
R0 [P3] reversed full in place: full_size=62839207
R0 [P3] PRE-JOIN GPU mem: 82.0GB free / 85.1GB total | probe_size=62839207 seed_ht_rows=268435456
R4 [P3] seed HT built: total_seed_size=146744628 seed_ht_rows=268435456 | GPU mem: 81.9GB free
  Live: full=0.5GB + delta=0.0GB + seed=0.1GB + seed_ht=2.1GB = 2.8GB | used=3.2GB
R4 [P3] reversed full in place: full_size=60808971
R4 [P3] PRE-JOIN GPU mem: 81.9GB free / 85.1GB total | probe_size=60808971 seed_ht_rows=268435456
srun: forcing job termination
srun: got SIGCONT
R6 [P3] join raw=1552483960 -> kept=107526502 (14.4x collapse)
R6 [P3] join done: extended_size=107526502 (0.9GB) | GPU mem: 83.0GB free
R6 [P3] PRE-SPLIT GPU mem: 83.4GB free / 85.1GB total | extended_size=107526502 (0.9GB)
R6 [P3] extended sorted & copied to host, GPU freed: 84.3GB free
R3 [P3] join raw=1545900829 -> kept=107253827 (14.4x collapse)
R3 [P3] join done: extended_size=107253827 (0.9GB) | GPU mem: 83.2GB free
R3 [P3] PRE-SPLIT GPU mem: 83.7GB free / 85.1GB total | extended_size=107253827 (0.9GB)
srun: Job step aborted: Waiting up to 32 seconds for job step to finish.
[2026-10-02T20:12:47.062] error: *** STEP 59217963.7 ON nid008220 CANCELLED AT 2026-10-02T20:12:47 DUE to SIGNAL Killed ***
srun: error: nid008220: task 2: Killed
srun: Terminating StepId=59217963.7
srun: error: nid008417: tasks 5-6: Killed
srun: error: nid008417: tasks 4,7: Killed
srun: error: nid008220: tasks 0-1,3: Killed
